,0,1,2,3,4,5,6,7,8,9,10,11,12,13,14,15,16,17,18,19,20,21,22,23,24,25,26,27,28,29,30,31,32,Mean over,idx_corrected,idx_main,outputwImg,predictionwImg,gold_referencewImg,tagwImg,outputwoImg,predictionwoImg,gold_referencewoImg,tagwoImg
0,11.03725,11.114521,11.380069,11.446369,11.528011,11.890457,12.490126,13.61273,15.18542,17.285938,20.402622,25.130255,29.62948,33.288685,36.83013,41.690083,45.37679,48.413803,51.66,53.159058,54.937202,54.573788,55.64493,55.786934,56.85328,55.327206,57.38359,58.02204,59.955357,60.63297,61.24817,62.131252,49.777576,All tokens,654,765,"USER:  
 QUESTION: Is the dog on the left side of the car?
OPTIONS:
0: yes
1: no

Answer with the correct option from 0 to 1. Only provide the numeric and nothing else 


Answer:  ASSISTANT: 0",0,1,Spatial Relation,"USER:  
 QUESTION: Is the dog on the left side of the car?
OPTIONS:
0: yes
1: no

Answer with the correct option from 0 to 1. Only provide the numeric and nothing else 


Answer:  ASSISTANT:",10000,1,Spatial Relation
1,4.1744986,4.196177,4.41827,4.427707,4.4469643,4.5846415,4.798971,5.309091,5.995755,6.9438252,8.420918,10.85674,13.060005,15.213545,17.709131,20.510237,23.222813,25.003864,26.398632,27.56888,28.44928,28.707739,29.321587,29.811092,29.65569,28.741282,30.294369,30.809639,31.692095,32.01486,32.10026,32.717873,29.196829,All tokens,114,114,"USER:  
 QUESTION: How many birds are facing the right of frame?
OPTIONS:
0: 3
1: 2
2: 0
3: 1

Answer with the correct option from 0 to 3. Only provide the numeric and nothing else 


Answer:  ASSISTANT: 2",2,3,Counting,"USER:  
 QUESTION: How many birds are facing the right of frame?
OPTIONS:
0: 3
1: 2
2: 0
3: 1

Answer with the correct option from 0 to 3. Only provide the numeric and nothing else 


Answer:  ASSISTANT:",10000,3,Counting
2,12.001674,12.094942,12.441069,12.520527,12.628187,13.117155,13.851586,15.127764,17.243998,20.124157,24.324507,29.424843,33.881157,37.562428,40.182858,46.03784,49.62389,52.559532,55.829674,57.75275,59.654644,59.592922,61.29503,61.8298,62.877426,62.10237,64.88859,65.416756,67.28762,67.68039,67.99997,67.95595,51.58373,All tokens,25,25,"USER:  
 QUESTION: How many yellow buses are there?
OPTIONS:
0: 2
1: 0
2: 1
3: 3

Answer with the correct option from 0 to 3. Only provide the numeric and nothing else 


Answer:  ASSISTANT: 2",2,1,Counting,"USER:  
 QUESTION: How many yellow buses are there?
OPTIONS:
0: 2
1: 0
2: 1
3: 3

Answer with the correct option from 0 to 3. Only provide the numeric and nothing else 


Answer:  ASSISTANT:",10000,1,Counting
3,19.471094,19.633589,19.87008,20.197199,20.63417,21.663658,23.075193,24.931757,27.601147,31.097044,35.985947,41.64195,46.76795,50.542564,52.628773,59.787235,64.4307,67.61475,70.72348,71.73869,74.69521,74.38478,75.06724,74.81702,76.098595,74.875984,78.07783,79.157,82.24557,82.32957,82.764435,82.837166,63.4909,All tokens,281,281,"USER:  
 QUESTION: Which bounding box more accurately localizes and encloses the airplane?
OPTIONS:
0: Box A
1: Box B

Answer with the correct option from 0 to 1. Only provide the numeric and nothing else 


Answer:  ASSISTANT: 0",0,1,Object Localization,"USER:  
 QUESTION: Which bounding box more accurately localizes and encloses the airplane?
OPTIONS:
0: Box A
1: Box B

Answer with the correct option from 0 to 1. Only provide the numeric and nothing else 


Answer:  ASSISTANT:",10000,1,Object Localization
4,8.319158,8.383888,8.692819,8.793347,8.991595,9.547649,10.403891,11.883363,13.574745,16.037617,19.781416,25.33219,29.98147,34.136776,38.46149,43.33027,47.129314,50.047424,52.444374,54.999878,56.702156,57.64699,59.083027,59.57468,60.789036,59.252594,61.32734,61.49587,62.68945,61.88085,61.100334,61.452274,41.679787,All tokens,250,250,"USER:  
 QUESTION: Which one picture follows the same pattern or rule established by the previous pictures?
OPTIONS:
0: Picture A
1: Picture B
2: Picture C
3: Picture D

Answer with the correct option from 0 to 3. Only provide the numeric and nothing else 


Answer:  ASSISTANT: 0",0,0,IQ Test,"USER:  
 QUESTION: Which one picture follows the same pattern or rule established by the previous pictures?
OPTIONS:
0: Picture A
1: Picture B
2: Picture C
3: Picture D

Answer with the correct option from 0 to 3. Only provide the numeric and nothing else 


Answer:  ASSISTANT:",10000,0,IQ Test
5,9.522029,9.608928,9.7931595,9.890752,10.115197,10.77459,11.766342,13.487557,15.626756,18.50522,22.859941,28.748049,33.479782,37.44713,40.999577,45.998566,49.333103,51.44297,52.2021,53.723038,55.142307,55.066162,55.594032,54.86636,55.778343,53.45185,55.72919,55.310287,56.935947,56.48971,55.214584,55.571133,39.926807,All tokens,228,228,"USER:  
 QUESTION: Which one picture follows the same pattern or rule established by the previous pictures?
OPTIONS:
0: Picture A
1: Picture B
2: Picture C
3: Picture D

Answer with the correct option from 0 to 3. Only provide the numeric and nothing else 


Answer:  ASSISTANT: 0",0,1,IQ Test,"USER:  
 QUESTION: Which one picture follows the same pattern or rule established by the previous pictures?
OPTIONS:
0: Picture A
1: Picture B
2: Picture C
3: Picture D

Answer with the correct option from 0 to 3. Only provide the numeric and nothing else 


Answer:  ASSISTANT:",10000,1,IQ Test
6,4.890581,4.9191957,5.239092,5.268802,5.3352175,5.5725827,5.9526043,6.6965685,7.619623,9.042592,11.297393,14.845463,18.030123,21.036106,24.350868,28.115059,31.426916,34.169876,36.29958,38.290596,39.896736,41.02038,41.895,43.00743,44.126728,43.40956,45.324802,45.42086,46.580185,46.08959,45.36847,45.542152,32.71592,All tokens,142,142,"USER:  
 QUESTION: Which one picture follows the same pattern or rule established by the previous pictures?
OPTIONS:
0: Picture A
1: Picture B
2: Picture C
3: Picture D

Answer with the correct option from 0 to 3. Only provide the numeric and nothing else 


Answer:  ASSISTANT: 0",0,3,IQ Test,"USER:  
 QUESTION: Which one picture follows the same pattern or rule established by the previous pictures?
OPTIONS:
0: Picture A
1: Picture B
2: Picture C
3: Picture D

Answer with the correct option from 0 to 3. Only provide the numeric and nothing else 


Answer:  ASSISTANT:",10000,3,IQ Test
7,8.543858,8.605208,8.859241,8.878977,8.925835,9.19098,9.636706,10.5968075,11.985238,14.029706,17.198683,21.793737,25.895582,29.72199,33.810024,39.52532,44.22235,48.216583,51.536583,54.323227,56.892307,56.44041,57.782555,57.321186,58.601665,55.938793,58.379295,58.60597,60.25322,60.21887,59.95364,60.543415,47.958454,All tokens,104,104,"USER:  
 QUESTION: How many signs with arrows are in the picture?
OPTIONS:
0: 4
1: 1
2: 2
3: 3

Answer with the correct option from 0 to 3. Only provide the numeric and nothing else 


Answer:  ASSISTANT: 1",1,2,Counting,"USER:  
 QUESTION: How many signs with arrows are in the picture?
OPTIONS:
0: 4
1: 1
2: 2
3: 3

Answer with the correct option from 0 to 3. Only provide the numeric and nothing else 


Answer:  ASSISTANT:",10000,2,Counting
8,25.572153,25.867197,26.284342,27.146828,28.432875,30.899681,34.263763,37.530838,42.38025,47.290768,53.64918,57.90775,63.59009,67.212166,67.07175,75.86925,80.13684,83.33895,87.33013,90.408585,92.8164,91.762,93.181595,92.72497,92.69491,91.67108,95.34708,96.43407,99.71179,99.976456,100.634674,100.52006,76.95668,All tokens,558,600,"USER:  
 QUESTION: Consider the surface color (color without shading) of the two points in the image. Which one is darker, or the color is about the same?
OPTIONS:
0: A is darker
1: B is darker
2: About the same

Answer with the correct option from 0 to 2. Only provide the numeric and nothing else 


Answer:  ASSISTANT: 0",0,2,Relative Reflectance,"USER:  
 QUESTION: Consider the surface color (color without shading) of the two points in the image. Which one is darker, or the color is about the same?
OPTIONS:
0: A is darker
1: B is darker
2: About the same

Answer with the correct option from 0 to 2. Only provide the numeric and nothing else 


Answer:  ASSISTANT:",10000,2,Relative Reflectance
9,4.1776366,4.196283,4.4256964,4.4076595,4.3829107,4.4393525,4.5523252,4.893318,5.353982,6.090206,7.2598224,9.27626,11.25659,13.302909,15.93627,18.874638,22.01515,24.814962,27.149742,29.186432,30.686438,31.39689,32.487434,33.010185,33.71267,32.562077,33.99863,34.465973,35.334835,35.476738,35.555435,36.229225,30.557932,All tokens,89,89,"USER:  
 QUESTION: How many signs have black letters?
OPTIONS:
0: 2
1: 1
2: 4
3: 3

Answer with the correct option from 0 to 3. Only provide the numeric and nothing else 


Answer:  ASSISTANT: 3",3,0,Counting,"USER:  
 QUESTION: How many signs have black letters?
OPTIONS:
0: 2
1: 1
2: 4
3: 3

Answer with the correct option from 0 to 3. Only provide the numeric and nothing else 


Answer:  ASSISTANT:",10000,0,Counting
10,10.063271,10.145659,10.542397,10.635549,10.806844,11.318604,12.171664,13.4938,15.505829,18.298597,22.34246,27.179409,31.790539,35.721703,39.2677,44.97587,49.19248,52.1692,55.047752,57.130997,59.255756,59.310825,60.179317,59.64384,61.060402,58.800037,62.40322,62.985935,65.222496,65.0522,65.11749,65.68103,53.9078,All tokens,604,646,"USER:  
 QUESTION: Consider the surface color (color without shading) of the two points in the image. Which one is darker, or the color is about the same?
OPTIONS:
0: A is darker
1: B is darker
2: About the same

Answer with the correct option from 0 to 2. Only provide the numeric and nothing else 


Answer:  ASSISTANT: 0",0,0,Relative Reflectance,"USER:  
 QUESTION: Consider the surface color (color without shading) of the two points in the image. Which one is darker, or the color is about the same?
OPTIONS:
0: A is darker
1: B is darker
2: About the same

Answer with the correct option from 0 to 2. Only provide the numeric and nothing else 


Answer:  ASSISTANT:",10000,0,Relative Reflectance
11,9.844467,9.923213,10.219551,10.341999,10.557023,11.158686,11.983852,13.555746,15.616431,18.514692,22.663551,27.867643,32.05417,35.786415,38.809624,43.768066,47.32466,49.589,52.030056,53.921703,55.588814,54.874653,55.72738,54.64146,54.23964,53.21181,55.822247,55.947647,57.704357,58.159096,58.184124,59.368034,47.485325,All tokens,432,454,"USER:  
 QUESTION: Which point is closer to the camera?
OPTIONS:
0: A is closer
1: B is closer

Answer with the correct option from 0 to 1. Only provide the numeric and nothing else 


Answer:  ASSISTANT: 0",0,0,Relative Depth,"USER:  
 QUESTION: Which point is closer to the camera?
OPTIONS:
0: A is closer
1: B is closer

Answer with the correct option from 0 to 1. Only provide the numeric and nothing else 


Answer:  ASSISTANT:",10000,0,Relative Depth
12,11.087687,11.169587,11.500427,11.580851,11.744642,12.263719,13.011845,14.376495,16.304882,18.822077,22.638277,27.447763,31.624226,34.964184,37.495243,42.474354,46.07067,48.723423,49.313744,51.2754,53.493202,52.997414,54.132942,53.410206,54.751137,53.124485,55.582,56.445988,58.23955,58.641968,58.60161,59.12993,47.43827,All tokens,32,32,"USER:  
 QUESTION: How many white pillows are in this image?
OPTIONS:
0: 5
1: 3
2: 4
3: 6

Answer with the correct option from 0 to 3. Only provide the numeric and nothing else 


Answer:  ASSISTANT: 3",3,2,Counting,"USER:  
 QUESTION: How many white pillows are in this image?
OPTIONS:
0: 5
1: 3
2: 4
3: 6

Answer with the correct option from 0 to 3. Only provide the numeric and nothing else 


Answer:  ASSISTANT:",10000,2,Counting
13,7.1667323,7.2210894,7.6015325,7.62166,7.6562624,7.921666,8.402025,9.29064,10.64633,12.647808,15.666799,19.551874,23.096174,26.169224,28.836527,32.87216,35.70085,37.727364,39.859566,41.03602,41.932377,41.891136,42.35462,42.722336,43.618576,42.913605,45.236526,45.39696,46.389175,46.605553,46.588448,46.78372,36.716473,All tokens,30,30,"USER:  
 QUESTION: How many green train carts are in the picture?
OPTIONS:
0: 1
1: 0
2: 3
3: 2

Answer with the correct option from 0 to 3. Only provide the numeric and nothing else 


Answer:  ASSISTANT: 3",3,0,Counting,"USER:  
 QUESTION: How many green train carts are in the picture?
OPTIONS:
0: 1
1: 0
2: 3
3: 2

Answer with the correct option from 0 to 3. Only provide the numeric and nothing else 


Answer:  ASSISTANT:",10000,0,Counting
14,4.960115,4.991256,5.2726164,5.2712483,5.279945,5.449829,5.700217,6.322761,7.1047087,8.265834,10.073345,12.839911,15.251583,17.555029,19.98653,23.044897,25.619497,27.66246,29.311712,30.639256,31.782907,31.984577,32.4521,32.98331,33.718376,33.125443,34.56641,34.93669,35.848213,36.06635,36.05371,36.640114,31.761038,All tokens,95,95,"USER:  
 QUESTION: How many sinking boats are there?
OPTIONS:
0: 3
1: 2
2: 1
3: 0

Answer with the correct option from 0 to 3. Only provide the numeric and nothing else 


Answer:  ASSISTANT: 0",0,3,Counting,"USER:  
 QUESTION: How many sinking boats are there?
OPTIONS:
0: 3
1: 2
2: 1
3: 0

Answer with the correct option from 0 to 3. Only provide the numeric and nothing else 


Answer:  ASSISTANT:",10000,3,Counting
15,6.1103077,6.1540837,6.425968,6.4964566,6.618552,6.998982,7.5835996,8.697562,10.071173,12.029589,14.990183,19.490316,23.386154,26.969673,30.786482,34.98813,38.269196,40.65266,42.1137,43.63804,44.55333,44.758217,45.88279,45.687183,46.425846,45.135498,47.04301,46.877136,48.132706,47.7845,47.245407,47.943554,36.890244,All tokens,223,223,"USER:  
 QUESTION: Which one picture follows the same pattern or rule established by the previous pictures?
OPTIONS:
0: Picture A
1: Picture B
2: Picture C
3: Picture D

Answer with the correct option from 0 to 3. Only provide the numeric and nothing else 


Answer:  ASSISTANT: 0",0,3,IQ Test,"USER:  
 QUESTION: Which one picture follows the same pattern or rule established by the previous pictures?
OPTIONS:
0: Picture A
1: Picture B
2: Picture C
3: Picture D

Answer with the correct option from 0 to 3. Only provide the numeric and nothing else 


Answer:  ASSISTANT:",10000,3,IQ Test
16,5.0891423,5.118725,5.45557,5.4779415,5.5324845,5.7649236,6.1446486,6.894892,7.807529,9.08565,11.125144,14.484025,17.60122,20.79532,24.407152,28.486767,32.174908,35.575542,37.944748,40.283566,42.16347,43.10216,44.220516,44.937607,46.09303,44.40498,46.094646,46.432495,47.68984,47.559143,47.198776,47.758667,35.01384,All tokens,238,238,"USER:  
 QUESTION: Which one picture follows the same pattern or rule established by the previous pictures?
OPTIONS:
0: Picture A
1: Picture B
2: Picture C
3: Picture D

Answer with the correct option from 0 to 3. Only provide the numeric and nothing else 


Answer:  ASSISTANT: 0",0,2,IQ Test,"USER:  
 QUESTION: Which one picture follows the same pattern or rule established by the previous pictures?
OPTIONS:
0: Picture A
1: Picture B
2: Picture C
3: Picture D

Answer with the correct option from 0 to 3. Only provide the numeric and nothing else 


Answer:  ASSISTANT:",10000,2,IQ Test
17,15.943687,16.128239,16.338905,16.689964,17.269217,18.540932,20.41302,22.996758,26.480478,30.850956,36.40221,41.560726,46.82261,51.15339,54.033604,60.314484,64.25833,65.74009,67.99935,68.49922,70.616455,69.132164,68.02948,66.16222,67.24195,65.14579,68.023476,68.73759,71.14964,71.183914,71.54295,72.78837,59.849472,All tokens,517,559,"USER:  
 QUESTION: Consider the surface color (color without shading) of the two points in the image. Which one is darker, or the color is about the same?
OPTIONS:
0: A is darker
1: B is darker
2: About the same

Answer with the correct option from 0 to 2. Only provide the numeric and nothing else 


Answer:  ASSISTANT: 0",0,2,Relative Reflectance,"USER:  
 QUESTION: Consider the surface color (color without shading) of the two points in the image. Which one is darker, or the color is about the same?
OPTIONS:
0: A is darker
1: B is darker
2: About the same

Answer with the correct option from 0 to 2. Only provide the numeric and nothing else 


Answer:  ASSISTANT:",10000,2,Relative Reflectance
18,14.77415,14.888306,15.194375,15.402938,15.734936,16.525406,17.594711,19.164602,21.608248,24.718166,29.038424,34.469925,39.40002,43.45365,46.199036,52.943253,57.99339,62.04486,65.939865,69.435875,72.85407,74.810844,75.11558,77.14023,79.85986,79.21531,83.54812,84.39106,87.718895,88.30319,88.97858,89.75948,66.07832,All tokens,616,673,"USER:  
 QUESTION: Is the motorcycle at the left side of the train?
OPTIONS:
0: yes
1: no

Answer with the correct option from 0 to 1. Only provide the numeric and nothing else 


Answer:  ASSISTANT: 0",0,1,Spatial Relation,"USER:  
 QUESTION: Is the motorcycle at the left side of the train?
OPTIONS:
0: yes
1: no

Answer with the correct option from 0 to 1. Only provide the numeric and nothing else 


Answer:  ASSISTANT:",10000,1,Spatial Relation
19,27.142487,27.378576,27.778593,28.425182,29.397005,31.230236,33.730858,36.3946,40.250473,44.69662,50.315372,54.912323,59.933952,63.443264,63.21822,69.83832,74.116264,76.508286,81.05351,83.29766,85.81724,85.94685,87.32534,87.40791,89.08705,88.44006,92.66243,93.96663,97.02899,96.627335,96.86169,96.54638,70.202324,All tokens,27,27,"USER:  
 QUESTION: How many people are sitting on the bed?
OPTIONS:
0: 3
1: 1
2: 2
3: 0

Answer with the correct option from 0 to 3. Only provide the numeric and nothing else 


Answer:  ASSISTANT: 2",2,1,Counting,"USER:  
 QUESTION: How many people are sitting on the bed?
OPTIONS:
0: 3
1: 1
2: 2
3: 0

Answer with the correct option from 0 to 3. Only provide the numeric and nothing else 


Answer:  ASSISTANT:",10000,1,Counting
20,30.659334,31.04711,31.572403,32.692265,34.3588,37.432224,41.776665,45.988136,51.716465,57.31925,63.732346,67.39857,73.3474,77.21815,76.54689,85.606964,89.8384,92.58496,96.76258,99.04113,102.7998,101.81359,101.79239,101.10807,102.90907,101.27337,105.376625,106.19379,110.469986,110.61409,111.508934,111.81701,85.508026,All tokens,574,616,"USER:  
 QUESTION: Consider the surface color (color without shading) of the two points in the image. Which one is darker, or the color is about the same?
OPTIONS:
0: A is darker
1: B is darker
2: About the same

Answer with the correct option from 0 to 2. Only provide the numeric and nothing else 


Answer:  ASSISTANT: 0",0,1,Relative Reflectance,"USER:  
 QUESTION: Consider the surface color (color without shading) of the two points in the image. Which one is darker, or the color is about the same?
OPTIONS:
0: A is darker
1: B is darker
2: About the same

Answer with the correct option from 0 to 2. Only provide the numeric and nothing else 


Answer:  ASSISTANT:",10000,1,Relative Reflectance
21,6.1935196,6.237322,6.534863,6.553238,6.6328177,6.9422956,7.434153,8.362071,9.684292,11.588071,14.533155,18.961044,22.736298,26.218092,30.104109,34.350475,37.879196,40.43924,42.624554,44.518513,46.092777,46.311718,47.36023,48.365406,49.535248,49.108654,50.68116,50.478733,51.6366,51.08465,50.26275,50.82622,39.485485,All tokens,203,203,"USER:  
 QUESTION: Which one picture follows the same pattern or rule established by the previous pictures?
OPTIONS:
0: Picture A
1: Picture B
2: Picture C
3: Picture D

Answer with the correct option from 0 to 3. Only provide the numeric and nothing else 


Answer:  ASSISTANT: 0",0,1,IQ Test,"USER:  
 QUESTION: Which one picture follows the same pattern or rule established by the previous pictures?
OPTIONS:
0: Picture A
1: Picture B
2: Picture C
3: Picture D

Answer with the correct option from 0 to 3. Only provide the numeric and nothing else 


Answer:  ASSISTANT:",10000,1,IQ Test
22,4.4957643,4.5176973,4.7714643,4.766481,4.783382,4.9385633,5.1747136,5.7096415,6.3870387,7.4048047,9.05006,11.672504,14.2205305,16.466503,19.171392,22.510832,25.377687,27.896128,29.935604,31.312952,32.455963,32.83977,33.55634,34.160736,35.0549,34.038944,35.678524,36.04435,37.143364,37.158806,37.33888,37.93714,33.20814,All tokens,665,788,"USER:  
 QUESTION: Is the person facing the frisbee?
OPTIONS:
0: yes
1: no

Answer with the correct option from 0 to 1. Only provide the numeric and nothing else 


Answer:  ASSISTANT: 0",0,1,Spatial Relation,"USER:  
 QUESTION: Is the person facing the frisbee?
OPTIONS:
0: yes
1: no

Answer with the correct option from 0 to 1. Only provide the numeric and nothing else 


Answer:  ASSISTANT:",10000,1,Spatial Relation
23,19.205183,19.361229,19.61978,19.90359,20.340395,21.39467,22.926018,24.85352,27.38118,30.726269,35.685715,41.40316,46.574856,50.811005,53.240974,60.173656,64.5728,67.34694,69.86854,72.31373,74.524055,71.857765,73.13014,71.398415,72.54173,70.63737,74.34084,75.87063,78.50198,78.49361,79.32957,79.674774,59.667473,All tokens,429,451,"USER:  
 QUESTION: Which point is closer to the camera?
OPTIONS:
0: A is closer
1: B is closer

Answer with the correct option from 0 to 1. Only provide the numeric and nothing else 


Answer:  ASSISTANT: 0",0,0,Relative Depth,"USER:  
 QUESTION: Which point is closer to the camera?
OPTIONS:
0: A is closer
1: B is closer

Answer with the correct option from 0 to 1. Only provide the numeric and nothing else 


Answer:  ASSISTANT:",10000,0,Relative Depth
24,4.977482,5.0055346,5.296821,5.319532,5.378432,5.6102624,5.9622207,6.6649323,7.50271,8.817232,10.865213,14.247604,17.2188,20.247183,23.708582,27.571619,31.049683,33.877407,35.85494,37.654533,39.160725,39.72674,40.874287,41.952827,42.701614,41.069668,42.936928,43.017918,44.23155,43.86194,43.405575,43.644573,34.686646,All tokens,225,225,"USER:  
 QUESTION: Which one picture follows the same pattern or rule established by the previous pictures?
OPTIONS:
0: Picture A
1: Picture B
2: Picture C
3: Picture D

Answer with the correct option from 0 to 3. Only provide the numeric and nothing else 


Answer:  ASSISTANT: 0",0,0,IQ Test,"USER:  
 QUESTION: Which one picture follows the same pattern or rule established by the previous pictures?
OPTIONS:
0: Picture A
1: Picture B
2: Picture C
3: Picture D

Answer with the correct option from 0 to 3. Only provide the numeric and nothing else 


Answer:  ASSISTANT:",10000,0,IQ Test
25,18.511972,18.667393,18.81041,19.149334,19.61491,20.781801,22.300726,23.763624,26.762455,30.854103,36.616142,42.08116,47.423435,51.35553,53.171597,61.250042,66.11895,69.09859,73.13007,76.308624,78.90334,79.0096,77.80113,77.53016,79.56699,78.41062,82.371315,83.81917,87.17694,87.49786,88.29911,88.23661,70.427536,All tokens,459,496,"USER:  
 QUESTION: Which point is closer to the camera?
OPTIONS:
0: A is closer
1: B is closer

Answer with the correct option from 0 to 1. Only provide the numeric and nothing else 


Answer:  ASSISTANT: 0",0,0,Relative Depth,"USER:  
 QUESTION: Which point is closer to the camera?
OPTIONS:
0: A is closer
1: B is closer

Answer with the correct option from 0 to 1. Only provide the numeric and nothing else 


Answer:  ASSISTANT:",10000,0,Relative Depth
26,22.417177,22.661694,22.862423,23.527851,24.459707,26.359404,28.972363,32.074005,36.147278,41.040276,47.15476,53.11173,58.55829,62.600735,64.10898,71.879295,75.90898,78.46834,82.509254,84.72912,87.59776,87.65254,89.13443,88.22715,90.490105,89.12925,93.29656,93.51276,96.46548,96.267296,96.53234,95.75559,71.03015,All tokens,603,645,"USER:  
 QUESTION: Consider the surface color (color without shading) of the two points in the image. Which one is darker, or the color is about the same?
OPTIONS:
0: A is darker
1: B is darker
2: About the same

Answer with the correct option from 0 to 2. Only provide the numeric and nothing else 


Answer:  ASSISTANT: 0",0,0,Relative Reflectance,"USER:  
 QUESTION: Consider the surface color (color without shading) of the two points in the image. Which one is darker, or the color is about the same?
OPTIONS:
0: A is darker
1: B is darker
2: About the same

Answer with the correct option from 0 to 2. Only provide the numeric and nothing else 


Answer:  ASSISTANT:",10000,0,Relative Reflectance
27,11.97919,12.065256,12.408942,12.5441,12.70869,13.208832,14.025746,15.273806,17.138386,19.731024,23.220255,28.04302,32.441494,36.3072,39.203632,44.4941,48.632225,51.40445,53.5851,53.776554,56.133793,56.068203,56.89155,57.664497,58.775536,57.732864,60.444324,61.168083,63.09343,63.053963,63.11795,63.816185,47.923954,All tokens,284,284,"USER:  
 QUESTION: Which bounding box more accurately localizes and encloses the horse?
OPTIONS:
0: Box A
1: Box B

Answer with the correct option from 0 to 1. Only provide the numeric and nothing else 


Answer:  ASSISTANT: 0",0,1,Object Localization,"USER:  
 QUESTION: Which bounding box more accurately localizes and encloses the horse?
OPTIONS:
0: Box A
1: Box B

Answer with the correct option from 0 to 1. Only provide the numeric and nothing else 


Answer:  ASSISTANT:",10000,1,Object Localization
28,8.953338,9.014088,9.302949,9.32803,9.344702,9.581934,10.007905,10.613482,11.888241,13.867108,17.143242,21.15878,25.02676,28.419544,31.840534,36.938683,41.70718,45.347088,48.783543,51.712112,54.593323,55.701447,57.371742,57.138454,58.569675,57.404697,60.755196,61.208023,63.7125,64.04372,63.72784,63.722103,49.568783,All tokens,6,6,"USER:  
 QUESTION: How many baseball players are looking towards the camera?
OPTIONS:
0: 3
1: 2
2: 1
3: 0

Answer with the correct option from 0 to 3. Only provide the numeric and nothing else 


Answer:  ASSISTANT: 2",2,2,Counting,"USER:  
 QUESTION: How many baseball players are looking towards the camera?
OPTIONS:
0: 3
1: 2
2: 1
3: 0

Answer with the correct option from 0 to 3. Only provide the numeric and nothing else 


Answer:  ASSISTANT:",10000,2,Counting
29,13.322492,13.451025,13.420842,13.580759,13.8972645,14.777398,16.046125,18.051207,20.54737,23.885262,29.173958,35.724472,40.763515,45.120346,49.33395,55.405426,60.07787,63.731007,66.58267,69.716576,72.28994,73.09734,74.892975,75.387856,76.718124,74.19034,76.725914,76.51251,78.20067,76.655846,75.21582,74.68417,54.524223,All tokens,163,163,"USER:  
 QUESTION: Which one picture follows the same pattern or rule established by the previous pictures?
OPTIONS:
0: Picture A
1: Picture B
2: Picture C
3: Picture D

Answer with the correct option from 0 to 3. Only provide the numeric and nothing else 


Answer:  ASSISTANT: 0",0,2,IQ Test,"USER:  
 QUESTION: Which one picture follows the same pattern or rule established by the previous pictures?
OPTIONS:
0: Picture A
1: Picture B
2: Picture C
3: Picture D

Answer with the correct option from 0 to 3. Only provide the numeric and nothing else 


Answer:  ASSISTANT:",10000,2,IQ Test
30,9.20066,9.264573,9.545514,9.608232,9.685016,10.014552,10.532046,11.561146,13.107739,15.089294,17.913431,22.070309,25.777435,29.172857,32.413513,37.217392,41.200073,43.891685,46.048576,48.215042,50.585545,51.273575,52.890873,53.047253,54.25683,53.332527,55.646656,56.402668,58.13877,58.22778,58.217175,58.36112,44.992416,All tokens,348,348,"USER:  
 QUESTION: Which bounding box more accurately localizes and encloses the nightshirt?
OPTIONS:
0: Box A
1: Box B

Answer with the correct option from 0 to 1. Only provide the numeric and nothing else 


Answer:  ASSISTANT: 0",0,1,Object Localization,"USER:  
 QUESTION: Which bounding box more accurately localizes and encloses the nightshirt?
OPTIONS:
0: Box A
1: Box B

Answer with the correct option from 0 to 1. Only provide the numeric and nothing else 


Answer:  ASSISTANT:",10000,1,Object Localization
31,4.6309366,4.656086,5.002833,5.0330873,5.086503,5.281679,5.6061816,6.230762,7.048681,8.303679,10.202505,13.161916,15.9615,18.95079,22.369308,26.04819,29.548883,32.735622,35.024204,37.095364,38.76925,39.683685,40.718174,41.708843,42.711174,41.71266,43.067875,43.14272,44.0527,43.677517,43.289833,43.586487,31.550611,All tokens,159,159,"USER:  
 QUESTION: Which one picture follows the same pattern or rule established by the previous pictures?
OPTIONS:
0: Picture A
1: Picture B
2: Picture C
3: Picture D

Answer with the correct option from 0 to 3. Only provide the numeric and nothing else 


Answer:  ASSISTANT: 0",0,3,IQ Test,"USER:  
 QUESTION: Which one picture follows the same pattern or rule established by the previous pictures?
OPTIONS:
0: Picture A
1: Picture B
2: Picture C
3: Picture D

Answer with the correct option from 0 to 3. Only provide the numeric and nothing else 


Answer:  ASSISTANT:",10000,3,IQ Test
32,5.3653555,5.3964725,5.66763,5.7040615,5.771732,6.044783,6.463083,7.2631536,8.220717,9.651766,11.774669,15.125644,18.26737,21.423306,24.731588,28.534302,32.051723,34.7577,36.78658,38.344433,39.672096,40.300465,41.458534,42.45734,43.625305,42.369335,44.082607,44.018837,45.278454,45.15992,44.79509,45.390076,35.719852,All tokens,220,220,"USER:  
 QUESTION: Which one picture follows the same pattern or rule established by the previous pictures?
OPTIONS:
0: Picture A
1: Picture B
2: Picture C
3: Picture D

Answer with the correct option from 0 to 3. Only provide the numeric and nothing else 


Answer:  ASSISTANT: 0",0,3,IQ Test,"USER:  
 QUESTION: Which one picture follows the same pattern or rule established by the previous pictures?
OPTIONS:
0: Picture A
1: Picture B
2: Picture C
3: Picture D

Answer with the correct option from 0 to 3. Only provide the numeric and nothing else 


Answer:  ASSISTANT:",10000,3,IQ Test
33,7.1397862,7.186407,7.5275702,7.5463448,7.6047897,7.896078,8.310824,9.2048645,10.433052,12.237204,14.903577,18.774296,22.587656,25.842306,29.074276,33.633614,37.4696,40.51134,42.835182,44.538013,46.385548,46.725487,48.02887,48.358074,49.05548,47.864155,49.570934,49.957058,51.514328,51.565826,51.71722,52.18536,44.492653,All tokens,344,344,"USER:  
 QUESTION: Which bounding box more accurately localizes and encloses the tablecloth?
OPTIONS:
0: Box A
1: Box B

Answer with the correct option from 0 to 1. Only provide the numeric and nothing else 


Answer:  ASSISTANT: 0",0,0,Object Localization,"USER:  
 QUESTION: Which bounding box more accurately localizes and encloses the tablecloth?
OPTIONS:
0: Box A
1: Box B

Answer with the correct option from 0 to 1. Only provide the numeric and nothing else 


Answer:  ASSISTANT:",10000,0,Object Localization
34,6.9110284,6.948713,7.251392,7.2909155,7.3336935,7.5108767,7.8001075,8.362897,9.164472,10.365362,12.191611,15.231383,18.101225,20.497633,23.174631,26.73412,30.018456,32.929905,35.333767,37.251575,38.88498,39.30562,40.285816,40.747154,41.35402,40.529446,42.46139,43.02947,44.299175,44.45884,44.444,44.428383,37.133163,All tokens,94,94,"USER:  
 QUESTION: How many people without hats are there?
OPTIONS:
0: 0
1: 3
2: 1
3: 2

Answer with the correct option from 0 to 3. Only provide the numeric and nothing else 


Answer:  ASSISTANT: 3",3,0,Counting,"USER:  
 QUESTION: How many people without hats are there?
OPTIONS:
0: 0
1: 3
2: 1
3: 2

Answer with the correct option from 0 to 3. Only provide the numeric and nothing else 


Answer:  ASSISTANT:",10000,0,Counting
35,21.690378,21.87228,22.371393,22.83704,23.516834,24.867945,26.830425,29.120413,32.393265,36.10467,41.301136,46.61718,51.66421,55.27185,56.588036,63.774662,67.45496,70.1223,73.04605,75.11898,76.57993,75.849205,77.36114,76.12941,77.01527,76.80003,79.827614,80.80681,83.28539,83.46401,83.73917,84.0991,67.38125,All tokens,389,389,"USER:  
 QUESTION: Which bounding box more accurately localizes and encloses the chair?
OPTIONS:
0: Box A
1: Box B

Answer with the correct option from 0 to 1. Only provide the numeric and nothing else 


Answer:  ASSISTANT: 0",0,0,Object Localization,"USER:  
 QUESTION: Which bounding box more accurately localizes and encloses the chair?
OPTIONS:
0: Box A
1: Box B

Answer with the correct option from 0 to 1. Only provide the numeric and nothing else 


Answer:  ASSISTANT:",10000,0,Object Localization
36,10.998352,11.096967,11.3635845,11.4288645,11.570479,12.087721,12.869503,14.169228,16.1403,18.905481,23.213518,28.079603,32.702507,36.21864,39.27704,44.258953,47.762062,50.164352,52.266747,53.054714,55.018707,54.603462,53.950817,52.83864,53.514214,51.67098,54.11085,54.681263,56.82523,57.049572,57.270588,58.217285,50.16537,All tokens,99,99,"USER:  
 QUESTION: How many white fridges are there in the image ?
OPTIONS:
0: 3
1: 2
2: 0
3: 1

Answer with the correct option from 0 to 3. Only provide the numeric and nothing else 


Answer:  ASSISTANT: 2",2,3,Counting,"USER:  
 QUESTION: How many white fridges are there in the image ?
OPTIONS:
0: 3
1: 2
2: 0
3: 1

Answer with the correct option from 0 to 3. Only provide the numeric and nothing else 


Answer:  ASSISTANT:",10000,3,Counting
37,23.443077,23.692825,23.734198,24.288956,25.122578,26.80862,29.056873,31.805956,35.748104,40.32294,46.312218,51.828297,57.703835,61.642212,62.524952,69.667564,72.79493,75.02981,78.05839,79.99715,81.58658,82.08003,84.22937,84.142265,85.54661,84.960495,86.87724,87.52695,90.20916,89.91567,89.920685,90.07669,64.45092,All tokens,367,367,"USER:  
 QUESTION: Which bounding box more accurately localizes and encloses the computer keyboard?
OPTIONS:
0: Box A
1: Box B

Answer with the correct option from 0 to 1. Only provide the numeric and nothing else 


Answer:  ASSISTANT: 0",0,0,Object Localization,"USER:  
 QUESTION: Which bounding box more accurately localizes and encloses the computer keyboard?
OPTIONS:
0: Box A
1: Box B

Answer with the correct option from 0 to 1. Only provide the numeric and nothing else 


Answer:  ASSISTANT:",10000,0,Object Localization
38,10.423466,10.487586,10.758492,10.782673,10.850295,11.199947,11.717418,12.713883,14.125194,16.06176,18.907001,22.92856,26.549618,29.928032,33.258743,37.91795,42.1774,45.938187,48.726723,51.287636,53.675716,54.325035,55.774277,56.34533,57.29733,56.35928,59.559032,59.790314,61.92569,60.86091,60.868572,61.69026,51.300415,All tokens,352,352,"USER:  
 QUESTION: Which bounding box more accurately localizes and encloses the control?
OPTIONS:
0: Box A
1: Box B

Answer with the correct option from 0 to 1. Only provide the numeric and nothing else 


Answer:  ASSISTANT: 0",0,1,Object Localization,"USER:  
 QUESTION: Which bounding box more accurately localizes and encloses the control?
OPTIONS:
0: Box A
1: Box B

Answer with the correct option from 0 to 1. Only provide the numeric and nothing else 


Answer:  ASSISTANT:",10000,1,Object Localization
39,15.399109,15.532446,15.772736,16.024792,16.4306,17.340036,18.613068,20.517853,23.338179,27.046171,32.052155,37.58362,42.82594,46.644722,49.109913,55.366787,59.247196,61.18602,64.133316,65.389725,68.36883,66.52295,66.237885,64.145424,64.85036,63.15287,65.00808,66.27112,68.6773,69.27122,69.638435,70.84465,55.67529,All tokens,618,677,"USER:  
 QUESTION: Does the car contain the donut?
OPTIONS:
0: yes
1: no

Answer with the correct option from 0 to 1. Only provide the numeric and nothing else 


Answer:  ASSISTANT: 0",0,0,Spatial Relation,"USER:  
 QUESTION: Does the car contain the donut?
OPTIONS:
0: yes
1: no

Answer with the correct option from 0 to 1. Only provide the numeric and nothing else 


Answer:  ASSISTANT:",10000,0,Spatial Relation
40,19.93057,20.10068,20.540579,21.006647,21.614878,22.883326,24.63485,26.65388,29.849182,33.584007,38.521423,43.627094,48.47781,52.416737,54.529816,61.83502,66.71994,69.83216,73.60597,76.41123,79.460754,79.32621,81.01797,81.90593,83.63286,81.021484,85.22854,85.82362,88.64006,87.884605,88.30703,88.99848,67.81355,All tokens,270,270,"USER:  
 QUESTION: Which bounding box more accurately localizes and encloses the fireplug?
OPTIONS:
0: Box A
1: Box B

Answer with the correct option from 0 to 1. Only provide the numeric and nothing else 


Answer:  ASSISTANT: 0",0,0,Object Localization,"USER:  
 QUESTION: Which bounding box more accurately localizes and encloses the fireplug?
OPTIONS:
0: Box A
1: Box B

Answer with the correct option from 0 to 1. Only provide the numeric and nothing else 


Answer:  ASSISTANT:",10000,0,Object Localization
41,11.593263,11.689612,11.917612,11.974241,12.055741,12.48692,13.129556,14.315616,16.260473,19.111496,23.441113,28.968142,33.775143,38.191444,41.99439,49.127934,54.04498,58.21928,62.363514,65.41074,68.70845,67.906456,69.85508,68.64093,70.724396,70.02192,73.62429,74.39198,77.12968,77.66677,78.24126,78.67144,58.374565,All tokens,44,44,"USER:  
 QUESTION: How many motors are driving near the bus?
OPTIONS:
0: 0
1: 2
2: 3
3: 1

Answer with the correct option from 0 to 3. Only provide the numeric and nothing else 


Answer:  ASSISTANT: 1",1,0,Counting,"USER:  
 QUESTION: How many motors are driving near the bus?
OPTIONS:
0: 0
1: 2
2: 3
3: 1

Answer with the correct option from 0 to 3. Only provide the numeric and nothing else 


Answer:  ASSISTANT:",10000,0,Counting
42,20.987457,21.162834,21.551252,21.935694,22.376818,23.420973,25.058733,26.95875,29.817533,33.7431,38.956543,44.11006,48.98045,52.330315,54.03148,60.544075,63.959305,65.48002,68.74414,70.39004,71.693214,71.647964,72.53571,72.82812,74.13139,73.30446,76.14756,76.623474,79.00228,78.96651,79.33767,78.714485,59.530865,All tokens,470,509,"USER:  
 QUESTION: Which point is closer to the camera?
OPTIONS:
0: A is closer
1: B is closer

Answer with the correct option from 0 to 1. Only provide the numeric and nothing else 


Answer:  ASSISTANT: 0",0,0,Relative Depth,"USER:  
 QUESTION: Which point is closer to the camera?
OPTIONS:
0: A is closer
1: B is closer

Answer with the correct option from 0 to 1. Only provide the numeric and nothing else 


Answer:  ASSISTANT:",10000,0,Relative Depth
43,17.476707,17.667776,18.06706,18.474188,19.101393,20.593113,22.775103,25.283268,29.075972,33.70083,40.08954,46.119446,52.0533,56.401913,58.071617,65.480484,68.93548,71.53954,74.116295,75.15354,77.047775,75.04139,76.176834,76.479614,75.44136,73.78088,77.13766,77.575424,80.306984,80.54318,81.01484,82.28044,67.38472,All tokens,549,591,"USER:  
 QUESTION: Consider the surface color (color without shading) of the two points in the image. Which one is darker, or the color is about the same?
OPTIONS:
0: A is darker
1: B is darker
2: About the same

Answer with the correct option from 0 to 2. Only provide the numeric and nothing else 


Answer:  ASSISTANT: 0",0,1,Relative Reflectance,"USER:  
 QUESTION: Consider the surface color (color without shading) of the two points in the image. Which one is darker, or the color is about the same?
OPTIONS:
0: A is darker
1: B is darker
2: About the same

Answer with the correct option from 0 to 2. Only provide the numeric and nothing else 


Answer:  ASSISTANT:",10000,1,Relative Reflectance
44,8.74784,8.818952,8.995927,9.046698,9.1936035,9.654647,10.346023,11.66287,13.326692,15.6643,19.401537,24.912186,29.192228,33.018806,36.895626,41.328964,44.950516,47.802185,49.65544,52.088394,52.85801,53.78545,54.930237,54.955933,56.576595,55.309,57.95604,57.451714,58.753002,58.04717,56.71922,57.148323,43.300064,All tokens,127,127,"USER:  
 QUESTION: Which one picture follows the same pattern or rule established by the previous pictures?
OPTIONS:
0: Picture A
1: Picture B
2: Picture C
3: Picture D

Answer with the correct option from 0 to 3. Only provide the numeric and nothing else 


Answer:  ASSISTANT: 0",0,1,IQ Test,"USER:  
 QUESTION: Which one picture follows the same pattern or rule established by the previous pictures?
OPTIONS:
0: Picture A
1: Picture B
2: Picture C
3: Picture D

Answer with the correct option from 0 to 3. Only provide the numeric and nothing else 


Answer:  ASSISTANT:",10000,1,IQ Test
45,9.897293,9.963303,10.218117,10.259997,10.347913,10.701019,11.248378,12.343818,13.853116,16.001328,18.95039,23.110264,26.746353,30.074804,33.141556,37.684826,41.72994,44.65246,46.376785,48.331886,50.233837,49.16407,49.933865,50.36255,51.19226,48.988285,51.078926,51.67796,53.464138,54.107872,54.278736,55.08123,48.82998,All tokens,387,387,"USER:  
 QUESTION: Which bounding box more accurately localizes and encloses the shower curtain?
OPTIONS:
0: Box A
1: Box B

Answer with the correct option from 0 to 1. Only provide the numeric and nothing else 


Answer:  ASSISTANT: 0",0,1,Object Localization,"USER:  
 QUESTION: Which bounding box more accurately localizes and encloses the shower curtain?
OPTIONS:
0: Box A
1: Box B

Answer with the correct option from 0 to 1. Only provide the numeric and nothing else 


Answer:  ASSISTANT:",10000,1,Object Localization
46,4.2425585,4.2627463,4.4569106,4.463683,4.4687657,4.549746,4.7130117,5.0603585,5.59422,6.518268,8.092997,10.440328,12.766824,15.003399,17.899115,21.355083,25.164526,28.866138,31.792046,34.49013,36.775467,38.208633,39.45763,40.466106,41.970974,40.919483,43.438923,44.008713,45.594543,45.872566,45.681847,46.13405,36.455242,All tokens,80,80,"USER:  
 QUESTION: How many players are wearing red shirts?
OPTIONS:
0: 1
1: 4
2: 2
3: 3

Answer with the correct option from 0 to 3. Only provide the numeric and nothing else 


Answer:  ASSISTANT: 3",3,2,Counting,"USER:  
 QUESTION: How many players are wearing red shirts?
OPTIONS:
0: 1
1: 4
2: 2
3: 3

Answer with the correct option from 0 to 3. Only provide the numeric and nothing else 


Answer:  ASSISTANT:",10000,2,Counting
47,12.35499,12.468494,12.9613285,13.140677,13.43439,14.226155,15.5113325,17.474712,20.229753,23.75706,28.603027,34.088814,39.167503,43.379368,46.17275,53.033215,57.512863,60.750008,63.275074,65.8144,68.078545,67.40413,69.1148,68.5965,70.2486,68.76234,71.47203,72.55343,75.18857,75.56168,75.74501,76.29363,61.979507,All tokens,565,607,"USER:  
 QUESTION: Consider the surface color (color without shading) of the two points in the image. Which one is darker, or the color is about the same?
OPTIONS:
0: A is darker
1: B is darker
2: About the same

Answer with the correct option from 0 to 2. Only provide the numeric and nothing else 


Answer:  ASSISTANT: 0",0,0,Relative Reflectance,"USER:  
 QUESTION: Consider the surface color (color without shading) of the two points in the image. Which one is darker, or the color is about the same?
OPTIONS:
0: A is darker
1: B is darker
2: About the same

Answer with the correct option from 0 to 2. Only provide the numeric and nothing else 


Answer:  ASSISTANT:",10000,0,Relative Reflectance
48,7.3794823,7.428283,7.742514,7.768693,7.820768,8.104695,8.527849,9.38582,10.659329,12.334767,14.79039,18.48839,21.999502,25.001093,28.2988,32.910847,36.945652,40.19608,43.110725,45.06307,47.027443,47.875385,49.343193,50.052006,51.374516,49.97601,52.018757,52.33019,53.65477,53.369164,53.082348,52.898487,41.86847,All tokens,300,300,"USER:  
 QUESTION: Which bounding box more accurately localizes and encloses the dress?
OPTIONS:
0: Box A
1: Box B

Answer with the correct option from 0 to 1. Only provide the numeric and nothing else 


Answer:  ASSISTANT: 0",0,1,Object Localization,"USER:  
 QUESTION: Which bounding box more accurately localizes and encloses the dress?
OPTIONS:
0: Box A
1: Box B

Answer with the correct option from 0 to 1. Only provide the numeric and nothing else 


Answer:  ASSISTANT:",10000,1,Object Localization
49,13.001009,13.098267,13.338332,13.429091,13.565216,14.086019,14.84941,16.088057,18.017561,20.59557,24.201178,29.330465,33.95994,37.8917,41.118557,46.596012,50.82397,54.05392,56.486565,58.33694,59.663548,59.436836,60.45681,59.88516,60.117218,58.6323,60.952797,59.876793,61.451397,61.508648,61.82251,62.27911,52.861572,All tokens,643,735,"USER:  
 QUESTION: Is the cup at the left side of the bowl?
OPTIONS:
0: yes
1: no

Answer with the correct option from 0 to 1. Only provide the numeric and nothing else 


Answer:  ASSISTANT: 0",0,0,Spatial Relation,"USER:  
 QUESTION: Is the cup at the left side of the bowl?
OPTIONS:
0: yes
1: no

Answer with the correct option from 0 to 1. Only provide the numeric and nothing else 


Answer:  ASSISTANT:",10000,0,Spatial Relation
0,10.068927,10.087482,10.272507,10.217678,10.142336,10.206179,10.38567,11.017604,11.891737,13.170423,15.15656,18.669418,21.917618,24.48506,27.226751,30.781885,33.54519,36.00728,38.34112,39.495144,40.93734,40.73603,41.550896,41.848892,42.62367,41.593533,43.113056,43.80964,45.345825,46.006237,46.622265,47.514294,41.47187,Img tokens,654,765,"USER:  
 QUESTION: Is the dog on the left side of the car?
OPTIONS:
0: yes
1: no

Answer with the correct option from 0 to 1. Only provide the numeric and nothing else 


Answer:  ASSISTANT: 0",0,1,Spatial Relation,"USER:  
 QUESTION: Is the dog on the left side of the car?
OPTIONS:
0: yes
1: no

Answer with the correct option from 0 to 1. Only provide the numeric and nothing else 


Answer:  ASSISTANT:",10000,1,Spatial Relation
1,3.748847,3.7554128,3.8680618,3.8522034,3.8361084,3.877257,3.9423065,4.2298017,4.5792794,5.085494,5.9239774,7.4829597,8.751218,9.968274,11.5012665,13.1682005,14.862402,16.042112,16.915106,17.70483,18.388163,18.618914,19.060108,19.549208,19.461351,18.864769,19.970263,20.439196,21.053928,21.384974,21.508364,22.112068,22.353037,Img tokens,114,114,"USER:  
 QUESTION: How many birds are facing the right of frame?
OPTIONS:
0: 3
1: 2
2: 0
3: 1

Answer with the correct option from 0 to 3. Only provide the numeric and nothing else 


Answer:  ASSISTANT: 2",2,3,Counting,"USER:  
 QUESTION: How many birds are facing the right of frame?
OPTIONS:
0: 3
1: 2
2: 0
3: 1

Answer with the correct option from 0 to 3. Only provide the numeric and nothing else 


Answer:  ASSISTANT:",10000,3,Counting
2,10.980613,11.011359,11.25465,11.187746,11.102553,11.191816,11.379463,11.981521,13.131594,14.910743,17.582008,21.241785,24.277058,26.760769,28.800892,32.897835,35.5156,37.883858,40.317566,41.867405,43.515053,43.422997,44.76208,45.417828,46.203506,45.729336,47.812103,48.454502,49.897457,50.332157,50.74298,51.00275,43.31065,Img tokens,25,25,"USER:  
 QUESTION: How many yellow buses are there?
OPTIONS:
0: 2
1: 0
2: 1
3: 3

Answer with the correct option from 0 to 3. Only provide the numeric and nothing else 


Answer:  ASSISTANT: 2",2,1,Counting,"USER:  
 QUESTION: How many yellow buses are there?
OPTIONS:
0: 2
1: 0
2: 1
3: 3

Answer with the correct option from 0 to 3. Only provide the numeric and nothing else 


Answer:  ASSISTANT:",10000,1,Counting
3,19.199186,19.24084,19.498562,19.459166,19.428823,19.66251,20.07198,20.932394,22.227966,24.39327,27.656662,31.936138,35.754612,38.409763,40.003704,45.231815,48.734318,51.494225,53.83229,54.442776,56.789722,56.54286,57.007965,57.014053,57.942856,57.076206,59.43936,60.534756,62.986477,63.28787,63.881306,64.14494,53.64271,Img tokens,281,281,"USER:  
 QUESTION: Which bounding box more accurately localizes and encloses the airplane?
OPTIONS:
0: Box A
1: Box B

Answer with the correct option from 0 to 1. Only provide the numeric and nothing else 


Answer:  ASSISTANT: 0",0,1,Object Localization,"USER:  
 QUESTION: Which bounding box more accurately localizes and encloses the airplane?
OPTIONS:
0: Box A
1: Box B

Answer with the correct option from 0 to 1. Only provide the numeric and nothing else 


Answer:  ASSISTANT:",10000,1,Object Localization
4,7.489351,7.5045977,7.720303,7.719682,7.7680807,7.9770784,8.334607,9.205035,10.069765,11.456362,13.7570305,17.701828,20.935852,23.782597,26.970964,30.370485,33.03033,35.271812,36.936993,38.86013,40.163673,40.859756,42.068813,42.650604,43.581852,42.508606,44.152912,44.5685,45.454414,44.996998,44.60763,45.052746,33.819073,Img tokens,250,250,"USER:  
 QUESTION: Which one picture follows the same pattern or rule established by the previous pictures?
OPTIONS:
0: Picture A
1: Picture B
2: Picture C
3: Picture D

Answer with the correct option from 0 to 3. Only provide the numeric and nothing else 


Answer:  ASSISTANT: 0",0,0,IQ Test,"USER:  
 QUESTION: Which one picture follows the same pattern or rule established by the previous pictures?
OPTIONS:
0: Picture A
1: Picture B
2: Picture C
3: Picture D

Answer with the correct option from 0 to 3. Only provide the numeric and nothing else 


Answer:  ASSISTANT:",10000,0,IQ Test
5,8.394022,8.416492,8.531286,8.496898,8.518233,8.745294,9.127157,10.086956,11.208565,12.853131,15.54874,19.80069,23.214577,25.996494,28.771242,32.25642,34.65725,36.357838,36.77682,37.88602,39.071438,39.024403,39.560173,39.220665,39.9997,38.363453,40.112606,40.088543,41.3648,41.186687,40.453133,40.87756,32.468407,Img tokens,228,228,"USER:  
 QUESTION: Which one picture follows the same pattern or rule established by the previous pictures?
OPTIONS:
0: Picture A
1: Picture B
2: Picture C
3: Picture D

Answer with the correct option from 0 to 3. Only provide the numeric and nothing else 


Answer:  ASSISTANT: 0",0,1,IQ Test,"USER:  
 QUESTION: Which one picture follows the same pattern or rule established by the previous pictures?
OPTIONS:
0: Picture A
1: Picture B
2: Picture C
3: Picture D

Answer with the correct option from 0 to 3. Only provide the numeric and nothing else 


Answer:  ASSISTANT:",10000,1,IQ Test
6,4.383181,4.3906307,4.596939,4.5889373,4.594118,4.677492,4.821343,5.24783,5.7078037,6.464919,7.759656,10.061376,12.06843,13.892361,16.083952,18.504255,20.641785,22.513037,23.927969,25.278011,26.39793,27.191473,27.877504,28.822449,29.67158,29.205101,30.666506,30.887314,31.723461,31.46018,31.067379,31.35155,25.111273,Img tokens,142,142,"USER:  
 QUESTION: Which one picture follows the same pattern or rule established by the previous pictures?
OPTIONS:
0: Picture A
1: Picture B
2: Picture C
3: Picture D

Answer with the correct option from 0 to 3. Only provide the numeric and nothing else 


Answer:  ASSISTANT: 0",0,3,IQ Test,"USER:  
 QUESTION: Which one picture follows the same pattern or rule established by the previous pictures?
OPTIONS:
0: Picture A
1: Picture B
2: Picture C
3: Picture D

Answer with the correct option from 0 to 3. Only provide the numeric and nothing else 


Answer:  ASSISTANT:",10000,3,IQ Test
7,7.5867853,7.6067114,7.7145786,7.656556,7.5932164,7.604794,7.6887517,8.156674,8.835205,10.017762,11.866814,14.899459,17.536568,19.99123,22.928705,26.807201,30.14509,33.292374,35.75166,37.941174,40.088352,40.013042,41.163666,41.100445,42.109554,40.28076,42.055756,42.430557,43.686676,43.77518,43.71937,44.414425,39.191406,Img tokens,104,104,"USER:  
 QUESTION: How many signs with arrows are in the picture?
OPTIONS:
0: 4
1: 1
2: 2
3: 3

Answer with the correct option from 0 to 3. Only provide the numeric and nothing else 


Answer:  ASSISTANT: 1",1,2,Counting,"USER:  
 QUESTION: How many signs with arrows are in the picture?
OPTIONS:
0: 4
1: 1
2: 2
3: 3

Answer with the correct option from 0 to 3. Only provide the numeric and nothing else 


Answer:  ASSISTANT:",10000,2,Counting
8,27.762188,27.824541,28.129168,28.221514,28.47515,29.213974,30.261385,31.17184,33.52925,36.40006,40.111927,42.887848,46.848423,49.02028,48.757854,54.850925,57.766632,60.62424,63.081215,65.28062,67.26456,66.336716,67.42923,67.30488,67.01602,66.746826,69.23954,70.49742,72.99689,73.626854,74.74883,74.99796,63.42194,Img tokens,558,600,"USER:  
 QUESTION: Consider the surface color (color without shading) of the two points in the image. Which one is darker, or the color is about the same?
OPTIONS:
0: A is darker
1: B is darker
2: About the same

Answer with the correct option from 0 to 2. Only provide the numeric and nothing else 


Answer:  ASSISTANT: 0",0,2,Relative Reflectance,"USER:  
 QUESTION: Consider the surface color (color without shading) of the two points in the image. Which one is darker, or the color is about the same?
OPTIONS:
0: A is darker
1: B is darker
2: About the same

Answer with the correct option from 0 to 2. Only provide the numeric and nothing else 


Answer:  ASSISTANT:",10000,2,Relative Reflectance
9,3.7508063,3.7568982,3.8785489,3.8455443,3.7995832,3.7873046,3.797773,3.9766593,4.1944633,4.6019845,5.262527,6.546539,7.7156363,8.8808565,10.51145,12.259679,14.224291,16.082415,17.641226,19.047077,20.168068,20.80091,21.593708,22.11358,22.608706,21.853703,22.892883,23.321577,23.936174,24.086962,24.190928,24.807343,23.353828,Img tokens,89,89,"USER:  
 QUESTION: How many signs have black letters?
OPTIONS:
0: 2
1: 1
2: 4
3: 3

Answer with the correct option from 0 to 3. Only provide the numeric and nothing else 


Answer:  ASSISTANT: 3",3,0,Counting,"USER:  
 QUESTION: How many signs have black letters?
OPTIONS:
0: 2
1: 1
2: 4
3: 3

Answer with the correct option from 0 to 3. Only provide the numeric and nothing else 


Answer:  ASSISTANT:",10000,0,Counting
10,9.1570215,9.179987,9.450064,9.393363,9.335408,9.421633,9.618,10.152752,11.030425,12.39931,14.587909,17.628641,20.309366,22.578285,24.960289,28.570787,31.332596,33.544003,35.357845,36.765594,38.382553,38.62895,39.308624,39.207817,40.200268,38.66194,41.187386,41.92035,43.459038,43.52369,43.7731,44.35413,41.091488,Img tokens,604,646,"USER:  
 QUESTION: Consider the surface color (color without shading) of the two points in the image. Which one is darker, or the color is about the same?
OPTIONS:
0: A is darker
1: B is darker
2: About the same

Answer with the correct option from 0 to 2. Only provide the numeric and nothing else 


Answer:  ASSISTANT: 0",0,0,Relative Reflectance,"USER:  
 QUESTION: Consider the surface color (color without shading) of the two points in the image. Which one is darker, or the color is about the same?
OPTIONS:
0: A is darker
1: B is darker
2: About the same

Answer with the correct option from 0 to 2. Only provide the numeric and nothing else 


Answer:  ASSISTANT:",10000,0,Relative Reflectance
11,9.159117,9.182066,9.352276,9.348752,9.3888,9.619823,9.92567,10.868747,12.065015,13.909386,16.710917,20.610855,23.657602,26.305475,28.69054,32.37601,35.083775,37.037373,38.800102,40.32653,41.70421,41.14408,41.792297,41.051197,40.65935,39.91811,41.86935,42.180866,43.521908,43.992516,44.23526,45.321194,40.308613,Img tokens,432,454,"USER:  
 QUESTION: Which point is closer to the camera?
OPTIONS:
0: A is closer
1: B is closer

Answer with the correct option from 0 to 1. Only provide the numeric and nothing else 


Answer:  ASSISTANT: 0",0,0,Relative Depth,"USER:  
 QUESTION: Which point is closer to the camera?
OPTIONS:
0: A is closer
1: B is closer

Answer with the correct option from 0 to 1. Only provide the numeric and nothing else 


Answer:  ASSISTANT:",10000,0,Relative Depth
12,10.216255,10.239399,10.476353,10.414703,10.383926,10.520583,10.732881,11.420584,12.44437,13.957867,16.262768,19.621437,22.529509,24.778831,26.674095,30.13399,32.715813,34.889587,35.31329,36.732655,38.492798,38.117023,38.998184,38.691628,39.712475,38.55034,40.270077,41.07628,42.443142,42.870796,42.995842,43.702164,39.337727,Img tokens,32,32,"USER:  
 QUESTION: How many white pillows are in this image?
OPTIONS:
0: 5
1: 3
2: 4
3: 6

Answer with the correct option from 0 to 3. Only provide the numeric and nothing else 


Answer:  ASSISTANT: 3",3,2,Counting,"USER:  
 QUESTION: How many white pillows are in this image?
OPTIONS:
0: 5
1: 3
2: 4
3: 6

Answer with the correct option from 0 to 3. Only provide the numeric and nothing else 


Answer:  ASSISTANT:",10000,2,Counting
13,6.2882876,6.3068733,6.5300417,6.49107,6.4406075,6.5003977,6.6527085,7.1042676,7.7938814,8.974836,10.780808,13.355411,15.642964,17.62045,19.50754,22.201189,24.110466,25.619905,27.09569,27.91871,28.630964,28.621096,28.905396,29.354246,29.990082,29.49181,31.16624,31.418495,32.10474,32.340725,32.40692,32.74506,29.111534,Img tokens,30,30,"USER:  
 QUESTION: How many green train carts are in the picture?
OPTIONS:
0: 1
1: 0
2: 3
3: 2

Answer with the correct option from 0 to 3. Only provide the numeric and nothing else 


Answer:  ASSISTANT: 3",3,0,Counting,"USER:  
 QUESTION: How many green train carts are in the picture?
OPTIONS:
0: 1
1: 0
2: 3
3: 2

Answer with the correct option from 0 to 3. Only provide the numeric and nothing else 


Answer:  ASSISTANT:",10000,0,Counting
14,4.373092,4.38384,4.550837,4.5210867,4.487379,4.5371075,4.6094427,4.9586263,5.3419604,5.976912,7.0242467,8.828783,10.287347,11.653198,13.238173,15.162035,16.776133,18.200203,19.270542,20.18338,21.057266,21.222658,21.558023,22.081331,22.580828,22.178295,23.239635,23.586294,24.208664,24.439438,24.504688,25.067427,24.482292,Img tokens,95,95,"USER:  
 QUESTION: How many sinking boats are there?
OPTIONS:
0: 3
1: 2
2: 1
3: 0

Answer with the correct option from 0 to 3. Only provide the numeric and nothing else 


Answer:  ASSISTANT: 0",0,3,Counting,"USER:  
 QUESTION: How many sinking boats are there?
OPTIONS:
0: 3
1: 2
2: 1
3: 0

Answer with the correct option from 0 to 3. Only provide the numeric and nothing else 


Answer:  ASSISTANT:",10000,3,Counting
15,5.463171,5.4743185,5.64269,5.652494,5.6794295,5.831972,6.0744,6.731362,7.4558744,8.544795,10.310122,13.346469,15.93233,18.245253,20.916954,23.73352,25.927904,27.556362,28.467253,29.494736,30.12993,30.231358,31.094614,31.128054,31.704315,30.787668,32.23481,32.267384,33.200886,33.042477,32.777718,33.48407,28.687742,Img tokens,223,223,"USER:  
 QUESTION: Which one picture follows the same pattern or rule established by the previous pictures?
OPTIONS:
0: Picture A
1: Picture B
2: Picture C
3: Picture D

Answer with the correct option from 0 to 3. Only provide the numeric and nothing else 


Answer:  ASSISTANT: 0",0,3,IQ Test,"USER:  
 QUESTION: Which one picture follows the same pattern or rule established by the previous pictures?
OPTIONS:
0: Picture A
1: Picture B
2: Picture C
3: Picture D

Answer with the correct option from 0 to 3. Only provide the numeric and nothing else 


Answer:  ASSISTANT:",10000,3,IQ Test
16,4.5591154,4.565783,4.7808976,4.7615285,4.754988,4.830705,4.9729204,5.4002295,5.8536105,6.49775,7.631381,9.766973,11.70108,13.626376,16.008623,18.57002,20.93662,23.278015,24.88883,26.508953,27.874912,28.577457,29.465673,30.204134,31.08515,29.909044,31.234102,31.63194,32.566658,32.59638,32.45764,33.095028,27.140797,Img tokens,238,238,"USER:  
 QUESTION: Which one picture follows the same pattern or rule established by the previous pictures?
OPTIONS:
0: Picture A
1: Picture B
2: Picture C
3: Picture D

Answer with the correct option from 0 to 3. Only provide the numeric and nothing else 


Answer:  ASSISTANT: 0",0,2,IQ Test,"USER:  
 QUESTION: Which one picture follows the same pattern or rule established by the previous pictures?
OPTIONS:
0: Picture A
1: Picture B
2: Picture C
3: Picture D

Answer with the correct option from 0 to 3. Only provide the numeric and nothing else 


Answer:  ASSISTANT:",10000,2,IQ Test
17,15.453885,15.492336,15.761665,15.727637,15.770499,16.05483,16.537867,17.648842,19.295221,21.753399,25.064507,28.685871,32.247196,35.10703,37.13949,41.39951,44.16752,45.398182,46.691013,46.901215,48.524605,47.68351,46.869938,45.674507,46.502956,45.18034,47.027946,47.91677,49.61848,49.966652,50.660065,51.811462,46.950302,Img tokens,517,559,"USER:  
 QUESTION: Consider the surface color (color without shading) of the two points in the image. Which one is darker, or the color is about the same?
OPTIONS:
0: A is darker
1: B is darker
2: About the same

Answer with the correct option from 0 to 2. Only provide the numeric and nothing else 


Answer:  ASSISTANT: 0",0,2,Relative Reflectance,"USER:  
 QUESTION: Consider the surface color (color without shading) of the two points in the image. Which one is darker, or the color is about the same?
OPTIONS:
0: A is darker
1: B is darker
2: About the same

Answer with the correct option from 0 to 2. Only provide the numeric and nothing else 


Answer:  ASSISTANT:",10000,2,Relative Reflectance
18,14.028224,14.06341,14.233763,14.238393,14.29606,14.5918455,14.969005,15.7783785,17.122637,19.025846,21.865517,25.981958,29.610634,32.489765,34.690773,39.70412,43.69104,47.0896,50.11399,52.984932,55.95512,57.67324,57.952335,59.96028,62.237732,61.924595,65.32982,66.34956,69.12376,69.74188,70.412025,71.1778,56.32691,Img tokens,616,673,"USER:  
 QUESTION: Is the motorcycle at the left side of the train?
OPTIONS:
0: yes
1: no

Answer with the correct option from 0 to 1. Only provide the numeric and nothing else 


Answer:  ASSISTANT: 0",0,1,Spatial Relation,"USER:  
 QUESTION: Is the motorcycle at the left side of the train?
OPTIONS:
0: yes
1: no

Answer with the correct option from 0 to 1. Only provide the numeric and nothing else 


Answer:  ASSISTANT:",10000,1,Spatial Relation
19,28.818924,28.866491,29.411953,29.556181,29.909908,30.607496,31.630878,32.674595,34.744564,37.909996,41.385345,44.48471,48.336323,50.66096,50.161697,54.93367,58.034218,59.868656,63.18293,64.94902,67.087585,66.97232,68.06491,68.30926,69.64591,69.331856,72.50318,73.91805,76.46711,76.30262,76.89843,77.03488,61.96143,Img tokens,27,27,"USER:  
 QUESTION: How many people are sitting on the bed?
OPTIONS:
0: 3
1: 1
2: 2
3: 0

Answer with the correct option from 0 to 3. Only provide the numeric and nothing else 


Answer:  ASSISTANT: 2",2,1,Counting,"USER:  
 QUESTION: How many people are sitting on the bed?
OPTIONS:
0: 3
1: 1
2: 2
3: 0

Answer with the correct option from 0 to 3. Only provide the numeric and nothing else 


Answer:  ASSISTANT:",10000,1,Counting
20,34.680634,34.756557,35.291023,35.51779,35.98436,36.9583,38.46283,39.80682,42.506283,45.76034,49.295254,51.488297,55.67118,57.96115,57.141182,63.500736,66.34789,68.65988,71.19529,72.77921,75.83037,75.080696,74.93505,74.755646,76.080055,75.32605,78.12881,79.242805,82.605545,83.23045,84.6199,85.15972,72.00303,Img tokens,574,616,"USER:  
 QUESTION: Consider the surface color (color without shading) of the two points in the image. Which one is darker, or the color is about the same?
OPTIONS:
0: A is darker
1: B is darker
2: About the same

Answer with the correct option from 0 to 2. Only provide the numeric and nothing else 


Answer:  ASSISTANT: 0",0,1,Relative Reflectance,"USER:  
 QUESTION: Consider the surface color (color without shading) of the two points in the image. Which one is darker, or the color is about the same?
OPTIONS:
0: A is darker
1: B is darker
2: About the same

Answer with the correct option from 0 to 2. Only provide the numeric and nothing else 


Answer:  ASSISTANT:",10000,1,Relative Reflectance
21,5.4086833,5.421389,5.603708,5.5696216,5.563361,5.657562,5.823206,6.325136,6.9979234,8.022567,9.724523,12.650112,15.067619,17.26902,20.000467,22.800531,25.171738,27.062258,28.572077,29.899353,31.101213,31.307112,32.20298,33.12855,34.041977,33.84621,35.08714,35.17594,36.026432,35.79006,35.394306,36.01755,31.794865,Img tokens,203,203,"USER:  
 QUESTION: Which one picture follows the same pattern or rule established by the previous pictures?
OPTIONS:
0: Picture A
1: Picture B
2: Picture C
3: Picture D

Answer with the correct option from 0 to 3. Only provide the numeric and nothing else 


Answer:  ASSISTANT: 0",0,1,IQ Test,"USER:  
 QUESTION: Which one picture follows the same pattern or rule established by the previous pictures?
OPTIONS:
0: Picture A
1: Picture B
2: Picture C
3: Picture D

Answer with the correct option from 0 to 3. Only provide the numeric and nothing else 


Answer:  ASSISTANT:",10000,1,IQ Test
22,4.0406,4.0477347,4.166094,4.1390657,4.1225343,4.188686,4.2871065,4.621841,4.990555,5.589779,6.617748,8.434018,10.087523,11.491275,13.355491,15.638975,17.56627,19.392525,20.804193,21.765017,22.653427,23.004015,23.53489,24.14885,24.789192,24.09182,25.329594,25.717394,26.542686,26.630713,26.795303,27.448805,26.811853,Img tokens,665,788,"USER:  
 QUESTION: Is the person facing the frisbee?
OPTIONS:
0: yes
1: no

Answer with the correct option from 0 to 1. Only provide the numeric and nothing else 


Answer:  ASSISTANT: 0",0,1,Spatial Relation,"USER:  
 QUESTION: Is the person facing the frisbee?
OPTIONS:
0: yes
1: no

Answer with the correct option from 0 to 1. Only provide the numeric and nothing else 


Answer:  ASSISTANT:",10000,1,Spatial Relation
23,18.758211,18.80214,19.126305,19.118929,19.185467,19.555674,20.135956,21.082731,22.46907,24.537626,27.94959,32.408848,36.467163,39.5916,41.39338,46.7572,50.264053,52.75979,54.56715,56.49726,58.345512,56.072376,57.104412,55.751595,56.579453,55.14386,57.985527,59.50711,61.58954,61.705734,62.70565,63.19815,51.07754,Img tokens,429,451,"USER:  
 QUESTION: Which point is closer to the camera?
OPTIONS:
0: A is closer
1: B is closer

Answer with the correct option from 0 to 1. Only provide the numeric and nothing else 


Answer:  ASSISTANT: 0",0,0,Relative Depth,"USER:  
 QUESTION: Which point is closer to the camera?
OPTIONS:
0: A is closer
1: B is closer

Answer with the correct option from 0 to 1. Only provide the numeric and nothing else 


Answer:  ASSISTANT:",10000,0,Relative Depth
24,4.4132476,4.420718,4.5965347,4.5849385,4.588914,4.676538,4.810283,5.2107344,5.6209435,6.314513,7.4824867,9.669785,11.5013895,13.336687,15.58437,18.030544,20.231075,22.098085,23.400274,24.583323,25.653566,26.06386,26.899876,27.820026,28.384491,27.25438,28.628862,28.848423,29.7263,29.543417,29.319157,29.669943,26.514496,Img tokens,225,225,"USER:  
 QUESTION: Which one picture follows the same pattern or rule established by the previous pictures?
OPTIONS:
0: Picture A
1: Picture B
2: Picture C
3: Picture D

Answer with the correct option from 0 to 3. Only provide the numeric and nothing else 


Answer:  ASSISTANT: 0",0,0,IQ Test,"USER:  
 QUESTION: Which one picture follows the same pattern or rule established by the previous pictures?
OPTIONS:
0: Picture A
1: Picture B
2: Picture C
3: Picture D

Answer with the correct option from 0 to 3. Only provide the numeric and nothing else 


Answer:  ASSISTANT:",10000,0,IQ Test
25,17.890697,17.935093,18.172981,18.197048,18.27291,18.739525,19.295773,19.88564,21.747095,24.586687,28.765236,32.967777,37.090168,39.93574,41.382812,47.588074,51.55894,54.182655,57.26488,59.89204,62.12835,62.12174,60.99202,60.84576,62.442093,61.7395,64.728134,66.28828,69.00243,69.457535,70.34648,70.46952,61.023003,Img tokens,459,496,"USER:  
 QUESTION: Which point is closer to the camera?
OPTIONS:
0: A is closer
1: B is closer

Answer with the correct option from 0 to 1. Only provide the numeric and nothing else 


Answer:  ASSISTANT: 0",0,0,Relative Depth,"USER:  
 QUESTION: Which point is closer to the camera?
OPTIONS:
0: A is closer
1: B is closer

Answer with the correct option from 0 to 1. Only provide the numeric and nothing else 


Answer:  ASSISTANT:",10000,0,Relative Depth
26,23.423882,23.46685,23.746387,23.834509,23.970966,24.499798,25.229063,26.48128,28.399374,31.16547,34.757473,38.994194,42.836792,45.402176,46.326702,51.653057,54.301903,56.185936,58.67708,60.173,62.434265,62.5029,63.64686,63.112835,64.83552,64.050735,66.92501,67.55536,69.79957,69.90296,70.44923,70.09796,57.776466,Img tokens,603,645,"USER:  
 QUESTION: Consider the surface color (color without shading) of the two points in the image. Which one is darker, or the color is about the same?
OPTIONS:
0: A is darker
1: B is darker
2: About the same

Answer with the correct option from 0 to 2. Only provide the numeric and nothing else 


Answer:  ASSISTANT: 0",0,0,Relative Reflectance,"USER:  
 QUESTION: Consider the surface color (color without shading) of the two points in the image. Which one is darker, or the color is about the same?
OPTIONS:
0: A is darker
1: B is darker
2: About the same

Answer with the correct option from 0 to 2. Only provide the numeric and nothing else 


Answer:  ASSISTANT:",10000,0,Relative Reflectance
27,11.151783,11.174829,11.36259,11.330869,11.278869,11.373498,11.642829,12.251015,13.177779,14.70784,16.871586,20.333887,23.43178,26.085752,28.267721,31.98506,34.92141,37.092922,38.651077,38.708218,40.520645,40.491085,41.10552,41.901634,42.68142,41.933857,43.950527,44.677517,46.155457,46.214436,46.354237,47.094856,38.90965,Img tokens,284,284,"USER:  
 QUESTION: Which bounding box more accurately localizes and encloses the horse?
OPTIONS:
0: Box A
1: Box B

Answer with the correct option from 0 to 1. Only provide the numeric and nothing else 


Answer:  ASSISTANT: 0",0,1,Object Localization,"USER:  
 QUESTION: Which bounding box more accurately localizes and encloses the horse?
OPTIONS:
0: Box A
1: Box B

Answer with the correct option from 0 to 1. Only provide the numeric and nothing else 


Answer:  ASSISTANT:",10000,1,Object Localization
28,7.9728513,7.993413,8.118947,8.04783,7.943103,7.930561,7.9925933,8.195637,8.794008,9.906312,11.924177,14.617013,17.121887,19.22264,21.66049,25.006905,28.464842,31.336012,33.851925,36.092354,38.487194,39.472477,40.900978,41.080917,42.24423,41.519955,43.973755,44.56659,46.48297,46.87994,46.800945,47.037502,40.873528,Img tokens,6,6,"USER:  
 QUESTION: How many baseball players are looking towards the camera?
OPTIONS:
0: 3
1: 2
2: 1
3: 0

Answer with the correct option from 0 to 3. Only provide the numeric and nothing else 


Answer:  ASSISTANT: 2",2,2,Counting,"USER:  
 QUESTION: How many baseball players are looking towards the camera?
OPTIONS:
0: 3
1: 2
2: 1
3: 0

Answer with the correct option from 0 to 3. Only provide the numeric and nothing else 


Answer:  ASSISTANT:",10000,2,Counting
29,12.327158,12.357084,12.501497,12.461582,12.503643,12.813655,13.32483,14.51609,15.895162,17.921953,21.491129,26.46319,30.246334,33.435425,36.691093,41.23362,44.76571,47.720802,49.804962,52.28729,54.34247,54.940212,56.592518,57.213127,58.327682,56.4451,58.542877,58.7648,60.088932,59.10008,58.26358,57.881332,47.49876,Img tokens,163,163,"USER:  
 QUESTION: Which one picture follows the same pattern or rule established by the previous pictures?
OPTIONS:
0: Picture A
1: Picture B
2: Picture C
3: Picture D

Answer with the correct option from 0 to 3. Only provide the numeric and nothing else 


Answer:  ASSISTANT: 0",0,2,IQ Test,"USER:  
 QUESTION: Which one picture follows the same pattern or rule established by the previous pictures?
OPTIONS:
0: Picture A
1: Picture B
2: Picture C
3: Picture D

Answer with the correct option from 0 to 3. Only provide the numeric and nothing else 


Answer:  ASSISTANT:",10000,2,IQ Test
30,8.396927,8.413714,8.61494,8.570102,8.510612,8.570507,8.702099,9.257395,10.074544,11.20566,12.93705,15.823574,18.306099,20.495396,22.80507,26.078625,28.845589,30.921585,32.412315,33.971844,35.71298,36.244934,37.443363,37.76058,38.60305,37.98251,39.708008,40.418724,41.69742,41.889927,41.974987,42.28115,36.432827,Img tokens,348,348,"USER:  
 QUESTION: Which bounding box more accurately localizes and encloses the nightshirt?
OPTIONS:
0: Box A
1: Box B

Answer with the correct option from 0 to 1. Only provide the numeric and nothing else 


Answer:  ASSISTANT: 0",0,1,Object Localization,"USER:  
 QUESTION: Which bounding box more accurately localizes and encloses the nightshirt?
OPTIONS:
0: Box A
1: Box B

Answer with the correct option from 0 to 1. Only provide the numeric and nothing else 


Answer:  ASSISTANT:",10000,1,Object Localization
31,4.2174444,4.2237024,4.4611754,4.4565206,4.458313,4.5225067,4.647727,5.001027,5.4166584,6.0874386,7.1680994,9.040475,10.756796,12.553018,14.7579365,17.039824,19.262844,21.41825,22.949598,24.344584,25.51554,26.187216,26.974716,27.873499,28.607164,27.976347,29.002619,29.196915,29.848963,29.665276,29.459162,29.879282,24.148275,Img tokens,159,159,"USER:  
 QUESTION: Which one picture follows the same pattern or rule established by the previous pictures?
OPTIONS:
0: Picture A
1: Picture B
2: Picture C
3: Picture D

Answer with the correct option from 0 to 3. Only provide the numeric and nothing else 


Answer:  ASSISTANT: 0",0,3,IQ Test,"USER:  
 QUESTION: Which one picture follows the same pattern or rule established by the previous pictures?
OPTIONS:
0: Picture A
1: Picture B
2: Picture C
3: Picture D

Answer with the correct option from 0 to 3. Only provide the numeric and nothing else 


Answer:  ASSISTANT:",10000,3,IQ Test
32,4.824329,4.8318696,4.9575315,4.946614,4.9459615,5.0514235,5.2145123,5.680132,6.1495595,6.8944182,8.060796,10.198991,12.125425,14.026278,16.154676,18.5331,20.787142,22.605257,23.975452,25.028154,25.963047,26.41729,27.288696,28.18586,29.038311,28.243711,29.530672,29.650328,30.57256,30.629059,30.473354,31.153938,27.416245,Img tokens,220,220,"USER:  
 QUESTION: Which one picture follows the same pattern or rule established by the previous pictures?
OPTIONS:
0: Picture A
1: Picture B
2: Picture C
3: Picture D

Answer with the correct option from 0 to 3. Only provide the numeric and nothing else 


Answer:  ASSISTANT: 0",0,3,IQ Test,"USER:  
 QUESTION: Which one picture follows the same pattern or rule established by the previous pictures?
OPTIONS:
0: Picture A
1: Picture B
2: Picture C
3: Picture D

Answer with the correct option from 0 to 3. Only provide the numeric and nothing else 


Answer:  ASSISTANT:",10000,3,IQ Test
33,6.3928146,6.4071946,6.6013107,6.5589333,6.5281444,6.628679,6.763256,7.285935,7.9366274,8.998007,10.66329,13.3326025,15.884719,17.936394,20.202595,23.246721,25.897781,28.119833,29.725548,30.851677,32.199333,32.46715,33.3677,33.757412,34.226707,33.368774,34.5936,35.038692,36.16127,36.28552,36.423874,36.95277,35.187527,Img tokens,344,344,"USER:  
 QUESTION: Which bounding box more accurately localizes and encloses the tablecloth?
OPTIONS:
0: Box A
1: Box B

Answer with the correct option from 0 to 1. Only provide the numeric and nothing else 


Answer:  ASSISTANT: 0",0,0,Object Localization,"USER:  
 QUESTION: Which bounding box more accurately localizes and encloses the tablecloth?
OPTIONS:
0: Box A
1: Box B

Answer with the correct option from 0 to 1. Only provide the numeric and nothing else 


Answer:  ASSISTANT:",10000,0,Object Localization
34,6.283196,6.2944946,6.4464607,6.428206,6.386259,6.3962145,6.4403524,6.681544,7.0201697,7.630662,8.611271,10.578101,12.347969,13.702242,15.444267,17.613535,19.77821,21.830378,23.430016,24.763496,26.024303,26.402601,27.136902,27.663193,28.12439,27.598633,28.9874,29.539324,30.459324,30.659845,30.71425,30.887505,28.915676,Img tokens,94,94,"USER:  
 QUESTION: How many people without hats are there?
OPTIONS:
0: 0
1: 3
2: 1
3: 2

Answer with the correct option from 0 to 3. Only provide the numeric and nothing else 


Answer:  ASSISTANT: 3",3,0,Counting,"USER:  
 QUESTION: How many people without hats are there?
OPTIONS:
0: 0
1: 3
2: 1
3: 2

Answer with the correct option from 0 to 3. Only provide the numeric and nothing else 


Answer:  ASSISTANT:",10000,0,Counting
35,22.0718,22.112476,22.537928,22.594204,22.749565,23.2307,24.026506,25.144249,26.907389,29.309706,32.728027,36.65224,40.536472,43.029232,43.91038,49.180153,51.803852,53.96092,55.97604,57.403896,58.48322,57.56123,58.61723,57.697697,58.18856,58.125412,60.370266,61.38234,63.366074,63.655018,64.0072,64.67443,57.493996,Img tokens,389,389,"USER:  
 QUESTION: Which bounding box more accurately localizes and encloses the chair?
OPTIONS:
0: Box A
1: Box B

Answer with the correct option from 0 to 1. Only provide the numeric and nothing else 


Answer:  ASSISTANT: 0",0,0,Object Localization,"USER:  
 QUESTION: Which bounding box more accurately localizes and encloses the chair?
OPTIONS:
0: Box A
1: Box B

Answer with the correct option from 0 to 1. Only provide the numeric and nothing else 


Answer:  ASSISTANT:",10000,0,Object Localization
36,9.855117,9.88492,10.093371,10.008951,9.958478,10.066206,10.28313,10.915865,11.920101,13.579879,16.277063,19.693178,22.954618,25.31555,27.601032,31.077442,33.701805,35.774685,37.358322,37.979927,39.5492,39.334183,38.925915,38.32244,38.95877,37.747128,39.438114,40.0847,41.728676,42.109142,42.59003,43.528828,41.320503,Img tokens,99,99,"USER:  
 QUESTION: How many white fridges are there in the image ?
OPTIONS:
0: 3
1: 2
2: 0
3: 1

Answer with the correct option from 0 to 3. Only provide the numeric and nothing else 


Answer:  ASSISTANT: 2",2,3,Counting,"USER:  
 QUESTION: How many white fridges are there in the image ?
OPTIONS:
0: 3
1: 2
2: 0
3: 1

Answer with the correct option from 0 to 3. Only provide the numeric and nothing else 


Answer:  ASSISTANT:",10000,3,Counting
37,23.354467,23.41324,23.73884,23.798138,24.0211,24.682428,25.609638,27.016146,29.351551,32.538414,36.7741,40.89466,45.48395,48.2863,49.051155,54.379692,56.675396,58.769398,60.930305,62.36699,63.723316,63.85923,65.49676,65.55271,66.447334,66.032814,67.394936,68.17671,70.29802,70.260025,70.36979,70.67739,54.73764,Img tokens,367,367,"USER:  
 QUESTION: Which bounding box more accurately localizes and encloses the computer keyboard?
OPTIONS:
0: Box A
1: Box B

Answer with the correct option from 0 to 1. Only provide the numeric and nothing else 


Answer:  ASSISTANT: 0",0,0,Object Localization,"USER:  
 QUESTION: Which bounding box more accurately localizes and encloses the computer keyboard?
OPTIONS:
0: Box A
1: Box B

Answer with the correct option from 0 to 1. Only provide the numeric and nothing else 


Answer:  ASSISTANT:",10000,0,Object Localization
38,9.482377,9.499202,9.708888,9.638116,9.57203,9.654168,9.793261,10.3419485,11.067609,12.17832,13.969048,16.844282,19.344807,21.547665,23.93807,27.099384,30.09556,32.928776,34.864815,36.725803,38.516956,39.069824,40.184265,40.81613,41.46149,40.81077,43.265617,43.664337,45.283604,44.5429,44.657158,45.43441,42.38161,Img tokens,352,352,"USER:  
 QUESTION: Which bounding box more accurately localizes and encloses the control?
OPTIONS:
0: Box A
1: Box B

Answer with the correct option from 0 to 1. Only provide the numeric and nothing else 


Answer:  ASSISTANT: 0",0,1,Object Localization,"USER:  
 QUESTION: Which bounding box more accurately localizes and encloses the control?
OPTIONS:
0: Box A
1: Box B

Answer with the correct option from 0 to 1. Only provide the numeric and nothing else 


Answer:  ASSISTANT:",10000,1,Object Localization
39,14.711716,14.748889,15.017728,15.060517,15.182169,15.563684,16.106962,17.210474,18.952192,21.52924,25.105467,29.408648,33.47123,36.26751,38.23898,43.184727,46.28657,48.07772,50.217342,51.265457,53.725304,52.28818,52.09851,50.4772,51.03558,49.869576,51.225685,52.448097,54.36359,55.022747,55.477444,56.570793,47.893322,Img tokens,618,677,"USER:  
 QUESTION: Does the car contain the donut?
OPTIONS:
0: yes
1: no

Answer with the correct option from 0 to 1. Only provide the numeric and nothing else 


Answer:  ASSISTANT: 0",0,0,Spatial Relation,"USER:  
 QUESTION: Does the car contain the donut?
OPTIONS:
0: yes
1: no

Answer with the correct option from 0 to 1. Only provide the numeric and nothing else 


Answer:  ASSISTANT:",10000,0,Spatial Relation
40,20.108536,20.149137,20.481794,20.533518,20.645496,21.037704,21.628513,22.498135,24.135887,26.45506,29.689777,33.45493,37.02213,39.688084,41.278732,46.652416,50.349754,52.921574,55.76579,57.96051,60.38348,60.2183,61.608597,62.607895,63.89949,61.87878,65.11656,65.885544,68.08767,67.65042,68.18133,68.96866,57.722027,Img tokens,270,270,"USER:  
 QUESTION: Which bounding box more accurately localizes and encloses the fireplug?
OPTIONS:
0: Box A
1: Box B

Answer with the correct option from 0 to 1. Only provide the numeric and nothing else 


Answer:  ASSISTANT: 0",0,0,Object Localization,"USER:  
 QUESTION: Which bounding box more accurately localizes and encloses the fireplug?
OPTIONS:
0: Box A
1: Box B

Answer with the correct option from 0 to 1. Only provide the numeric and nothing else 


Answer:  ASSISTANT:",10000,0,Object Localization
41,10.356107,10.387675,10.520286,10.4380665,10.330701,10.361032,10.456953,10.97262,11.968923,13.705737,16.444584,20.339647,23.641605,26.621258,29.515472,34.470303,38.17837,41.627506,44.76005,47.27947,50.075027,49.673576,51.304073,50.724754,52.4479,52.179043,54.798016,55.742073,57.89116,58.49725,59.229794,59.814384,49.533436,Img tokens,44,44,"USER:  
 QUESTION: How many motors are driving near the bus?
OPTIONS:
0: 0
1: 2
2: 3
3: 1

Answer with the correct option from 0 to 3. Only provide the numeric and nothing else 


Answer:  ASSISTANT: 1",1,0,Counting,"USER:  
 QUESTION: How many motors are driving near the bus?
OPTIONS:
0: 0
1: 2
2: 3
3: 1

Answer with the correct option from 0 to 3. Only provide the numeric and nothing else 


Answer:  ASSISTANT:",10000,0,Counting
42,20.532108,20.568848,20.858887,20.864367,20.857101,21.068169,21.610514,22.426702,23.996859,26.531357,30.10339,34.025066,37.7823,40.086193,41.43078,46.374977,48.96889,50.234333,52.658524,53.926853,55.08326,54.93262,55.628403,56.055668,57.018726,56.492786,58.627434,59.30975,61.223324,61.30658,61.778248,61.559704,51.80537,Img tokens,470,509,"USER:  
 QUESTION: Which point is closer to the camera?
OPTIONS:
0: A is closer
1: B is closer

Answer with the correct option from 0 to 1. Only provide the numeric and nothing else 


Answer:  ASSISTANT: 0",0,0,Relative Depth,"USER:  
 QUESTION: Which point is closer to the camera?
OPTIONS:
0: A is closer
1: B is closer

Answer with the correct option from 0 to 1. Only provide the numeric and nothing else 


Answer:  ASSISTANT:",10000,0,Relative Depth
43,17.106825,17.149467,17.426207,17.409811,17.449203,17.863447,18.558271,19.592463,21.443674,24.05649,27.940956,32.21,36.195873,39.018356,40.2952,45.320747,47.61257,49.746456,51.226955,51.873768,53.30425,51.77804,52.677822,53.159542,52.196587,51.283478,53.578712,54.225758,56.236546,56.743183,57.5617,58.92839,53.80423,Img tokens,549,591,"USER:  
 QUESTION: Consider the surface color (color without shading) of the two points in the image. Which one is darker, or the color is about the same?
OPTIONS:
0: A is darker
1: B is darker
2: About the same

Answer with the correct option from 0 to 2. Only provide the numeric and nothing else 


Answer:  ASSISTANT: 0",0,1,Relative Reflectance,"USER:  
 QUESTION: Consider the surface color (color without shading) of the two points in the image. Which one is darker, or the color is about the same?
OPTIONS:
0: A is darker
1: B is darker
2: About the same

Answer with the correct option from 0 to 2. Only provide the numeric and nothing else 


Answer:  ASSISTANT:",10000,1,Relative Reflectance
44,7.7735457,7.792397,7.9869814,7.9414477,7.9425807,8.076702,8.303157,9.04925,9.921824,11.257884,13.594382,17.547943,20.53639,23.167456,26.042183,29.084625,31.639046,33.875763,35.16644,36.983044,37.58352,38.307682,39.34662,39.516724,40.770645,39.81833,41.941204,41.817543,42.788452,42.433094,41.651302,42.035084,35.430504,Img tokens,127,127,"USER:  
 QUESTION: Which one picture follows the same pattern or rule established by the previous pictures?
OPTIONS:
0: Picture A
1: Picture B
2: Picture C
3: Picture D

Answer with the correct option from 0 to 3. Only provide the numeric and nothing else 


Answer:  ASSISTANT: 0",0,1,IQ Test,"USER:  
 QUESTION: Which one picture follows the same pattern or rule established by the previous pictures?
OPTIONS:
0: Picture A
1: Picture B
2: Picture C
3: Picture D

Answer with the correct option from 0 to 3. Only provide the numeric and nothing else 


Answer:  ASSISTANT:",10000,1,IQ Test
45,8.949152,8.9674635,9.163634,9.087683,9.015516,9.070804,9.202706,9.784138,10.528521,11.770652,13.565077,16.487597,18.892857,21.079952,23.350096,26.39367,29.238111,31.50324,32.783833,34.123592,35.533665,34.86415,35.412735,35.90651,36.483723,34.958057,36.490215,37.085033,38.40274,39.03975,39.331337,40.112865,39.755146,Img tokens,387,387,"USER:  
 QUESTION: Which bounding box more accurately localizes and encloses the shower curtain?
OPTIONS:
0: Box A
1: Box B

Answer with the correct option from 0 to 1. Only provide the numeric and nothing else 


Answer:  ASSISTANT: 0",0,1,Object Localization,"USER:  
 QUESTION: Which bounding box more accurately localizes and encloses the shower curtain?
OPTIONS:
0: Box A
1: Box B

Answer with the correct option from 0 to 1. Only provide the numeric and nothing else 


Answer:  ASSISTANT:",10000,1,Object Localization
46,3.8126495,3.8183215,3.9015083,3.8796046,3.851819,3.8507595,3.8821585,4.043176,4.29218,4.8002157,5.722841,7.186688,8.556474,9.786517,11.532141,13.591371,15.984839,18.505733,20.455698,22.323427,24.052162,25.206827,26.198484,27.13731,28.252583,27.51897,29.362226,29.892975,31.048311,31.317102,31.238113,31.782238,28.975033,Img tokens,80,80,"USER:  
 QUESTION: How many players are wearing red shirts?
OPTIONS:
0: 1
1: 4
2: 2
3: 3

Answer with the correct option from 0 to 3. Only provide the numeric and nothing else 


Answer:  ASSISTANT: 3",3,2,Counting,"USER:  
 QUESTION: How many players are wearing red shirts?
OPTIONS:
0: 1
1: 4
2: 2
3: 3

Answer with the correct option from 0 to 3. Only provide the numeric and nothing else 


Answer:  ASSISTANT:",10000,2,Counting
47,11.373006,11.399674,11.708967,11.642242,11.583528,11.737838,12.079654,12.969252,14.2277155,16.076258,18.784218,22.485796,25.683516,28.210629,30.292295,34.777073,37.794266,40.2675,41.843063,43.65598,45.41543,45.137177,46.53603,46.45463,47.68045,46.880283,48.66071,49.79784,51.714546,52.29186,52.81068,53.500515,48.79686,Img tokens,565,607,"USER:  
 QUESTION: Consider the surface color (color without shading) of the two points in the image. Which one is darker, or the color is about the same?
OPTIONS:
0: A is darker
1: B is darker
2: About the same

Answer with the correct option from 0 to 2. Only provide the numeric and nothing else 


Answer:  ASSISTANT: 0",0,0,Relative Reflectance,"USER:  
 QUESTION: Consider the surface color (color without shading) of the two points in the image. Which one is darker, or the color is about the same?
OPTIONS:
0: A is darker
1: B is darker
2: About the same

Answer with the correct option from 0 to 2. Only provide the numeric and nothing else 


Answer:  ASSISTANT:",10000,0,Relative Reflectance
48,6.5747976,6.5915327,6.7581263,6.721434,6.6779885,6.7624865,6.891999,7.3612394,8.028457,8.957345,10.411662,12.892072,15.167114,17.018679,19.356558,22.444227,25.21348,27.634676,29.694742,31.081486,32.60586,33.30137,34.396164,35.195766,36.15889,35.22865,36.78176,37.186207,38.18733,38.10344,37.92927,38.006847,33.400906,Img tokens,300,300,"USER:  
 QUESTION: Which bounding box more accurately localizes and encloses the dress?
OPTIONS:
0: Box A
1: Box B

Answer with the correct option from 0 to 1. Only provide the numeric and nothing else 


Answer:  ASSISTANT: 0",0,1,Object Localization,"USER:  
 QUESTION: Which bounding box more accurately localizes and encloses the dress?
OPTIONS:
0: Box A
1: Box B

Answer with the correct option from 0 to 1. Only provide the numeric and nothing else 


Answer:  ASSISTANT:",10000,1,Object Localization
49,12.084334,12.111688,12.31458,12.266552,12.2018175,12.345058,12.583949,13.226675,14.281536,15.844912,18.159739,21.976248,25.367086,28.149218,30.678959,34.720486,37.939274,40.667744,42.47608,43.973965,45.14006,44.98696,45.78509,45.54241,45.674377,44.64468,46.44217,45.825676,47.029324,47.23098,47.586414,48.181396,45.275414,Img tokens,643,735,"USER:  
 QUESTION: Is the cup at the left side of the bowl?
OPTIONS:
0: yes
1: no

Answer with the correct option from 0 to 1. Only provide the numeric and nothing else 


Answer:  ASSISTANT: 0",0,0,Spatial Relation,"USER:  
 QUESTION: Is the cup at the left side of the bowl?
OPTIONS:
0: yes
1: no

Answer with the correct option from 0 to 1. Only provide the numeric and nothing else 


Answer:  ASSISTANT:",10000,0,Spatial Relation
0,26.88039,24.223415,35.79115,45.37672,47.708355,47.91165,46.931355,47.19457,47.116062,46.776546,46.740402,45.69558,44.11685,44.08156,43.264164,42.114132,43.040897,42.664513,43.623516,42.791702,42.67583,42.07011,42.308598,41.301807,41.774494,40.81626,41.834595,40.948612,41.651405,41.537468,41.99808,42.048637,28.972332,Text tokens,654,765,"USER:  
 QUESTION: Is the dog on the left side of the car?
OPTIONS:
0: yes
1: no

Answer with the correct option from 0 to 1. Only provide the numeric and nothing else 


Answer:  ASSISTANT: 0",0,1,Spatial Relation,"USER:  
 QUESTION: Is the dog on the left side of the car?
OPTIONS:
0: yes
1: no

Answer with the correct option from 0 to 1. Only provide the numeric and nothing else 


Answer:  ASSISTANT:",10000,1,Spatial Relation
1,24.607391,23.887356,33.285496,43.98041,47.248604,48.62945,48.938385,49.4401,49.439342,49.216125,49.80829,48.86853,47.07203,47.169853,46.458214,45.65897,46.56062,45.994526,46.695484,45.818398,45.305267,45.282093,45.757137,45.014908,45.371284,45.031033,46.154556,45.06814,45.67941,45.196114,45.33465,44.73801,28.82651,Text tokens,114,114,"USER:  
 QUESTION: How many birds are facing the right of frame?
OPTIONS:
0: 3
1: 2
2: 0
3: 1

Answer with the correct option from 0 to 3. Only provide the numeric and nothing else 


Answer:  ASSISTANT: 2",2,3,Counting,"USER:  
 QUESTION: How many birds are facing the right of frame?
OPTIONS:
0: 3
1: 2
2: 0
3: 1

Answer with the correct option from 0 to 3. Only provide the numeric and nothing else 


Answer:  ASSISTANT:",10000,3,Counting
2,23.876823,23.79385,33.28925,43.088272,46.181072,46.81841,46.917557,47.099068,47.294693,47.09299,47.625843,46.528076,45.221573,45.198742,44.56216,44.540775,45.739487,45.519974,46.24903,45.576138,45.144375,45.28022,45.59932,44.81308,45.015945,44.620544,45.657978,44.772152,45.41351,45.01741,44.98402,44.020737,26.494635,Text tokens,25,25,"USER:  
 QUESTION: How many yellow buses are there?
OPTIONS:
0: 2
1: 0
2: 1
3: 3

Answer with the correct option from 0 to 3. Only provide the numeric and nothing else 


Answer:  ASSISTANT: 2",2,1,Counting,"USER:  
 QUESTION: How many yellow buses are there?
OPTIONS:
0: 2
1: 0
2: 1
3: 3

Answer with the correct option from 0 to 3. Only provide the numeric and nothing else 


Answer:  ASSISTANT:",10000,1,Counting
3,33.340904,29.472403,41.24004,50.4365,52.54416,52.51672,51.915462,52.343853,52.312714,51.857197,52.017418,51.23286,49.41905,49.427097,49.095425,48.528095,49.791832,49.590855,50.209484,49.647163,49.760536,49.51286,49.84443,48.641083,49.25192,48.876183,49.748722,48.937122,49.54455,49.290367,49.45097,48.97224,32.047386,Text tokens,281,281,"USER:  
 QUESTION: Which bounding box more accurately localizes and encloses the airplane?
OPTIONS:
0: Box A
1: Box B

Answer with the correct option from 0 to 1. Only provide the numeric and nothing else 


Answer:  ASSISTANT: 0",0,1,Object Localization,"USER:  
 QUESTION: Which bounding box more accurately localizes and encloses the airplane?
OPTIONS:
0: Box A
1: Box B

Answer with the correct option from 0 to 1. Only provide the numeric and nothing else 


Answer:  ASSISTANT:",10000,1,Object Localization
4,31.347637,28.042099,38.01032,48.098682,50.83312,51.672707,51.16365,52.52392,52.213722,51.96041,52.122135,51.066265,49.18294,49.294865,49.27825,49.056534,50.242775,49.745045,50.333477,49.342384,48.924976,48.70147,48.267803,47.038105,47.52168,46.509167,47.05041,45.980656,46.591373,46.182228,46.31141,45.584892,27.60118,Text tokens,250,250,"USER:  
 QUESTION: Which one picture follows the same pattern or rule established by the previous pictures?
OPTIONS:
0: Picture A
1: Picture B
2: Picture C
3: Picture D

Answer with the correct option from 0 to 3. Only provide the numeric and nothing else 


Answer:  ASSISTANT: 0",0,0,IQ Test,"USER:  
 QUESTION: Which one picture follows the same pattern or rule established by the previous pictures?
OPTIONS:
0: Picture A
1: Picture B
2: Picture C
3: Picture D

Answer with the correct option from 0 to 3. Only provide the numeric and nothing else 


Answer:  ASSISTANT:",10000,0,IQ Test
5,31.347637,28.569921,38.782246,48.37213,51.130238,52.12688,51.445618,52.774418,52.293457,52.023617,52.217697,51.176373,49.236916,49.256653,49.249886,48.957592,50.44945,50.222237,50.87101,49.94298,49.619957,49.554214,49.581005,48.50353,48.85621,48.173885,48.663666,47.893345,48.20649,47.81079,47.681072,46.74652,28.445147,Text tokens,228,228,"USER:  
 QUESTION: Which one picture follows the same pattern or rule established by the previous pictures?
OPTIONS:
0: Picture A
1: Picture B
2: Picture C
3: Picture D

Answer with the correct option from 0 to 3. Only provide the numeric and nothing else 


Answer:  ASSISTANT: 0",0,1,IQ Test,"USER:  
 QUESTION: Which one picture follows the same pattern or rule established by the previous pictures?
OPTIONS:
0: Picture A
1: Picture B
2: Picture C
3: Picture D

Answer with the correct option from 0 to 3. Only provide the numeric and nothing else 


Answer:  ASSISTANT:",10000,1,IQ Test
6,31.347637,28.223763,38.084057,48.38381,50.95813,51.67689,51.26353,52.6858,52.394127,52.080593,52.170918,51.0431,49.11892,48.964108,48.869717,48.544132,49.67071,49.357536,50.015644,49.33213,49.036877,48.95668,48.538654,47.46806,47.818382,46.97362,47.397865,46.459423,46.975685,46.47181,46.4196,45.619473,27.454178,Text tokens,142,142,"USER:  
 QUESTION: Which one picture follows the same pattern or rule established by the previous pictures?
OPTIONS:
0: Picture A
1: Picture B
2: Picture C
3: Picture D

Answer with the correct option from 0 to 3. Only provide the numeric and nothing else 


Answer:  ASSISTANT: 0",0,3,IQ Test,"USER:  
 QUESTION: Which one picture follows the same pattern or rule established by the previous pictures?
OPTIONS:
0: Picture A
1: Picture B
2: Picture C
3: Picture D

Answer with the correct option from 0 to 3. Only provide the numeric and nothing else 


Answer:  ASSISTANT:",10000,3,IQ Test
7,25.428677,24.574621,34.407146,44.567753,47.861694,48.921513,48.83649,49.026226,49.191505,49.270435,49.29892,47.50746,45.554844,45.894737,45.32089,45.391254,46.486336,46.16063,47.009716,46.553593,46.180027,46.089203,46.437996,45.621403,45.96634,45.440617,46.61273,45.73881,46.4116,46.07102,46.34607,45.70791,28.273392,Text tokens,104,104,"USER:  
 QUESTION: How many signs with arrows are in the picture?
OPTIONS:
0: 4
1: 1
2: 2
3: 3

Answer with the correct option from 0 to 3. Only provide the numeric and nothing else 


Answer:  ASSISTANT: 1",1,2,Counting,"USER:  
 QUESTION: How many signs with arrows are in the picture?
OPTIONS:
0: 4
1: 1
2: 2
3: 3

Answer with the correct option from 0 to 3. Only provide the numeric and nothing else 


Answer:  ASSISTANT:",10000,2,Counting
8,38.255657,33.393787,47.549534,60.522026,64.1091,64.25016,62.90696,64.40128,64.205925,64.676186,64.397804,63.09018,61.34462,61.52948,61.534378,61.094368,62.391327,61.76953,62.22895,60.942776,60.210835,58.747124,58.876858,57.496414,57.939793,56.835255,57.83393,56.426666,57.09145,56.485,56.353283,55.73854,33.544014,Text tokens,558,600,"USER:  
 QUESTION: Consider the surface color (color without shading) of the two points in the image. Which one is darker, or the color is about the same?
OPTIONS:
0: A is darker
1: B is darker
2: About the same

Answer with the correct option from 0 to 2. Only provide the numeric and nothing else 


Answer:  ASSISTANT: 0",0,2,Relative Reflectance,"USER:  
 QUESTION: Consider the surface color (color without shading) of the two points in the image. Which one is darker, or the color is about the same?
OPTIONS:
0: A is darker
1: B is darker
2: About the same

Answer with the correct option from 0 to 2. Only provide the numeric and nothing else 


Answer:  ASSISTANT:",10000,2,Relative Reflectance
9,23.758839,23.412296,32.533638,42.206867,45.233738,46.039574,46.306843,47.25699,47.56811,47.48058,48.191822,47.089497,45.461884,45.121216,44.38993,43.85996,44.80602,44.189827,45.119713,44.6661,44.492485,44.738617,45.07637,44.303493,44.57271,44.253944,45.366035,44.49893,45.077072,44.75735,44.85022,44.251534,28.29853,Text tokens,89,89,"USER:  
 QUESTION: How many signs have black letters?
OPTIONS:
0: 2
1: 1
2: 4
3: 3

Answer with the correct option from 0 to 3. Only provide the numeric and nothing else 


Answer:  ASSISTANT: 3",3,0,Counting,"USER:  
 QUESTION: How many signs have black letters?
OPTIONS:
0: 2
1: 1
2: 4
3: 3

Answer with the correct option from 0 to 3. Only provide the numeric and nothing else 


Answer:  ASSISTANT:",10000,0,Counting
10,38.255657,33.441578,47.479515,60.339684,63.765533,64.1528,63.081604,64.53962,64.33575,64.70178,64.58928,63.329468,61.693325,61.91184,61.829533,61.142715,62.26174,61.64607,62.13587,60.88102,59.96008,58.411873,58.543262,57.242577,57.839535,57.0317,57.99701,56.666374,57.454147,56.95034,57.090363,56.436996,34.352825,Text tokens,604,646,"USER:  
 QUESTION: Consider the surface color (color without shading) of the two points in the image. Which one is darker, or the color is about the same?
OPTIONS:
0: A is darker
1: B is darker
2: About the same

Answer with the correct option from 0 to 2. Only provide the numeric and nothing else 


Answer:  ASSISTANT: 0",0,0,Relative Reflectance,"USER:  
 QUESTION: Consider the surface color (color without shading) of the two points in the image. Which one is darker, or the color is about the same?
OPTIONS:
0: A is darker
1: B is darker
2: About the same

Answer with the correct option from 0 to 2. Only provide the numeric and nothing else 


Answer:  ASSISTANT:",10000,0,Relative Reflectance
11,25.786362,24.016062,34.771,44.406334,46.847855,47.082962,46.507957,46.625362,46.985416,46.680477,46.834972,46.33409,45.376263,45.125492,44.80093,44.327625,45.269722,44.946133,45.3682,44.59521,44.368504,44.061985,44.193905,43.2406,43.751602,43.202103,44.045147,43.111946,43.94699,43.97568,44.370987,43.9092,28.174479,Text tokens,432,454,"USER:  
 QUESTION: Which point is closer to the camera?
OPTIONS:
0: A is closer
1: B is closer

Answer with the correct option from 0 to 1. Only provide the numeric and nothing else 


Answer:  ASSISTANT: 0",0,0,Relative Depth,"USER:  
 QUESTION: Which point is closer to the camera?
OPTIONS:
0: A is closer
1: B is closer

Answer with the correct option from 0 to 1. Only provide the numeric and nothing else 


Answer:  ASSISTANT:",10000,0,Relative Depth
12,26.672403,25.62941,35.400246,44.920753,47.87971,48.464817,48.328133,48.745174,48.543423,48.394386,48.312374,46.594326,45.249004,45.904255,45.30854,45.339924,46.231438,45.829556,46.62333,46.362175,46.076733,46.444294,46.931232,46.19442,46.64107,46.607292,47.763428,47.083138,47.562916,47.12515,47.223763,46.219868,28.13813,Text tokens,32,32,"USER:  
 QUESTION: How many white pillows are in this image?
OPTIONS:
0: 5
1: 3
2: 4
3: 6

Answer with the correct option from 0 to 3. Only provide the numeric and nothing else 


Answer:  ASSISTANT: 3",3,2,Counting,"USER:  
 QUESTION: How many white pillows are in this image?
OPTIONS:
0: 5
1: 3
2: 4
3: 6

Answer with the correct option from 0 to 3. Only provide the numeric and nothing else 


Answer:  ASSISTANT:",10000,2,Counting
13,25.31569,24.621948,34.41968,44.670532,47.957905,48.845947,49.01716,48.587532,48.963398,49.16303,49.297817,47.71305,46.26018,46.747692,46.36374,46.32079,47.344185,46.98394,47.619446,47.08319,46.460354,46.416,46.750298,46.06855,46.346115,46.177326,47.28758,46.345013,46.89918,46.584984,46.59805,45.437637,27.000227,Text tokens,30,30,"USER:  
 QUESTION: How many green train carts are in the picture?
OPTIONS:
0: 1
1: 0
2: 3
3: 2

Answer with the correct option from 0 to 3. Only provide the numeric and nothing else 


Answer:  ASSISTANT: 3",3,0,Counting,"USER:  
 QUESTION: How many green train carts are in the picture?
OPTIONS:
0: 1
1: 0
2: 3
3: 2

Answer with the correct option from 0 to 3. Only provide the numeric and nothing else 


Answer:  ASSISTANT:",10000,0,Counting
14,23.884508,23.73136,32.97087,43.263683,46.39986,47.29698,47.36191,47.566143,47.490833,47.320477,48.11287,47.024986,45.91307,45.995205,45.38564,45.10001,46.149483,45.655357,46.301826,45.64444,45.175957,45.285656,45.577812,44.819607,45.080585,44.85833,45.864006,44.939037,45.513004,45.100998,45.07783,44.351265,27.0402,Text tokens,95,95,"USER:  
 QUESTION: How many sinking boats are there?
OPTIONS:
0: 3
1: 2
2: 1
3: 0

Answer with the correct option from 0 to 3. Only provide the numeric and nothing else 


Answer:  ASSISTANT: 0",0,3,Counting,"USER:  
 QUESTION: How many sinking boats are there?
OPTIONS:
0: 3
1: 2
2: 1
3: 0

Answer with the correct option from 0 to 3. Only provide the numeric and nothing else 


Answer:  ASSISTANT:",10000,3,Counting
15,31.347637,28.315483,38.366314,48.291794,51.15611,52.0521,51.331207,52.693863,52.316177,51.944866,52.197094,51.10057,49.18707,49.085224,49.074516,48.814487,50.232975,50.047318,50.6952,49.775513,49.566208,49.573643,49.5242,48.38667,48.653137,47.915592,48.323647,47.68051,47.909798,47.447445,47.20331,46.337364,28.128609,Text tokens,223,223,"USER:  
 QUESTION: Which one picture follows the same pattern or rule established by the previous pictures?
OPTIONS:
0: Picture A
1: Picture B
2: Picture C
3: Picture D

Answer with the correct option from 0 to 3. Only provide the numeric and nothing else 


Answer:  ASSISTANT: 0",0,3,IQ Test,"USER:  
 QUESTION: Which one picture follows the same pattern or rule established by the previous pictures?
OPTIONS:
0: Picture A
1: Picture B
2: Picture C
3: Picture D

Answer with the correct option from 0 to 3. Only provide the numeric and nothing else 


Answer:  ASSISTANT:",10000,3,IQ Test
16,31.347637,27.97658,37.86873,47.837322,50.687252,51.635002,51.173603,52.641388,52.376236,52.01723,52.045723,50.844368,49.00526,48.932774,48.953785,48.807835,49.913197,49.62169,50.384575,49.702045,49.42421,49.425,49.17177,48.169437,48.555157,47.71809,48.18419,47.42626,47.92589,47.469532,47.475246,46.70538,28.644958,Text tokens,238,238,"USER:  
 QUESTION: Which one picture follows the same pattern or rule established by the previous pictures?
OPTIONS:
0: Picture A
1: Picture B
2: Picture C
3: Picture D

Answer with the correct option from 0 to 3. Only provide the numeric and nothing else 


Answer:  ASSISTANT: 0",0,2,IQ Test,"USER:  
 QUESTION: Which one picture follows the same pattern or rule established by the previous pictures?
OPTIONS:
0: Picture A
1: Picture B
2: Picture C
3: Picture D

Answer with the correct option from 0 to 3. Only provide the numeric and nothing else 


Answer:  ASSISTANT:",10000,2,IQ Test
17,38.255657,33.09602,47.094055,60.233486,63.848297,64.081566,62.871487,64.29489,64.24179,64.79555,64.71484,63.232243,61.70359,61.850792,61.783344,61.33585,62.325134,61.739964,62.272736,60.96149,60.114124,58.650505,58.765503,57.458675,58.005,57.10354,58.13029,56.628227,57.40581,56.89879,56.82601,56.179264,34.741302,Text tokens,517,559,"USER:  
 QUESTION: Consider the surface color (color without shading) of the two points in the image. Which one is darker, or the color is about the same?
OPTIONS:
0: A is darker
1: B is darker
2: About the same

Answer with the correct option from 0 to 2. Only provide the numeric and nothing else 


Answer:  ASSISTANT: 0",0,2,Relative Reflectance,"USER:  
 QUESTION: Consider the surface color (color without shading) of the two points in the image. Which one is darker, or the color is about the same?
OPTIONS:
0: A is darker
1: B is darker
2: About the same

Answer with the correct option from 0 to 2. Only provide the numeric and nothing else 


Answer:  ASSISTANT:",10000,2,Relative Reflectance
18,27.67201,24.910913,36.485683,46.247997,48.183857,48.312096,47.59219,47.891,47.88518,47.584442,47.56521,46.59668,45.110184,44.867493,44.194218,43.27516,44.279354,43.95824,44.80949,44.07039,43.805664,43.520508,43.79837,42.661743,43.003654,42.30217,43.329292,42.441048,43.172222,43.085796,43.679424,43.826946,29.281698,Text tokens,616,673,"USER:  
 QUESTION: Is the motorcycle at the left side of the train?
OPTIONS:
0: yes
1: no

Answer with the correct option from 0 to 1. Only provide the numeric and nothing else 


Answer:  ASSISTANT: 0",0,1,Spatial Relation,"USER:  
 QUESTION: Is the motorcycle at the left side of the train?
OPTIONS:
0: yes
1: no

Answer with the correct option from 0 to 1. Only provide the numeric and nothing else 


Answer:  ASSISTANT:",10000,1,Spatial Relation
19,23.928026,23.627388,33.106506,43.2945,46.439816,47.387005,47.357754,47.633953,47.63162,47.820934,48.248775,46.441593,44.66284,44.819397,44.407055,44.236755,45.23734,44.61342,45.365185,44.66809,44.283653,44.342342,44.760105,44.129623,44.469112,44.303555,45.311058,44.45729,45.040222,44.76752,44.68894,43.985615,27.379751,Text tokens,27,27,"USER:  
 QUESTION: How many people are sitting on the bed?
OPTIONS:
0: 3
1: 1
2: 2
3: 0

Answer with the correct option from 0 to 3. Only provide the numeric and nothing else 


Answer:  ASSISTANT: 2",2,1,Counting,"USER:  
 QUESTION: How many people are sitting on the bed?
OPTIONS:
0: 3
1: 1
2: 2
3: 0

Answer with the correct option from 0 to 3. Only provide the numeric and nothing else 


Answer:  ASSISTANT:",10000,1,Counting
20,38.255657,33.149265,47.315334,60.32296,63.954758,64.506355,63.222687,64.71018,64.61072,64.915085,64.6682,63.16465,61.418648,61.67773,61.71092,61.52378,62.74866,62.009876,62.484303,61.17424,60.424038,58.91213,59.096607,57.567795,58.038143,57.170345,58.10236,56.760857,57.424603,56.80681,56.798954,56.19612,34.256027,Text tokens,574,616,"USER:  
 QUESTION: Consider the surface color (color without shading) of the two points in the image. Which one is darker, or the color is about the same?
OPTIONS:
0: A is darker
1: B is darker
2: About the same

Answer with the correct option from 0 to 2. Only provide the numeric and nothing else 


Answer:  ASSISTANT: 0",0,1,Relative Reflectance,"USER:  
 QUESTION: Consider the surface color (color without shading) of the two points in the image. Which one is darker, or the color is about the same?
OPTIONS:
0: A is darker
1: B is darker
2: About the same

Answer with the correct option from 0 to 2. Only provide the numeric and nothing else 


Answer:  ASSISTANT:",10000,1,Relative Reflectance
21,31.347637,28.435604,38.28815,48.347736,50.85239,51.604725,51.20854,52.60172,52.317047,51.98715,52.25176,51.281998,49.52631,49.539047,49.52085,49.321686,50.500187,50.182095,50.74096,49.933445,49.5181,49.402065,48.94635,48.01142,48.4503,47.753216,48.078915,47.033306,47.54629,47.03612,47.056335,46.278107,27.37053,Text tokens,203,203,"USER:  
 QUESTION: Which one picture follows the same pattern or rule established by the previous pictures?
OPTIONS:
0: Picture A
1: Picture B
2: Picture C
3: Picture D

Answer with the correct option from 0 to 3. Only provide the numeric and nothing else 


Answer:  ASSISTANT: 0",0,1,IQ Test,"USER:  
 QUESTION: Which one picture follows the same pattern or rule established by the previous pictures?
OPTIONS:
0: Picture A
1: Picture B
2: Picture C
3: Picture D

Answer with the correct option from 0 to 3. Only provide the numeric and nothing else 


Answer:  ASSISTANT:",10000,1,IQ Test
22,27.22821,24.973133,36.130943,45.026608,46.927258,47.200314,46.601013,46.8935,47.154278,46.729862,46.419765,45.408737,43.874348,43.662567,42.990913,41.79964,42.766975,42.66574,43.61478,42.940746,42.833435,42.595673,42.742584,41.83671,42.270527,41.73169,42.790035,41.929047,42.565334,42.63046,43.200092,43.411507,29.920914,Text tokens,665,788,"USER:  
 QUESTION: Is the person facing the frisbee?
OPTIONS:
0: yes
1: no

Answer with the correct option from 0 to 1. Only provide the numeric and nothing else 


Answer:  ASSISTANT: 0",0,1,Spatial Relation,"USER:  
 QUESTION: Is the person facing the frisbee?
OPTIONS:
0: yes
1: no

Answer with the correct option from 0 to 1. Only provide the numeric and nothing else 


Answer:  ASSISTANT:",10000,1,Spatial Relation
23,25.786362,24.735226,34.908417,44.52087,46.961216,47.15828,46.386143,46.62509,47.124886,46.88654,46.95993,46.475986,45.542904,45.40028,44.87537,44.50847,45.469433,45.200974,45.72623,45.107548,44.833298,44.608982,44.82807,43.987648,44.499325,43.858955,44.833466,43.875645,44.70192,44.57541,44.9822,44.516296,28.198732,Text tokens,429,451,"USER:  
 QUESTION: Which point is closer to the camera?
OPTIONS:
0: A is closer
1: B is closer

Answer with the correct option from 0 to 1. Only provide the numeric and nothing else 


Answer:  ASSISTANT: 0",0,0,Relative Depth,"USER:  
 QUESTION: Which point is closer to the camera?
OPTIONS:
0: A is closer
1: B is closer

Answer with the correct option from 0 to 1. Only provide the numeric and nothing else 


Answer:  ASSISTANT:",10000,0,Relative Depth
24,31.347637,28.197615,37.98998,48.120956,50.65509,51.312653,50.837627,52.208412,51.89374,51.645405,51.855625,50.882763,49.03707,49.158993,49.420357,49.29073,50.54643,50.343323,51.0192,50.179344,49.764618,49.768303,49.597313,48.573544,49.01189,48.041386,48.652054,47.772324,48.22982,47.67216,47.58281,46.691666,27.650452,Text tokens,225,225,"USER:  
 QUESTION: Which one picture follows the same pattern or rule established by the previous pictures?
OPTIONS:
0: Picture A
1: Picture B
2: Picture C
3: Picture D

Answer with the correct option from 0 to 3. Only provide the numeric and nothing else 


Answer:  ASSISTANT: 0",0,0,IQ Test,"USER:  
 QUESTION: Which one picture follows the same pattern or rule established by the previous pictures?
OPTIONS:
0: Picture A
1: Picture B
2: Picture C
3: Picture D

Answer with the correct option from 0 to 3. Only provide the numeric and nothing else 


Answer:  ASSISTANT:",10000,0,IQ Test
25,25.786362,24.548239,35.257748,44.792675,47.164227,47.04811,46.329517,46.554535,46.94525,46.559402,46.78143,46.38822,45.45762,45.222424,44.743633,44.495495,45.320072,45.089966,45.50692,44.6979,44.379463,44.008762,43.933357,43.021263,43.615936,42.90759,43.843647,42.842228,43.746796,43.65113,44.18343,43.903954,28.443567,Text tokens,459,496,"USER:  
 QUESTION: Which point is closer to the camera?
OPTIONS:
0: A is closer
1: B is closer

Answer with the correct option from 0 to 1. Only provide the numeric and nothing else 


Answer:  ASSISTANT: 0",0,0,Relative Depth,"USER:  
 QUESTION: Which point is closer to the camera?
OPTIONS:
0: A is closer
1: B is closer

Answer with the correct option from 0 to 1. Only provide the numeric and nothing else 


Answer:  ASSISTANT:",10000,0,Relative Depth
26,38.255657,33.272617,47.356525,60.40033,63.743774,63.823612,62.644356,64.007904,64.02766,64.19996,63.947926,62.731762,61.21991,61.449875,61.498,61.111233,62.163258,61.664295,62.02815,60.777126,59.976234,58.46337,58.65892,57.156605,57.664227,56.585743,57.647564,56.22587,56.921886,56.435547,56.58442,55.974518,35.046356,Text tokens,603,645,"USER:  
 QUESTION: Consider the surface color (color without shading) of the two points in the image. Which one is darker, or the color is about the same?
OPTIONS:
0: A is darker
1: B is darker
2: About the same

Answer with the correct option from 0 to 2. Only provide the numeric and nothing else 


Answer:  ASSISTANT: 0",0,0,Relative Reflectance,"USER:  
 QUESTION: Consider the surface color (color without shading) of the two points in the image. Which one is darker, or the color is about the same?
OPTIONS:
0: A is darker
1: B is darker
2: About the same

Answer with the correct option from 0 to 2. Only provide the numeric and nothing else 


Answer:  ASSISTANT:",10000,0,Relative Reflectance
27,32.53424,28.787445,40.224464,49.223537,51.267967,51.397903,50.90351,51.512203,51.477,50.961685,51.433144,50.7561,49.272472,49.168144,48.864685,48.255802,49.50718,49.130016,49.809048,49.082985,49.104324,48.822144,48.969604,47.87276,48.52023,47.96274,48.818943,47.930016,48.508293,48.417675,48.62805,48.28601,31.38144,Text tokens,284,284,"USER:  
 QUESTION: Which bounding box more accurately localizes and encloses the horse?
OPTIONS:
0: Box A
1: Box B

Answer with the correct option from 0 to 1. Only provide the numeric and nothing else 


Answer:  ASSISTANT: 0",0,1,Object Localization,"USER:  
 QUESTION: Which bounding box more accurately localizes and encloses the horse?
OPTIONS:
0: Box A
1: Box B

Answer with the correct option from 0 to 1. Only provide the numeric and nothing else 


Answer:  ASSISTANT:",10000,1,Object Localization
28,24.673668,24.04199,33.426105,43.92085,47.20206,48.452663,48.925327,49.301674,49.257557,48.94359,49.361538,48.192844,46.562187,46.81614,46.100857,45.523163,46.388523,45.70744,46.33927,45.6321,45.116043,45.24301,45.5926,44.783993,45.199543,44.80625,46.013706,45.18676,45.913853,45.56577,45.764668,44.892876,27.372747,Text tokens,6,6,"USER:  
 QUESTION: How many baseball players are looking towards the camera?
OPTIONS:
0: 3
1: 2
2: 1
3: 0

Answer with the correct option from 0 to 3. Only provide the numeric and nothing else 


Answer:  ASSISTANT: 2",2,2,Counting,"USER:  
 QUESTION: How many baseball players are looking towards the camera?
OPTIONS:
0: 3
1: 2
2: 1
3: 0

Answer with the correct option from 0 to 3. Only provide the numeric and nothing else 


Answer:  ASSISTANT:",10000,2,Counting
29,31.347637,28.054321,38.411858,48.2382,50.955223,51.758774,51.23855,52.573032,52.22047,51.872272,52.09022,51.08357,49.188396,49.10887,49.08406,48.817627,49.963795,49.524536,50.162483,49.286133,48.894974,48.687714,48.287346,47.131313,47.575924,46.575123,47.069294,46.185276,46.772232,46.324684,46.388195,45.70613,27.735903,Text tokens,163,163,"USER:  
 QUESTION: Which one picture follows the same pattern or rule established by the previous pictures?
OPTIONS:
0: Picture A
1: Picture B
2: Picture C
3: Picture D

Answer with the correct option from 0 to 3. Only provide the numeric and nothing else 


Answer:  ASSISTANT: 0",0,2,IQ Test,"USER:  
 QUESTION: Which one picture follows the same pattern or rule established by the previous pictures?
OPTIONS:
0: Picture A
1: Picture B
2: Picture C
3: Picture D

Answer with the correct option from 0 to 3. Only provide the numeric and nothing else 


Answer:  ASSISTANT:",10000,2,IQ Test
30,34.14748,29.324,41.17157,50.0826,52.2575,52.319836,51.901142,52.541862,52.43262,51.857357,52.352837,51.773296,50.30098,50.386406,50.103165,49.485313,50.43449,49.83037,50.427074,49.769375,49.78445,49.505436,49.634514,48.482403,49.14212,48.707928,49.54344,48.722378,49.35364,49.13624,49.434772,48.991886,32.566574,Text tokens,348,348,"USER:  
 QUESTION: Which bounding box more accurately localizes and encloses the nightshirt?
OPTIONS:
0: Box A
1: Box B

Answer with the correct option from 0 to 1. Only provide the numeric and nothing else 


Answer:  ASSISTANT: 0",0,1,Object Localization,"USER:  
 QUESTION: Which bounding box more accurately localizes and encloses the nightshirt?
OPTIONS:
0: Box A
1: Box B

Answer with the correct option from 0 to 1. Only provide the numeric and nothing else 


Answer:  ASSISTANT:",10000,1,Object Localization
31,31.347637,28.072514,37.974297,47.94638,50.622456,51.502792,51.037987,52.400017,52.10106,51.85127,52.176826,51.190308,49.401447,49.330547,49.355255,49.05656,50.21894,49.8029,50.284428,49.46054,49.1265,48.985485,48.631237,47.508263,47.94287,46.900276,47.39547,46.516727,47.00071,46.58305,46.605473,45.936638,27.598032,Text tokens,159,159,"USER:  
 QUESTION: Which one picture follows the same pattern or rule established by the previous pictures?
OPTIONS:
0: Picture A
1: Picture B
2: Picture C
3: Picture D

Answer with the correct option from 0 to 3. Only provide the numeric and nothing else 


Answer:  ASSISTANT: 0",0,3,IQ Test,"USER:  
 QUESTION: Which one picture follows the same pattern or rule established by the previous pictures?
OPTIONS:
0: Picture A
1: Picture B
2: Picture C
3: Picture D

Answer with the correct option from 0 to 3. Only provide the numeric and nothing else 


Answer:  ASSISTANT:",10000,3,IQ Test
32,31.347637,28.095974,37.8006,47.855392,50.675663,51.479946,51.127357,52.515125,52.24554,51.935703,52.04138,50.964954,48.991875,48.79325,48.827152,48.752277,49.913937,49.577084,50.188652,49.433754,49.088158,48.9005,48.465027,47.251797,47.722225,46.72335,47.402344,46.297123,46.946194,46.4163,46.483692,45.82396,28.89746,Text tokens,220,220,"USER:  
 QUESTION: Which one picture follows the same pattern or rule established by the previous pictures?
OPTIONS:
0: Picture A
1: Picture B
2: Picture C
3: Picture D

Answer with the correct option from 0 to 3. Only provide the numeric and nothing else 


Answer:  ASSISTANT: 0",0,3,IQ Test,"USER:  
 QUESTION: Which one picture follows the same pattern or rule established by the previous pictures?
OPTIONS:
0: Picture A
1: Picture B
2: Picture C
3: Picture D

Answer with the correct option from 0 to 3. Only provide the numeric and nothing else 


Answer:  ASSISTANT:",10000,3,IQ Test
33,34.13328,29.420967,41.21255,50.428852,52.622,52.756905,52.435898,52.99748,52.856564,52.234417,52.266697,51.429073,49.6161,49.693382,49.28772,48.983,50.088223,49.6234,50.29556,49.946682,49.852497,49.688694,50.0064,48.817013,49.475063,49.015755,49.85649,49.015427,49.63905,49.37886,49.80521,49.522423,33.084423,Text tokens,344,344,"USER:  
 QUESTION: Which bounding box more accurately localizes and encloses the tablecloth?
OPTIONS:
0: Box A
1: Box B

Answer with the correct option from 0 to 1. Only provide the numeric and nothing else 


Answer:  ASSISTANT: 0",0,0,Object Localization,"USER:  
 QUESTION: Which bounding box more accurately localizes and encloses the tablecloth?
OPTIONS:
0: Box A
1: Box B

Answer with the correct option from 0 to 1. Only provide the numeric and nothing else 


Answer:  ASSISTANT:",10000,0,Object Localization
34,24.547895,23.96777,33.128136,43.152874,46.710102,47.370087,47.462597,47.93809,48.041836,48.086063,48.621338,47.26832,45.820385,45.71607,45.171474,45.002243,45.88365,45.531563,46.60407,46.19768,45.828003,46.11898,46.473072,45.787167,46.173836,45.931427,46.91173,46.139725,46.635212,46.32209,46.46698,45.652756,27.763712,Text tokens,94,94,"USER:  
 QUESTION: How many people without hats are there?
OPTIONS:
0: 0
1: 3
2: 1
3: 2

Answer with the correct option from 0 to 3. Only provide the numeric and nothing else 


Answer:  ASSISTANT: 3",3,0,Counting,"USER:  
 QUESTION: How many people without hats are there?
OPTIONS:
0: 0
1: 3
2: 1
3: 2

Answer with the correct option from 0 to 3. Only provide the numeric and nothing else 


Answer:  ASSISTANT:",10000,0,Counting
35,32.533737,28.851498,40.329956,49.551914,51.65906,51.822193,51.130417,51.413723,51.39952,50.994736,51.108173,50.319187,48.590538,48.433926,48.104946,47.68095,48.873528,48.672405,49.370773,48.99088,49.04588,49.038338,49.36679,48.26266,48.894764,48.49262,49.28571,48.56067,49.1356,48.938583,49.14419,48.696552,31.75855,Text tokens,389,389,"USER:  
 QUESTION: Which bounding box more accurately localizes and encloses the chair?
OPTIONS:
0: Box A
1: Box B

Answer with the correct option from 0 to 1. Only provide the numeric and nothing else 


Answer:  ASSISTANT: 0",0,0,Object Localization,"USER:  
 QUESTION: Which bounding box more accurately localizes and encloses the chair?
OPTIONS:
0: Box A
1: Box B

Answer with the correct option from 0 to 1. Only provide the numeric and nothing else 


Answer:  ASSISTANT:",10000,0,Object Localization
36,26.048824,24.680601,34.928555,45.06561,48.743465,50.009205,49.95625,50.02998,49.64516,49.46769,49.490314,47.761585,46.16893,46.322266,45.921585,46.02776,46.911533,46.303017,47.051014,46.230118,45.918877,46.16798,46.69097,45.967766,46.40192,46.194584,47.26565,46.353153,46.809734,46.30671,46.266636,45.436317,28.270067,Text tokens,99,99,"USER:  
 QUESTION: How many white fridges are there in the image ?
OPTIONS:
0: 3
1: 2
2: 0
3: 1

Answer with the correct option from 0 to 3. Only provide the numeric and nothing else 


Answer:  ASSISTANT: 2",2,3,Counting,"USER:  
 QUESTION: How many white fridges are there in the image ?
OPTIONS:
0: 3
1: 2
2: 0
3: 1

Answer with the correct option from 0 to 3. Only provide the numeric and nothing else 


Answer:  ASSISTANT:",10000,3,Counting
37,33.32435,29.721262,41.391434,50.238647,52.086716,52.31629,51.675423,52.202076,52.21187,51.56189,51.854496,51.197533,49.456886,49.35375,49.08749,48.557602,49.528797,48.983864,49.600163,48.978127,49.047554,48.92371,49.105633,47.805817,48.540695,47.979187,48.876595,48.053566,48.712223,48.353497,48.67515,48.39151,31.380405,Text tokens,367,367,"USER:  
 QUESTION: Which bounding box more accurately localizes and encloses the computer keyboard?
OPTIONS:
0: Box A
1: Box B

Answer with the correct option from 0 to 1. Only provide the numeric and nothing else 


Answer:  ASSISTANT: 0",0,0,Object Localization,"USER:  
 QUESTION: Which bounding box more accurately localizes and encloses the computer keyboard?
OPTIONS:
0: Box A
1: Box B

Answer with the correct option from 0 to 1. Only provide the numeric and nothing else 


Answer:  ASSISTANT:",10000,0,Object Localization
38,32.527866,28.419893,39.86109,48.92071,50.963364,51.11681,50.81474,51.27299,51.349483,50.887035,51.070778,50.39027,48.82467,48.918327,48.839897,47.969524,49.16287,48.875153,49.44023,48.669563,48.723717,48.384182,48.560974,47.408173,48.094402,47.541203,48.358685,47.421997,48.030357,47.888184,48.188946,47.95132,31.203857,Text tokens,352,352,"USER:  
 QUESTION: Which bounding box more accurately localizes and encloses the control?
OPTIONS:
0: Box A
1: Box B

Answer with the correct option from 0 to 1. Only provide the numeric and nothing else 


Answer:  ASSISTANT: 0",0,1,Object Localization,"USER:  
 QUESTION: Which bounding box more accurately localizes and encloses the control?
OPTIONS:
0: Box A
1: Box B

Answer with the correct option from 0 to 1. Only provide the numeric and nothing else 


Answer:  ASSISTANT:",10000,1,Object Localization
39,25.663116,23.826561,34.21791,43.305813,45.787807,46.22839,45.61363,45.924625,45.98956,45.645714,45.76376,44.53299,43.08026,42.99501,42.09838,41.218643,42.000435,41.71808,42.517105,41.622803,41.503532,41.371033,41.372326,40.589474,40.987625,40.513,41.311024,40.672382,41.185184,41.114197,41.49559,41.427025,26.72553,Text tokens,618,677,"USER:  
 QUESTION: Does the car contain the donut?
OPTIONS:
0: yes
1: no

Answer with the correct option from 0 to 1. Only provide the numeric and nothing else 


Answer:  ASSISTANT: 0",0,0,Spatial Relation,"USER:  
 QUESTION: Does the car contain the donut?
OPTIONS:
0: yes
1: no

Answer with the correct option from 0 to 1. Only provide the numeric and nothing else 


Answer:  ASSISTANT:",10000,0,Spatial Relation
40,34.144745,30.191856,41.514935,50.35052,52.707542,52.91336,52.499878,53.077213,53.142353,52.365917,52.50823,51.69425,50.02954,50.041077,49.90833,49.180943,50.319256,50.081287,50.59304,49.9502,49.846317,49.68379,49.746643,48.685165,49.312275,48.746986,49.682476,48.78607,49.568645,49.30995,49.563164,49.123795,32.31161,Text tokens,270,270,"USER:  
 QUESTION: Which bounding box more accurately localizes and encloses the fireplug?
OPTIONS:
0: Box A
1: Box B

Answer with the correct option from 0 to 1. Only provide the numeric and nothing else 


Answer:  ASSISTANT: 0",0,0,Object Localization,"USER:  
 QUESTION: Which bounding box more accurately localizes and encloses the fireplug?
OPTIONS:
0: Box A
1: Box B

Answer with the correct option from 0 to 1. Only provide the numeric and nothing else 


Answer:  ASSISTANT:",10000,0,Object Localization
41,24.668282,24.096478,33.900715,44.143063,47.30853,48.47856,48.601753,48.95359,48.954407,48.743187,49.043564,47.9094,46.501736,46.714855,46.34091,46.39799,47.290802,46.80623,47.706135,46.77346,46.238876,46.282856,46.608833,45.67003,46.168255,45.76962,46.937424,45.982357,46.7706,46.527252,46.60728,45.865036,27.92576,Text tokens,44,44,"USER:  
 QUESTION: How many motors are driving near the bus?
OPTIONS:
0: 0
1: 2
2: 3
3: 1

Answer with the correct option from 0 to 3. Only provide the numeric and nothing else 


Answer:  ASSISTANT: 1",1,0,Counting,"USER:  
 QUESTION: How many motors are driving near the bus?
OPTIONS:
0: 0
1: 2
2: 3
3: 1

Answer with the correct option from 0 to 3. Only provide the numeric and nothing else 


Answer:  ASSISTANT:",10000,0,Counting
42,25.786362,24.243338,34.882217,44.55679,46.92994,47.11141,46.272106,46.51714,46.841454,46.414043,46.598225,46.223286,45.211933,44.952477,44.43318,44.29986,45.180317,45.01244,45.548916,44.85888,44.616863,44.547455,44.673023,43.846092,44.4512,43.85919,44.92518,43.810177,44.721607,44.634003,45.049767,44.632133,28.31334,Text tokens,470,509,"USER:  
 QUESTION: Which point is closer to the camera?
OPTIONS:
0: A is closer
1: B is closer

Answer with the correct option from 0 to 1. Only provide the numeric and nothing else 


Answer:  ASSISTANT: 0",0,0,Relative Depth,"USER:  
 QUESTION: Which point is closer to the camera?
OPTIONS:
0: A is closer
1: B is closer

Answer with the correct option from 0 to 1. Only provide the numeric and nothing else 


Answer:  ASSISTANT:",10000,0,Relative Depth
43,38.255657,32.97954,47.112633,60.391693,63.935825,64.167915,62.985546,64.37405,64.25677,64.607445,64.37119,62.95233,61.284218,61.456993,61.41355,60.88674,62.072353,61.52188,62.093845,60.87339,60.072514,58.511116,58.76707,57.45886,57.882324,57.122517,58.006382,56.666042,57.303944,56.815994,56.83203,56.14445,34.36405,Text tokens,549,591,"USER:  
 QUESTION: Consider the surface color (color without shading) of the two points in the image. Which one is darker, or the color is about the same?
OPTIONS:
0: A is darker
1: B is darker
2: About the same

Answer with the correct option from 0 to 2. Only provide the numeric and nothing else 


Answer:  ASSISTANT: 0",0,1,Relative Reflectance,"USER:  
 QUESTION: Consider the surface color (color without shading) of the two points in the image. Which one is darker, or the color is about the same?
OPTIONS:
0: A is darker
1: B is darker
2: About the same

Answer with the correct option from 0 to 2. Only provide the numeric and nothing else 


Answer:  ASSISTANT:",10000,1,Relative Reflectance
44,31.347637,28.379812,38.459053,48.31404,50.959393,51.797836,51.287388,52.477802,52.08531,51.73304,52.021866,51.12536,49.293774,49.27073,49.308197,49.29544,50.340775,49.956184,50.539185,49.795464,49.32748,49.069176,48.70183,47.516216,47.979725,47.253082,47.73557,46.711567,47.323795,46.843742,46.88106,46.088898,28.188816,Text tokens,127,127,"USER:  
 QUESTION: Which one picture follows the same pattern or rule established by the previous pictures?
OPTIONS:
0: Picture A
1: Picture B
2: Picture C
3: Picture D

Answer with the correct option from 0 to 3. Only provide the numeric and nothing else 


Answer:  ASSISTANT: 0",0,1,IQ Test,"USER:  
 QUESTION: Which one picture follows the same pattern or rule established by the previous pictures?
OPTIONS:
0: Picture A
1: Picture B
2: Picture C
3: Picture D

Answer with the correct option from 0 to 3. Only provide the numeric and nothing else 


Answer:  ASSISTANT:",10000,1,IQ Test
45,34.878742,30.360659,42.048927,51.315216,53.501534,53.54949,53.031765,53.529716,53.351906,52.725708,52.859955,52.087395,50.617306,50.588028,50.136806,49.566963,50.558098,50.27205,50.976,50.3604,50.36762,50.13229,50.527283,49.459766,50.17305,49.719135,50.60729,49.94685,50.48651,50.280247,50.478848,50.149784,32.723896,Text tokens,387,387,"USER:  
 QUESTION: Which bounding box more accurately localizes and encloses the shower curtain?
OPTIONS:
0: Box A
1: Box B

Answer with the correct option from 0 to 1. Only provide the numeric and nothing else 


Answer:  ASSISTANT: 0",0,1,Object Localization,"USER:  
 QUESTION: Which bounding box more accurately localizes and encloses the shower curtain?
OPTIONS:
0: Box A
1: Box B

Answer with the correct option from 0 to 1. Only provide the numeric and nothing else 


Answer:  ASSISTANT:",10000,1,Object Localization
46,26.569258,25.469183,34.551537,44.130875,47.319088,48.133152,47.94766,48.52611,48.610664,48.599934,49.33137,48.133053,46.79733,46.974373,46.185345,45.855194,46.6913,46.02627,46.790905,46.311333,45.95904,46.11302,46.372345,45.744293,46.10458,45.994293,47.185,46.43483,46.967014,46.8336,46.920444,46.002247,27.711506,Text tokens,80,80,"USER:  
 QUESTION: How many players are wearing red shirts?
OPTIONS:
0: 1
1: 4
2: 2
3: 3

Answer with the correct option from 0 to 3. Only provide the numeric and nothing else 


Answer:  ASSISTANT: 3",3,2,Counting,"USER:  
 QUESTION: How many players are wearing red shirts?
OPTIONS:
0: 1
1: 4
2: 2
3: 3

Answer with the correct option from 0 to 3. Only provide the numeric and nothing else 


Answer:  ASSISTANT:",10000,2,Counting
47,38.255657,33.193867,47.38146,60.561253,63.97144,64.153076,62.87964,64.319405,64.17171,64.60711,64.507805,63.21997,61.55454,61.66109,61.647327,61.257748,62.40013,61.84772,62.42102,61.081955,60.338646,58.917126,58.97424,57.612118,58.145924,57.31561,58.21004,56.866867,57.516262,56.94988,57.025364,56.36221,33.934826,Text tokens,565,607,"USER:  
 QUESTION: Consider the surface color (color without shading) of the two points in the image. Which one is darker, or the color is about the same?
OPTIONS:
0: A is darker
1: B is darker
2: About the same

Answer with the correct option from 0 to 2. Only provide the numeric and nothing else 


Answer:  ASSISTANT: 0",0,0,Relative Reflectance,"USER:  
 QUESTION: Consider the surface color (color without shading) of the two points in the image. Which one is darker, or the color is about the same?
OPTIONS:
0: A is darker
1: B is darker
2: About the same

Answer with the correct option from 0 to 2. Only provide the numeric and nothing else 


Answer:  ASSISTANT:",10000,0,Relative Reflectance
48,32.534187,28.809689,40.108982,49.12183,51.24801,51.53112,51.110893,51.617153,51.616566,51.006603,51.227448,50.386307,48.738117,48.665085,48.414948,47.713284,48.96365,48.696896,49.38845,48.9182,48.957653,48.92063,49.163235,48.113636,48.737083,48.323,49.12548,48.42021,48.946564,48.701958,48.962738,48.51391,31.49768,Text tokens,300,300,"USER:  
 QUESTION: Which bounding box more accurately localizes and encloses the dress?
OPTIONS:
0: Box A
1: Box B

Answer with the correct option from 0 to 1. Only provide the numeric and nothing else 


Answer:  ASSISTANT: 0",0,1,Object Localization,"USER:  
 QUESTION: Which bounding box more accurately localizes and encloses the dress?
OPTIONS:
0: Box A
1: Box B

Answer with the correct option from 0 to 1. Only provide the numeric and nothing else 


Answer:  ASSISTANT:",10000,1,Object Localization
49,27.655897,24.996996,36.708252,45.952446,47.924137,48.06962,47.10462,47.427425,47.301434,47.040497,46.97247,45.869335,44.427322,44.32491,43.622406,42.938248,43.980446,43.617016,44.347797,43.52449,43.381233,43.141922,43.454063,42.37776,42.784576,42.01203,43.039356,42.29097,42.93289,42.76996,43.314087,43.27795,29.29653,Text tokens,643,735,"USER:  
 QUESTION: Is the cup at the left side of the bowl?
OPTIONS:
0: yes
1: no

Answer with the correct option from 0 to 1. Only provide the numeric and nothing else 


Answer:  ASSISTANT: 0",0,0,Spatial Relation,"USER:  
 QUESTION: Is the cup at the left side of the bowl?
OPTIONS:
0: yes
1: no

Answer with the correct option from 0 to 1. Only provide the numeric and nothing else 


Answer:  ASSISTANT:",10000,0,Spatial Relation
0,26.88039,11.362214,1.3230196,1.5014416,1.5832349,1.671868,1.7461684,1.8400471,1.9410213,2.07193,2.2324827,2.4247878,2.623766,2.8194468,3.058232,3.3349514,3.9774432,4.5794864,5.138962,5.8164287,6.4538527,6.987551,7.507248,8.169764,8.53302,9.042456,9.4853525,9.984165,10.587883,11.211671,11.833959,13.48504,13.667575,Text only tokens,654,765,"USER:  
 QUESTION: Is the dog on the left side of the car?
OPTIONS:
0: yes
1: no

Answer with the correct option from 0 to 1. Only provide the numeric and nothing else 


Answer:  ASSISTANT: 0",0,1,Spatial Relation,"USER:  
 QUESTION: Is the dog on the left side of the car?
OPTIONS:
0: yes
1: no

Answer with the correct option from 0 to 1. Only provide the numeric and nothing else 


Answer:  ASSISTANT:",10000,1,Spatial Relation
1,24.607391,10.810135,1.346366,1.481762,1.6044099,1.7010193,1.7872322,1.8766724,1.9712136,2.089295,2.2374825,2.4158869,2.5997045,2.775645,2.9549332,3.1910012,3.6777864,4.089385,4.469474,4.9965186,5.4369283,5.8567324,6.2625875,6.820397,7.1466074,7.659649,8.048819,8.48782,9.026104,9.641805,10.145906,12.04021,12.622209,Text only tokens,114,114,"USER:  
 QUESTION: How many birds are facing the right of frame?
OPTIONS:
0: 3
1: 2
2: 0
3: 1

Answer with the correct option from 0 to 3. Only provide the numeric and nothing else 


Answer:  ASSISTANT: 2",2,3,Counting,"USER:  
 QUESTION: How many birds are facing the right of frame?
OPTIONS:
0: 3
1: 2
2: 0
3: 1

Answer with the correct option from 0 to 3. Only provide the numeric and nothing else 


Answer:  ASSISTANT:",10000,3,Counting
2,23.876823,10.626618,1.2135825,1.3470547,1.4406309,1.5179965,1.5825145,1.6490518,1.7265389,1.8245194,1.9475752,2.0928922,2.2490187,2.3947449,2.5446208,2.737193,3.1571462,3.5654,3.9450414,4.4605136,4.900995,5.2799296,5.6402197,6.15113,6.462599,6.9530425,7.334849,7.8320527,8.401785,9.079528,9.689579,12.043357,13.099338,Text only tokens,25,25,"USER:  
 QUESTION: How many yellow buses are there?
OPTIONS:
0: 2
1: 0
2: 1
3: 3

Answer with the correct option from 0 to 3. Only provide the numeric and nothing else 


Answer:  ASSISTANT: 2",2,1,Counting,"USER:  
 QUESTION: How many yellow buses are there?
OPTIONS:
0: 2
1: 0
2: 1
3: 3

Answer with the correct option from 0 to 3. Only provide the numeric and nothing else 


Answer:  ASSISTANT:",10000,1,Counting
3,33.340904,12.825708,1.2203044,1.306529,1.4145933,1.4836658,1.5576739,1.6315124,1.7218975,1.8449438,1.9940779,2.1718457,2.367243,2.5469477,2.723208,2.9646037,3.5323188,4.0744877,4.53937,5.1954494,5.752271,6.218879,6.6695504,7.312858,7.7153854,8.310501,8.753479,9.338932,9.985425,10.734826,11.378379,14.188148,13.805699,Text only tokens,281,281,"USER:  
 QUESTION: Which bounding box more accurately localizes and encloses the airplane?
OPTIONS:
0: Box A
1: Box B

Answer with the correct option from 0 to 1. Only provide the numeric and nothing else 


Answer:  ASSISTANT: 0",0,1,Object Localization,"USER:  
 QUESTION: Which bounding box more accurately localizes and encloses the airplane?
OPTIONS:
0: Box A
1: Box B

Answer with the correct option from 0 to 1. Only provide the numeric and nothing else 


Answer:  ASSISTANT:",10000,1,Object Localization
4,31.347637,12.601864,1.5442207,1.6298139,1.7926131,1.8880993,1.9975387,2.0944574,2.1956296,2.3295753,2.5019329,2.7216198,2.92965,3.1368134,3.3457954,3.6319292,4.2723284,4.76289,5.2100396,5.848388,6.3707156,6.9119916,7.425038,8.156419,8.556187,9.122835,9.632517,10.271752,11.007205,11.648735,12.146355,14.336612,14.070769,Text only tokens,250,250,"USER:  
 QUESTION: Which one picture follows the same pattern or rule established by the previous pictures?
OPTIONS:
0: Picture A
1: Picture B
2: Picture C
3: Picture D

Answer with the correct option from 0 to 3. Only provide the numeric and nothing else 


Answer:  ASSISTANT: 0",0,0,IQ Test,"USER:  
 QUESTION: Which one picture follows the same pattern or rule established by the previous pictures?
OPTIONS:
0: Picture A
1: Picture B
2: Picture C
3: Picture D

Answer with the correct option from 0 to 3. Only provide the numeric and nothing else 


Answer:  ASSISTANT:",10000,0,IQ Test
5,31.347637,12.601864,1.5442207,1.6298139,1.7926131,1.8880993,1.9975387,2.0944574,2.1956296,2.3295753,2.5019329,2.7216198,2.92965,3.1368134,3.3457954,3.6319292,4.2723284,4.76289,5.2100396,5.848388,6.3707156,6.9119916,7.425038,8.156419,8.556187,9.122835,9.632517,10.271752,11.007205,11.648735,12.146355,14.336612,14.070769,Text only tokens,228,228,"USER:  
 QUESTION: Which one picture follows the same pattern or rule established by the previous pictures?
OPTIONS:
0: Picture A
1: Picture B
2: Picture C
3: Picture D

Answer with the correct option from 0 to 3. Only provide the numeric and nothing else 


Answer:  ASSISTANT: 0",0,1,IQ Test,"USER:  
 QUESTION: Which one picture follows the same pattern or rule established by the previous pictures?
OPTIONS:
0: Picture A
1: Picture B
2: Picture C
3: Picture D

Answer with the correct option from 0 to 3. Only provide the numeric and nothing else 


Answer:  ASSISTANT:",10000,1,IQ Test
6,31.347637,12.601864,1.5442207,1.6298139,1.7926131,1.8880993,1.9975387,2.0944574,2.1956296,2.3295753,2.5019329,2.7216198,2.92965,3.1368134,3.3457954,3.6319292,4.2723284,4.76289,5.2100396,5.848388,6.3707156,6.9119916,7.425038,8.156419,8.556187,9.122835,9.632517,10.271752,11.007205,11.648735,12.146355,14.336612,14.070769,Text only tokens,142,142,"USER:  
 QUESTION: Which one picture follows the same pattern or rule established by the previous pictures?
OPTIONS:
0: Picture A
1: Picture B
2: Picture C
3: Picture D

Answer with the correct option from 0 to 3. Only provide the numeric and nothing else 


Answer:  ASSISTANT: 0",0,3,IQ Test,"USER:  
 QUESTION: Which one picture follows the same pattern or rule established by the previous pictures?
OPTIONS:
0: Picture A
1: Picture B
2: Picture C
3: Picture D

Answer with the correct option from 0 to 3. Only provide the numeric and nothing else 


Answer:  ASSISTANT:",10000,3,IQ Test
7,25.428677,10.90721,1.4921,1.5374848,1.6836393,1.7496376,1.8443317,1.9347808,2.0336616,2.156682,2.3133273,2.4890535,2.6777885,2.8519115,3.0116758,3.2405975,3.7445571,4.1815295,4.582533,5.1154413,5.564537,5.9930887,6.3876944,6.953718,7.2695904,7.7860847,8.186408,8.621343,9.196375,9.770817,10.238969,12.058492,12.421987,Text only tokens,104,104,"USER:  
 QUESTION: How many signs with arrows are in the picture?
OPTIONS:
0: 4
1: 1
2: 2
3: 3

Answer with the correct option from 0 to 3. Only provide the numeric and nothing else 


Answer:  ASSISTANT: 1",1,2,Counting,"USER:  
 QUESTION: How many signs with arrows are in the picture?
OPTIONS:
0: 4
1: 1
2: 2
3: 3

Answer with the correct option from 0 to 3. Only provide the numeric and nothing else 


Answer:  ASSISTANT:",10000,2,Counting
8,38.255657,16.063103,1.5013726,1.7435002,2.0285833,2.1899452,2.3442407,2.4778454,2.6012099,2.7693076,2.9933197,3.307694,3.6034038,3.858078,4.147596,4.606397,5.560446,6.264718,6.947351,7.8938417,8.708586,9.543454,10.302506,11.347662,11.901177,12.569957,13.202427,13.856526,14.728425,15.230076,15.461215,17.745007,16.475475,Text only tokens,558,600,"USER:  
 QUESTION: Consider the surface color (color without shading) of the two points in the image. Which one is darker, or the color is about the same?
OPTIONS:
0: A is darker
1: B is darker
2: About the same

Answer with the correct option from 0 to 2. Only provide the numeric and nothing else 


Answer:  ASSISTANT: 0",0,2,Relative Reflectance,"USER:  
 QUESTION: Consider the surface color (color without shading) of the two points in the image. Which one is darker, or the color is about the same?
OPTIONS:
0: A is darker
1: B is darker
2: About the same

Answer with the correct option from 0 to 2. Only provide the numeric and nothing else 


Answer:  ASSISTANT:",10000,2,Relative Reflectance
9,23.758839,10.297669,1.2316298,1.2899578,1.3847576,1.4538997,1.5129207,1.5727085,1.6455922,1.7366701,1.8557961,1.9865515,2.1312683,2.268623,2.3961296,2.5752046,2.9604456,3.362866,3.7385826,4.2463274,4.6834445,5.05468,5.4033785,5.904951,6.218318,6.681826,7.05707,7.5434346,8.121178,8.796487,9.408685,11.953849,12.907521,Text only tokens,89,89,"USER:  
 QUESTION: How many signs have black letters?
OPTIONS:
0: 2
1: 1
2: 4
3: 3

Answer with the correct option from 0 to 3. Only provide the numeric and nothing else 


Answer:  ASSISTANT: 3",3,0,Counting,"USER:  
 QUESTION: How many signs have black letters?
OPTIONS:
0: 2
1: 1
2: 4
3: 3

Answer with the correct option from 0 to 3. Only provide the numeric and nothing else 


Answer:  ASSISTANT:",10000,0,Counting
10,38.255657,16.063103,1.5013726,1.7435002,2.0285833,2.1899452,2.3442407,2.4778454,2.6012099,2.7693076,2.9933197,3.307694,3.6034038,3.858078,4.147596,4.606397,5.560446,6.264718,6.947351,7.8938417,8.708586,9.543454,10.302506,11.347662,11.901177,12.569957,13.202427,13.856526,14.728425,15.230076,15.461215,17.745007,16.475475,Text only tokens,604,646,"USER:  
 QUESTION: Consider the surface color (color without shading) of the two points in the image. Which one is darker, or the color is about the same?
OPTIONS:
0: A is darker
1: B is darker
2: About the same

Answer with the correct option from 0 to 2. Only provide the numeric and nothing else 


Answer:  ASSISTANT: 0",0,0,Relative Reflectance,"USER:  
 QUESTION: Consider the surface color (color without shading) of the two points in the image. Which one is darker, or the color is about the same?
OPTIONS:
0: A is darker
1: B is darker
2: About the same

Answer with the correct option from 0 to 2. Only provide the numeric and nothing else 


Answer:  ASSISTANT:",10000,0,Relative Reflectance
11,25.786362,11.35294,1.425758,1.6181369,1.6872281,1.7533631,1.8222189,1.8921392,1.9678025,2.0599496,2.1784863,2.3214755,2.4599903,2.5954194,2.728331,2.8924465,3.2688825,3.5763578,3.906345,4.3500576,4.7369056,5.0776386,5.3954496,5.877847,6.116852,6.5238237,6.8430266,7.252193,7.7597117,8.302175,8.832941,10.185919,11.2342005,Text only tokens,432,454,"USER:  
 QUESTION: Which point is closer to the camera?
OPTIONS:
0: A is closer
1: B is closer

Answer with the correct option from 0 to 1. Only provide the numeric and nothing else 


Answer:  ASSISTANT: 0",0,0,Relative Depth,"USER:  
 QUESTION: Which point is closer to the camera?
OPTIONS:
0: A is closer
1: B is closer

Answer with the correct option from 0 to 1. Only provide the numeric and nothing else 


Answer:  ASSISTANT:",10000,0,Relative Depth
12,26.672403,11.330852,1.3492489,1.4649124,1.5781643,1.6754497,1.7568756,1.8397839,1.9300586,2.0425076,2.18188,2.34634,2.5164728,2.674481,2.8417866,3.048294,3.477586,3.878428,4.213777,4.7061486,5.1142488,5.4963055,5.863977,6.3828936,6.696463,7.1729293,7.537113,7.9827027,8.514716,9.118711,9.6160965,11.501844,12.669822,Text only tokens,32,32,"USER:  
 QUESTION: How many white pillows are in this image?
OPTIONS:
0: 5
1: 3
2: 4
3: 6

Answer with the correct option from 0 to 3. Only provide the numeric and nothing else 


Answer:  ASSISTANT: 3",3,2,Counting,"USER:  
 QUESTION: How many white pillows are in this image?
OPTIONS:
0: 5
1: 3
2: 4
3: 6

Answer with the correct option from 0 to 3. Only provide the numeric and nothing else 


Answer:  ASSISTANT:",10000,2,Counting
13,25.31569,11.025567,1.4308563,1.5536097,1.693922,1.779156,1.8758025,1.9730804,2.0734491,2.2050462,2.366483,2.556992,2.7551444,2.9412675,3.124792,3.3744788,3.9280508,4.40288,4.8304014,5.3894196,5.8634877,6.325308,6.7457147,7.325825,7.653879,8.162606,8.579764,9.020604,9.5847845,10.169166,10.617315,12.260387,12.461059,Text only tokens,30,30,"USER:  
 QUESTION: How many green train carts are in the picture?
OPTIONS:
0: 1
1: 0
2: 3
3: 2

Answer with the correct option from 0 to 3. Only provide the numeric and nothing else 


Answer:  ASSISTANT: 3",3,0,Counting,"USER:  
 QUESTION: How many green train carts are in the picture?
OPTIONS:
0: 1
1: 0
2: 3
3: 2

Answer with the correct option from 0 to 3. Only provide the numeric and nothing else 


Answer:  ASSISTANT:",10000,0,Counting
14,23.884508,10.828782,1.2432334,1.3386503,1.4403163,1.5289605,1.5967859,1.6689869,1.7495762,1.8491412,1.9708104,2.1114738,2.2706785,2.4170713,2.5714846,2.7693133,3.189799,3.5867546,3.9594953,4.4580817,4.8882327,5.2595434,5.6171346,6.122939,6.4311905,6.927136,7.3014727,7.795426,8.355807,9.027398,9.630817,11.999628,12.889037,Text only tokens,95,95,"USER:  
 QUESTION: How many sinking boats are there?
OPTIONS:
0: 3
1: 2
2: 1
3: 0

Answer with the correct option from 0 to 3. Only provide the numeric and nothing else 


Answer:  ASSISTANT: 0",0,3,Counting,"USER:  
 QUESTION: How many sinking boats are there?
OPTIONS:
0: 3
1: 2
2: 1
3: 0

Answer with the correct option from 0 to 3. Only provide the numeric and nothing else 


Answer:  ASSISTANT:",10000,3,Counting
15,31.347637,12.601864,1.5442207,1.6298139,1.7926131,1.8880993,1.9975387,2.0944574,2.1956296,2.3295753,2.5019329,2.7216198,2.92965,3.1368134,3.3457954,3.6319292,4.2723284,4.76289,5.2100396,5.848388,6.3707156,6.9119916,7.425038,8.156419,8.556187,9.122835,9.632517,10.271752,11.007205,11.648735,12.146355,14.336612,14.070769,Text only tokens,223,223,"USER:  
 QUESTION: Which one picture follows the same pattern or rule established by the previous pictures?
OPTIONS:
0: Picture A
1: Picture B
2: Picture C
3: Picture D

Answer with the correct option from 0 to 3. Only provide the numeric and nothing else 


Answer:  ASSISTANT: 0",0,3,IQ Test,"USER:  
 QUESTION: Which one picture follows the same pattern or rule established by the previous pictures?
OPTIONS:
0: Picture A
1: Picture B
2: Picture C
3: Picture D

Answer with the correct option from 0 to 3. Only provide the numeric and nothing else 


Answer:  ASSISTANT:",10000,3,IQ Test
16,31.347637,12.601864,1.5442207,1.6298139,1.7926131,1.8880993,1.9975387,2.0944574,2.1956296,2.3295753,2.5019329,2.7216198,2.92965,3.1368134,3.3457954,3.6319292,4.2723284,4.76289,5.2100396,5.848388,6.3707156,6.9119916,7.425038,8.156419,8.556187,9.122835,9.632517,10.271752,11.007205,11.648735,12.146355,14.336612,14.070769,Text only tokens,238,238,"USER:  
 QUESTION: Which one picture follows the same pattern or rule established by the previous pictures?
OPTIONS:
0: Picture A
1: Picture B
2: Picture C
3: Picture D

Answer with the correct option from 0 to 3. Only provide the numeric and nothing else 


Answer:  ASSISTANT: 0",0,2,IQ Test,"USER:  
 QUESTION: Which one picture follows the same pattern or rule established by the previous pictures?
OPTIONS:
0: Picture A
1: Picture B
2: Picture C
3: Picture D

Answer with the correct option from 0 to 3. Only provide the numeric and nothing else 


Answer:  ASSISTANT:",10000,2,IQ Test
17,38.255657,16.063103,1.5013726,1.7435002,2.0285833,2.1899452,2.3442407,2.4778454,2.6012099,2.7693076,2.9933197,3.307694,3.6034038,3.858078,4.147596,4.606397,5.560446,6.264718,6.947351,7.8938417,8.708586,9.543454,10.302506,11.347662,11.901177,12.569957,13.202427,13.856526,14.728425,15.230076,15.461215,17.745007,16.475475,Text only tokens,517,559,"USER:  
 QUESTION: Consider the surface color (color without shading) of the two points in the image. Which one is darker, or the color is about the same?
OPTIONS:
0: A is darker
1: B is darker
2: About the same

Answer with the correct option from 0 to 2. Only provide the numeric and nothing else 


Answer:  ASSISTANT: 0",0,2,Relative Reflectance,"USER:  
 QUESTION: Consider the surface color (color without shading) of the two points in the image. Which one is darker, or the color is about the same?
OPTIONS:
0: A is darker
1: B is darker
2: About the same

Answer with the correct option from 0 to 2. Only provide the numeric and nothing else 


Answer:  ASSISTANT:",10000,2,Relative Reflectance
18,27.67201,11.54368,1.292146,1.4873458,1.5707331,1.7168881,1.7933433,1.886842,1.9836236,2.108442,2.2646103,2.4614635,2.6551971,2.8474631,3.081328,3.3571057,4.0169487,4.593252,5.1761937,5.9029703,6.537529,7.085649,7.631875,8.313895,8.679759,9.253153,9.715351,10.243162,10.904917,11.554722,12.238383,14.217342,14.151904,Text only tokens,616,673,"USER:  
 QUESTION: Is the motorcycle at the left side of the train?
OPTIONS:
0: yes
1: no

Answer with the correct option from 0 to 1. Only provide the numeric and nothing else 


Answer:  ASSISTANT: 0",0,1,Spatial Relation,"USER:  
 QUESTION: Is the motorcycle at the left side of the train?
OPTIONS:
0: yes
1: no

Answer with the correct option from 0 to 1. Only provide the numeric and nothing else 


Answer:  ASSISTANT:",10000,1,Spatial Relation
19,23.928026,10.586709,1.2045958,1.4397894,1.5544008,1.7042612,1.7837749,1.8742987,1.9683464,2.0871384,2.2354405,2.4089398,2.5875218,2.7565517,2.9282484,3.1692424,3.6817017,4.1306486,4.5279193,5.0704546,5.5439663,5.984679,6.3915677,6.988454,7.345419,7.884092,8.285161,8.775866,9.374361,10.061227,10.600481,12.785344,13.276754,Text only tokens,27,27,"USER:  
 QUESTION: How many people are sitting on the bed?
OPTIONS:
0: 3
1: 1
2: 2
3: 0

Answer with the correct option from 0 to 3. Only provide the numeric and nothing else 


Answer:  ASSISTANT: 2",2,1,Counting,"USER:  
 QUESTION: How many people are sitting on the bed?
OPTIONS:
0: 3
1: 1
2: 2
3: 0

Answer with the correct option from 0 to 3. Only provide the numeric and nothing else 


Answer:  ASSISTANT:",10000,1,Counting
20,38.255657,16.063103,1.5013726,1.7435002,2.0285833,2.1899452,2.3442407,2.4778454,2.6012099,2.7693076,2.9933197,3.307694,3.6034038,3.858078,4.147596,4.606397,5.560446,6.264718,6.947351,7.8938417,8.708586,9.543454,10.302506,11.347662,11.901177,12.569957,13.202427,13.856526,14.728425,15.230076,15.461215,17.745007,16.475475,Text only tokens,574,616,"USER:  
 QUESTION: Consider the surface color (color without shading) of the two points in the image. Which one is darker, or the color is about the same?
OPTIONS:
0: A is darker
1: B is darker
2: About the same

Answer with the correct option from 0 to 2. Only provide the numeric and nothing else 


Answer:  ASSISTANT: 0",0,1,Relative Reflectance,"USER:  
 QUESTION: Consider the surface color (color without shading) of the two points in the image. Which one is darker, or the color is about the same?
OPTIONS:
0: A is darker
1: B is darker
2: About the same

Answer with the correct option from 0 to 2. Only provide the numeric and nothing else 


Answer:  ASSISTANT:",10000,1,Relative Reflectance
21,31.347637,12.601864,1.5442207,1.6298139,1.7926131,1.8880993,1.9975387,2.0944574,2.1956296,2.3295753,2.5019329,2.7216198,2.92965,3.1368134,3.3457954,3.6319292,4.2723284,4.76289,5.2100396,5.848388,6.3707156,6.9119916,7.425038,8.156419,8.556187,9.122835,9.632517,10.271752,11.007205,11.648735,12.146355,14.336612,14.070769,Text only tokens,203,203,"USER:  
 QUESTION: Which one picture follows the same pattern or rule established by the previous pictures?
OPTIONS:
0: Picture A
1: Picture B
2: Picture C
3: Picture D

Answer with the correct option from 0 to 3. Only provide the numeric and nothing else 


Answer:  ASSISTANT: 0",0,1,IQ Test,"USER:  
 QUESTION: Which one picture follows the same pattern or rule established by the previous pictures?
OPTIONS:
0: Picture A
1: Picture B
2: Picture C
3: Picture D

Answer with the correct option from 0 to 3. Only provide the numeric and nothing else 


Answer:  ASSISTANT:",10000,1,IQ Test
22,27.22821,11.677534,1.4748943,1.4373447,1.5068934,1.569981,1.6369406,1.7180252,1.8036708,1.9096239,2.0370073,2.1836512,2.3401291,2.4860315,2.6801095,2.9094267,3.4030213,3.8513463,4.303435,4.8884892,5.435769,5.8740616,6.310859,6.8845654,7.2101846,7.674437,8.061682,8.570986,9.145423,9.785355,10.445394,12.015296,12.857707,Text only tokens,665,788,"USER:  
 QUESTION: Is the person facing the frisbee?
OPTIONS:
0: yes
1: no

Answer with the correct option from 0 to 1. Only provide the numeric and nothing else 


Answer:  ASSISTANT: 0",0,1,Spatial Relation,"USER:  
 QUESTION: Is the person facing the frisbee?
OPTIONS:
0: yes
1: no

Answer with the correct option from 0 to 1. Only provide the numeric and nothing else 


Answer:  ASSISTANT:",10000,1,Spatial Relation
23,25.786362,11.35294,1.425758,1.6181369,1.6872281,1.7533631,1.8222189,1.8921392,1.9678025,2.0599496,2.1784863,2.3214755,2.4599903,2.5954194,2.728331,2.8924465,3.2688825,3.5763578,3.906345,4.3500576,4.7369056,5.0776386,5.3954496,5.877847,6.116852,6.5238237,6.8430266,7.252193,7.7597117,8.302175,8.832941,10.185919,11.2342005,Text only tokens,429,451,"USER:  
 QUESTION: Which point is closer to the camera?
OPTIONS:
0: A is closer
1: B is closer

Answer with the correct option from 0 to 1. Only provide the numeric and nothing else 


Answer:  ASSISTANT: 0",0,0,Relative Depth,"USER:  
 QUESTION: Which point is closer to the camera?
OPTIONS:
0: A is closer
1: B is closer

Answer with the correct option from 0 to 1. Only provide the numeric and nothing else 


Answer:  ASSISTANT:",10000,0,Relative Depth
24,31.347637,12.601864,1.5442207,1.6298139,1.7926131,1.8880993,1.9975387,2.0944574,2.1956296,2.3295753,2.5019329,2.7216198,2.92965,3.1368134,3.3457954,3.6319292,4.2723284,4.76289,5.2100396,5.848388,6.3707156,6.9119916,7.425038,8.156419,8.556187,9.122835,9.632517,10.271752,11.007205,11.648735,12.146355,14.336612,14.070769,Text only tokens,225,225,"USER:  
 QUESTION: Which one picture follows the same pattern or rule established by the previous pictures?
OPTIONS:
0: Picture A
1: Picture B
2: Picture C
3: Picture D

Answer with the correct option from 0 to 3. Only provide the numeric and nothing else 


Answer:  ASSISTANT: 0",0,0,IQ Test,"USER:  
 QUESTION: Which one picture follows the same pattern or rule established by the previous pictures?
OPTIONS:
0: Picture A
1: Picture B
2: Picture C
3: Picture D

Answer with the correct option from 0 to 3. Only provide the numeric and nothing else 


Answer:  ASSISTANT:",10000,0,IQ Test
25,25.786362,11.35294,1.425758,1.6181369,1.6872281,1.7533631,1.8222189,1.8921392,1.9678025,2.0599496,2.1784863,2.3214755,2.4599903,2.5954194,2.728331,2.8924465,3.2688825,3.5763578,3.906345,4.3500576,4.7369056,5.0776386,5.3954496,5.877847,6.116852,6.5238237,6.8430266,7.252193,7.7597117,8.302175,8.832941,10.185919,11.2342005,Text only tokens,459,496,"USER:  
 QUESTION: Which point is closer to the camera?
OPTIONS:
0: A is closer
1: B is closer

Answer with the correct option from 0 to 1. Only provide the numeric and nothing else 


Answer:  ASSISTANT: 0",0,0,Relative Depth,"USER:  
 QUESTION: Which point is closer to the camera?
OPTIONS:
0: A is closer
1: B is closer

Answer with the correct option from 0 to 1. Only provide the numeric and nothing else 


Answer:  ASSISTANT:",10000,0,Relative Depth
26,38.255657,16.063103,1.5013726,1.7435002,2.0285833,2.1899452,2.3442407,2.4778454,2.6012099,2.7693076,2.9933197,3.307694,3.6034038,3.858078,4.147596,4.606397,5.560446,6.264718,6.947351,7.8938417,8.708586,9.543454,10.302506,11.347662,11.901177,12.569957,13.202427,13.856526,14.728425,15.230076,15.461215,17.745007,16.475475,Text only tokens,603,645,"USER:  
 QUESTION: Consider the surface color (color without shading) of the two points in the image. Which one is darker, or the color is about the same?
OPTIONS:
0: A is darker
1: B is darker
2: About the same

Answer with the correct option from 0 to 2. Only provide the numeric and nothing else 


Answer:  ASSISTANT: 0",0,0,Relative Reflectance,"USER:  
 QUESTION: Consider the surface color (color without shading) of the two points in the image. Which one is darker, or the color is about the same?
OPTIONS:
0: A is darker
1: B is darker
2: About the same

Answer with the correct option from 0 to 2. Only provide the numeric and nothing else 


Answer:  ASSISTANT:",10000,0,Relative Reflectance
27,32.53424,12.574062,1.3937064,1.4470263,1.5702019,1.6379083,1.7222129,1.8059256,1.9045496,2.034359,2.192219,2.3751445,2.5724883,2.7471724,2.9257073,3.1609187,3.6893697,4.1870527,4.607654,5.2051964,5.6936083,6.148242,6.581691,7.1750417,7.5566287,8.088055,8.488009,8.997222,9.599069,10.265016,10.826315,12.853141,13.016402,Text only tokens,284,284,"USER:  
 QUESTION: Which bounding box more accurately localizes and encloses the horse?
OPTIONS:
0: Box A
1: Box B

Answer with the correct option from 0 to 1. Only provide the numeric and nothing else 


Answer:  ASSISTANT: 0",0,1,Object Localization,"USER:  
 QUESTION: Which bounding box more accurately localizes and encloses the horse?
OPTIONS:
0: Box A
1: Box B

Answer with the correct option from 0 to 1. Only provide the numeric and nothing else 


Answer:  ASSISTANT:",10000,1,Object Localization
28,24.673668,10.88317,1.3647461,1.5572463,1.6718878,1.7679178,1.853719,1.9450724,2.0369747,2.153716,2.300468,2.4753828,2.646714,2.8148644,2.9811285,3.2031116,3.6785378,4.092889,4.460676,4.983235,5.4168835,5.835847,6.228842,6.77219,7.102394,7.600213,7.984278,8.432163,8.993832,9.609268,10.094505,12.015795,12.990918,Text only tokens,6,6,"USER:  
 QUESTION: How many baseball players are looking towards the camera?
OPTIONS:
0: 3
1: 2
2: 1
3: 0

Answer with the correct option from 0 to 3. Only provide the numeric and nothing else 


Answer:  ASSISTANT: 2",2,2,Counting,"USER:  
 QUESTION: How many baseball players are looking towards the camera?
OPTIONS:
0: 3
1: 2
2: 1
3: 0

Answer with the correct option from 0 to 3. Only provide the numeric and nothing else 


Answer:  ASSISTANT:",10000,2,Counting
29,31.347637,12.601864,1.5442207,1.6298139,1.7926131,1.8880993,1.9975387,2.0944574,2.1956296,2.3295753,2.5019329,2.7216198,2.92965,3.1368134,3.3457954,3.6319292,4.2723284,4.76289,5.2100396,5.848388,6.3707156,6.9119916,7.425038,8.156419,8.556187,9.122835,9.632517,10.271752,11.007205,11.648735,12.146355,14.336612,14.070769,Text only tokens,163,163,"USER:  
 QUESTION: Which one picture follows the same pattern or rule established by the previous pictures?
OPTIONS:
0: Picture A
1: Picture B
2: Picture C
3: Picture D

Answer with the correct option from 0 to 3. Only provide the numeric and nothing else 


Answer:  ASSISTANT: 0",0,2,IQ Test,"USER:  
 QUESTION: Which one picture follows the same pattern or rule established by the previous pictures?
OPTIONS:
0: Picture A
1: Picture B
2: Picture C
3: Picture D

Answer with the correct option from 0 to 3. Only provide the numeric and nothing else 


Answer:  ASSISTANT:",10000,2,IQ Test
30,34.14748,12.922284,1.2091892,1.2885551,1.3924563,1.45611,1.5276693,1.5977598,1.6804206,1.7964796,1.9361433,2.102407,2.2836626,2.4518876,2.6212122,2.8531554,3.3917792,3.9053137,4.366523,5.017222,5.583285,6.066655,6.528369,7.179999,7.5934386,8.19921,8.674147,9.277127,9.947358,10.721298,11.42483,14.497007,14.229647,Text only tokens,348,348,"USER:  
 QUESTION: Which bounding box more accurately localizes and encloses the nightshirt?
OPTIONS:
0: Box A
1: Box B

Answer with the correct option from 0 to 1. Only provide the numeric and nothing else 


Answer:  ASSISTANT: 0",0,1,Object Localization,"USER:  
 QUESTION: Which bounding box more accurately localizes and encloses the nightshirt?
OPTIONS:
0: Box A
1: Box B

Answer with the correct option from 0 to 1. Only provide the numeric and nothing else 


Answer:  ASSISTANT:",10000,1,Object Localization
31,31.347637,12.601864,1.5442207,1.6298139,1.7926131,1.8880993,1.9975387,2.0944574,2.1956296,2.3295753,2.5019329,2.7216198,2.92965,3.1368134,3.3457954,3.6319292,4.2723284,4.76289,5.2100396,5.848388,6.3707156,6.9119916,7.425038,8.156419,8.556187,9.122835,9.632517,10.271752,11.007205,11.648735,12.146355,14.336612,14.070769,Text only tokens,159,159,"USER:  
 QUESTION: Which one picture follows the same pattern or rule established by the previous pictures?
OPTIONS:
0: Picture A
1: Picture B
2: Picture C
3: Picture D

Answer with the correct option from 0 to 3. Only provide the numeric and nothing else 


Answer:  ASSISTANT: 0",0,3,IQ Test,"USER:  
 QUESTION: Which one picture follows the same pattern or rule established by the previous pictures?
OPTIONS:
0: Picture A
1: Picture B
2: Picture C
3: Picture D

Answer with the correct option from 0 to 3. Only provide the numeric and nothing else 


Answer:  ASSISTANT:",10000,3,IQ Test
32,31.347637,12.601864,1.5442207,1.6298139,1.7926131,1.8880993,1.9975387,2.0944574,2.1956296,2.3295753,2.5019329,2.7216198,2.92965,3.1368134,3.3457954,3.6319292,4.2723284,4.76289,5.2100396,5.848388,6.3707156,6.9119916,7.425038,8.156419,8.556187,9.122835,9.632517,10.271752,11.007205,11.648735,12.146355,14.336612,14.070769,Text only tokens,220,220,"USER:  
 QUESTION: Which one picture follows the same pattern or rule established by the previous pictures?
OPTIONS:
0: Picture A
1: Picture B
2: Picture C
3: Picture D

Answer with the correct option from 0 to 3. Only provide the numeric and nothing else 


Answer:  ASSISTANT: 0",0,3,IQ Test,"USER:  
 QUESTION: Which one picture follows the same pattern or rule established by the previous pictures?
OPTIONS:
0: Picture A
1: Picture B
2: Picture C
3: Picture D

Answer with the correct option from 0 to 3. Only provide the numeric and nothing else 


Answer:  ASSISTANT:",10000,3,IQ Test
33,34.13328,12.92927,1.2271136,1.3032999,1.4104216,1.480332,1.5548967,1.6279193,1.713793,1.8339224,1.9800966,2.1565297,2.3438797,2.521605,2.698738,2.9425032,3.5195127,4.046807,4.518126,5.186969,5.7663875,6.2682705,6.7451696,7.4174013,7.844469,8.472572,8.969187,9.594115,10.281962,11.070531,11.793608,14.961002,14.58844,Text only tokens,344,344,"USER:  
 QUESTION: Which bounding box more accurately localizes and encloses the tablecloth?
OPTIONS:
0: Box A
1: Box B

Answer with the correct option from 0 to 1. Only provide the numeric and nothing else 


Answer:  ASSISTANT: 0",0,0,Object Localization,"USER:  
 QUESTION: Which bounding box more accurately localizes and encloses the tablecloth?
OPTIONS:
0: Box A
1: Box B

Answer with the correct option from 0 to 1. Only provide the numeric and nothing else 


Answer:  ASSISTANT:",10000,0,Object Localization
34,24.547895,10.7266,1.2335068,1.4023877,1.4985312,1.6139553,1.6812118,1.7522341,1.8292943,1.9266757,2.0467503,2.189248,2.332293,2.4726264,2.6177084,2.804441,3.1815174,3.5205007,3.8474178,4.3094435,4.709514,5.076774,5.420005,5.907349,6.2134085,6.6826906,7.0329494,7.480827,8.014199,8.658996,9.23164,11.398376,12.929264,Text only tokens,94,94,"USER:  
 QUESTION: How many people without hats are there?
OPTIONS:
0: 0
1: 3
2: 1
3: 2

Answer with the correct option from 0 to 3. Only provide the numeric and nothing else 


Answer:  ASSISTANT: 3",3,0,Counting,"USER:  
 QUESTION: How many people without hats are there?
OPTIONS:
0: 0
1: 3
2: 1
3: 2

Answer with the correct option from 0 to 3. Only provide the numeric and nothing else 


Answer:  ASSISTANT:",10000,0,Counting
35,32.533737,12.5548525,1.3344231,1.3986819,1.5172701,1.5907292,1.6721948,1.7538422,1.8497717,1.9766159,2.1301992,2.3072653,2.5006886,2.6712642,2.846661,3.0750935,3.5877967,4.0843263,4.503356,5.092897,5.5812664,6.028926,6.4542923,7.04022,7.4194064,7.9480457,8.348763,8.8636,9.45789,10.111525,10.683008,12.761206,12.96604,Text only tokens,389,389,"USER:  
 QUESTION: Which bounding box more accurately localizes and encloses the chair?
OPTIONS:
0: Box A
1: Box B

Answer with the correct option from 0 to 1. Only provide the numeric and nothing else 


Answer:  ASSISTANT: 0",0,0,Object Localization,"USER:  
 QUESTION: Which bounding box more accurately localizes and encloses the chair?
OPTIONS:
0: Box A
1: Box B

Answer with the correct option from 0 to 1. Only provide the numeric and nothing else 


Answer:  ASSISTANT:",10000,0,Object Localization
36,26.048824,11.161436,1.620938,1.6867895,1.8128101,1.8471493,1.9351522,2.017703,2.102219,2.2099934,2.3597026,2.5374293,2.7045627,2.8757396,3.0355592,3.2662194,3.7635634,4.197536,4.6184464,5.166263,5.6316895,6.0820684,6.487542,7.0569663,7.3909974,7.904191,8.308834,8.783119,9.358073,9.90775,10.387067,12.216488,13.075226,Text only tokens,99,99,"USER:  
 QUESTION: How many white fridges are there in the image ?
OPTIONS:
0: 3
1: 2
2: 0
3: 1

Answer with the correct option from 0 to 3. Only provide the numeric and nothing else 


Answer:  ASSISTANT: 2",2,3,Counting,"USER:  
 QUESTION: How many white fridges are there in the image ?
OPTIONS:
0: 3
1: 2
2: 0
3: 1

Answer with the correct option from 0 to 3. Only provide the numeric and nothing else 


Answer:  ASSISTANT:",10000,3,Counting
37,33.32435,12.864124,1.2352732,1.3539833,1.4602927,1.5392256,1.6134076,1.6893599,1.7795328,1.9003855,2.0470352,2.2219336,2.4111896,2.584503,2.753303,2.9842896,3.5244913,4.0359306,4.479793,5.1036487,5.628062,6.08048,6.5162086,7.1349444,7.518233,8.09064,8.51555,9.073464,9.705909,10.435711,11.055456,13.667796,13.593088,Text only tokens,367,367,"USER:  
 QUESTION: Which bounding box more accurately localizes and encloses the computer keyboard?
OPTIONS:
0: Box A
1: Box B

Answer with the correct option from 0 to 1. Only provide the numeric and nothing else 


Answer:  ASSISTANT: 0",0,0,Object Localization,"USER:  
 QUESTION: Which bounding box more accurately localizes and encloses the computer keyboard?
OPTIONS:
0: Box A
1: Box B

Answer with the correct option from 0 to 1. Only provide the numeric and nothing else 


Answer:  ASSISTANT:",10000,0,Object Localization
38,32.527866,12.526293,1.3372736,1.4113263,1.531049,1.6029717,1.6853058,1.7672833,1.8642771,1.9925246,2.1478534,2.3276076,2.52297,2.6959467,2.872399,3.1036034,3.6248379,4.1249914,4.54623,5.1416745,5.634161,6.0844274,6.515334,7.106486,7.4886312,8.019166,8.418797,8.939614,9.539631,10.200511,10.767035,12.846519,13.007645,Text only tokens,352,352,"USER:  
 QUESTION: Which bounding box more accurately localizes and encloses the control?
OPTIONS:
0: Box A
1: Box B

Answer with the correct option from 0 to 1. Only provide the numeric and nothing else 


Answer:  ASSISTANT: 0",0,1,Object Localization,"USER:  
 QUESTION: Which bounding box more accurately localizes and encloses the control?
OPTIONS:
0: Box A
1: Box B

Answer with the correct option from 0 to 1. Only provide the numeric and nothing else 


Answer:  ASSISTANT:",10000,1,Object Localization
39,25.663116,11.629651,1.4397669,1.586443,1.6565021,1.7398193,1.807041,1.8952332,1.9929533,2.1082668,2.2572043,2.4292696,2.6039352,2.784753,2.9558315,3.205379,3.786235,4.3197365,4.8457904,5.5048084,6.1325817,6.6353383,7.129117,7.760935,8.141154,8.640331,9.072725,9.59298,10.247727,10.89772,11.567772,13.125566,13.970366,Text only tokens,618,677,"USER:  
 QUESTION: Does the car contain the donut?
OPTIONS:
0: yes
1: no

Answer with the correct option from 0 to 1. Only provide the numeric and nothing else 


Answer:  ASSISTANT: 0",0,0,Spatial Relation,"USER:  
 QUESTION: Does the car contain the donut?
OPTIONS:
0: yes
1: no

Answer with the correct option from 0 to 1. Only provide the numeric and nothing else 


Answer:  ASSISTANT:",10000,0,Spatial Relation
40,34.144745,12.890094,1.2123414,1.2976242,1.4048195,1.477943,1.5534154,1.6286434,1.7178925,1.8426719,1.9934101,2.174713,2.3686235,2.5448012,2.7166874,2.9527135,3.5266695,4.060731,4.5425854,5.225005,5.803167,6.3054476,6.7834406,7.4545436,7.878385,8.510921,9.0084915,9.667069,10.349262,11.125574,11.837302,14.991846,14.616292,Text only tokens,270,270,"USER:  
 QUESTION: Which bounding box more accurately localizes and encloses the fireplug?
OPTIONS:
0: Box A
1: Box B

Answer with the correct option from 0 to 1. Only provide the numeric and nothing else 


Answer:  ASSISTANT: 0",0,0,Object Localization,"USER:  
 QUESTION: Which bounding box more accurately localizes and encloses the fireplug?
OPTIONS:
0: Box A
1: Box B

Answer with the correct option from 0 to 1. Only provide the numeric and nothing else 


Answer:  ASSISTANT:",10000,0,Object Localization
41,24.668282,10.936737,1.3693455,1.4959623,1.6315224,1.7432076,1.8345238,1.9339594,2.0374393,2.1686628,2.3338113,2.523102,2.7213051,2.8979475,3.0751574,3.3081372,3.8093925,4.2481346,4.624917,5.171439,5.6168594,6.051025,6.4653826,7.04226,7.3895597,7.891232,8.290928,8.72864,9.30066,9.928272,10.4027815,12.219262,12.727191,Text only tokens,44,44,"USER:  
 QUESTION: How many motors are driving near the bus?
OPTIONS:
0: 0
1: 2
2: 3
3: 1

Answer with the correct option from 0 to 3. Only provide the numeric and nothing else 


Answer:  ASSISTANT: 1",1,0,Counting,"USER:  
 QUESTION: How many motors are driving near the bus?
OPTIONS:
0: 0
1: 2
2: 3
3: 1

Answer with the correct option from 0 to 3. Only provide the numeric and nothing else 


Answer:  ASSISTANT:",10000,0,Counting
42,25.786362,11.35294,1.425758,1.6181369,1.6872281,1.7533631,1.8222189,1.8921392,1.9678025,2.0599496,2.1784863,2.3214755,2.4599903,2.5954194,2.728331,2.8924465,3.2688825,3.5763578,3.906345,4.3500576,4.7369056,5.0776386,5.3954496,5.877847,6.116852,6.5238237,6.8430266,7.252193,7.7597117,8.302175,8.832941,10.185919,11.2342005,Text only tokens,470,509,"USER:  
 QUESTION: Which point is closer to the camera?
OPTIONS:
0: A is closer
1: B is closer

Answer with the correct option from 0 to 1. Only provide the numeric and nothing else 


Answer:  ASSISTANT: 0",0,0,Relative Depth,"USER:  
 QUESTION: Which point is closer to the camera?
OPTIONS:
0: A is closer
1: B is closer

Answer with the correct option from 0 to 1. Only provide the numeric and nothing else 


Answer:  ASSISTANT:",10000,0,Relative Depth
43,38.255657,16.063103,1.5013726,1.7435002,2.0285833,2.1899452,2.3442407,2.4778454,2.6012099,2.7693076,2.9933197,3.307694,3.6034038,3.858078,4.147596,4.606397,5.560446,6.264718,6.947351,7.8938417,8.708586,9.543454,10.302506,11.347662,11.901177,12.569957,13.202427,13.856526,14.728425,15.230076,15.461215,17.745007,16.475475,Text only tokens,549,591,"USER:  
 QUESTION: Consider the surface color (color without shading) of the two points in the image. Which one is darker, or the color is about the same?
OPTIONS:
0: A is darker
1: B is darker
2: About the same

Answer with the correct option from 0 to 2. Only provide the numeric and nothing else 


Answer:  ASSISTANT: 0",0,1,Relative Reflectance,"USER:  
 QUESTION: Consider the surface color (color without shading) of the two points in the image. Which one is darker, or the color is about the same?
OPTIONS:
0: A is darker
1: B is darker
2: About the same

Answer with the correct option from 0 to 2. Only provide the numeric and nothing else 


Answer:  ASSISTANT:",10000,1,Relative Reflectance
44,31.347637,12.601864,1.5442207,1.6298139,1.7926131,1.8880993,1.9975387,2.0944574,2.1956296,2.3295753,2.5019329,2.7216198,2.92965,3.1368134,3.3457954,3.6319292,4.2723284,4.76289,5.2100396,5.848388,6.3707156,6.9119916,7.425038,8.156419,8.556187,9.122835,9.632517,10.271752,11.007205,11.648735,12.146355,14.336612,14.070769,Text only tokens,127,127,"USER:  
 QUESTION: Which one picture follows the same pattern or rule established by the previous pictures?
OPTIONS:
0: Picture A
1: Picture B
2: Picture C
3: Picture D

Answer with the correct option from 0 to 3. Only provide the numeric and nothing else 


Answer:  ASSISTANT: 0",0,1,IQ Test,"USER:  
 QUESTION: Which one picture follows the same pattern or rule established by the previous pictures?
OPTIONS:
0: Picture A
1: Picture B
2: Picture C
3: Picture D

Answer with the correct option from 0 to 3. Only provide the numeric and nothing else 


Answer:  ASSISTANT:",10000,1,IQ Test
45,34.878742,12.860451,1.293054,1.3548297,1.4663422,1.5240829,1.600918,1.6753781,1.7642438,1.8867048,2.0312245,2.2039108,2.3889909,2.5596118,2.731291,2.9617128,3.5089283,4.0306816,4.5032864,5.17093,5.7153454,6.19624,6.6602015,7.3042955,7.7009554,8.305014,8.780422,9.374842,10.0457735,10.779704,11.440132,14.394745,14.122816,Text only tokens,387,387,"USER:  
 QUESTION: Which bounding box more accurately localizes and encloses the shower curtain?
OPTIONS:
0: Box A
1: Box B

Answer with the correct option from 0 to 1. Only provide the numeric and nothing else 


Answer:  ASSISTANT: 0",0,1,Object Localization,"USER:  
 QUESTION: Which bounding box more accurately localizes and encloses the shower curtain?
OPTIONS:
0: Box A
1: Box B

Answer with the correct option from 0 to 1. Only provide the numeric and nothing else 


Answer:  ASSISTANT:",10000,1,Object Localization
46,26.569258,11.340933,1.3150569,1.4341624,1.5623169,1.6638827,1.7453036,1.828663,1.918238,2.0277064,2.159044,2.31023,2.4710104,2.6230175,2.7731986,2.9616668,3.362143,3.7140005,4.0410004,4.4739466,4.8454857,5.202813,5.525399,5.994598,6.2552977,6.686949,7.025921,7.428202,7.924347,8.447221,8.901472,10.573993,11.879126,Text only tokens,80,80,"USER:  
 QUESTION: How many players are wearing red shirts?
OPTIONS:
0: 1
1: 4
2: 2
3: 3

Answer with the correct option from 0 to 3. Only provide the numeric and nothing else 


Answer:  ASSISTANT: 3",3,2,Counting,"USER:  
 QUESTION: How many players are wearing red shirts?
OPTIONS:
0: 1
1: 4
2: 2
3: 3

Answer with the correct option from 0 to 3. Only provide the numeric and nothing else 


Answer:  ASSISTANT:",10000,2,Counting
47,38.255657,16.063103,1.5013726,1.7435002,2.0285833,2.1899452,2.3442407,2.4778454,2.6012099,2.7693076,2.9933197,3.307694,3.6034038,3.858078,4.147596,4.606397,5.560446,6.264718,6.947351,7.8938417,8.708586,9.543454,10.302506,11.347662,11.901177,12.569957,13.202427,13.856526,14.728425,15.230076,15.461215,17.745007,16.475475,Text only tokens,565,607,"USER:  
 QUESTION: Consider the surface color (color without shading) of the two points in the image. Which one is darker, or the color is about the same?
OPTIONS:
0: A is darker
1: B is darker
2: About the same

Answer with the correct option from 0 to 2. Only provide the numeric and nothing else 


Answer:  ASSISTANT: 0",0,0,Relative Reflectance,"USER:  
 QUESTION: Consider the surface color (color without shading) of the two points in the image. Which one is darker, or the color is about the same?
OPTIONS:
0: A is darker
1: B is darker
2: About the same

Answer with the correct option from 0 to 2. Only provide the numeric and nothing else 


Answer:  ASSISTANT:",10000,0,Relative Reflectance
48,32.534187,12.570556,1.3901746,1.4304212,1.5529217,1.6204368,1.7040212,1.7865072,1.8841313,2.0137317,2.1718082,2.3551402,2.5529406,2.7299056,2.909022,3.1515002,3.7055051,4.2216163,4.6639233,5.288802,5.8003936,6.267631,6.717209,7.325423,7.719839,8.269431,8.681662,9.2073,9.811728,10.485136,11.059835,13.208939,13.20958,Text only tokens,300,300,"USER:  
 QUESTION: Which bounding box more accurately localizes and encloses the dress?
OPTIONS:
0: Box A
1: Box B

Answer with the correct option from 0 to 1. Only provide the numeric and nothing else 


Answer:  ASSISTANT: 0",0,1,Object Localization,"USER:  
 QUESTION: Which bounding box more accurately localizes and encloses the dress?
OPTIONS:
0: Box A
1: Box B

Answer with the correct option from 0 to 1. Only provide the numeric and nothing else 


Answer:  ASSISTANT:",10000,1,Object Localization
49,27.655897,11.526019,1.3333544,1.5761878,1.6548775,1.7563369,1.824977,1.9031521,1.9875499,2.0976772,2.2412083,2.4154782,2.5896704,2.7637591,2.9421666,3.1850543,3.7595434,4.259244,4.7897377,5.4459805,6.0273457,6.524283,7.012419,7.6548347,7.9995456,8.542986,8.9793215,9.501896,10.12882,10.774609,11.444562,13.351457,13.613183,Text only tokens,643,735,"USER:  
 QUESTION: Is the cup at the left side of the bowl?
OPTIONS:
0: yes
1: no

Answer with the correct option from 0 to 1. Only provide the numeric and nothing else 


Answer:  ASSISTANT: 0",0,0,Spatial Relation,"USER:  
 QUESTION: Is the cup at the left side of the bowl?
OPTIONS:
0: yes
1: no

Answer with the correct option from 0 to 1. Only provide the numeric and nothing else 


Answer:  ASSISTANT:",10000,0,Spatial Relation
