,output,prediction,gold_reference,grade
0,"USER: 
 QUESTION: Which of the following could Gordon's test show?
OPTIONS:
0: if the spacecraft was damaged when using a parachute with a 1 m vent going 200 km per hour
1: how steady a parachute with a 1 m vent was at 200 km per hour
2: whether a parachute with a 1 m vent would swing too much at 400 km per hour

Answer with the correct option from 0 to 2. Only provide the numeric and nothing else 

Answer:  ASSISTANT:",10000,1,grade8
1,"USER: 
 QUESTION: What is the name of the colony shown?
OPTIONS:
0: Maryland
1: New Hampshire
2: Rhode Island
3: Vermont

Answer with the correct option from 0 to 3. Only provide the numeric and nothing else 

Answer:  ASSISTANT:",10000,1,grade5
2,"USER: 
 QUESTION: Which of these organisms contains matter that was once part of the lichen?
OPTIONS:
0: bilberry
1: mushroom

Answer with the correct option from 0 to 1. Only provide the numeric and nothing else 

Answer:  ASSISTANT:",10000,1,grade5
3,"USER: 
 QUESTION: What is the expected ratio of offspring with a woolly fleece to offspring with a hairy fleece? Choose the most likely ratio.
OPTIONS:
0: 0:4
1: 4:0
2: 2:2
3: 1:3
4: 3:1

Answer with the correct option from 0 to 4. Only provide the numeric and nothing else 

Answer:  ASSISTANT: 20. 20. 20. 20. 20. 20. 20. 20. 2. 2.20.20.20.20.",2,1,grade8
4,"USER: 
 QUESTION: Which property do these three objects have in common?
OPTIONS:
0: shiny
1: slippery
2: opaque

Answer with the correct option from 0 to 2. Only provide the numeric and nothing else 

Answer:  ASSISTANT:",10000,2,grade4
5,"USER: 
 QUESTION: Think about the magnetic force between the magnets in each pair. Which of the following statements is true?
OPTIONS:
0: The magnitude of the magnetic force is the same in both pairs.
1: The magnitude of the magnetic force is smaller in Pair 1.
2: The magnitude of the magnetic force is smaller in Pair 2.

Answer with the correct option from 0 to 2. Only provide the numeric and nothing else 

Answer:  ASSISTANT: 0.",0,2,grade8
6,"USER: 
 QUESTION: What is the capital of Wyoming?
OPTIONS:
0: Phoenix
1: Baton Rouge
2: Honolulu
3: Cheyenne

Answer with the correct option from 0 to 3. Only provide the numeric and nothing else 

Answer:  ASSISTANT:",10000,3,grade4
7,"USER: 
 QUESTION: Is the following statement about our solar system true or false?
The largest planet is made mainly of ice.
OPTIONS:
0: true
1: false

Answer with the correct option from 0 to 1. Only provide the numeric and nothing else 

Answer:  ASSISTANT: 0000000000000000000000000000000000000000000000000",0,1,grade6
8,"USER: 
 QUESTION: Which of the following organisms is the primary consumer in this food web?
OPTIONS:
0: copepod
1: black crappie
2: bacteria

Answer with the correct option from 0 to 2. Only provide the numeric and nothing else 

Answer:  ASSISTANT:",10000,0,grade5
9,"USER: 
 QUESTION: Think about the magnetic force between the magnets in each pair. Which of the following statements is true?
OPTIONS:
0: The magnetic force is stronger in Pair 2.
1: The magnetic force is stronger in Pair 1.
2: The strength of the magnetic force is the same in both pairs.

Answer with the correct option from 0 to 2. Only provide the numeric and nothing else 

Answer:  ASSISTANT: 2000000000000000000000000000000000000000000000000",2000000000000000000000000000000000000000000000000,1,grade4
10,"USER: 
 QUESTION: Which better describes the Daintree rain forest ecosystem?
OPTIONS:
0: It has year-round rain. It also has soil that is poor in nutrients.
1: It has cold winters. It also has many different types of organisms.

Answer with the correct option from 0 to 1. Only provide the numeric and nothing else 

Answer:  ASSISTANT:",10000,0,grade3
11,"USER: 
 QUESTION: What is the capital of Delaware?
OPTIONS:
0: Montpelier
1: Trenton
2: Dover
3: Georgetown

Answer with the correct option from 0 to 3. Only provide the numeric and nothing else 

Answer:  ASSISTANT: 0000000000000000000000000000000000000000000000000",0,2,grade3
12,"USER: 
 QUESTION: Which of these states is farthest north?
OPTIONS:
0: Maine
1: South Carolina
2: Kansas
3: Delaware

Answer with the correct option from 0 to 3. Only provide the numeric and nothing else 

Answer:  ASSISTANT:",10000,0,grade3
13,"USER: 
 QUESTION: What can Greta and Allie trade to each get what they want?
OPTIONS:
0: Greta can trade her tomatoes for Allie's sandwich.
1: Allie can trade her broccoli for Greta's oranges.
2: Allie can trade her almonds for Greta's tomatoes.
3: Greta can trade her tomatoes for Allie's broccoli.

Answer with the correct option from 0 to 3. Only provide the numeric and nothing else 

Answer:  ASSISTANT:",10000,3,grade6
14,"USER: 
 QUESTION: What is the capital of Colorado?
OPTIONS:
0: Boulder
1: Phoenix
2: Colorado Springs
3: Denver

Answer with the correct option from 0 to 3. Only provide the numeric and nothing else 

Answer:  ASSISTANT:",10000,3,grade5
15,"USER: 
 QUESTION: Which continent is highlighted?
OPTIONS:
0: Africa
1: North America
2: South America
3: Asia

Answer with the correct option from 0 to 3. Only provide the numeric and nothing else 

Answer:  ASSISTANT:",10000,3,grade5
16,"USER: 
 QUESTION: Identify the question that Chase's experiment can best answer.
OPTIONS:
0: Do cardinals eat more seeds per visit from feeders containing sunflower seeds compared to feeders containing flax seeds?
1: Do cardinals visit feeders containing sunflower seeds more often than feeders containing flax seeds?

Answer with the correct option from 0 to 1. Only provide the numeric and nothing else 

Answer:  ASSISTANT:",10000,1,grade8
17,"USER: 
 QUESTION: Which material is this path made of?
OPTIONS:
0: plastic
1: brick

Answer with the correct option from 0 to 1. Only provide the numeric and nothing else 

Answer:  ASSISTANT:",10000,1,grade2
18,"USER: 
 QUESTION: Select the bird below.
OPTIONS:
0: cane toad
1: ostrich

Answer with the correct option from 0 to 1. Only provide the numeric and nothing else 

Answer:  ASSISTANT:",10000,1,grade3
19,"USER: 
 QUESTION: Which property do these three objects have in common?
OPTIONS:
0: blue
1: hard
2: sticky

Answer with the correct option from 0 to 2. Only provide the numeric and nothing else 

Answer:  ASSISTANT:",10000,0,grade3
20,"USER: 
 QUESTION: Which of the following was a dependent variable in this experiment?
OPTIONS:
0: the temperature of the heating pad
1: the number of days until a seed germinated

Answer with the correct option from 0 to 1. Only provide the numeric and nothing else 

Answer:  ASSISTANT:",10000,1,grade6
21,"USER: 
 QUESTION: What is the capital of Mississippi?
OPTIONS:
0: Detroit
1: Jackson
2: Biloxi
3: Topeka

Answer with the correct option from 0 to 3. Only provide the numeric and nothing else 

Answer:  ASSISTANT:",10000,1,grade4
22,"USER: 
 QUESTION: Which property matches this object?
OPTIONS:
0: stretchy
1: blue

Answer with the correct option from 0 to 1. Only provide the numeric and nothing else 

Answer:  ASSISTANT:",10000,0,grade2
23,"USER: 
 QUESTION: Is Rafflesia arnoldii made up of many cells?
OPTIONS:
0: yes
1: no

Answer with the correct option from 0 to 1. Only provide the numeric and nothing else 

Answer:  ASSISTANT:",10000,0,grade4
24,"USER: 
 QUESTION: What is the expected ratio of offspring with smooth fruit to offspring with fuzzy fruit? Choose the most likely ratio.
OPTIONS:
0: 3:1
1: 2:2
2: 1:3
3: 4:0
4: 0:4

Answer with the correct option from 0 to 4. Only provide the numeric and nothing else 

Answer:  ASSISTANT: 20. 0. 20. 20. 20. 20. 20. 20. 20. 20. 20.20.20.2",2,3,grade8
25,"USER: 
 QUESTION: Which of the following could Cooper's test show?
OPTIONS:
0: if at least 20% of the park would be shaded by trees in each design
1: which design would have the least traffic noise in the concert area
2: which design would have the greatest distance between the concert area and the road

Answer with the correct option from 0 to 2. Only provide the numeric and nothing else 

Answer:  ASSISTANT:",10000,2,grade8
26,"USER: 
 QUESTION: Will these magnets attract or repel each other?
OPTIONS:
0: repel
1: attract

Answer with the correct option from 0 to 1. Only provide the numeric and nothing else 

Answer:  ASSISTANT:",10000,0,grade5
27,"USER: 
 QUESTION: What is the capital of Connecticut?
OPTIONS:
0: Hartford
1: Annapolis
2: New Haven
3: Dover

Answer with the correct option from 0 to 3. Only provide the numeric and nothing else 

Answer:  ASSISTANT:",10000,0,grade5
28,"USER: 
 QUESTION: Which ocean is highlighted?
OPTIONS:
0: the Indian Ocean
1: the Atlantic Ocean
2: the Pacific Ocean
3: the Southern Ocean

Answer with the correct option from 0 to 3. Only provide the numeric and nothing else 

Answer:  ASSISTANT:",10000,0,grade8
29,"USER: 
 QUESTION: Which statement describes the Yasuni National Park ecosystem?
OPTIONS:
0: It has mostly small plants.
1: It has many different types of organisms.
2: It has soil that is rich in nutrients.

Answer with the correct option from 0 to 2. Only provide the numeric and nothing else 

Answer:  ASSISTANT:",10000,1,grade8
30,"USER: 
 QUESTION: Which property do these three objects have in common?
OPTIONS:
0: fragile
1: bouncy
2: yellow

Answer with the correct option from 0 to 2. Only provide the numeric and nothing else 

Answer:  ASSISTANT:",10000,0,grade4
31,"USER: 
 QUESTION: Look at the models of molecules below. Select the elementary substance.
OPTIONS:
0: carbon tetrachloride
1: acetaldehyde
2: bromine

Answer with the correct option from 0 to 2. Only provide the numeric and nothing else 

Answer:  ASSISTANT: 0000000000000000000000000000000000000000000000000",0,2,grade6
32,"USER: 
 QUESTION: Select the organism in the same species as the pink-backed pelican.
OPTIONS:
0: Balearica pavonina
1: Tyto alba
2: Pelecanus rufescens

Answer with the correct option from 0 to 2. Only provide the numeric and nothing else 

Answer:  ASSISTANT:",10000,2,grade7
33,"USER: 
 QUESTION: What is the capital of North Dakota?
OPTIONS:
0: Des Moines
1: Bismarck
2: Madison
3: Fargo

Answer with the correct option from 0 to 3. Only provide the numeric and nothing else 

Answer:  ASSISTANT:",10000,1,grade5
34,"USER: 
 QUESTION: Identify the question that Jeremiah's experiment can best answer.
OPTIONS:
0: Do cardinals visit feeders containing sunflower seeds more often than feeders containing flax seeds?
1: Do cardinals eat more seeds per visit from feeders containing sunflower seeds compared to feeders containing flax seeds?

Answer with the correct option from 0 to 1. Only provide the numeric and nothing else 

Answer:  ASSISTANT:",10000,0,grade7
35,"USER: 
 QUESTION: What is the capital of Massachusetts?
OPTIONS:
0: Cambridge
1: Plymouth
2: Boston
3: Dover

Answer with the correct option from 0 to 3. Only provide the numeric and nothing else 

Answer:  ASSISTANT:",10000,2,grade5
36,"USER: 
 QUESTION: Which animal is also adapted to be camouflaged in the snow?
OPTIONS:
0: short-tailed weasel
1: common hawk-cuckoo

Answer with the correct option from 0 to 1. Only provide the numeric and nothing else 

Answer:  ASSISTANT:",10000,0,grade3
37,"USER: 
 QUESTION: Select the organism in the same genus as the Goliath heron.
OPTIONS:
0: Falco sparverius
1: Ardea herodias
2: Tigrisoma mexicanum

Answer with the correct option from 0 to 2. Only provide the numeric and nothing else 

Answer:  ASSISTANT: 000.000000000000000000000000000000000000000000000",0,1,grade4
38,"USER: 
 QUESTION: Which country is highlighted?
OPTIONS:
0: Barbados
1: the Dominican Republic
2: Saint Lucia
3: Saint Vincent and the Grenadines

Answer with the correct option from 0 to 3. Only provide the numeric and nothing else 

Answer:  ASSISTANT:",10000,2,grade7
39,"USER: 
 QUESTION: Will these magnets attract or repel each other?
OPTIONS:
0: repel
1: attract

Answer with the correct option from 0 to 1. Only provide the numeric and nothing else 

Answer:  ASSISTANT:",10000,1,grade4
40,"USER: 
 QUESTION: Can Fromia monilis cells make their own food?
OPTIONS:
0: yes
1: no

Answer with the correct option from 0 to 1. Only provide the numeric and nothing else 

Answer:  ASSISTANT:",10000,1,grade4
41,"USER: 
 QUESTION: Does this passage describe the weather or the climate?
OPTIONS:
0: weather
1: climate

Answer with the correct option from 0 to 1. Only provide the numeric and nothing else 

Answer:  ASSISTANT:",10000,0,grade3
42,"USER: 
 QUESTION: Which country is highlighted?
OPTIONS:
0: Vanuatu
1: Tonga
2: the Marshall Islands
3: Nauru

Answer with the correct option from 0 to 3. Only provide the numeric and nothing else 

Answer:  ASSISTANT:",10000,3,grade8
43,"USER: 
 QUESTION: Which rhetorical appeal is primarily used in this ad?
OPTIONS:
0: logos (reason)
1: pathos (emotion)
2: ethos (character)

Answer with the correct option from 0 to 2. Only provide the numeric and nothing else 

Answer:  ASSISTANT:",10000,1,grade12
44,"USER: 
 QUESTION: Which animal is also adapted to be camouflaged among dead leaves?
OPTIONS:
0: strawberry poison frog
1: Surinam horned frog

Answer with the correct option from 0 to 1. Only provide the numeric and nothing else 

Answer:  ASSISTANT:",10000,1,grade5
45,"USER: 
 QUESTION: Identify the question that Helen's experiment can best answer.
OPTIONS:
0: Does fabric turn darker when soaked in a mixture of black dye and water for 15 minutes compared to 30 minutes?
1: Does linen fabric turn darker than cotton fabric when soaked in a mixture of black dye and water?

Answer with the correct option from 0 to 1. Only provide the numeric and nothing else 

Answer:  ASSISTANT:",10000,1,grade8
46,"USER: 
 QUESTION: Think about the magnetic force between the magnets in each pair. Which of the following statements is true?
OPTIONS:
0: The magnetic force is stronger in Pair 1.
1: The magnetic force is stronger in Pair 2.
2: The strength of the magnetic force is the same in both pairs.

Answer with the correct option from 0 to 2. Only provide the numeric and nothing else 

Answer:  ASSISTANT: 2000000000000000000000000000000000000000000000000",2000000000000000000000000000000000000000000000000,1,grade3
47,"USER: 
 QUESTION: What is the capital of Washington?
OPTIONS:
0: Olympia
1: Burlington
2: Seattle
3: Spokane

Answer with the correct option from 0 to 3. Only provide the numeric and nothing else 

Answer:  ASSISTANT:",10000,0,grade5
48,"USER: 
 QUESTION: Which solution has a higher concentration of green particles?
OPTIONS:
0: Solution B
1: neither; their concentrations are the same
2: Solution A

Answer with the correct option from 0 to 2. Only provide the numeric and nothing else 

Answer:  ASSISTANT:",10000,1,grade6
49,"USER: 
 QUESTION: Which is this organism's scientific name?
OPTIONS:
0: comet moth
1: Argema mittrei

Answer with the correct option from 0 to 1. Only provide the numeric and nothing else 

Answer:  ASSISTANT:",10000,1,grade7
50,"USER: 
 QUESTION: Which property do these three objects have in common?
OPTIONS:
0: smooth
1: stretchy
2: fuzzy

Answer with the correct option from 0 to 2. Only provide the numeric and nothing else 

Answer:  ASSISTANT:",10000,0,grade3
51,"USER: 
 QUESTION: Which continent is highlighted?
OPTIONS:
0: North America
1: Africa
2: Asia

Answer with the correct option from 0 to 2. Only provide the numeric and nothing else 

Answer:  ASSISTANT:",10000,2,grade2
52,"USER: 
 QUESTION: Which of these states is farthest north?
OPTIONS:
0: Florida
1: Illinois
2: Ohio
3: New Hampshire

Answer with the correct option from 0 to 3. Only provide the numeric and nothing else 

Answer:  ASSISTANT:",10000,3,grade4
53,"USER: 
 QUESTION: Think about the magnetic force between the magnets in each pair. Which of the following statements is true?
OPTIONS:
0: The magnitude of the magnetic force is smaller in Pair 2.
1: The magnitude of the magnetic force is smaller in Pair 1.
2: The magnitude of the magnetic force is the same in both pairs.

Answer with the correct option from 0 to 2. Only provide the numeric and nothing else 

Answer:  ASSISTANT: 0.",0,2,grade6
54,"USER: 
 QUESTION: Which animal's legs are also adapted for wading?
OPTIONS:
0: kookaburra
1: Eurasian spoonbill

Answer with the correct option from 0 to 1. Only provide the numeric and nothing else 

Answer:  ASSISTANT:",10000,1,grade5
55,"USER: 
 QUESTION: Which rock is more likely to form from sediment deposited in a desert?
OPTIONS:
0: Sandstone forms from layers of sand.
1: Shale forms from layers of mud.

Answer with the correct option from 0 to 1. Only provide the numeric and nothing else 

Answer:  ASSISTANT:",10000,0,grade4
56,"USER: 
 QUESTION: As Rusty pulls on the toy, what is the direction of the opposing force?
OPTIONS:
0: away from Coco
1: toward Coco

Answer with the correct option from 0 to 1. Only provide the numeric and nothing else 

Answer:  ASSISTANT:",10000,1,grade3
57,"USER: 
 QUESTION: What is the capital of Hawaii?
OPTIONS:
0: Portland
1: Bismarck
2: Honolulu
3: Juneau

Answer with the correct option from 0 to 3. Only provide the numeric and nothing else 

Answer:  ASSISTANT:",10000,2,grade4
58,"USER: 
 QUESTION: What is the capital of Washington?
OPTIONS:
0: Santa Fe
1: Lansing
2: Olympia
3: Seattle

Answer with the correct option from 0 to 3. Only provide the numeric and nothing else 

Answer:  ASSISTANT:",10000,2,grade3
59,"USER: 
 QUESTION: What is the probability that an American curl cat produced by this cross will be homozygous dominant for the ear type gene?
OPTIONS:
0: 0/4
1: 2/4
2: 4/4
3: 3/4
4: 1/4

Answer with the correct option from 0 to 4. Only provide the numeric and nothing else 

Answer:  ASSISTANT: 200. 20000000000000000000000000000000000000000000",2,2,grade8
60,"USER: 
 QUESTION: What is the capital of Oklahoma?
OPTIONS:
0: Boise
1: Oklahoma City
2: Little Rock
3: Birmingham

Answer with the correct option from 0 to 3. Only provide the numeric and nothing else 

Answer:  ASSISTANT:",10000,1,grade4
61,"USER: 
 QUESTION: Identify the question that Jaden and Ron's experiment can best answer.
OPTIONS:
0: Do ping pong balls travel farther when launched from a 30° angle compared to a 45° angle?
1: Do ping pong balls stop rolling along the ground sooner after being launched from a 30° angle or a 45° angle?

Answer with the correct option from 0 to 1. Only provide the numeric and nothing else 

Answer:  ASSISTANT:",10000,0,grade7
62,"USER: 
 QUESTION: Complete the statement.
Hydrogen is ().
OPTIONS:
0: an elementary substance
1: a compound

Answer with the correct option from 0 to 1. Only provide the numeric and nothing else 

Answer:  ASSISTANT: 0000000000000000000000000000000000000000000000000",0,0,grade5
63,"USER: 
 QUESTION: What is the name of the colony shown?
OPTIONS:
0: New Jersey
1: South Carolina
2: West Virginia
3: Rhode Island

Answer with the correct option from 0 to 3. Only provide the numeric and nothing else 

Answer:  ASSISTANT:",10000,1,grade8
64,"USER: 
 QUESTION: What is the capital of Kansas?
OPTIONS:
0: Des Moines
1: Wichita
2: Topeka
3: Lincoln

Answer with the correct option from 0 to 3. Only provide the numeric and nothing else 

Answer:  ASSISTANT:",10000,2,grade3
65,"USER: 
 QUESTION: Which continent is highlighted?
OPTIONS:
0: North America
1: Africa
2: Asia
3: South America

Answer with the correct option from 0 to 3. Only provide the numeric and nothing else 

Answer:  ASSISTANT:",10000,1,grade5
66,"USER: 
 QUESTION: Identify the question that Linda and Bob's experiment can best answer.
OPTIONS:
0: Does Linda's snowboard slide down a hill in less time when it has a thin layer of wax or a thick layer of wax?
1: Does Linda's snowboard slide down a hill in less time when it has a layer of wax or when it does not have a layer of wax?

Answer with the correct option from 0 to 1. Only provide the numeric and nothing else 

Answer:  ASSISTANT:",10000,1,grade6
67,"USER: 
 QUESTION: What is the capital of Nevada?
OPTIONS:
0: Sacramento
1: Las Vegas
2: Carson City
3: Jefferson City

Answer with the correct option from 0 to 3. Only provide the numeric and nothing else 

Answer:  ASSISTANT:",10000,2,grade3
68,"USER: 
 QUESTION: What is the name of the colony shown?
OPTIONS:
0: Maine
1: Maryland
2: New Hampshire
3: North Carolina

Answer with the correct option from 0 to 3. Only provide the numeric and nothing else 

Answer:  ASSISTANT:",10000,1,grade7
69,"USER: 
 QUESTION: What is the capital of New Mexico?
OPTIONS:
0: Albuquerque
1: Santa Fe
2: Honolulu
3: Boston

Answer with the correct option from 0 to 3. Only provide the numeric and nothing else 

Answer:  ASSISTANT:",10000,1,grade3
70,"USER: 
 QUESTION: Which continent is highlighted?
OPTIONS:
0: Europe
1: Asia
2: South America
3: Australia

Answer with the correct option from 0 to 3. Only provide the numeric and nothing else 

Answer:  ASSISTANT:",10000,2,grade8
71,"USER: 
 QUESTION: Will these magnets attract or repel each other?
OPTIONS:
0: repel
1: attract

Answer with the correct option from 0 to 1. Only provide the numeric and nothing else 

Answer:  ASSISTANT:",10000,0,grade4
72,"USER: 
 QUESTION: Which animal's limbs are also adapted for climbing trees?
OPTIONS:
0: three-toed sloth
1: sea turtle

Answer with the correct option from 0 to 1. Only provide the numeric and nothing else 

Answer:  ASSISTANT:",10000,0,grade4
73,"USER: 
 QUESTION: Which type of relationship is formed when a rat tapeworm attaches itself to a rat's intestine?
OPTIONS:
0: parasitic
1: mutualistic
2: commensal

Answer with the correct option from 0 to 2. Only provide the numeric and nothing else 

Answer:  ASSISTANT: 00.00.",0,0,grade7
74,"USER: 
 QUESTION: What is the capital of California?
OPTIONS:
0: San Francisco
1: Sacramento
2: Jefferson City
3: Lansing

Answer with the correct option from 0 to 3. Only provide the numeric and nothing else 

Answer:  ASSISTANT:",10000,1,grade3
75,"USER: 
 QUESTION: Which property do these three objects have in common?
OPTIONS:
0: salty
1: scratchy
2: sticky

Answer with the correct option from 0 to 2. Only provide the numeric and nothing else 

Answer:  ASSISTANT:",10000,2,grade4
76,"USER: 
 QUESTION: Based on the arrows, which of the following living things is a decomposer?
OPTIONS:
0: kelp
1: bat star

Answer with the correct option from 0 to 1. Only provide the numeric and nothing else 

Answer:  ASSISTANT:",10000,1,grade3
77,"USER: 
 QUESTION: Is marble a mineral or a rock?
OPTIONS:
0: rock
1: mineral

Answer with the correct option from 0 to 1. Only provide the numeric and nothing else 

Answer:  ASSISTANT:",10000,0,grade8
78,"USER: 
 QUESTION: Complete the statement.
Ethane is ().
OPTIONS:
0: an elementary substance
1: a compound

Answer with the correct option from 0 to 1. Only provide the numeric and nothing else 

Answer:  ASSISTANT: 0000000000000000000000000000000000000000000000000",0,1,grade5
79,"USER: 
 QUESTION: What is the capital of Rhode Island?
OPTIONS:
0: Fayetteville
1: Huntington
2: Providence
3: Newport

Answer with the correct option from 0 to 3. Only provide the numeric and nothing else 

Answer:  ASSISTANT:",10000,2,grade5
80,"USER: 
 QUESTION: Which is this organism's scientific name?
OPTIONS:
0: Gavia immer
1: common loon

Answer with the correct option from 0 to 1. Only provide the numeric and nothing else 

Answer:  ASSISTANT:",10000,0,grade5
81,"USER: 
 QUESTION: Which of these states is farthest west?
OPTIONS:
0: Missouri
1: Florida
2: Montana
3: Oregon

Answer with the correct option from 0 to 3. Only provide the numeric and nothing else 

Answer:  ASSISTANT:",10000,3,grade4
82,"USER: 
 QUESTION: Which property do these three objects have in common?
OPTIONS:
0: slippery
1: transparent
2: yellow

Answer with the correct option from 0 to 2. Only provide the numeric and nothing else 

Answer:  ASSISTANT:",10000,2,grade4
83,"USER: 
 QUESTION: Which statement describes the Cape Breton Highlands National Park ecosystem?
OPTIONS:
0: It has soil that is rich in nutrients.
1: It has many evergreen trees.

Answer with the correct option from 0 to 1. Only provide the numeric and nothing else 

Answer:  ASSISTANT:",10000,1,grade5
84,"USER: 
 QUESTION: Which of these organisms contains matter that was once part of the lichen?
OPTIONS:
0: mushroom
1: short-tailed weasel
2: brown lemming
3: rough-legged hawk
4: bilberry

Answer with the correct option from 0 to 4. Only provide the numeric and nothing else 

Answer:  ASSISTANT:",10000,0,grade7
85,"USER: 
 QUESTION: Will these magnets attract or repel each other?
OPTIONS:
0: attract
1: repel

Answer with the correct option from 0 to 1. Only provide the numeric and nothing else 

Answer:  ASSISTANT:",10000,1,grade2
86,"USER: 
 QUESTION: What is the name of the colony shown?
OPTIONS:
0: New Hampshire
1: Vermont
2: New York
3: Delaware

Answer with the correct option from 0 to 3. Only provide the numeric and nothing else 

Answer:  ASSISTANT:",10000,2,grade7
87,"USER: 
 QUESTION: Which bird's beak is also adapted to catch insects?
OPTIONS:
0: barn swallow
1: hanging parrot

Answer with the correct option from 0 to 1. Only provide the numeric and nothing else 

Answer:  ASSISTANT:",10000,0,grade3
88,"USER: 
 QUESTION: Compare the average kinetic energies of the particles in each sample. Which sample has the higher temperature?
OPTIONS:
0: neither; the samples have the same temperature
1: sample A
2: sample B

Answer with the correct option from 0 to 2. Only provide the numeric and nothing else 

Answer:  ASSISTANT:",10000,1,grade6
89,"USER: 
 QUESTION: What is the capital of Connecticut?
OPTIONS:
0: Columbia
1: Bridgeport
2: New Haven
3: Hartford

Answer with the correct option from 0 to 3. Only provide the numeric and nothing else 

Answer:  ASSISTANT:",10000,3,grade4
90,"USER: 
 QUESTION: What is the capital of Ohio?
OPTIONS:
0: Wilmington
1: Reno
2: Cleveland
3: Columbus

Answer with the correct option from 0 to 3. Only provide the numeric and nothing else 

Answer:  ASSISTANT:",10000,3,grade3
91,"USER: 
 QUESTION: Is dolerite a mineral or a rock?
OPTIONS:
0: mineral
1: rock

Answer with the correct option from 0 to 1. Only provide the numeric and nothing else 

Answer:  ASSISTANT:",10000,1,grade8
92,"USER: 
 QUESTION: What evidence of a wildfire does this picture show?
OPTIONS:
0: The grass is brown and dry.
1: Some of the grass on the ground is burning.

Answer with the correct option from 0 to 1. Only provide the numeric and nothing else 

Answer:  ASSISTANT:",10000,1,grade2
93,"USER: 
 QUESTION: What can Austen and Naomi trade to each get what they want?
OPTIONS:
0: Naomi can trade her broccoli for Austen's oranges.
1: Austen can trade his tomatoes for Naomi's broccoli.
2: Austen can trade his tomatoes for Naomi's sandwich.
3: Naomi can trade her almonds for Austen's tomatoes.

Answer with the correct option from 0 to 3. Only provide the numeric and nothing else 

Answer:  ASSISTANT:",10000,1,grade6
94,"USER: 
 QUESTION: Will these magnets attract or repel each other?
OPTIONS:
0: repel
1: attract

Answer with the correct option from 0 to 1. Only provide the numeric and nothing else 

Answer:  ASSISTANT:",10000,1,grade2
95,"USER: 
 QUESTION: Based on the arrows, which of the following organisms is a consumer?
OPTIONS:
0: mushroom
1: lichen

Answer with the correct option from 0 to 1. Only provide the numeric and nothing else 

Answer:  ASSISTANT:",10000,0,grade4
96,"USER: 
 QUESTION: Which solution has a higher concentration of pink particles?
OPTIONS:
0: neither; their concentrations are the same
1: Solution B
2: Solution A

Answer with the correct option from 0 to 2. Only provide the numeric and nothing else 

Answer:  ASSISTANT:",10000,1,grade8
97,"USER: 
 QUESTION: Identify the question that Robert's experiment can best answer.
OPTIONS:
0: Do steel nails take fewer days to rust in water compared to vinegar?
1: Do steel nails rust in fewer days when submerged in a large volume of liquid compared to a small volume?

Answer with the correct option from 0 to 1. Only provide the numeric and nothing else 

Answer:  ASSISTANT:",10000,0,grade7
98,"USER: 
 QUESTION: Does this passage describe the weather or the climate?
OPTIONS:
0: weather
1: climate

Answer with the correct option from 0 to 1. Only provide the numeric and nothing else 

Answer:  ASSISTANT:",10000,0,grade4
99,"USER: 
 QUESTION: Which country is highlighted?
OPTIONS:
0: Haiti
1: Trinidad and Tobago
2: Cuba
3: the Dominican Republic

Answer with the correct option from 0 to 3. Only provide the numeric and nothing else 

Answer:  ASSISTANT:",10000,0,grade6
100,"USER: 
 QUESTION: Compare the average kinetic energies of the particles in each sample. Which sample has the higher temperature?
OPTIONS:
0: neither; the samples have the same temperature
1: sample B
2: sample A

Answer with the correct option from 0 to 2. Only provide the numeric and nothing else 

Answer:  ASSISTANT:",10000,1,grade7
101,"USER: 
 QUESTION: Which solution has a higher concentration of green particles?
OPTIONS:
0: Solution B
1: neither; their concentrations are the same
2: Solution A

Answer with the correct option from 0 to 2. Only provide the numeric and nothing else 

Answer:  ASSISTANT:",10000,1,grade7
102,"USER: 
 QUESTION: What is the name of the colony shown?
OPTIONS:
0: Pennsylvania
1: Vermont
2: Tennessee
3: Michigan

Answer with the correct option from 0 to 3. Only provide the numeric and nothing else 

Answer:  ASSISTANT:",10000,0,grade5
103,"USER: 
 QUESTION: What is the capital of Hawaii?
OPTIONS:
0: Hilo
1: Carson City
2: Honolulu
3: Juneau

Answer with the correct option from 0 to 3. Only provide the numeric and nothing else 

Answer:  ASSISTANT:",10000,2,grade3
104,"USER: 
 QUESTION: In this food chain, the yucca moth is a consumer. Why?
OPTIONS:
0: It makes its own food.
1: It eats another living thing.

Answer with the correct option from 0 to 1. Only provide the numeric and nothing else 

Answer:  ASSISTANT:",10000,1,grade3
105,"USER: 
 QUESTION: What is the capital of Kentucky?
OPTIONS:
0: Lexington
1: Frankfort
2: Anchorage
3: Baton Rouge

Answer with the correct option from 0 to 3. Only provide the numeric and nothing else 

Answer:  ASSISTANT:",10000,1,grade5
106,"USER: 
 QUESTION: Can Polytrichum commune cells make their own food?
OPTIONS:
0: yes
1: no

Answer with the correct option from 0 to 1. Only provide the numeric and nothing else 

Answer:  ASSISTANT:",10000,0,grade4
107,"USER: 
 QUESTION: Select the amphibian below.
OPTIONS:
0: brown tree frog
1: woodpecker

Answer with the correct option from 0 to 1. Only provide the numeric and nothing else 

Answer:  ASSISTANT:",10000,0,grade3
108,"USER: 
 QUESTION: Complete the statement.
Beryllium is ().
OPTIONS:
0: an elementary substance
1: a compound

Answer with the correct option from 0 to 1. Only provide the numeric and nothing else 

Answer:  ASSISTANT: 0000000000000000000000000000000000000000000000000",0,0,grade7
109,"USER: 
 QUESTION: Which of the following could Edwin's test show?
OPTIONS:
0: how much athletes would sweat in the fabric
1: if the sample fabric would absorb one drop of water in less than one second
2: how long it would take the sample fabric to dry after it absorbed one drop of water

Answer with the correct option from 0 to 2. Only provide the numeric and nothing else 

Answer:  ASSISTANT:",10000,2,grade7
110,"USER: 
 QUESTION: Compare the average kinetic energies of the particles in each sample. Which sample has the higher temperature?
OPTIONS:
0: sample A
1: sample B
2: neither; the samples have the same temperature

Answer with the correct option from 0 to 2. Only provide the numeric and nothing else 

Answer:  ASSISTANT:",10000,1,grade6
111,"USER: 
 QUESTION: What is the capital of Massachusetts?
OPTIONS:
0: Dover
1: Boston
2: Salem
3: Augusta

Answer with the correct option from 0 to 3. Only provide the numeric and nothing else 

Answer:  ASSISTANT:",10000,1,grade4
112,"USER: 
 QUESTION: What is the Morelet's crocodile's scientific name?
OPTIONS:
0: Crocodylus moreletii
1: Crocodylus anthropophagus

Answer with the correct option from 0 to 1. Only provide the numeric and nothing else 

Answer:  ASSISTANT:",10000,0,grade4
113,"USER: 
 QUESTION: Which material is this flower vase made of?
OPTIONS:
0: silk
1: glass

Answer with the correct option from 0 to 1. Only provide the numeric and nothing else 

Answer:  ASSISTANT:",10000,1,grade2
114,"USER: 
 QUESTION: Will these magnets attract or repel each other?
OPTIONS:
0: repel
1: attract

Answer with the correct option from 0 to 1. Only provide the numeric and nothing else 

Answer:  ASSISTANT:",10000,1,grade4
115,"USER: 
 QUESTION: What is the capital of Kansas?
OPTIONS:
0: Wichita
1: Pierre
2: Springfield
3: Topeka

Answer with the correct option from 0 to 3. Only provide the numeric and nothing else 

Answer:  ASSISTANT:",10000,3,grade5
116,"USER: 
 QUESTION: Which property do these three objects have in common?
OPTIONS:
0: translucent
1: opaque
2: fragile

Answer with the correct option from 0 to 2. Only provide the numeric and nothing else 

Answer:  ASSISTANT:",10000,1,grade3
117,"USER: 
 QUESTION: What can Turner and Mona trade to each get what they want?
OPTIONS:
0: Turner can trade his tomatoes for Mona's broccoli.
1: Turner can trade his tomatoes for Mona's carrots.
2: Mona can trade her broccoli for Turner's oranges.
3: Mona can trade her almonds for Turner's tomatoes.

Answer with the correct option from 0 to 3. Only provide the numeric and nothing else 

Answer:  ASSISTANT:",10000,0,grade8
118,"USER: 
 QUESTION: Which property matches this object?
OPTIONS:
0: stretchy
1: transparent

Answer with the correct option from 0 to 1. Only provide the numeric and nothing else 

Answer:  ASSISTANT:",10000,1,grade3
119,"USER: 
 QUESTION: Which country is highlighted?
OPTIONS:
0: Tuvalu
1: Australia
2: New Zealand
3: Papua New Guinea

Answer with the correct option from 0 to 3. Only provide the numeric and nothing else 

Answer:  ASSISTANT:",10000,1,grade7
120,"USER: 
 QUESTION: Compare the average kinetic energies of the particles in each sample. Which sample has the higher temperature?
OPTIONS:
0: neither; the samples have the same temperature
1: sample A
2: sample B

Answer with the correct option from 0 to 2. Only provide the numeric and nothing else 

Answer:  ASSISTANT:",10000,2,grade6
121,"USER: 
 QUESTION: Does this passage describe the weather or the climate?
OPTIONS:
0: climate
1: weather

Answer with the correct option from 0 to 1. Only provide the numeric and nothing else 

Answer:  ASSISTANT:",10000,0,grade4
122,"USER: 
 QUESTION: Which material is this egg carton made of?
OPTIONS:
0: wood
1: styrofoam

Answer with the correct option from 0 to 1. Only provide the numeric and nothing else 

Answer:  ASSISTANT:",10000,1,grade3
123,"USER: 
 QUESTION: What is the capital of Florida?
OPTIONS:
0: Tampa
1: Little Rock
2: Laramie
3: Tallahassee

Answer with the correct option from 0 to 3. Only provide the numeric and nothing else 

Answer:  ASSISTANT:",10000,3,grade3
124,"USER: 
 QUESTION: Identify the question that Kira's experiment can best answer.
OPTIONS:
0: Does linen fabric turn darker than cotton fabric when soaked in a mixture of black dye and water?
1: Does fabric turn darker when soaked in a mixture of black dye and water for 15 minutes compared to 30 minutes?

Answer with the correct option from 0 to 1. Only provide the numeric and nothing else 

Answer:  ASSISTANT:",10000,0,grade6
125,"USER: 
 QUESTION: Which country is highlighted?
OPTIONS:
0: the Federated States of Micronesia
1: New Zealand
2: Tuvalu
3: Tonga

Answer with the correct option from 0 to 3. Only provide the numeric and nothing else 

Answer:  ASSISTANT:",10000,2,grade6
126,"USER: 
 QUESTION: Which property do these three objects have in common?
OPTIONS:
0: shiny
1: fuzzy
2: blue

Answer with the correct option from 0 to 2. Only provide the numeric and nothing else 

Answer:  ASSISTANT:",10000,0,grade3
127,"USER: 
 QUESTION: What is the name of the colony shown?
OPTIONS:
0: Maryland
1: Virginia
2: Washington, D.C.
3: Rhode Island

Answer with the correct option from 0 to 3. Only provide the numeric and nothing else 

Answer:  ASSISTANT: 0000000000000000000000000000000000000000000000000",0,0,grade4
128,"USER: 
 QUESTION: Which of these states is farthest east?
OPTIONS:
0: Nebraska
1: Louisiana
2: Idaho
3: Arizona

Answer with the correct option from 0 to 3. Only provide the numeric and nothing else 

Answer:  ASSISTANT:",10000,1,grade3
129,"USER: 
 QUESTION: Which country is highlighted?
OPTIONS:
0: The Bahamas
1: Cuba
2: Jamaica
3: Haiti

Answer with the correct option from 0 to 3. Only provide the numeric and nothing else 

Answer:  ASSISTANT:",10000,1,grade6
130,"USER: 
 QUESTION: Which month is the hottest on average in Rome?
OPTIONS:
0: December, January, and February
1: July and August
2: March and April

Answer with the correct option from 0 to 2. Only provide the numeric and nothing else 

Answer:  ASSISTANT:",10000,1,grade4
131,"USER: 
 QUESTION: What is the name of the colony shown?
OPTIONS:
0: New York
1: Rhode Island
2: North Carolina
3: New Jersey

Answer with the correct option from 0 to 3. Only provide the numeric and nothing else 

Answer:  ASSISTANT:",10000,1,grade4
132,"USER: 
 QUESTION: Which animal's mouth is also adapted to tear through meat?
OPTIONS:
0: tiger
1: marmot

Answer with the correct option from 0 to 1. Only provide the numeric and nothing else 

Answer:  ASSISTANT:",10000,0,grade3
133,"USER: 
 QUESTION: Is the water in a sink a solid or a liquid?
OPTIONS:
0: a liquid
1: a solid

Answer with the correct option from 0 to 1. Only provide the numeric and nothing else 

Answer:  ASSISTANT:",10000,0,grade2
134,"USER: 
 QUESTION: What is the capital of Maryland?
OPTIONS:
0: Juneau
1: Augusta
2: Annapolis
3: Providence

Answer with the correct option from 0 to 3. Only provide the numeric and nothing else 

Answer:  ASSISTANT:",10000,2,grade5
135,"USER: 
 QUESTION: Which country is highlighted?
OPTIONS:
0: Palau
1: Nauru
2: the Federated States of Micronesia
3: New Zealand

Answer with the correct option from 0 to 3. Only provide the numeric and nothing else 

Answer:  ASSISTANT:",10000,0,grade7
136,"USER: 
 QUESTION: What is the capital of Utah?
OPTIONS:
0: Helena
1: Albany
2: Salt Lake City
3: Provo

Answer with the correct option from 0 to 3. Only provide the numeric and nothing else 

Answer:  ASSISTANT:",10000,2,grade4
137,"USER: 
 QUESTION: What is the capital of New Jersey?
OPTIONS:
0: Newark
1: Montpelier
2: Jersey City
3: Trenton

Answer with the correct option from 0 to 3. Only provide the numeric and nothing else 

Answer:  ASSISTANT:",10000,3,grade3
138,"USER: 
 QUESTION: Which of the following organisms is the decomposer in this food web?
OPTIONS:
0: green algae
1: water mold
2: golden algae

Answer with the correct option from 0 to 2. Only provide the numeric and nothing else 

Answer:  ASSISTANT:",10000,1,grade5
139,"USER: 
 QUESTION: Select the organism in the same genus as the North American beaver.
OPTIONS:
0: Goura scheepmakeri
1: Castor fiber
2: Cervus canadensis

Answer with the correct option from 0 to 2. Only provide the numeric and nothing else 

Answer:  ASSISTANT:",10000,1,grade8
140,"USER: 
 QUESTION: Which animal is also adapted to be camouflaged in the snow?
OPTIONS:
0: Arctic hare
1: camel

Answer with the correct option from 0 to 1. Only provide the numeric and nothing else 

Answer:  ASSISTANT:",10000,0,grade5
141,"USER: 
 QUESTION: Which ocean is highlighted?
OPTIONS:
0: the Indian Ocean
1: the Atlantic Ocean
2: the Pacific Ocean
3: the Southern Ocean

Answer with the correct option from 0 to 3. Only provide the numeric and nothing else 

Answer:  ASSISTANT:",10000,1,grade7
142,"USER: 
 QUESTION: Which type of relationship is formed when a bristle worm lives on a white sea urchin?
OPTIONS:
0: mutualistic
1: commensal
2: parasitic

Answer with the correct option from 0 to 2. Only provide the numeric and nothing else 

Answer:  ASSISTANT:",10000,1,grade7
143,"USER: 
 QUESTION: Which property do these three objects have in common?
OPTIONS:
0: rough
1: yellow
2: sticky

Answer with the correct option from 0 to 2. Only provide the numeric and nothing else 

Answer:  ASSISTANT:",10000,1,grade3
144,"USER: 
 QUESTION: Which of these states is farthest east?
OPTIONS:
0: Georgia
1: Delaware
2: North Dakota
3: Colorado

Answer with the correct option from 0 to 3. Only provide the numeric and nothing else 

Answer:  ASSISTANT:",10000,1,grade4
145,"USER: 
 QUESTION: Which is this organism's scientific name?
OPTIONS:
0: Carcharodon carcharias
1: great white shark

Answer with the correct option from 0 to 1. Only provide the numeric and nothing else 

Answer:  ASSISTANT:",10000,0,grade7
146,"USER: 
 QUESTION: Which month is the wettest on average in Christchurch?
OPTIONS:
0: August
1: April
2: May

Answer with the correct option from 0 to 2. Only provide the numeric and nothing else 

Answer:  ASSISTANT:",10000,2,grade3
147,"USER: 
 QUESTION: Will these magnets attract or repel each other?
OPTIONS:
0: repel
1: attract

Answer with the correct option from 0 to 1. Only provide the numeric and nothing else 

Answer:  ASSISTANT:",10000,0,grade5
148,"USER: 
 QUESTION: Which ocean is highlighted?
OPTIONS:
0: the Southern Ocean
1: the Pacific Ocean
2: the Atlantic Ocean
3: the Indian Ocean

Answer with the correct option from 0 to 3. Only provide the numeric and nothing else 

Answer:  ASSISTANT:",10000,0,grade7
149,"USER: 
 QUESTION: What is the capital of Colorado?
OPTIONS:
0: Olympia
1: Denver
2: Carson City
3: Louisville

Answer with the correct option from 0 to 3. Only provide the numeric and nothing else 

Answer:  ASSISTANT:",10000,1,grade4
150,"USER: 
 QUESTION: Which country is highlighted?
OPTIONS:
0: Australia
1: the Marshall Islands
2: New Zealand
3: Papua New Guinea

Answer with the correct option from 0 to 3. Only provide the numeric and nothing else 

Answer:  ASSISTANT:",10000,2,grade6
151,"USER: 
 QUESTION: Which of these states is farthest south?
OPTIONS:
0: Missouri
1: Michigan
2: Maine
3: Oregon

Answer with the correct option from 0 to 3. Only provide the numeric and nothing else 

Answer:  ASSISTANT:",10000,0,grade4
152,"USER: 
 QUESTION: Which of these cities is marked on the map?
OPTIONS:
0: Miami
1: Atlanta
2: Nashville
3: Oklahoma City

Answer with the correct option from 0 to 3. Only provide the numeric and nothing else 

Answer:  ASSISTANT:",10000,1,grade4
153,"USER: 
 QUESTION: In this food web, which organism contains matter that eventually moves to the bat star?
OPTIONS:
0: sea cucumber
1: sea otter
2: phytoplankton

Answer with the correct option from 0 to 2. Only provide the numeric and nothing else 

Answer:  ASSISTANT:",10000,2,grade6
154,"USER: 
 QUESTION: Identify the question that Dakota's experiment can best answer.
OPTIONS:
0: Do more tomato seedlings grow when they are planted in soil with fertilizer compared to soil without fertilizer?
1: Does the humidity level where tomato seeds are planted affect the number of tomato seedlings that grow?

Answer with the correct option from 0 to 1. Only provide the numeric and nothing else 

Answer:  ASSISTANT:",10000,0,grade8
155,"USER: 
 QUESTION: What is the capital of California?
OPTIONS:
0: Sacramento
1: Reno
2: Los Angeles
3: San Francisco

Answer with the correct option from 0 to 3. Only provide the numeric and nothing else 

Answer:  ASSISTANT:",10000,0,grade3
156,"USER: 
 QUESTION: Which continent is highlighted?
OPTIONS:
0: Australia
1: Africa
2: South America
3: Europe

Answer with the correct option from 0 to 3. Only provide the numeric and nothing else 

Answer:  ASSISTANT:",10000,2,grade4
157,"USER: 
 QUESTION: Identify the question that Harry's experiment can best answer.
OPTIONS:
0: Do steel nails take fewer days to rust in water compared to vinegar?
1: Do steel nails rust in fewer days when submerged in a large volume of liquid compared to a small volume?

Answer with the correct option from 0 to 1. Only provide the numeric and nothing else 

Answer:  ASSISTANT:",10000,0,grade8
158,"USER: 
 QUESTION: Is the following statement about our solar system true or false?
Of the four smallest planets, two are made mainly of gas.
OPTIONS:
0: false
1: true

Answer with the correct option from 0 to 1. Only provide the numeric and nothing else 

Answer:  ASSISTANT: 0000.00000000000000000000000000000000000000000000",0,0,grade8
159,"USER: 
 QUESTION: What is the capital of Colorado?
OPTIONS:
0: Denver
1: Concord
2: Columbia
3: Charlotte

Answer with the correct option from 0 to 3. Only provide the numeric and nothing else 

Answer:  ASSISTANT:",10000,0,grade5
160,"USER: 
 QUESTION: Think about the magnetic force between the magnets in each pair. Which of the following statements is true?
OPTIONS:
0: The magnitude of the magnetic force is greater in Pair 2.
1: The magnitude of the magnetic force is greater in Pair 1.
2: The magnitude of the magnetic force is the same in both pairs.

Answer with the correct option from 0 to 2. Only provide the numeric and nothing else 

Answer:  ASSISTANT: 0.",0,1,grade7
161,"USER: 
 QUESTION: What is the expected ratio of offspring with a normal-sized body to offspring with a dwarf body? Choose the most likely ratio.
OPTIONS:
0: 1:3
1: 4:0
2: 0:4
3: 2:2
4: 3:1

Answer with the correct option from 0 to 4. Only provide the numeric and nothing else 

Answer:  ASSISTANT: 20. 20. 20. 20. 20. 20. 20. 20.20.20.20.20.20.20.",2,1,grade8
162,"USER: 
 QUESTION: Select the fish below.
OPTIONS:
0: water buffalo
1: poison dart frog
2: great white shark
3: penguin

Answer with the correct option from 0 to 3. Only provide the numeric and nothing else 

Answer:  ASSISTANT: 0000000000000000000000000000000000000000000000000",0,2,grade4
163,"USER: 
 QUESTION: What can Clara and Harry trade to each get what they want?
OPTIONS:
0: Harry can trade his almonds for Clara's tomatoes.
1: Clara can trade her tomatoes for Harry's carrots.
2: Harry can trade his broccoli for Clara's oranges.
3: Clara can trade her tomatoes for Harry's broccoli.

Answer with the correct option from 0 to 3. Only provide the numeric and nothing else 

Answer:  ASSISTANT:",10000,3,grade8
164,"USER: 
 QUESTION: Which property do these two objects have in common?
OPTIONS:
0: sour
1: stretchy

Answer with the correct option from 0 to 1. Only provide the numeric and nothing else 

Answer:  ASSISTANT:",10000,0,grade2
165,"USER: 
 QUESTION: What is the name of the colony shown?
OPTIONS:
0: North Carolina
1: Mississippi
2: New York
3: Massachusetts

Answer with the correct option from 0 to 3. Only provide the numeric and nothing else 

Answer:  ASSISTANT:",10000,2,grade8
166,"USER: 
 QUESTION: What is the name of the colony shown?
OPTIONS:
0: Massachusetts
1: Virginia
2: Georgia
3: New Hampshire

Answer with the correct option from 0 to 3. Only provide the numeric and nothing else 

Answer:  ASSISTANT:",10000,1,grade8
167,"USER: 
 QUESTION: Which of the following could Charlotte's test show?
OPTIONS:
0: if the blade guards would break in a crash
1: if adding the blade guards made the drone fly poorly
2: how much the drone weighed with the blade guards

Answer with the correct option from 0 to 2. Only provide the numeric and nothing else 

Answer:  ASSISTANT: 2000000000000000000000000000000000000000000000000",2000000000000000000000000000000000000000000000000,1,grade8
168,"USER: 
 QUESTION: Think about the magnetic force between the magnets in each pair. Which of the following statements is true?
OPTIONS:
0: The magnitude of the magnetic force is greater in Pair 2.
1: The magnitude of the magnetic force is the same in both pairs.
2: The magnitude of the magnetic force is greater in Pair 1.

Answer with the correct option from 0 to 2. Only provide the numeric and nothing else 

Answer:  ASSISTANT: 0.",0,0,grade8
169,"USER: 
 QUESTION: Think about the magnetic force between the magnets in each pair. Which of the following statements is true?
OPTIONS:
0: The magnetic force is stronger in Pair 2.
1: The strength of the magnetic force is the same in both pairs.
2: The magnetic force is stronger in Pair 1.

Answer with the correct option from 0 to 2. Only provide the numeric and nothing else 

Answer:  ASSISTANT: 0.",0,2,grade4
170,"USER: 
 QUESTION: Which of the following organisms is the omnivore in this food web?
OPTIONS:
0: black racer
1: gray fox
2: silver maple
3: black bear

Answer with the correct option from 0 to 3. Only provide the numeric and nothing else 

Answer:  ASSISTANT:",10000,3,grade7
171,"USER: 
 QUESTION: Which property do these four objects have in common?
OPTIONS:
0: opaque
1: fragile
2: smooth

Answer with the correct option from 0 to 2. Only provide the numeric and nothing else 

Answer:  ASSISTANT:",10000,0,grade5
172,"USER: 
 QUESTION: Think about the magnetic force between the magnets in each pair. Which of the following statements is true?
OPTIONS:
0: The magnitude of the magnetic force is smaller in Pair 1.
1: The magnitude of the magnetic force is smaller in Pair 2.
2: The magnitude of the magnetic force is the same in both pairs.

Answer with the correct option from 0 to 2. Only provide the numeric and nothing else 

Answer:  ASSISTANT: 0.",0,1,grade5
173,"USER: 
 QUESTION: What can Reid and Daniel trade to each get what they want?
OPTIONS:
0: Reid can trade his tomatoes for Daniel's carrots.
1: Daniel can trade his broccoli for Reid's oranges.
2: Reid can trade his tomatoes for Daniel's broccoli.
3: Daniel can trade his almonds for Reid's tomatoes.

Answer with the correct option from 0 to 3. Only provide the numeric and nothing else 

Answer:  ASSISTANT:",10000,2,grade8
174,"USER: 
 QUESTION: Which property matches this object?
OPTIONS:
0: flexible
1: fragile

Answer with the correct option from 0 to 1. Only provide the numeric and nothing else 

Answer:  ASSISTANT:",10000,1,grade3
175,"USER: 
 QUESTION: Identify the question that Jeanette's experiment can best answer.
OPTIONS:
0: Do circuits that include iron produce dimmer light than circuits that include copper?
1: Can light bulbs stay lit longer when circuits include copper or when circuits include iron?

Answer with the correct option from 0 to 1. Only provide the numeric and nothing else 

Answer:  ASSISTANT: 0",0,0,grade8
176,"USER: 
 QUESTION: Which property do these two objects have in common?
OPTIONS:
0: sour
1: blue

Answer with the correct option from 0 to 1. Only provide the numeric and nothing else 

Answer:  ASSISTANT:",10000,0,grade2
177,"USER: 
 QUESTION: Identify the question that Wanda and Ernest's experiment can best answer.
OPTIONS:
0: Does Wanda's snowboard slide down a hill in less time when it has a thin layer of wax or a thick layer of wax?
1: Does Wanda's snowboard slide down a hill in less time when it has a layer of wax or when it does not have a layer of wax?

Answer with the correct option from 0 to 1. Only provide the numeric and nothing else 

Answer:  ASSISTANT:",10000,1,grade6
178,"USER: 
 QUESTION: What is the direction of this pull?
OPTIONS:
0: away from the sled dog team
1: toward the sled dog team

Answer with the correct option from 0 to 1. Only provide the numeric and nothing else 

Answer:  ASSISTANT:",10000,1,grade4
179,"USER: 
 QUESTION: Which state is highlighted?
OPTIONS:
0: Ohio
1: South Dakota
2: Nebraska
3: Indiana

Answer with the correct option from 0 to 3. Only provide the numeric and nothing else 

Answer:  ASSISTANT:",10000,3,grade5
180,"USER: 
 QUESTION: Complete the sentence.
Christianity and () originated in the same region of the world.
OPTIONS:
0: Buddhism
1: Judaism
2: Yoruba
3: Hinduism

Answer with the correct option from 0 to 3. Only provide the numeric and nothing else 

Answer:  ASSISTANT: 00.00.00.00.0.000.0000000000000000000000000000000",0,1,grade7
181,"USER: 
 QUESTION: Which continent is highlighted?
OPTIONS:
0: North America
1: Europe
2: Australia
3: South America

Answer with the correct option from 0 to 3. Only provide the numeric and nothing else 

Answer:  ASSISTANT:",10000,3,grade5
182,"USER: 
 QUESTION: Which bird's beak is also adapted to crack large, hard nuts?
OPTIONS:
0: African gray parrot
1: white-tipped sicklebill

Answer with the correct option from 0 to 1. Only provide the numeric and nothing else 

Answer:  ASSISTANT:",10000,0,grade5
183,"USER: 
 QUESTION: Which solution has a higher concentration of green particles?
OPTIONS:
0: Solution A
1: neither; their concentrations are the same
2: Solution B

Answer with the correct option from 0 to 2. Only provide the numeric and nothing else 

Answer:  ASSISTANT:",10000,2,grade6
184,"USER: 
 QUESTION: What is the name of the colony shown?
OPTIONS:
0: Maryland
1: New York
2: Illinois
3: Connecticut

Answer with the correct option from 0 to 3. Only provide the numeric and nothing else 

Answer:  ASSISTANT:",10000,0,grade8
185,"USER: 
 QUESTION: What is the capital of New Jersey?
OPTIONS:
0: Augusta
1: Montpelier
2: Newark
3: Trenton

Answer with the correct option from 0 to 3. Only provide the numeric and nothing else 

Answer:  ASSISTANT:",10000,3,grade5
186,"USER: 
 QUESTION: What is the capital of New Mexico?
OPTIONS:
0: Albuquerque
1: Santa Fe
2: Carson City
3: Lexington

Answer with the correct option from 0 to 3. Only provide the numeric and nothing else 

Answer:  ASSISTANT:",10000,1,grade3
187,"USER: 
 QUESTION: Which trait did Palaeopython have? Select the trait you can observe on the fossil.
OPTIONS:
0: black stripes on its skin
1: large fins on its body
2: a long, thin body

Answer with the correct option from 0 to 2. Only provide the numeric and nothing else 

Answer:  ASSISTANT: 00. 00. 00. 2000000000000000000000000000000000000",0,2,grade3
188,"USER: 
 QUESTION: Is sphalerite a mineral?
OPTIONS:
0: no
1: yes

Answer with the correct option from 0 to 1. Only provide the numeric and nothing else 

Answer:  ASSISTANT:",10000,1,grade6
189,"USER: 
 QUESTION: Select the organism in the same species as the Eurasian beaver.
OPTIONS:
0: Castor fiber
1: Ovis canadensis
2: Lontra canadensis

Answer with the correct option from 0 to 2. Only provide the numeric and nothing else 

Answer:  ASSISTANT: 0000000000000000000000000000000000000000000000000",0,0,grade4
190,"USER: 
 QUESTION: Select the organism in the same species as the snowy owl.
OPTIONS:
0: Bubo scandiacus
1: Ardea herodias
2: Pelecanus erythrorhynchos

Answer with the correct option from 0 to 2. Only provide the numeric and nothing else 

Answer:  ASSISTANT:",10000,0,grade5
191,"USER: 
 QUESTION: Which property do these three objects have in common?
OPTIONS:
0: flexible
1: transparent
2: opaque

Answer with the correct option from 0 to 2. Only provide the numeric and nothing else 

Answer:  ASSISTANT:",10000,1,grade3
192,"USER: 
 QUESTION: Which is the main persuasive appeal used in this ad?
OPTIONS:
0: pathos (emotion)
1: ethos (character)
2: logos (reason)

Answer with the correct option from 0 to 2. Only provide the numeric and nothing else 

Answer:  ASSISTANT:",10000,1,grade7
193,"USER: 
 QUESTION: What is the name of the colony shown?
OPTIONS:
0: Maine
1: Rhode Island
2: New York
3: Virginia

Answer with the correct option from 0 to 3. Only provide the numeric and nothing else 

Answer:  ASSISTANT:",10000,1,grade4
194,"USER: 
 QUESTION: Select the mammal below.
OPTIONS:
0: gray wolf
1: keel-billed toucan

Answer with the correct option from 0 to 1. Only provide the numeric and nothing else 

Answer:  ASSISTANT:",10000,0,grade3
195,"USER: 
 QUESTION: What is the name of the colony shown?
OPTIONS:
0: New Jersey
1: New York
2: Maryland
3: Delaware

Answer with the correct option from 0 to 3. Only provide the numeric and nothing else 

Answer:  ASSISTANT:",10000,1,grade8
196,"USER: 
 QUESTION: Will these magnets attract or repel each other?
OPTIONS:
0: repel
1: attract

Answer with the correct option from 0 to 1. Only provide the numeric and nothing else 

Answer:  ASSISTANT:",10000,0,grade5
197,"USER: 
 QUESTION: Will these magnets attract or repel each other?
OPTIONS:
0: attract
1: repel

Answer with the correct option from 0 to 1. Only provide the numeric and nothing else 

Answer:  ASSISTANT:",10000,1,grade4
198,"USER: 
 QUESTION: Which bird's beak is also adapted to crack large, hard nuts?
OPTIONS:
0: bald ibis
1: scarlet macaw

Answer with the correct option from 0 to 1. Only provide the numeric and nothing else 

Answer:  ASSISTANT:",10000,1,grade3
199,"USER: 
 QUESTION: Which of the following could Helen's test show?
OPTIONS:
0: if adding the blade guards made the drone fly poorly
1: if the blade guards would break in a crash
2: how much the drone weighed with the blade guards

Answer with the correct option from 0 to 2. Only provide the numeric and nothing else 

Answer:  ASSISTANT: 2000000000000000000000000000000000000000000000000",2000000000000000000000000000000000000000000000000,0,grade7
200,"USER: 
 QUESTION: Look at the models of molecules below. Select the elementary substance.
OPTIONS:
0: acetaldehyde
1: hydrazine
2: ozone

Answer with the correct option from 0 to 2. Only provide the numeric and nothing else 

Answer:  ASSISTANT: 0000000000000000000000000000000000000000000000000",0,2,grade6
201,"USER: 
 QUESTION: Think about the magnetic force between the magnets in each pair. Which of the following statements is true?
OPTIONS:
0: The magnetic force is weaker in Pair 1.
1: The magnetic force is weaker in Pair 2.
2: The strength of the magnetic force is the same in both pairs.

Answer with the correct option from 0 to 2. Only provide the numeric and nothing else 

Answer:  ASSISTANT: 200. 20000000000000000000000000000000000000000000",2,2,grade4
202,"USER: 
 QUESTION: Think about the magnetic force between the magnets in each pair. Which of the following statements is true?
OPTIONS:
0: The strength of the magnetic force is the same in both pairs.
1: The magnetic force is weaker in Pair 2.
2: The magnetic force is weaker in Pair 1.

Answer with the correct option from 0 to 2. Only provide the numeric and nothing else 

Answer:  ASSISTANT: 200. 20000000000000000000000000000000000000000000",2,2,grade3
203,"USER: 
 QUESTION: Which of the following could Marcy and Brenda's test show?
OPTIONS:
0: if a new batch of concrete was firm enough to use
1: if the concrete from each batch took the same amount of time to dry

Answer with the correct option from 0 to 1. Only provide the numeric and nothing else 

Answer:  ASSISTANT:",10000,0,grade6
204,"USER: 
 QUESTION: The United States has a federal system. Based on these definitions, which of these statements would most likely be made by a person who lives under a federal system?
OPTIONS:
0: My national government officials decide most issues that come up.
1: I only pay attention to state politics since the national government has almost no power.
2: Both my state and national government officials have power over important issues.

Answer with the correct option from 0 to 2. Only provide the numeric and nothing else 

Answer:  ASSISTANT: 20",20,2,grade6
205,"USER: 
 QUESTION: Identify the question that Lacey's experiment can best answer.
OPTIONS:
0: Does the amount of water in a glass affect whether eggs sink or float in the water?
1: Are eggs more likely to float in fresh water or salty water?

Answer with the correct option from 0 to 1. Only provide the numeric and nothing else 

Answer:  ASSISTANT:",10000,1,grade6
206,"USER: 
 QUESTION: Will these magnets attract or repel each other?
OPTIONS:
0: attract
1: repel

Answer with the correct option from 0 to 1. Only provide the numeric and nothing else 

Answer:  ASSISTANT:",10000,1,grade2
207,"USER: 
 QUESTION: Which country is highlighted?
OPTIONS:
0: Jamaica
1: Grenada
2: Cuba
3: Haiti

Answer with the correct option from 0 to 3. Only provide the numeric and nothing else 

Answer:  ASSISTANT:",10000,0,grade7
208,"USER: 
 QUESTION: What is the name of the colony shown?
OPTIONS:
0: Connecticut
1: Pennsylvania
2: New Hampshire
3: Vermont

Answer with the correct option from 0 to 3. Only provide the numeric and nothing else 

Answer:  ASSISTANT:",10000,2,grade8
209,"USER: 
 QUESTION: During this time, thermal energy was transferred from () to ().
OPTIONS:
0: the surroundings . . . each vial
1: each vial . . . the surroundings

Answer with the correct option from 0 to 1. Only provide the numeric and nothing else 

Answer:  ASSISTANT:",10000,0,grade7
210,"USER: 
 QUESTION: What is the capital of Pennsylvania?
OPTIONS:
0: Hartford
1: Harrisburg
2: Nashville
3: Pittsburgh

Answer with the correct option from 0 to 3. Only provide the numeric and nothing else 

Answer:  ASSISTANT:",10000,1,grade3
211,"USER: 
 QUESTION: Will these magnets attract or repel each other?
OPTIONS:
0: repel
1: attract

Answer with the correct option from 0 to 1. Only provide the numeric and nothing else 

Answer:  ASSISTANT:",10000,0,grade2
212,"USER: 
 QUESTION: What can Arianna and Clarence trade to each get what they want?
OPTIONS:
0: Arianna can trade her tomatoes for Clarence's sandwich.
1: Arianna can trade her tomatoes for Clarence's broccoli.
2: Clarence can trade his broccoli for Arianna's oranges.
3: Clarence can trade his almonds for Arianna's tomatoes.

Answer with the correct option from 0 to 3. Only provide the numeric and nothing else 

Answer:  ASSISTANT:",10000,1,grade6
213,"USER: 
 QUESTION: Is the water in a glass a solid, a liquid, or a gas?
OPTIONS:
0: a solid
1: a gas
2: a liquid

Answer with the correct option from 0 to 2. Only provide the numeric and nothing else 

Answer:  ASSISTANT:",10000,2,grade3
214,"USER: 
 QUESTION: What is the capital of New York?
OPTIONS:
0: Montpelier
1: New York City
2: Louisville
3: Albany

Answer with the correct option from 0 to 3. Only provide the numeric and nothing else 

Answer:  ASSISTANT:",10000,3,grade3
215,"USER: 
 QUESTION: Is Bertholletia excelsa made up of one cell?
OPTIONS:
0: yes
1: no

Answer with the correct option from 0 to 1. Only provide the numeric and nothing else 

Answer:  ASSISTANT:",10000,1,grade4
216,"USER: 
 QUESTION: Is the following statement about our solar system true or false?
Three-quarters of the planets are larger than Earth.
OPTIONS:
0: false
1: true

Answer with the correct option from 0 to 1. Only provide the numeric and nothing else 

Answer:  ASSISTANT: 0000000000000000000000000000000000000000000000000",0,0,grade8
217,"USER: 
 QUESTION: Which animal's skin is better adapted as a warning sign to ward off predators?
OPTIONS:
0: lichen katydid
1: opalescent nudibranch

Answer with the correct option from 0 to 1. Only provide the numeric and nothing else 

Answer:  ASSISTANT:",10000,1,grade4
218,"USER: 
 QUESTION: Which three months have over 200millimeters of precipitation in Singapore?
OPTIONS:
0: November, December, and January
1: August, September, and October
2: May, June, and July

Answer with the correct option from 0 to 2. Only provide the numeric and nothing else 

Answer:  ASSISTANT: 00. 20. 20. 200. 200. 20. 20. 20. 20. 20. 20. 20.",0,0,grade3
219,"USER: 
 QUESTION: Is scoria a mineral or a rock?
OPTIONS:
0: rock
1: mineral

Answer with the correct option from 0 to 1. Only provide the numeric and nothing else 

Answer:  ASSISTANT:",10000,0,grade8
220,"USER: 
 QUESTION: What is the capital of Ohio?
OPTIONS:
0: Cincinnati
1: Columbus
2: Frankfort
3: Cleveland

Answer with the correct option from 0 to 3. Only provide the numeric and nothing else 

Answer:  ASSISTANT:",10000,1,grade3
221,"USER: 
 QUESTION: Which animal's legs are also adapted for wading?
OPTIONS:
0: common kingfisher
1: painted stork

Answer with the correct option from 0 to 1. Only provide the numeric and nothing else 

Answer:  ASSISTANT:",10000,1,grade4
222,"USER: 
 QUESTION: What is the probability that a Syrian hamster produced by this cross will have long fur?
OPTIONS:
0: 2/4
1: 3/4
2: 4/4
3: 1/4
4: 0/4

Answer with the correct option from 0 to 4. Only provide the numeric and nothing else 

Answer:  ASSISTANT: 00 0. 0 0 000000000000000000000000000000000000000",0,0,grade8
223,"USER: 
 QUESTION: Which of these states is farthest south?
OPTIONS:
0: Kansas
1: Connecticut
2: Ohio
3: South Dakota

Answer with the correct option from 0 to 3. Only provide the numeric and nothing else 

Answer:  ASSISTANT:",10000,0,grade2
224,"USER: 
 QUESTION: Will these magnets attract or repel each other?
OPTIONS:
0: attract
1: repel

Answer with the correct option from 0 to 1. Only provide the numeric and nothing else 

Answer:  ASSISTANT:",10000,0,grade4
225,"USER: 
 QUESTION: Which country is highlighted?
OPTIONS:
0: Saint Vincent and the Grenadines
1: Saint Lucia
2: Grenada
3: Haiti

Answer with the correct option from 0 to 3. Only provide the numeric and nothing else 

Answer:  ASSISTANT:",10000,0,grade8
226,"USER: 
 QUESTION: Which of the following could Rose's test show?
OPTIONS:
0: if the new turbine could turn easily
1: whether the new turbine could produce 10% more electricity
2: how much the new turbine would weigh

Answer with the correct option from 0 to 2. Only provide the numeric and nothing else 

Answer:  ASSISTANT:",10000,1,grade8
227,"USER: 
 QUESTION: Which country is highlighted?
OPTIONS:
0: Solomon Islands
1: Papua New Guinea
2: New Zealand
3: Australia

Answer with the correct option from 0 to 3. Only provide the numeric and nothing else 

Answer:  ASSISTANT:",10000,1,grade6
228,"USER: 
 QUESTION: What is the capital of Oregon?
OPTIONS:
0: Salem
1: Denver
2: Milwaukee
3: Portland

Answer with the correct option from 0 to 3. Only provide the numeric and nothing else 

Answer:  ASSISTANT:",10000,0,grade3
229,"USER: 
 QUESTION: What is the direction of this pull?
OPTIONS:
0: toward the pliers
1: away from the pliers

Answer with the correct option from 0 to 1. Only provide the numeric and nothing else 

Answer:  ASSISTANT:",10000,0,grade4
230,"USER: 
 QUESTION: What is the capital of Virginia?
OPTIONS:
0: Austin
1: Arlington
2: Montpelier
3: Richmond

Answer with the correct option from 0 to 3. Only provide the numeric and nothing else 

Answer:  ASSISTANT:",10000,3,grade5
231,"USER: 
 QUESTION: What is the capital of Maryland?
OPTIONS:
0: Augusta
1: Dover
2: Annapolis
3: Phoenix

Answer with the correct option from 0 to 3. Only provide the numeric and nothing else 

Answer:  ASSISTANT:",10000,2,grade3
232,"USER: 
 QUESTION: What is the capital of Missouri?
OPTIONS:
0: Salem
1: Saint Louis
2: Jefferson City
3: Kansas City

Answer with the correct option from 0 to 3. Only provide the numeric and nothing else 

Answer:  ASSISTANT:",10000,2,grade3
233,"USER: 
 QUESTION: Identify the question that Nate's experiment can best answer.
OPTIONS:
0: Can pennies hold more drops of water mixed with dish soap or water mixed with hand soap?
1: Can pennies hold more drops of pure water or water mixed with hand soap?

Answer with the correct option from 0 to 1. Only provide the numeric and nothing else 

Answer:  ASSISTANT: 0000000000000000000000000000000000000000000000000",0,1,grade8
234,"USER: 
 QUESTION: Which ocean is highlighted?
OPTIONS:
0: the Indian Ocean
1: the Southern Ocean
2: the Pacific Ocean
3: the Atlantic Ocean

Answer with the correct option from 0 to 3. Only provide the numeric and nothing else 

Answer:  ASSISTANT:",10000,1,grade8
235,"USER: 
 QUESTION: Which of the following statements is supported by the passage?
OPTIONS:
0: Scientists can study air masses to predict weather events.
1: Meteorologists are scientists who study meteors.

Answer with the correct option from 0 to 1. Only provide the numeric and nothing else 

Answer:  ASSISTANT:",10000,0,grade6
236,"USER: 
 QUESTION: Will these magnets attract or repel each other?
OPTIONS:
0: attract
1: repel

Answer with the correct option from 0 to 1. Only provide the numeric and nothing else 

Answer:  ASSISTANT:",10000,0,grade4
237,"USER: 
 QUESTION: Which country is highlighted?
OPTIONS:
0: Solomon Islands
1: the Marshall Islands
2: Tonga
3: Fiji

Answer with the correct option from 0 to 3. Only provide the numeric and nothing else 

Answer:  ASSISTANT:",10000,3,grade8
238,"USER: 
 QUESTION: What evidence of an earthquake does this picture show?
OPTIONS:
0: Some of the houses have broken roofs and walls.
1: The houses have windows.

Answer with the correct option from 0 to 1. Only provide the numeric and nothing else 

Answer:  ASSISTANT:",10000,0,grade2
239,"USER: 
 QUESTION: Is the following statement about our solar system true or false?
Three-quarters of the planets are larger than Venus.
OPTIONS:
0: false
1: true

Answer with the correct option from 0 to 1. Only provide the numeric and nothing else 

Answer:  ASSISTANT: 0000000000000000000000000000000000000000000000000",0,0,grade6
240,"USER: 
 QUESTION: In this experiment, which were part of a control group?
OPTIONS:
0: the containers that did not get worms
1: the containers that got worms

Answer with the correct option from 0 to 1. Only provide the numeric and nothing else 

Answer:  ASSISTANT:",10000,0,grade7
241,"USER: 
 QUESTION: What instrument does Yo-Yo play?
OPTIONS:
0: the violin
1: the cello

Answer with the correct option from 0 to 1. Only provide the numeric and nothing else 

Answer:  ASSISTANT:",10000,1,grade2
242,"USER: 
 QUESTION: Which property do these four objects have in common?
OPTIONS:
0: flexible
1: salty
2: smooth

Answer with the correct option from 0 to 2. Only provide the numeric and nothing else 

Answer:  ASSISTANT:",10000,2,grade5
243,"USER: 
 QUESTION: What is the capital of Colorado?
OPTIONS:
0: Harrisburg
1: Denver
2: Colorado Springs
3: Helena

Answer with the correct option from 0 to 3. Only provide the numeric and nothing else 

Answer:  ASSISTANT:",10000,1,grade5
244,"USER: 
 QUESTION: Is a rubber balloon a solid, a liquid, or a gas?
OPTIONS:
0: a liquid
1: a gas
2: a solid

Answer with the correct option from 0 to 2. Only provide the numeric and nothing else 

Answer:  ASSISTANT:",10000,2,grade4
245,"USER: 
 QUESTION: Is the following statement about our solar system true or false?
The volume of Mars is more than ten times as large as Mercury's.
OPTIONS:
0: true
1: false

Answer with the correct option from 0 to 1. Only provide the numeric and nothing else 

Answer:  ASSISTANT: 0000000000000000000000000000000000000000000000000",0,1,grade8
246,"USER: 
 QUESTION: What is the capital of Maryland?
OPTIONS:
0: Providence
1: Baltimore
2: Montpelier
3: Annapolis

Answer with the correct option from 0 to 3. Only provide the numeric and nothing else 

Answer:  ASSISTANT:",10000,3,grade4
247,"USER: 
 QUESTION: Which continent is highlighted?
OPTIONS:
0: Australia
1: Antarctica
2: South America
3: Asia

Answer with the correct option from 0 to 3. Only provide the numeric and nothing else 

Answer:  ASSISTANT:",10000,0,grade5
248,"USER: 
 QUESTION: Will these magnets attract or repel each other?
OPTIONS:
0: repel
1: attract

Answer with the correct option from 0 to 1. Only provide the numeric and nothing else 

Answer:  ASSISTANT:",10000,0,grade2
249,"USER: 
 QUESTION: What type of rock is conglomerate?
OPTIONS:
0: sedimentary
1: igneous
2: metamorphic

Answer with the correct option from 0 to 2. Only provide the numeric and nothing else 

Answer:  ASSISTANT:",10000,0,grade7
250,"USER: 
 QUESTION: Which country is highlighted?
OPTIONS:
0: Saint Lucia
1: Jamaica
2: Haiti
3: Cuba

Answer with the correct option from 0 to 3. Only provide the numeric and nothing else 

Answer:  ASSISTANT:",10000,1,grade6
251,"USER: 
 QUESTION: Which of the following could Tyler's test show?
OPTIONS:
0: the amount of bacteria in the water before it was filtered
1: whether the filter was clogged
2: whether an inexpensive filter would become clogged more often

Answer with the correct option from 0 to 2. Only provide the numeric and nothing else 

Answer:  ASSISTANT:00",0,1,grade8
252,"USER: 
 QUESTION: What can Janet and Kari trade to each get what they want?
OPTIONS:
0: Janet can trade her tomatoes for Kari's sandwich.
1: Kari can trade her almonds for Janet's tomatoes.
2: Kari can trade her broccoli for Janet's oranges.
3: Janet can trade her tomatoes for Kari's broccoli.

Answer with the correct option from 0 to 3. Only provide the numeric and nothing else 

Answer:  ASSISTANT:",10000,3,grade6
253,"USER: 
 QUESTION: Which animal's skin is better adapted as a warning sign to ward off predators?
OPTIONS:
0: lionfish
1: impala

Answer with the correct option from 0 to 1. Only provide the numeric and nothing else 

Answer:  ASSISTANT:",10000,0,grade3
254,"USER: 
 QUESTION: Which property matches this object?
OPTIONS:
0: translucent
1: colorful

Answer with the correct option from 0 to 1. Only provide the numeric and nothing else 

Answer:  ASSISTANT:",10000,1,grade3
255,"USER: 
 QUESTION: Which property matches this object?
OPTIONS:
0: bendable
1: bouncy

Answer with the correct option from 0 to 1. Only provide the numeric and nothing else 

Answer:  ASSISTANT:",10000,0,grade2
256,"USER: 
 QUESTION: Identify the question that Tanner's experiment can best answer.
OPTIONS:
0: Can pennies hold more drops of pure water or water mixed with hand soap?
1: Can pennies hold more drops of water mixed with dish soap or water mixed with hand soap?

Answer with the correct option from 0 to 1. Only provide the numeric and nothing else 

Answer:  ASSISTANT:",10000,0,grade6
257,"USER: 
 QUESTION: Identify the question that Barbara's experiment can best answer.
OPTIONS:
0: Do the temperatures inside boxes depend on the sizes of the boxes?
1: Do the insides of white boxes get hotter than the insides of black boxes when the boxes are left in the sun?

Answer with the correct option from 0 to 1. Only provide the numeric and nothing else 

Answer:  ASSISTANT: 0000000000000000000000000000000000000000000000000",0,1,grade8
258,"USER: 
 QUESTION: Think about the magnetic force between the magnets in each pair. Which of the following statements is true?
OPTIONS:
0: The magnitude of the magnetic force is greater in Pair 2.
1: The magnitude of the magnetic force is greater in Pair 1.
2: The magnitude of the magnetic force is the same in both pairs.

Answer with the correct option from 0 to 2. Only provide the numeric and nothing else 

Answer:  ASSISTANT: 0.",0,1,grade8
259,"USER: 
 QUESTION: Think about the magnetic force between the magnets in each pair. Which of the following statements is true?
OPTIONS:
0: The magnetic force is stronger in Pair 2.
1: The magnetic force is stronger in Pair 1.
2: The strength of the magnetic force is the same in both pairs.

Answer with the correct option from 0 to 2. Only provide the numeric and nothing else 

Answer:  ASSISTANT: 2000000000000000000000000000000000000000000000000",2000000000000000000000000000000000000000000000000,2,grade4
260,"USER: 
 QUESTION: Which animal is also adapted to be camouflaged in a sandy desert?
OPTIONS:
0: Namaqua chameleon
1: fire salamander

Answer with the correct option from 0 to 1. Only provide the numeric and nothing else 

Answer:  ASSISTANT:",10000,0,grade5
261,"USER: 
 QUESTION: Which property do these three objects have in common?
OPTIONS:
0: shiny
1: slippery
2: hard

Answer with the correct option from 0 to 2. Only provide the numeric and nothing else 

Answer:  ASSISTANT:",10000,2,grade4
262,"USER: 
 QUESTION: What is the capital of Iowa?
OPTIONS:
0: Jefferson City
1: Des Moines
2: Madison
3: Cedar Rapids

Answer with the correct option from 0 to 3. Only provide the numeric and nothing else 

Answer:  ASSISTANT:",10000,1,grade5
263,"USER: 
 QUESTION: Does this passage describe the weather or the climate?
OPTIONS:
0: climate
1: weather

Answer with the correct option from 0 to 1. Only provide the numeric and nothing else 

Answer:  ASSISTANT:",10000,1,grade4
264,"USER: 
 QUESTION: What is the capital of Iowa?
OPTIONS:
0: Davenport
1: Helena
2: Lansing
3: Des Moines

Answer with the correct option from 0 to 3. Only provide the numeric and nothing else 

Answer:  ASSISTANT:",10000,3,grade5
265,"USER: 
 QUESTION: Which of these continents does the prime meridian intersect?
OPTIONS:
0: North America
1: Asia
2: Africa

Answer with the correct option from 0 to 2. Only provide the numeric and nothing else 

Answer:  ASSISTANT:",10000,2,grade4
266,"USER: 
 QUESTION: What is the name of the colony shown?
OPTIONS:
0: Maryland
1: New Jersey
2: Virginia
3: West Virginia

Answer with the correct option from 0 to 3. Only provide the numeric and nothing else 

Answer:  ASSISTANT:",10000,2,grade5
267,"USER: 
 QUESTION: Select the organism in the same species as the reticulated python.
OPTIONS:
0: Python bivittatus
1: Python reticulatus
2: Sciurus vulgaris

Answer with the correct option from 0 to 2. Only provide the numeric and nothing else 

Answer:  ASSISTANT:",10000,1,grade8
268,"USER: 
 QUESTION: During this time, thermal energy was transferred from () to ().
OPTIONS:
0: each refrigerator . . . the surroundings
1: the surroundings . . . each refrigerator

Answer with the correct option from 0 to 1. Only provide the numeric and nothing else 

Answer:  ASSISTANT:",10000,1,grade7
269,"USER: 
 QUESTION: Think about the magnetic force between the magnets in each pair. Which of the following statements is true?
OPTIONS:
0: The magnetic force is weaker in Pair 2.
1: The strength of the magnetic force is the same in both pairs.
2: The magnetic force is weaker in Pair 1.

Answer with the correct option from 0 to 2. Only provide the numeric and nothing else 

Answer:  ASSISTANT: 0. 20. 20. 20. 20. 20. 20. 20. 20. 20. 20. 20.20.",0,2,grade3
270,"USER: 
 QUESTION: Can Asimina triloba cells make their own food?
OPTIONS:
0: yes
1: no

Answer with the correct option from 0 to 1. Only provide the numeric and nothing else 

Answer:  ASSISTANT:",10000,0,grade5
271,"USER: 
 QUESTION: Which of the following was a dependent variable in this experiment?
OPTIONS:
0: the amount of oxygen in the tanks
1: the species of algae

Answer with the correct option from 0 to 1. Only provide the numeric and nothing else 

Answer:  ASSISTANT:",10000,0,grade6
272,"USER: 
 QUESTION: Look at the models of molecules below. Select the elementary substance.
OPTIONS:
0: cyclopropane
1: chloroform
2: nitrogen

Answer with the correct option from 0 to 2. Only provide the numeric and nothing else 

Answer:  ASSISTANT:",10000,2,grade6
273,"USER: 
 QUESTION: Does this passage describe the weather or the climate?
OPTIONS:
0: climate
1: weather

Answer with the correct option from 0 to 1. Only provide the numeric and nothing else 

Answer:  ASSISTANT:",10000,1,grade5
274,"USER: 
 QUESTION: Which solution has a higher concentration of blue particles?
OPTIONS:
0: neither; their concentrations are the same
1: Solution A
2: Solution B

Answer with the correct option from 0 to 2. Only provide the numeric and nothing else 

Answer:  ASSISTANT:",10000,1,grade6
275,"USER: 
 QUESTION: Think about the magnetic force between the magnets in each pair. Which of the following statements is true?
OPTIONS:
0: The magnitude of the magnetic force is smaller in Pair 1.
1: The magnitude of the magnetic force is smaller in Pair 2.
2: The magnitude of the magnetic force is the same in both pairs.

Answer with the correct option from 0 to 2. Only provide the numeric and nothing else 

Answer:  ASSISTANT: 0.",0,2,grade7
276,"USER: 
 QUESTION: Which country is highlighted?
OPTIONS:
0: the Dominican Republic
1: Grenada
2: Jamaica
3: Trinidad and Tobago

Answer with the correct option from 0 to 3. Only provide the numeric and nothing else 

Answer:  ASSISTANT:",10000,3,grade7
277,"USER: 
 QUESTION: What can Brandon and Derek trade to each get what they want?
OPTIONS:
0: Brandon can trade his tomatoes for Derek's broccoli.
1: Brandon can trade his tomatoes for Derek's carrots.
2: Derek can trade his almonds for Brandon's tomatoes.
3: Derek can trade his broccoli for Brandon's oranges.

Answer with the correct option from 0 to 3. Only provide the numeric and nothing else 

Answer:  ASSISTANT:",10000,0,grade8
278,"USER: 
 QUESTION: What can Connor and Maura trade to each get what they want?
OPTIONS:
0: Connor can trade his tomatoes for Maura's carrots.
1: Maura can trade her broccoli for Connor's oranges.
2: Connor can trade his tomatoes for Maura's broccoli.
3: Maura can trade her almonds for Connor's tomatoes.

Answer with the correct option from 0 to 3. Only provide the numeric and nothing else 

Answer:  ASSISTANT:",10000,2,grade8
279,"USER: 
 QUESTION: Think about the magnetic force between the magnets in each pair. Which of the following statements is true?
OPTIONS:
0: The magnitude of the magnetic force is greater in Pair 2.
1: The magnitude of the magnetic force is the same in both pairs.
2: The magnitude of the magnetic force is greater in Pair 1.

Answer with the correct option from 0 to 2. Only provide the numeric and nothing else 

Answer:  ASSISTANT: 0.",0,0,grade7
280,"USER: 
 QUESTION: Which month is the coolest on average in Detroit?
OPTIONS:
0: January and February
1: November and December
2: June and July

Answer with the correct option from 0 to 2. Only provide the numeric and nothing else 

Answer:  ASSISTANT:",10000,0,grade4
281,"USER: 
 QUESTION: Which country is highlighted?
OPTIONS:
0: Jamaica
1: Saint Lucia
2: Barbados
3: Saint Vincent and the Grenadines

Answer with the correct option from 0 to 3. Only provide the numeric and nothing else 

Answer:  ASSISTANT:",10000,1,grade6
282,"USER: 
 QUESTION: Which solution has a higher concentration of green particles?
OPTIONS:
0: Solution A
1: neither; their concentrations are the same
2: Solution B

Answer with the correct option from 0 to 2. Only provide the numeric and nothing else 

Answer:  ASSISTANT:",10000,2,grade6
283,"USER: 
 QUESTION: Which state is highlighted?
OPTIONS:
0: Nebraska
1: North Dakota
2: Michigan
3: Minnesota

Answer with the correct option from 0 to 3. Only provide the numeric and nothing else 

Answer:  ASSISTANT:",10000,1,grade5
284,"USER: 
 QUESTION: Which better describes the Catoctin Mountain Park ecosystem?
OPTIONS:
0: It has cold, wet winters. It also has soil that is rich in nutrients.
1: It has cold, wet winters. It also has soil that is poor in nutrients.

Answer with the correct option from 0 to 1. Only provide the numeric and nothing else 

Answer:  ASSISTANT:",10000,0,grade4
285,"USER: 
 QUESTION: Select the reptile below.
OPTIONS:
0: clownfish
1: helmeted iguana

Answer with the correct option from 0 to 1. Only provide the numeric and nothing else 

Answer:  ASSISTANT:",10000,1,grade3
286,"USER: 
 QUESTION: Select the organism in the same genus as the common kestrel.
OPTIONS:
0: Falco novaeseelandiae
1: Ardea goliath
2: Haliaeetus pelagicus

Answer with the correct option from 0 to 2. Only provide the numeric and nothing else 

Answer:  ASSISTANT:",10000,0,grade6
287,"USER: 
 QUESTION: Which of these cities is marked on the map?
OPTIONS:
0: Atlanta
1: Los Angeles
2: New York City
3: Houston

Answer with the correct option from 0 to 3. Only provide the numeric and nothing else 

Answer:  ASSISTANT:",10000,1,grade5
288,"USER: 
 QUESTION: Compare the average kinetic energies of the particles in each sample. Which sample has the higher temperature?
OPTIONS:
0: neither; the samples have the same temperature
1: sample A
2: sample B

Answer with the correct option from 0 to 2. Only provide the numeric and nothing else 

Answer:  ASSISTANT:",10000,0,grade8
289,"USER: 
 QUESTION: Which of the following organisms is the decomposer in this food web?
OPTIONS:
0: sea otter
1: kelp bass
2: black rockfish
3: bat star

Answer with the correct option from 0 to 3. Only provide the numeric and nothing else 

Answer:  ASSISTANT:",10000,3,grade8
290,"USER: 
 QUESTION: Look at the models of molecules below. Select the elementary substance.
OPTIONS:
0: fluoromethanol
1: tetraphosphorus
2: methane

Answer with the correct option from 0 to 2. Only provide the numeric and nothing else 

Answer:  ASSISTANT: 0000000000000000000000000000000000000000000000000",0,1,grade6
291,"USER: 
 QUESTION: Will these magnets attract or repel each other?
OPTIONS:
0: repel
1: attract

Answer with the correct option from 0 to 1. Only provide the numeric and nothing else 

Answer:  ASSISTANT:",10000,0,grade2
292,"USER: 
 QUESTION: Which air temperature was measured within the outlined area shown?
OPTIONS:
0: -24°C
1: 3°C
2: -4°C

Answer with the correct option from 0 to 2. Only provide the numeric and nothing else 

Answer:  ASSISTANT:",10000,0,grade6
293,"USER: 
 QUESTION: Which country is highlighted?
OPTIONS:
0: Tonga
1: Nauru
2: the Federated States of Micronesia
3: Samoa

Answer with the correct option from 0 to 3. Only provide the numeric and nothing else 

Answer:  ASSISTANT:",10000,3,grade6
294,"USER: 
 QUESTION: What is the capital of Minnesota?
OPTIONS:
0: New Haven
1: Saint Paul
2: Dover
3: Colorado Springs

Answer with the correct option from 0 to 3. Only provide the numeric and nothing else 

Answer:  ASSISTANT:",10000,1,grade5
295,"USER: 
 QUESTION: Which material is this rocking chair made of?
OPTIONS:
0: wood
1: silk

Answer with the correct option from 0 to 1. Only provide the numeric and nothing else 

Answer:  ASSISTANT:",10000,0,grade2
296,"USER: 
 QUESTION: What is the capital of Alabama?
OPTIONS:
0: Montgomery
1: Columbus
2: Oklahoma City
3: Birmingham

Answer with the correct option from 0 to 3. Only provide the numeric and nothing else 

Answer:  ASSISTANT:",10000,0,grade3
297,"USER: 
 QUESTION: What is this archosaur's scientific name?
OPTIONS:
0: Effigia okeeffeae
1: Effigia nesbitti

Answer with the correct option from 0 to 1. Only provide the numeric and nothing else 

Answer:  ASSISTANT:",10000,0,grade4
298,"USER: 
 QUESTION: Identify the question that Stanley's experiment can best answer.
OPTIONS:
0: Do bananas develop more brown spots when they are kept at room temperature compared to in a cold refrigerator?
1: Do bananas develop more brown spots if they are kept in bags with holes compared to bags without holes?

Answer with the correct option from 0 to 1. Only provide the numeric and nothing else 

Answer:  ASSISTANT: 20",20,1,grade6
299,"USER: 
 QUESTION: Think about the magnetic force between the magnets in each pair. Which of the following statements is true?
OPTIONS:
0: The magnitude of the magnetic force is smaller in Pair 1.
1: The magnitude of the magnetic force is the same in both pairs.
2: The magnitude of the magnetic force is smaller in Pair 2.

Answer with the correct option from 0 to 2. Only provide the numeric and nothing else 

Answer:  ASSISTANT: 0. 20. 20. 20. 20. 20. 20. 20. 20. 20. 20. 20. 20",0,0,grade6
300,"USER: 
 QUESTION: Which of the following fossils is older? Select the more likely answer.
OPTIONS:
0: ginkgo leaf
1: insect

Answer with the correct option from 0 to 1. Only provide the numeric and nothing else 

Answer:  ASSISTANT:",10000,0,grade8
301,"USER: 
 QUESTION: Which state is highlighted?
OPTIONS:
0: South Dakota
1: Kansas
2: Illinois
3: Michigan

Answer with the correct option from 0 to 3. Only provide the numeric and nothing else 

Answer:  ASSISTANT:",10000,0,grade5
302,"USER: 
 QUESTION: Which of these organisms contains matter that was once part of the bear sedge?
OPTIONS:
0: Arctic fox
1: barren-ground caribou
2: bilberry

Answer with the correct option from 0 to 2. Only provide the numeric and nothing else 

Answer:  ASSISTANT:",10000,0,grade5
303,"USER: 
 QUESTION: What is the capital of Utah?
OPTIONS:
0: Salt Lake City
1: Denver
2: Des Moines
3: Provo

Answer with the correct option from 0 to 3. Only provide the numeric and nothing else 

Answer:  ASSISTANT:",10000,0,grade3
304,"USER: 
 QUESTION: Which country is highlighted?
OPTIONS:
0: Haiti
1: Dominica
2: the Dominican Republic
3: Trinidad and Tobago

Answer with the correct option from 0 to 3. Only provide the numeric and nothing else 

Answer:  ASSISTANT:",10000,1,grade7
305,"USER: 
 QUESTION: Which of these states is farthest south?
OPTIONS:
0: Colorado
1: Montana
2: Washington
3: Pennsylvania

Answer with the correct option from 0 to 3. Only provide the numeric and nothing else 

Answer:  ASSISTANT:",10000,0,grade2
306,"USER: 
 QUESTION: Complete the text to describe the diagram.
Solute particles moved in both directions across the permeable membrane. But more solute particles moved across the membrane (). When there was an equal concentration on both sides, the particles reached equilibrium.
OPTIONS:
0: to the right than to the left
1: to the left than to the right

Answer with the correct option from 0 to 1. Only provide the numeric and nothing else 

Answer:  ASSISTANT: 0. 20. 20. 20. 20. 20. 20. 2. 2. 2. 2. 2. 2. 2. 2",0,1,grade6
307,"USER: 
 QUESTION: Which of the following could Robert's test show?
OPTIONS:
0: how steady a parachute with a 1 m vent was at 200 km per hour
1: if the spacecraft was damaged when using a parachute with a 1 m vent going 200 km per hour
2: whether a parachute with a 1 m vent would swing too much at 400 km per hour

Answer with the correct option from 0 to 2. Only provide the numeric and nothing else 

Answer:  ASSISTANT:",10000,0,grade7
308,"USER: 
 QUESTION: Select the organism in the same species as the Christmas tree worm.
OPTIONS:
0: Nerodia clarkii
1: Spirobranchus giganteus
2: Nerodia cyclopion

Answer with the correct option from 0 to 2. Only provide the numeric and nothing else 

Answer:  ASSISTANT: 00.",0,1,grade4
309,"USER: 
 QUESTION: Select the organism in the same species as the Indian rock python.
OPTIONS:
0: Python molurus
1: Lacerta agilis
2: Nerodia cyclopion

Answer with the correct option from 0 to 2. Only provide the numeric and nothing else 

Answer:  ASSISTANT:",10000,0,grade5
310,"USER: 
 QUESTION: Which statement describes the Eastern Siberian Taiga ecosystem?
OPTIONS:
0: It has mostly small plants.
1: It has soil that is rich in nutrients.
2: It has long, cold winters and short, cool summers.

Answer with the correct option from 0 to 2. Only provide the numeric and nothing else 

Answer:  ASSISTANT:",10000,2,grade6
311,"USER: 
 QUESTION: Identify the question that Heather and Tanner's experiment can best answer.
OPTIONS:
0: Does Heather's snowboard slide down a hill in less time when it has a layer of wax or when it does not have a layer of wax?
1: Does Heather's snowboard slide down a hill in less time when it has a thin layer of wax or a thick layer of wax?

Answer with the correct option from 0 to 1. Only provide the numeric and nothing else 

Answer:  ASSISTANT:",10000,0,grade6
312,"USER: 
 QUESTION: Which property do these two objects have in common?
OPTIONS:
0: rough
1: stretchy

Answer with the correct option from 0 to 1. Only provide the numeric and nothing else 

Answer:  ASSISTANT:",10000,0,grade2
313,"USER: 
 QUESTION: Which trait did this aurochs have? Select the trait you can observe on the fossil.
OPTIONS:
0: four legs
1: a striped body

Answer with the correct option from 0 to 1. Only provide the numeric and nothing else 

Answer:  ASSISTANT:",10000,0,grade6
314,"USER: 
 QUESTION: Select the reptile below.
OPTIONS:
0: sea otter
1: tortoise

Answer with the correct option from 0 to 1. Only provide the numeric and nothing else 

Answer:  ASSISTANT:",10000,1,grade3
315,"USER: 
 QUESTION: What type of rock is scoria?
OPTIONS:
0: igneous
1: metamorphic
2: sedimentary

Answer with the correct option from 0 to 2. Only provide the numeric and nothing else 

Answer:  ASSISTANT:",10000,0,grade7
316,"USER: 
 QUESTION: Which of these continents does the prime meridian intersect?
OPTIONS:
0: North America
1: Africa
2: South America

Answer with the correct option from 0 to 2. Only provide the numeric and nothing else 

Answer:  ASSISTANT:",10000,1,grade4
317,"USER: 
 QUESTION: Select the amphibian below.
OPTIONS:
0: common toad
1: catfish

Answer with the correct option from 0 to 1. Only provide the numeric and nothing else 

Answer:  ASSISTANT:",10000,0,grade2
318,"USER: 
 QUESTION: Which property do these three objects have in common?
OPTIONS:
0: stretchy
1: rough
2: bouncy

Answer with the correct option from 0 to 2. Only provide the numeric and nothing else 

Answer:  ASSISTANT:",10000,1,grade3
319,"USER: 
 QUESTION: Which solution has a higher concentration of blue particles?
OPTIONS:
0: Solution B
1: Solution A
2: neither; their concentrations are the same

Answer with the correct option from 0 to 2. Only provide the numeric and nothing else 

Answer:  ASSISTANT:",10000,1,grade6
320,"USER: 
 QUESTION: Which country is highlighted?
OPTIONS:
0: Kiribati
1: Tuvalu
2: Tonga
3: the Marshall Islands

Answer with the correct option from 0 to 3. Only provide the numeric and nothing else 

Answer:  ASSISTANT:",10000,1,grade8
321,"USER: 
 QUESTION: What is the capital of Ohio?
OPTIONS:
0: Cleveland
1: Columbus
2: Frankfort
3: Jefferson City

Answer with the correct option from 0 to 3. Only provide the numeric and nothing else 

Answer:  ASSISTANT:",10000,1,grade3
322,"USER: 
 QUESTION: Which of these cities is marked on the map?
OPTIONS:
0: Nashville
1: Houston
2: Charlotte
3: New Orleans

Answer with the correct option from 0 to 3. Only provide the numeric and nothing else 

Answer:  ASSISTANT:",10000,1,grade4
323,"USER: 
 QUESTION: Will these magnets attract or repel each other?
OPTIONS:
0: attract
1: repel

Answer with the correct option from 0 to 1. Only provide the numeric and nothing else 

Answer:  ASSISTANT:",10000,1,grade2
324,"USER: 
 QUESTION: Will these magnets attract or repel each other?
OPTIONS:
0: repel
1: attract

Answer with the correct option from 0 to 1. Only provide the numeric and nothing else 

Answer:  ASSISTANT:",10000,1,grade4
325,"USER: 
 QUESTION: What is the capital of North Carolina?
OPTIONS:
0: Saint Paul
1: Fargo
2: Raleigh
3: Charlotte

Answer with the correct option from 0 to 3. Only provide the numeric and nothing else 

Answer:  ASSISTANT:",10000,2,grade4
326,"USER: 
 QUESTION: Which statement is true about the average monthly precipitation in Nairobi?
OPTIONS:
0: Nairobi gets about the same amount of precipitation each month.
1: More precipitation falls in April than in August.
2: February is the wettest month of the year.

Answer with the correct option from 0 to 2. Only provide the numeric and nothing else 

Answer:  ASSISTANT: 200. 20.0000.",2,1,grade3
327,"USER: 
 QUESTION: Which solution has a higher concentration of purple particles?
OPTIONS:
0: Solution B
1: Solution A
2: neither; their concentrations are the same

Answer with the correct option from 0 to 2. Only provide the numeric and nothing else 

Answer:  ASSISTANT:",10000,1,grade8
328,"USER: 
 QUESTION: Which month has the lowest average precipitation in London?
OPTIONS:
0: July
1: November
2: February

Answer with the correct option from 0 to 2. Only provide the numeric and nothing else 

Answer:  ASSISTANT:",10000,0,grade3
329,"USER: 
 QUESTION: Identify the question that Zachary's experiment can best answer.
OPTIONS:
0: Do steel nails take fewer days to rust in water compared to vinegar?
1: Do steel nails rust in fewer days when submerged in a large volume of liquid compared to a small volume?

Answer with the correct option from 0 to 1. Only provide the numeric and nothing else 

Answer:  ASSISTANT:",10000,0,grade7
330,"USER: 
 QUESTION: Which country is highlighted?
OPTIONS:
0: Kiribati
1: Nauru
2: the Marshall Islands
3: Solomon Islands

Answer with the correct option from 0 to 3. Only provide the numeric and nothing else 

Answer:  ASSISTANT:",10000,2,grade7
331,"USER: 
 QUESTION: Which of these states is farthest east?
OPTIONS:
0: Louisiana
1: Ohio
2: Maine
3: Tennessee

Answer with the correct option from 0 to 3. Only provide the numeric and nothing else 

Answer:  ASSISTANT:",10000,2,grade2
332,"USER: 
 QUESTION: Which property do these three objects have in common?
OPTIONS:
0: sticky
1: salty
2: colorful

Answer with the correct option from 0 to 2. Only provide the numeric and nothing else 

Answer:  ASSISTANT:",10000,1,grade3
333,"USER: 
 QUESTION: Which animal is also adapted to be camouflaged in a sandy desert?
OPTIONS:
0: horned viper
1: blue poison dart frog

Answer with the correct option from 0 to 1. Only provide the numeric and nothing else 

Answer:  ASSISTANT:",10000,0,grade4
334,"USER: 
 QUESTION: What can Vivian and Jamal trade to each get what they want?
OPTIONS:
0: Vivian can trade her tomatoes for Jamal's broccoli.
1: Jamal can trade his broccoli for Vivian's oranges.
2: Vivian can trade her tomatoes for Jamal's carrots.
3: Jamal can trade his almonds for Vivian's tomatoes.

Answer with the correct option from 0 to 3. Only provide the numeric and nothing else 

Answer:  ASSISTANT:",10000,0,grade7
335,"USER: 
 QUESTION: Which continent is highlighted?
OPTIONS:
0: Antarctica
1: North America
2: Asia
3: Europe

Answer with the correct option from 0 to 3. Only provide the numeric and nothing else 

Answer:  ASSISTANT:",10000,3,grade3
336,"USER: 
 QUESTION: What is the capital of Nevada?
OPTIONS:
0: Las Vegas
1: Reno
2: Cheyenne
3: Carson City

Answer with the correct option from 0 to 3. Only provide the numeric and nothing else 

Answer:  ASSISTANT:",10000,3,grade5
337,"USER: 
 QUESTION: Which of these states is farthest south?
OPTIONS:
0: Texas
1: Maryland
2: Michigan
3: Rhode Island

Answer with the correct option from 0 to 3. Only provide the numeric and nothing else 

Answer:  ASSISTANT:",10000,0,grade3
338,"USER: 
 QUESTION: Is a crown a solid or a liquid?
OPTIONS:
0: a liquid
1: a solid

Answer with the correct option from 0 to 1. Only provide the numeric and nothing else 

Answer:  ASSISTANT:",10000,1,grade2
339,"USER: 
 QUESTION: Select the organism in the same genus as the gray tree frog.
OPTIONS:
0: Hyla cinerea
1: Atelopus zeteki
2: Hemidactylus turcicus

Answer with the correct option from 0 to 2. Only provide the numeric and nothing else 

Answer:  ASSISTANT:",10000,0,grade8
340,"USER: 
 QUESTION: Which animal's mouth is also adapted to eat plant matter?
OPTIONS:
0: spotted deer
1: Nile crocodile

Answer with the correct option from 0 to 1. Only provide the numeric and nothing else 

Answer:  ASSISTANT:",10000,0,grade3
341,"USER: 
 QUESTION: What can Janice and Abdul trade to each get what they want?
OPTIONS:
0: Abdul can trade his almonds for Janice's tomatoes.
1: Janice can trade her tomatoes for Abdul's carrots.
2: Janice can trade her tomatoes for Abdul's broccoli.
3: Abdul can trade his broccoli for Janice's oranges.

Answer with the correct option from 0 to 3. Only provide the numeric and nothing else 

Answer:  ASSISTANT:",10000,2,grade7
342,"USER: 
 QUESTION: Which ocean is highlighted?
OPTIONS:
0: the Atlantic Ocean
1: the Indian Ocean
2: the Southern Ocean
3: the Pacific Ocean

Answer with the correct option from 0 to 3. Only provide the numeric and nothing else 

Answer:  ASSISTANT:",10000,2,grade6
343,"USER: 
 QUESTION: Which term matches the picture?
OPTIONS:
0: echinoderm
1: cnidarian

Answer with the correct option from 0 to 1. Only provide the numeric and nothing else 

Answer:  ASSISTANT:",10000,0,grade8
344,"USER: 
 QUESTION: Identify the question that Logan's experiment can best answer.
OPTIONS:
0: Do steel nails rust in fewer days when submerged in a large volume of liquid compared to a small volume?
1: Do steel nails take fewer days to rust in water compared to vinegar?

Answer with the correct option from 0 to 1. Only provide the numeric and nothing else 

Answer:  ASSISTANT:",10000,1,grade6
345,"USER: 
 QUESTION: Compare the average kinetic energies of the particles in each sample. Which sample has the higher temperature?
OPTIONS:
0: sample B
1: sample A
2: neither; the samples have the same temperature

Answer with the correct option from 0 to 2. Only provide the numeric and nothing else 

Answer:  ASSISTANT:",10000,0,grade8
346,"USER: 
 QUESTION: Which property matches this object?
OPTIONS:
0: transparent
1: smooth

Answer with the correct option from 0 to 1. Only provide the numeric and nothing else 

Answer:  ASSISTANT:",10000,1,grade3
347,"USER: 
 QUESTION: Think about the magnetic force between the magnets in each pair. Which of the following statements is true?
OPTIONS:
0: The magnitude of the magnetic force is greater in Pair 1.
1: The magnitude of the magnetic force is greater in Pair 2.
2: The magnitude of the magnetic force is the same in both pairs.

Answer with the correct option from 0 to 2. Only provide the numeric and nothing else 

Answer:  ASSISTANT: 0.",0,0,grade7
348,"USER: 
 QUESTION: Think about the magnetic force between the magnets in each pair. Which of the following statements is true?
OPTIONS:
0: The magnitude of the magnetic force is greater in Pair 1.
1: The magnitude of the magnetic force is greater in Pair 2.
2: The magnitude of the magnetic force is the same in both pairs.

Answer with the correct option from 0 to 2. Only provide the numeric and nothing else 

Answer:  ASSISTANT: 0.",0,1,grade5
349,"USER: 
 QUESTION: Which ocean is highlighted?
OPTIONS:
0: the Indian Ocean
1: the Arctic Ocean
2: the Pacific Ocean
3: the Southern Ocean

Answer with the correct option from 0 to 3. Only provide the numeric and nothing else 

Answer:  ASSISTANT:",10000,3,grade7
350,"USER: 
 QUESTION: Which property do these three objects have in common?
OPTIONS:
0: soft
1: fragile
2: scratchy

Answer with the correct option from 0 to 2. Only provide the numeric and nothing else 

Answer:  ASSISTANT:",10000,1,grade3
351,"USER: 
 QUESTION: What is the expected ratio of offspring with black fur to offspring with brown fur? Choose the most likely ratio.
OPTIONS:
0: 0:4
1: 1:3
2: 2:2
3: 3:1
4: 4:0

Answer with the correct option from 0 to 4. Only provide the numeric and nothing else 

Answer:  ASSISTANT: 20. 20. 20. 20. 20. 20. 20. 20. 20. 20.20.20.20.2",2,3,grade8
352,"USER: 
 QUESTION: Which state is highlighted?
OPTIONS:
0: Idaho
1: Wyoming
2: Utah
3: California

Answer with the correct option from 0 to 3. Only provide the numeric and nothing else 

Answer:  ASSISTANT:",10000,0,grade5
353,"USER: 
 QUESTION: Select the organism in the same species as the blue jay.
OPTIONS:
0: Cyanocitta cristata
1: Larus michahellis
2: Goura victoria

Answer with the correct option from 0 to 2. Only provide the numeric and nothing else 

Answer:  ASSISTANT:",10000,0,grade4
354,"USER: 
 QUESTION: What is the capital of Maine?
OPTIONS:
0: Portland
1: Burlington
2: Augusta
3: Madison

Answer with the correct option from 0 to 3. Only provide the numeric and nothing else 

Answer:  ASSISTANT:",10000,2,grade3
355,"USER: 
 QUESTION: Select the organism in the same genus as the great gray owl.
OPTIONS:
0: Neofelis nebulosa
1: Cyanea capillata
2: Strix varia

Answer with the correct option from 0 to 2. Only provide the numeric and nothing else 

Answer:  ASSISTANT:",10000,2,grade7
356,"USER: 
 QUESTION: According to the text, what evidence of a volcanic eruption did the captain observe?
OPTIONS:
0: He heard a report on the radio warning about a volcanic eruption.
1: He saw a nearby boat that was on fire.
2: He smelled sulfur and saw pieces of molten rock shooting out of the water.

Answer with the correct option from 0 to 2. Only provide the numeric and nothing else 

Answer:  ASSISTANT:",10000,2,grade6
357,"USER: 
 QUESTION: What is the capital of Florida?
OPTIONS:
0: Denver
1: Tallahassee
2: Tampa
3: Orlando

Answer with the correct option from 0 to 3. Only provide the numeric and nothing else 

Answer:  ASSISTANT:",10000,1,grade3
358,"USER: 
 QUESTION: What can Bill and Anita trade to each get what they want?
OPTIONS:
0: Anita can trade her almonds for Bill's tomatoes.
1: Anita can trade her broccoli for Bill's oranges.
2: Bill can trade his tomatoes for Anita's broccoli.
3: Bill can trade his tomatoes for Anita's sandwich.

Answer with the correct option from 0 to 3. Only provide the numeric and nothing else 

Answer:  ASSISTANT:",10000,2,grade6
359,"USER: 
 QUESTION: Which property do these three objects have in common?
OPTIONS:
0: blue
1: sticky
2: fuzzy

Answer with the correct option from 0 to 2. Only provide the numeric and nothing else 

Answer:  ASSISTANT:",10000,2,grade3
360,"USER: 
 QUESTION: Identify the question that Carter's experiment can best answer.
OPTIONS:
0: Do steel nails take fewer days to rust in water compared to vinegar?
1: Do steel nails rust in fewer days when submerged in a large volume of liquid compared to a small volume?

Answer with the correct option from 0 to 1. Only provide the numeric and nothing else 

Answer:  ASSISTANT:",10000,0,grade6
361,"USER: 
 QUESTION: What is the capital of Colorado?
OPTIONS:
0: Nampa
1: Denver
2: Dover
3: Phoenix

Answer with the correct option from 0 to 3. Only provide the numeric and nothing else 

Answer:  ASSISTANT:",10000,1,grade5
362,"USER: 
 QUESTION: Think about the magnetic force between the magnets in each pair. Which of the following statements is true?
OPTIONS:
0: The magnetic force is stronger in Pair 1.
1: The magnetic force is stronger in Pair 2.
2: The strength of the magnetic force is the same in both pairs.

Answer with the correct option from 0 to 2. Only provide the numeric and nothing else 

Answer:  ASSISTANT: 2000000000000000000000000000000000000000000000000",2000000000000000000000000000000000000000000000000,1,grade3
363,"USER: 
 QUESTION: Based on the Venn diagram, which statement is true of Leonardo da Vinci?
OPTIONS:
0: He was from Florence.
1: He created David.

Answer with the correct option from 0 to 1. Only provide the numeric and nothing else 

Answer:  ASSISTANT: 0000000000000000000000000000000000000000000000000",0,0,grade6
364,"USER: 
 QUESTION: Which solution has a higher concentration of yellow particles?
OPTIONS:
0: neither; their concentrations are the same
1: Solution B
2: Solution A

Answer with the correct option from 0 to 2. Only provide the numeric and nothing else 

Answer:  ASSISTANT:",10000,1,grade7
365,"USER: 
 QUESTION: Which of the following could Jennifer and Scarlett's test show?
OPTIONS:
0: if a new batch of concrete was firm enough to use
1: if the concrete from each batch took the same amount of time to dry

Answer with the correct option from 0 to 1. Only provide the numeric and nothing else 

Answer:  ASSISTANT:",10000,0,grade6
366,"USER: 
 QUESTION: What is the capital of West Virginia?
OPTIONS:
0: Charleston
1: Baton Rouge
2: Portland
3: Huntington

Answer with the correct option from 0 to 3. Only provide the numeric and nothing else 

Answer:  ASSISTANT:",10000,0,grade5
367,"USER: 
 QUESTION: Is a coffee mug a solid, a liquid, or a gas?
OPTIONS:
0: a gas
1: a liquid
2: a solid

Answer with the correct option from 0 to 2. Only provide the numeric and nothing else 

Answer:  ASSISTANT:",10000,2,grade4
368,"USER: 
 QUESTION: Which i in column 3?
OPTIONS:
0: the school
1: the park
2: the pond
3: the gas station

Answer with the correct option from 0 to 3. Only provide the numeric and nothing else 

Answer:  ASSISTANT:",10000,0,grade3
369,"USER: 
 QUESTION: Which continent is highlighted?
OPTIONS:
0: Africa
1: South America
2: Europe
3: Australia

Answer with the correct option from 0 to 3. Only provide the numeric and nothing else 

Answer:  ASSISTANT:",10000,2,grade8
370,"USER: 
 QUESTION: Based on the painting, which was true about ironclads?
OPTIONS:
0: They were powered by oars.
1: They didn't have weapons.
2: They were made of metal.
3: They used sails.

Answer with the correct option from 0 to 3. Only provide the numeric and nothing else 

Answer:  ASSISTANT: 00.0.",0,2,grade5
371,"USER: 
 QUESTION: What is the capital of Vermont?
OPTIONS:
0: Burlington
1: Montpelier
2: Annapolis
3: Philadelphia

Answer with the correct option from 0 to 3. Only provide the numeric and nothing else 

Answer:  ASSISTANT:",10000,1,grade5
372,"USER: 
 QUESTION: Think about the magnetic force between the magnets in each pair. Which of the following statements is true?
OPTIONS:
0: The magnetic force is stronger in Pair 1.
1: The strength of the magnetic force is the same in both pairs.
2: The magnetic force is stronger in Pair 2.

Answer with the correct option from 0 to 2. Only provide the numeric and nothing else 

Answer:  ASSISTANT: 0.",0,1,grade4
373,"USER: 
 QUESTION: What is the direction of this push?
OPTIONS:
0: away from the baseball bat
1: toward the baseball bat

Answer with the correct option from 0 to 1. Only provide the numeric and nothing else 

Answer:  ASSISTANT:",10000,0,grade2
374,"USER: 
 QUESTION: Which solution has a higher concentration of pink particles?
OPTIONS:
0: Solution B
1: neither; their concentrations are the same
2: Solution A

Answer with the correct option from 0 to 2. Only provide the numeric and nothing else 

Answer:  ASSISTANT:",10000,2,grade6
375,"USER: 
 QUESTION: Which solution has a higher concentration of green particles?
OPTIONS:
0: Solution A
1: Solution B
2: neither; their concentrations are the same

Answer with the correct option from 0 to 2. Only provide the numeric and nothing else 

Answer:  ASSISTANT:",10000,1,grade8
376,"USER: 
 QUESTION: Which of the following could Carter's test show?
OPTIONS:
0: the amount of sunlight the roof would get throughout the year
1: how many solar panels could fit on each side of the roof
2: which side of the roof got more sun over one day

Answer with the correct option from 0 to 2. Only provide the numeric and nothing else 

Answer:  ASSISTANT:",10000,2,grade7
377,"USER: 
 QUESTION: Think about the magnetic force between the magnets in each pair. Which of the following statements is true?
OPTIONS:
0: The magnitude of the magnetic force is the same in both pairs.
1: The magnitude of the magnetic force is smaller in Pair 1.
2: The magnitude of the magnetic force is smaller in Pair 2.

Answer with the correct option from 0 to 2. Only provide the numeric and nothing else 

Answer:  ASSISTANT: 0.",0,0,grade8
378,"USER: 
 QUESTION: Which of these oceans does the prime meridian intersect?
OPTIONS:
0: the Atlantic Ocean
1: the Indian Ocean
2: the Pacific Ocean

Answer with the correct option from 0 to 2. Only provide the numeric and nothing else 

Answer:  ASSISTANT:",10000,0,grade4
379,"USER: 
 QUESTION: Which trait does this red squirrel have?
OPTIONS:
0: It has fins.
1: It has fur.

Answer with the correct option from 0 to 1. Only provide the numeric and nothing else 

Answer:  ASSISTANT:",10000,1,grade2
380,"USER: 
 QUESTION: What can Kiara and Fernando trade to each get what they want?
OPTIONS:
0: Kiara can trade her tomatoes for Fernando's carrots.
1: Fernando can trade his broccoli for Kiara's oranges.
2: Kiara can trade her tomatoes for Fernando's broccoli.
3: Fernando can trade his almonds for Kiara's tomatoes.

Answer with the correct option from 0 to 3. Only provide the numeric and nothing else 

Answer:  ASSISTANT:",10000,2,grade7
381,"USER: 
 QUESTION: What is the capital of North Dakota?
OPTIONS:
0: Fargo
1: Bismarck
2: Columbus
3: Saint Louis

Answer with the correct option from 0 to 3. Only provide the numeric and nothing else 

Answer:  ASSISTANT:",10000,1,grade3
382,"USER: 
 QUESTION: Which of these states is farthest east?
OPTIONS:
0: Louisiana
1: North Dakota
2: North Carolina
3: Arizona

Answer with the correct option from 0 to 3. Only provide the numeric and nothing else 

Answer:  ASSISTANT:",10000,2,grade5
383,"USER: 
 QUESTION: Which continent is highlighted?
OPTIONS:
0: Australia
1: Asia
2: North America
3: Antarctica

Answer with the correct option from 0 to 3. Only provide the numeric and nothing else 

Answer:  ASSISTANT:",10000,3,grade8
384,"USER: 
 QUESTION: What is the capital of Alaska?
OPTIONS:
0: Helena
1: Juneau
2: Olympia
3: Fairbanks

Answer with the correct option from 0 to 3. Only provide the numeric and nothing else 

Answer:  ASSISTANT:",10000,1,grade3
385,"USER: 
 QUESTION: Which animal's neck is also adapted for hunting prey while keeping the rest of its body still?
OPTIONS:
0: northern pintail
1: black-headed heron

Answer with the correct option from 0 to 1. Only provide the numeric and nothing else 

Answer:  ASSISTANT:",10000,1,grade5
386,"USER: 
 QUESTION: Think about the magnetic force between the magnets in each pair. Which of the following statements is true?
OPTIONS:
0: The magnitude of the magnetic force is greater in Pair 2.
1: The magnitude of the magnetic force is greater in Pair 1.
2: The magnitude of the magnetic force is the same in both pairs.

Answer with the correct option from 0 to 2. Only provide the numeric and nothing else 

Answer:  ASSISTANT: 0.",0,1,grade5
387,"USER: 
 QUESTION: Which of these states is farthest south?
OPTIONS:
0: Maine
1: Massachusetts
2: Michigan
3: Delaware

Answer with the correct option from 0 to 3. Only provide the numeric and nothing else 

Answer:  ASSISTANT:",10000,3,grade4
388,"USER: 
 QUESTION: In this experiment, which were part of a control group?
OPTIONS:
0: the sections of wall scrubbed with water and baking soda
1: the sections of wall scrubbed with water only

Answer with the correct option from 0 to 1. Only provide the numeric and nothing else 

Answer:  ASSISTANT:",10000,1,grade7
389,"USER: 
 QUESTION: What is the name of the colony shown?
OPTIONS:
0: Georgia
1: New Hampshire
2: South Carolina
3: West Virginia

Answer with the correct option from 0 to 3. Only provide the numeric and nothing else 

Answer:  ASSISTANT:",10000,0,grade5
390,"USER: 
 QUESTION: Which better describes the Okefenokee Swamp ecosystem?
OPTIONS:
0: It has land that is covered with water during most of the year. It also has soil that is rich in nutrients.
1: It has soil that is poor in nutrients. It also has only a few types of organisms.

Answer with the correct option from 0 to 1. Only provide the numeric and nothing else 

Answer:  ASSISTANT:",10000,0,grade3
391,"USER: 
 QUESTION: Select the mammal below.
OPTIONS:
0: brown tree frog
1: red crowned crane
2: great white shark
3: red kangaroo

Answer with the correct option from 0 to 3. Only provide the numeric and nothing else 

Answer:  ASSISTANT: 000.000.000.00000.0000000000000000000000000000000",0,3,grade4
392,"USER: 
 QUESTION: Which is this organism's common name?
OPTIONS:
0: Steller's sea eagle
1: Haliaeetus pelagicus

Answer with the correct option from 0 to 1. Only provide the numeric and nothing else 

Answer:  ASSISTANT:",10000,0,grade8
393,"USER: 
 QUESTION: Which country is highlighted?
OPTIONS:
0: Saint Vincent and the Grenadines
1: Saint Lucia
2: Barbados
3: Grenada

Answer with the correct option from 0 to 3. Only provide the numeric and nothing else 

Answer:  ASSISTANT:",10000,0,grade6
394,"USER: 
 QUESTION: Which property do these three objects have in common?
OPTIONS:
0: shiny
1: translucent
2: soft

Answer with the correct option from 0 to 2. Only provide the numeric and nothing else 

Answer:  ASSISTANT:",10000,0,grade3
395,"USER: 
 QUESTION: What is the direction of this pull?
OPTIONS:
0: away from the first train car
1: toward the first train car

Answer with the correct option from 0 to 1. Only provide the numeric and nothing else 

Answer:  ASSISTANT:",10000,1,grade4
396,"USER: 
 QUESTION: Which part of the orange tree makes the seeds?
OPTIONS:
0: the flowers
1: the fruit

Answer with the correct option from 0 to 1. Only provide the numeric and nothing else 

Answer:  ASSISTANT:",10000,0,grade4
397,"USER: 
 QUESTION: Look at the models of molecules below. Select the elementary substance.
OPTIONS:
0: carbon tetrachloride
1: nitrogen
2: fluoromethanol

Answer with the correct option from 0 to 2. Only provide the numeric and nothing else 

Answer:  ASSISTANT:",10000,1,grade6
398,"USER: 
 QUESTION: Which of these states is farthest north?
OPTIONS:
0: South Dakota
1: New Mexico
2: Nevada
3: South Carolina

Answer with the correct option from 0 to 3. Only provide the numeric and nothing else 

Answer:  ASSISTANT:",10000,0,grade3
399,"USER: 
 QUESTION: Which continent is highlighted?
OPTIONS:
0: South America
1: Antarctica
2: Asia
3: Europe

Answer with the correct option from 0 to 3. Only provide the numeric and nothing else 

Answer:  ASSISTANT:",10000,2,grade8
400,"USER: 
 QUESTION: What can Marvin and Ken trade to each get what they want?
OPTIONS:
0: Marvin can trade his tomatoes for Ken's broccoli.
1: Ken can trade his broccoli for Marvin's oranges.
2: Ken can trade his almonds for Marvin's tomatoes.
3: Marvin can trade his tomatoes for Ken's sandwich.

Answer with the correct option from 0 to 3. Only provide the numeric and nothing else 

Answer:  ASSISTANT:",10000,0,grade6
401,"USER: 
 QUESTION: Identify the question that Maggie's experiment can best answer.
OPTIONS:
0: Do more tomato seedlings grow when they are planted in soil with fertilizer compared to soil without fertilizer?
1: Does the humidity level where tomato seeds are planted affect the number of tomato seedlings that grow?

Answer with the correct option from 0 to 1. Only provide the numeric and nothing else 

Answer:  ASSISTANT:",10000,0,grade8
402,"USER: 
 QUESTION: Which country is highlighted?
OPTIONS:
0: Saint Kitts and Nevis
1: Antigua and Barbuda
2: Saint Vincent and the Grenadines
3: Barbados

Answer with the correct option from 0 to 3. Only provide the numeric and nothing else 

Answer:  ASSISTANT:",10000,1,grade8
403,"USER: 
 QUESTION: What is the capital of Massachusetts?
OPTIONS:
0: Annapolis
1: Boston
2: Baltimore
3: Philadelphia

Answer with the correct option from 0 to 3. Only provide the numeric and nothing else 

Answer:  ASSISTANT:",10000,1,grade5
404,"USER: 
 QUESTION: What is the name of the colony shown?
OPTIONS:
0: North Carolina
1: Rhode Island
2: Delaware
3: Georgia

Answer with the correct option from 0 to 3. Only provide the numeric and nothing else 

Answer:  ASSISTANT:",10000,3,grade8
405,"USER: 
 QUESTION: Which property do these three objects have in common?
OPTIONS:
0: bouncy
1: blue
2: fuzzy

Answer with the correct option from 0 to 2. Only provide the numeric and nothing else 

Answer:  ASSISTANT:",10000,1,grade3
406,"USER: 
 QUESTION: Which continent is highlighted?
OPTIONS:
0: Africa
1: North America
2: Europe
3: Asia

Answer with the correct option from 0 to 3. Only provide the numeric and nothing else 

Answer:  ASSISTANT:",10000,1,grade7
407,"USER: 
 QUESTION: What can Austin and Colin trade to each get what they want?
OPTIONS:
0: Colin can trade his broccoli for Austin's oranges.
1: Colin can trade his almonds for Austin's tomatoes.
2: Austin can trade his tomatoes for Colin's carrots.
3: Austin can trade his tomatoes for Colin's broccoli.

Answer with the correct option from 0 to 3. Only provide the numeric and nothing else 

Answer:  ASSISTANT:",10000,3,grade8
408,"USER: 
 QUESTION: Which month is the hottest on average in Cape Town?
OPTIONS:
0: April, May, and November
1: December, January, February, and March
2: August, September, October, and November

Answer with the correct option from 0 to 2. Only provide the numeric and nothing else 

Answer:  ASSISTANT: 00.",0,1,grade4
409,"USER: 
 QUESTION: Look at the models of molecules below. Select the elementary substance.
OPTIONS:
0: silane
1: nitrogen
2: ethane

Answer with the correct option from 0 to 2. Only provide the numeric and nothing else 

Answer:  ASSISTANT:",10000,1,grade6
410,"USER: 
 QUESTION: Select the organism in the same species as the great gray owl.
OPTIONS:
0: Strix nebulosa
1: Goura victoria
2: Cyanocitta cristata

Answer with the correct option from 0 to 2. Only provide the numeric and nothing else 

Answer:  ASSISTANT:",10000,0,grade4
411,"USER: 
 QUESTION: Identify the question that Ivan's experiment can best answer.
OPTIONS:
0: Can pennies hold more drops of water mixed with dish soap or water mixed with hand soap?
1: Can pennies hold more drops of pure water or water mixed with hand soap?

Answer with the correct option from 0 to 1. Only provide the numeric and nothing else 

Answer:  ASSISTANT: 0000000000000000000000000000000000000000000000000",0,1,grade6
412,"USER: 
 QUESTION: Which property do these three objects have in common?
OPTIONS:
0: sticky
1: opaque
2: blue

Answer with the correct option from 0 to 2. Only provide the numeric and nothing else 

Answer:  ASSISTANT:",10000,0,grade4
413,"USER: 
 QUESTION: Select the organism in the same species as the peregrine falcon.
OPTIONS:
0: Phoebastria nigripes
1: Ardea alba
2: Falco peregrinus

Answer with the correct option from 0 to 2. Only provide the numeric and nothing else 

Answer:  ASSISTANT: 00.000.00000.000000000000000000000000000000000000",0,2,grade4
414,"USER: 
 QUESTION: In this food web, which organism contains matter that eventually moves to the earthworm?
OPTIONS:
0: mushroom
1: barren-ground caribou
2: lichen
3: grizzly bear
4: parasitic jaeger

Answer with the correct option from 0 to 4. Only provide the numeric and nothing else 

Answer:  ASSISTANT: 0000000000000000000000000000000000000000000000000",0,4,grade7
415,"USER: 
 QUESTION: Will these magnets attract or repel each other?
OPTIONS:
0: attract
1: repel

Answer with the correct option from 0 to 1. Only provide the numeric and nothing else 

Answer:  ASSISTANT:",10000,1,grade2
416,"USER: 
 QUESTION: Which animal's skin is better adapted as a warning sign to ward off predators?
OPTIONS:
0: crown-of-thorns sea star
1: peppered moth

Answer with the correct option from 0 to 1. Only provide the numeric and nothing else 

Answer:  ASSISTANT:",10000,0,grade3
417,"USER: 
 QUESTION: Which animal is also adapted for climbing trees?
OPTIONS:
0: chital
1: lar gibbon

Answer with the correct option from 0 to 1. Only provide the numeric and nothing else 

Answer:  ASSISTANT:",10000,1,grade3
418,"USER: 
 QUESTION: Compare the average kinetic energies of the particles in each sample. Which sample has the higher temperature?
OPTIONS:
0: sample B
1: sample A
2: neither; the samples have the same temperature

Answer with the correct option from 0 to 2. Only provide the numeric and nothing else 

Answer:  ASSISTANT:",10000,0,grade6
419,"USER: 
 QUESTION: What is the name of the colony shown?
OPTIONS:
0: Iowa
1: New Hampshire
2: Vermont
3: New York

Answer with the correct option from 0 to 3. Only provide the numeric and nothing else 

Answer:  ASSISTANT:",10000,1,grade8
420,"USER: 
 QUESTION: Which month is the wettest on average in Christchurch?
OPTIONS:
0: December
1: May
2: April

Answer with the correct option from 0 to 2. Only provide the numeric and nothing else 

Answer:  ASSISTANT:",10000,1,grade3
421,"USER: 
 QUESTION: Is the following statement about our solar system true or false?
Earth is the largest planet that is made mainly of rock.
OPTIONS:
0: true
1: false

Answer with the correct option from 0 to 1. Only provide the numeric and nothing else 

Answer:  ASSISTANT: 0000000000000000000000000000000000000000000000000",0,0,grade6
422,"USER: 
 QUESTION: Which solution has a higher concentration of blue particles?
OPTIONS:
0: Solution B
1: neither; their concentrations are the same
2: Solution A

Answer with the correct option from 0 to 2. Only provide the numeric and nothing else 

Answer:  ASSISTANT:",10000,0,grade7
423,"USER: 
 QUESTION: What can Jonah and Cassie trade to each get what they want?
OPTIONS:
0: Cassie can trade her broccoli for Jonah's oranges.
1: Jonah can trade his tomatoes for Cassie's carrots.
2: Cassie can trade her almonds for Jonah's tomatoes.
3: Jonah can trade his tomatoes for Cassie's broccoli.

Answer with the correct option from 0 to 3. Only provide the numeric and nothing else 

Answer:  ASSISTANT:",10000,3,grade7
424,"USER: 
 QUESTION: Which term matches the picture?
OPTIONS:
0: analogous structures
1: homologous structure

Answer with the correct option from 0 to 1. Only provide the numeric and nothing else 

Answer:  ASSISTANT:",10000,1,grade8
425,"USER: 
 QUESTION: What is the capital of South Dakota?
OPTIONS:
0: Laramie
1: Bismarck
2: Pierre
3: Sioux Falls

Answer with the correct option from 0 to 3. Only provide the numeric and nothing else 

Answer:  ASSISTANT: 0000000000000000000000000000000000000000000000000",0,2,grade3
426,"USER: 
 QUESTION: Select the mammal below.
OPTIONS:
0: Japanese tree frog
1: human

Answer with the correct option from 0 to 1. Only provide the numeric and nothing else 

Answer:  ASSISTANT:",10000,1,grade3
427,"USER: 
 QUESTION: What is the capital of Tennessee?
OPTIONS:
0: Memphis
1: Harrisburg
2: Nashville
3: Montgomery

Answer with the correct option from 0 to 3. Only provide the numeric and nothing else 

Answer:  ASSISTANT:",10000,2,grade4
428,"USER: 
 QUESTION: What is the capital of Idaho?
OPTIONS:
0: Santa Fe
1: Boise
2: Topeka
3: Madison

Answer with the correct option from 0 to 3. Only provide the numeric and nothing else 

Answer:  ASSISTANT:",10000,1,grade5
429,"USER: 
 QUESTION: Which rhetorical appeal is primarily used in this ad?
OPTIONS:
0: logos (reason)
1: ethos (character)
2: pathos (emotion)

Answer with the correct option from 0 to 2. Only provide the numeric and nothing else 

Answer:  ASSISTANT:",10000,2,grade12
430,"USER: 
 QUESTION: Based on the map, which of the following areas did the Mongol Empire control?
OPTIONS:
0: East Asia
1: Southeast Asia
2: South Asia

Answer with the correct option from 0 to 2. Only provide the numeric and nothing else 

Answer:  ASSISTANT:",10000,0,grade6
431,"USER: 
 QUESTION: Is shampoo a mineral?
OPTIONS:
0: yes
1: no

Answer with the correct option from 0 to 1. Only provide the numeric and nothing else 

Answer:  ASSISTANT:",10000,1,grade5
432,"USER: 
 QUESTION: Which property do these three objects have in common?
OPTIONS:
0: flexible
1: yellow
2: fuzzy

Answer with the correct option from 0 to 2. Only provide the numeric and nothing else 

Answer:  ASSISTANT:",10000,0,grade3
433,"USER: 
 QUESTION: Which better describes the Okavango Delta ecosystem?
OPTIONS:
0: It has soil that is rich in nutrients. It also has other water ecosystems nearby.
1: It has soil that is poor in nutrients. It also has other water ecosystems nearby.

Answer with the correct option from 0 to 1. Only provide the numeric and nothing else 

Answer:  ASSISTANT: 0000000000000000000000000000000000000000000000000",0,0,grade3
434,"USER: 
 QUESTION: In this experiment, which were part of a control group?
OPTIONS:
0: the steel squares soaked in salt water
1: the steel squares soaked in salt water and vinegar

Answer with the correct option from 0 to 1. Only provide the numeric and nothing else 

Answer:  ASSISTANT:",10000,0,grade7
435,"USER: 
 QUESTION: Which solution has a higher concentration of yellow particles?
OPTIONS:
0: Solution A
1: Solution B
2: neither; their concentrations are the same

Answer with the correct option from 0 to 2. Only provide the numeric and nothing else 

Answer:  ASSISTANT:",10000,1,grade8
436,"USER: 
 QUESTION: Which animal's mouth is also adapted to get insects out of burrows?
OPTIONS:
0: aardvark
1: brown hyena

Answer with the correct option from 0 to 1. Only provide the numeric and nothing else 

Answer:  ASSISTANT:",10000,0,grade5
437,"USER: 
 QUESTION: Which continent is highlighted?
OPTIONS:
0: Europe
1: South America
2: Africa
3: North America

Answer with the correct option from 0 to 3. Only provide the numeric and nothing else 

Answer:  ASSISTANT:",10000,1,grade3
438,"USER: 
 QUESTION: Which of these organisms contains matter that was once part of the phytoplankton?
OPTIONS:
0: orca
1: sea cucumber
2: sea urchin

Answer with the correct option from 0 to 2. Only provide the numeric and nothing else 

Answer:  ASSISTANT:",10000,1,grade6
439,"USER: 
 QUESTION: Which property matches this object?
OPTIONS:
0: translucent
1: colorful

Answer with the correct option from 0 to 1. Only provide the numeric and nothing else 

Answer:  ASSISTANT:",10000,0,grade3
440,"USER: 
 QUESTION: What is the capital of Hawaii?
OPTIONS:
0: Lincoln
1: Honolulu
2: Hilo
3: Juneau

Answer with the correct option from 0 to 3. Only provide the numeric and nothing else 

Answer:  ASSISTANT:",10000,1,grade5
441,"USER: 
 QUESTION: Think about the magnetic force between the magnets in each pair. Which of the following statements is true?
OPTIONS:
0: The strength of the magnetic force is the same in both pairs.
1: The magnetic force is stronger in Pair 1.
2: The magnetic force is stronger in Pair 2.

Answer with the correct option from 0 to 2. Only provide the numeric and nothing else 

Answer:  ASSISTANT: 0.",0,0,grade3
442,"USER: 
 QUESTION: Which country is highlighted?
OPTIONS:
0: Solomon Islands
1: New Zealand
2: the Federated States of Micronesia
3: Papua New Guinea

Answer with the correct option from 0 to 3. Only provide the numeric and nothing else 

Answer:  ASSISTANT:",10000,3,grade8
443,"USER: 
 QUESTION: Which of these states is farthest north?
OPTIONS:
0: Colorado
1: Arkansas
2: Idaho
3: South Carolina

Answer with the correct option from 0 to 3. Only provide the numeric and nothing else 

Answer:  ASSISTANT:",10000,2,grade4
444,"USER: 
 QUESTION: Compare the average kinetic energies of the particles in each sample. Which sample has the higher temperature?
OPTIONS:
0: neither; the samples have the same temperature
1: sample A
2: sample B

Answer with the correct option from 0 to 2. Only provide the numeric and nothing else 

Answer:  ASSISTANT:",10000,2,grade6
445,"USER: 
 QUESTION: Is the following statement about our solar system true or false?
The smallest planet is made mainly of rock.
OPTIONS:
0: false
1: true

Answer with the correct option from 0 to 1. Only provide the numeric and nothing else 

Answer:  ASSISTANT: 0000000000000000000000000000000000000000000000000",0,1,grade7
446,"USER: 
 QUESTION: What is the capital of Michigan?
OPTIONS:
0: Pierre
1: Charleston
2: Grand Rapids
3: Lansing

Answer with the correct option from 0 to 3. Only provide the numeric and nothing else 

Answer:  ASSISTANT:",10000,3,grade3
447,"USER: 
 QUESTION: Which better describes the Serengeti National Park ecosystem?
OPTIONS:
0: It has a rainy season and a dry season. It also has long, cold winters.
1: It has warm summers and warm winters. It also has soil that is poor in nutrients.

Answer with the correct option from 0 to 1. Only provide the numeric and nothing else 

Answer:  ASSISTANT: 0000000000000000000000000000000000000000000000000",0,1,grade4
448,"USER: 
 QUESTION: What is the name of the colony shown?
OPTIONS:
0: Virginia
1: New York
2: Delaware
3: Vermont

Answer with the correct option from 0 to 3. Only provide the numeric and nothing else 

Answer:  ASSISTANT:",10000,1,grade7
449,"USER: 
 QUESTION: Think about the magnetic force between the magnets in each pair. Which of the following statements is true?
OPTIONS:
0: The magnitude of the magnetic force is the same in both pairs.
1: The magnitude of the magnetic force is smaller in Pair 1.
2: The magnitude of the magnetic force is smaller in Pair 2.

Answer with the correct option from 0 to 2. Only provide the numeric and nothing else 

Answer:  ASSISTANT: 0.",0,1,grade5
450,"USER: 
 QUESTION: What is the name of the colony shown?
OPTIONS:
0: New York
1: Connecticut
2: New Hampshire
3: Massachusetts

Answer with the correct option from 0 to 3. Only provide the numeric and nothing else 

Answer:  ASSISTANT:",10000,1,grade8
451,"USER: 
 QUESTION: Which animal's limbs are also adapted for climbing trees?
OPTIONS:
0: okapi
1: Sumatran orangutan

Answer with the correct option from 0 to 1. Only provide the numeric and nothing else 

Answer:  ASSISTANT:",10000,1,grade3
452,"USER: 
 QUESTION: Which animal is also adapted to be camouflaged among dead leaves?
OPTIONS:
0: plated leaf chameleon
1: Arctic wolf

Answer with the correct option from 0 to 1. Only provide the numeric and nothing else 

Answer:  ASSISTANT:",10000,0,grade4
453,"USER: 
 QUESTION: What is the capital of Connecticut?
OPTIONS:
0: Spokane
1: Bridgeport
2: New Haven
3: Hartford

Answer with the correct option from 0 to 3. Only provide the numeric and nothing else 

Answer:  ASSISTANT:",10000,3,grade5
454,"USER: 
 QUESTION: Identify the question that Janelle's experiment can best answer.
OPTIONS:
0: Do radish plants grown under bright light have more leaves than radish plants grown under dim light?
1: Do radishes grown under bright light get bigger than radishes grown under dim light?

Answer with the correct option from 0 to 1. Only provide the numeric and nothing else 

Answer:  ASSISTANT: 0",0,1,grade8
455,"USER: 
 QUESTION: Which continent is highlighted?
OPTIONS:
0: Antarctica
1: Africa
2: South America
3: Europe

Answer with the correct option from 0 to 3. Only provide the numeric and nothing else 

Answer:  ASSISTANT:",10000,2,grade8
456,"USER: 
 QUESTION: How does thick fur help animals in wintertime?
OPTIONS:
0: It keeps them warm by trapping their body heat.
1: It makes them look older.

Answer with the correct option from 0 to 1. Only provide the numeric and nothing else 

Answer:  ASSISTANT: 0000000000000000000000000000000000000000000000000",0,0,grade2
457,"USER: 
 QUESTION: Select the organism in the same genus as the axolotl.
OPTIONS:
0: Python reticulatus
1: Tigrisoma mexicanum
2: Ambystoma opacum

Answer with the correct option from 0 to 2. Only provide the numeric and nothing else 

Answer:  ASSISTANT:",10000,2,grade5
458,"USER: 
 QUESTION: Which of the following fossils is older? Select the more likely answer.
OPTIONS:
0: crocodile egg
1: palm leaf

Answer with the correct option from 0 to 1. Only provide the numeric and nothing else 

Answer:  ASSISTANT:",10000,1,grade8
459,"USER: 
 QUESTION: Select the amphibian below.
OPTIONS:
0: poison dart frog
1: helmeted iguana

Answer with the correct option from 0 to 1. Only provide the numeric and nothing else 

Answer:  ASSISTANT: 0000000000000000000000000000000000000000000000000",0,0,grade3
460,"USER: 
 QUESTION: Which country is highlighted?
OPTIONS:
0: Saint Kitts and Nevis
1: Barbados
2: Haiti
3: Antigua and Barbuda

Answer with the correct option from 0 to 3. Only provide the numeric and nothing else 

Answer:  ASSISTANT:",10000,3,grade8
461,"USER: 
 QUESTION: Which statement describes the Cerrado ecosystem?
OPTIONS:
0: It has warm summers and warm winters.
1: It has a small amount of rain.

Answer with the correct option from 0 to 1. Only provide the numeric and nothing else 

Answer:  ASSISTANT:",10000,0,grade8
462,"USER: 
 QUESTION: What is the probability that a muskmelon plant produced by this cross will be homozygous recessive for the fruit taste gene?
OPTIONS:
0: 2/4
1: 1/4
2: 0/4
3: 3/4
4: 4/4

Answer with the correct option from 0 to 4. Only provide the numeric and nothing else 

Answer:  ASSISTANT: 0. 20. 20. 20. 20. 20. 20. 20. 20. 20.20.20.20.20",0,2,grade8
463,"USER: 
 QUESTION: What can Jaylen and Porter trade to each get what they want?
OPTIONS:
0: Jaylen can trade his tomatoes for Porter's broccoli.
1: Porter can trade his almonds for Jaylen's tomatoes.
2: Jaylen can trade his tomatoes for Porter's sandwich.
3: Porter can trade his broccoli for Jaylen's oranges.

Answer with the correct option from 0 to 3. Only provide the numeric and nothing else 

Answer:  ASSISTANT:",10000,0,grade6
464,"USER: 
 QUESTION: Which property do these three objects have in common?
OPTIONS:
0: rough
1: soft
2: transparent

Answer with the correct option from 0 to 2. Only provide the numeric and nothing else 

Answer:  ASSISTANT:",10000,0,grade3
465,"USER: 
 QUESTION: Which country is highlighted?
OPTIONS:
0: Nauru
1: the Federated States of Micronesia
2: the Marshall Islands
3: Samoa

Answer with the correct option from 0 to 3. Only provide the numeric and nothing else 

Answer:  ASSISTANT:",10000,0,grade6
466,"USER: 
 QUESTION: Which animal's feet are also adapted for grabbing prey?
OPTIONS:
0: Malayan tapir
1: common buzzard

Answer with the correct option from 0 to 1. Only provide the numeric and nothing else 

Answer:  ASSISTANT:",10000,1,grade3
467,"USER: 
 QUESTION: What is the capital of Pennsylvania?
OPTIONS:
0: Harrisburg
1: Dover
2: Montpelier
3: Concord

Answer with the correct option from 0 to 3. Only provide the numeric and nothing else 

Answer:  ASSISTANT:",10000,0,grade3
468,"USER: 
 QUESTION: Which rock layer is older?
OPTIONS:
0: the limestone layer
1: the sandstone layer

Answer with the correct option from 0 to 1. Only provide the numeric and nothing else 

Answer:  ASSISTANT:",10000,1,grade5
469,"USER: 
 QUESTION: Which of these states is farthest north?
OPTIONS:
0: New Mexico
1: New York
2: Indiana
3: Delaware

Answer with the correct option from 0 to 3. Only provide the numeric and nothing else 

Answer:  ASSISTANT:",10000,1,grade3
470,"USER: 
 QUESTION: What is the capital of Massachusetts?
OPTIONS:
0: Albany
1: Annapolis
2: Cambridge
3: Boston

Answer with the correct option from 0 to 3. Only provide the numeric and nothing else 

Answer:  ASSISTANT:",10000,3,grade4
471,"USER: 
 QUESTION: Complete the text to describe the diagram.
Solute particles moved in both directions across the permeable membrane. But more solute particles moved across the membrane (). When there was an equal concentration on both sides, the particles reached equilibrium.
OPTIONS:
0: to the left than to the right
1: to the right than to the left

Answer with the correct option from 0 to 1. Only provide the numeric and nothing else 

Answer:  ASSISTANT: 0. 20. 20. 20. 20. 20. 20. 2. 2. 2. 2. 2. 2. 2. 2",0,0,grade6
472,"USER: 
 QUESTION: Think about the magnetic force between the magnets in each pair. Which of the following statements is true?
OPTIONS:
0: The magnitude of the magnetic force is the same in both pairs.
1: The magnitude of the magnetic force is smaller in Pair 2.
2: The magnitude of the magnetic force is smaller in Pair 1.

Answer with the correct option from 0 to 2. Only provide the numeric and nothing else 

Answer:  ASSISTANT: 0.",0,2,grade7
473,"USER: 
 QUESTION: What is the name of the colony shown?
OPTIONS:
0: Rhode Island
1: Indiana
2: New Hampshire
3: Massachusetts

Answer with the correct option from 0 to 3. Only provide the numeric and nothing else 

Answer:  ASSISTANT:",10000,3,grade4
474,"USER: 
 QUESTION: Which of the following organisms is the primary consumer in this food web?
OPTIONS:
0: orca
1: phytoplankton
2: sea urchin
3: black rockfish

Answer with the correct option from 0 to 3. Only provide the numeric and nothing else 

Answer:  ASSISTANT:",10000,2,grade8
475,"USER: 
 QUESTION: What is the capital of Tennessee?
OPTIONS:
0: Oklahoma City
1: Knoxville
2: Nashville
3: Boise

Answer with the correct option from 0 to 3. Only provide the numeric and nothing else 

Answer:  ASSISTANT:",10000,2,grade3
476,"USER: 
 QUESTION: Which country is highlighted?
OPTIONS:
0: Solomon Islands
1: Tonga
2: Fiji
3: Vanuatu

Answer with the correct option from 0 to 3. Only provide the numeric and nothing else 

Answer:  ASSISTANT:",10000,2,grade7
477,"USER: 
 QUESTION: What is the capital of Colorado?
OPTIONS:
0: Denver
1: Boulder
2: Olympia
3: Tallahassee

Answer with the correct option from 0 to 3. Only provide the numeric and nothing else 

Answer:  ASSISTANT:",10000,0,grade4
478,"USER: 
 QUESTION: Which solution has a higher concentration of blue particles?
OPTIONS:
0: neither; their concentrations are the same
1: Solution A
2: Solution B

Answer with the correct option from 0 to 2. Only provide the numeric and nothing else 

Answer:  ASSISTANT:",10000,1,grade7
479,"USER: 
 QUESTION: Is the following statement about our solar system true or false?
The smallest planet is made mainly of rock.
OPTIONS:
0: false
1: true

Answer with the correct option from 0 to 1. Only provide the numeric and nothing else 

Answer:  ASSISTANT: 0000000000000000000000000000000000000000000000000",0,1,grade8
480,"USER: 
 QUESTION: Which animal is also adapted to use its neck to appear large and scary to a predator?
OPTIONS:
0: bearded dragon
1: green anole

Answer with the correct option from 0 to 1. Only provide the numeric and nothing else 

Answer:  ASSISTANT:",10000,0,grade5
481,"USER: 
 QUESTION: What can Maya and Hanson trade to each get what they want?
OPTIONS:
0: Maya can trade her tomatoes for Hanson's carrots.
1: Hanson can trade his almonds for Maya's tomatoes.
2: Hanson can trade his broccoli for Maya's oranges.
3: Maya can trade her tomatoes for Hanson's broccoli.

Answer with the correct option from 0 to 3. Only provide the numeric and nothing else 

Answer:  ASSISTANT:",10000,3,grade8
482,"USER: 
 QUESTION: Select the mammal below.
OPTIONS:
0: Banggai cardinalfish
1: black howler
2: snowy owl
3: gray crowned crane

Answer with the correct option from 0 to 3. Only provide the numeric and nothing else 

Answer:  ASSISTANT: 0000000000000000000000000000000000000000000000000",0,1,grade4
483,"USER: 
 QUESTION: Select the organism in the same species as the Christmas tree worm.
OPTIONS:
0: Sphodromantis viridis
1: Spirobranchus giganteus
2: Macropus giganteus

Answer with the correct option from 0 to 2. Only provide the numeric and nothing else 

Answer:  ASSISTANT:",10000,1,grade8
484,"USER: 
 QUESTION: Is andesite a mineral or a rock?
OPTIONS:
0: mineral
1: rock

Answer with the correct option from 0 to 1. Only provide the numeric and nothing else 

Answer:  ASSISTANT:",10000,1,grade7
485,"USER: 
 QUESTION: Which month has the lowest average precipitation in London?
OPTIONS:
0: July
1: February
2: November

Answer with the correct option from 0 to 2. Only provide the numeric and nothing else 

Answer:  ASSISTANT:",10000,0,grade4
486,"USER: 
 QUESTION: Which of these states is farthest north?
OPTIONS:
0: Virginia
1: New Hampshire
2: South Carolina
3: Texas

Answer with the correct option from 0 to 3. Only provide the numeric and nothing else 

Answer:  ASSISTANT:",10000,1,grade4
487,"USER: 
 QUESTION: Which property do these two objects have in common?
OPTIONS:
0: smooth
1: rough

Answer with the correct option from 0 to 1. Only provide the numeric and nothing else 

Answer:  ASSISTANT:",10000,0,grade2
488,"USER: 
 QUESTION: Which country is highlighted?
OPTIONS:
0: Saint Vincent and the Grenadines
1: Grenada
2: the Dominican Republic
3: Trinidad and Tobago

Answer with the correct option from 0 to 3. Only provide the numeric and nothing else 

Answer:  ASSISTANT:",10000,1,grade7
489,"USER: 
 QUESTION: Which of the following best describes an ecosystem on a prairie in Nebraska?
OPTIONS:
0: the sand dunes, the prairie sandreed, and the greater prairie chickens
1: the red foxes
2: the seeds, the leaves, and the insects

Answer with the correct option from 0 to 2. Only provide the numeric and nothing else 

Answer:  ASSISTANT: 200.000000000000000000000000000000000000000000000",2,0,grade7
490,"USER: 
 QUESTION: Which of the following was an independent variable in this experiment?
OPTIONS:
0: the number of times the plots were burned each year
1: the number of unwanted grasses

Answer with the correct option from 0 to 1. Only provide the numeric and nothing else 

Answer:  ASSISTANT:",10000,0,grade7
491,"USER: 
 QUESTION: Based on the bubble map, which animals sleep during the day?
OPTIONS:
0: koalas
1: kangaroos

Answer with the correct option from 0 to 1. Only provide the numeric and nothing else 

Answer:  ASSISTANT:",10000,0,grade5
492,"USER: 
 QUESTION: Which animal's skin is also adapted for survival in cold places?
OPTIONS:
0: snowy owl
1: hairy armadillo

Answer with the correct option from 0 to 1. Only provide the numeric and nothing else 

Answer:  ASSISTANT:",10000,0,grade5
493,"USER: 
 QUESTION: What is the capital of South Dakota?
OPTIONS:
0: Pierre
1: Sioux Falls
2: Jefferson City
3: Rapid City

Answer with the correct option from 0 to 3. Only provide the numeric and nothing else 

Answer:  ASSISTANT:",10000,0,grade4
494,"USER: 
 QUESTION: Complete the statement.
Silicon carbide is ().
OPTIONS:
0: a compound
1: an elementary substance

Answer with the correct option from 0 to 1. Only provide the numeric and nothing else 

Answer:  ASSISTANT: 0000000000000000000000000000000000000000000000000",0,0,grade7
495,"USER: 
 QUESTION: Think about the magnetic force between the magnets in each pair. Which of the following statements is true?
OPTIONS:
0: The magnitude of the magnetic force is the same in both pairs.
1: The magnitude of the magnetic force is greater in Pair 2.
2: The magnitude of the magnetic force is greater in Pair 1.

Answer with the correct option from 0 to 2. Only provide the numeric and nothing else 

Answer:  ASSISTANT: 0.",0,0,grade5
496,"USER: 
 QUESTION: Which of the following could Bridget's test show?
OPTIONS:
0: whether producing more insulin would help the bacteria grow faster
1: whether she added enough nutrients to help the bacteria produce 20% more insulin
2: whether different types of bacteria would need different nutrients to produce insulin

Answer with the correct option from 0 to 2. Only provide the numeric and nothing else 

Answer:  ASSISTANT:",10000,1,grade8
497,"USER: 
 QUESTION: What is the capital of Colorado?
OPTIONS:
0: Boulder
1: Denver
2: Provo
3: Lincoln

Answer with the correct option from 0 to 3. Only provide the numeric and nothing else 

Answer:  ASSISTANT:",10000,1,grade4
498,"USER: 
 QUESTION: Think about the magnetic force between the magnets in each pair. Which of the following statements is true?
OPTIONS:
0: The magnitude of the magnetic force is the same in both pairs.
1: The magnitude of the magnetic force is greater in Pair 2.
2: The magnitude of the magnetic force is greater in Pair 1.

Answer with the correct option from 0 to 2. Only provide the numeric and nothing else 

Answer:  ASSISTANT: 0.",0,1,grade7
499,"USER: 
 QUESTION: Which property do these four objects have in common?
OPTIONS:
0: flexible
1: hard
2: slippery

Answer with the correct option from 0 to 2. Only provide the numeric and nothing else 

Answer:  ASSISTANT:",10000,2,grade5
500,"USER: 
 QUESTION: Which country is highlighted?
OPTIONS:
0: Vanuatu
1: Tuvalu
2: Tonga
3: Fiji

Answer with the correct option from 0 to 3. Only provide the numeric and nothing else 

Answer:  ASSISTANT:",10000,3,grade7
501,"USER: 
 QUESTION: Which of these continents does the equator intersect?
OPTIONS:
0: North America
1: Africa
2: Europe

Answer with the correct option from 0 to 2. Only provide the numeric and nothing else 

Answer:  ASSISTANT:",10000,1,grade4
502,"USER: 
 QUESTION: What is the capital of Iowa?
OPTIONS:
0: Springfield
1: Des Moines
2: Lincoln
3: Jefferson City

Answer with the correct option from 0 to 3. Only provide the numeric and nothing else 

Answer:  ASSISTANT:",10000,1,grade3
503,"USER: 
 QUESTION: Select the fish below.
OPTIONS:
0: clownfish
1: helmeted iguana

Answer with the correct option from 0 to 1. Only provide the numeric and nothing else 

Answer:  ASSISTANT:",10000,0,grade2
504,"USER: 
 QUESTION: In this food web, which organism contains matter that eventually moves to the earthworm?
OPTIONS:
0: mushroom
1: short-tailed weasel

Answer with the correct option from 0 to 1. Only provide the numeric and nothing else 

Answer:  ASSISTANT:",10000,1,grade7
505,"USER: 
 QUESTION: Which state is highlighted?
OPTIONS:
0: Alabama
1: Texas
2: Mississippi
3: Arkansas

Answer with the correct option from 0 to 3. Only provide the numeric and nothing else 

Answer:  ASSISTANT:",10000,0,grade5
506,"USER: 
 QUESTION: Which property matches this object?
OPTIONS:
0: bumpy
1: sweet

Answer with the correct option from 0 to 1. Only provide the numeric and nothing else 

Answer:  ASSISTANT:",10000,0,grade2
507,"USER: 
 QUESTION: Is peridotite a mineral?
OPTIONS:
0: no
1: yes

Answer with the correct option from 0 to 1. Only provide the numeric and nothing else 

Answer:  ASSISTANT:",10000,0,grade6
508,"USER: 
 QUESTION: Which is this organism's common name?
OPTIONS:
0: Carassius auratus
1: goldfish

Answer with the correct option from 0 to 1. Only provide the numeric and nothing else 

Answer:  ASSISTANT:",10000,1,grade7
509,"USER: 
 QUESTION: What is the name of the colony shown?
OPTIONS:
0: Massachusetts
1: Rhode Island
2: New Hampshire
3: Vermont

Answer with the correct option from 0 to 3. Only provide the numeric and nothing else 

Answer:  ASSISTANT:",10000,2,grade5
510,"USER: 
 QUESTION: Select the mammal below.
OPTIONS:
0: green tree frog
1: human

Answer with the correct option from 0 to 1. Only provide the numeric and nothing else 

Answer:  ASSISTANT:",10000,1,grade3
511,"USER: 
 QUESTION: Which country is highlighted?
OPTIONS:
0: Trinidad and Tobago
1: Saint Lucia
2: Dominica
3: the Dominican Republic

Answer with the correct option from 0 to 3. Only provide the numeric and nothing else 

Answer:  ASSISTANT:",10000,0,grade8
512,"USER: 
 QUESTION: Which property matches this object?
OPTIONS:
0: rough
1: colorful

Answer with the correct option from 0 to 1. Only provide the numeric and nothing else 

Answer:  ASSISTANT:",10000,0,grade3
513,"USER: 
 QUESTION: Which of the following could Emmy's test show?
OPTIONS:
0: if the blade guards would break in a crash
1: how much the drone weighed with the blade guards
2: if adding the blade guards made the drone fly poorly

Answer with the correct option from 0 to 2. Only provide the numeric and nothing else 

Answer:  ASSISTANT: 2000000000000000000000000000000000000000000000000",2000000000000000000000000000000000000000000000000,2,grade7
514,"USER: 
 QUESTION: What is the capital of Wyoming?
OPTIONS:
0: Cheyenne
1: Laramie
2: Savannah
3: Denver

Answer with the correct option from 0 to 3. Only provide the numeric and nothing else 

Answer:  ASSISTANT:",10000,0,grade5
515,"USER: 
 QUESTION: Which of the following could Jasmine's test show?
OPTIONS:
0: whether producing more insulin would help the bacteria grow faster
1: whether different types of bacteria would need different nutrients to produce insulin
2: whether she added enough nutrients to help the bacteria produce 20% more insulin

Answer with the correct option from 0 to 2. Only provide the numeric and nothing else 

Answer:  ASSISTANT:",10000,2,grade7
516,"USER: 
 QUESTION: Which is the main persuasive appeal used in this ad?
OPTIONS:
0: pathos (emotion)
1: ethos (character)
2: logos (reason)

Answer with the correct option from 0 to 2. Only provide the numeric and nothing else 

Answer:  ASSISTANT:",10000,2,grade7
517,"USER: 
 QUESTION: What is the expected ratio of offspring with yellow pods to offspring with green pods? Choose the most likely ratio.
OPTIONS:
0: 3:1
1: 4:0
2: 0:4
3: 1:3
4: 2:2

Answer with the correct option from 0 to 4. Only provide the numeric and nothing else 

Answer:  ASSISTANT: 20 20. 20. 20. 20. 20. 20. 20. 20. 20.20.20.20.20",2,2,grade8
518,"USER: 
 QUESTION: What is the capital of New Hampshire?
OPTIONS:
0: Salt Lake City
1: Atlanta
2: Biloxi
3: Concord

Answer with the correct option from 0 to 3. Only provide the numeric and nothing else 

Answer:  ASSISTANT:",10000,3,grade4
519,"USER: 
 QUESTION: Which property do these four objects have in common?
OPTIONS:
0: sour
1: soft
2: shiny

Answer with the correct option from 0 to 2. Only provide the numeric and nothing else 

Answer:  ASSISTANT:",10000,1,grade5
520,"USER: 
 QUESTION: Think about the magnetic force between the magnets in each pair. Which of the following statements is true?
OPTIONS:
0: The magnitude of the magnetic force is smaller in Pair 2.
1: The magnitude of the magnetic force is the same in both pairs.
2: The magnitude of the magnetic force is smaller in Pair 1.

Answer with the correct option from 0 to 2. Only provide the numeric and nothing else 

Answer:  ASSISTANT: 0. 20. 20. 20. 20. 20. 20. 20. 20. 20. 20. 20. 20",0,0,grade6
521,"USER: 
 QUESTION: Which of the following could Tori's test show?
OPTIONS:
0: if the new turbine could turn easily
1: how much the new turbine would weigh
2: whether the new turbine could produce 10% more electricity

Answer with the correct option from 0 to 2. Only provide the numeric and nothing else 

Answer:  ASSISTANT:",10000,2,grade7
522,"USER: 
 QUESTION: Which solution has a higher concentration of pink particles?
OPTIONS:
0: Solution B
1: Solution A
2: neither; their concentrations are the same

Answer with the correct option from 0 to 2. Only provide the numeric and nothing else 

Answer:  ASSISTANT:",10000,1,grade6
523,"USER: 
 QUESTION: Which state is highlighted?
OPTIONS:
0: Pennsylvania
1: Vermont
2: Rhode Island
3: New Jersey

Answer with the correct option from 0 to 3. Only provide the numeric and nothing else 

Answer:  ASSISTANT:",10000,3,grade3
524,"USER: 
 QUESTION: Which material is this box made of?
OPTIONS:
0: wood
1: brick

Answer with the correct option from 0 to 1. Only provide the numeric and nothing else 

Answer:  ASSISTANT:",10000,0,grade2
525,"USER: 
 QUESTION: Which animal's skin is also adapted for survival in cold places?
OPTIONS:
0: caribou
1: scarlet snake

Answer with the correct option from 0 to 1. Only provide the numeric and nothing else 

Answer:  ASSISTANT:",10000,0,grade5
526,"USER: 
 QUESTION: Which of the following fossils is older? Select the more likely answer.
OPTIONS:
0: crocodile egg
1: fern

Answer with the correct option from 0 to 1. Only provide the numeric and nothing else 

Answer:  ASSISTANT:",10000,1,grade8
527,"USER: 
 QUESTION: What is the direction of this pull?
OPTIONS:
0: toward her hand
1: away from her hand

Answer with the correct option from 0 to 1. Only provide the numeric and nothing else 

Answer:  ASSISTANT:",10000,0,grade5
528,"USER: 
 QUESTION: Identify the question that Zach's experiment can best answer.
OPTIONS:
0: Do steel nails rust in fewer days when submerged in a large volume of liquid compared to a small volume?
1: Do steel nails take fewer days to rust in water compared to vinegar?

Answer with the correct option from 0 to 1. Only provide the numeric and nothing else 

Answer:  ASSISTANT:",10000,1,grade8
529,"USER: 
 QUESTION: Which ocean is highlighted?
OPTIONS:
0: the Indian Ocean
1: the Atlantic Ocean
2: the Arctic Ocean
3: the Southern Ocean

Answer with the correct option from 0 to 3. Only provide the numeric and nothing else 

Answer:  ASSISTANT:",10000,1,grade7
530,"USER: 
 QUESTION: What is the direction of this pull?
OPTIONS:
0: toward the center of Earth
1: away from the center of Earth

Answer with the correct option from 0 to 1. Only provide the numeric and nothing else 

Answer:  ASSISTANT:",10000,0,grade4
531,"USER: 
 QUESTION: Select the amphibian below.
OPTIONS:
0: golden frog
1: cardinalfish

Answer with the correct option from 0 to 1. Only provide the numeric and nothing else 

Answer:  ASSISTANT:",10000,0,grade3
532,"USER: 
 QUESTION: Which property matches this object?
OPTIONS:
0: hard
1: soft

Answer with the correct option from 0 to 1. Only provide the numeric and nothing else 

Answer:  ASSISTANT:",10000,1,grade2
533,"USER: 
 QUESTION: Which property do these two objects have in common?
OPTIONS:
0: blue
1: sticky

Answer with the correct option from 0 to 1. Only provide the numeric and nothing else 

Answer:  ASSISTANT:",10000,0,grade2
534,"USER: 
 QUESTION: Which country is highlighted?
OPTIONS:
0: Grenada
1: Antigua and Barbuda
2: Trinidad and Tobago
3: Saint Vincent and the Grenadines

Answer with the correct option from 0 to 3. Only provide the numeric and nothing else 

Answer:  ASSISTANT:",10000,0,grade7
535,"USER: 
 QUESTION: Which country is highlighted?
OPTIONS:
0: the Marshall Islands
1: Papua New Guinea
2: the Federated States of Micronesia
3: Palau

Answer with the correct option from 0 to 3. Only provide the numeric and nothing else 

Answer:  ASSISTANT:",10000,2,grade8
536,"USER: 
 QUESTION: What can Monica and Diana trade to each get what they want?
OPTIONS:
0: Monica can trade her tomatoes for Diana's carrots.
1: Diana can trade her almonds for Monica's tomatoes.
2: Diana can trade her broccoli for Monica's oranges.
3: Monica can trade her tomatoes for Diana's broccoli.

Answer with the correct option from 0 to 3. Only provide the numeric and nothing else 

Answer:  ASSISTANT:",10000,3,grade7
537,"USER: 
 QUESTION: Which animal's mouth is also adapted for bottom feeding?
OPTIONS:
0: bat ray
1: emperor angelfish

Answer with the correct option from 0 to 1. Only provide the numeric and nothing else 

Answer:  ASSISTANT:",10000,0,grade5
538,"USER: 
 QUESTION: What can Diana and Gabby trade to each get what they want?
OPTIONS:
0: Gabby can trade her almonds for Diana's tomatoes.
1: Diana can trade her tomatoes for Gabby's sandwich.
2: Diana can trade her tomatoes for Gabby's broccoli.
3: Gabby can trade her broccoli for Diana's oranges.

Answer with the correct option from 0 to 3. Only provide the numeric and nothing else 

Answer:  ASSISTANT:",10000,2,grade6
539,"USER: 
 QUESTION: Which of the following could Tamir's test show?
OPTIONS:
0: which design would have the least traffic noise in the concert area
1: if at least 20% of the park would be shaded by trees in each design
2: which design would have the greatest distance between the concert area and the road

Answer with the correct option from 0 to 2. Only provide the numeric and nothing else 

Answer:  ASSISTANT:",10000,2,grade8
540,"USER: 
 QUESTION: Think about the magnetic force between the magnets in each pair. Which of the following statements is true?
OPTIONS:
0: The strength of the magnetic force is the same in both pairs.
1: The magnetic force is weaker in Pair 2.
2: The magnetic force is weaker in Pair 1.

Answer with the correct option from 0 to 2. Only provide the numeric and nothing else 

Answer:  ASSISTANT: 200. 20000000000000000000000000000000000000000000",2,2,grade3
541,"USER: 
 QUESTION: Which of these cities is marked on the map?
OPTIONS:
0: San Antonio
1: Chicago
2: San Francisco
3: New York City

Answer with the correct option from 0 to 3. Only provide the numeric and nothing else 

Answer:  ASSISTANT:",10000,0,grade5
542,"USER: 
 QUESTION: Which property matches this object?
OPTIONS:
0: rough
1: stretchy

Answer with the correct option from 0 to 1. Only provide the numeric and nothing else 

Answer:  ASSISTANT:",10000,0,grade2
543,"USER: 
 QUESTION: Which of the following could Diane and Sofia's test show?
OPTIONS:
0: if a new batch of concrete was firm enough to use
1: if the concrete from each batch took the same amount of time to dry

Answer with the correct option from 0 to 1. Only provide the numeric and nothing else 

Answer:  ASSISTANT:",10000,0,grade6
544,"USER: 
 QUESTION: Which of the following could Brennan's test show?
OPTIONS:
0: if the weather station would work when the temperature was 50°C
1: how well the weather station would work when it was windy

Answer with the correct option from 0 to 1. Only provide the numeric and nothing else 

Answer:  ASSISTANT:",10000,0,grade6
545,"USER: 
 QUESTION: Which animal is also adapted to be camouflaged in the snow?
OPTIONS:
0: Arctic fox
1: screech owl

Answer with the correct option from 0 to 1. Only provide the numeric and nothing else 

Answer:  ASSISTANT:",10000,0,grade3
546,"USER: 
 QUESTION: Which term matches the picture?
OPTIONS:
0: camouflage
1: mimicry

Answer with the correct option from 0 to 1. Only provide the numeric and nothing else 

Answer:  ASSISTANT:",10000,0,grade6
547,"USER: 
 QUESTION: Which country is highlighted?
OPTIONS:
0: Samoa
1: Nauru
2: Tonga
3: New Zealand

Answer with the correct option from 0 to 3. Only provide the numeric and nothing else 

Answer:  ASSISTANT:",10000,0,grade7
548,"USER: 
 QUESTION: During this time, thermal energy was transferred from () to ().
OPTIONS:
0: the surroundings . . . each pizza
1: each pizza . . . the surroundings

Answer with the correct option from 0 to 1. Only provide the numeric and nothing else 

Answer:  ASSISTANT:",10000,1,grade7
549,"USER: 
 QUESTION: Look at the models of molecules below. Select the elementary substance.
OPTIONS:
0: propane
1: hydrazine
2: iodine

Answer with the correct option from 0 to 2. Only provide the numeric and nothing else 

Answer:  ASSISTANT: 0000000000000000000000000000000000000000000000000",0,2,grade6
550,"USER: 
 QUESTION: What is the capital of West Virginia?
OPTIONS:
0: Tucson
1: Charleston
2: Jackson
3: Billings

Answer with the correct option from 0 to 3. Only provide the numeric and nothing else 

Answer:  ASSISTANT:",10000,1,grade3
551,"USER: 
 QUESTION: Select the organism in the same species as the black howler.
OPTIONS:
0: Ovis orientalis
1: Alouatta caraya
2: Ovis canadensis

Answer with the correct option from 0 to 2. Only provide the numeric and nothing else 

Answer:  ASSISTANT:",10000,1,grade7
552,"USER: 
 QUESTION: Which property do these three objects have in common?
OPTIONS:
0: sweet
1: sour
2: blue

Answer with the correct option from 0 to 2. Only provide the numeric and nothing else 

Answer:  ASSISTANT:",10000,0,grade3
553,"USER: 
 QUESTION: What is the capital of New Jersey?
OPTIONS:
0: Providence
1: Trenton
2: Jersey City
3: Concord

Answer with the correct option from 0 to 3. Only provide the numeric and nothing else 

Answer:  ASSISTANT:",10000,1,grade4
554,"USER: 
 QUESTION: Which country is highlighted?
OPTIONS:
0: Australia
1: Papua New Guinea
2: Fiji
3: New Zealand

Answer with the correct option from 0 to 3. Only provide the numeric and nothing else 

Answer:  ASSISTANT:",10000,3,grade7
555,"USER: 
 QUESTION: What is the name of the colony shown?
OPTIONS:
0: Massachusetts
1: Virginia
2: Maryland
3: Rhode Island

Answer with the correct option from 0 to 3. Only provide the numeric and nothing else 

Answer:  ASSISTANT:",10000,0,grade5
556,"USER: 
 QUESTION: Which term matches the picture?
OPTIONS:
0: accuracy
1: precision

Answer with the correct option from 0 to 1. Only provide the numeric and nothing else 

Answer:  ASSISTANT:",10000,1,grade8
557,"USER: 
 QUESTION: Which animal is also adapted to be camouflaged in the snow?
OPTIONS:
0: polar bear
1: porcupine

Answer with the correct option from 0 to 1. Only provide the numeric and nothing else 

Answer:  ASSISTANT:",10000,0,grade4
558,"USER: 
 QUESTION: What is the capital of Minnesota?
OPTIONS:
0: Saint Paul
1: Columbus
2: Lincoln
3: San Francisco

Answer with the correct option from 0 to 3. Only provide the numeric and nothing else 

Answer:  ASSISTANT:",10000,0,grade3
559,"USER: 
 QUESTION: Which of these states is farthest west?
OPTIONS:
0: Virginia
1: South Carolina
2: Idaho
3: Connecticut

Answer with the correct option from 0 to 3. Only provide the numeric and nothing else 

Answer:  ASSISTANT:",10000,2,grade3
560,"USER: 
 QUESTION: Which property do these four objects have in common?
OPTIONS:
0: fragile
1: transparent
2: opaque

Answer with the correct option from 0 to 2. Only provide the numeric and nothing else 

Answer:  ASSISTANT:",10000,0,grade5
561,"USER: 
 QUESTION: Is the following statement about our solar system true or false?
75% of the planets are made mainly of rock.
OPTIONS:
0: true
1: false

Answer with the correct option from 0 to 1. Only provide the numeric and nothing else 

Answer:  ASSISTANT: 0000000000000000000000000000000000000000000000000",0,1,grade7
562,"USER: 
 QUESTION: Compare the average kinetic energies of the particles in each sample. Which sample has the higher temperature?
OPTIONS:
0: sample B
1: neither; the samples have the same temperature
2: sample A

Answer with the correct option from 0 to 2. Only provide the numeric and nothing else 

Answer:  ASSISTANT:",10000,0,grade6
563,"USER: 
 QUESTION: What is the capital of New Hampshire?
OPTIONS:
0: Boston
1: Manchester
2: Des Moines
3: Concord

Answer with the correct option from 0 to 3. Only provide the numeric and nothing else 

Answer:  ASSISTANT:",10000,3,grade5
564,"USER: 
 QUESTION: What is the capital of Arizona?
OPTIONS:
0: Phoenix
1: Sacramento
2: Cheyenne
3: Tucson

Answer with the correct option from 0 to 3. Only provide the numeric and nothing else 

Answer:  ASSISTANT:",10000,0,grade5
565,"USER: 
 QUESTION: Which country is highlighted?
OPTIONS:
0: Solomon Islands
1: New Zealand
2: Kiribati
3: the Marshall Islands

Answer with the correct option from 0 to 3. Only provide the numeric and nothing else 

Answer:  ASSISTANT:",10000,3,grade8
566,"USER: 
 QUESTION: Which of these states is farthest south?
OPTIONS:
0: Missouri
1: Wyoming
2: Delaware
3: Texas

Answer with the correct option from 0 to 3. Only provide the numeric and nothing else 

Answer:  ASSISTANT:",10000,3,grade3
567,"USER: 
 QUESTION: Think about the magnetic force between the magnets in each pair. Which of the following statements is true?
OPTIONS:
0: The magnitude of the magnetic force is greater in Pair 1.
1: The magnitude of the magnetic force is greater in Pair 2.
2: The magnitude of the magnetic force is the same in both pairs.

Answer with the correct option from 0 to 2. Only provide the numeric and nothing else 

Answer:  ASSISTANT: 0.",0,0,grade6
568,"USER: 
 QUESTION: What can Kevin and Aaliyah trade to each get what they want?
OPTIONS:
0: Aaliyah can trade her broccoli for Kevin's oranges.
1: Kevin can trade his tomatoes for Aaliyah's broccoli.
2: Kevin can trade his tomatoes for Aaliyah's carrots.
3: Aaliyah can trade her almonds for Kevin's tomatoes.

Answer with the correct option from 0 to 3. Only provide the numeric and nothing else 

Answer:  ASSISTANT:",10000,1,grade8
569,"USER: 
 QUESTION: Which of the following could Stanley's test show?
OPTIONS:
0: if the sample fabric would absorb one drop of water in less than one second
1: how long it would take the sample fabric to dry after it absorbed one drop of water
2: how much athletes would sweat in the fabric

Answer with the correct option from 0 to 2. Only provide the numeric and nothing else 

Answer:  ASSISTANT: 2000000000000000000000000000000000000000000000000",2000000000000000000000000000000000000000000000000,1,grade7
570,"USER: 
 QUESTION: Which continent is highlighted?
OPTIONS:
0: Antarctica
1: Asia
2: Australia
3: Africa

Answer with the correct option from 0 to 3. Only provide the numeric and nothing else 

Answer:  ASSISTANT:",10000,2,grade6
571,"USER: 
 QUESTION: Which of the following could Anita and Gabby's test show?
OPTIONS:
0: if the concrete from each batch took the same amount of time to dry
1: if a new batch of concrete was firm enough to use

Answer with the correct option from 0 to 1. Only provide the numeric and nothing else 

Answer:  ASSISTANT:",10000,1,grade6
572,"USER: 
 QUESTION: Select the mammal below.
OPTIONS:
0: wombat
1: barn owl
2: flamingo
3: ocean sunfish

Answer with the correct option from 0 to 3. Only provide the numeric and nothing else 

Answer:  ASSISTANT: 0000000000000000000000000000000000000000000000000",0,0,grade4
573,"USER: 
 QUESTION: Will these magnets attract or repel each other?
OPTIONS:
0: repel
1: attract

Answer with the correct option from 0 to 1. Only provide the numeric and nothing else 

Answer:  ASSISTANT:",10000,1,grade3
574,"USER: 
 QUESTION: What is the capital of Delaware?
OPTIONS:
0: Harrisburg
1: Dover
2: Wilmington
3: Georgetown

Answer with the correct option from 0 to 3. Only provide the numeric and nothing else 

Answer:  ASSISTANT:",10000,1,grade4
575,"USER: 
 QUESTION: Compare the average kinetic energies of the particles in each sample. Which sample has the higher temperature?
OPTIONS:
0: sample A
1: sample B
2: neither; the samples have the same temperature

Answer with the correct option from 0 to 2. Only provide the numeric and nothing else 

Answer:  ASSISTANT:",10000,0,grade6
576,"USER: 
 QUESTION: Select the reptile below.
OPTIONS:
0: dwarf crocodile
1: gorilla

Answer with the correct option from 0 to 1. Only provide the numeric and nothing else 

Answer:  ASSISTANT:",10000,0,grade2
577,"USER: 
 QUESTION: Which of the following could Ivan's test show?
OPTIONS:
0: how much athletes would sweat in the fabric
1: how long it would take the sample fabric to dry after it absorbed one drop of water
2: if the sample fabric would absorb one drop of water in less than one second

Answer with the correct option from 0 to 2. Only provide the numeric and nothing else 

Answer:  ASSISTANT: 2000000",2000000,1,grade7
578,"USER: 
 QUESTION: Which bird's beak is also adapted to catch insects?
OPTIONS:
0: hanging parrot
1: barn swallow

Answer with the correct option from 0 to 1. Only provide the numeric and nothing else 

Answer:  ASSISTANT:",10000,1,grade4
579,"USER: 
 QUESTION: Select the organism in the same genus as the tawny owl.
OPTIONS:
0: Cyanocitta cristata
1: Strix aluco
2: Goura cristata

Answer with the correct option from 0 to 2. Only provide the numeric and nothing else 

Answer:  ASSISTANT:",10000,1,grade6
580,"USER: 
 QUESTION: What is the capital of Tennessee?
OPTIONS:
0: Wilmington
1: Nashville
2: Columbia
3: Cheyenne

Answer with the correct option from 0 to 3. Only provide the numeric and nothing else 

Answer:  ASSISTANT:",10000,1,grade5
581,"USER: 
 QUESTION: Think about the magnetic force between the magnets in each pair. Which of the following statements is true?
OPTIONS:
0: The magnitude of the magnetic force is smaller in Pair 2.
1: The magnitude of the magnetic force is the same in both pairs.
2: The magnitude of the magnetic force is smaller in Pair 1.

Answer with the correct option from 0 to 2. Only provide the numeric and nothing else 

Answer:  ASSISTANT: 0. 20. 20. 20. 20. 20. 20. 20. 20. 20. 20. 20. 20",0,0,grade7
582,"USER: 
 QUESTION: What is the capital of Oklahoma?
OPTIONS:
0: Jackson
1: Oklahoma City
2: Concord
3: Birmingham

Answer with the correct option from 0 to 3. Only provide the numeric and nothing else 

Answer:  ASSISTANT:",10000,1,grade3
583,"USER: 
 QUESTION: Which property do these three objects have in common?
OPTIONS:
0: bouncy
1: transparent
2: slippery

Answer with the correct option from 0 to 2. Only provide the numeric and nothing else 

Answer:  ASSISTANT:",10000,2,grade4
584,"USER: 
 QUESTION: Which of these organisms contains matter that was once part of the bear sedge?
OPTIONS:
0: collared lemming
1: grizzly bear

Answer with the correct option from 0 to 1. Only provide the numeric and nothing else 

Answer:  ASSISTANT:",10000,0,grade5
585,"USER: 
 QUESTION: Does this passage describe the weather or the climate?
OPTIONS:
0: climate
1: weather

Answer with the correct option from 0 to 1. Only provide the numeric and nothing else 

Answer:  ASSISTANT:",10000,1,grade6
586,"USER: 
 QUESTION: Which bird's beak is also adapted to crack hard seeds?
OPTIONS:
0: common swift
1: Asian golden weaver

Answer with the correct option from 0 to 1. Only provide the numeric and nothing else 

Answer:  ASSISTANT:",10000,1,grade3
587,"USER: 
 QUESTION: What is the capital of Washington?
OPTIONS:
0: Spokane
1: Seattle
2: Olympia
3: Phoenix

Answer with the correct option from 0 to 3. Only provide the numeric and nothing else 

Answer:  ASSISTANT:",10000,2,grade4
588,"USER: 
 QUESTION: Is the following statement about our solar system true or false?
Half of the planets are made mainly of gas or ice.
OPTIONS:
0: false
1: true

Answer with the correct option from 0 to 1. Only provide the numeric and nothing else 

Answer:  ASSISTANT: 0000000000000000000000000000000000000000000000000",0,1,grade6
589,"USER: 
 QUESTION: Which state is highlighted?
OPTIONS:
0: Missouri
1: Illinois
2: Indiana
3: Michigan

Answer with the correct option from 0 to 3. Only provide the numeric and nothing else 

Answer:  ASSISTANT:",10000,0,grade5
590,"USER: 
 QUESTION: Which of these organisms contains matter that was once part of the lichen?
OPTIONS:
0: grizzly bear
1: bear sedge

Answer with the correct option from 0 to 1. Only provide the numeric and nothing else 

Answer:  ASSISTANT:",10000,0,grade5
591,"USER: 
 QUESTION: Which trait do African wild dogs have?
OPTIONS:
0: They live in packs with thousands of other African wild dogs.
1: They have four legs.

Answer with the correct option from 0 to 1. Only provide the numeric and nothing else 

Answer:  ASSISTANT:",10000,1,grade3
592,"USER: 
 QUESTION: Which material is this door made of?
OPTIONS:
0: wood
1: cardboard

Answer with the correct option from 0 to 1. Only provide the numeric and nothing else 

Answer:  ASSISTANT:",10000,0,grade2
593,"USER: 
 QUESTION: Which country is highlighted?
OPTIONS:
0: Saint Vincent and the Grenadines
1: The Bahamas
2: Cuba
3: Haiti

Answer with the correct option from 0 to 3. Only provide the numeric and nothing else 

Answer:  ASSISTANT:",10000,1,grade6
594,"USER: 
 QUESTION: Complete the text to describe the diagram.
Solute particles moved in both directions across the permeable membrane. But more solute particles moved across the membrane (). When there was an equal concentration on both sides, the particles reached equilibrium.
OPTIONS:
0: to the left than to the right
1: to the right than to the left

Answer with the correct option from 0 to 1. Only provide the numeric and nothing else 

Answer:  ASSISTANT: 0. 20. 20. 20. 20. 20. 20. 2. 2. 2. 2. 2. 2. 2. 2",0,0,grade6
595,"USER: 
 QUESTION: Select the organism in the same genus as the agile wallaby.
OPTIONS:
0: Macropus agilis
1: Hyla cinerea
2: Lacerta agilis

Answer with the correct option from 0 to 2. Only provide the numeric and nothing else 

Answer:  ASSISTANT:",10000,0,grade8
596,"USER: 
 QUESTION: Which solution has a higher concentration of green particles?
OPTIONS:
0: Solution B
1: neither; their concentrations are the same
2: Solution A

Answer with the correct option from 0 to 2. Only provide the numeric and nothing else 

Answer:  ASSISTANT:",10000,0,grade8
597,"USER: 
 QUESTION: What is the capital of Washington?
OPTIONS:
0: Spokane
1: Seattle
2: Jefferson City
3: Olympia

Answer with the correct option from 0 to 3. Only provide the numeric and nothing else 

Answer:  ASSISTANT:",10000,3,grade5
598,"USER: 
 QUESTION: Which month has the lowest average precipitation in London?
OPTIONS:
0: November
1: July
2: May

Answer with the correct option from 0 to 2. Only provide the numeric and nothing else 

Answer:  ASSISTANT:",10000,1,grade3
599,"USER: 
 QUESTION: Which country is highlighted?
OPTIONS:
0: The Bahamas
1: Trinidad and Tobago
2: Cuba
3: Grenada

Answer with the correct option from 0 to 3. Only provide the numeric and nothing else 

Answer:  ASSISTANT:",10000,1,grade6
600,"USER: 
 QUESTION: Select the organism in the same genus as the green tree frog.
OPTIONS:
0: Ardea cinerea
1: Strix aluco
2: Hyla cinerea

Answer with the correct option from 0 to 2. Only provide the numeric and nothing else 

Answer:  ASSISTANT: 000.00.000.00000.00000000000000000000000000000000",0,2,grade5
601,"USER: 
 QUESTION: Which state is highlighted?
OPTIONS:
0: Utah
1: Montana
2: California
3: Idaho

Answer with the correct option from 0 to 3. Only provide the numeric and nothing else 

Answer:  ASSISTANT:",10000,0,grade5
602,"USER: 
 QUESTION: Select the bird below.
OPTIONS:
0: great white shark
1: white stork

Answer with the correct option from 0 to 1. Only provide the numeric and nothing else 

Answer:  ASSISTANT:",10000,1,grade3
603,"USER: 
 QUESTION: Which of these states is farthest east?
OPTIONS:
0: North Dakota
1: Maine
2: Iowa
3: Kansas

Answer with the correct option from 0 to 3. Only provide the numeric and nothing else 

Answer:  ASSISTANT:",10000,1,grade3
604,"USER: 
 QUESTION: In this experiment, which were part of an experimental group?
OPTIONS:
0: the plants that were soaked in water and sprayed
1: the plants that were only soaked in water

Answer with the correct option from 0 to 1. Only provide the numeric and nothing else 

Answer:  ASSISTANT:",10000,0,grade7
605,"USER: 
 QUESTION: Which of the following could Lamar's test show?
OPTIONS:
0: whether the filter was clogged
1: the amount of bacteria in the water before it was filtered
2: whether an inexpensive filter would become clogged more often

Answer with the correct option from 0 to 2. Only provide the numeric and nothing else 

Answer:  ASSISTANT:00000000000000000000000000000000000000000000000000",0,0,grade8
606,"USER: 
 QUESTION: Which continent is highlighted?
OPTIONS:
0: South America
1: North America
2: Asia
3: Europe

Answer with the correct option from 0 to 3. Only provide the numeric and nothing else 

Answer:  ASSISTANT:",10000,1,grade5
607,"USER: 
 QUESTION: What is the probability that a horse produced by this cross will have a reddish-brown coat?
OPTIONS:
0: 3/4
1: 4/4
2: 0/4
3: 2/4
4: 1/4

Answer with the correct option from 0 to 4. Only provide the numeric and nothing else 

Answer:  ASSISTANT: 20. 2000. 000000000000000000000000000000000000000",2,3,grade8
608,"USER: 
 QUESTION: What is the probability that a rabbit produced by this cross will have brown fur?
OPTIONS:
0: 0/4
1: 4/4
2: 2/4
3: 3/4
4: 1/4

Answer with the correct option from 0 to 4. Only provide the numeric and nothing else 

Answer:  ASSISTANT: 00. 0 00. 000. 00. 0. 0. 0. 0. 0. 0. 0. 0. 0. 0. ",0,2,grade8
609,"USER: 
 QUESTION: Which of the following could Kathleen and Susan's test show?
OPTIONS:
0: if a new batch of concrete was firm enough to use
1: if the concrete from each batch took the same amount of time to dry

Answer with the correct option from 0 to 1. Only provide the numeric and nothing else 

Answer:  ASSISTANT:",10000,0,grade6
610,"USER: 
 QUESTION: What evidence of a flood does this picture show?
OPTIONS:
0: The benches on the riverbank are partly underwater.
1: There are two benches beside the river.

Answer with the correct option from 0 to 1. Only provide the numeric and nothing else 

Answer:  ASSISTANT:",10000,0,grade2
611,"USER: 
 QUESTION: Select the organism in the same species as the black-tailed jackrabbit.
OPTIONS:
0: Lepus californicus
1: Erinaceus europaeus
2: Sciurus vulgaris

Answer with the correct option from 0 to 2. Only provide the numeric and nothing else 

Answer:  ASSISTANT: 00.",0,0,grade7
612,"USER: 
 QUESTION: What is the capital of North Carolina?
OPTIONS:
0: Raleigh
1: Sacramento
2: Frankfort
3: Charlotte

Answer with the correct option from 0 to 3. Only provide the numeric and nothing else 

Answer:  ASSISTANT:",10000,0,grade3
613,"USER: 
 QUESTION: Is the following statement about our solar system true or false?
Of the four largest planets, three are made mainly of gas.
OPTIONS:
0: true
1: false

Answer with the correct option from 0 to 1. Only provide the numeric and nothing else 

Answer:  ASSISTANT: 0000.00000000000000000000000000000000000000000000",0,1,grade6
614,"USER: 
 QUESTION: Which material is this coat made of?
OPTIONS:
0: concrete
1: plastic

Answer with the correct option from 0 to 1. Only provide the numeric and nothing else 

Answer:  ASSISTANT:",10000,1,grade2
615,"USER: 
 QUESTION: Which material is this coat made of?
OPTIONS:
0: glass
1: wool

Answer with the correct option from 0 to 1. Only provide the numeric and nothing else 

Answer:  ASSISTANT:",10000,1,grade2
616,"USER: 
 QUESTION: Select the bird below.
OPTIONS:
0: flamingo
1: gray tree frog

Answer with the correct option from 0 to 1. Only provide the numeric and nothing else 

Answer:  ASSISTANT:",10000,0,grade3
617,"USER: 
 QUESTION: Which property do these three objects have in common?
OPTIONS:
0: smooth
1: scratchy
2: slippery

Answer with the correct option from 0 to 2. Only provide the numeric and nothing else 

Answer:  ASSISTANT:",10000,1,grade4
618,"USER: 
 QUESTION: What can Naomi and Emilia trade to each get what they want?
OPTIONS:
0: Emilia can trade her almonds for Naomi's tomatoes.
1: Naomi can trade her tomatoes for Emilia's carrots.
2: Naomi can trade her tomatoes for Emilia's broccoli.
3: Emilia can trade her broccoli for Naomi's oranges.

Answer with the correct option from 0 to 3. Only provide the numeric and nothing else 

Answer:  ASSISTANT:",10000,2,grade7
619,"USER: 
 QUESTION: Which property matches this object?
OPTIONS:
0: scratchy
1: yellow

Answer with the correct option from 0 to 1. Only provide the numeric and nothing else 

Answer:  ASSISTANT:",10000,1,grade3
620,"USER: 
 QUESTION: Are the bubbles in soda a solid, a liquid, or a gas?
OPTIONS:
0: a gas
1: a solid
2: a liquid

Answer with the correct option from 0 to 2. Only provide the numeric and nothing else 

Answer:  ASSISTANT:",10000,0,grade4
621,"USER: 
 QUESTION: Which of these states is farthest west?
OPTIONS:
0: Ohio
1: Nevada
2: Maine
3: Delaware

Answer with the correct option from 0 to 3. Only provide the numeric and nothing else 

Answer:  ASSISTANT:",10000,1,grade5
622,"USER: 
 QUESTION: Which animal is also adapted to use its neck to appear large and scary to a predator?
OPTIONS:
0: lace monitor
1: spectacled cobra

Answer with the correct option from 0 to 1. Only provide the numeric and nothing else 

Answer:  ASSISTANT:",10000,1,grade5
623,"USER: 
 QUESTION: What is the capital of Idaho?
OPTIONS:
0: Olympia
1: Boise
2: Santa Fe
3: Pierre

Answer with the correct option from 0 to 3. Only provide the numeric and nothing else 

Answer:  ASSISTANT:",10000,1,grade4
624,"USER: 
 QUESTION: What is the capital of Wyoming?
OPTIONS:
0: Laramie
1: Cheyenne
2: Salem
3: Grand Rapids

Answer with the correct option from 0 to 3. Only provide the numeric and nothing else 

Answer:  ASSISTANT:",10000,1,grade3
625,"USER: 
 QUESTION: What is the capital of Vermont?
OPTIONS:
0: Montpelier
1: Harrisburg
2: Burlington
3: Boston

Answer with the correct option from 0 to 3. Only provide the numeric and nothing else 

Answer:  ASSISTANT:",10000,0,grade5
626,"USER: 
 QUESTION: Select the chemical formula for this molecule.
OPTIONS:
0: He2O2
1: HO3
2: H2O2
3: CH2O2

Answer with the correct option from 0 to 3. Only provide the numeric and nothing else 

Answer:  ASSISTANT: 0000000000000000000000000000000000000000000000000",0,2,grade5
627,"USER: 
 QUESTION: Which of the following could Ernest's test show?
OPTIONS:
0: whether a parachute with a 1 m vent would swing too much at 400 km per hour
1: how steady a parachute with a 1 m vent was at 200 km per hour
2: if the spacecraft was damaged when using a parachute with a 1 m vent going 200 km per hour

Answer with the correct option from 0 to 2. Only provide the numeric and nothing else 

Answer:  ASSISTANT:MSN",10000,1,grade7
628,"USER: 
 QUESTION: What is the capital of Indiana?
OPTIONS:
0: Fort Wayne
1: Indianapolis
2: Pierre
3: Austin

Answer with the correct option from 0 to 3. Only provide the numeric and nothing else 

Answer:  ASSISTANT:",10000,1,grade4
629,"USER: 
 QUESTION: The tops of the mountains are at () the valley below.
OPTIONS:
0: the same elevation as
1: a lower elevation than
2: a higher elevation than

Answer with the correct option from 0 to 2. Only provide the numeric and nothing else 

Answer:  ASSISTANT:",10000,2,grade5
630,"USER: 
 QUESTION: What can Sarah and Dave trade to each get what they want?
OPTIONS:
0: Sarah can trade her tomatoes for Dave's broccoli.
1: Dave can trade his almonds for Sarah's tomatoes.
2: Sarah can trade her tomatoes for Dave's sandwich.
3: Dave can trade his broccoli for Sarah's oranges.

Answer with the correct option from 0 to 3. Only provide the numeric and nothing else 

Answer:  ASSISTANT:",10000,0,grade6
631,"USER: 
 QUESTION: Which better describes the Masoala National Park ecosystem?
OPTIONS:
0: It has year-round rain. It also has many different types of organisms.
1: It has cold winters. It also has many different types of organisms.

Answer with the correct option from 0 to 1. Only provide the numeric and nothing else 

Answer:  ASSISTANT:",10000,0,grade4
632,"USER: 
 QUESTION: Which continent is highlighted?
OPTIONS:
0: Australia
1: Asia
2: Antarctica

Answer with the correct option from 0 to 2. Only provide the numeric and nothing else 

Answer:  ASSISTANT:",10000,0,grade2
633,"USER: 
 QUESTION: What is the capital of Wyoming?
OPTIONS:
0: Salt Lake City
1: Saint Louis
2: Olympia
3: Cheyenne

Answer with the correct option from 0 to 3. Only provide the numeric and nothing else 

Answer:  ASSISTANT:",10000,3,grade5
634,"USER: 
 QUESTION: What is the capital of Maryland?
OPTIONS:
0: Baltimore
1: Trenton
2: Annapolis
3: Olympia

Answer with the correct option from 0 to 3. Only provide the numeric and nothing else 

Answer:  ASSISTANT:",10000,2,grade5
635,"USER: 
 QUESTION: What is the capital of Oregon?
OPTIONS:
0: Portland
1: Salem
2: Louisville
3: Santa Fe

Answer with the correct option from 0 to 3. Only provide the numeric and nothing else 

Answer:  ASSISTANT:",10000,1,grade3
636,"USER: 
 QUESTION: What is the name of the colony shown?
OPTIONS:
0: Connecticut
1: Vermont
2: New York
3: Pennsylvania

Answer with the correct option from 0 to 3. Only provide the numeric and nothing else 

Answer:  ASSISTANT:",10000,2,grade8
637,"USER: 
 QUESTION: What can Tara and Jeremiah trade to each get what they want?
OPTIONS:
0: Jeremiah can trade his almonds for Tara's tomatoes.
1: Jeremiah can trade his broccoli for Tara's oranges.
2: Tara can trade her tomatoes for Jeremiah's carrots.
3: Tara can trade her tomatoes for Jeremiah's broccoli.

Answer with the correct option from 0 to 3. Only provide the numeric and nothing else 

Answer:  ASSISTANT:",10000,3,grade7
638,"USER: 
 QUESTION: What is the capital of Florida?
OPTIONS:
0: Tallahassee
1: Charleston
2: Helena
3: Nashville

Answer with the correct option from 0 to 3. Only provide the numeric and nothing else 

Answer:  ASSISTANT:",10000,0,grade5
639,"USER: 
 QUESTION: Compare the average kinetic energies of the particles in each sample. Which sample has the higher temperature?
OPTIONS:
0: sample B
1: neither; the samples have the same temperature
2: sample A

Answer with the correct option from 0 to 2. Only provide the numeric and nothing else 

Answer:  ASSISTANT:",10000,2,grade7
640,"USER: 
 QUESTION: Complete the statement.
Ethane is ().
OPTIONS:
0: an elementary substance
1: a compound

Answer with the correct option from 0 to 1. Only provide the numeric and nothing else 

Answer:  ASSISTANT: 0000000000000000000000000000000000000000000000000",0,1,grade7
641,"USER: 
 QUESTION: Why did young Mae look at the stars?
OPTIONS:
0: She wanted to watch the weather.
1: She wanted to travel to outer space.

Answer with the correct option from 0 to 1. Only provide the numeric and nothing else 

Answer:  ASSISTANT:",10000,1,grade2
642,"USER: 
 QUESTION: Identify the question that Pamela's experiment can best answer.
OPTIONS:
0: Does fabric turn darker when soaked in a mixture of black dye and water for 15 minutes compared to 30 minutes?
1: Does linen fabric turn darker than cotton fabric when soaked in a mixture of black dye and water?

Answer with the correct option from 0 to 1. Only provide the numeric and nothing else 

Answer:  ASSISTANT: 0",0,1,grade6
643,"USER: 
 QUESTION: Is the air moving through a trombone a solid, a liquid, or a gas?
OPTIONS:
0: a gas
1: a solid
2: a liquid

Answer with the correct option from 0 to 2. Only provide the numeric and nothing else 

Answer:  ASSISTANT:",10000,0,grade4
644,"USER: 
 QUESTION: Which animal's mouth is also adapted to tear through meat?
OPTIONS:
0: aardvark
1: Eurasian lynx

Answer with the correct option from 0 to 1. Only provide the numeric and nothing else 

Answer:  ASSISTANT:",10000,1,grade4
645,"USER: 
 QUESTION: Does this passage describe the weather or the climate?
OPTIONS:
0: weather
1: climate

Answer with the correct option from 0 to 1. Only provide the numeric and nothing else 

Answer:  ASSISTANT:",10000,0,grade4
646,"USER: 
 QUESTION: Does this passage describe the weather or the climate?
OPTIONS:
0: climate
1: weather

Answer with the correct option from 0 to 1. Only provide the numeric and nothing else 

Answer:  ASSISTANT:",10000,0,grade4
647,"USER: 
 QUESTION: Which country is highlighted?
OPTIONS:
0: Solomon Islands
1: New Zealand
2: Papua New Guinea
3: Australia

Answer with the correct option from 0 to 3. Only provide the numeric and nothing else 

Answer:  ASSISTANT:",10000,3,grade7
648,"USER: 
 QUESTION: What is the capital of Nebraska?
OPTIONS:
0: Newport
1: Omaha
2: Lincoln
3: Lansing

Answer with the correct option from 0 to 3. Only provide the numeric and nothing else 

Answer:  ASSISTANT:",10000,2,grade3
649,"USER: 
 QUESTION: Which property do these two objects have in common?
OPTIONS:
0: shiny
1: scratchy

Answer with the correct option from 0 to 1. Only provide the numeric and nothing else 

Answer:  ASSISTANT:",10000,0,grade2
650,"USER: 
 QUESTION: What is the capital of South Carolina?
OPTIONS:
0: Columbia
1: Atlanta
2: Charleston
3: Frankfort

Answer with the correct option from 0 to 3. Only provide the numeric and nothing else 

Answer:  ASSISTANT:",10000,0,grade4
651,"USER: 
 QUESTION: Which material is this magnifying glass made of?
OPTIONS:
0: glass
1: clay

Answer with the correct option from 0 to 1. Only provide the numeric and nothing else 

Answer:  ASSISTANT:",10000,0,grade3
652,"USER: 
 QUESTION: Which fish's mouth is also adapted for tearing through meat?
OPTIONS:
0: starry moray
1: copperband butterflyfish

Answer with the correct option from 0 to 1. Only provide the numeric and nothing else 

Answer:  ASSISTANT:",10000,0,grade5
653,"USER: 
 QUESTION: What is the name of the colony shown?
OPTIONS:
0: Massachusetts
1: Maryland
2: New York
3: Rhode Island

Answer with the correct option from 0 to 3. Only provide the numeric and nothing else 

Answer:  ASSISTANT:",10000,3,grade4
654,"USER: 
 QUESTION: Which better describes the Buffalo Gap National Grassland ecosystem?
OPTIONS:
0: It has hot summers. It also has soil that is rich in nutrients.
1: It has cool winters. It also has cool summers.

Answer with the correct option from 0 to 1. Only provide the numeric and nothing else 

Answer:  ASSISTANT:",10000,0,grade4
655,"USER: 
 QUESTION: What is the capital of New York?
OPTIONS:
0: New York City
1: Albany
2: Buffalo
3: Montpelier

Answer with the correct option from 0 to 3. Only provide the numeric and nothing else 

Answer:  ASSISTANT:",10000,1,grade5
656,"USER: 
 QUESTION: Which country is highlighted?
OPTIONS:
0: Palau
1: Tonga
2: Samoa
3: Papua New Guinea

Answer with the correct option from 0 to 3. Only provide the numeric and nothing else 

Answer:  ASSISTANT:",10000,2,grade8
657,"USER: 
 QUESTION: What is the capital of Iowa?
OPTIONS:
0: Cedar Rapids
1: Des Moines
2: Indianapolis
3: Cheyenne

Answer with the correct option from 0 to 3. Only provide the numeric and nothing else 

Answer:  ASSISTANT: 0000000000000000000000000000000000000000000000000",0,1,grade4
658,"USER: 
 QUESTION: Think about the magnetic force between the magnets in each pair. Which of the following statements is true?
OPTIONS:
0: The magnitude of the magnetic force is smaller in Pair 1.
1: The magnitude of the magnetic force is smaller in Pair 2.
2: The magnitude of the magnetic force is the same in both pairs.

Answer with the correct option from 0 to 2. Only provide the numeric and nothing else 

Answer:  ASSISTANT: 0.",0,1,grade6
659,"USER: 
 QUESTION: What is the capital of Oklahoma?
OPTIONS:
0: Tallahassee
1: Little Rock
2: Oklahoma City
3: Missoula

Answer with the correct option from 0 to 3. Only provide the numeric and nothing else 

Answer:  ASSISTANT:",10000,2,grade5
660,"USER: 
 QUESTION: What is the capital of Arkansas?
OPTIONS:
0: Carson City
1: Fayetteville
2: Jefferson City
3: Little Rock

Answer with the correct option from 0 to 3. Only provide the numeric and nothing else 

Answer:  ASSISTANT:",10000,3,grade3
661,"USER: 
 QUESTION: Think about the magnetic force between the magnets in each pair. Which of the following statements is true?
OPTIONS:
0: The magnetic force is weaker in Pair 2.
1: The strength of the magnetic force is the same in both pairs.
2: The magnetic force is weaker in Pair 1.

Answer with the correct option from 0 to 2. Only provide the numeric and nothing else 

Answer:  ASSISTANT: 0. 20. 20. 20. 20. 20. 20. 20. 20. 20. 20. 20.20.",0,2,grade4
662,"USER: 
 QUESTION: Which of the following organisms is the secondary consumer in this food web?
OPTIONS:
0: orca
1: sea urchin
2: kelp bass
3: kelp

Answer with the correct option from 0 to 3. Only provide the numeric and nothing else 

Answer:  ASSISTANT:",10000,2,grade8
663,"USER: 
 QUESTION: What is the capital of Colorado?
OPTIONS:
0: Santa Fe
1: Denver
2: Boise
3: Colorado Springs

Answer with the correct option from 0 to 3. Only provide the numeric and nothing else 

Answer:  ASSISTANT:",10000,1,grade4
664,"USER: 
 QUESTION: Which property do these three objects have in common?
OPTIONS:
0: rough
1: shiny
2: transparent

Answer with the correct option from 0 to 2. Only provide the numeric and nothing else 

Answer:  ASSISTANT:",10000,1,grade3
665,"USER: 
 QUESTION: What is the capital of Wyoming?
OPTIONS:
0: Santa Fe
1: Laramie
2: Salt Lake City
3: Cheyenne

Answer with the correct option from 0 to 3. Only provide the numeric and nothing else 

Answer:  ASSISTANT:",10000,3,grade5
666,"USER: 
 QUESTION: Compare the average kinetic energies of the particles in each sample. Which sample has the higher temperature?
OPTIONS:
0: sample B
1: neither; the samples have the same temperature
2: sample A

Answer with the correct option from 0 to 2. Only provide the numeric and nothing else 

Answer:  ASSISTANT:",10000,2,grade7
667,"USER: 
 QUESTION: After the Akkadian Empire ended, many cities and empires tried to control Mesopotamia. Around the 1790s BCE, which empire started controlling Mesopotamia?
OPTIONS:
0: the Elamite Empire
1: the Akkadian Empire
2: the Babylonian Empire
3: the Neo-Sumerian Empire

Answer with the correct option from 0 to 3. Only provide the numeric and nothing else 

Answer:  ASSISTANT: 20.S.S.S.S.S.S.S.S.S.S.S.S.S.S.S.S.S.S.S.S.S.S.S.",2,2,grade6
668,"USER: 
 QUESTION: Select the organism in the same genus as the American alligator.
OPTIONS:
0: Lithobates catesbeianus
1: Ictinia mississippiensis
2: Alligator sinensis

Answer with the correct option from 0 to 2. Only provide the numeric and nothing else 

Answer:  ASSISTANT: 000.",0,2,grade5
669,"USER: 
 QUESTION: Will these magnets attract or repel each other?
OPTIONS:
0: repel
1: attract

Answer with the correct option from 0 to 1. Only provide the numeric and nothing else 

Answer:  ASSISTANT:",10000,1,grade5
670,"USER: 
 QUESTION: Select the fish below.
OPTIONS:
0: emerald tree boa
1: bison
2: wombat
3: piranha

Answer with the correct option from 0 to 3. Only provide the numeric and nothing else 

Answer:  ASSISTANT:00000000000000000000000000000000000000000000000000",0,3,grade4
671,"USER: 
 QUESTION: Will these magnets attract or repel each other?
OPTIONS:
0: attract
1: repel

Answer with the correct option from 0 to 1. Only provide the numeric and nothing else 

Answer:  ASSISTANT:",10000,0,grade3
672,"USER: 
 QUESTION: Which country is highlighted?
OPTIONS:
0: Dominica
1: Haiti
2: Cuba
3: The Bahamas

Answer with the correct option from 0 to 3. Only provide the numeric and nothing else 

Answer:  ASSISTANT:",10000,1,grade6
673,"USER: 
 QUESTION: What is the capital of Utah?
OPTIONS:
0: Columbia
1: Phoenix
2: Salt Lake City
3: Provo

Answer with the correct option from 0 to 3. Only provide the numeric and nothing else 

Answer:  ASSISTANT:",10000,2,grade4
674,"USER: 
 QUESTION: Complete the sentence.
The mutation in the () affected the structure and function of the ().
OPTIONS:
0: chloride channel protein . . . CLCN1 gene
1: CLCN1 gene . . . chloride channel protein

Answer with the correct option from 0 to 1. Only provide the numeric and nothing else 

Answer:  ASSISTANT: 00.",0,1,grade6
675,"USER: 
 QUESTION: Think about the magnetic force between the magnets in each pair. Which of the following statements is true?
OPTIONS:
0: The magnetic force is stronger in Pair 2.
1: The strength of the magnetic force is the same in both pairs.
2: The magnetic force is stronger in Pair 1.

Answer with the correct option from 0 to 2. Only provide the numeric and nothing else 

Answer:  ASSISTANT: 0.",0,2,grade3
676,"USER: 
 QUESTION: Look at the models of molecules below. Select the elementary substance.
OPTIONS:
0: oxygen
1: fluoromethane
2: carbon tetrachloride

Answer with the correct option from 0 to 2. Only provide the numeric and nothing else 

Answer:  ASSISTANT:",10000,0,grade6
677,"USER: 
 QUESTION: Which continent is highlighted?
OPTIONS:
0: Antarctica
1: Australia
2: North America
3: Asia

Answer with the correct option from 0 to 3. Only provide the numeric and nothing else 

Answer:  ASSISTANT:",10000,1,grade5
678,"USER: 
 QUESTION: Select the reptile below.
OPTIONS:
0: green tree frog
1: box turtle

Answer with the correct option from 0 to 1. Only provide the numeric and nothing else 

Answer:  ASSISTANT:",10000,1,grade3
679,"USER: 
 QUESTION: Which ocean is highlighted?
OPTIONS:
0: the Atlantic Ocean
1: the Indian Ocean
2: the Pacific Ocean
3: the Southern Ocean

Answer with the correct option from 0 to 3. Only provide the numeric and nothing else 

Answer:  ASSISTANT:",10000,2,grade6
680,"USER: 
 QUESTION: During this time, thermal energy was transferred from () to ().
OPTIONS:
0: the surroundings . . . each cake
1: each cake . . . the surroundings

Answer with the correct option from 0 to 1. Only provide the numeric and nothing else 

Answer:  ASSISTANT:",10000,1,grade7
681,"USER: 
 QUESTION: Which of these cities is marked on the map?
OPTIONS:
0: Las Vegas
1: San Francisco
2: Phoenix
3: Salt Lake City

Answer with the correct option from 0 to 3. Only provide the numeric and nothing else 

Answer:  ASSISTANT:",10000,0,grade5
682,"USER: 
 QUESTION: Is the following statement about our solar system true or false?
Earth's volume is more than ten times as great as Mars's volume.
OPTIONS:
0: false
1: true

Answer with the correct option from 0 to 1. Only provide the numeric and nothing else 

Answer:  ASSISTANT: 0000000000000000000000000000000000000000000000000",0,0,grade8
683,"USER: 
 QUESTION: Which is the main persuasive appeal used in this ad?
OPTIONS:
0: logos (reason)
1: pathos (emotion)
2: ethos (character)

Answer with the correct option from 0 to 2. Only provide the numeric and nothing else 

Answer:  ASSISTANT:",10000,1,grade7
684,"USER: 
 QUESTION: Compare the average kinetic energies of the particles in each sample. Which sample has the higher temperature?
OPTIONS:
0: sample A
1: sample B
2: neither; the samples have the same temperature

Answer with the correct option from 0 to 2. Only provide the numeric and nothing else 

Answer:  ASSISTANT:",10000,1,grade6
685,"USER: 
 QUESTION: Which of the following organisms is the producer in this food web?
OPTIONS:
0: silver maple
1: beaver
2: gray fox
3: pine vole

Answer with the correct option from 0 to 3. Only provide the numeric and nothing else 

Answer:  ASSISTANT:",10000,0,grade7
686,"USER: 
 QUESTION: Which type of force from the student's finger presses the key on the keyboard?
OPTIONS:
0: push
1: pull

Answer with the correct option from 0 to 1. Only provide the numeric and nothing else 

Answer:  ASSISTANT:",10000,0,grade3
687,"USER: 
 QUESTION: What is the capital of Ohio?
OPTIONS:
0: Lincoln
1: Columbus
2: Chicago
3: Jefferson City

Answer with the correct option from 0 to 3. Only provide the numeric and nothing else 

Answer:  ASSISTANT:",10000,1,grade4
688,"USER: 
 QUESTION: What can Terrell and Allie trade to each get what they want?
OPTIONS:
0: Terrell can trade his tomatoes for Allie's carrots.
1: Allie can trade her broccoli for Terrell's oranges.
2: Allie can trade her almonds for Terrell's tomatoes.
3: Terrell can trade his tomatoes for Allie's broccoli.

Answer with the correct option from 0 to 3. Only provide the numeric and nothing else 

Answer:  ASSISTANT:",10000,3,grade8
689,"USER: 
 QUESTION: Which animal's feet are also adapted for swimming?
OPTIONS:
0: European beaver
1: sable

Answer with the correct option from 0 to 1. Only provide the numeric and nothing else 

Answer:  ASSISTANT:",10000,0,grade4
690,"USER: 
 QUESTION: What is the capital of Massachusetts?
OPTIONS:
0: Boston
1: Chicago
2: Cambridge
3: Concord

Answer with the correct option from 0 to 3. Only provide the numeric and nothing else 

Answer:  ASSISTANT:",10000,0,grade3
691,"USER: 
 QUESTION: What is the capital of South Dakota?
OPTIONS:
0: Saint Paul
1: Madison
2: Pierre
3: Rapid City

Answer with the correct option from 0 to 3. Only provide the numeric and nothing else 

Answer:  ASSISTANT:",10000,2,grade4
692,"USER: 
 QUESTION: Identify the question that Natalie's experiment can best answer.
OPTIONS:
0: Does fabric turn darker when soaked in a mixture of black dye and water for 15 minutes compared to 30 minutes?
1: Does linen fabric turn darker than cotton fabric when soaked in a mixture of black dye and water?

Answer with the correct option from 0 to 1. Only provide the numeric and nothing else 

Answer:  ASSISTANT:",10000,1,grade7
693,"USER: 
 QUESTION: Which animal's neck is also adapted for hunting prey while keeping the rest of its body still?
OPTIONS:
0: mallard
1: painted stork

Answer with the correct option from 0 to 1. Only provide the numeric and nothing else 

Answer:  ASSISTANT:",10000,1,grade4
694,"USER: 
 QUESTION: Does this passage describe the weather or the climate?
OPTIONS:
0: climate
1: weather

Answer with the correct option from 0 to 1. Only provide the numeric and nothing else 

Answer:  ASSISTANT:",10000,1,grade5
695,"USER: 
 QUESTION: Think about the magnetic force between the magnets in each pair. Which of the following statements is true?
OPTIONS:
0: The magnitude of the magnetic force is the same in both pairs.
1: The magnitude of the magnetic force is smaller in Pair 2.
2: The magnitude of the magnetic force is smaller in Pair 1.

Answer with the correct option from 0 to 2. Only provide the numeric and nothing else 

Answer:  ASSISTANT: 0.",0,2,grade8
696,"USER: 
 QUESTION: Select the organism in the same species as the American alligator.
OPTIONS:
0: Alligator sinensis
1: Alligator mississippiensis
2: Aequorea victoria

Answer with the correct option from 0 to 2. Only provide the numeric and nothing else 

Answer:  ASSISTANT:",10000,1,grade7
697,"USER: 
 QUESTION: Which property matches this object?
OPTIONS:
0: bouncy
1: opaque

Answer with the correct option from 0 to 1. Only provide the numeric and nothing else 

Answer:  ASSISTANT:",10000,1,grade3
698,"USER: 
 QUESTION: What is the capital of Montana?
OPTIONS:
0: Helena
1: Birmingham
2: Tucson
3: Salem

Answer with the correct option from 0 to 3. Only provide the numeric and nothing else 

Answer:  ASSISTANT:",10000,0,grade5
699,"USER: 
 QUESTION: Which property do these four objects have in common?
OPTIONS:
0: sticky
1: translucent
2: sweet

Answer with the correct option from 0 to 2. Only provide the numeric and nothing else 

Answer:  ASSISTANT:",10000,1,grade5
700,"USER: 
 QUESTION: What is the capital of Georgia?
OPTIONS:
0: Savannah
1: Athens
2: Atlanta
3: Boston

Answer with the correct option from 0 to 3. Only provide the numeric and nothing else 

Answer:  ASSISTANT:",10000,2,grade3
701,"USER: 
 QUESTION: Which material is these swim goggles made of?
OPTIONS:
0: wool
1: plastic

Answer with the correct option from 0 to 1. Only provide the numeric and nothing else 

Answer:  ASSISTANT:",10000,1,grade2
702,"USER: 
 QUESTION: Complete the statement.
Ethanol is ().
OPTIONS:
0: an elementary substance
1: a compound

Answer with the correct option from 0 to 1. Only provide the numeric and nothing else 

Answer:  ASSISTANT: 0000000000000000000000000000000000000000000000000",0,1,grade7
703,"USER: 
 QUESTION: Which of these cities is marked on the map?
OPTIONS:
0: San Antonio
1: Boston
2: Washington, D.C.
3: Atlanta

Answer with the correct option from 0 to 3. Only provide the numeric and nothing else 

Answer:  ASSISTANT: 0000000000000000000000000000000000000000000000000",0,2,grade5
704,"USER: 
 QUESTION: Select the organism in the same genus as the North American beaver.
OPTIONS:
0: Castor canadensis
1: Ovis canadensis
2: Strix varia

Answer with the correct option from 0 to 2. Only provide the numeric and nothing else 

Answer:  ASSISTANT:",10000,0,grade5
705,"USER: 
 QUESTION: Compare the average kinetic energies of the particles in each sample. Which sample has the higher temperature?
OPTIONS:
0: neither; the samples have the same temperature
1: sample B
2: sample A

Answer with the correct option from 0 to 2. Only provide the numeric and nothing else 

Answer:  ASSISTANT:",10000,2,grade6
706,"USER: 
 QUESTION: During this time, thermal energy was transferred from () to ().
OPTIONS:
0: each refrigerator . . . the surroundings
1: the surroundings . . . each refrigerator

Answer with the correct option from 0 to 1. Only provide the numeric and nothing else 

Answer:  ASSISTANT:",10000,1,grade7
707,"USER: 
 QUESTION: Select the fish below.
OPTIONS:
0: tiger shark
1: leaf-tailed gecko
2: Hermann's tortoise
3: dwarf crocodile

Answer with the correct option from 0 to 3. Only provide the numeric and nothing else 

Answer:  ASSISTANT:00000000000000000000000000000000000000000000000000",0,0,grade4
708,"USER: 
 QUESTION: Select the chemical formula for this molecule.
OPTIONS:
0: BF3
1: BFe3
2: HB3F
3: B2F3

Answer with the correct option from 0 to 3. Only provide the numeric and nothing else 

Answer:  ASSISTANT: 0000000000000000000000000000000000000000000000000",0,0,grade5
709,"USER: 
 QUESTION: Which of the following best describes a population in a forest in the Cascade mountains?
OPTIONS:
0: the western red cedar trees
1: the great horned owls and the northern pygmy owls
2: the Douglas fir trees and the long-eared owls

Answer with the correct option from 0 to 2. Only provide the numeric and nothing else 

Answer:  ASSISTANT: 0000000000000000000000000000000000000000000000000",0,0,grade7
710,"USER: 
 QUESTION: Which country is highlighted?
OPTIONS:
0: Vanuatu
1: the Marshall Islands
2: the Federated States of Micronesia
3: Solomon Islands

Answer with the correct option from 0 to 3. Only provide the numeric and nothing else 

Answer:  ASSISTANT:",10000,1,grade7
711,"USER: 
 QUESTION: Which of these states is farthest north?
OPTIONS:
0: Alabama
1: Oklahoma
2: Arizona
3: West Virginia

Answer with the correct option from 0 to 3. Only provide the numeric and nothing else 

Answer:  ASSISTANT:",10000,3,grade4
712,"USER: 
 QUESTION: Based on the text, what was one of the things that made Alex different from most parrots?
OPTIONS:
0: He loved playing with blocks.
1: He was an African grey parrot.
2: He was able to do math.

Answer with the correct option from 0 to 2. Only provide the numeric and nothing else 

Answer:  ASSISTANT: 20.0.",2,2,grade3
713,"USER: 
 QUESTION: What can Emmet and Kathleen trade to each get what they want?
OPTIONS:
0: Emmet can trade his tomatoes for Kathleen's broccoli.
1: Emmet can trade his tomatoes for Kathleen's sandwich.
2: Kathleen can trade her almonds for Emmet's tomatoes.
3: Kathleen can trade her broccoli for Emmet's oranges.

Answer with the correct option from 0 to 3. Only provide the numeric and nothing else 

Answer:  ASSISTANT:",10000,0,grade6
714,"USER: 
 QUESTION: Look at the picture. Which word best describes the sound this lion makes?
OPTIONS:
0: roaring
1: splashing
2: banging

Answer with the correct option from 0 to 2. Only provide the numeric and nothing else 

Answer:  ASSISTANT: 0000000000000000000000000000000000000000000000000",0,0,grade2
715,"USER: 
 QUESTION: Complete the text to describe the diagram.
Solute particles moved in both directions across the permeable membrane. But more solute particles moved across the membrane (). When there was an equal concentration on both sides, the particles reached equilibrium.
OPTIONS:
0: to the right than to the left
1: to the left than to the right

Answer with the correct option from 0 to 1. Only provide the numeric and nothing else 

Answer:  ASSISTANT: 0. 20. 20. 20. 20. 20. 20. 2. 2. 2. 2. 2. 2. 2. 2",0,0,grade8
716,"USER: 
 QUESTION: Which continent is highlighted?
OPTIONS:
0: Antarctica
1: Europe
2: Asia
3: Africa

Answer with the correct option from 0 to 3. Only provide the numeric and nothing else 

Answer:  ASSISTANT:",10000,1,grade3
717,"USER: 
 QUESTION: Identify the question that Farid's experiment can best answer.
OPTIONS:
0: Can pennies hold more drops of pure water or water mixed with hand soap?
1: Can pennies hold more drops of water mixed with dish soap or water mixed with hand soap?

Answer with the correct option from 0 to 1. Only provide the numeric and nothing else 

Answer:  ASSISTANT:",10000,0,grade7
718,"USER: 
 QUESTION: What is the name of the colony shown?
OPTIONS:
0: New Hampshire
1: Delaware
2: Kentucky
3: Wisconsin

Answer with the correct option from 0 to 3. Only provide the numeric and nothing else 

Answer:  ASSISTANT:",10000,1,grade4
719,"USER: 
 QUESTION: Will these magnets attract or repel each other?
OPTIONS:
0: repel
1: attract

Answer with the correct option from 0 to 1. Only provide the numeric and nothing else 

Answer:  ASSISTANT:",10000,1,grade5
720,"USER: 
 QUESTION: Which statement describes the Steigerwald Forest ecosystem?
OPTIONS:
0: It has soil that is rich in nutrients.
1: It has a small amount of rain or snow.
2: It has soil that is poor in nutrients.

Answer with the correct option from 0 to 2. Only provide the numeric and nothing else 

Answer:  ASSISTANT:",10000,0,grade8
721,"USER: 
 QUESTION: How much time passed between the founding of Jamestown, Virginia, and the start of the Revolutionary War?
OPTIONS:
0: 100 to 150 years
1: less than 50 years
2: 50 to 100 years
3: more than 150 years

Answer with the correct option from 0 to 3. Only provide the numeric and nothing else 

Answer:  ASSISTANT: 20. 200. 20. 20. 20. 20. 20. 20. 20.20.20.20.20.2",2,3,grade4
722,"USER: 
 QUESTION: Think about the magnetic force between the magnets in each pair. Which of the following statements is true?
OPTIONS:
0: The magnetic force is stronger in Pair 1.
1: The strength of the magnetic force is the same in both pairs.
2: The magnetic force is stronger in Pair 2.

Answer with the correct option from 0 to 2. Only provide the numeric and nothing else 

Answer:  ASSISTANT: 0.",0,2,grade3
723,"USER: 
 QUESTION: Which animal's feet are also adapted for swimming?
OPTIONS:
0: New Zealand falcon
1: California gull

Answer with the correct option from 0 to 1. Only provide the numeric and nothing else 

Answer:  ASSISTANT:",10000,1,grade4
724,"USER: 
 QUESTION: Which of these states is farthest west?
OPTIONS:
0: New Mexico
1: Kansas
2: Maryland
3: Alabama

Answer with the correct option from 0 to 3. Only provide the numeric and nothing else 

Answer:  ASSISTANT:",10000,0,grade4
725,"USER: 
 QUESTION: Select the bird below.
OPTIONS:
0: flamingo
1: cane toad

Answer with the correct option from 0 to 1. Only provide the numeric and nothing else 

Answer:  ASSISTANT:",10000,0,grade2
726,"USER: 
 QUESTION: Compare the average kinetic energies of the particles in each sample. Which sample has the higher temperature?
OPTIONS:
0: neither; the samples have the same temperature
1: sample A
2: sample B

Answer with the correct option from 0 to 2. Only provide the numeric and nothing else 

Answer:  ASSISTANT:",10000,1,grade8
727,"USER: 
 QUESTION: Which property do these two objects have in common?
OPTIONS:
0: smooth
1: rough

Answer with the correct option from 0 to 1. Only provide the numeric and nothing else 

Answer:  ASSISTANT:",10000,1,grade2
728,"USER: 
 QUESTION: Think about the magnetic force between the magnets in each pair. Which of the following statements is true?
OPTIONS:
0: The magnitude of the magnetic force is the same in both pairs.
1: The magnitude of the magnetic force is greater in Pair 2.
2: The magnitude of the magnetic force is greater in Pair 1.

Answer with the correct option from 0 to 2. Only provide the numeric and nothing else 

Answer:  ASSISTANT: 0.",0,1,grade5
729,"USER: 
 QUESTION: Select the organism in the same species as the brown pelican.
OPTIONS:
0: Ardea cocoi
1: Ictinia mississippiensis
2: Pelecanus occidentalis

Answer with the correct option from 0 to 2. Only provide the numeric and nothing else 

Answer:  ASSISTANT:",10000,2,grade8
730,"USER: 
 QUESTION: Which fish's mouth is also adapted for tearing through meat?
OPTIONS:
0: bull shark
1: magnificent rabbitfish

Answer with the correct option from 0 to 1. Only provide the numeric and nothing else 

Answer:  ASSISTANT:",10000,0,grade3
731,"USER: 
 QUESTION: Think about the magnetic force between the magnets in each pair. Which of the following statements is true?
OPTIONS:
0: The magnitude of the magnetic force is the same in both pairs.
1: The magnitude of the magnetic force is greater in Pair 1.
2: The magnitude of the magnetic force is greater in Pair 2.

Answer with the correct option from 0 to 2. Only provide the numeric and nothing else 

Answer:  ASSISTANT: 0.",0,1,grade6
732,"USER: 
 QUESTION: Which of the following could Mitchell's test show?
OPTIONS:
0: if the sample fabric would absorb one drop of water in less than one second
1: how much athletes would sweat in the fabric
2: how long it would take the sample fabric to dry after it absorbed one drop of water

Answer with the correct option from 0 to 2. Only provide the numeric and nothing else 

Answer:  ASSISTANT: 2000000000000000000000000000000000000000000000000",2000000000000000000000000000000000000000000000000,2,grade8
733,"USER: 
 QUESTION: Select the organism in the same genus as the Chinese alligator.
OPTIONS:
0: Miscanthus sinensis
1: Alligator sinensis
2: Strix varia

Answer with the correct option from 0 to 2. Only provide the numeric and nothing else 

Answer:  ASSISTANT:",10000,1,grade8
734,"USER: 
 QUESTION: Identify the question that Pablo's experiment can best answer.
OPTIONS:
0: Can pennies hold more drops of pure water or water mixed with hand soap?
1: Can pennies hold more drops of water mixed with dish soap or water mixed with hand soap?

Answer with the correct option from 0 to 1. Only provide the numeric and nothing else 

Answer:  ASSISTANT: 0000000000000000000000000000000000000000000000000",0,0,grade6
735,"USER: 
 QUESTION: What is the capital of Arizona?
OPTIONS:
0: Helena
1: Phoenix
2: Tucson
3: Honolulu

Answer with the correct option from 0 to 3. Only provide the numeric and nothing else 

Answer:  ASSISTANT:",10000,1,grade4
736,"USER: 
 QUESTION: What is the capital of New Hampshire?
OPTIONS:
0: Louisville
1: Pittsburgh
2: Manchester
3: Concord

Answer with the correct option from 0 to 3. Only provide the numeric and nothing else 

Answer:  ASSISTANT:",10000,3,grade4
737,"USER: 
 QUESTION: What is the capital of Oregon?
OPTIONS:
0: Billings
1: Salem
2: Portland
3: Salt Lake City

Answer with the correct option from 0 to 3. Only provide the numeric and nothing else 

Answer:  ASSISTANT:",10000,1,grade4
738,"USER: 
 QUESTION: Which country is highlighted?
OPTIONS:
0: Cuba
1: Haiti
2: Trinidad and Tobago
3: Grenada

Answer with the correct option from 0 to 3. Only provide the numeric and nothing else 

Answer:  ASSISTANT:",10000,1,grade7
739,"USER: 
 QUESTION: Select the amphibian below.
OPTIONS:
0: robin
1: barking tree frog

Answer with the correct option from 0 to 1. Only provide the numeric and nothing else 

Answer:  ASSISTANT:",10000,1,grade2
740,"USER: 
 QUESTION: What is the name of the colony shown?
OPTIONS:
0: Pennsylvania
1: Connecticut
2: Massachusetts
3: Wisconsin

Answer with the correct option from 0 to 3. Only provide the numeric and nothing else 

Answer:  ASSISTANT:",10000,2,grade5
741,"USER: 
 QUESTION: What type of rock is sandstone?
OPTIONS:
0: igneous
1: metamorphic
2: sedimentary

Answer with the correct option from 0 to 2. Only provide the numeric and nothing else 

Answer:  ASSISTANT:",10000,2,grade6
742,"USER: 
 QUESTION: Is pyrite a mineral?
OPTIONS:
0: no
1: yes

Answer with the correct option from 0 to 1. Only provide the numeric and nothing else 

Answer:  ASSISTANT:",10000,1,grade6
743,"USER: 
 QUESTION: Which property do these four objects have in common?
OPTIONS:
0: opaque
1: salty
2: slippery

Answer with the correct option from 0 to 2. Only provide the numeric and nothing else 

Answer:  ASSISTANT:",10000,0,grade5
744,"USER: 
 QUESTION: What is the capital of Wyoming?
OPTIONS:
0: Cheyenne
1: Indianapolis
2: Carson City
3: Santa Fe

Answer with the correct option from 0 to 3. Only provide the numeric and nothing else 

Answer:  ASSISTANT:",10000,0,grade5
745,"USER: 
 QUESTION: Which solution has a higher concentration of purple particles?
OPTIONS:
0: neither; their concentrations are the same
1: Solution B
2: Solution A

Answer with the correct option from 0 to 2. Only provide the numeric and nothing else 

Answer:  ASSISTANT:",10000,2,grade7
746,"USER: 
 QUESTION: What can Leo and Caden trade to each get what they want?
OPTIONS:
0: Caden can trade his broccoli for Leo's oranges.
1: Leo can trade his tomatoes for Caden's carrots.
2: Leo can trade his tomatoes for Caden's broccoli.
3: Caden can trade his almonds for Leo's tomatoes.

Answer with the correct option from 0 to 3. Only provide the numeric and nothing else 

Answer:  ASSISTANT:",10000,2,grade8
747,"USER: 
 QUESTION: Select the organism in the same genus as the European hedgehog.
OPTIONS:
0: Erinaceus europaeus
1: Equus zebra
2: Caprimulgus europaeus

Answer with the correct option from 0 to 2. Only provide the numeric and nothing else 

Answer:  ASSISTANT: 000.000000000000000000000000000000000000000000000",0,0,grade7
748,"USER: 
 QUESTION: Identify the question that Peter's experiment can best answer.
OPTIONS:
0: Do steel nails take fewer days to rust in water compared to vinegar?
1: Do steel nails rust in fewer days when submerged in a large volume of liquid compared to a small volume?

Answer with the correct option from 0 to 1. Only provide the numeric and nothing else 

Answer:  ASSISTANT:",10000,0,grade6
749,"USER: 
 QUESTION: Which is the main persuasive appeal used in this ad?
OPTIONS:
0: logos (reason)
1: ethos (character)
2: pathos (emotion)

Answer with the correct option from 0 to 2. Only provide the numeric and nothing else 

Answer:  ASSISTANT:",10000,0,grade7
750,"USER: 
 QUESTION: What is the capital of South Dakota?
OPTIONS:
0: Arlington
1: Madison
2: Springfield
3: Pierre

Answer with the correct option from 0 to 3. Only provide the numeric and nothing else 

Answer:  ASSISTANT:",10000,3,grade3
751,"USER: 
 QUESTION: Based on the Venn diagram, what do Natty Bumppo and Daniel Boone have in common?
OPTIONS:
0: Both fought in the French and Indian War.
1: Both were created by writer James Fenimore Cooper.

Answer with the correct option from 0 to 1. Only provide the numeric and nothing else 

Answer:  ASSISTANT:",10000,0,grade5
752,"USER: 
 QUESTION: Is the following statement about our solar system true or false?
50% of the planets are made mainly of gas.
OPTIONS:
0: true
1: false

Answer with the correct option from 0 to 1. Only provide the numeric and nothing else 

Answer:  ASSISTANT: 0000000000000000000000000000000000000000000000000",0,1,grade7
753,"USER: 
 QUESTION: Select the organism in the same species as the comet moth.
OPTIONS:
0: Sphodromantis viridis
1: Argema mittrei
2: Acanthaster planci

Answer with the correct option from 0 to 2. Only provide the numeric and nothing else 

Answer:  ASSISTANT:",10000,1,grade6
754,"USER: 
 QUESTION: Complete the text to describe the diagram.
Solute particles moved in both directions across the permeable membrane. But more solute particles moved across the membrane (). When there was an equal concentration on both sides, the particles reached equilibrium.
OPTIONS:
0: to the left than to the right
1: to the right than to the left

Answer with the correct option from 0 to 1. Only provide the numeric and nothing else 

Answer:  ASSISTANT: 0. 20. 20. 20. 20. 20. 20. 2. 2. 2. 2. 2. 2. 2. 2",0,0,grade6
755,"USER: 
 QUESTION: Based on the bubble map, which statement is true?
OPTIONS:
0: The Gulf of Mexico contains salt water.
1: Lake Michigan contains salt water.

Answer with the correct option from 0 to 1. Only provide the numeric and nothing else 

Answer:  ASSISTANT: 0000000000000000000000000000000000000000000000000",0,0,grade5
756,"USER: 
 QUESTION: Which of these states is farthest east?
OPTIONS:
0: California
1: Idaho
2: New Mexico
3: Nebraska

Answer with the correct option from 0 to 3. Only provide the numeric and nothing else 

Answer:  ASSISTANT:",10000,3,grade3
757,"USER: 
 QUESTION: Which statement describes the Steigerwald Forest ecosystem?
OPTIONS:
0: It has soil that is poor in nutrients.
1: It has soil that is rich in nutrients.

Answer with the correct option from 0 to 1. Only provide the numeric and nothing else 

Answer:  ASSISTANT:",10000,1,grade8
758,"USER: 
 QUESTION: What is the capital of Alabama?
OPTIONS:
0: Tallahassee
1: Frankfort
2: Montgomery
3: Birmingham

Answer with the correct option from 0 to 3. Only provide the numeric and nothing else 

Answer:  ASSISTANT:",10000,2,grade4
759,"USER: 
 QUESTION: Which of these states is farthest south?
OPTIONS:
0: Wisconsin
1: Pennsylvania
2: Indiana
3: Oklahoma

Answer with the correct option from 0 to 3. Only provide the numeric and nothing else 

Answer:  ASSISTANT:",10000,3,grade3
760,"USER: 
 QUESTION: Which better describes the De Biesbosch National Park ecosystem?
OPTIONS:
0: It has soil that is rich in nutrients. It also has other water ecosystems nearby.
1: It has soil that is poor in nutrients. It also has other water ecosystems nearby.

Answer with the correct option from 0 to 1. Only provide the numeric and nothing else 

Answer:  ASSISTANT:",10000,0,grade3
761,"USER: 
 QUESTION: Based on the time line, what does Romeo do after he fights with Tybalt?
OPTIONS:
0: He makes a plan with Juliet to run away.
1: He meets Juliet at the ball.

Answer with the correct option from 0 to 1. Only provide the numeric and nothing else 

Answer:  ASSISTANT: 0.",0,0,grade5
762,"USER: 
 QUESTION: What is the capital of Wyoming?
OPTIONS:
0: Seattle
1: Cheyenne
2: Tucson
3: Trenton

Answer with the correct option from 0 to 3. Only provide the numeric and nothing else 

Answer:  ASSISTANT:",10000,1,grade4
763,"USER: 
 QUESTION: Earth's organisms rely on the atmosphere for which of the following?
OPTIONS:
0: stable temperatures
1: sunlight

Answer with the correct option from 0 to 1. Only provide the numeric and nothing else 

Answer:  ASSISTANT:",10000,0,grade6
764,"USER: 
 QUESTION: Which solution has a higher concentration of blue particles?
OPTIONS:
0: neither; their concentrations are the same
1: Solution A
2: Solution B

Answer with the correct option from 0 to 2. Only provide the numeric and nothing else 

Answer:  ASSISTANT:",10000,2,grade8
765,"USER: 
 QUESTION: Is the following statement about our solar system true or false?
75% of the planets are made mainly of rock.
OPTIONS:
0: false
1: true

Answer with the correct option from 0 to 1. Only provide the numeric and nothing else 

Answer:  ASSISTANT: 0000000000000000000000000000000000000000000000000",0,0,grade7
766,"USER: 
 QUESTION: Which material is this bucket made of?
OPTIONS:
0: metal
1: porcelain

Answer with the correct option from 0 to 1. Only provide the numeric and nothing else 

Answer:  ASSISTANT:",10000,0,grade2
767,"USER: 
 QUESTION: Which term matches the picture?
OPTIONS:
0: Cenozoic era
1: Mesozoic era

Answer with the correct option from 0 to 1. Only provide the numeric and nothing else 

Answer:  ASSISTANT:",10000,1,grade6
768,"USER: 
 QUESTION: What can a fern spore grow into?
OPTIONS:
0: a mature fern
1: a heart-shaped plant

Answer with the correct option from 0 to 1. Only provide the numeric and nothing else 

Answer:  ASSISTANT:",10000,1,grade7
769,"USER: 
 QUESTION: Which country is highlighted?
OPTIONS:
0: Tuvalu
1: the Marshall Islands
2: Kiribati
3: Nauru

Answer with the correct option from 0 to 3. Only provide the numeric and nothing else 

Answer:  ASSISTANT:",10000,2,grade6
770,"USER: 
 QUESTION: Which better describes the tide pool ecosystems in Little Corona Beach?
OPTIONS:
0: It has daily flooding and draining of seawater. It also has water that is poor in nutrients.
1: It has daily flooding and draining of seawater. It also has water that is rich in nutrients.

Answer with the correct option from 0 to 1. Only provide the numeric and nothing else 

Answer:  ASSISTANT: 20",20,1,grade3
771,"USER: 
 QUESTION: Think about the magnetic force between the magnets in each pair. Which of the following statements is true?
OPTIONS:
0: The magnitude of the magnetic force is greater in Pair 2.
1: The magnitude of the magnetic force is greater in Pair 1.
2: The magnitude of the magnetic force is the same in both pairs.

Answer with the correct option from 0 to 2. Only provide the numeric and nothing else 

Answer:  ASSISTANT: 0.",0,0,grade8
772,"USER: 
 QUESTION: Is Myrmarachne maxillosa made up of one cell?
OPTIONS:
0: yes
1: no

Answer with the correct option from 0 to 1. Only provide the numeric and nothing else 

Answer:  ASSISTANT:",10000,1,grade4
773,"USER: 
 QUESTION: Which fish's mouth is also adapted for tearing through meat?
OPTIONS:
0: parrotfish
1: starry moray

Answer with the correct option from 0 to 1. Only provide the numeric and nothing else 

Answer:  ASSISTANT:",10000,1,grade5
774,"USER: 
 QUESTION: Compare the average kinetic energies of the particles in each sample. Which sample has the higher temperature?
OPTIONS:
0: sample A
1: sample B
2: neither; the samples have the same temperature

Answer with the correct option from 0 to 2. Only provide the numeric and nothing else 

Answer:  ASSISTANT:",10000,1,grade7
775,"USER: 
 QUESTION: Based on the arrows, which of the following living things is an omnivore?
OPTIONS:
0: kelp bass
1: zooplankton

Answer with the correct option from 0 to 1. Only provide the numeric and nothing else 

Answer:  ASSISTANT:",10000,0,grade3
776,"USER: 
 QUESTION: What is the name of the colony shown?
OPTIONS:
0: Iowa
1: Connecticut
2: Virginia
3: Maine

Answer with the correct option from 0 to 3. Only provide the numeric and nothing else 

Answer:  ASSISTANT:",10000,1,grade7
777,"USER: 
 QUESTION: Which statement is true about seeds?
OPTIONS:
0: A plant's flowers make seeds.
1: A plant's fruit makes seeds.

Answer with the correct option from 0 to 1. Only provide the numeric and nothing else 

Answer:  ASSISTANT:",10000,0,grade4
778,"USER: 
 QUESTION: In this food web, which organism contains matter that eventually moves to the mushroom?
OPTIONS:
0: brown lemming
1: bilberry

Answer with the correct option from 0 to 1. Only provide the numeric and nothing else 

Answer:  ASSISTANT:",10000,1,grade7
779,"USER: 
 QUESTION: Select the organism in the same genus as the spot-billed pelican.
OPTIONS:
0: Ardea herodias
1: Pelecanus philippensis
2: Bubo scandiacus

Answer with the correct option from 0 to 2. Only provide the numeric and nothing else 

Answer:  ASSISTANT:",10000,1,grade6
780,"USER: 
 QUESTION: What can Bryce and Victor trade to each get what they want?
OPTIONS:
0: Victor can trade his broccoli for Bryce's oranges.
1: Bryce can trade his tomatoes for Victor's broccoli.
2: Victor can trade his almonds for Bryce's tomatoes.
3: Bryce can trade his tomatoes for Victor's carrots.

Answer with the correct option from 0 to 3. Only provide the numeric and nothing else 

Answer:  ASSISTANT:",10000,1,grade7
781,"USER: 
 QUESTION: What location was involved in the triangular trade?
OPTIONS:
0: western Africa
1: China

Answer with the correct option from 0 to 1. Only provide the numeric and nothing else 

Answer:  ASSISTANT:",10000,0,grade7
782,"USER: 
 QUESTION: Does Asimina triloba have cells that have a nucleus?
OPTIONS:
0: yes
1: no

Answer with the correct option from 0 to 1. Only provide the numeric and nothing else 

Answer:  ASSISTANT:",10000,0,grade5
783,"USER: 
 QUESTION: Which of the following could Hector's test show?
OPTIONS:
0: whether the filter was clogged
1: the amount of bacteria in the water before it was filtered
2: whether an inexpensive filter would become clogged more often

Answer with the correct option from 0 to 2. Only provide the numeric and nothing else 

Answer:  ASSISTANT:",10000,0,grade7
784,"USER: 
 QUESTION: Which trait did Pentasteria have? Select the trait you can observe on the fossil.
OPTIONS:
0: red skin
1: a long tube-shaped body
2: five arms

Answer with the correct option from 0 to 2. Only provide the numeric and nothing else 

Answer:  ASSISTANT:",10000,2,grade3
785,"USER: 
 QUESTION: What can Sadie and Kira trade to each get what they want?
OPTIONS:
0: Kira can trade her almonds for Sadie's tomatoes.
1: Sadie can trade her tomatoes for Kira's broccoli.
2: Kira can trade her broccoli for Sadie's oranges.
3: Sadie can trade her tomatoes for Kira's sandwich.

Answer with the correct option from 0 to 3. Only provide the numeric and nothing else 

Answer:  ASSISTANT:",10000,1,grade6
786,"USER: 
 QUESTION: Select the amphibian below.
OPTIONS:
0: red salamander
1: koala

Answer with the correct option from 0 to 1. Only provide the numeric and nothing else 

Answer:  ASSISTANT:",10000,0,grade2
787,"USER: 
 QUESTION: Which property do these three objects have in common?
OPTIONS:
0: shiny
1: bumpy
2: bouncy

Answer with the correct option from 0 to 2. Only provide the numeric and nothing else 

Answer:  ASSISTANT:",10000,2,grade4
788,"USER: 
 QUESTION: What is the capital of Wyoming?
OPTIONS:
0: Cheyenne
1: Nashville
2: Dover
3: Laramie

Answer with the correct option from 0 to 3. Only provide the numeric and nothing else 

Answer:  ASSISTANT:",10000,0,grade4
789,"USER: 
 QUESTION: Which animal's feet are also adapted for walking on large, floating leaves?
OPTIONS:
0: New Zealand falcon
1: wattled jacana

Answer with the correct option from 0 to 1. Only provide the numeric and nothing else 

Answer:  ASSISTANT:",10000,1,grade5
790,"USER: 
 QUESTION: What is the capital of Wisconsin?
OPTIONS:
0: Milwaukee
1: Madison
2: Cheyenne
3: Green Bay

Answer with the correct option from 0 to 3. Only provide the numeric and nothing else 

Answer:  ASSISTANT:",10000,1,grade5
791,"USER: 
 QUESTION: Which animal's mouth is also adapted for bottom feeding?
OPTIONS:
0: bat ray
1: clown triggerfish

Answer with the correct option from 0 to 1. Only provide the numeric and nothing else 

Answer:  ASSISTANT:",10000,0,grade5
792,"USER: 
 QUESTION: What can Edwin and Brenda trade to each get what they want?
OPTIONS:
0: Brenda can trade her almonds for Edwin's tomatoes.
1: Edwin can trade his tomatoes for Brenda's carrots.
2: Edwin can trade his tomatoes for Brenda's broccoli.
3: Brenda can trade her broccoli for Edwin's oranges.

Answer with the correct option from 0 to 3. Only provide the numeric and nothing else 

Answer:  ASSISTANT:",10000,2,grade7
793,"USER: 
 QUESTION: Which of these states is farthest south?
OPTIONS:
0: Washington
1: Iowa
2: North Dakota
3: Nevada

Answer with the correct option from 0 to 3. Only provide the numeric and nothing else 

Answer:  ASSISTANT:",10000,3,grade4
794,"USER: 
 QUESTION: Which of the following could Camille and Lucy's test show?
OPTIONS:
0: if a new batch of concrete was firm enough to use
1: if the concrete from each batch took the same amount of time to dry

Answer with the correct option from 0 to 1. Only provide the numeric and nothing else 

Answer:  ASSISTANT:",10000,0,grade6
795,"USER: 
 QUESTION: Select the organism in the same genus as the European nightjar.
OPTIONS:
0: Caprimulgus europaeus
1: Haliaeetus leucocephalus
2: Ulex europaeus

Answer with the correct option from 0 to 2. Only provide the numeric and nothing else 

Answer:  ASSISTANT:",10000,0,grade8
796,"USER: 
 QUESTION: Which property do these three objects have in common?
OPTIONS:
0: sticky
1: blue
2: bouncy

Answer with the correct option from 0 to 2. Only provide the numeric and nothing else 

Answer:  ASSISTANT:",10000,1,grade3
797,"USER: 
 QUESTION: What can Justine and Caleb trade to each get what they want?
OPTIONS:
0: Caleb can trade his almonds for Justine's tomatoes.
1: Justine can trade her tomatoes for Caleb's broccoli.
2: Caleb can trade his broccoli for Justine's oranges.
3: Justine can trade her tomatoes for Caleb's carrots.

Answer with the correct option from 0 to 3. Only provide the numeric and nothing else 

Answer:  ASSISTANT:",10000,1,grade8
798,"USER: 
 QUESTION: What is the capital of West Virginia?
OPTIONS:
0: Huntington
1: Charleston
2: Concord
3: Memphis

Answer with the correct option from 0 to 3. Only provide the numeric and nothing else 

Answer:  ASSISTANT:",10000,1,grade3
799,"USER: 
 QUESTION: What is the capital of Colorado?
OPTIONS:
0: Providence
1: Baton Rouge
2: Denver
3: Colorado Springs

Answer with the correct option from 0 to 3. Only provide the numeric and nothing else 

Answer:  ASSISTANT:",10000,2,grade3
800,"USER: 
 QUESTION: What is the capital of Nevada?
OPTIONS:
0: Frankfort
1: Juneau
2: Carson City
3: Huntington

Answer with the correct option from 0 to 3. Only provide the numeric and nothing else 

Answer:  ASSISTANT:",10000,2,grade3
801,"USER: 
 QUESTION: Select the organism in the same species as the snowy owl.
OPTIONS:
0: Bubo scandiacus
1: Falco tinnunculus
2: Ardea alba

Answer with the correct option from 0 to 2. Only provide the numeric and nothing else 

Answer:  ASSISTANT: 200.000000000000000000000000000000000000000000000",2,0,grade8
802,"USER: 
 QUESTION: Which ocean is highlighted?
OPTIONS:
0: the Atlantic Ocean
1: the Indian Ocean
2: the Arctic Ocean
3: the Pacific Ocean

Answer with the correct option from 0 to 3. Only provide the numeric and nothing else 

Answer:  ASSISTANT:",10000,0,grade7
803,"USER: 
 QUESTION: Identify the question that Joe's experiment can best answer.
OPTIONS:
0: Do more bacteria grow in liquid with cinnamon than in liquid without cinnamon?
1: Does temperature affect how much bacteria can grow in liquid?

Answer with the correct option from 0 to 1. Only provide the numeric and nothing else 

Answer:  ASSISTANT:00000000000000000000000000000000000000000000000000",0,0,grade6
804,"USER: 
 QUESTION: Which ocean is highlighted?
OPTIONS:
0: the Atlantic Ocean
1: the Indian Ocean
2: the Southern Ocean
3: the Pacific Ocean

Answer with the correct option from 0 to 3. Only provide the numeric and nothing else 

Answer:  ASSISTANT:",10000,3,grade6
805,"USER: 
 QUESTION: Which term matches the picture?
OPTIONS:
0: operant conditioning
1: classical conditioning

Answer with the correct option from 0 to 1. Only provide the numeric and nothing else 

Answer:  ASSISTANT:",10000,0,grade8
806,"USER: 
 QUESTION: Compare the average kinetic energies of the particles in each sample. Which sample has the higher temperature?
OPTIONS:
0: sample A
1: neither; the samples have the same temperature
2: sample B

Answer with the correct option from 0 to 2. Only provide the numeric and nothing else 

Answer:  ASSISTANT:",10000,1,grade7
807,"USER: 
 QUESTION: Which is the main persuasive appeal used in this ad?
OPTIONS:
0: logos (reason)
1: ethos (character)
2: pathos (emotion)

Answer with the correct option from 0 to 2. Only provide the numeric and nothing else 

Answer:  ASSISTANT:",10000,2,grade7
808,"USER: 
 QUESTION: Which continent is highlighted?
OPTIONS:
0: Asia
1: South America
2: North America
3: Australia

Answer with the correct option from 0 to 3. Only provide the numeric and nothing else 

Answer:  ASSISTANT:",10000,0,grade4
809,"USER: 
 QUESTION: Think about the magnetic force between the magnets in each pair. Which of the following statements is true?
OPTIONS:
0: The magnitude of the magnetic force is smaller in Pair 1.
1: The magnitude of the magnetic force is smaller in Pair 2.
2: The magnitude of the magnetic force is the same in both pairs.

Answer with the correct option from 0 to 2. Only provide the numeric and nothing else 

Answer:  ASSISTANT: 0.",0,2,grade7
810,"USER: 
 QUESTION: Which animal's skin is better adapted as a warning sign to ward off predators?
OPTIONS:
0: lechwe
1: blue poison dart frog

Answer with the correct option from 0 to 1. Only provide the numeric and nothing else 

Answer:  ASSISTANT:",10000,1,grade3
811,"USER: 
 QUESTION: During this time, thermal energy was transferred from () to ().
OPTIONS:
0: the surroundings . . . each battery
1: each battery . . . the surroundings

Answer with the correct option from 0 to 1. Only provide the numeric and nothing else 

Answer:  ASSISTANT:",10000,1,grade7
812,"USER: 
 QUESTION: Which rhetorical appeal is primarily used in this ad?
OPTIONS:
0: pathos (emotion)
1: logos (reason)
2: ethos (character)

Answer with the correct option from 0 to 2. Only provide the numeric and nothing else 

Answer:  ASSISTANT:",10000,0,grade12
813,"USER: 
 QUESTION: Which property matches this object?
OPTIONS:
0: scratchy
1: breakable

Answer with the correct option from 0 to 1. Only provide the numeric and nothing else 

Answer:  ASSISTANT:",10000,0,grade2
814,"USER: 
 QUESTION: Which country is highlighted?
OPTIONS:
0: Vanuatu
1: the Marshall Islands
2: Tuvalu
3: Solomon Islands

Answer with the correct option from 0 to 3. Only provide the numeric and nothing else 

Answer:  ASSISTANT:",10000,3,grade6
815,"USER: 
 QUESTION: Which country is highlighted?
OPTIONS:
0: Dominica
1: Saint Vincent and the Grenadines
2: Jamaica
3: Barbados

Answer with the correct option from 0 to 3. Only provide the numeric and nothing else 

Answer:  ASSISTANT:",10000,2,grade8
816,"USER: 
 QUESTION: Is a crown a solid, a liquid, or a gas?
OPTIONS:
0: a solid
1: a gas
2: a liquid

Answer with the correct option from 0 to 2. Only provide the numeric and nothing else 

Answer:  ASSISTANT:",10000,0,grade3
817,"USER: 
 QUESTION: Which country is highlighted?
OPTIONS:
0: Papua New Guinea
1: Australia
2: the Federated States of Micronesia
3: Palau

Answer with the correct option from 0 to 3. Only provide the numeric and nothing else 

Answer:  ASSISTANT:",10000,2,grade6
818,"USER: 
 QUESTION: Is a turtle shell a mineral?
OPTIONS:
0: no
1: yes

Answer with the correct option from 0 to 1. Only provide the numeric and nothing else 

Answer:  ASSISTANT:",10000,0,grade5
819,"USER: 
 QUESTION: What is the name of the colony shown?
OPTIONS:
0: New York
1: Pennsylvania
2: Delaware
3: New Jersey

Answer with the correct option from 0 to 3. Only provide the numeric and nothing else 

Answer:  ASSISTANT:",10000,1,grade8
820,"USER: 
 QUESTION: Is the water in a fishbowl a solid, a liquid, or a gas?
OPTIONS:
0: a liquid
1: a gas
2: a solid

Answer with the correct option from 0 to 2. Only provide the numeric and nothing else 

Answer:  ASSISTANT:",10000,0,grade3
821,"USER: 
 QUESTION: What is the capital of Alabama?
OPTIONS:
0: Bismarck
1: Tallahassee
2: Montgomery
3: Birmingham

Answer with the correct option from 0 to 3. Only provide the numeric and nothing else 

Answer:  ASSISTANT:",10000,2,grade3
822,"USER: 
 QUESTION: What is the capital of California?
OPTIONS:
0: Cheyenne
1: Sacramento
2: Honolulu
3: Birmingham

Answer with the correct option from 0 to 3. Only provide the numeric and nothing else 

Answer:  ASSISTANT:",10000,1,grade5
823,"USER: 
 QUESTION: What can Mark and Valeria trade to each get what they want?
OPTIONS:
0: Mark can trade his tomatoes for Valeria's broccoli.
1: Valeria can trade her broccoli for Mark's oranges.
2: Mark can trade his tomatoes for Valeria's sandwich.
3: Valeria can trade her almonds for Mark's tomatoes.

Answer with the correct option from 0 to 3. Only provide the numeric and nothing else 

Answer:  ASSISTANT:",10000,0,grade6
824,"USER: 
 QUESTION: What is the capital of Pennsylvania?
OPTIONS:
0: Harrisburg
1: Pittsburgh
2: Frankfort
3: Providence

Answer with the correct option from 0 to 3. Only provide the numeric and nothing else 

Answer:  ASSISTANT:",10000,0,grade5
825,"USER: 
 QUESTION: What is the capital of Vermont?
OPTIONS:
0: Bridgeport
1: New Orleans
2: Providence
3: Montpelier

Answer with the correct option from 0 to 3. Only provide the numeric and nothing else 

Answer:  ASSISTANT:",10000,3,grade5
826,"USER: 
 QUESTION: Which is this organism's scientific name?
OPTIONS:
0: brown-throated sloth
1: Bradypus variegatus

Answer with the correct option from 0 to 1. Only provide the numeric and nothing else 

Answer:  ASSISTANT:",10000,1,grade7
827,"USER: 
 QUESTION: What is the capital of Hawaii?
OPTIONS:
0: Honolulu
1: Carson City
2: Hilo
3: Denver

Answer with the correct option from 0 to 3. Only provide the numeric and nothing else 

Answer:  ASSISTANT:",10000,0,grade5
828,"USER: 
 QUESTION: Which type of force from the woman's finger will knock over the domino?
OPTIONS:
0: pull
1: push

Answer with the correct option from 0 to 1. Only provide the numeric and nothing else 

Answer:  ASSISTANT:",10000,1,grade3
829,"USER: 
 QUESTION: Which property do these three objects have in common?
OPTIONS:
0: bouncy
1: hard
2: stretchy

Answer with the correct option from 0 to 2. Only provide the numeric and nothing else 

Answer:  ASSISTANT:",10000,1,grade3
830,"USER: 
 QUESTION: Compare the average kinetic energies of the particles in each sample. Which sample has the higher temperature?
OPTIONS:
0: neither; the samples have the same temperature
1: sample A
2: sample B

Answer with the correct option from 0 to 2. Only provide the numeric and nothing else 

Answer:  ASSISTANT:",10000,1,grade7
831,"USER: 
 QUESTION: Is quartzite a mineral?
OPTIONS:
0: no
1: yes

Answer with the correct option from 0 to 1. Only provide the numeric and nothing else 

Answer:  ASSISTANT:",10000,0,grade6
832,"USER: 
 QUESTION: Which solution has a higher concentration of blue particles?
OPTIONS:
0: neither; their concentrations are the same
1: Solution B
2: Solution A

Answer with the correct option from 0 to 2. Only provide the numeric and nothing else 

Answer:  ASSISTANT:",10000,1,grade8
833,"USER: 
 QUESTION: Which of these cities is marked on the map?
OPTIONS:
0: Oklahoma City
1: Nashville
2: New Orleans
3: Miami

Answer with the correct option from 0 to 3. Only provide the numeric and nothing else 

Answer:  ASSISTANT:",10000,3,grade4
834,"USER: 
 QUESTION: What is the name of the colony shown?
OPTIONS:
0: Tennessee
1: Virginia
2: Maryland
3: West Virginia

Answer with the correct option from 0 to 3. Only provide the numeric and nothing else 

Answer:  ASSISTANT:",10000,1,grade5
835,"USER: 
 QUESTION: What can Gordon and Ariel trade to each get what they want?
OPTIONS:
0: Ariel can trade her broccoli for Gordon's oranges.
1: Gordon can trade his tomatoes for Ariel's carrots.
2: Ariel can trade her almonds for Gordon's tomatoes.
3: Gordon can trade his tomatoes for Ariel's broccoli.

Answer with the correct option from 0 to 3. Only provide the numeric and nothing else 

Answer:  ASSISTANT:",10000,3,grade7
836,"USER: 
 QUESTION: Is Polytrichum commune made up of one cell?
OPTIONS:
0: yes
1: no

Answer with the correct option from 0 to 1. Only provide the numeric and nothing else 

Answer:  ASSISTANT:",10000,1,grade4
837,"USER: 
 QUESTION: Think about the magnetic force between the magnets in each pair. Which of the following statements is true?
OPTIONS:
0: The magnitude of the magnetic force is greater in Pair 1.
1: The magnitude of the magnetic force is the same in both pairs.
2: The magnitude of the magnetic force is greater in Pair 2.

Answer with the correct option from 0 to 2. Only provide the numeric and nothing else 

Answer:  ASSISTANT: 0.",0,2,grade8
838,"USER: 
 QUESTION: Think about the magnetic force between the magnets in each pair. Which of the following statements is true?
OPTIONS:
0: The magnetic force is stronger in Pair 1.
1: The strength of the magnetic force is the same in both pairs.
2: The magnetic force is stronger in Pair 2.

Answer with the correct option from 0 to 2. Only provide the numeric and nothing else 

Answer:  ASSISTANT: 0.",0,1,grade3
839,"USER: 
 QUESTION: Which of the following could Shelley's test show?
OPTIONS:
0: how much the drone weighed with the blade guards
1: if adding the blade guards made the drone fly poorly
2: if the blade guards would break in a crash

Answer with the correct option from 0 to 2. Only provide the numeric and nothing else 

Answer:  ASSISTANT:",10000,1,grade7
840,"USER: 
 QUESTION: Which continent is highlighted?
OPTIONS:
0: Africa
1: Asia
2: South America
3: Antarctica

Answer with the correct option from 0 to 3. Only provide the numeric and nothing else 

Answer:  ASSISTANT:",10000,0,grade5
841,"USER: 
 QUESTION: What is the capital of Connecticut?
OPTIONS:
0: Bridgeport
1: Albany
2: Hartford
3: New Haven

Answer with the correct option from 0 to 3. Only provide the numeric and nothing else 

Answer:  ASSISTANT:",10000,2,grade4
842,"USER: 
 QUESTION: Based on clues in the text, why would farmers have appreciated cats eight thousand years ago?
OPTIONS:
0: The cats were thought to be visiting goddesses.
1: The cats hunted and brought food to the farmers.
2: The cats helped keep the farmers' grain free of mice.
3: The cats helped farmers find better places to store grain.

Answer with the correct option from 0 to 3. Only provide the numeric and nothing else 

Answer:  ASSISTANT:",10000,2,grade5
843,"USER: 
 QUESTION: What is the capital of Missouri?
OPTIONS:
0: Pierre
1: Kansas City
2: Jefferson City
3: Wichita

Answer with the correct option from 0 to 3. Only provide the numeric and nothing else 

Answer:  ASSISTANT:",10000,2,grade4
844,"USER: 
 QUESTION: Which property do these four objects have in common?
OPTIONS:
0: salty
1: rough
2: flexible

Answer with the correct option from 0 to 2. Only provide the numeric and nothing else 

Answer:  ASSISTANT:",10000,1,grade5
845,"USER: 
 QUESTION: Which property do these three objects have in common?
OPTIONS:
0: translucent
1: stretchy
2: bumpy

Answer with the correct option from 0 to 2. Only provide the numeric and nothing else 

Answer:  ASSISTANT:",10000,0,grade4
846,"USER: 
 QUESTION: Identify the question that Gwen's experiment can best answer.
OPTIONS:
0: Do circuits that include iron produce dimmer light than circuits that include copper?
1: Can light bulbs stay lit longer when circuits include copper or when circuits include iron?

Answer with the correct option from 0 to 1. Only provide the numeric and nothing else 

Answer:  ASSISTANT: 0",0,0,grade7
847,"USER: 
 QUESTION: Which trait did Galeocerdo have? Select the trait you can observe on the fossil.
OPTIONS:
0: a round, flat body
1: fins on its back
2: gray skin

Answer with the correct option from 0 to 2. Only provide the numeric and nothing else 

Answer:  ASSISTANT:",10000,1,grade3
848,"USER: 
 QUESTION: Which material is this clothes hanger made of?
OPTIONS:
0: metal
1: wool

Answer with the correct option from 0 to 1. Only provide the numeric and nothing else 

Answer:  ASSISTANT:",10000,0,grade2
849,"USER: 
 QUESTION: Complete the statement.
Nickel is ().
OPTIONS:
0: an elementary substance
1: a compound

Answer with the correct option from 0 to 1. Only provide the numeric and nothing else 

Answer:  ASSISTANT: 0000000000000000000000000000000000000000000000000",0,0,grade7
850,"USER: 
 QUESTION: Based on the Venn diagram, what do the Odyssey and the Aeneid have in common?
OPTIONS:
0: They are both set after the Trojan War.
1: They were both written by Virgil.

Answer with the correct option from 0 to 1. Only provide the numeric and nothing else 

Answer:  ASSISTANT:",10000,0,grade6
851,"USER: 
 QUESTION: Which animal's feet are also adapted for walking on large, floating leaves?
OPTIONS:
0: Magellan penguin
1: purple gallinule

Answer with the correct option from 0 to 1. Only provide the numeric and nothing else 

Answer:  ASSISTANT:",10000,1,grade3
852,"USER: 
 QUESTION: Which trait did Diplomystus have? Select the trait you can observe on the fossil.
OPTIONS:
0: reddish-orange scales on its body
1: a V-shaped tail fin

Answer with the correct option from 0 to 1. Only provide the numeric and nothing else 

Answer:  ASSISTANT:",10000,1,grade4
853,"USER: 
 QUESTION: Which property do these four objects have in common?
OPTIONS:
0: sticky
1: hard
2: stretchy

Answer with the correct option from 0 to 2. Only provide the numeric and nothing else 

Answer:  ASSISTANT:",10000,0,grade5
854,"USER: 
 QUESTION: Which statement best describes the average monthly precipitation in Boston?
OPTIONS:
0: March is the month with the highest average precipitation.
1: About the same amount of precipitation falls each month between May and October.
2: Precipitation does not change much from month to month in Boston.

Answer with the correct option from 0 to 2. Only provide the numeric and nothing else 

Answer:  ASSISTANT: 20.",2,1,grade4
855,"USER: 
 QUESTION: Will these magnets attract or repel each other?
OPTIONS:
0: repel
1: attract

Answer with the correct option from 0 to 1. Only provide the numeric and nothing else 

Answer:  ASSISTANT:",10000,1,grade4
856,"USER: 
 QUESTION: Which animal's feet are also adapted for walking on large, floating leaves?
OPTIONS:
0: emu
1: northern jacana

Answer with the correct option from 0 to 1. Only provide the numeric and nothing else 

Answer:  ASSISTANT:",10000,1,grade3
857,"USER: 
 QUESTION: Which trait did Coelodonta have? Select the trait you can observe on the fossil.
OPTIONS:
0: a black snout
1: a tail

Answer with the correct option from 0 to 1. Only provide the numeric and nothing else 

Answer:  ASSISTANT:",10000,1,grade6
858,"USER: 
 QUESTION: Which country is highlighted?
OPTIONS:
0: Haiti
1: Saint Lucia
2: Barbados
3: Saint Vincent and the Grenadines

Answer with the correct option from 0 to 3. Only provide the numeric and nothing else 

Answer:  ASSISTANT:",10000,1,grade7
859,"USER: 
 QUESTION: Which statement describes the Yasuni National Park ecosystem?
OPTIONS:
0: It has mostly small plants.
1: It has soil that is poor in nutrients.
2: It has soil that is rich in nutrients.

Answer with the correct option from 0 to 2. Only provide the numeric and nothing else 

Answer:  ASSISTANT: 00.",0,1,grade8
860,"USER: 
 QUESTION: Which statement best describes the average monthly precipitation in New Orleans?
OPTIONS:
0: The wettest months of the year are June, July, and August.
1: October is the wettest month.
2: June, July, and August are the driest months of the year.

Answer with the correct option from 0 to 2. Only provide the numeric and nothing else 

Answer:  ASSISTANT: 20. 20.0.",2,0,grade4
861,"USER: 
 QUESTION: Which material is this dress made of?
OPTIONS:
0: glass
1: cotton

Answer with the correct option from 0 to 1. Only provide the numeric and nothing else 

Answer:  ASSISTANT:",10000,1,grade3
862,"USER: 
 QUESTION: What is the capital of Hawaii?
OPTIONS:
0: Honolulu
1: Little Rock
2: Hilo
3: Jefferson City

Answer with the correct option from 0 to 3. Only provide the numeric and nothing else 

Answer:  ASSISTANT:",10000,0,grade5
863,"USER: 
 QUESTION: Compare the average kinetic energies of the particles in each sample. Which sample has the higher temperature?
OPTIONS:
0: sample A
1: sample B
2: neither; the samples have the same temperature

Answer with the correct option from 0 to 2. Only provide the numeric and nothing else 

Answer:  ASSISTANT:",10000,0,grade6
864,"USER: 
 QUESTION: Is the following statement about our solar system true or false?
Jupiter's volume is more than 10,000 times as large as the volume of Mars.
OPTIONS:
0: true
1: false

Answer with the correct option from 0 to 1. Only provide the numeric and nothing else 

Answer:  ASSISTANT: 00.00.00.00. 000000000000000000000000000000000000",0,1,grade8
865,"USER: 
 QUESTION: Which of these states is farthest west?
OPTIONS:
0: Delaware
1: Idaho
2: Georgia
3: Arkansas

Answer with the correct option from 0 to 3. Only provide the numeric and nothing else 

Answer:  ASSISTANT:",10000,1,grade2
866,"USER: 
 QUESTION: Which property do these two objects have in common?
OPTIONS:
0: hard
1: soft

Answer with the correct option from 0 to 1. Only provide the numeric and nothing else 

Answer:  ASSISTANT:",10000,0,grade2
867,"USER: 
 QUESTION: What is the capital of Indiana?
OPTIONS:
0: Columbus
1: Indianapolis
2: Fort Wayne
3: Lansing

Answer with the correct option from 0 to 3. Only provide the numeric and nothing else 

Answer:  ASSISTANT:",10000,1,grade4
868,"USER: 
 QUESTION: What evidence of a drought does this picture show?
OPTIONS:
0: The riverbed is dry and cracked.
1: The ground is mostly flat.

Answer with the correct option from 0 to 1. Only provide the numeric and nothing else 

Answer:  ASSISTANT:",10000,0,grade2
869,"USER: 
 QUESTION: Compare the average kinetic energies of the particles in each sample. Which sample has the higher temperature?
OPTIONS:
0: sample B
1: sample A
2: neither; the samples have the same temperature

Answer with the correct option from 0 to 2. Only provide the numeric and nothing else 

Answer:  ASSISTANT:",10000,1,grade8
870,"USER: 
 QUESTION: Which better describes the Gunung Leuser National Park ecosystem?
OPTIONS:
0: It has year-round warm temperatures. It also has soil that is poor in nutrients.
1: It has cold winters. It also has soil that is rich in nutrients.

Answer with the correct option from 0 to 1. Only provide the numeric and nothing else 

Answer:  ASSISTANT:",10000,0,grade4
871,"USER: 
 QUESTION: Think about the magnetic force between the magnets in each pair. Which of the following statements is true?
OPTIONS:
0: The magnitude of the magnetic force is greater in Pair 2.
1: The magnitude of the magnetic force is greater in Pair 1.
2: The magnitude of the magnetic force is the same in both pairs.

Answer with the correct option from 0 to 2. Only provide the numeric and nothing else 

Answer:  ASSISTANT: 0.",0,1,grade8
872,"USER: 
 QUESTION: Which better describes the Taklamakan Desert ecosystem?
OPTIONS:
0: It has dry, thin soil. It also has a small amount of rain or snow.
1: It has heavy snow. It also has only a few types of trees.

Answer with the correct option from 0 to 1. Only provide the numeric and nothing else 

Answer:  ASSISTANT:",10000,0,grade4
873,"USER: 
 QUESTION: What is the name of the colony shown?
OPTIONS:
0: Georgia
1: Rhode Island
2: Pennsylvania
3: Iowa

Answer with the correct option from 0 to 3. Only provide the numeric and nothing else 

Answer:  ASSISTANT:",10000,2,grade8
874,"USER: 
 QUESTION: Compare the average kinetic energies of the particles in each sample. Which sample has the higher temperature?
OPTIONS:
0: sample A
1: sample B
2: neither; the samples have the same temperature

Answer with the correct option from 0 to 2. Only provide the numeric and nothing else 

Answer:  ASSISTANT:",10000,1,grade7
875,"USER: 
 QUESTION: What is the capital of Arkansas?
OPTIONS:
0: Little Rock
1: Fayetteville
2: Tallahassee
3: Arlington

Answer with the correct option from 0 to 3. Only provide the numeric and nothing else 

Answer:  ASSISTANT: 0000000000000000000000000000000000000000000000000",0,0,grade5
876,"USER: 
 QUESTION: Which of these states is farthest north?
OPTIONS:
0: Missouri
1: North Carolina
2: Arizona
3: Texas

Answer with the correct option from 0 to 3. Only provide the numeric and nothing else 

Answer:  ASSISTANT:",10000,0,grade4
877,"USER: 
 QUESTION: What can Jasmine and Bryan trade to each get what they want?
OPTIONS:
0: Jasmine can trade her tomatoes for Bryan's carrots.
1: Bryan can trade his broccoli for Jasmine's oranges.
2: Bryan can trade his almonds for Jasmine's tomatoes.
3: Jasmine can trade her tomatoes for Bryan's broccoli.

Answer with the correct option from 0 to 3. Only provide the numeric and nothing else 

Answer:  ASSISTANT:",10000,3,grade7
878,"USER: 
 QUESTION: Which animal's feet are also adapted for swimming?
OPTIONS:
0: giraffe
1: African clawed frog

Answer with the correct option from 0 to 1. Only provide the numeric and nothing else 

Answer:  ASSISTANT:",10000,1,grade4
879,"USER: 
 QUESTION: What is the capital of Texas?
OPTIONS:
0: Rapid City
1: Charleston
2: Austin
3: Dallas

Answer with the correct option from 0 to 3. Only provide the numeric and nothing else 

Answer:  ASSISTANT:",10000,2,grade3
880,"USER: 
 QUESTION: Select the organism in the same species as the Chinese mitten crab.
OPTIONS:
0: Melanoplus bivittatus
1: Acanthaster planci
2: Eriocheir sinensis

Answer with the correct option from 0 to 2. Only provide the numeric and nothing else 

Answer:  ASSISTANT: 000.000000000000000000000000000000000000000000000",0,2,grade7
881,"USER: 
 QUESTION: In this food web, which organism contains matter that eventually moves to the earthworm?
OPTIONS:
0: barren-ground caribou
1: bilberry

Answer with the correct option from 0 to 1. Only provide the numeric and nothing else 

Answer:  ASSISTANT:",10000,1,grade5
882,"USER: 
 QUESTION: During this time, thermal energy was transferred from () to ().
OPTIONS:
0: each aquarium . . . the surroundings
1: the surroundings . . . each aquarium

Answer with the correct option from 0 to 1. Only provide the numeric and nothing else 

Answer:  ASSISTANT:",10000,0,grade7
883,"USER: 
 QUESTION: Which property do these two objects have in common?
OPTIONS:
0: breakable
1: rough

Answer with the correct option from 0 to 1. Only provide the numeric and nothing else 

Answer:  ASSISTANT:",10000,0,grade2
884,"USER: 
 QUESTION: Which statement describes the Kibale National Forest ecosystem?
OPTIONS:
0: It has soil that is poor in nutrients.
1: It has soil that is rich in nutrients.

Answer with the correct option from 0 to 1. Only provide the numeric and nothing else 

Answer:  ASSISTANT:",10000,0,grade8
885,"USER: 
 QUESTION: Which of these states is farthest east?
OPTIONS:
0: New Mexico
1: Florida
2: Arkansas
3: Kansas

Answer with the correct option from 0 to 3. Only provide the numeric and nothing else 

Answer:  ASSISTANT:",10000,1,grade3
886,"USER: 
 QUESTION: Which continent is highlighted?
OPTIONS:
0: Asia
1: Africa
2: Europe
3: Australia

Answer with the correct option from 0 to 3. Only provide the numeric and nothing else 

Answer:  ASSISTANT:",10000,0,grade7
887,"USER: 
 QUESTION: Will these magnets attract or repel each other?
OPTIONS:
0: attract
1: repel

Answer with the correct option from 0 to 1. Only provide the numeric and nothing else 

Answer:  ASSISTANT:",10000,0,grade4
888,"USER: 
 QUESTION: What is the capital of Mississippi?
OPTIONS:
0: Jackson
1: Frankfort
2: Charleston
3: Biloxi

Answer with the correct option from 0 to 3. Only provide the numeric and nothing else 

Answer:  ASSISTANT:",10000,0,grade5
889,"USER: 
 QUESTION: Think about the magnetic force between the magnets in each pair. Which of the following statements is true?
OPTIONS:
0: The strength of the magnetic force is the same in both pairs.
1: The magnetic force is stronger in Pair 2.
2: The magnetic force is stronger in Pair 1.

Answer with the correct option from 0 to 2. Only provide the numeric and nothing else 

Answer:  ASSISTANT: 0.",0,0,grade3
890,"USER: 
 QUESTION: Select the bird below.
OPTIONS:
0: rabbit
1: albatross
2: western gorilla
3: Galapagos giant tortoise

Answer with the correct option from 0 to 3. Only provide the numeric and nothing else 

Answer:  ASSISTANT: 0000000000000000000000000000000000000000000000000",0,1,grade4
891,"USER: 
 QUESTION: Think about the magnetic force between the magnets in each pair. Which of the following statements is true?
OPTIONS:
0: The magnetic force is weaker in Pair 2.
1: The magnetic force is weaker in Pair 1.
2: The strength of the magnetic force is the same in both pairs.

Answer with the correct option from 0 to 2. Only provide the numeric and nothing else 

Answer:  ASSISTANT: 200. 20000000000000000000000000000000000000000000",2,2,grade4
892,"USER: 
 QUESTION: Which property do these three objects have in common?
OPTIONS:
0: blue
1: fuzzy
2: slippery

Answer with the correct option from 0 to 2. Only provide the numeric and nothing else 

Answer:  ASSISTANT:",10000,1,grade3
893,"USER: 
 QUESTION: Compare the average kinetic energies of the particles in each sample. Which sample has the higher temperature?
OPTIONS:
0: sample A
1: sample B
2: neither; the samples have the same temperature

Answer with the correct option from 0 to 2. Only provide the numeric and nothing else 

Answer:  ASSISTANT:",10000,0,grade6
894,"USER: 
 QUESTION: What is the capital of Wisconsin?
OPTIONS:
0: Madison
1: Lincoln
2: Dover
3: Green Bay

Answer with the correct option from 0 to 3. Only provide the numeric and nothing else 

Answer:  ASSISTANT:",10000,0,grade5
895,"USER: 
 QUESTION: What is the capital of Maine?
OPTIONS:
0: Baton Rouge
1: Portland
2: Augusta
3: Manchester

Answer with the correct option from 0 to 3. Only provide the numeric and nothing else 

Answer:  ASSISTANT:",10000,2,grade3
896,"USER: 
 QUESTION: Which of the following could Kathleen's test show?
OPTIONS:
0: whether she added enough nutrients to help the bacteria produce 20% more insulin
1: whether producing more insulin would help the bacteria grow faster
2: whether different types of bacteria would need different nutrients to produce insulin

Answer with the correct option from 0 to 2. Only provide the numeric and nothing else 

Answer:  ASSISTANT:",10000,0,grade8
897,"USER: 
 QUESTION: Which country is highlighted?
OPTIONS:
0: Haiti
1: Saint Kitts and Nevis
2: the Dominican Republic
3: Dominica

Answer with the correct option from 0 to 3. Only provide the numeric and nothing else 

Answer:  ASSISTANT:",10000,3,grade6
898,"USER: 
 QUESTION: Which property do these four objects have in common?
OPTIONS:
0: salty
1: fuzzy
2: smooth

Answer with the correct option from 0 to 2. Only provide the numeric and nothing else 

Answer:  ASSISTANT:",10000,0,grade5
899,"USER: 
 QUESTION: Think about the magnetic force between the magnets in each pair. Which of the following statements is true?
OPTIONS:
0: The magnitude of the magnetic force is the same in both pairs.
1: The magnitude of the magnetic force is greater in Pair 2.
2: The magnitude of the magnetic force is greater in Pair 1.

Answer with the correct option from 0 to 2. Only provide the numeric and nothing else 

Answer:  ASSISTANT: 0.",0,1,grade5
900,"USER: 
 QUESTION: What can Duncan and Sam trade to each get what they want?
OPTIONS:
0: Duncan can trade his tomatoes for Sam's broccoli.
1: Duncan can trade his tomatoes for Sam's carrots.
2: Sam can trade his almonds for Duncan's tomatoes.
3: Sam can trade his broccoli for Duncan's oranges.

Answer with the correct option from 0 to 3. Only provide the numeric and nothing else 

Answer:  ASSISTANT:",10000,0,grade7
901,"USER: 
 QUESTION: Which animal's skin is better adapted as a warning sign to ward off predators?
OPTIONS:
0: opalescent nudibranch
1: lechwe

Answer with the correct option from 0 to 1. Only provide the numeric and nothing else 

Answer:  ASSISTANT:",10000,0,grade5
902,"USER: 
 QUESTION: Complete the statement.
Hydrogen fluoride is ().
OPTIONS:
0: an elementary substance
1: a compound

Answer with the correct option from 0 to 1. Only provide the numeric and nothing else 

Answer:  ASSISTANT: 0000000000000000000000000000000000000000000000000",0,1,grade5
903,"USER: 
 QUESTION: Select the organism in the same genus as the common kestrel.
OPTIONS:
0: Falco sparverius
1: Tigrisoma mexicanum
2: Ardea herodias

Answer with the correct option from 0 to 2. Only provide the numeric and nothing else 

Answer:  ASSISTANT:",10000,0,grade8
904,"USER: 
 QUESTION: Identify the question that Laura's experiment can best answer.
OPTIONS:
0: Does the humidity level where tomato seeds are planted affect the number of tomato seedlings that grow?
1: Do more tomato seedlings grow when they are planted in soil with fertilizer compared to soil without fertilizer?

Answer with the correct option from 0 to 1. Only provide the numeric and nothing else 

Answer:  ASSISTANT: 0",0,1,grade6
905,"USER: 
 QUESTION: Think about the magnetic force between the magnets in each pair. Which of the following statements is true?
OPTIONS:
0: The magnetic force is stronger in Pair 2.
1: The strength of the magnetic force is the same in both pairs.
2: The magnetic force is stronger in Pair 1.

Answer with the correct option from 0 to 2. Only provide the numeric and nothing else 

Answer:  ASSISTANT: 0.",0,0,grade4
906,"USER: 
 QUESTION: Which of these organisms contains matter that was once part of the lichen?
OPTIONS:
0: rough-legged hawk
1: parasitic jaeger
2: Arctic fox
3: snowy owl
4: barren-ground caribou

Answer with the correct option from 0 to 4. Only provide the numeric and nothing else 

Answer:  ASSISTANT:",10000,4,grade7
907,"USER: 
 QUESTION: Which property do these three objects have in common?
OPTIONS:
0: transparent
1: fragile
2: flexible

Answer with the correct option from 0 to 2. Only provide the numeric and nothing else 

Answer:  ASSISTANT:",10000,2,grade3
908,"USER: 
 QUESTION: Which continent is highlighted?
OPTIONS:
0: Antarctica
1: South America
2: Asia
3: Europe

Answer with the correct option from 0 to 3. Only provide the numeric and nothing else 

Answer:  ASSISTANT:",10000,1,grade5
909,"USER: 
 QUESTION: Which of these continents does the prime meridian intersect?
OPTIONS:
0: South America
1: Antarctica
2: Australia

Answer with the correct option from 0 to 2. Only provide the numeric and nothing else 

Answer:  ASSISTANT:",10000,1,grade5
910,"USER: 
 QUESTION: Complete the text to describe the diagram.
Solute particles moved in both directions across the permeable membrane. But more solute particles moved across the membrane (). When there was an equal concentration on both sides, the particles reached equilibrium.
OPTIONS:
0: to the left than to the right
1: to the right than to the left

Answer with the correct option from 0 to 1. Only provide the numeric and nothing else 

Answer:  ASSISTANT: 0. 20. 20. 20. 20. 20. 20. 2. 2. 2. 2. 2. 2. 2. 2",0,0,grade6
911,"USER: 
 QUESTION: Select the organism in the same genus as the red kangaroo.
OPTIONS:
0: Cervus canadensis
1: Camelus bactrianus
2: Macropus giganteus

Answer with the correct option from 0 to 2. Only provide the numeric and nothing else 

Answer:  ASSISTANT: 200.000000000000000000000000000000000000000000000",2,2,grade5
912,"USER: 
 QUESTION: Which of the following could Hayley's test show?
OPTIONS:
0: how much the drone weighed with the blade guards
1: if the blade guards would break in a crash
2: if adding the blade guards made the drone fly poorly

Answer with the correct option from 0 to 2. Only provide the numeric and nothing else 

Answer:  ASSISTANT:",10000,2,grade7
913,"USER: 
 QUESTION: Which continent is highlighted?
OPTIONS:
0: Europe
1: South America
2: Antarctica
3: Africa

Answer with the correct option from 0 to 3. Only provide the numeric and nothing else 

Answer:  ASSISTANT:",10000,2,grade5
914,"USER: 
 QUESTION: Which animal's skin is better adapted as a warning sign to ward off predators?
OPTIONS:
0: sharpnose-puffer
1: gray tree frog

Answer with the correct option from 0 to 1. Only provide the numeric and nothing else 

Answer:  ASSISTANT:",10000,0,grade3
915,"USER: 
 QUESTION: What is the name of the colony shown?
OPTIONS:
0: Rhode Island
1: Michigan
2: Massachusetts
3: New Jersey

Answer with the correct option from 0 to 3. Only provide the numeric and nothing else 

Answer:  ASSISTANT:",10000,3,grade7
916,"USER: 
 QUESTION: Which ocean is highlighted?
OPTIONS:
0: the Southern Ocean
1: the Atlantic Ocean
2: the Arctic Ocean
3: the Pacific Ocean

Answer with the correct option from 0 to 3. Only provide the numeric and nothing else 

Answer:  ASSISTANT:",10000,1,grade7
917,"USER: 
 QUESTION: Which country is highlighted?
OPTIONS:
0: the Federated States of Micronesia
1: New Zealand
2: the Marshall Islands
3: Palau

Answer with the correct option from 0 to 3. Only provide the numeric and nothing else 

Answer:  ASSISTANT:",10000,0,grade7
918,"USER: 
 QUESTION: Complete the sentence.
Pollination is what happens when ().
OPTIONS:
0: pollen lands on a female cone
1: sperm fuses with an egg

Answer with the correct option from 0 to 1. Only provide the numeric and nothing else 

Answer:  ASSISTANT: 0000000000000000000000000000000000000000000000000",0,0,grade4
919,"USER: 
 QUESTION: Select the organism in the same genus as the European nightjar.
OPTIONS:
0: Caprimulgus macrurus
1: Ulex europaeus
2: Acanthaster planci

Answer with the correct option from 0 to 2. Only provide the numeric and nothing else 

Answer:  ASSISTANT:",10000,0,grade8
920,"USER: 
 QUESTION: What is the capital of California?
OPTIONS:
0: Olympia
1: San Francisco
2: Los Angeles
3: Sacramento

Answer with the correct option from 0 to 3. Only provide the numeric and nothing else 

Answer:  ASSISTANT:",10000,3,grade4
921,"USER: 
 QUESTION: Which of the following statements is true?
OPTIONS:
0: A flavorant might be both found in nature and made in a chemical factory.
1: A substance's chemical structure depends only on the number and types of atoms in each molecule of the substance.

Answer with the correct option from 0 to 1. Only provide the numeric and nothing else 

Answer:  ASSISTANT: 00.0000000000000000000000000000000000000000000000",0,0,grade7
922,"USER: 
 QUESTION: What is the name of the colony shown?
OPTIONS:
0: Maryland
1: Washington, D.C.
2: Virginia
3: New York

Answer with the correct option from 0 to 3. Only provide the numeric and nothing else 

Answer:  ASSISTANT: 0000000000000000000000000000000000000000000000000",0,0,grade4
923,"USER: 
 QUESTION: Is the following statement about our solar system true or false?
There are twice as many ice planets as rocky planets.
OPTIONS:
0: false
1: true

Answer with the correct option from 0 to 1. Only provide the numeric and nothing else 

Answer:  ASSISTANT: 0000000000000000000000000000000000000000000000000",0,0,grade6
924,"USER: 
 QUESTION: What is the name of the colony shown?
OPTIONS:
0: New Hampshire
1: Georgia
2: Rhode Island
3: Connecticut

Answer with the correct option from 0 to 3. Only provide the numeric and nothing else 

Answer:  ASSISTANT:",10000,2,grade7
925,"USER: 
 QUESTION: Which ocean is highlighted?
OPTIONS:
0: the Southern Ocean
1: the Pacific Ocean
2: the Arctic Ocean
3: the Indian Ocean

Answer with the correct option from 0 to 3. Only provide the numeric and nothing else 

Answer:  ASSISTANT:",10000,0,grade8
926,"USER: 
 QUESTION: Which animal's skin is better adapted as a warning sign to ward off predators?
OPTIONS:
0: lichen katydid
1: flamboyant cuttlefish

Answer with the correct option from 0 to 1. Only provide the numeric and nothing else 

Answer:  ASSISTANT:",10000,1,grade4
927,"USER: 
 QUESTION: Which better describes the Jardines de la Reina National Park ecosystem?
OPTIONS:
0: It has bright sunlight. It also has shallow water.
1: It has water with not much salt. It also has only a few types of organisms.

Answer with the correct option from 0 to 1. Only provide the numeric and nothing else 

Answer:  ASSISTANT:",10000,0,grade3
928,"USER: 
 QUESTION: Compare the average kinetic energies of the particles in each sample. Which sample has the higher temperature?
OPTIONS:
0: neither; the samples have the same temperature
1: sample B
2: sample A

Answer with the correct option from 0 to 2. Only provide the numeric and nothing else 

Answer:  ASSISTANT:",10000,2,grade6
929,"USER: 
 QUESTION: What is the expected ratio of offspring that have horns to offspring that do not have horns? Choose the most likely ratio.
OPTIONS:
0: 3:1
1: 2:2
2: 1:3
3: 4:0
4: 0:4

Answer with the correct option from 0 to 4. Only provide the numeric and nothing else 

Answer:  ASSISTANT: 20. 20. 20. 20. 20. 20. 20. 20. 20. 20.20.20.20.2",2,4,grade8
930,"USER: 
 QUESTION: Is the following statement about our solar system true or false?
The volume of Uranus is less than ten times the volume of Neptune.
OPTIONS:
0: false
1: true

Answer with the correct option from 0 to 1. Only provide the numeric and nothing else 

Answer:  ASSISTANT: 0000000000000000000000000000000000000000000000000",0,1,grade8
931,"USER: 
 QUESTION: Complete the statement.
Iodine is ().
OPTIONS:
0: an elementary substance
1: a compound

Answer with the correct option from 0 to 1. Only provide the numeric and nothing else 

Answer:  ASSISTANT: 0000000000000000000000000000000000000000000000000",0,0,grade5
932,"USER: 
 QUESTION: What is the capital of South Dakota?
OPTIONS:
0: Pierre
1: Rapid City
2: Indianapolis
3: Sacramento

Answer with the correct option from 0 to 3. Only provide the numeric and nothing else 

Answer:  ASSISTANT:",10000,0,grade5
933,"USER: 
 QUESTION: Based on the arrows, which of the following living things is an omnivore?
OPTIONS:
0: phytoplankton
1: plainfin midshipman

Answer with the correct option from 0 to 1. Only provide the numeric and nothing else 

Answer:  ASSISTANT:",10000,1,grade3
934,"USER: 
 QUESTION: Is the following statement about our solar system true or false?
The volume of Mars is more than three times as large as Mercury's.
OPTIONS:
0: false
1: true

Answer with the correct option from 0 to 1. Only provide the numeric and nothing else 

Answer:  ASSISTANT: 0000000000000000000000000000000000000000000000000",0,0,grade6
935,"USER: 
 QUESTION: What is the capital of Nebraska?
OPTIONS:
0: Lincoln
1: Omaha
2: Savannah
3: Indianapolis

Answer with the correct option from 0 to 3. Only provide the numeric and nothing else 

Answer:  ASSISTANT:",10000,0,grade4
936,"USER: 
 QUESTION: What is the capital of Pennsylvania?
OPTIONS:
0: Pittsburgh
1: Philadelphia
2: Phoenix
3: Harrisburg

Answer with the correct option from 0 to 3. Only provide the numeric and nothing else 

Answer:  ASSISTANT:",10000,3,grade4
937,"USER: 
 QUESTION: Identify the question that Kelsey's experiment can best answer.
OPTIONS:
0: Does linen fabric turn darker than cotton fabric when soaked in a mixture of black dye and water?
1: Does fabric turn darker when soaked in a mixture of black dye and water for 15 minutes compared to 30 minutes?

Answer with the correct option from 0 to 1. Only provide the numeric and nothing else 

Answer:  ASSISTANT:",10000,0,grade8
938,"USER: 
 QUESTION: Think about the magnetic force between the magnets in each pair. Which of the following statements is true?
OPTIONS:
0: The magnitude of the magnetic force is the same in both pairs.
1: The magnitude of the magnetic force is greater in Pair 1.
2: The magnitude of the magnetic force is greater in Pair 2.

Answer with the correct option from 0 to 2. Only provide the numeric and nothing else 

Answer:  ASSISTANT: 0.",0,0,grade6
939,"USER: 
 QUESTION: What is the capital of Alaska?
OPTIONS:
0: Fairbanks
1: Juneau
2: Tucson
3: Cheyenne

Answer with the correct option from 0 to 3. Only provide the numeric and nothing else 

Answer:  ASSISTANT:",10000,1,grade3
940,"USER: 
 QUESTION: Which property do these three objects have in common?
OPTIONS:
0: soft
1: flexible
2: slippery

Answer with the correct option from 0 to 2. Only provide the numeric and nothing else 

Answer:  ASSISTANT:",10000,2,grade4
941,"USER: 
 QUESTION: Will these magnets attract or repel each other?
OPTIONS:
0: attract
1: repel

Answer with the correct option from 0 to 1. Only provide the numeric and nothing else 

Answer:  ASSISTANT:",10000,1,grade2
942,"USER: 
 QUESTION: Which property matches this object?
OPTIONS:
0: bendable
1: bouncy

Answer with the correct option from 0 to 1. Only provide the numeric and nothing else 

Answer:  ASSISTANT:",10000,0,grade2
943,"USER: 
 QUESTION: Is the following statement about our solar system true or false?
Half of the planets are made mainly of gas or ice.
OPTIONS:
0: true
1: false

Answer with the correct option from 0 to 1. Only provide the numeric and nothing else 

Answer:  ASSISTANT: 0000000000000000000000000000000000000000000000000",0,0,grade6
944,"USER: 
 QUESTION: Think about the magnetic force between the magnets in each pair. Which of the following statements is true?
OPTIONS:
0: The magnitude of the magnetic force is the same in both pairs.
1: The magnitude of the magnetic force is smaller in Pair 1.
2: The magnitude of the magnetic force is smaller in Pair 2.

Answer with the correct option from 0 to 2. Only provide the numeric and nothing else 

Answer:  ASSISTANT: 0.",0,2,grade5
945,"USER: 
 QUESTION: Which material is these jeans made of?
OPTIONS:
0: metal
1: rock

Answer with the correct option from 0 to 1. Only provide the numeric and nothing else 

Answer:  ASSISTANT:",10000,0,grade3
946,"USER: 
 QUESTION: Which month is the hottest on average in Adelaide?
OPTIONS:
0: June, July, and August
1: April and May
2: January and February

Answer with the correct option from 0 to 2. Only provide the numeric and nothing else 

Answer:  ASSISTANT:",10000,2,grade4
947,"USER: 
 QUESTION: What can Kevin and Lily trade to each get what they want?
OPTIONS:
0: Lily can trade her broccoli for Kevin's oranges.
1: Kevin can trade his tomatoes for Lily's sandwich.
2: Kevin can trade his tomatoes for Lily's broccoli.
3: Lily can trade her almonds for Kevin's tomatoes.

Answer with the correct option from 0 to 3. Only provide the numeric and nothing else 

Answer:  ASSISTANT:",10000,2,grade6
948,"USER: 
 QUESTION: During this time, thermal energy was transferred from () to ().
OPTIONS:
0: each battery . . . the surroundings
1: the surroundings . . . each battery

Answer with the correct option from 0 to 1. Only provide the numeric and nothing else 

Answer:  ASSISTANT:",10000,0,grade7
949,"USER: 
 QUESTION: Which of the following is on the map?
OPTIONS:
0: water in clouds
1: water in rivers and lakes

Answer with the correct option from 0 to 1. Only provide the numeric and nothing else 

Answer:  ASSISTANT:",10000,1,grade5
950,"USER: 
 QUESTION: Is the following statement about our solar system true or false?
Of the four largest planets, three are made mainly of gas.
OPTIONS:
0: false
1: true

Answer with the correct option from 0 to 1. Only provide the numeric and nothing else 

Answer:  ASSISTANT: 0000.00000000000000000000000000000000000000000000",0,0,grade7
951,"USER: 
 QUESTION: What is the expected ratio of offspring with a reddish-brown coat to offspring with a black coat? Choose the most likely ratio.
OPTIONS:
0: 1:3
1: 4:0
2: 3:1
3: 0:4
4: 2:2

Answer with the correct option from 0 to 4. Only provide the numeric and nothing else 

Answer:  ASSISTANT: 20. 20. 20. 20. 20. 20. 20. 20. 2.20.20.20.20.20.",2,4,grade8
952,"USER: 
 QUESTION: Which animal is also adapted for flight?
OPTIONS:
0: flying fox
1: European mole

Answer with the correct option from 0 to 1. Only provide the numeric and nothing else 

Answer:  ASSISTANT:",10000,0,grade3
953,"USER: 
 QUESTION: Which ocean is highlighted?
OPTIONS:
0: the Indian Ocean
1: the Southern Ocean
2: the Pacific Ocean
3: the Arctic Ocean

Answer with the correct option from 0 to 3. Only provide the numeric and nothing else 

Answer:  ASSISTANT:",10000,3,grade7
954,"USER: 
 QUESTION: Which of the following could Pamela and Kimi's test show?
OPTIONS:
0: if the concrete from each batch took the same amount of time to dry
1: if a new batch of concrete was firm enough to use

Answer with the correct option from 0 to 1. Only provide the numeric and nothing else 

Answer:  ASSISTANT:",10000,1,grade6
955,"USER: 
 QUESTION: Can Leopardus wiedii cells make their own food?
OPTIONS:
0: no
1: yes

Answer with the correct option from 0 to 1. Only provide the numeric and nothing else 

Answer:  ASSISTANT:",10000,0,grade4
956,"USER: 
 QUESTION: During this time, thermal energy was transferred from () to ().
OPTIONS:
0: the surroundings . . . each salmon
1: each salmon . . . the surroundings

Answer with the correct option from 0 to 1. Only provide the numeric and nothing else 

Answer:  ASSISTANT:",10000,0,grade7
957,"USER: 
 QUESTION: What is the expected ratio of offspring with sweet fruit to offspring with sour fruit? Choose the most likely ratio.
OPTIONS:
0: 4:0
1: 0:4
2: 3:1
3: 2:2
4: 1:3

Answer with the correct option from 0 to 4. Only provide the numeric and nothing else 

Answer:  ASSISTANT: 20. 20. 20. 20. 20. 20. 20. 20. 20. 20.20.20.20.2",2,3,grade8
958,"USER: 
 QUESTION: What is the capital of Montana?
OPTIONS:
0: Cheyenne
1: Helena
2: Billings
3: Missoula

Answer with the correct option from 0 to 3. Only provide the numeric and nothing else 

Answer:  ASSISTANT:",10000,1,grade5
959,"USER: 
 QUESTION: What is the capital of Kansas?
OPTIONS:
0: Jefferson City
1: Topeka
2: Reno
3: Lansing

Answer with the correct option from 0 to 3. Only provide the numeric and nothing else 

Answer:  ASSISTANT:",10000,1,grade3
960,"USER: 
 QUESTION: Which country is highlighted?
OPTIONS:
0: the Marshall Islands
1: New Zealand
2: Australia
3: Papua New Guinea

Answer with the correct option from 0 to 3. Only provide the numeric and nothing else 

Answer:  ASSISTANT:",10000,1,grade6
961,"USER: 
 QUESTION: Which ocean is highlighted?
OPTIONS:
0: the Arctic Ocean
1: the Atlantic Ocean
2: the Indian Ocean
3: the Southern Ocean

Answer with the correct option from 0 to 3. Only provide the numeric and nothing else 

Answer:  ASSISTANT:",10000,0,grade7
962,"USER: 
 QUESTION: Which of the following could Sebastian's test show?
OPTIONS:
0: how steady a parachute with a 1 m vent was at 200 km per hour
1: whether a parachute with a 1 m vent would swing too much at 400 km per hour
2: if the spacecraft was damaged when using a parachute with a 1 m vent going 200 km per hour

Answer with the correct option from 0 to 2. Only provide the numeric and nothing else 

Answer:  ASSISTANT:",10000,0,grade8
963,"USER: 
 QUESTION: Is the air inside a basketball a solid, a liquid, or a gas?
OPTIONS:
0: a liquid
1: a solid
2: a gas

Answer with the correct option from 0 to 2. Only provide the numeric and nothing else 

Answer:  ASSISTANT:",10000,2,grade3
964,"USER: 
 QUESTION: What is the capital of Mississippi?
OPTIONS:
0: Birmingham
1: Saint Paul
2: Biloxi
3: Jackson

Answer with the correct option from 0 to 3. Only provide the numeric and nothing else 

Answer:  ASSISTANT:",10000,3,grade3
965,"USER: 
 QUESTION: Identify the question that Barbara's experiment can best answer.
OPTIONS:
0: Does fabric turn darker when soaked in a mixture of black dye and water for 15 minutes compared to 30 minutes?
1: Does linen fabric turn darker than cotton fabric when soaked in a mixture of black dye and water?

Answer with the correct option from 0 to 1. Only provide the numeric and nothing else 

Answer:  ASSISTANT:",10000,1,grade6
966,"USER: 
 QUESTION: Think about the magnetic force between the magnets in each pair. Which of the following statements is true?
OPTIONS:
0: The magnitude of the magnetic force is the same in both pairs.
1: The magnitude of the magnetic force is greater in Pair 1.
2: The magnitude of the magnetic force is greater in Pair 2.

Answer with the correct option from 0 to 2. Only provide the numeric and nothing else 

Answer:  ASSISTANT: 0.",0,2,grade8
967,"USER: 
 QUESTION: Which solution has a higher concentration of green particles?
OPTIONS:
0: Solution A
1: Solution B
2: neither; their concentrations are the same

Answer with the correct option from 0 to 2. Only provide the numeric and nothing else 

Answer:  ASSISTANT:",10000,1,grade6
968,"USER: 
 QUESTION: What is the name of the colony shown?
OPTIONS:
0: Massachusetts
1: Maryland
2: North Carolina
3: New Hampshire

Answer with the correct option from 0 to 3. Only provide the numeric and nothing else 

Answer:  ASSISTANT:",10000,3,grade5
969,"USER: 
 QUESTION: Which of these continents does the prime meridian intersect?
OPTIONS:
0: Europe
1: Australia
2: North America

Answer with the correct option from 0 to 2. Only provide the numeric and nothing else 

Answer:  ASSISTANT:",10000,0,grade5
970,"USER: 
 QUESTION: Which better describes the Mount Rainier National Park ecosystem?
OPTIONS:
0: It has long, cold winters. It also has many evergreen trees.
1: It has short, cool summers. It also has soil that is rich in nutrients.

Answer with the correct option from 0 to 1. Only provide the numeric and nothing else 

Answer:  ASSISTANT: 0",0,0,grade4
971,"USER: 
 QUESTION: Think about the magnetic force between the magnets in each pair. Which of the following statements is true?
OPTIONS:
0: The magnitude of the magnetic force is the same in both pairs.
1: The magnitude of the magnetic force is greater in Pair 1.
2: The magnitude of the magnetic force is greater in Pair 2.

Answer with the correct option from 0 to 2. Only provide the numeric and nothing else 

Answer:  ASSISTANT: 0.",0,2,grade6
972,"USER: 
 QUESTION: Which is this organism's scientific name?
OPTIONS:
0: red-tailed hawk
1: Buteo jamaicensis

Answer with the correct option from 0 to 1. Only provide the numeric and nothing else 

Answer:  ASSISTANT:",10000,1,grade5
973,"USER: 
 QUESTION: Which continent is highlighted?
OPTIONS:
0: South America
1: North America
2: Asia
3: Antarctica

Answer with the correct option from 0 to 3. Only provide the numeric and nothing else 

Answer:  ASSISTANT:",10000,2,grade8
974,"USER: 
 QUESTION: Does this passage describe the weather or the climate?
OPTIONS:
0: weather
1: climate

Answer with the correct option from 0 to 1. Only provide the numeric and nothing else 

Answer:  ASSISTANT:",10000,0,grade6
975,"USER: 
 QUESTION: What is the capital of Texas?
OPTIONS:
0: Raleigh
1: Montgomery
2: Austin
3: Dallas

Answer with the correct option from 0 to 3. Only provide the numeric and nothing else 

Answer:  ASSISTANT:",10000,2,grade4
976,"USER: 
 QUESTION: Will these magnets attract or repel each other?
OPTIONS:
0: repel
1: attract

Answer with the correct option from 0 to 1. Only provide the numeric and nothing else 

Answer:  ASSISTANT:",10000,0,grade2
977,"USER: 
 QUESTION: Think about the magnetic force between the magnets in each pair. Which of the following statements is true?
OPTIONS:
0: The magnitude of the magnetic force is greater in Pair 1.
1: The magnitude of the magnetic force is greater in Pair 2.
2: The magnitude of the magnetic force is the same in both pairs.

Answer with the correct option from 0 to 2. Only provide the numeric and nothing else 

Answer:  ASSISTANT: 0.",0,0,grade7
978,"USER: 
 QUESTION: Which property matches this object?
OPTIONS:
0: stretchy
1: yellow

Answer with the correct option from 0 to 1. Only provide the numeric and nothing else 

Answer:  ASSISTANT:",10000,0,grade2
979,"USER: 
 QUESTION: Is the following statement about our solar system true or false?
Neptune's volume is more than 100 times as large as Earth's.
OPTIONS:
0: false
1: true

Answer with the correct option from 0 to 1. Only provide the numeric and nothing else 

Answer:  ASSISTANT: 00. 00.00.000.00000000000000000000000000000000000",0,0,grade8
980,"USER: 
 QUESTION: Why are deserts so dry?
OPTIONS:
0: The sand soaks up all the rain.
1: They don't get very much rain.

Answer with the correct option from 0 to 1. Only provide the numeric and nothing else 

Answer:  ASSISTANT:",10000,1,grade2
981,"USER: 
 QUESTION: Which continent is highlighted?
OPTIONS:
0: Europe
1: Antarctica
2: North America
3: South America

Answer with the correct option from 0 to 3. Only provide the numeric and nothing else 

Answer:  ASSISTANT:",10000,2,grade7
982,"USER: 
 QUESTION: Which material is this pool toy made of?
OPTIONS:
0: plastic
1: wool

Answer with the correct option from 0 to 1. Only provide the numeric and nothing else 

Answer:  ASSISTANT:",10000,0,grade3
983,"USER: 
 QUESTION: Select the organism in the same species as the red-billed gull.
OPTIONS:
0: Haliaeetus leucocephalus
1: Chroicocephalus ridibundus
2: Chroicocephalus scopulinus

Answer with the correct option from 0 to 2. Only provide the numeric and nothing else 

Answer:  ASSISTANT:",10000,2,grade8
984,"USER: 
 QUESTION: What is the capital of Rhode Island?
OPTIONS:
0: Annapolis
1: Newport
2: Providence
3: Boston

Answer with the correct option from 0 to 3. Only provide the numeric and nothing else 

Answer:  ASSISTANT:",10000,2,grade4
985,"USER: 
 QUESTION: What is the capital of New Jersey?
OPTIONS:
0: Hartford
1: Newark
2: Trenton
3: Jersey City

Answer with the correct option from 0 to 3. Only provide the numeric and nothing else 

Answer:  ASSISTANT:",10000,2,grade4
986,"USER: 
 QUESTION: Can Danio rerio cells make their own food?
OPTIONS:
0: yes
1: no

Answer with the correct option from 0 to 1. Only provide the numeric and nothing else 

Answer:  ASSISTANT:",10000,1,grade4
987,"USER: 
 QUESTION: Is apple juice a solid or a liquid?
OPTIONS:
0: a solid
1: a liquid

Answer with the correct option from 0 to 1. Only provide the numeric and nothing else 

Answer:  ASSISTANT:",10000,1,grade2
988,"USER: 
 QUESTION: Which of the following could Mason's test show?
OPTIONS:
0: how steady a parachute with a 1 m vent was at 200 km per hour
1: if the spacecraft was damaged when using a parachute with a 1 m vent going 200 km per hour
2: whether a parachute with a 1 m vent would swing too much at 400 km per hour

Answer with the correct option from 0 to 2. Only provide the numeric and nothing else 

Answer:  ASSISTANT:",10000,0,grade7
989,"USER: 
 QUESTION: What is the capital of Florida?
OPTIONS:
0: Orlando
1: Baton Rouge
2: Tallahassee
3: Tampa

Answer with the correct option from 0 to 3. Only provide the numeric and nothing else 

Answer:  ASSISTANT:",10000,2,grade5
990,"USER: 
 QUESTION: What is the capital of Illinois?
OPTIONS:
0: Chicago
1: Springfield
2: Topeka
3: Annapolis

Answer with the correct option from 0 to 3. Only provide the numeric and nothing else 

Answer:  ASSISTANT:",10000,1,grade3
991,"USER: 
 QUESTION: What is the name of the colony shown?
OPTIONS:
0: Delaware
1: South Carolina
2: Pennsylvania
3: New Jersey

Answer with the correct option from 0 to 3. Only provide the numeric and nothing else 

Answer:  ASSISTANT:",10000,0,grade7
992,"USER: 
 QUESTION: What is the name of the colony shown?
OPTIONS:
0: New Hampshire
1: West Virginia
2: Virginia
3: New York

Answer with the correct option from 0 to 3. Only provide the numeric and nothing else 

Answer:  ASSISTANT:",10000,0,grade8
993,"USER: 
 QUESTION: Which property do these two objects have in common?
OPTIONS:
0: smooth
1: blue

Answer with the correct option from 0 to 1. Only provide the numeric and nothing else 

Answer:  ASSISTANT:",10000,0,grade2
994,"USER: 
 QUESTION: What is the name of the colony shown?
OPTIONS:
0: Virginia
1: Connecticut
2: New Hampshire
3: Pennsylvania

Answer with the correct option from 0 to 3. Only provide the numeric and nothing else 

Answer:  ASSISTANT:",10000,3,grade5
995,"USER: 
 QUESTION: What can Rosa and Alexandra trade to each get what they want?
OPTIONS:
0: Rosa can trade her tomatoes for Alexandra's broccoli.
1: Rosa can trade her tomatoes for Alexandra's carrots.
2: Alexandra can trade her almonds for Rosa's tomatoes.
3: Alexandra can trade her broccoli for Rosa's oranges.

Answer with the correct option from 0 to 3. Only provide the numeric and nothing else 

Answer:  ASSISTANT:",10000,0,grade8
996,"USER: 
 QUESTION: What is the expected ratio of offspring with yellow fruit to offspring with red fruit? Choose the most likely ratio.
OPTIONS:
0: 0:4
1: 2:2
2: 1:3
3: 4:0
4: 3:1

Answer with the correct option from 0 to 4. Only provide the numeric and nothing else 

Answer:  ASSISTANT: 0. 20. 0. 0. 20. 20. 20. 20. 20. 20. 20. 20. 2. 2",0,3,grade8
997,"USER: 
 QUESTION: During this time, thermal energy was transferred from () to ().
OPTIONS:
0: each refrigerator . . . the surroundings
1: the surroundings . . . each refrigerator

Answer with the correct option from 0 to 1. Only provide the numeric and nothing else 

Answer:  ASSISTANT:",10000,1,grade7
998,"USER: 
 QUESTION: Is the following statement about our solar system true or false?
The volume of Saturn is more than ten times the volume of Uranus.
OPTIONS:
0: false
1: true

Answer with the correct option from 0 to 1. Only provide the numeric and nothing else 

Answer:  ASSISTANT: 0000000000000000000000000000000000000000000000000",0,1,grade8
999,"USER: 
 QUESTION: Which solution has a higher concentration of yellow particles?
OPTIONS:
0: Solution A
1: neither; their concentrations are the same
2: Solution B

Answer with the correct option from 0 to 2. Only provide the numeric and nothing else 

Answer:  ASSISTANT:",10000,0,grade8
1000,"USER: 
 QUESTION: Think about the magnetic force between the magnets in each pair. Which of the following statements is true?
OPTIONS:
0: The magnitude of the magnetic force is smaller in Pair 2.
1: The magnitude of the magnetic force is the same in both pairs.
2: The magnitude of the magnetic force is smaller in Pair 1.

Answer with the correct option from 0 to 2. Only provide the numeric and nothing else 

Answer:  ASSISTANT: 0. 20. 20. 20. 20. 20. 20. 20. 20. 20. 20. 20. 20",0,0,grade8
1001,"USER: 
 QUESTION: What is the name of the colony shown?
OPTIONS:
0: New York
1: Rhode Island
2: Delaware
3: Virginia

Answer with the correct option from 0 to 3. Only provide the numeric and nothing else 

Answer:  ASSISTANT:",10000,0,grade4
1002,"USER: 
 QUESTION: Think about the magnetic force between the magnets in each pair. Which of the following statements is true?
OPTIONS:
0: The magnitude of the magnetic force is the same in both pairs.
1: The magnitude of the magnetic force is smaller in Pair 2.
2: The magnitude of the magnetic force is smaller in Pair 1.

Answer with the correct option from 0 to 2. Only provide the numeric and nothing else 

Answer:  ASSISTANT: 0.",0,0,grade5
1003,"USER: 
 QUESTION: Which month is the wettest on average in Christchurch?
OPTIONS:
0: April
1: December
2: May

Answer with the correct option from 0 to 2. Only provide the numeric and nothing else 

Answer:  ASSISTANT:",10000,2,grade3
1004,"USER: 
 QUESTION: What is the capital of Kentucky?
OPTIONS:
0: Pierre
1: Lexington
2: Frankfort
3: Jefferson City

Answer with the correct option from 0 to 3. Only provide the numeric and nothing else 

Answer:  ASSISTANT:",10000,2,grade3
1005,"USER: 
 QUESTION: Think about the magnetic force between the magnets in each pair. Which of the following statements is true?
OPTIONS:
0: The magnitude of the magnetic force is the same in both pairs.
1: The magnitude of the magnetic force is smaller in Pair 1.
2: The magnitude of the magnetic force is smaller in Pair 2.

Answer with the correct option from 0 to 2. Only provide the numeric and nothing else 

Answer:  ASSISTANT: 0.",0,2,grade8
1006,"USER: 
 QUESTION: Which country is highlighted?
OPTIONS:
0: the Dominican Republic
1: Dominica
2: Trinidad and Tobago
3: Grenada

Answer with the correct option from 0 to 3. Only provide the numeric and nothing else 

Answer:  ASSISTANT:",10000,2,grade7
1007,"USER: 
 QUESTION: Which of the following could Tara and Rosanne's test show?
OPTIONS:
0: if the concrete from each batch took the same amount of time to dry
1: if a new batch of concrete was firm enough to use

Answer with the correct option from 0 to 1. Only provide the numeric and nothing else 

Answer:  ASSISTANT:",10000,1,grade6
1008,"USER: 
 QUESTION: What is the capital of Nebraska?
OPTIONS:
0: Providence
1: Saint Paul
2: Lincoln
3: Kansas City

Answer with the correct option from 0 to 3. Only provide the numeric and nothing else 

Answer:  ASSISTANT:",10000,2,grade5
1009,"USER: 
 QUESTION: Which statement describes the Sonoran Desert ecosystem?
OPTIONS:
0: It has many different types of organisms.
1: It has thick, moist soil.
2: It has only a few types of organisms.

Answer with the correct option from 0 to 2. Only provide the numeric and nothing else 

Answer:  ASSISTANT: 00.00.",0,0,grade5
1010,"USER: 
 QUESTION: Which continent is highlighted?
OPTIONS:
0: Australia
1: North America
2: South America
3: Asia

Answer with the correct option from 0 to 3. Only provide the numeric and nothing else 

Answer:  ASSISTANT:",10000,3,grade3
1011,"USER: 
 QUESTION: Which of these states is farthest north?
OPTIONS:
0: Tennessee
1: New Mexico
2: Rhode Island
3: Kansas

Answer with the correct option from 0 to 3. Only provide the numeric and nothing else 

Answer:  ASSISTANT:",10000,2,grade5
1012,"USER: 
 QUESTION: Which property matches this object?
OPTIONS:
0: rough
1: stretchy

Answer with the correct option from 0 to 1. Only provide the numeric and nothing else 

Answer:  ASSISTANT:",10000,0,grade2
1013,"USER: 
 QUESTION: Which type of relationship is formed when an alpheid shrimp shares its burrow with a goby?
OPTIONS:
0: commensal
1: parasitic
2: mutualistic

Answer with the correct option from 0 to 2. Only provide the numeric and nothing else 

Answer:  ASSISTANT:",10000,2,grade7
1014,"USER: 
 QUESTION: What is the name of the colony shown?
OPTIONS:
0: Delaware
1: Georgia
2: Indiana
3: Maryland

Answer with the correct option from 0 to 3. Only provide the numeric and nothing else 

Answer:  ASSISTANT:",10000,1,grade7
1015,"USER: 
 QUESTION: Think about the magnetic force between the magnets in each pair. Which of the following statements is true?
OPTIONS:
0: The magnitude of the magnetic force is the same in both pairs.
1: The magnitude of the magnetic force is smaller in Pair 1.
2: The magnitude of the magnetic force is smaller in Pair 2.

Answer with the correct option from 0 to 2. Only provide the numeric and nothing else 

Answer:  ASSISTANT: 0.",0,0,grade6
1016,"USER: 
 QUESTION: Think about the magnetic force between the magnets in each pair. Which of the following statements is true?
OPTIONS:
0: The magnitude of the magnetic force is the same in both pairs.
1: The magnitude of the magnetic force is smaller in Pair 2.
2: The magnitude of the magnetic force is smaller in Pair 1.

Answer with the correct option from 0 to 2. Only provide the numeric and nothing else 

Answer:  ASSISTANT: 0.",0,2,grade6
1017,"USER: 
 QUESTION: Which animal's mouth is also adapted to eat plant matter?
OPTIONS:
0: cougar
1: impala

Answer with the correct option from 0 to 1. Only provide the numeric and nothing else 

Answer:  ASSISTANT:",10000,1,grade4
1018,"USER: 
 QUESTION: What can Nancy and Dominic trade to each get what they want?
OPTIONS:
0: Nancy can trade her tomatoes for Dominic's carrots.
1: Dominic can trade his broccoli for Nancy's oranges.
2: Dominic can trade his almonds for Nancy's tomatoes.
3: Nancy can trade her tomatoes for Dominic's broccoli.

Answer with the correct option from 0 to 3. Only provide the numeric and nothing else 

Answer:  ASSISTANT:",10000,3,grade8
1019,"USER: 
 QUESTION: Which country is highlighted?
OPTIONS:
0: Barbados
1: Saint Vincent and the Grenadines
2: Cuba
3: Saint Lucia

Answer with the correct option from 0 to 3. Only provide the numeric and nothing else 

Answer:  ASSISTANT:",10000,0,grade6
1020,"USER: 
 QUESTION: Which material is this toilet plunger made of?
OPTIONS:
0: wood
1: porcelain

Answer with the correct option from 0 to 1. Only provide the numeric and nothing else 

Answer:  ASSISTANT:",10000,0,grade3
1021,"USER: 
 QUESTION: Which country is highlighted?
OPTIONS:
0: Australia
1: Palau
2: Papua New Guinea
3: New Zealand

Answer with the correct option from 0 to 3. Only provide the numeric and nothing else 

Answer:  ASSISTANT:",10000,3,grade7
1022,"USER: 
 QUESTION: Look at the models of molecules below. Select the elementary substance.
OPTIONS:
0: tetraphosphorus
1: fluoromethane
2: chloromethane

Answer with the correct option from 0 to 2. Only provide the numeric and nothing else 

Answer:  ASSISTANT:",10000,0,grade6
1023,"USER: 
 QUESTION: What is the capital of New Hampshire?
OPTIONS:
0: Salem
1: Concord
2: Fort Wayne
3: Manchester

Answer with the correct option from 0 to 3. Only provide the numeric and nothing else 

Answer:  ASSISTANT:",10000,1,grade4
1024,"USER: 
 QUESTION: Select the mammal below.
OPTIONS:
0: common toad
1: human
2: box turtle
3: clownfish

Answer with the correct option from 0 to 3. Only provide the numeric and nothing else 

Answer:  ASSISTANT: 0000000000000000000000000000000000000000000000000",0,1,grade4
1025,"USER: 
 QUESTION: Is the wind through a tree a solid, a liquid, or a gas?
OPTIONS:
0: a solid
1: a gas
2: a liquid

Answer with the correct option from 0 to 2. Only provide the numeric and nothing else 

Answer:  ASSISTANT:",10000,1,grade4
1026,"USER: 
 QUESTION: In this food web, which organism contains matter that eventually moves to the earthworm?
OPTIONS:
0: barren-ground caribou
1: mushroom
2: grizzly bear
3: bear sedge

Answer with the correct option from 0 to 3. Only provide the numeric and nothing else 

Answer:  ASSISTANT:",10000,3,grade7
1027,"USER: 
 QUESTION: Which country is highlighted?
OPTIONS:
0: Tonga
1: Solomon Islands
2: Vanuatu
3: Fiji

Answer with the correct option from 0 to 3. Only provide the numeric and nothing else 

Answer:  ASSISTANT:",10000,3,grade8
1028,"USER: 
 QUESTION: Which continent is highlighted?
OPTIONS:
0: Africa
1: Europe
2: South America
3: North America

Answer with the correct option from 0 to 3. Only provide the numeric and nothing else 

Answer:  ASSISTANT:",10000,0,grade5
1029,"USER: 
 QUESTION: What is the capital of New Jersey?
OPTIONS:
0: Trenton
1: Honolulu
2: Jersey City
3: Hartford

Answer with the correct option from 0 to 3. Only provide the numeric and nothing else 

Answer:  ASSISTANT:",10000,0,grade5
1030,"USER: 
 QUESTION: What can Clara and Hazel trade to each get what they want?
OPTIONS:
0: Clara can trade her tomatoes for Hazel's broccoli.
1: Hazel can trade her almonds for Clara's tomatoes.
2: Clara can trade her tomatoes for Hazel's carrots.
3: Hazel can trade her broccoli for Clara's oranges.

Answer with the correct option from 0 to 3. Only provide the numeric and nothing else 

Answer:  ASSISTANT:",10000,0,grade7
1031,"USER: 
 QUESTION: Select the fish below.
OPTIONS:
0: flamingo
1: bull shark

Answer with the correct option from 0 to 1. Only provide the numeric and nothing else 

Answer:  ASSISTANT:",10000,1,grade3
1032,"USER: 
 QUESTION: What can Erik and Lily trade to each get what they want?
OPTIONS:
0: Erik can trade his tomatoes for Lily's broccoli.
1: Lily can trade her almonds for Erik's tomatoes.
2: Lily can trade her broccoli for Erik's oranges.
3: Erik can trade his tomatoes for Lily's carrots.

Answer with the correct option from 0 to 3. Only provide the numeric and nothing else 

Answer:  ASSISTANT:",10000,0,grade7
1033,"USER: 
 QUESTION: Which statement is true about the average monthly temperature in New York City?
OPTIONS:
0: January and February are the coldest months of the year.
1: The temperature does not change much from month to month.
2: July, August, and September are colder than the other months of the year.

Answer with the correct option from 0 to 2. Only provide the numeric and nothing else 

Answer:  ASSISTANT: 2000000000000000000000000000000000000000000000000",2000000000000000000000000000000000000000000000000,0,grade4
1034,"USER: 
 QUESTION: Which better describes the Cape Breton Highlands National Park ecosystem?
OPTIONS:
0: It has short, cool summers. It also has soil that is rich in nutrients.
1: It has many evergreen trees. It also has soil that is poor in nutrients.

Answer with the correct option from 0 to 1. Only provide the numeric and nothing else 

Answer:  ASSISTANT:",10000,1,grade4
1035,"USER: 
 QUESTION: What is the capital of Alabama?
OPTIONS:
0: Cheyenne
1: Charleston
2: Montgomery
3: Providence

Answer with the correct option from 0 to 3. Only provide the numeric and nothing else 

Answer:  ASSISTANT:",10000,2,grade5
1036,"USER: 
 QUESTION: Which term matches the picture?
OPTIONS:
0: respiratory system
1: circulatory system

Answer with the correct option from 0 to 1. Only provide the numeric and nothing else 

Answer:  ASSISTANT:",10000,1,grade6
1037,"USER: 
 QUESTION: What is the name of the colony shown?
OPTIONS:
0: Virginia
1: South Carolina
2: Georgia
3: North Carolina

Answer with the correct option from 0 to 3. Only provide the numeric and nothing else 

Answer:  ASSISTANT:",10000,3,grade5
1038,"USER: 
 QUESTION: Which continent is highlighted?
OPTIONS:
0: South America
1: Antarctica
2: Africa
3: North America

Answer with the correct option from 0 to 3. Only provide the numeric and nothing else 

Answer:  ASSISTANT:",10000,2,grade8
1039,"USER: 
 QUESTION: Think about the magnetic force between the magnets in each pair. Which of the following statements is true?
OPTIONS:
0: The magnetic force is weaker in Pair 2.
1: The strength of the magnetic force is the same in both pairs.
2: The magnetic force is weaker in Pair 1.

Answer with the correct option from 0 to 2. Only provide the numeric and nothing else 

Answer:  ASSISTANT: 0. 20. 20. 20. 20. 20. 20. 20. 20. 20. 20. 20.20.",0,0,grade4
1040,"USER: 
 QUESTION: Select the organism in the same genus as the European green toad.
OPTIONS:
0: Bufo bufo
1: Lithobates blairi
2: Hyla japonica

Answer with the correct option from 0 to 2. Only provide the numeric and nothing else 

Answer:  ASSISTANT: 0000000000000000000000000000000000000000000000000",0,0,grade8
1041,"USER: 
 QUESTION: Which animal's mouth is also adapted to tear through meat?
OPTIONS:
0: orca
1: tamandua

Answer with the correct option from 0 to 1. Only provide the numeric and nothing else 

Answer:  ASSISTANT:",10000,0,grade4
1042,"USER: 
 QUESTION: What can Ian and Joseph trade to each get what they want?
OPTIONS:
0: Joseph can trade his almonds for Ian's tomatoes.
1: Ian can trade his tomatoes for Joseph's carrots.
2: Ian can trade his tomatoes for Joseph's broccoli.
3: Joseph can trade his broccoli for Ian's oranges.

Answer with the correct option from 0 to 3. Only provide the numeric and nothing else 

Answer:  ASSISTANT:",10000,2,grade8
1043,"USER: 
 QUESTION: During this time, thermal energy was transferred from () to ().
OPTIONS:
0: the surroundings . . . each battery
1: each battery . . . the surroundings

Answer with the correct option from 0 to 1. Only provide the numeric and nothing else 

Answer:  ASSISTANT:",10000,1,grade7
1044,"USER: 
 QUESTION: Which animal's skin is also adapted for survival in cold places?
OPTIONS:
0: Eurasian lynx
1: thorny devil

Answer with the correct option from 0 to 1. Only provide the numeric and nothing else 

Answer:  ASSISTANT:",10000,0,grade5
1045,"USER: 
 QUESTION: Does this passage describe the weather or the climate?
OPTIONS:
0: climate
1: weather

Answer with the correct option from 0 to 1. Only provide the numeric and nothing else 

Answer:  ASSISTANT:",10000,1,grade4
1046,"USER: 
 QUESTION: Is the following statement about our solar system true or false?
The volume of Neptune is less than 75% of the volume of Uranus.
OPTIONS:
0: false
1: true

Answer with the correct option from 0 to 1. Only provide the numeric and nothing else 

Answer:  ASSISTANT: 00. 00. 000.0000000000000000000000000000000000000",0,0,grade6
1047,"USER: 
 QUESTION: What is the name of the colony shown?
OPTIONS:
0: New Jersey
1: Delaware
2: Michigan
3: Indiana

Answer with the correct option from 0 to 3. Only provide the numeric and nothing else 

Answer:  ASSISTANT:",10000,0,grade5
1048,"USER: 
 QUESTION: What can Tristan and Lorenzo trade to each get what they want?
OPTIONS:
0: Lorenzo can trade his broccoli for Tristan's oranges.
1: Tristan can trade his tomatoes for Lorenzo's broccoli.
2: Lorenzo can trade his almonds for Tristan's tomatoes.
3: Tristan can trade his tomatoes for Lorenzo's carrots.

Answer with the correct option from 0 to 3. Only provide the numeric and nothing else 

Answer:  ASSISTANT:",10000,1,grade8
1049,"USER: 
 QUESTION: Which country is highlighted?
OPTIONS:
0: Haiti
1: the Dominican Republic
2: Cuba
3: Dominica

Answer with the correct option from 0 to 3. Only provide the numeric and nothing else 

Answer:  ASSISTANT:",10000,1,grade8
1050,"USER: 
 QUESTION: What is the capital of New Mexico?
OPTIONS:
0: Santa Fe
1: Columbia
2: Albuquerque
3: Minneapolis

Answer with the correct option from 0 to 3. Only provide the numeric and nothing else 

Answer:  ASSISTANT:",10000,0,grade5
1051,"USER: 
 QUESTION: What is the capital of Louisiana?
OPTIONS:
0: Frankfort
1: Salem
2: Baton Rouge
3: New Orleans

Answer with the correct option from 0 to 3. Only provide the numeric and nothing else 

Answer:  ASSISTANT:",10000,2,grade3
1052,"USER: 
 QUESTION: Which of these states is farthest east?
OPTIONS:
0: Arkansas
1: Montana
2: Arizona
3: Ohio

Answer with the correct option from 0 to 3. Only provide the numeric and nothing else 

Answer:  ASSISTANT:",10000,3,grade5
1053,"USER: 
 QUESTION: Which continent is highlighted?
OPTIONS:
0: Europe
1: Asia
2: Australia
3: South America

Answer with the correct option from 0 to 3. Only provide the numeric and nothing else 

Answer:  ASSISTANT:",10000,0,grade8
1054,"USER: 
 QUESTION: Select the organism in the same species as the slender-spined porcupinefish.
OPTIONS:
0: Amphiprion frenatus
1: Amphiprion perideraion
2: Diodon nicthemerus

Answer with the correct option from 0 to 2. Only provide the numeric and nothing else 

Answer:  ASSISTANT:",10000,2,grade8
1055,"USER: 
 QUESTION: Which ocean is highlighted?
OPTIONS:
0: the Arctic Ocean
1: the Atlantic Ocean
2: the Indian Ocean
3: the Southern Ocean

Answer with the correct option from 0 to 3. Only provide the numeric and nothing else 

Answer:  ASSISTANT:",10000,3,grade8
1056,"USER: 
 QUESTION: Which specific humidity level was measured within the outlined area shown?
OPTIONS:
0: 24 grams of water vapor per kilogram of air
1: 13 grams of water vapor per kilogram of air
2: 9 grams of water vapor per kilogram of air

Answer with the correct option from 0 to 2. Only provide the numeric and nothing else 

Answer:  ASSISTANT: 20000",20000,0,grade7
1057,"USER: 
 QUESTION: Which continent is highlighted?
OPTIONS:
0: Antarctica
1: Asia
2: Australia
3: South America

Answer with the correct option from 0 to 3. Only provide the numeric and nothing else 

Answer:  ASSISTANT:",10000,2,grade5
1058,"USER: 
 QUESTION: During this time, thermal energy was transferred from () to ().
OPTIONS:
0: each aquarium . . . the surroundings
1: the surroundings . . . each aquarium

Answer with the correct option from 0 to 1. Only provide the numeric and nothing else 

Answer:  ASSISTANT:",10000,0,grade7
1059,"USER: 
 QUESTION: What can Rosa and Kylie trade to each get what they want?
OPTIONS:
0: Kylie can trade her almonds for Rosa's tomatoes.
1: Rosa can trade her tomatoes for Kylie's broccoli.
2: Rosa can trade her tomatoes for Kylie's carrots.
3: Kylie can trade her broccoli for Rosa's oranges.

Answer with the correct option from 0 to 3. Only provide the numeric and nothing else 

Answer:  ASSISTANT:",10000,1,grade8
1060,"USER: 
 QUESTION: Which property matches this object?
OPTIONS:
0: rough
1: slippery

Answer with the correct option from 0 to 1. Only provide the numeric and nothing else 

Answer:  ASSISTANT:",10000,0,grade2
1061,"USER: 
 QUESTION: Which property do these three objects have in common?
OPTIONS:
0: translucent
1: transparent
2: sour

Answer with the correct option from 0 to 2. Only provide the numeric and nothing else 

Answer:  ASSISTANT:",10000,2,grade4
1062,"USER: 
 QUESTION: Which state is highlighted?
OPTIONS:
0: Washington
1: New Mexico
2: California
3: Alaska

Answer with the correct option from 0 to 3. Only provide the numeric and nothing else 

Answer:  ASSISTANT:",10000,1,grade5
1063,"USER: 
 QUESTION: Think about the magnetic force between the magnets in each pair. Which of the following statements is true?
OPTIONS:
0: The magnitude of the magnetic force is greater in Pair 2.
1: The magnitude of the magnetic force is greater in Pair 1.
2: The magnitude of the magnetic force is the same in both pairs.

Answer with the correct option from 0 to 2. Only provide the numeric and nothing else 

Answer:  ASSISTANT: 0.",0,0,grade5
1064,"USER: 
 QUESTION: In this experiment, which were part of an experimental group?
OPTIONS:
0: the unpruned tomato plants
1: the pruned tomato plants

Answer with the correct option from 0 to 1. Only provide the numeric and nothing else 

Answer:  ASSISTANT:",10000,1,grade7
1065,"USER: 
 QUESTION: Which of these states is farthest north?
OPTIONS:
0: Delaware
1: West Virginia
2: Iowa
3: Alabama

Answer with the correct option from 0 to 3. Only provide the numeric and nothing else 

Answer:  ASSISTANT:",10000,2,grade4
1066,"USER: 
 QUESTION: Think about the magnetic force between the magnets in each pair. Which of the following statements is true?
OPTIONS:
0: The magnetic force is weaker in Pair 2.
1: The strength of the magnetic force is the same in both pairs.
2: The magnetic force is weaker in Pair 1.

Answer with the correct option from 0 to 2. Only provide the numeric and nothing else 

Answer:  ASSISTANT: 0. 20. 20. 20. 20. 20. 20. 20. 20. 20. 20. 20.20.",0,1,grade3
1067,"USER: 
 QUESTION: What is the capital of North Dakota?
OPTIONS:
0: Kansas City
1: Bismarck
2: Fargo
3: Davenport

Answer with the correct option from 0 to 3. Only provide the numeric and nothing else 

Answer:  ASSISTANT:",10000,1,grade3
1068,"USER: 
 QUESTION: Think about the magnetic force between the magnets in each pair. Which of the following statements is true?
OPTIONS:
0: The strength of the magnetic force is the same in both pairs.
1: The magnetic force is weaker in Pair 1.
2: The magnetic force is weaker in Pair 2.

Answer with the correct option from 0 to 2. Only provide the numeric and nothing else 

Answer:  ASSISTANT: 200. 20000000000000000000000000000000000000000000",2,0,grade3
1069,"USER: 
 QUESTION: Which country is highlighted?
OPTIONS:
0: Tonga
1: New Zealand
2: Tuvalu
3: Kiribati

Answer with the correct option from 0 to 3. Only provide the numeric and nothing else 

Answer:  ASSISTANT:",10000,0,grade6
1070,"USER: 
 QUESTION: What is the capital of Mississippi?
OPTIONS:
0: Charleston
1: Portland
2: Jackson
3: Biloxi

Answer with the correct option from 0 to 3. Only provide the numeric and nothing else 

Answer:  ASSISTANT:",10000,2,grade3
1071,"USER: 
 QUESTION: Does Chelonoidis nigra have cells that have a nucleus?
OPTIONS:
0: no
1: yes

Answer with the correct option from 0 to 1. Only provide the numeric and nothing else 

Answer:  ASSISTANT:",10000,1,grade5
1072,"USER: 
 QUESTION: What is the direction of this push?
OPTIONS:
0: toward the boy's thumb
1: away from the boy's thumb

Answer with the correct option from 0 to 1. Only provide the numeric and nothing else 

Answer:  ASSISTANT:",10000,1,grade2
1073,"USER: 
 QUESTION: What is the name of the colony shown?
OPTIONS:
0: Massachusetts
1: Ohio
2: Indiana
3: New Hampshire

Answer with the correct option from 0 to 3. Only provide the numeric and nothing else 

Answer:  ASSISTANT:",10000,0,grade7
1074,"USER: 
 QUESTION: Is hematite a mineral or a rock?
OPTIONS:
0: rock
1: mineral

Answer with the correct option from 0 to 1. Only provide the numeric and nothing else 

Answer:  ASSISTANT:",10000,1,grade8
1075,"USER: 
 QUESTION: What is the expected ratio of offspring with mutated antennae to offspring with normal antennae? Choose the most likely ratio.
OPTIONS:
0: 1:3
1: 0:4
2: 3:1
3: 2:2
4: 4:0

Answer with the correct option from 0 to 4. Only provide the numeric and nothing else 

Answer:  ASSISTANT: 20. 20. 20. 20. 20. 20. 20. 20. 20. 20.20.20.20.2",2,2,grade8
1076,"USER: 
 QUESTION: Which statement describes the Mount Rainier National Park ecosystem?
OPTIONS:
0: It has many evergreen trees.
1: It has soil that is frozen year-round.

Answer with the correct option from 0 to 1. Only provide the numeric and nothing else 

Answer:  ASSISTANT:",10000,0,grade6
1077,"USER: 
 QUESTION: Does this passage describe the weather or the climate?
OPTIONS:
0: climate
1: weather

Answer with the correct option from 0 to 1. Only provide the numeric and nothing else 

Answer:  ASSISTANT:",10000,1,grade4
1078,"USER: 
 QUESTION: Look at the models of molecules below. Select the elementary substance.
OPTIONS:
0: bromine
1: hydrazine
2: trichlorofluoromethane

Answer with the correct option from 0 to 2. Only provide the numeric and nothing else 

Answer:  ASSISTANT:",10000,0,grade6
1079,"USER: 
 QUESTION: Compare the average kinetic energies of the particles in each sample. Which sample has the higher temperature?
OPTIONS:
0: neither; the samples have the same temperature
1: sample A
2: sample B

Answer with the correct option from 0 to 2. Only provide the numeric and nothing else 

Answer:  ASSISTANT:",10000,2,grade7
1080,"USER: 
 QUESTION: What is the capital of South Dakota?
OPTIONS:
0: Springfield
1: Pierre
2: Rapid City
3: Frankfort

Answer with the correct option from 0 to 3. Only provide the numeric and nothing else 

Answer:  ASSISTANT:",10000,1,grade4
1081,"USER: 
 QUESTION: Which animal's legs are also adapted for wading?
OPTIONS:
0: African sacred ibis
1: kookaburra

Answer with the correct option from 0 to 1. Only provide the numeric and nothing else 

Answer:  ASSISTANT:",10000,0,grade5
1082,"USER: 
 QUESTION: Which solution has a higher concentration of pink particles?
OPTIONS:
0: neither; their concentrations are the same
1: Solution A
2: Solution B

Answer with the correct option from 0 to 2. Only provide the numeric and nothing else 

Answer:  ASSISTANT:",10000,2,grade6
1083,"USER: 
 QUESTION: Select the organism in the same species as the purple heron.
OPTIONS:
0: Caprimulgus europaeus
1: Ardea purpurea
2: Ardea herodias

Answer with the correct option from 0 to 2. Only provide the numeric and nothing else 

Answer:  ASSISTANT: 00.",0,1,grade5
1084,"USER: 
 QUESTION: Which property do these three objects have in common?
OPTIONS:
0: transparent
1: sour
2: opaque

Answer with the correct option from 0 to 2. Only provide the numeric and nothing else 

Answer:  ASSISTANT:",10000,0,grade3
1085,"USER: 
 QUESTION: Will these magnets attract or repel each other?
OPTIONS:
0: repel
1: attract

Answer with the correct option from 0 to 1. Only provide the numeric and nothing else 

Answer:  ASSISTANT:",10000,1,grade3
1086,"USER: 
 QUESTION: Complete the statement.
Potassium bromide is ().
OPTIONS:
0: an elementary substance
1: a compound

Answer with the correct option from 0 to 1. Only provide the numeric and nothing else 

Answer:  ASSISTANT: 0000000000000000000000000000000000000000000000000",0,1,grade7
1087,"USER: 
 QUESTION: Compare the average kinetic energies of the particles in each sample. Which sample has the higher temperature?
OPTIONS:
0: sample B
1: neither; the samples have the same temperature
2: sample A

Answer with the correct option from 0 to 2. Only provide the numeric and nothing else 

Answer:  ASSISTANT:",10000,2,grade8
1088,"USER: 
 QUESTION: Which of the following could Kaylee's test show?
OPTIONS:
0: whether different types of bacteria would need different nutrients to produce insulin
1: whether she added enough nutrients to help the bacteria produce 20% more insulin
2: whether producing more insulin would help the bacteria grow faster

Answer with the correct option from 0 to 2. Only provide the numeric and nothing else 

Answer:  ASSISTANT:",10000,1,grade8
1089,"USER: 
 QUESTION: Identify the question that Percy's experiment can best answer.
OPTIONS:
0: Can pennies hold more drops of water mixed with dish soap or water mixed with hand soap?
1: Can pennies hold more drops of pure water or water mixed with hand soap?

Answer with the correct option from 0 to 1. Only provide the numeric and nothing else 

Answer:  ASSISTANT: 0000000000000000000000000000000000000000000000000",0,1,grade8
1090,"USER: 
 QUESTION: Which better describes the tide pool ecosystems in Tongue Point Marine Life Sanctuary?
OPTIONS:
0: It has no sunlight. It also has daily flooding and draining of seawater.
1: It has daily flooding and draining of seawater. It also has many different types of organisms.

Answer with the correct option from 0 to 1. Only provide the numeric and nothing else 

Answer:  ASSISTANT: 20",20,1,grade3
1091,"USER: 
 QUESTION: Identify the question that Zach's experiment can best answer.
OPTIONS:
0: Can pennies hold more drops of water mixed with dish soap or water mixed with hand soap?
1: Can pennies hold more drops of pure water or water mixed with hand soap?

Answer with the correct option from 0 to 1. Only provide the numeric and nothing else 

Answer:  ASSISTANT: 0000000000000000000000000000000000000000000000000",0,1,grade6
1092,"USER: 
 QUESTION: What is the capital of Tennessee?
OPTIONS:
0: Knoxville
1: Austin
2: Biloxi
3: Nashville

Answer with the correct option from 0 to 3. Only provide the numeric and nothing else 

Answer:  ASSISTANT:",10000,3,grade3
1093,"USER: 
 QUESTION: Think about the magnetic force between the magnets in each pair. Which of the following statements is true?
OPTIONS:
0: The magnetic force is stronger in Pair 2.
1: The magnetic force is stronger in Pair 1.
2: The strength of the magnetic force is the same in both pairs.

Answer with the correct option from 0 to 2. Only provide the numeric and nothing else 

Answer:  ASSISTANT: 2000000000000000000000000000000000000000000000000",2000000000000000000000000000000000000000000000000,0,grade4
1094,"USER: 
 QUESTION: Complete the statement.
Chloroform is ().
OPTIONS:
0: a compound
1: an elementary substance

Answer with the correct option from 0 to 1. Only provide the numeric and nothing else 

Answer:  ASSISTANT: 0000000000000000000000000000000000000000000000000",0,0,grade5
1095,"USER: 
 QUESTION: Is hornblende a mineral or a rock?
OPTIONS:
0: rock
1: mineral

Answer with the correct option from 0 to 1. Only provide the numeric and nothing else 

Answer:  ASSISTANT:",10000,1,grade7
1096,"USER: 
 QUESTION: Is the following statement about our solar system true or false?
The volume of Neptune is less than 75% of the volume of Uranus.
OPTIONS:
0: false
1: true

Answer with the correct option from 0 to 1. Only provide the numeric and nothing else 

Answer:  ASSISTANT: 00. 00. 000.0000000000000000000000000000000000000",0,0,grade6
1097,"USER: 
 QUESTION: Identify the question that Mike's experiment can best answer.
OPTIONS:
0: Do more bacteria grow in liquid with cinnamon than in liquid without cinnamon?
1: Does temperature affect how much bacteria can grow in liquid?

Answer with the correct option from 0 to 1. Only provide the numeric and nothing else 

Answer:  ASSISTANT:00000000000000000000000000000000000000000000000000",0,0,grade6
1098,"USER: 
 QUESTION: What is the capital of Utah?
OPTIONS:
0: Salt Lake City
1: Nashville
2: Boston
3: Salem

Answer with the correct option from 0 to 3. Only provide the numeric and nothing else 

Answer:  ASSISTANT:",10000,0,grade5
1099,"USER: 
 QUESTION: Which animal is also adapted to use its neck to appear large and scary to a predator?
OPTIONS:
0: Madagascar day gecko
1: Mozambique spitting cobra

Answer with the correct option from 0 to 1. Only provide the numeric and nothing else 

Answer:  ASSISTANT:",10000,1,grade5
1100,"USER: 
 QUESTION: What is the capital of Colorado?
OPTIONS:
0: Boulder
1: Colorado Springs
2: Dallas
3: Denver

Answer with the correct option from 0 to 3. Only provide the numeric and nothing else 

Answer:  ASSISTANT:",10000,3,grade3
1101,"USER: 
 QUESTION: Which property do these three objects have in common?
OPTIONS:
0: shiny
1: rough
2: fragile

Answer with the correct option from 0 to 2. Only provide the numeric and nothing else 

Answer:  ASSISTANT:",10000,0,grade3
1102,"USER: 
 QUESTION: Select the true statement.
OPTIONS:
0: Animals need food, but plants don't.
1: Chemical energy can be used for cell growth.

Answer with the correct option from 0 to 1. Only provide the numeric and nothing else 

Answer:  ASSISTANT: 0000000000000000000000000000000000000000000000000",0,1,grade6
1103,"USER: 
 QUESTION: Identify the question that Tanvi's experiment can best answer.
OPTIONS:
0: Are eggs more likely to float in fresh water or salty water?
1: Does the amount of water in a glass affect whether eggs sink or float in the water?

Answer with the correct option from 0 to 1. Only provide the numeric and nothing else 

Answer:  ASSISTANT:",10000,0,grade7
1104,"USER: 
 QUESTION: Which part of the pineapple tree do we usually eat?
OPTIONS:
0: the leaves
1: the root
2: the fruit

Answer with the correct option from 0 to 2. Only provide the numeric and nothing else 

Answer:  ASSISTANT:",10000,2,grade4
1105,"USER: 
 QUESTION: Which solution has a higher concentration of purple particles?
OPTIONS:
0: Solution B
1: neither; their concentrations are the same
2: Solution A

Answer with the correct option from 0 to 2. Only provide the numeric and nothing else 

Answer:  ASSISTANT:",10000,1,grade7
1106,"USER: 
 QUESTION: Which statement describes the Peary Land ecosystem?
OPTIONS:
0: It has warm summers and cool winters.
1: It has many evergreen trees.
2: It has mostly small plants.

Answer with the correct option from 0 to 2. Only provide the numeric and nothing else 

Answer:  ASSISTANT: 200.000.00.",2,2,grade8
1107,"USER: 
 QUESTION: Which ocean is highlighted?
OPTIONS:
0: the Atlantic Ocean
1: the Indian Ocean
2: the Southern Ocean
3: the Arctic Ocean

Answer with the correct option from 0 to 3. Only provide the numeric and nothing else 

Answer:  ASSISTANT:",10000,0,grade7
1108,"USER: 
 QUESTION: Which of these states is farthest east?
OPTIONS:
0: New York
1: Ohio
2: Colorado
3: Mississippi

Answer with the correct option from 0 to 3. Only provide the numeric and nothing else 

Answer:  ASSISTANT:",10000,0,grade5
1109,"USER: 
 QUESTION: What is the expected ratio of offspring with dumbo ears to offspring with normal ears? Choose the most likely ratio.
OPTIONS:
0: 3:1
1: 0:4
2: 2:2
3: 4:0
4: 1:3

Answer with the correct option from 0 to 4. Only provide the numeric and nothing else 

Answer:  ASSISTANT: 20. 20. 20. 20. 20. 20. 20. 20. 20. 20.20.20.20.2",2,1,grade8
1110,"USER: 
 QUESTION: Which is this organism's scientific name?
OPTIONS:
0: European nightjar
1: Caprimulgus europaeus

Answer with the correct option from 0 to 1. Only provide the numeric and nothing else 

Answer:  ASSISTANT:",10000,1,grade7
1111,"USER: 
 QUESTION: Which material are these marbles made of?
OPTIONS:
0: glass
1: cardboard

Answer with the correct option from 0 to 1. Only provide the numeric and nothing else 

Answer:  ASSISTANT:",10000,0,grade3
1112,"USER: 
 QUESTION: Which of these states is farthest west?
OPTIONS:
0: Delaware
1: Florida
2: Rhode Island
3: Maine

Answer with the correct option from 0 to 3. Only provide the numeric and nothing else 

Answer:  ASSISTANT:",10000,1,grade5
1113,"USER: 
 QUESTION: Which animal's neck is also adapted for reaching high branches?
OPTIONS:
0: bison
1: giraffe

Answer with the correct option from 0 to 1. Only provide the numeric and nothing else 

Answer:  ASSISTANT:",10000,1,grade5
1114,"USER: 
 QUESTION: What is the capital of Utah?
OPTIONS:
0: Richmond
1: Provo
2: Phoenix
3: Salt Lake City

Answer with the correct option from 0 to 3. Only provide the numeric and nothing else 

Answer:  ASSISTANT:",10000,3,grade5
1115,"USER: 
 QUESTION: Which ocean is highlighted?
OPTIONS:
0: the Pacific Ocean
1: the Arctic Ocean
2: the Indian Ocean
3: the Atlantic Ocean

Answer with the correct option from 0 to 3. Only provide the numeric and nothing else 

Answer:  ASSISTANT:",10000,0,grade6
1116,"USER: 
 QUESTION: Which property matches this object?
OPTIONS:
0: transparent
1: bouncy

Answer with the correct option from 0 to 1. Only provide the numeric and nothing else 

Answer:  ASSISTANT:",10000,0,grade3
1117,"USER: 
 QUESTION: Complete the text to describe the diagram.
Solute particles moved in both directions across the permeable membrane. But more solute particles moved across the membrane (). When there was an equal concentration on both sides, the particles reached equilibrium.
OPTIONS:
0: to the right than to the left
1: to the left than to the right

Answer with the correct option from 0 to 1. Only provide the numeric and nothing else 

Answer:  ASSISTANT: 0. 20. 20. 20. 20. 20. 20. 2. 2. 2. 2. 2. 2. 2. 2",0,0,grade6
1118,"USER: 
 QUESTION: Which solution has a higher concentration of yellow particles?
OPTIONS:
0: neither; their concentrations are the same
1: Solution A
2: Solution B

Answer with the correct option from 0 to 2. Only provide the numeric and nothing else 

Answer:  ASSISTANT:",10000,2,grade8
1119,"USER: 
 QUESTION: What can Neil and Darnell trade to each get what they want?
OPTIONS:
0: Darnell can trade his almonds for Neil's tomatoes.
1: Darnell can trade his broccoli for Neil's oranges.
2: Neil can trade his tomatoes for Darnell's sandwich.
3: Neil can trade his tomatoes for Darnell's broccoli.

Answer with the correct option from 0 to 3. Only provide the numeric and nothing else 

Answer:  ASSISTANT:",10000,3,grade6
1120,"USER: 
 QUESTION: What is the capital of Washington?
OPTIONS:
0: Olympia
1: Salt Lake City
2: Nampa
3: Springfield

Answer with the correct option from 0 to 3. Only provide the numeric and nothing else 

Answer:  ASSISTANT:",10000,0,grade3
1121,"USER: 
 QUESTION: Which country is highlighted?
OPTIONS:
0: Papua New Guinea
1: New Zealand
2: Australia
3: Nauru

Answer with the correct option from 0 to 3. Only provide the numeric and nothing else 

Answer:  ASSISTANT:",10000,1,grade8
1122,"USER: 
 QUESTION: Will these magnets attract or repel each other?
OPTIONS:
0: repel
1: attract

Answer with the correct option from 0 to 1. Only provide the numeric and nothing else 

Answer:  ASSISTANT:",10000,0,grade4
1123,"USER: 
 QUESTION: Which of these states is farthest north?
OPTIONS:
0: Georgia
1: Kentucky
2: New Mexico
3: Arkansas

Answer with the correct option from 0 to 3. Only provide the numeric and nothing else 

Answer:  ASSISTANT:",10000,1,grade4
1124,"USER: 
 QUESTION: What can Jennifer and Melissa trade to each get what they want?
OPTIONS:
0: Jennifer can trade her tomatoes for Melissa's carrots.
1: Melissa can trade her broccoli for Jennifer's oranges.
2: Melissa can trade her almonds for Jennifer's tomatoes.
3: Jennifer can trade her tomatoes for Melissa's broccoli.

Answer with the correct option from 0 to 3. Only provide the numeric and nothing else 

Answer:  ASSISTANT:",10000,3,grade7
1125,"USER: 
 QUESTION: Can Rhizophora mangle cells make their own food?
OPTIONS:
0: no
1: yes

Answer with the correct option from 0 to 1. Only provide the numeric and nothing else 

Answer:  ASSISTANT:",10000,1,grade4
1126,"USER: 
 QUESTION: Which property do these four objects have in common?
OPTIONS:
0: smooth
1: translucent
2: transparent

Answer with the correct option from 0 to 2. Only provide the numeric and nothing else 

Answer:  ASSISTANT:",10000,0,grade5
1127,"USER: 
 QUESTION: Which statement describes the Tibetan Plateau ecosystem?
OPTIONS:
0: It has warm summers and cool winters.
1: It has soil that is frozen year-round.

Answer with the correct option from 0 to 1. Only provide the numeric and nothing else 

Answer:  ASSISTANT:",10000,1,grade8
1128,"USER: 
 QUESTION: Which of the following best describes a community in the Great Sand Dunes?
OPTIONS:
0: the grasses and the prairie sunflowers
1: the Ord's kangaroo rats
2: the grasses, the water, and the sand dunes

Answer with the correct option from 0 to 2. Only provide the numeric and nothing else 

Answer:  ASSISTANT: 0000000000000000000000000000000000000000000000000",0,0,grade7
1129,"USER: 
 QUESTION: Think about the magnetic force between the magnets in each pair. Which of the following statements is true?
OPTIONS:
0: The magnetic force is stronger in Pair 2.
1: The magnetic force is stronger in Pair 1.
2: The strength of the magnetic force is the same in both pairs.

Answer with the correct option from 0 to 2. Only provide the numeric and nothing else 

Answer:  ASSISTANT: 2000000000000000000000000000000000000000000000000",2000000000000000000000000000000000000000000000000,1,grade4
1130,"USER: 
 QUESTION: Which solution has a higher concentration of yellow particles?
OPTIONS:
0: Solution A
1: Solution B
2: neither; their concentrations are the same

Answer with the correct option from 0 to 2. Only provide the numeric and nothing else 

Answer:  ASSISTANT:",10000,0,grade7
1131,"USER: 
 QUESTION: What is the capital of Florida?
OPTIONS:
0: Oklahoma City
1: Orlando
2: Tallahassee
3: Tampa

Answer with the correct option from 0 to 3. Only provide the numeric and nothing else 

Answer:  ASSISTANT:",10000,2,grade4
1132,"USER: 
 QUESTION: Which animal is also adapted for climbing trees?
OPTIONS:
0: bare-eared squirrel monkey
1: chital

Answer with the correct option from 0 to 1. Only provide the numeric and nothing else 

Answer:  ASSISTANT:",10000,0,grade3
1133,"USER: 
 QUESTION: Think about the magnetic force between the magnets in each pair. Which of the following statements is true?
OPTIONS:
0: The magnitude of the magnetic force is the same in both pairs.
1: The magnitude of the magnetic force is smaller in Pair 2.
2: The magnitude of the magnetic force is smaller in Pair 1.

Answer with the correct option from 0 to 2. Only provide the numeric and nothing else 

Answer:  ASSISTANT: 0.",0,2,grade7
1134,"USER: 
 QUESTION: During this time, thermal energy was transferred from () to ().
OPTIONS:
0: each salmon . . . the surroundings
1: the surroundings . . . each salmon

Answer with the correct option from 0 to 1. Only provide the numeric and nothing else 

Answer:  ASSISTANT:",10000,1,grade7
1135,"USER: 
 QUESTION: Which statement is true about the average monthly precipitation in Charlotte?
OPTIONS:
0: January is the month with the highest average precipitation.
1: Precipitation does not change much from month to month.
2: Charlotte has a rainy season and a dry season.

Answer with the correct option from 0 to 2. Only provide the numeric and nothing else 

Answer:  ASSISTANT: 2000000000000000000000000000000000000000000000000",2000000000000000000000000000000000000000000000000,1,grade4
1136,"USER: 
 QUESTION: Which of these states is farthest south?
OPTIONS:
0: Michigan
1: New York
2: North Dakota
3: California

Answer with the correct option from 0 to 3. Only provide the numeric and nothing else 

Answer:  ASSISTANT:",10000,3,grade4
1137,"USER: 
 QUESTION: Which country is highlighted?
OPTIONS:
0: Kiribati
1: Solomon Islands
2: the Marshall Islands
3: the Federated States of Micronesia

Answer with the correct option from 0 to 3. Only provide the numeric and nothing else 

Answer:  ASSISTANT:",10000,2,grade8
1138,"USER: 
 QUESTION: Is granite a mineral?
OPTIONS:
0: no
1: yes

Answer with the correct option from 0 to 1. Only provide the numeric and nothing else 

Answer:  ASSISTANT:",10000,0,grade6
1139,"USER: 
 QUESTION: Which property do these three objects have in common?
OPTIONS:
0: sticky
1: bouncy
2: stretchy

Answer with the correct option from 0 to 2. Only provide the numeric and nothing else 

Answer:  ASSISTANT:",10000,0,grade3
1140,"USER: 
 QUESTION: What is the capital of Tennessee?
OPTIONS:
0: Nashville
1: Knoxville
2: Memphis
3: Indianapolis

Answer with the correct option from 0 to 3. Only provide the numeric and nothing else 

Answer:  ASSISTANT:",10000,0,grade4
1141,"USER: 
 QUESTION: What is the capital of Mississippi?
OPTIONS:
0: Harrisburg
1: Biloxi
2: Jackson
3: Rapid City

Answer with the correct option from 0 to 3. Only provide the numeric and nothing else 

Answer:  ASSISTANT:",10000,2,grade5
1142,"USER: 
 QUESTION: What is the capital of Georgia?
OPTIONS:
0: Augusta
1: Lincoln
2: Jackson
3: Atlanta

Answer with the correct option from 0 to 3. Only provide the numeric and nothing else 

Answer:  ASSISTANT:",10000,3,grade3
1143,"USER: 
 QUESTION: What is the capital of Maine?
OPTIONS:
0: Montpelier
1: Providence
2: Augusta
3: Portland

Answer with the correct option from 0 to 3. Only provide the numeric and nothing else 

Answer:  ASSISTANT:",10000,2,grade5
1144,"USER: 
 QUESTION: Which property do these two objects have in common?
OPTIONS:
0: sticky
1: salty

Answer with the correct option from 0 to 1. Only provide the numeric and nothing else 

Answer:  ASSISTANT:",10000,1,grade2
1145,"USER: 
 QUESTION: What is the capital of Indiana?
OPTIONS:
0: Indianapolis
1: Lansing
2: Fort Wayne
3: Springfield

Answer with the correct option from 0 to 3. Only provide the numeric and nothing else 

Answer:  ASSISTANT:",10000,0,grade3
1146,"USER: 
 QUESTION: Is granite a mineral or a rock?
OPTIONS:
0: mineral
1: rock

Answer with the correct option from 0 to 1. Only provide the numeric and nothing else 

Answer:  ASSISTANT:",10000,1,grade8
1147,"USER: 
 QUESTION: What is the capital of West Virginia?
OPTIONS:
0: Huntington
1: Pierre
2: Charleston
3: Austin

Answer with the correct option from 0 to 3. Only provide the numeric and nothing else 

Answer:  ASSISTANT:",10000,2,grade5
1148,"USER: 
 QUESTION: Select the organism in the same genus as the pickerel frog.
OPTIONS:
0: Lithobates catesbeianus
1: Agalychnis callidryas
2: Bufo guttatus

Answer with the correct option from 0 to 2. Only provide the numeric and nothing else 

Answer:  ASSISTANT:",10000,0,grade8
1149,"USER: 
 QUESTION: What is the capital of Tennessee?
OPTIONS:
0: Honolulu
1: Nashville
2: Little Rock
3: Memphis

Answer with the correct option from 0 to 3. Only provide the numeric and nothing else 

Answer:  ASSISTANT:",10000,1,grade5
1150,"USER: 
 QUESTION: Does this passage describe the weather or the climate?
OPTIONS:
0: climate
1: weather

Answer with the correct option from 0 to 1. Only provide the numeric and nothing else 

Answer:  ASSISTANT:",10000,0,grade6
1151,"USER: 
 QUESTION: What is the capital of Alabama?
OPTIONS:
0: Montgomery
1: Birmingham
2: Little Rock
3: Raleigh

Answer with the correct option from 0 to 3. Only provide the numeric and nothing else 

Answer:  ASSISTANT:",10000,0,grade4
1152,"USER: 
 QUESTION: Which ocean is highlighted?
OPTIONS:
0: the Southern Ocean
1: the Indian Ocean
2: the Atlantic Ocean
3: the Pacific Ocean

Answer with the correct option from 0 to 3. Only provide the numeric and nothing else 

Answer:  ASSISTANT:",10000,3,grade6
1153,"USER: 
 QUESTION: What is the capital of Arizona?
OPTIONS:
0: Olympia
1: Phoenix
2: Tucson
3: Santa Fe

Answer with the correct option from 0 to 3. Only provide the numeric and nothing else 

Answer:  ASSISTANT:",10000,1,grade5
1154,"USER: 
 QUESTION: What is the name of the colony shown?
OPTIONS:
0: Connecticut
1: Georgia
2: Indiana
3: North Carolina

Answer with the correct option from 0 to 3. Only provide the numeric and nothing else 

Answer:  ASSISTANT:",10000,3,grade5
1155,"USER: 
 QUESTION: What is the probability that a fruit fly produced by this cross will have normal wings?
OPTIONS:
0: 1/4
1: 3/4
2: 2/4
3: 0/4
4: 4/4

Answer with the correct option from 0 to 4. Only provide the numeric and nothing else 

Answer:  ASSISTANT: 00. 00. 00000000000000000000000000000000000000000",0,4,grade8
1156,"USER: 
 QUESTION: Will these magnets attract or repel each other?
OPTIONS:
0: repel
1: attract

Answer with the correct option from 0 to 1. Only provide the numeric and nothing else 

Answer:  ASSISTANT:",10000,1,grade2
1157,"USER: 
 QUESTION: Select the bird below.
OPTIONS:
0: ocean sunfish
1: water buffalo
2: penguin
3: common toad

Answer with the correct option from 0 to 3. Only provide the numeric and nothing else 

Answer:  ASSISTANT:",10000,2,grade4
1158,"USER: 
 QUESTION: Which of the following could Bruce's test show?
OPTIONS:
0: which side of the roof got more sun over one day
1: how many solar panels could fit on each side of the roof
2: the amount of sunlight the roof would get throughout the year

Answer with the correct option from 0 to 2. Only provide the numeric and nothing else 

Answer:  ASSISTANT: 2000000000000000000000000000000000000000000000000",2000000000000000000000000000000000000000000000000,0,grade7
1159,"USER: 
 QUESTION: Which solution has a higher concentration of purple particles?
OPTIONS:
0: neither; their concentrations are the same
1: Solution B
2: Solution A

Answer with the correct option from 0 to 2. Only provide the numeric and nothing else 

Answer:  ASSISTANT:",10000,1,grade8
1160,"USER: 
 QUESTION: What is the name of the colony shown?
OPTIONS:
0: Maine
1: Connecticut
2: Delaware
3: Pennsylvania

Answer with the correct option from 0 to 3. Only provide the numeric and nothing else 

Answer:  ASSISTANT:",10000,2,grade8
1161,"USER: 
 QUESTION: Based on the arrows, which of the following organisms is a producer?
OPTIONS:
0: lichen
1: barren-ground caribou

Answer with the correct option from 0 to 1. Only provide the numeric and nothing else 

Answer:  ASSISTANT:",10000,0,grade4
1162,"USER: 
 QUESTION: What is the probability that a budgerigar parakeet produced by this cross will be heterozygous for the body feather color gene?
OPTIONS:
0: 4/4
1: 2/4
2: 3/4
3: 1/4
4: 0/4

Answer with the correct option from 0 to 4. Only provide the numeric and nothing else 

Answer:  ASSISTANT: 20. 20. 20. 20. 20. 20. 20. 20. 20.20.20.20.20.20",2,1,grade8
1163,"USER: 
 QUESTION: What is the capital of Idaho?
OPTIONS:
0: Oklahoma City
1: Boise
2: Baton Rouge
3: Nampa

Answer with the correct option from 0 to 3. Only provide the numeric and nothing else 

Answer:  ASSISTANT:",10000,1,grade5
1164,"USER: 
 QUESTION: What is the capital of New Hampshire?
OPTIONS:
0: Montgomery
1: Concord
2: Manchester
3: Jackson

Answer with the correct option from 0 to 3. Only provide the numeric and nothing else 

Answer:  ASSISTANT:",10000,1,grade4
1165,"USER: 
 QUESTION: Identify the question that Maya's experiment can best answer.
OPTIONS:
0: Do radish plants grown under bright light have more leaves than radish plants grown under dim light?
1: Do radishes grown under bright light get bigger than radishes grown under dim light?

Answer with the correct option from 0 to 1. Only provide the numeric and nothing else 

Answer:  ASSISTANT: 0",0,1,grade7
1166,"USER: 
 QUESTION: Which solution has a higher concentration of yellow particles?
OPTIONS:
0: Solution A
1: neither; their concentrations are the same
2: Solution B

Answer with the correct option from 0 to 2. Only provide the numeric and nothing else 

Answer:  ASSISTANT:",10000,1,grade7
1167,"USER: 
 QUESTION: Which month has the highest average precipitation in Santiago?
OPTIONS:
0: August
1: June
2: March

Answer with the correct option from 0 to 2. Only provide the numeric and nothing else 

Answer:  ASSISTANT:",10000,1,grade3
1168,"USER: 
 QUESTION: Which continent is highlighted?
OPTIONS:
0: Asia
1: Antarctica
2: South America
3: Africa

Answer with the correct option from 0 to 3. Only provide the numeric and nothing else 

Answer:  ASSISTANT:",10000,3,grade3
1169,"USER: 
 QUESTION: Does Rhizophora mangle have cells that have a nucleus?
OPTIONS:
0: yes
1: no

Answer with the correct option from 0 to 1. Only provide the numeric and nothing else 

Answer:  ASSISTANT:",10000,0,grade5
1170,"USER: 
 QUESTION: Compare the average kinetic energies of the particles in each sample. Which sample has the higher temperature?
OPTIONS:
0: sample B
1: sample A
2: neither; the samples have the same temperature

Answer with the correct option from 0 to 2. Only provide the numeric and nothing else 

Answer:  ASSISTANT:",10000,0,grade8
1171,"USER: 
 QUESTION: Which country is highlighted?
OPTIONS:
0: New Zealand
1: Palau
2: the Marshall Islands
3: Papua New Guinea

Answer with the correct option from 0 to 3. Only provide the numeric and nothing else 

Answer:  ASSISTANT:",10000,0,grade6
1172,"USER: 
 QUESTION: Which state is highlighted?
OPTIONS:
0: Michigan
1: Minnesota
2: North Dakota
3: Iowa

Answer with the correct option from 0 to 3. Only provide the numeric and nothing else 

Answer:  ASSISTANT:",10000,0,grade5
1173,"USER: 
 QUESTION: Is Hevea brasiliensis made up of many cells?
OPTIONS:
0: yes
1: no

Answer with the correct option from 0 to 1. Only provide the numeric and nothing else 

Answer:  ASSISTANT:",10000,0,grade4
1174,"USER: 
 QUESTION: Think about the magnetic force between the magnets in each pair. Which of the following statements is true?
OPTIONS:
0: The magnitude of the magnetic force is greater in Pair 1.
1: The magnitude of the magnetic force is the same in both pairs.
2: The magnitude of the magnetic force is greater in Pair 2.

Answer with the correct option from 0 to 2. Only provide the numeric and nothing else 

Answer:  ASSISTANT: 0.",0,2,grade5
1175,"USER: 
 QUESTION: Is the following statement about our solar system true or false?
The smallest planet is made mainly of rock.
OPTIONS:
0: false
1: true

Answer with the correct option from 0 to 1. Only provide the numeric and nothing else 

Answer:  ASSISTANT: 0000000000000000000000000000000000000000000000000",0,1,grade8
1176,"USER: 
 QUESTION: Which type of relationship is formed when a hawk moth visits a petunia flower?
OPTIONS:
0: commensal
1: mutualistic
2: parasitic

Answer with the correct option from 0 to 2. Only provide the numeric and nothing else 

Answer:  ASSISTANT:",10000,1,grade7
1177,"USER: 
 QUESTION: What is the capital of Montana?
OPTIONS:
0: Boston
1: Billings
2: Bismarck
3: Helena

Answer with the correct option from 0 to 3. Only provide the numeric and nothing else 

Answer:  ASSISTANT:",10000,3,grade3
1178,"USER: 
 QUESTION: What is the capital of California?
OPTIONS:
0: San Francisco
1: Sacramento
2: Atlanta
3: Carson City

Answer with the correct option from 0 to 3. Only provide the numeric and nothing else 

Answer:  ASSISTANT:",10000,1,grade5
1179,"USER: 
 QUESTION: Which country is highlighted?
OPTIONS:
0: Saint Kitts and Nevis
1: Haiti
2: Barbados
3: Saint Lucia

Answer with the correct option from 0 to 3. Only provide the numeric and nothing else 

Answer:  ASSISTANT:",10000,3,grade8
1180,"USER: 
 QUESTION: Which material is these swim goggles made of?
OPTIONS:
0: rock
1: rubber

Answer with the correct option from 0 to 1. Only provide the numeric and nothing else 

Answer:  ASSISTANT:",10000,1,grade3
1181,"USER: 
 QUESTION: Select the true statement.
OPTIONS:
0: Genes affect traits.
1: Eye color is an example of a gene.

Answer with the correct option from 0 to 1. Only provide the numeric and nothing else 

Answer:  ASSISTANT: 0000000000000000000000000000000000000000000000000",0,0,grade6
1182,"USER: 
 QUESTION: What is the capital of California?
OPTIONS:
0: Los Angeles
1: Sacramento
2: San Francisco
3: Nampa

Answer with the correct option from 0 to 3. Only provide the numeric and nothing else 

Answer:  ASSISTANT:",10000,1,grade4
1183,"USER: 
 QUESTION: Which animal's mouth is also adapted to get insects out of burrows?
OPTIONS:
0: gorilla
1: long-beaked echidna

Answer with the correct option from 0 to 1. Only provide the numeric and nothing else 

Answer:  ASSISTANT:",10000,1,grade3
1184,"USER: 
 QUESTION: Will these magnets attract or repel each other?
OPTIONS:
0: attract
1: repel

Answer with the correct option from 0 to 1. Only provide the numeric and nothing else 

Answer:  ASSISTANT:",10000,0,grade2
1185,"USER: 
 QUESTION: Think about the magnetic force between the magnets in each pair. Which of the following statements is true?
OPTIONS:
0: The magnitude of the magnetic force is smaller in Pair 2.
1: The magnitude of the magnetic force is smaller in Pair 1.
2: The magnitude of the magnetic force is the same in both pairs.

Answer with the correct option from 0 to 2. Only provide the numeric and nothing else 

Answer:  ASSISTANT: 0.",0,1,grade7
1186,"USER: 
 QUESTION: What is the capital of Maryland?
OPTIONS:
0: Boston
1: Plymouth
2: Baltimore
3: Annapolis

Answer with the correct option from 0 to 3. Only provide the numeric and nothing else 

Answer:  ASSISTANT:",10000,3,grade5
1187,"USER: 
 QUESTION: Select the organism in the same species as the Panamanian golden frog.
OPTIONS:
0: Atelopus zeteki
1: Hyla japonica
2: Bufo guttatus

Answer with the correct option from 0 to 2. Only provide the numeric and nothing else 

Answer:  ASSISTANT: 200.000.000.0000000000000000000000000000000000000",2,0,grade4
1188,"USER: 
 QUESTION: Select the mammal below.
OPTIONS:
0: hammerhead shark
1: red-headed poison frog
2: water buffalo
3: woodpecker

Answer with the correct option from 0 to 3. Only provide the numeric and nothing else 

Answer:  ASSISTANT:00000000000000000000000000000000000000000000000000",0,2,grade4
1189,"USER: 
 QUESTION: Which country is highlighted?
OPTIONS:
0: Haiti
1: the Dominican Republic
2: Cuba
3: The Bahamas

Answer with the correct option from 0 to 3. Only provide the numeric and nothing else 

Answer:  ASSISTANT:",10000,3,grade6
1190,"USER: 
 QUESTION: Which ocean is highlighted?
OPTIONS:
0: the Pacific Ocean
1: the Southern Ocean
2: the Indian Ocean
3: the Atlantic Ocean

Answer with the correct option from 0 to 3. Only provide the numeric and nothing else 

Answer:  ASSISTANT:",10000,2,grade7
1191,"USER: 
 QUESTION: Identify the question that Jayce's experiment can best answer.
OPTIONS:
0: Do steel nails rust in fewer days when submerged in a large volume of liquid compared to a small volume?
1: Do steel nails take fewer days to rust in water compared to vinegar?

Answer with the correct option from 0 to 1. Only provide the numeric and nothing else 

Answer:  ASSISTANT:",10000,1,grade8
1192,"USER: 
 QUESTION: Which of these states is farthest south?
OPTIONS:
0: California
1: Rhode Island
2: New York
3: Washington

Answer with the correct option from 0 to 3. Only provide the numeric and nothing else 

Answer:  ASSISTANT:",10000,0,grade4
1193,"USER: 
 QUESTION: Think about the magnetic force between the magnets in each pair. Which of the following statements is true?
OPTIONS:
0: The magnitude of the magnetic force is the same in both pairs.
1: The magnitude of the magnetic force is greater in Pair 2.
2: The magnitude of the magnetic force is greater in Pair 1.

Answer with the correct option from 0 to 2. Only provide the numeric and nothing else 

Answer:  ASSISTANT: 0.",0,1,grade8
1194,"USER: 
 QUESTION: Which statement best describes the average monthly precipitation in New Orleans?
OPTIONS:
0: October is the wettest month.
1: The wettest months of the year are June, July, and August.
2: June, July, and August are the driest months of the year.

Answer with the correct option from 0 to 2. Only provide the numeric and nothing else 

Answer:  ASSISTANT: 20. 20.0.",2,1,grade4
1195,"USER: 
 QUESTION: Which property do these three objects have in common?
OPTIONS:
0: rough
1: salty
2: yellow

Answer with the correct option from 0 to 2. Only provide the numeric and nothing else 

Answer:  ASSISTANT:",10000,1,grade4
1196,"USER: 
 QUESTION: What is the name of the colony shown?
OPTIONS:
0: Georgia
1: North Carolina
2: Tennessee
3: Pennsylvania

Answer with the correct option from 0 to 3. Only provide the numeric and nothing else 

Answer:  ASSISTANT:",10000,3,grade5
1197,"USER: 
 QUESTION: Which country is highlighted?
OPTIONS:
0: Dominica
1: Antigua and Barbuda
2: Barbados
3: Saint Kitts and Nevis

Answer with the correct option from 0 to 3. Only provide the numeric and nothing else 

Answer:  ASSISTANT:",10000,1,grade6
1198,"USER: 
 QUESTION: Which solution has a higher concentration of yellow particles?
OPTIONS:
0: Solution B
1: neither; their concentrations are the same
2: Solution A

Answer with the correct option from 0 to 2. Only provide the numeric and nothing else 

Answer:  ASSISTANT:",10000,1,grade6
1199,"USER: 
 QUESTION: Look at the models of molecules below. Select the elementary substance.
OPTIONS:
0: bromomethane
1: trichlorofluoromethane
2: tetraphosphorus

Answer with the correct option from 0 to 2. Only provide the numeric and nothing else 

Answer:  ASSISTANT: 200.000.",2,2,grade6
1200,"USER: 
 QUESTION: Think about the magnetic force between the magnets in each pair. Which of the following statements is true?
OPTIONS:
0: The magnitude of the magnetic force is smaller in Pair 2.
1: The magnitude of the magnetic force is smaller in Pair 1.
2: The magnitude of the magnetic force is the same in both pairs.

Answer with the correct option from 0 to 2. Only provide the numeric and nothing else 

Answer:  ASSISTANT: 0.",0,2,grade6
1201,"USER: 
 QUESTION: Which property do these four objects have in common?
OPTIONS:
0: translucent
1: flexible
2: sweet

Answer with the correct option from 0 to 2. Only provide the numeric and nothing else 

Answer:  ASSISTANT:",10000,0,grade5
1202,"USER: 
 QUESTION: Which better describes the Peary Land ecosystem?
OPTIONS:
0: It has short, cold summers. It also has many trees and shrubs.
1: It has long, cold winters. It also has mostly small plants.

Answer with the correct option from 0 to 1. Only provide the numeric and nothing else 

Answer:  ASSISTANT: 000.000.",0,1,grade4
1203,"USER: 
 QUESTION: What is the capital of Georgia?
OPTIONS:
0: Athens
1: Tallahassee
2: Savannah
3: Atlanta

Answer with the correct option from 0 to 3. Only provide the numeric and nothing else 

Answer:  ASSISTANT:",10000,3,grade4
1204,"USER: 
 QUESTION: Select the organism in the same genus as the sand cat.
OPTIONS:
0: Felis margarita
1: Lynx canadensis
2: Lynx rufus

Answer with the correct option from 0 to 2. Only provide the numeric and nothing else 

Answer:  ASSISTANT:",10000,0,grade8
1205,"USER: 
 QUESTION: Which solution has a higher concentration of yellow particles?
OPTIONS:
0: Solution B
1: Solution A
2: neither; their concentrations are the same

Answer with the correct option from 0 to 2. Only provide the numeric and nothing else 

Answer:  ASSISTANT:",10000,0,grade6
1206,"USER: 
 QUESTION: What is the direction of this pull?
OPTIONS:
0: away from the magnet
1: toward the magnet

Answer with the correct option from 0 to 1. Only provide the numeric and nothing else 

Answer:  ASSISTANT:",10000,1,grade4
1207,"USER: 
 QUESTION: Which of these states is farthest west?
OPTIONS:
0: Illinois
1: Georgia
2: Maryland
3: Ohio

Answer with the correct option from 0 to 3. Only provide the numeric and nothing else 

Answer:  ASSISTANT:",10000,0,grade2
1208,"USER: 
 QUESTION: What can Lamar and Jackson trade to each get what they want?
OPTIONS:
0: Jackson can trade his almonds for Lamar's tomatoes.
1: Jackson can trade his broccoli for Lamar's oranges.
2: Lamar can trade his tomatoes for Jackson's carrots.
3: Lamar can trade his tomatoes for Jackson's broccoli.

Answer with the correct option from 0 to 3. Only provide the numeric and nothing else 

Answer:  ASSISTANT:",10000,3,grade7
1209,"USER: 
 QUESTION: Which of these cities is marked on the map?
OPTIONS:
0: Los Angeles
1: Chicago
2: San Francisco
3: Denver

Answer with the correct option from 0 to 3. Only provide the numeric and nothing else 

Answer:  ASSISTANT:",10000,2,grade5
1210,"USER: 
 QUESTION: Which better describes the Belize Barrier Reef ecosystem?
OPTIONS:
0: It has salty water. It also has many different types of organisms.
1: It has water with not much salt. It also has many different types of organisms.

Answer with the correct option from 0 to 1. Only provide the numeric and nothing else 

Answer:  ASSISTANT:",10000,0,grade3
1211,"USER: 
 QUESTION: Which property do these three objects have in common?
OPTIONS:
0: fragile
1: sticky
2: colorful

Answer with the correct option from 0 to 2. Only provide the numeric and nothing else 

Answer:  ASSISTANT:",10000,2,grade4
1212,"USER: 
 QUESTION: Which type of force from the older brother moves the car forward?
OPTIONS:
0: pull
1: push

Answer with the correct option from 0 to 1. Only provide the numeric and nothing else 

Answer:  ASSISTANT:",10000,1,grade3
1213,"USER: 
 QUESTION: Think about the magnetic force between the magnets in each pair. Which of the following statements is true?
OPTIONS:
0: The magnitude of the magnetic force is the same in both pairs.
1: The magnitude of the magnetic force is greater in Pair 2.
2: The magnitude of the magnetic force is greater in Pair 1.

Answer with the correct option from 0 to 2. Only provide the numeric and nothing else 

Answer:  ASSISTANT: 0.",0,1,grade8
1214,"USER: 
 QUESTION: Which of these states is farthest west?
OPTIONS:
0: Colorado
1: California
2: Texas
3: North Dakota

Answer with the correct option from 0 to 3. Only provide the numeric and nothing else 

Answer:  ASSISTANT:",10000,1,grade5
1215,"USER: 
 QUESTION: Select the organism in the same genus as the gray heron.
OPTIONS:
0: Lissotriton helveticus
1: Ardea cinerea
2: Hyla cinerea

Answer with the correct option from 0 to 2. Only provide the numeric and nothing else 

Answer:  ASSISTANT:",10000,1,grade5
1216,"USER: 
 QUESTION: Which air temperature was measured within the outlined area shown?
OPTIONS:
0: -22°C
1: -1°C
2: 2°C

Answer with the correct option from 0 to 2. Only provide the numeric and nothing else 

Answer:  ASSISTANT:",10000,0,grade6
1217,"USER: 
 QUESTION: Which i in column 3?
OPTIONS:
0: the library
1: the restaurant
2: the police department
3: the grocery store

Answer with the correct option from 0 to 3. Only provide the numeric and nothing else 

Answer:  ASSISTANT:",10000,3,grade3
1218,"USER: 
 QUESTION: Complete the statement.
Phosphine is ().
OPTIONS:
0: a compound
1: an elementary substance

Answer with the correct option from 0 to 1. Only provide the numeric and nothing else 

Answer:  ASSISTANT:",10000,0,grade7
1219,"USER: 
 QUESTION: Which statement describes the Sonoran Desert ecosystem?
OPTIONS:
0: It has only a few types of organisms.
1: It has warm, wet summers.
2: It has a small amount of rain.

Answer with the correct option from 0 to 2. Only provide the numeric and nothing else 

Answer:  ASSISTANT:",10000,2,grade6
1220,"USER: 
 QUESTION: Is a bowling ball a solid, a liquid, or a gas?
OPTIONS:
0: a liquid
1: a solid
2: a gas

Answer with the correct option from 0 to 2. Only provide the numeric and nothing else 

Answer:  ASSISTANT:",10000,1,grade3
1221,"USER: 
 QUESTION: What is the capital of Montana?
OPTIONS:
0: Billings
1: Honolulu
2: Cincinnati
3: Helena

Answer with the correct option from 0 to 3. Only provide the numeric and nothing else 

Answer:  ASSISTANT:",10000,3,grade5
1222,"USER: 
 QUESTION: What is the name of the colony shown?
OPTIONS:
0: New Hampshire
1: Kentucky
2: Georgia
3: Rhode Island

Answer with the correct option from 0 to 3. Only provide the numeric and nothing else 

Answer:  ASSISTANT:",10000,3,grade4
1223,"USER: 
 QUESTION: What can Samir and Derek trade to each get what they want?
OPTIONS:
0: Samir can trade his tomatoes for Derek's carrots.
1: Derek can trade his broccoli for Samir's oranges.
2: Derek can trade his almonds for Samir's tomatoes.
3: Samir can trade his tomatoes for Derek's broccoli.

Answer with the correct option from 0 to 3. Only provide the numeric and nothing else 

Answer:  ASSISTANT:",10000,3,grade8
1224,"USER: 
 QUESTION: What is the capital of Idaho?
OPTIONS:
0: Pierre
1: Nampa
2: Santa Fe
3: Boise

Answer with the correct option from 0 to 3. Only provide the numeric and nothing else 

Answer:  ASSISTANT:",10000,3,grade4
1225,"USER: 
 QUESTION: What is the capital of Alabama?
OPTIONS:
0: Norfolk
1: Salem
2: Birmingham
3: Montgomery

Answer with the correct option from 0 to 3. Only provide the numeric and nothing else 

Answer:  ASSISTANT:",10000,3,grade4
1226,"USER: 
 QUESTION: Which trait did Curculioides adompha have? Select the trait you can observe on the fossil.
OPTIONS:
0: red eyes
1: eight legs

Answer with the correct option from 0 to 1. Only provide the numeric and nothing else 

Answer:  ASSISTANT: 0000000000000000000000000000000000000000000000000",0,1,grade4
1227,"USER: 
 QUESTION: What is the name of the colony shown?
OPTIONS:
0: Maine
1: Pennsylvania
2: Delaware
3: Massachusetts

Answer with the correct option from 0 to 3. Only provide the numeric and nothing else 

Answer:  ASSISTANT:",10000,1,grade4
1228,"USER: 
 QUESTION: Does this passage describe the weather or the climate?
OPTIONS:
0: weather
1: climate

Answer with the correct option from 0 to 1. Only provide the numeric and nothing else 

Answer:  ASSISTANT:",10000,1,grade4
1229,"USER: 
 QUESTION: What is the capital of Washington?
OPTIONS:
0: Seattle
1: Sacramento
2: Salt Lake City
3: Olympia

Answer with the correct option from 0 to 3. Only provide the numeric and nothing else 

Answer:  ASSISTANT:",10000,3,grade5
1230,"USER: 
 QUESTION: Compare the average kinetic energies of the particles in each sample. Which sample has the higher temperature?
OPTIONS:
0: neither; the samples have the same temperature
1: sample B
2: sample A

Answer with the correct option from 0 to 2. Only provide the numeric and nothing else 

Answer:  ASSISTANT:",10000,1,grade7
1231,"USER: 
 QUESTION: What is the capital of Michigan?
OPTIONS:
0: Detroit
1: Oklahoma City
2: Jefferson City
3: Lansing

Answer with the correct option from 0 to 3. Only provide the numeric and nothing else 

Answer:  ASSISTANT:",10000,3,grade5
1232,"USER: 
 QUESTION: What is the name of the colony shown?
OPTIONS:
0: Florida
1: Virginia
2: Vermont
3: West Virginia

Answer with the correct option from 0 to 3. Only provide the numeric and nothing else 

Answer:  ASSISTANT:",10000,1,grade7
1233,"USER: 
 QUESTION: What is the capital of Ohio?
OPTIONS:
0: Cleveland
1: Cincinnati
2: Concord
3: Columbus

Answer with the correct option from 0 to 3. Only provide the numeric and nothing else 

Answer:  ASSISTANT:",10000,3,grade5
1234,"USER: 
 QUESTION: What is the capital of Colorado?
OPTIONS:
0: Pittsburgh
1: Denver
2: Seattle
3: Helena

Answer with the correct option from 0 to 3. Only provide the numeric and nothing else 

Answer:  ASSISTANT:",10000,1,grade4
1235,"USER: 
 QUESTION: In which region did the Republican candidate do the best?
OPTIONS:
0: the Northwest
1: the South
2: the West

Answer with the correct option from 0 to 2. Only provide the numeric and nothing else 

Answer:  ASSISTANT:",10000,0,grade4
1236,"USER: 
 QUESTION: What is the capital of Arkansas?
OPTIONS:
0: Columbia
1: Austin
2: Fayetteville
3: Little Rock

Answer with the correct option from 0 to 3. Only provide the numeric and nothing else 

Answer:  ASSISTANT:",10000,3,grade4
1237,"USER: 
 QUESTION: Think about the magnetic force between the magnets in each pair. Which of the following statements is true?
OPTIONS:
0: The magnitude of the magnetic force is greater in Pair 1.
1: The magnitude of the magnetic force is the same in both pairs.
2: The magnitude of the magnetic force is greater in Pair 2.

Answer with the correct option from 0 to 2. Only provide the numeric and nothing else 

Answer:  ASSISTANT: 0.",0,0,grade8
1238,"USER: 
 QUESTION: What can Jenny and Zoe trade to each get what they want?
OPTIONS:
0: Zoe can trade her almonds for Jenny's tomatoes.
1: Jenny can trade her tomatoes for Zoe's carrots.
2: Zoe can trade her broccoli for Jenny's oranges.
3: Jenny can trade her tomatoes for Zoe's broccoli.

Answer with the correct option from 0 to 3. Only provide the numeric and nothing else 

Answer:  ASSISTANT:",10000,3,grade8
1239,"USER: 
 QUESTION: Which solution has a higher concentration of green particles?
OPTIONS:
0: Solution A
1: Solution B
2: neither; their concentrations are the same

Answer with the correct option from 0 to 2. Only provide the numeric and nothing else 

Answer:  ASSISTANT:",10000,1,grade8
1240,"USER: 
 QUESTION: What is the capital of North Dakota?
OPTIONS:
0: Pierre
1: Juneau
2: Bismarck
3: Jefferson City

Answer with the correct option from 0 to 3. Only provide the numeric and nothing else 

Answer:  ASSISTANT:",10000,2,grade5
1241,"USER: 
 QUESTION: Which country is highlighted?
OPTIONS:
0: Saint Kitts and Nevis
1: Antigua and Barbuda
2: Jamaica
3: Saint Lucia

Answer with the correct option from 0 to 3. Only provide the numeric and nothing else 

Answer:  ASSISTANT:",10000,0,grade6
1242,"USER: 
 QUESTION: What is the capital of South Dakota?
OPTIONS:
0: Pierre
1: Sioux Falls
2: Madison
3: Springfield

Answer with the correct option from 0 to 3. Only provide the numeric and nothing else 

Answer:  ASSISTANT:",10000,0,grade5
1243,"USER: 
 QUESTION: Which state is highlighted?
OPTIONS:
0: Montana
1: Oregon
2: California
3: Washington

Answer with the correct option from 0 to 3. Only provide the numeric and nothing else 

Answer:  ASSISTANT:",10000,1,grade5
1244,"USER: 
 QUESTION: Which ocean is highlighted?
OPTIONS:
0: the Pacific Ocean
1: the Arctic Ocean
2: the Southern Ocean
3: the Atlantic Ocean

Answer with the correct option from 0 to 3. Only provide the numeric and nothing else 

Answer:  ASSISTANT:",10000,3,grade8
1245,"USER: 
 QUESTION: Look at the picture. Which word best describes the sound this thunderstorm makes?
OPTIONS:
0: purring
1: booming
2: squeaking

Answer with the correct option from 0 to 2. Only provide the numeric and nothing else 

Answer:  ASSISTANT: 0000000000000000000000000000000000000000000000000",0,1,grade2
1246,"USER: 
 QUESTION: Which continent is highlighted?
OPTIONS:
0: Australia
1: South America
2: North America
3: Europe

Answer with the correct option from 0 to 3. Only provide the numeric and nothing else 

Answer:  ASSISTANT:",10000,1,grade5
1247,"USER: 
 QUESTION: Which continent is highlighted?
OPTIONS:
0: Europe
1: Asia
2: Africa
3: South America

Answer with the correct option from 0 to 3. Only provide the numeric and nothing else 

Answer:  ASSISTANT:",10000,0,grade3
1248,"USER: 
 QUESTION: Which of the following organisms is the primary consumer in this food web?
OPTIONS:
0: Arctic fox
1: rough-legged hawk
2: mushroom

Answer with the correct option from 0 to 2. Only provide the numeric and nothing else 

Answer:  ASSISTANT:",10000,0,grade6
1249,"USER: 
 QUESTION: Is diamond a mineral?
OPTIONS:
0: no
1: yes

Answer with the correct option from 0 to 1. Only provide the numeric and nothing else 

Answer:  ASSISTANT:",10000,1,grade6
1250,"USER: 
 QUESTION: Select the fish below.
OPTIONS:
0: clownfish
1: American alligator

Answer with the correct option from 0 to 1. Only provide the numeric and nothing else 

Answer:  ASSISTANT:",10000,0,grade2
1251,"USER: 
 QUESTION: What is the probability that a cockatiel produced by this cross will have bright orange cheeks?
OPTIONS:
0: 2/4
1: 4/4
2: 0/4
3: 1/4
4: 3/4

Answer with the correct option from 0 to 4. Only provide the numeric and nothing else 

Answer:  ASSISTANT: 0. 0 0. 00. 0. 0. 0. 0. 0. 0. 0. 0. 0. 0. 0. 0. 0",0,1,grade8
1252,"USER: 
 QUESTION: Which bird's beak is also adapted to crack hard seeds?
OPTIONS:
0: common swift
1: hawfinch

Answer with the correct option from 0 to 1. Only provide the numeric and nothing else 

Answer:  ASSISTANT:",10000,1,grade5
1253,"USER: 
 QUESTION: Which property do these three objects have in common?
OPTIONS:
0: shiny
1: bouncy
2: bumpy

Answer with the correct option from 0 to 2. Only provide the numeric and nothing else 

Answer:  ASSISTANT:",10000,2,grade4
1254,"USER: 
 QUESTION: Identify the question that Ronald's experiment can best answer.
OPTIONS:
0: Do more bacteria grow in liquid with cinnamon than in liquid without cinnamon?
1: Does temperature affect how much bacteria can grow in liquid?

Answer with the correct option from 0 to 1. Only provide the numeric and nothing else 

Answer:  ASSISTANT:00000000000000000000000000000000000000000000000000",0,0,grade8
1255,"USER: 
 QUESTION: Identify the question that Diane's experiment can best answer.
OPTIONS:
0: Do radishes grown under bright light get bigger than radishes grown under dim light?
1: Do radish plants grown under bright light have more leaves than radish plants grown under dim light?

Answer with the correct option from 0 to 1. Only provide the numeric and nothing else 

Answer:  ASSISTANT: 0",0,0,grade8
1256,"USER: 
 QUESTION: Think about the magnetic force between the magnets in each pair. Which of the following statements is true?
OPTIONS:
0: The magnitude of the magnetic force is greater in Pair 1.
1: The magnitude of the magnetic force is greater in Pair 2.
2: The magnitude of the magnetic force is the same in both pairs.

Answer with the correct option from 0 to 2. Only provide the numeric and nothing else 

Answer:  ASSISTANT: 0.",0,1,grade7
1257,"USER: 
 QUESTION: Think about the magnetic force between the magnets in each pair. Which of the following statements is true?
OPTIONS:
0: The magnitude of the magnetic force is smaller in Pair 1.
1: The magnitude of the magnetic force is smaller in Pair 2.
2: The magnitude of the magnetic force is the same in both pairs.

Answer with the correct option from 0 to 2. Only provide the numeric and nothing else 

Answer:  ASSISTANT: 0.",0,0,grade7
1258,"USER: 
 QUESTION: When might a giant tortoise sleep for weeks at a time?
OPTIONS:
0: when there is not much water
1: when the tortoise is growing quickly
2: when it is cold outside

Answer with the correct option from 0 to 2. Only provide the numeric and nothing else 

Answer:  ASSISTANT:",10000,0,grade3
1259,"USER: 
 QUESTION: What is the capital of Oregon?
OPTIONS:
0: Boston
1: Portland
2: Salem
3: Jefferson City

Answer with the correct option from 0 to 3. Only provide the numeric and nothing else 

Answer:  ASSISTANT:",10000,2,grade5
1260,"USER: 
 QUESTION: Which country is highlighted?
OPTIONS:
0: Dominica
1: Saint Kitts and Nevis
2: Jamaica
3: the Dominican Republic

Answer with the correct option from 0 to 3. Only provide the numeric and nothing else 

Answer:  ASSISTANT:",10000,3,grade7
1261,"USER: 
 QUESTION: Select the fish below.
OPTIONS:
0: piranha
1: American bullfrog
2: olive toad
3: sea otter

Answer with the correct option from 0 to 3. Only provide the numeric and nothing else 

Answer:  ASSISTANT: 0000000000000000000000000000000000000000000000000",0,0,grade4
1262,"USER: 
 QUESTION: Which bird's beak is also adapted to get nectar out of long flowers?
OPTIONS:
0: green violetear
1: secretary bird

Answer with the correct option from 0 to 1. Only provide the numeric and nothing else 

Answer:  ASSISTANT:",10000,0,grade4
1263,"USER: 
 QUESTION: Complete the sentence.
The Cascade Range formed at a () boundary.
OPTIONS:
0: divergent
1: transform
2: convergent

Answer with the correct option from 0 to 2. Only provide the numeric and nothing else 

Answer:  ASSISTANT: 0000000000000000000000000000000000000000000000000",0,2,grade8
1264,"USER: 
 QUESTION: Which animal is also adapted for climbing trees?
OPTIONS:
0: lama
1: bare-eared squirrel monkey

Answer with the correct option from 0 to 1. Only provide the numeric and nothing else 

Answer:  ASSISTANT:",10000,1,grade3
1265,"USER: 
 QUESTION: What is the capital of Idaho?
OPTIONS:
0: Austin
1: Boise
2: Santa Fe
3: Des Moines

Answer with the correct option from 0 to 3. Only provide the numeric and nothing else 

Answer:  ASSISTANT:",10000,1,grade5
1266,"USER: 
 QUESTION: What is the capital of West Virginia?
OPTIONS:
0: Huntington
1: Oklahoma City
2: Charleston
3: Buffalo

Answer with the correct option from 0 to 3. Only provide the numeric and nothing else 

Answer:  ASSISTANT:",10000,2,grade3
1267,"USER: 
 QUESTION: Select the amphibian below.
OPTIONS:
0: red-spotted newt
1: human

Answer with the correct option from 0 to 1. Only provide the numeric and nothing else 

Answer:  ASSISTANT:",10000,0,grade2
1268,"USER: 
 QUESTION: Which country is highlighted?
OPTIONS:
0: Grenada
1: Trinidad and Tobago
2: Saint Lucia
3: Saint Vincent and the Grenadines

Answer with the correct option from 0 to 3. Only provide the numeric and nothing else 

Answer:  ASSISTANT:",10000,0,grade8
1269,"USER: 
 QUESTION: What is the capital of Montana?
OPTIONS:
0: Anchorage
1: Los Angeles
2: Helena
3: Honolulu

Answer with the correct option from 0 to 3. Only provide the numeric and nothing else 

Answer:  ASSISTANT:",10000,2,grade5
1270,"USER: 
 QUESTION: What can Arianna and Sidney trade to each get what they want?
OPTIONS:
0: Arianna can trade her tomatoes for Sidney's sandwich.
1: Arianna can trade her tomatoes for Sidney's broccoli.
2: Sidney can trade her broccoli for Arianna's oranges.
3: Sidney can trade her almonds for Arianna's tomatoes.

Answer with the correct option from 0 to 3. Only provide the numeric and nothing else 

Answer:  ASSISTANT:",10000,1,grade6
1271,"USER: 
 QUESTION: Which better describes the Amazon rain forest ecosystem?
OPTIONS:
0: It has cold winters. It also has many different types of organisms.
1: It has year-round rain. It also has many different types of organisms.

Answer with the correct option from 0 to 1. Only provide the numeric and nothing else 

Answer:  ASSISTANT:",10000,1,grade3
1272,"USER: 
 QUESTION: What can Dustin and Irma trade to each get what they want?
OPTIONS:
0: Dustin can trade his tomatoes for Irma's broccoli.
1: Irma can trade her broccoli for Dustin's oranges.
2: Dustin can trade his tomatoes for Irma's sandwich.
3: Irma can trade her almonds for Dustin's tomatoes.

Answer with the correct option from 0 to 3. Only provide the numeric and nothing else 

Answer:  ASSISTANT:",10000,0,grade6
1273,"USER: 
 QUESTION: What location was involved in the triangular trade?
OPTIONS:
0: China
1: the Thirteen Colonies

Answer with the correct option from 0 to 1. Only provide the numeric and nothing else 

Answer:  ASSISTANT:",10000,1,grade7
1274,"USER: 
 QUESTION: Select the organism in the same species as the Canada lynx.
OPTIONS:
0: Lynx rufus
1: Macropus agilis
2: Lynx canadensis

Answer with the correct option from 0 to 2. Only provide the numeric and nothing else 

Answer:  ASSISTANT: 0000000000000000000000000000000000000000000000000",0,2,grade8
1275,"USER: 
 QUESTION: What is the name of the colony shown?
OPTIONS:
0: Massachusetts
1: Pennsylvania
2: South Carolina
3: Wisconsin

Answer with the correct option from 0 to 3. Only provide the numeric and nothing else 

Answer:  ASSISTANT:",10000,0,grade8
1276,"USER: 
 QUESTION: What can Elise and Nolan trade to each get what they want?
OPTIONS:
0: Nolan can trade his broccoli for Elise's oranges.
1: Elise can trade her tomatoes for Nolan's broccoli.
2: Elise can trade her tomatoes for Nolan's carrots.
3: Nolan can trade his almonds for Elise's tomatoes.

Answer with the correct option from 0 to 3. Only provide the numeric and nothing else 

Answer:  ASSISTANT:",10000,1,grade7
1277,"USER: 
 QUESTION: Will these magnets attract or repel each other?
OPTIONS:
0: repel
1: attract

Answer with the correct option from 0 to 1. Only provide the numeric and nothing else 

Answer:  ASSISTANT:",10000,0,grade5
1278,"USER: 
 QUESTION: What can Nina and Ivan trade to each get what they want?
OPTIONS:
0: Ivan can trade his almonds for Nina's tomatoes.
1: Nina can trade her tomatoes for Ivan's sandwich.
2: Nina can trade her tomatoes for Ivan's broccoli.
3: Ivan can trade his broccoli for Nina's oranges.

Answer with the correct option from 0 to 3. Only provide the numeric and nothing else 

Answer:  ASSISTANT:",10000,2,grade6
1279,"USER: 
 QUESTION: Which property matches this object?
OPTIONS:
0: colorful
1: sticky

Answer with the correct option from 0 to 1. Only provide the numeric and nothing else 

Answer:  ASSISTANT:",10000,0,grade2
1280,"USER: 
 QUESTION: What is the capital of Washington?
OPTIONS:
0: Sacramento
1: Boise
2: Olympia
3: Seattle

Answer with the correct option from 0 to 3. Only provide the numeric and nothing else 

Answer:  ASSISTANT:",10000,2,grade5
1281,"USER: 
 QUESTION: What is the name of the colony shown?
OPTIONS:
0: Florida
1: South Carolina
2: Maryland
3: Tennessee

Answer with the correct option from 0 to 3. Only provide the numeric and nothing else 

Answer:  ASSISTANT:",10000,2,grade8
1282,"USER: 
 QUESTION: Which better describes the tide pool ecosystems in Tongue Point Marine Life Sanctuary?
OPTIONS:
0: It has daily flooding and draining of seawater. It also has many different types of organisms.
1: It has daily flooding and draining of seawater. It also has water that is poor in nutrients.

Answer with the correct option from 0 to 1. Only provide the numeric and nothing else 

Answer:  ASSISTANT: 20",20,0,grade3
1283,"USER: 
 QUESTION: Identify the question that Edwin's experiment can best answer.
OPTIONS:
0: Does apple juice expand more or less than water when it freezes?
1: Does water freeze more quickly than apple juice?

Answer with the correct option from 0 to 1. Only provide the numeric and nothing else 

Answer:  ASSISTANT:",10000,0,grade8
1284,"USER: 
 QUESTION: Is the following statement about our solar system true or false?
The volume of Earth is more than ten times the volume of Mercury.
OPTIONS:
0: true
1: false

Answer with the correct option from 0 to 1. Only provide the numeric and nothing else 

Answer:  ASSISTANT: 0000000000000000000000000000000000000000000000000",0,0,grade8
1285,"USER: 
 QUESTION: Which continent is highlighted?
OPTIONS:
0: Europe
1: Africa
2: Asia
3: North America

Answer with the correct option from 0 to 3. Only provide the numeric and nothing else 

Answer:  ASSISTANT:",10000,2,grade3
1286,"USER: 
 QUESTION: Which ocean is highlighted?
OPTIONS:
0: the Southern Ocean
1: the Indian Ocean
2: the Arctic Ocean
3: the Pacific Ocean

Answer with the correct option from 0 to 3. Only provide the numeric and nothing else 

Answer:  ASSISTANT:",10000,0,grade6
1287,"USER: 
 QUESTION: During this time, thermal energy was transferred from () to ().
OPTIONS:
0: the surroundings . . . each bottle
1: each bottle . . . the surroundings

Answer with the correct option from 0 to 1. Only provide the numeric and nothing else 

Answer:  ASSISTANT:",10000,0,grade7
1288,"USER: 
 QUESTION: Select the bird below.
OPTIONS:
0: painted stork
1: human

Answer with the correct option from 0 to 1. Only provide the numeric and nothing else 

Answer:  ASSISTANT:",10000,0,grade3
1289,"USER: 
 QUESTION: What is the capital of Ohio?
OPTIONS:
0: Cleveland
1: Columbus
2: Cincinnati
3: Fargo

Answer with the correct option from 0 to 3. Only provide the numeric and nothing else 

Answer:  ASSISTANT:",10000,1,grade4
1290,"USER: 
 QUESTION: Will these magnets attract or repel each other?
OPTIONS:
0: repel
1: attract

Answer with the correct option from 0 to 1. Only provide the numeric and nothing else 

Answer:  ASSISTANT:",10000,0,grade5
1291,"USER: 
 QUESTION: Which of the following could Katy and Anne's test show?
OPTIONS:
0: if a new batch of concrete was firm enough to use
1: if the concrete from each batch took the same amount of time to dry

Answer with the correct option from 0 to 1. Only provide the numeric and nothing else 

Answer:  ASSISTANT:",10000,0,grade6
1292,"USER: 
 QUESTION: Which property matches this object?
OPTIONS:
0: salty
1: bendable

Answer with the correct option from 0 to 1. Only provide the numeric and nothing else 

Answer:  ASSISTANT:",10000,0,grade2
1293,"USER: 
 QUESTION: What is the capital of Vermont?
OPTIONS:
0: Montpelier
1: Wilmington
2: Burlington
3: Hartford

Answer with the correct option from 0 to 3. Only provide the numeric and nothing else 

Answer:  ASSISTANT:",10000,0,grade4
1294,"USER: 
 QUESTION: Which country is highlighted?
OPTIONS:
0: Tonga
1: Australia
2: Solomon Islands
3: New Zealand

Answer with the correct option from 0 to 3. Only provide the numeric and nothing else 

Answer:  ASSISTANT:",10000,1,grade6
1295,"USER: 
 QUESTION: Which fish's mouth is also adapted for tearing through meat?
OPTIONS:
0: copperband butterflyfish
1: barracuda

Answer with the correct option from 0 to 1. Only provide the numeric and nothing else 

Answer:  ASSISTANT:",10000,1,grade4
1296,"USER: 
 QUESTION: Which of the following is on the map?
OPTIONS:
0: water in clouds
1: water in oceans

Answer with the correct option from 0 to 1. Only provide the numeric and nothing else 

Answer:  ASSISTANT:",10000,1,grade5
1297,"USER: 
 QUESTION: Will these magnets attract or repel each other?
OPTIONS:
0: attract
1: repel

Answer with the correct option from 0 to 1. Only provide the numeric and nothing else 

Answer:  ASSISTANT:",10000,1,grade4
1298,"USER: 
 QUESTION: Which of these organisms contains matter that was once part of the kelp?
OPTIONS:
0: zooplankton
1: phytoplankton
2: bat star

Answer with the correct option from 0 to 2. Only provide the numeric and nothing else 

Answer:  ASSISTANT:",10000,2,grade6
1299,"USER: 
 QUESTION: Will these magnets attract or repel each other?
OPTIONS:
0: repel
1: attract

Answer with the correct option from 0 to 1. Only provide the numeric and nothing else 

Answer:  ASSISTANT:",10000,0,grade5
1300,"USER: 
 QUESTION: Select the fish below.
OPTIONS:
0: barn owl
1: clownfish

Answer with the correct option from 0 to 1. Only provide the numeric and nothing else 

Answer:  ASSISTANT:",10000,1,grade2
1301,"USER: 
 QUESTION: Identify the question that Elena's experiment can best answer.
OPTIONS:
0: Do radishes grown under bright light get bigger than radishes grown under dim light?
1: Do radish plants grown under bright light have more leaves than radish plants grown under dim light?

Answer with the correct option from 0 to 1. Only provide the numeric and nothing else 

Answer:  ASSISTANT: 0",0,0,grade8
1302,"USER: 
 QUESTION: Which country is highlighted?
OPTIONS:
0: The Bahamas
1: Haiti
2: Cuba
3: Antigua and Barbuda

Answer with the correct option from 0 to 3. Only provide the numeric and nothing else 

Answer:  ASSISTANT:",10000,0,grade8
1303,"USER: 
 QUESTION: Which solution has a higher concentration of green particles?
OPTIONS:
0: Solution A
1: neither; their concentrations are the same
2: Solution B

Answer with the correct option from 0 to 2. Only provide the numeric and nothing else 

Answer:  ASSISTANT:",10000,1,grade7
1304,"USER: 
 QUESTION: Which property matches this object?
OPTIONS:
0: blue
1: scratchy

Answer with the correct option from 0 to 1. Only provide the numeric and nothing else 

Answer:  ASSISTANT:",10000,0,grade3
1305,"USER: 
 QUESTION: According to the map, which of the following statements is true about North America in the early colonial era?
OPTIONS:
0: England claimed most of the Atlantic coast of North America.
1: The Dutch controlled the most territory in eastern North America.

Answer with the correct option from 0 to 1. Only provide the numeric and nothing else 

Answer:  ASSISTANT: 00.00.0.00.",0,0,grade7
1306,"USER: 
 QUESTION: Select the organism in the same genus as the agile wallaby.
OPTIONS:
0: Ictinia mississippiensis
1: Macropus agilis
2: Lacerta agilis

Answer with the correct option from 0 to 2. Only provide the numeric and nothing else 

Answer:  ASSISTANT:",10000,1,grade5
1307,"USER: 
 QUESTION: What can Kyle and Tony trade to each get what they want?
OPTIONS:
0: Tony can trade his broccoli for Kyle's oranges.
1: Tony can trade his almonds for Kyle's tomatoes.
2: Kyle can trade his tomatoes for Tony's carrots.
3: Kyle can trade his tomatoes for Tony's broccoli.

Answer with the correct option from 0 to 3. Only provide the numeric and nothing else 

Answer:  ASSISTANT:",10000,3,grade8
1308,"USER: 
 QUESTION: What is the capital of California?
OPTIONS:
0: Sacramento
1: Boise
2: Honolulu
3: San Francisco

Answer with the correct option from 0 to 3. Only provide the numeric and nothing else 

Answer:  ASSISTANT:",10000,0,grade3
1309,"USER: 
 QUESTION: Think about the magnetic force between the magnets in each pair. Which of the following statements is true?
OPTIONS:
0: The magnitude of the magnetic force is smaller in Pair 2.
1: The magnitude of the magnetic force is smaller in Pair 1.
2: The magnitude of the magnetic force is the same in both pairs.

Answer with the correct option from 0 to 2. Only provide the numeric and nothing else 

Answer:  ASSISTANT: 0.",0,1,grade7
1310,"USER: 
 QUESTION: Select the bird below.
OPTIONS:
0: gray tree frog
1: black howler
2: zebra
3: barn owl

Answer with the correct option from 0 to 3. Only provide the numeric and nothing else 

Answer:  ASSISTANT:",10000,3,grade4
1311,"USER: 
 QUESTION: What is the capital of Virginia?
OPTIONS:
0: Norfolk
1: Little Rock
2: Richmond
3: Biloxi

Answer with the correct option from 0 to 3. Only provide the numeric and nothing else 

Answer:  ASSISTANT:",10000,2,grade5
1312,"USER: 
 QUESTION: Complete the text to describe the diagram.
Solute particles moved in both directions across the permeable membrane. But more solute particles moved across the membrane (). When there was an equal concentration on both sides, the particles reached equilibrium.
OPTIONS:
0: to the left than to the right
1: to the right than to the left

Answer with the correct option from 0 to 1. Only provide the numeric and nothing else 

Answer:  ASSISTANT: 0. 20. 20. 20. 20. 20. 20. 2. 2. 2. 2. 2. 2. 2. 2",0,1,grade6
1313,"USER: 
 QUESTION: Which solution has a higher concentration of pink particles?
OPTIONS:
0: Solution A
1: Solution B
2: neither; their concentrations are the same

Answer with the correct option from 0 to 2. Only provide the numeric and nothing else 

Answer:  ASSISTANT:",10000,1,grade7
1314,"USER: 
 QUESTION: What is the capital of Idaho?
OPTIONS:
0: Salt Lake City
1: Nampa
2: Juneau
3: Boise

Answer with the correct option from 0 to 3. Only provide the numeric and nothing else 

Answer:  ASSISTANT:",10000,3,grade5
1315,"USER: 
 QUESTION: What is the capital of North Carolina?
OPTIONS:
0: Charlotte
1: Trenton
2: Raleigh
3: Oklahoma City

Answer with the correct option from 0 to 3. Only provide the numeric and nothing else 

Answer:  ASSISTANT:",10000,2,grade3
1316,"USER: 
 QUESTION: Which continent is highlighted?
OPTIONS:
0: Africa
1: Asia
2: South America
3: Antarctica

Answer with the correct option from 0 to 3. Only provide the numeric and nothing else 

Answer:  ASSISTANT:",10000,2,grade6
1317,"USER: 
 QUESTION: Which of the following fossils is younger? Select the more likely answer.
OPTIONS:
0: fern
1: palm leaf

Answer with the correct option from 0 to 1. Only provide the numeric and nothing else 

Answer:  ASSISTANT:",10000,1,grade8
1318,"USER: 
 QUESTION: Which of these states is farthest south?
OPTIONS:
0: Maine
1: Massachusetts
2: Washington
3: North Dakota

Answer with the correct option from 0 to 3. Only provide the numeric and nothing else 

Answer:  ASSISTANT:",10000,1,grade5
1319,"USER: 
 QUESTION: Does this passage describe the weather or the climate?
OPTIONS:
0: climate
1: weather

Answer with the correct option from 0 to 1. Only provide the numeric and nothing else 

Answer:  ASSISTANT:",10000,1,grade6
1320,"USER: 
 QUESTION: Which is this organism's common name?
OPTIONS:
0: Cyprinus carpio
1: common carp

Answer with the correct option from 0 to 1. Only provide the numeric and nothing else 

Answer:  ASSISTANT:",10000,1,grade7
1321,"USER: 
 QUESTION: Is fruit punch a solid, a liquid, or a gas?
OPTIONS:
0: a solid
1: a liquid
2: a gas

Answer with the correct option from 0 to 2. Only provide the numeric and nothing else 

Answer:  ASSISTANT:",10000,1,grade3
1322,"USER: 
 QUESTION: Which of these cities is marked on the map?
OPTIONS:
0: Omaha
1: Chicago
2: St. Louis
3: Cleveland

Answer with the correct option from 0 to 3. Only provide the numeric and nothing else 

Answer:  ASSISTANT:",10000,2,grade5
1323,"USER: 
 QUESTION: Identify the question that Lola's experiment can best answer.
OPTIONS:
0: Do the temperatures inside boxes depend on the sizes of the boxes?
1: Do the insides of white boxes get hotter than the insides of black boxes when the boxes are left in the sun?

Answer with the correct option from 0 to 1. Only provide the numeric and nothing else 

Answer:  ASSISTANT: 0000000000000000000000000000000000000000000000000",0,1,grade8
1324,"USER: 
 QUESTION: Which property do these four objects have in common?
OPTIONS:
0: soft
1: smooth
2: transparent

Answer with the correct option from 0 to 2. Only provide the numeric and nothing else 

Answer:  ASSISTANT:",10000,0,grade5
1325,"USER: 
 QUESTION: What is the capital of Oklahoma?
OPTIONS:
0: Tulsa
1: Bridgeport
2: Columbia
3: Oklahoma City

Answer with the correct option from 0 to 3. Only provide the numeric and nothing else 

Answer:  ASSISTANT:",10000,3,grade3
1326,"USER: 
 QUESTION: Which country is highlighted?
OPTIONS:
0: New Zealand
1: Palau
2: the Federated States of Micronesia
3: Fiji

Answer with the correct option from 0 to 3. Only provide the numeric and nothing else 

Answer:  ASSISTANT:",10000,2,grade8
1327,"USER: 
 QUESTION: Select the mammal below.
OPTIONS:
0: koala
1: mandarinfish
2: bald eagle
3: helmeted iguana

Answer with the correct option from 0 to 3. Only provide the numeric and nothing else 

Answer:  ASSISTANT: 0000000000000000000000000000000000000000000000000",0,0,grade4
1328,"USER: 
 QUESTION: Which rhetorical appeal is primarily used in this ad?
OPTIONS:
0: ethos (character)
1: logos (reason)
2: pathos (emotion)

Answer with the correct option from 0 to 2. Only provide the numeric and nothing else 

Answer:  ASSISTANT:",10000,0,grade12
1329,"USER: 
 QUESTION: During this time, thermal energy was transferred from () to ().
OPTIONS:
0: the surroundings . . . each battery
1: each battery . . . the surroundings

Answer with the correct option from 0 to 1. Only provide the numeric and nothing else 

Answer:  ASSISTANT:",10000,1,grade7
1330,"USER: 
 QUESTION: Complete the statement.
Hydrogen peroxide is ().
OPTIONS:
0: a compound
1: an elementary substance

Answer with the correct option from 0 to 1. Only provide the numeric and nothing else 

Answer:  ASSISTANT: 0000000000000000000000000000000000000000000000000",0,0,grade5
1331,"USER: 
 QUESTION: Which property do these three objects have in common?
OPTIONS:
0: bouncy
1: yellow
2: sticky

Answer with the correct option from 0 to 2. Only provide the numeric and nothing else 

Answer:  ASSISTANT:",10000,2,grade4
1332,"USER: 
 QUESTION: Is the following statement about our solar system true or false?
The volume of Mars is more than three times as large as Mercury's.
OPTIONS:
0: false
1: true

Answer with the correct option from 0 to 1. Only provide the numeric and nothing else 

Answer:  ASSISTANT: 0000000000000000000000000000000000000000000000000",0,0,grade7
1333,"USER: 
 QUESTION: What is the capital of Illinois?
OPTIONS:
0: Springfield
1: Albany
2: Chicago
3: Madison

Answer with the correct option from 0 to 3. Only provide the numeric and nothing else 

Answer:  ASSISTANT:",10000,0,grade3
1334,"USER: 
 QUESTION: Compare the average kinetic energies of the particles in each sample. Which sample has the higher temperature?
OPTIONS:
0: neither; the samples have the same temperature
1: sample A
2: sample B

Answer with the correct option from 0 to 2. Only provide the numeric and nothing else 

Answer:  ASSISTANT:",10000,1,grade8
1335,"USER: 
 QUESTION: What is the probability that a cow produced by this cross will have solid coloring?
OPTIONS:
0: 4/4
1: 0/4
2: 3/4
3: 1/4
4: 2/4

Answer with the correct option from 0 to 4. Only provide the numeric and nothing else 

Answer:  ASSISTANT: 00. 20. 00. 0. 0. 0. 0. 20. 0. 0. 0. 0. 0. 0. 0. ",0,1,grade8
1336,"USER: 
 QUESTION: Will these magnets attract or repel each other?
OPTIONS:
0: attract
1: repel

Answer with the correct option from 0 to 1. Only provide the numeric and nothing else 

Answer:  ASSISTANT:",10000,1,grade3
1337,"USER: 
 QUESTION: Identify the question that Justine and Ben's experiment can best answer.
OPTIONS:
0: Does Justine's snowboard slide down a hill in less time when it has a layer of wax or when it does not have a layer of wax?
1: Does Justine's snowboard slide down a hill in less time when it has a thin layer of wax or a thick layer of wax?

Answer with the correct option from 0 to 1. Only provide the numeric and nothing else 

Answer:  ASSISTANT:",10000,0,grade7
1338,"USER: 
 QUESTION: What is the capital of Utah?
OPTIONS:
0: Cheyenne
1: Denver
2: Provo
3: Salt Lake City

Answer with the correct option from 0 to 3. Only provide the numeric and nothing else 

Answer:  ASSISTANT:",10000,3,grade3
1339,"USER: 
 QUESTION: What is the capital of Iowa?
OPTIONS:
0: Tallahassee
1: Cedar Rapids
2: Davenport
3: Des Moines

Answer with the correct option from 0 to 3. Only provide the numeric and nothing else 

Answer:  ASSISTANT:",10000,3,grade5
1340,"USER: 
 QUESTION: Which colony was Middle Colonies?
OPTIONS:
0: Connecticut
1: Georgia
2: New Jersey

Answer with the correct option from 0 to 2. Only provide the numeric and nothing else 

Answer:  ASSISTANT:",10000,2,grade4
1341,"USER: 
 QUESTION: Which statement best describes the average monthly precipitation in Atlanta?
OPTIONS:
0: February is wetter than March.
1: October has the highest average precipitation.
2: Precipitation does not change much from month to month in Atlanta.

Answer with the correct option from 0 to 2. Only provide the numeric and nothing else 

Answer:  ASSISTANT:",10000,2,grade3
1342,"USER: 
 QUESTION: What is the capital of West Virginia?
OPTIONS:
0: Charleston
1: Huntington
2: Baton Rouge
3: Richmond

Answer with the correct option from 0 to 3. Only provide the numeric and nothing else 

Answer:  ASSISTANT:",10000,0,grade4
1343,"USER: 
 QUESTION: Does this passage describe the weather or the climate?
OPTIONS:
0: climate
1: weather

Answer with the correct option from 0 to 1. Only provide the numeric and nothing else 

Answer:  ASSISTANT:",10000,1,grade4
1344,"USER: 
 QUESTION: Think about the magnetic force between the magnets in each pair. Which of the following statements is true?
OPTIONS:
0: The magnitude of the magnetic force is greater in Pair 1.
1: The magnitude of the magnetic force is the same in both pairs.
2: The magnitude of the magnetic force is greater in Pair 2.

Answer with the correct option from 0 to 2. Only provide the numeric and nothing else 

Answer:  ASSISTANT: 0.",0,2,grade6
1345,"USER: 
 QUESTION: Is the following statement about our solar system true or false?
Half of the planets are made mainly of gas or ice.
OPTIONS:
0: false
1: true

Answer with the correct option from 0 to 1. Only provide the numeric and nothing else 

Answer:  ASSISTANT: 0000000000000000000000000000000000000000000000000",0,1,grade7
1346,"USER: 
 QUESTION: Will these magnets attract or repel each other?
OPTIONS:
0: repel
1: attract

Answer with the correct option from 0 to 1. Only provide the numeric and nothing else 

Answer:  ASSISTANT:",10000,0,grade2
1347,"USER: 
 QUESTION: What can Rob and Carrie trade to each get what they want?
OPTIONS:
0: Rob can trade his tomatoes for Carrie's broccoli.
1: Carrie can trade her broccoli for Rob's oranges.
2: Carrie can trade her almonds for Rob's tomatoes.
3: Rob can trade his tomatoes for Carrie's sandwich.

Answer with the correct option from 0 to 3. Only provide the numeric and nothing else 

Answer:  ASSISTANT:",10000,0,grade6
1348,"USER: 
 QUESTION: Select the chemical formula for this molecule.
OPTIONS:
0: PCl5N
1: PCl5
2: P2Cl6
3: Cl6

Answer with the correct option from 0 to 3. Only provide the numeric and nothing else 

Answer:  ASSISTANT: 0000000000000000000000000000000000000000000000000",0,1,grade5
1349,"USER: 
 QUESTION: Which air temperature was measured within the outlined area shown?
OPTIONS:
0: 30°C
1: 14°C
2: 10°C

Answer with the correct option from 0 to 2. Only provide the numeric and nothing else 

Answer:  ASSISTANT:",10000,0,grade6
1350,"USER: 
 QUESTION: What is the capital of Alaska?
OPTIONS:
0: Juneau
1: Dover
2: Salt Lake City
3: Atlanta

Answer with the correct option from 0 to 3. Only provide the numeric and nothing else 

Answer:  ASSISTANT:",10000,0,grade3
1351,"USER: 
 QUESTION: What is the capital of South Dakota?
OPTIONS:
0: Rapid City
1: Sioux Falls
2: Pierre
3: Montgomery

Answer with the correct option from 0 to 3. Only provide the numeric and nothing else 

Answer:  ASSISTANT:",10000,2,grade5
1352,"USER: 
 QUESTION: What is the capital of Idaho?
OPTIONS:
0: Fairbanks
1: Santa Fe
2: Boise
3: Nampa

Answer with the correct option from 0 to 3. Only provide the numeric and nothing else 

Answer:  ASSISTANT:",10000,2,grade4
1353,"USER: 
 QUESTION: Is the air inside a bubble a solid, a liquid, or a gas?
OPTIONS:
0: a liquid
1: a gas
2: a solid

Answer with the correct option from 0 to 2. Only provide the numeric and nothing else 

Answer:  ASSISTANT:",10000,1,grade3
1354,"USER: 
 QUESTION: Select the reptile below.
OPTIONS:
0: California toad
1: Hermann's tortoise

Answer with the correct option from 0 to 1. Only provide the numeric and nothing else 

Answer:  ASSISTANT:",10000,1,grade3
1355,"USER: 
 QUESTION: Select the fish below.
OPTIONS:
0: manta ray
1: giraffe

Answer with the correct option from 0 to 1. Only provide the numeric and nothing else 

Answer:  ASSISTANT:",10000,0,grade3
1356,"USER: 
 QUESTION: Which property do these three objects have in common?
OPTIONS:
0: shiny
1: fuzzy
2: transparent

Answer with the correct option from 0 to 2. Only provide the numeric and nothing else 

Answer:  ASSISTANT:",10000,0,grade3
1357,"USER: 
 QUESTION: Identify the question that Winston's experiment can best answer.
OPTIONS:
0: Do cardinals eat more seeds per visit from feeders containing sunflower seeds compared to feeders containing flax seeds?
1: Do cardinals visit feeders containing sunflower seeds more often than feeders containing flax seeds?

Answer with the correct option from 0 to 1. Only provide the numeric and nothing else 

Answer:  ASSISTANT:",10000,1,grade7
1358,"USER: 
 QUESTION: Is the following statement about our solar system true or false?
50% of the planets are made mainly of gas.
OPTIONS:
0: true
1: false

Answer with the correct option from 0 to 1. Only provide the numeric and nothing else 

Answer:  ASSISTANT: 0000000000000000000000000000000000000000000000000",0,1,grade6
1359,"USER: 
 QUESTION: What is the expected ratio of offspring with black eyes to offspring with red eyes? Choose the most likely ratio.
OPTIONS:
0: 2:2
1: 0:4
2: 1:3
3: 4:0
4: 3:1

Answer with the correct option from 0 to 4. Only provide the numeric and nothing else 

Answer:  ASSISTANT: 0. 20. 0. 0. 20. 20. 20. 20. 20. 20. 20. 20. 2. 2",0,1,grade8
1360,"USER: 
 QUESTION: Identify the question that Annie's experiment can best answer.
OPTIONS:
0: Do radish plants grown under bright light have more leaves than radish plants grown under dim light?
1: Do radishes grown under bright light get bigger than radishes grown under dim light?

Answer with the correct option from 0 to 1. Only provide the numeric and nothing else 

Answer:  ASSISTANT: 0",0,1,grade8
1361,"USER: 
 QUESTION: Think about the magnetic force between the magnets in each pair. Which of the following statements is true?
OPTIONS:
0: The magnitude of the magnetic force is the same in both pairs.
1: The magnitude of the magnetic force is smaller in Pair 2.
2: The magnitude of the magnetic force is smaller in Pair 1.

Answer with the correct option from 0 to 2. Only provide the numeric and nothing else 

Answer:  ASSISTANT: 0.",0,2,grade7
1362,"USER: 
 QUESTION: Which country is highlighted?
OPTIONS:
0: Fiji
1: Solomon Islands
2: Vanuatu
3: Tuvalu

Answer with the correct option from 0 to 3. Only provide the numeric and nothing else 

Answer:  ASSISTANT:",10000,0,grade8
1363,"USER: 
 QUESTION: What is the capital of Wyoming?
OPTIONS:
0: Hilo
1: Laramie
2: Carson City
3: Cheyenne

Answer with the correct option from 0 to 3. Only provide the numeric and nothing else 

Answer:  ASSISTANT:",10000,3,grade3
1364,"USER: 
 QUESTION: Which of these cities is marked on the map?
OPTIONS:
0: Pittsburgh
1: Baltimore
2: New York City
3: Boston

Answer with the correct option from 0 to 3. Only provide the numeric and nothing else 

Answer:  ASSISTANT:",10000,2,grade4
1365,"USER: 
 QUESTION: What can Sally and Chloe trade to each get what they want?
OPTIONS:
0: Sally can trade her tomatoes for Chloe's sandwich.
1: Chloe can trade her almonds for Sally's tomatoes.
2: Chloe can trade her broccoli for Sally's oranges.
3: Sally can trade her tomatoes for Chloe's broccoli.

Answer with the correct option from 0 to 3. Only provide the numeric and nothing else 

Answer:  ASSISTANT:",10000,3,grade6
1366,"USER: 
 QUESTION: What is the capital of Nevada?
OPTIONS:
0: Carson City
1: Reno
2: Salem
3: Las Vegas

Answer with the correct option from 0 to 3. Only provide the numeric and nothing else 

Answer:  ASSISTANT:",10000,0,grade4
1367,"USER: 
 QUESTION: Does this passage describe the weather or the climate?
OPTIONS:
0: weather
1: climate

Answer with the correct option from 0 to 1. Only provide the numeric and nothing else 

Answer:  ASSISTANT:",10000,1,grade6
1368,"USER: 
 QUESTION: Select the organism in the same species as the marbled salamander.
OPTIONS:
0: Lissotriton helveticus
1: Taricha torosa
2: Ambystoma opacum

Answer with the correct option from 0 to 2. Only provide the numeric and nothing else 

Answer:  ASSISTANT: 200.000000000000000000000000000000000000000000000",2,2,grade5
1369,"USER: 
 QUESTION: Select the amphibian below.
OPTIONS:
0: human
1: red-spotted newt
2: great white shark
3: gray wolf

Answer with the correct option from 0 to 3. Only provide the numeric and nothing else 

Answer:  ASSISTANT: 0000000000000000000000000000000000000000000000000",0,1,grade4
1370,"USER: 
 QUESTION: Will these magnets attract or repel each other?
OPTIONS:
0: repel
1: attract

Answer with the correct option from 0 to 1. Only provide the numeric and nothing else 

Answer:  ASSISTANT:",10000,1,grade2
1371,"USER: 
 QUESTION: Select the reptile below.
OPTIONS:
0: koala
1: box turtle

Answer with the correct option from 0 to 1. Only provide the numeric and nothing else 

Answer:  ASSISTANT:",10000,1,grade2
1372,"USER: 
 QUESTION: What is the capital of New Hampshire?
OPTIONS:
0: Manchester
1: Nampa
2: Concord
3: Grand Rapids

Answer with the correct option from 0 to 3. Only provide the numeric and nothing else 

Answer:  ASSISTANT:",10000,2,grade5
1373,"USER: 
 QUESTION: Which property matches this object?
OPTIONS:
0: blue
1: shiny

Answer with the correct option from 0 to 1. Only provide the numeric and nothing else 

Answer:  ASSISTANT:",10000,1,grade2
1374,"USER: 
 QUESTION: Think about the magnetic force between the magnets in each pair. Which of the following statements is true?
OPTIONS:
0: The strength of the magnetic force is the same in both pairs.
1: The magnetic force is stronger in Pair 1.
2: The magnetic force is stronger in Pair 2.

Answer with the correct option from 0 to 2. Only provide the numeric and nothing else 

Answer:  ASSISTANT: 0.",0,1,grade4
1375,"USER: 
 QUESTION: What is the capital of California?
OPTIONS:
0: Birmingham
1: Charleston
2: Sacramento
3: Richmond

Answer with the correct option from 0 to 3. Only provide the numeric and nothing else 

Answer:  ASSISTANT:",10000,2,grade3
1376,"USER: 
 QUESTION: Does this passage describe the weather or the climate?
OPTIONS:
0: climate
1: weather

Answer with the correct option from 0 to 1. Only provide the numeric and nothing else 

Answer:  ASSISTANT:",10000,0,grade6
1377,"USER: 
 QUESTION: What is the capital of Maine?
OPTIONS:
0: Augusta
1: Phoenix
2: Portland
3: Madison

Answer with the correct option from 0 to 3. Only provide the numeric and nothing else 

Answer:  ASSISTANT:",10000,0,grade3
1378,"USER: 
 QUESTION: What is the capital of Iowa?
OPTIONS:
0: Cedar Rapids
1: Davenport
2: Des Moines
3: Frankfort

Answer with the correct option from 0 to 3. Only provide the numeric and nothing else 

Answer:  ASSISTANT: 0000000000000000000000000000000000000000000000000",0,2,grade3
1379,"USER: 
 QUESTION: What is the capital of Indiana?
OPTIONS:
0: Pierre
1: Springfield
2: Fort Wayne
3: Indianapolis

Answer with the correct option from 0 to 3. Only provide the numeric and nothing else 

Answer:  ASSISTANT:",10000,3,grade3
1380,"USER: 
 QUESTION: Select the fish below.
OPTIONS:
0: mandarinfish
1: green iguana
2: red-headed poison frog
3: water buffalo

Answer with the correct option from 0 to 3. Only provide the numeric and nothing else 

Answer:  ASSISTANT: 0000000000000000000000000000000000000000000000000",0,0,grade4
1381,"USER: 
 QUESTION: Select the organism in the same genus as the bobcat.
OPTIONS:
0: Lynx canadensis
1: Python molurus
2: Macropus rufus

Answer with the correct option from 0 to 2. Only provide the numeric and nothing else 

Answer:  ASSISTANT:",10000,0,grade8
1382,"USER: 
 QUESTION: Which i in row B?
OPTIONS:
0: the fire department
1: the police department
2: the library
3: the diner

Answer with the correct option from 0 to 3. Only provide the numeric and nothing else 

Answer:  ASSISTANT:",10000,2,grade3
1383,"USER: 
 QUESTION: Which better describes the Everglades National Park ecosystem?
OPTIONS:
0: It has land that is covered in water during most of the year. It also has other water ecosystems nearby.
1: It has soil that is poor in nutrients. It also has other water ecosystems nearby.

Answer with the correct option from 0 to 1. Only provide the numeric and nothing else 

Answer:  ASSISTANT:",10000,0,grade3
1384,"USER: 
 QUESTION: Think about the magnetic force between the magnets in each pair. Which of the following statements is true?
OPTIONS:
0: The magnetic force is stronger in Pair 1.
1: The strength of the magnetic force is the same in both pairs.
2: The magnetic force is stronger in Pair 2.

Answer with the correct option from 0 to 2. Only provide the numeric and nothing else 

Answer:  ASSISTANT: 0.",0,1,grade3
1385,"USER: 
 QUESTION: What type of rock is shale?
OPTIONS:
0: sedimentary
1: igneous

Answer with the correct option from 0 to 1. Only provide the numeric and nothing else 

Answer:  ASSISTANT:",10000,0,grade3
1386,"USER: 
 QUESTION: Complete the text to describe the diagram.
Solute particles moved in both directions across the permeable membrane. But more solute particles moved across the membrane (). When there was an equal concentration on both sides, the particles reached equilibrium.
OPTIONS:
0: to the left than to the right
1: to the right than to the left

Answer with the correct option from 0 to 1. Only provide the numeric and nothing else 

Answer:  ASSISTANT: 0. 20. 20. 20. 20. 20. 20. 2. 2. 2. 2. 2. 2. 2. 2",0,0,grade6
1387,"USER: 
 QUESTION: Does this passage describe the weather or the climate?
OPTIONS:
0: weather
1: climate

Answer with the correct option from 0 to 1. Only provide the numeric and nothing else 

Answer:  ASSISTANT:",10000,1,grade3
1388,"USER: 
 QUESTION: What is the capital of Illinois?
OPTIONS:
0: Chicago
1: Columbus
2: Springfield
3: Jefferson City

Answer with the correct option from 0 to 3. Only provide the numeric and nothing else 

Answer:  ASSISTANT:",10000,2,grade5
1389,"USER: 
 QUESTION: Which is this organism's common name?
OPTIONS:
0: Bradypus variegatus
1: brown-throated sloth

Answer with the correct option from 0 to 1. Only provide the numeric and nothing else 

Answer:  ASSISTANT:",10000,1,grade8
1390,"USER: 
 QUESTION: Which of the following could Isaac's test show?
OPTIONS:
0: which design would have the greatest distance between the concert area and the road
1: if at least 20% of the park would be shaded by trees in each design
2: which design would have the least traffic noise in the concert area

Answer with the correct option from 0 to 2. Only provide the numeric and nothing else 

Answer:  ASSISTANT:",10000,0,grade8
1391,"USER: 
 QUESTION: Which property do these two objects have in common?
OPTIONS:
0: sour
1: stretchy

Answer with the correct option from 0 to 1. Only provide the numeric and nothing else 

Answer:  ASSISTANT:",10000,1,grade2
1392,"USER: 
 QUESTION: What is this huntsman spider's scientific name?
OPTIONS:
0: Heteropoda davidbowie
1: Heteropoda altmannae

Answer with the correct option from 0 to 1. Only provide the numeric and nothing else 

Answer:  ASSISTANT:",10000,0,grade4
1393,"USER: 
 QUESTION: What is the expected ratio of offspring with a yellow ground spot to offspring with a white ground spot? Choose the most likely ratio.
OPTIONS:
0: 4:0
1: 3:1
2: 1:3
3: 0:4
4: 2:2

Answer with the correct option from 0 to 4. Only provide the numeric and nothing else 

Answer:  ASSISTANT: 20. 20. 20. 20. 20. 20. 20. 20. 20. 2. 2. 2.20.2.",2,0,grade8
1394,"USER: 
 QUESTION: Which trait did Megaloceros have? Select the trait you can observe on the fossil.
OPTIONS:
0: four legs
1: a tail with long hair
2: a mane on the back of its neck

Answer with the correct option from 0 to 2. Only provide the numeric and nothing else 

Answer:  ASSISTANT: 000.000000000000000000000000000000000000000000000",0,0,grade6
1395,"USER: 
 QUESTION: Which material is this egg carton made of?
OPTIONS:
0: ceramic
1: cardboard

Answer with the correct option from 0 to 1. Only provide the numeric and nothing else 

Answer:  ASSISTANT:",10000,1,grade3
1396,"USER: 
 QUESTION: Which animal is also adapted to be camouflaged in the snow?
OPTIONS:
0: echidna
1: Arctic fox

Answer with the correct option from 0 to 1. Only provide the numeric and nothing else 

Answer:  ASSISTANT:",10000,1,grade4
1397,"USER: 
 QUESTION: What is the name of the colony shown?
OPTIONS:
0: New Jersey
1: Delaware
2: Maine
3: Pennsylvania

Answer with the correct option from 0 to 3. Only provide the numeric and nothing else 

Answer:  ASSISTANT:",10000,0,grade4
1398,"USER: 
 QUESTION: Which property do these three objects have in common?
OPTIONS:
0: rough
1: smooth
2: soft

Answer with the correct option from 0 to 2. Only provide the numeric and nothing else 

Answer:  ASSISTANT:",10000,1,grade3
1399,"USER: 
 QUESTION: Think about the magnetic force between the magnets in each pair. Which of the following statements is true?
OPTIONS:
0: The magnitude of the magnetic force is greater in Pair 1.
1: The magnitude of the magnetic force is the same in both pairs.
2: The magnitude of the magnetic force is greater in Pair 2.

Answer with the correct option from 0 to 2. Only provide the numeric and nothing else 

Answer:  ASSISTANT: 0.",0,0,grade7
1400,"USER: 
 QUESTION: Select the organism in the same genus as the great blue heron.
OPTIONS:
0: Strix varia
1: Pelecanus crispus
2: Ardea purpurea

Answer with the correct option from 0 to 2. Only provide the numeric and nothing else 

Answer:  ASSISTANT:",10000,2,grade6
1401,"USER: 
 QUESTION: What can Rosa and Isabella trade to each get what they want?
OPTIONS:
0: Isabella can trade her broccoli for Rosa's oranges.
1: Rosa can trade her tomatoes for Isabella's broccoli.
2: Rosa can trade her tomatoes for Isabella's carrots.
3: Isabella can trade her almonds for Rosa's tomatoes.

Answer with the correct option from 0 to 3. Only provide the numeric and nothing else 

Answer:  ASSISTANT:",10000,1,grade7
1402,"USER: 
 QUESTION: What is the capital of Hawaii?
OPTIONS:
0: Sacramento
1: Carson City
2: Honolulu
3: Hilo

Answer with the correct option from 0 to 3. Only provide the numeric and nothing else 

Answer:  ASSISTANT:",10000,2,grade3
1403,"USER: 
 QUESTION: What is one reason people can't go to Mars?
OPTIONS:
0: It's too far away.
1: It's too hot there.

Answer with the correct option from 0 to 1. Only provide the numeric and nothing else 

Answer:  ASSISTANT:",10000,0,grade2
1404,"USER: 
 QUESTION: Which of the following could Bill's test show?
OPTIONS:
0: whether an inexpensive filter would become clogged more often
1: whether the filter was clogged
2: the amount of bacteria in the water before it was filtered

Answer with the correct option from 0 to 2. Only provide the numeric and nothing else 

Answer:  ASSISTANT:",10000,1,grade8
1405,"USER: 
 QUESTION: During this time, thermal energy was transferred from () to ().
OPTIONS:
0: the surroundings . . . each aquarium
1: each aquarium . . . the surroundings

Answer with the correct option from 0 to 1. Only provide the numeric and nothing else 

Answer:  ASSISTANT:",10000,1,grade7
1406,"USER: 
 QUESTION: Which material are these steps made of?
OPTIONS:
0: concrete
1: silk

Answer with the correct option from 0 to 1. Only provide the numeric and nothing else 

Answer:  ASSISTANT:",10000,0,grade2
1407,"USER: 
 QUESTION: What is the capital of Idaho?
OPTIONS:
0: Boise
1: Baton Rouge
2: Atlanta
3: Nampa

Answer with the correct option from 0 to 3. Only provide the numeric and nothing else 

Answer:  ASSISTANT:",10000,0,grade4
1408,"USER: 
 QUESTION: Select the organism in the same genus as the Japanese honeysuckle.
OPTIONS:
0: Hyacinthus orientalis
1: Lonicera maackii
2: Ulex europaeus

Answer with the correct option from 0 to 2. Only provide the numeric and nothing else 

Answer:  ASSISTANT: 200.000000000000000000000000000000000000000000000",2,1,grade4
1409,"USER: 
 QUESTION: Which type of force from the people moves the car forward?
OPTIONS:
0: push
1: pull

Answer with the correct option from 0 to 1. Only provide the numeric and nothing else 

Answer:  ASSISTANT:",10000,0,grade3
1410,"USER: 
 QUESTION: Which animal's feet are also adapted to walk on snow and ice?
OPTIONS:
0: Eurasian lynx
1: Suriname toad

Answer with the correct option from 0 to 1. Only provide the numeric and nothing else 

Answer:  ASSISTANT:",10000,0,grade3
1411,"USER: 
 QUESTION: What is the probability that a rat produced by this cross will have a dwarf body?
OPTIONS:
0: 3/4
1: 0/4
2: 2/4
3: 1/4
4: 4/4

Answer with the correct option from 0 to 4. Only provide the numeric and nothing else 

Answer:  ASSISTANT: 0. 0. 0 0 0. 0. 0. 0. 0. 0. 0. 0. 0. 0. 0. 0. 0. ",0,1,grade8
1412,"USER: 
 QUESTION: Which bird's beak is also adapted to catch insects?
OPTIONS:
0: Australian pelican
1: European robin

Answer with the correct option from 0 to 1. Only provide the numeric and nothing else 

Answer:  ASSISTANT:",10000,1,grade4
1413,"USER: 
 QUESTION: Is the following statement about our solar system true or false?
Of the four largest planets, three are made mainly of gas.
OPTIONS:
0: false
1: true

Answer with the correct option from 0 to 1. Only provide the numeric and nothing else 

Answer:  ASSISTANT: 0000.00000000000000000000000000000000000000000000",0,0,grade7
1414,"USER: 
 QUESTION: Which solution has a higher concentration of blue particles?
OPTIONS:
0: Solution A
1: Solution B
2: neither; their concentrations are the same

Answer with the correct option from 0 to 2. Only provide the numeric and nothing else 

Answer:  ASSISTANT:",10000,2,grade6
1415,"USER: 
 QUESTION: Which animal's limbs are also adapted for climbing trees?
OPTIONS:
0: California sea lion
1: lar gibbon

Answer with the correct option from 0 to 1. Only provide the numeric and nothing else 

Answer:  ASSISTANT:",10000,1,grade4
1416,"USER: 
 QUESTION: Which solution has a higher concentration of blue particles?
OPTIONS:
0: Solution B
1: neither; their concentrations are the same
2: Solution A

Answer with the correct option from 0 to 2. Only provide the numeric and nothing else 

Answer:  ASSISTANT:",10000,2,grade6
1417,"USER: 
 QUESTION: Which country is highlighted?
OPTIONS:
0: Tuvalu
1: Solomon Islands
2: Fiji
3: Vanuatu

Answer with the correct option from 0 to 3. Only provide the numeric and nothing else 

Answer:  ASSISTANT:",10000,2,grade8
1418,"USER: 
 QUESTION: What can Sandeep and Tracy trade to each get what they want?
OPTIONS:
0: Tracy can trade her almonds for Sandeep's tomatoes.
1: Sandeep can trade his tomatoes for Tracy's broccoli.
2: Sandeep can trade his tomatoes for Tracy's carrots.
3: Tracy can trade her broccoli for Sandeep's oranges.

Answer with the correct option from 0 to 3. Only provide the numeric and nothing else 

Answer:  ASSISTANT:",10000,1,grade7
1419,"USER: 
 QUESTION: Select the amphibian below.
OPTIONS:
0: koala
1: green moray eel
2: horned frog
3: zebra

Answer with the correct option from 0 to 3. Only provide the numeric and nothing else 

Answer:  ASSISTANT: 0000000000000000000000000000000000000000000000000",0,2,grade4
1420,"USER: 
 QUESTION: Which animal is also adapted to be camouflaged among green leaves?
OPTIONS:
0: fox snake
1: emerald tree boa

Answer with the correct option from 0 to 1. Only provide the numeric and nothing else 

Answer:  ASSISTANT:",10000,1,grade4
1421,"USER: 
 QUESTION: Select the organism in the same species as the cocoi heron.
OPTIONS:
0: Taricha torosa
1: Ardea goliath
2: Ardea cocoi

Answer with the correct option from 0 to 2. Only provide the numeric and nothing else 

Answer:  ASSISTANT:",10000,2,grade8
1422,"USER: 
 QUESTION: Which of the following could Pam's test show?
OPTIONS:
0: how much the drone weighed with the blade guards
1: if the blade guards would break in a crash
2: if adding the blade guards made the drone fly poorly

Answer with the correct option from 0 to 2. Only provide the numeric and nothing else 

Answer:  ASSISTANT: 2000000000000000000000000000000000000000000000000",2000000000000000000000000000000000000000000000000,2,grade7
1423,"USER: 
 QUESTION: During this time, thermal energy was transferred from () to ().
OPTIONS:
0: the surroundings . . . each pizza
1: each pizza . . . the surroundings

Answer with the correct option from 0 to 1. Only provide the numeric and nothing else 

Answer:  ASSISTANT:",10000,1,grade8
1424,"USER: 
 QUESTION: Think about the magnetic force between the magnets in each pair. Which of the following statements is true?
OPTIONS:
0: The strength of the magnetic force is the same in both pairs.
1: The magnetic force is stronger in Pair 2.
2: The magnetic force is stronger in Pair 1.

Answer with the correct option from 0 to 2. Only provide the numeric and nothing else 

Answer:  ASSISTANT: 0.",0,2,grade4
1425,"USER: 
 QUESTION: Which country is highlighted?
OPTIONS:
0: Dominica
1: Saint Vincent and the Grenadines
2: Trinidad and Tobago
3: Grenada

Answer with the correct option from 0 to 3. Only provide the numeric and nothing else 

Answer:  ASSISTANT:",10000,3,grade7
1426,"USER: 
 QUESTION: What is the capital of Minnesota?
OPTIONS:
0: Saint Paul
1: Minneapolis
2: Jefferson City
3: Pierre

Answer with the correct option from 0 to 3. Only provide the numeric and nothing else 

Answer:  ASSISTANT:",10000,0,grade5
1427,"USER: 
 QUESTION: Which animal's feet are also adapted for digging?
OPTIONS:
0: groundhog
1: tokay gecko

Answer with the correct option from 0 to 1. Only provide the numeric and nothing else 

Answer:  ASSISTANT:",10000,0,grade4
1428,"USER: 
 QUESTION: Identify the question that Rhianna's experiment can best answer.
OPTIONS:
0: Do the insides of white boxes get hotter than the insides of black boxes when the boxes are left in the sun?
1: Do the temperatures inside boxes depend on the sizes of the boxes?

Answer with the correct option from 0 to 1. Only provide the numeric and nothing else 

Answer:  ASSISTANT:",10000,0,grade6
1429,"USER: 
 QUESTION: Which of the following was a dependent variable in this experiment?
OPTIONS:
0: the watering method used
1: the change in weight for each plant

Answer with the correct option from 0 to 1. Only provide the numeric and nothing else 

Answer:  ASSISTANT:",10000,1,grade6
1430,"USER: 
 QUESTION: Complete the statement.
Hydrazine is ().
OPTIONS:
0: an elementary substance
1: a compound

Answer with the correct option from 0 to 1. Only provide the numeric and nothing else 

Answer:  ASSISTANT: 0000000000000000000000000000000000000000000000000",0,1,grade8
1431,"USER: 
 QUESTION: What is the probability that a chicken produced by this cross will be heterozygous for the leg color gene?
OPTIONS:
0: 2/4
1: 0/4
2: 4/4
3: 3/4
4: 1/4

Answer with the correct option from 0 to 4. Only provide the numeric and nothing else 

Answer:  ASSISTANT: 0. 0. 0. 0. 0. 20. 20. 20. 20. 20. 20. 20. 20. 20",0,0,grade8
1432,"USER: 
 QUESTION: Which of these continents does the prime meridian intersect?
OPTIONS:
0: Africa
1: Australia
2: Asia

Answer with the correct option from 0 to 2. Only provide the numeric and nothing else 

Answer:  ASSISTANT:",10000,0,grade4
1433,"USER: 
 QUESTION: Is a ruler a solid, a liquid, or a gas?
OPTIONS:
0: a liquid
1: a gas
2: a solid

Answer with the correct option from 0 to 2. Only provide the numeric and nothing else 

Answer:  ASSISTANT:",10000,2,grade2
1434,"USER: 
 QUESTION: Which country is highlighted?
OPTIONS:
0: the Marshall Islands
1: New Zealand
2: Vanuatu
3: Nauru

Answer with the correct option from 0 to 3. Only provide the numeric and nothing else 

Answer:  ASSISTANT:",10000,3,grade8
1435,"USER: 
 QUESTION: Complete the sentence.
The Western Alps formed at a () boundary.
OPTIONS:
0: transform
1: convergent
2: divergent

Answer with the correct option from 0 to 2. Only provide the numeric and nothing else 

Answer:  ASSISTANT: 0000000000000000000000000000000000000000000000000",0,1,grade8
1436,"USER: 
 QUESTION: What is the capital of Vermont?
OPTIONS:
0: Omaha
1: Montpelier
2: Boston
3: Burlington

Answer with the correct option from 0 to 3. Only provide the numeric and nothing else 

Answer:  ASSISTANT:",10000,1,grade5
1437,"USER: 
 QUESTION: Which animal's feet are also adapted for grabbing prey?
OPTIONS:
0: brahminy kite
1: dromedary camel

Answer with the correct option from 0 to 1. Only provide the numeric and nothing else 

Answer:  ASSISTANT:",10000,0,grade5
1438,"USER: 
 QUESTION: What is the name of the colony shown?
OPTIONS:
0: South Carolina
1: Connecticut
2: Massachusetts
3: Georgia

Answer with the correct option from 0 to 3. Only provide the numeric and nothing else 

Answer:  ASSISTANT:",10000,1,grade5
1439,"USER: 
 QUESTION: Which of these states is farthest west?
OPTIONS:
0: Georgia
1: Iowa
2: New York
3: North Dakota

Answer with the correct option from 0 to 3. Only provide the numeric and nothing else 

Answer:  ASSISTANT:",10000,3,grade4
1440,"USER: 
 QUESTION: Think about the magnetic force between the magnets in each pair. Which of the following statements is true?
OPTIONS:
0: The magnitude of the magnetic force is greater in Pair 2.
1: The magnitude of the magnetic force is greater in Pair 1.
2: The magnitude of the magnetic force is the same in both pairs.

Answer with the correct option from 0 to 2. Only provide the numeric and nothing else 

Answer:  ASSISTANT: 0.",0,0,grade8
1441,"USER: 
 QUESTION: Which ocean is highlighted?
OPTIONS:
0: the Indian Ocean
1: the Pacific Ocean
2: the Arctic Ocean
3: the Atlantic Ocean

Answer with the correct option from 0 to 3. Only provide the numeric and nothing else 

Answer:  ASSISTANT:",10000,2,grade8
1442,"USER: 
 QUESTION: What can Ernesto and Lucia trade to each get what they want?
OPTIONS:
0: Ernesto can trade his tomatoes for Lucia's sandwich.
1: Ernesto can trade his tomatoes for Lucia's broccoli.
2: Lucia can trade her almonds for Ernesto's tomatoes.
3: Lucia can trade her broccoli for Ernesto's oranges.

Answer with the correct option from 0 to 3. Only provide the numeric and nothing else 

Answer:  ASSISTANT:",10000,1,grade6
1443,"USER: 
 QUESTION: What is the capital of Nevada?
OPTIONS:
0: Baltimore
1: Helena
2: Carson City
3: Baton Rouge

Answer with the correct option from 0 to 3. Only provide the numeric and nothing else 

Answer:  ASSISTANT:",10000,2,grade5
1444,"USER: 
 QUESTION: Which plant can produce spores?
OPTIONS:
0: a mature fern
1: a heart-shaped plant

Answer with the correct option from 0 to 1. Only provide the numeric and nothing else 

Answer:  ASSISTANT:",10000,0,grade7
1445,"USER: 
 QUESTION: Which of the following organisms is the primary consumer in this food web?
OPTIONS:
0: sea otter
1: kelp
2: plainfin midshipman
3: phytoplankton

Answer with the correct option from 0 to 3. Only provide the numeric and nothing else 

Answer:  ASSISTANT:",10000,2,grade8
1446,"USER: 
 QUESTION: What is the capital of Colorado?
OPTIONS:
0: Denver
1: Dallas
2: Sioux Falls
3: Green Bay

Answer with the correct option from 0 to 3. Only provide the numeric and nothing else 

Answer:  ASSISTANT:",10000,0,grade5
1447,"USER: 
 QUESTION: Will these magnets attract or repel each other?
OPTIONS:
0: repel
1: attract

Answer with the correct option from 0 to 1. Only provide the numeric and nothing else 

Answer:  ASSISTANT:",10000,1,grade2
1448,"USER: 
 QUESTION: Which country is highlighted?
OPTIONS:
0: Dominica
1: the Dominican Republic
2: Jamaica
3: Haiti

Answer with the correct option from 0 to 3. Only provide the numeric and nothing else 

Answer:  ASSISTANT:",10000,1,grade7
1449,"USER: 
 QUESTION: Is a handsaw a solid, a liquid, or a gas?
OPTIONS:
0: a gas
1: a solid
2: a liquid

Answer with the correct option from 0 to 2. Only provide the numeric and nothing else 

Answer:  ASSISTANT:",10000,1,grade3
1450,"USER: 
 QUESTION: Which continent is highlighted?
OPTIONS:
0: Europe
1: North America
2: South America
3: Asia

Answer with the correct option from 0 to 3. Only provide the numeric and nothing else 

Answer:  ASSISTANT:",10000,1,grade8
1451,"USER: 
 QUESTION: What can Nolan and Dalton trade to each get what they want?
OPTIONS:
0: Nolan can trade his tomatoes for Dalton's broccoli.
1: Nolan can trade his tomatoes for Dalton's carrots.
2: Dalton can trade his broccoli for Nolan's oranges.
3: Dalton can trade his almonds for Nolan's tomatoes.

Answer with the correct option from 0 to 3. Only provide the numeric and nothing else 

Answer:  ASSISTANT:",10000,0,grade8
1452,"USER: 
 QUESTION: What is the capital of Idaho?
OPTIONS:
0: Georgetown
1: Boise
2: Nampa
3: Olympia

Answer with the correct option from 0 to 3. Only provide the numeric and nothing else 

Answer:  ASSISTANT:",10000,1,grade3
1453,"USER: 
 QUESTION: Which country is highlighted?
OPTIONS:
0: Cuba
1: the Dominican Republic
2: Saint Lucia
3: Saint Vincent and the Grenadines

Answer with the correct option from 0 to 3. Only provide the numeric and nothing else 

Answer:  ASSISTANT:",10000,2,grade6
1454,"USER: 
 QUESTION: In this food web, which organism contains matter that eventually moves to the sea cucumber?
OPTIONS:
0: bat star
1: phytoplankton
2: kelp bass

Answer with the correct option from 0 to 2. Only provide the numeric and nothing else 

Answer:  ASSISTANT:",10000,1,grade6
1455,"USER: 
 QUESTION: Which trait did Holophagus have? Select the trait you can observe on the fossil.
OPTIONS:
0: a tail fin
1: a large red lump on its head
2: long legs

Answer with the correct option from 0 to 2. Only provide the numeric and nothing else 

Answer:  ASSISTANT:",10000,0,grade6
1456,"USER: 
 QUESTION: Which property do these two objects have in common?
OPTIONS:
0: scratchy
1: bendable

Answer with the correct option from 0 to 1. Only provide the numeric and nothing else 

Answer:  ASSISTANT:",10000,1,grade2
1457,"USER: 
 QUESTION: Identify the question that Albert and Tucker's experiment can best answer.
OPTIONS:
0: Do ping pong balls travel farther when launched from a 30° angle compared to a 45° angle?
1: Do ping pong balls stop rolling along the ground sooner after being launched from a 30° angle or a 45° angle?

Answer with the correct option from 0 to 1. Only provide the numeric and nothing else 

Answer:  ASSISTANT:",10000,0,grade8
1458,"USER: 
 QUESTION: Think about the magnetic force between the magnets in each pair. Which of the following statements is true?
OPTIONS:
0: The strength of the magnetic force is the same in both pairs.
1: The magnetic force is stronger in Pair 1.
2: The magnetic force is stronger in Pair 2.

Answer with the correct option from 0 to 2. Only provide the numeric and nothing else 

Answer:  ASSISTANT: 0.",0,1,grade3
1459,"USER: 
 QUESTION: Which animal's feet are also adapted for swimming?
OPTIONS:
0: tokay gecko
1: European river otter

Answer with the correct option from 0 to 1. Only provide the numeric and nothing else 

Answer:  ASSISTANT:",10000,1,grade4
1460,"USER: 
 QUESTION: Which property matches this object?
OPTIONS:
0: bouncy
1: bendable

Answer with the correct option from 0 to 1. Only provide the numeric and nothing else 

Answer:  ASSISTANT:",10000,1,grade2
1461,"USER: 
 QUESTION: Think about the magnetic force between the magnets in each pair. Which of the following statements is true?
OPTIONS:
0: The magnitude of the magnetic force is smaller in Pair 2.
1: The magnitude of the magnetic force is smaller in Pair 1.
2: The magnitude of the magnetic force is the same in both pairs.

Answer with the correct option from 0 to 2. Only provide the numeric and nothing else 

Answer:  ASSISTANT: 0.",0,1,grade7
1462,"USER: 
 QUESTION: What is the capital of Pennsylvania?
OPTIONS:
0: Juneau
1: Providence
2: Harrisburg
3: Pittsburgh

Answer with the correct option from 0 to 3. Only provide the numeric and nothing else 

Answer:  ASSISTANT:",10000,2,grade4
1463,"USER: 
 QUESTION: In this food chain, the persimmon is a producer. Why?
OPTIONS:
0: It eats another organism.
1: It makes its own food.

Answer with the correct option from 0 to 1. Only provide the numeric and nothing else 

Answer:  ASSISTANT: 0000000000000000000000000000000000000000000000000",0,1,grade4
1464,"USER: 
 QUESTION: What is the capital of Virginia?
OPTIONS:
0: Richmond
1: Arlington
2: Norfolk
3: Atlanta

Answer with the correct option from 0 to 3. Only provide the numeric and nothing else 

Answer:  ASSISTANT:",10000,0,grade3
1465,"USER: 
 QUESTION: Compare the average kinetic energies of the particles in each sample. Which sample has the higher temperature?
OPTIONS:
0: sample B
1: neither; the samples have the same temperature
2: sample A

Answer with the correct option from 0 to 2. Only provide the numeric and nothing else 

Answer:  ASSISTANT:",10000,0,grade6
1466,"USER: 
 QUESTION: What is the capital of Arizona?
OPTIONS:
0: Phoenix
1: Juneau
2: Helena
3: Salt Lake City

Answer with the correct option from 0 to 3. Only provide the numeric and nothing else 

Answer:  ASSISTANT:",10000,0,grade4
1467,"USER: 
 QUESTION: Compare the average kinetic energies of the particles in each sample. Which sample has the higher temperature?
OPTIONS:
0: sample A
1: sample B
2: neither; the samples have the same temperature

Answer with the correct option from 0 to 2. Only provide the numeric and nothing else 

Answer:  ASSISTANT:",10000,1,grade8
1468,"USER: 
 QUESTION: Look at the models of molecules below. Select the elementary substance.
OPTIONS:
0: oxygen
1: bromomethane
2: methane

Answer with the correct option from 0 to 2. Only provide the numeric and nothing else 

Answer:  ASSISTANT: 0000000000000000000000000000000000000000000000000",0,0,grade6
1469,"USER: 
 QUESTION: Select the bird below.
OPTIONS:
0: fruit bat
1: sea eagle

Answer with the correct option from 0 to 1. Only provide the numeric and nothing else 

Answer:  ASSISTANT:",10000,1,grade3
1470,"USER: 
 QUESTION: Compare the average kinetic energies of the particles in each sample. Which sample has the higher temperature?
OPTIONS:
0: sample A
1: sample B
2: neither; the samples have the same temperature

Answer with the correct option from 0 to 2. Only provide the numeric and nothing else 

Answer:  ASSISTANT:",10000,0,grade7
1471,"USER: 
 QUESTION: Select the mammal below.
OPTIONS:
0: loon
1: great white shark
2: albatross
3: Tasmanian devil

Answer with the correct option from 0 to 3. Only provide the numeric and nothing else 

Answer:  ASSISTANT: 0000000000000000000000000000000000000000000000000",0,3,grade4
1472,"USER: 
 QUESTION: What can Clare and Adele trade to each get what they want?
OPTIONS:
0: Clare can trade her tomatoes for Adele's broccoli.
1: Adele can trade her broccoli for Clare's oranges.
2: Adele can trade her almonds for Clare's tomatoes.
3: Clare can trade her tomatoes for Adele's carrots.

Answer with the correct option from 0 to 3. Only provide the numeric and nothing else 

Answer:  ASSISTANT:",10000,0,grade8
1473,"USER: 
 QUESTION: Which continent is highlighted?
OPTIONS:
0: Europe
1: Africa
2: Asia

Answer with the correct option from 0 to 2. Only provide the numeric and nothing else 

Answer:  ASSISTANT:",10000,2,grade2
1474,"USER: 
 QUESTION: What is the name of the colony shown?
OPTIONS:
0: Vermont
1: New Hampshire
2: Massachusetts
3: Connecticut

Answer with the correct option from 0 to 3. Only provide the numeric and nothing else 

Answer:  ASSISTANT:",10000,2,grade4
1475,"USER: 
 QUESTION: What is the capital of Wisconsin?
OPTIONS:
0: Milwaukee
1: Juneau
2: Honolulu
3: Madison

Answer with the correct option from 0 to 3. Only provide the numeric and nothing else 

Answer:  ASSISTANT:",10000,3,grade5
1476,"USER: 
 QUESTION: Which animal's feet are also adapted for swimming?
OPTIONS:
0: water rail
1: European beaver

Answer with the correct option from 0 to 1. Only provide the numeric and nothing else 

Answer:  ASSISTANT:",10000,1,grade5
1477,"USER: 
 QUESTION: What is the capital of Colorado?
OPTIONS:
0: Salt Lake City
1: Colorado Springs
2: Denver
3: Boulder

Answer with the correct option from 0 to 3. Only provide the numeric and nothing else 

Answer:  ASSISTANT:",10000,2,grade5
1478,"USER: 
 QUESTION: Which continent is highlighted?
OPTIONS:
0: Asia
1: Africa
2: South America
3: Australia

Answer with the correct option from 0 to 3. Only provide the numeric and nothing else 

Answer:  ASSISTANT:",10000,2,grade4
1479,"USER: 
 QUESTION: Which continent is highlighted?
OPTIONS:
0: South America
1: North America
2: Asia
3: Africa

Answer with the correct option from 0 to 3. Only provide the numeric and nothing else 

Answer:  ASSISTANT:",10000,3,grade8
1480,"USER: 
 QUESTION: What is the capital of Maryland?
OPTIONS:
0: Concord
1: Honolulu
2: Baltimore
3: Annapolis

Answer with the correct option from 0 to 3. Only provide the numeric and nothing else 

Answer:  ASSISTANT:",10000,3,grade4
1481,"USER: 
 QUESTION: Which animal is also adapted for climbing trees?
OPTIONS:
0: lama
1: red-shanked douc

Answer with the correct option from 0 to 1. Only provide the numeric and nothing else 

Answer:  ASSISTANT:",10000,1,grade4
1482,"USER: 
 QUESTION: What is the probability that a scarlet rosemallow plant produced by this cross will have white flowers?
OPTIONS:
0: 4/4
1: 0/4
2: 3/4
3: 1/4
4: 2/4

Answer with the correct option from 0 to 4. Only provide the numeric and nothing else 

Answer:  ASSISTANT: 20. 20 000. 0000000000000000000000000000000000000",2,4,grade8
1483,"USER: 
 QUESTION: Which solution has a higher concentration of purple particles?
OPTIONS:
0: Solution A
1: neither; their concentrations are the same
2: Solution B

Answer with the correct option from 0 to 2. Only provide the numeric and nothing else 

Answer:  ASSISTANT:",10000,0,grade6
1484,"USER: 
 QUESTION: What is the capital of New Mexico?
OPTIONS:
0: Albuquerque
1: Santa Fe
2: Helena
3: Juneau

Answer with the correct option from 0 to 3. Only provide the numeric and nothing else 

Answer:  ASSISTANT:",10000,1,grade3
1485,"USER: 
 QUESTION: Which continent is highlighted?
OPTIONS:
0: Antarctica
1: Asia
2: Africa
3: Europe

Answer with the correct option from 0 to 3. Only provide the numeric and nothing else 

Answer:  ASSISTANT:",10000,2,grade5
1486,"USER: 
 QUESTION: Which country is highlighted?
OPTIONS:
0: Haiti
1: Jamaica
2: Cuba
3: The Bahamas

Answer with the correct option from 0 to 3. Only provide the numeric and nothing else 

Answer:  ASSISTANT:",10000,0,grade6
1487,"USER: 
 QUESTION: What is the name of the colony shown?
OPTIONS:
0: Pennsylvania
1: Wisconsin
2: New York
3: Florida

Answer with the correct option from 0 to 3. Only provide the numeric and nothing else 

Answer:  ASSISTANT:",10000,0,grade5
1488,"USER: 
 QUESTION: Which better describes the tide pool ecosystems in Salt Point State Park?
OPTIONS:
0: It has daily flooding and draining of seawater. It also has water that is rich in nutrients.
1: It has daily flooding and draining of seawater. It also has water that is poor in nutrients.

Answer with the correct option from 0 to 1. Only provide the numeric and nothing else 

Answer:  ASSISTANT: 20",20,0,grade3
1489,"USER: 
 QUESTION: What is the capital of Idaho?
OPTIONS:
0: Portland
1: Nampa
2: Columbus
3: Boise

Answer with the correct option from 0 to 3. Only provide the numeric and nothing else 

Answer:  ASSISTANT:",10000,3,grade5
1490,"USER: 
 QUESTION: Which animal's body is better adapted for protection against a predator with sharp teeth?
OPTIONS:
0: eastern rat snake
1: nautilus

Answer with the correct option from 0 to 1. Only provide the numeric and nothing else 

Answer:  ASSISTANT:",10000,1,grade3
1491,"USER: 
 QUESTION: Does this passage describe the weather or the climate?
OPTIONS:
0: climate
1: weather

Answer with the correct option from 0 to 1. Only provide the numeric and nothing else 

Answer:  ASSISTANT:",10000,1,grade4
1492,"USER: 
 QUESTION: Which country is highlighted?
OPTIONS:
0: Tonga
1: Fiji
2: Nauru
3: Samoa

Answer with the correct option from 0 to 3. Only provide the numeric and nothing else 

Answer:  ASSISTANT:",10000,3,grade6
1493,"USER: 
 QUESTION: Does this passage describe the weather or the climate?
OPTIONS:
0: climate
1: weather

Answer with the correct option from 0 to 1. Only provide the numeric and nothing else 

Answer:  ASSISTANT:",10000,0,grade5
1494,"USER: 
 QUESTION: Which of the following could Kenji's test show?
OPTIONS:
0: if the spacecraft was damaged when using a parachute with a 1 m vent going 200 km per hour
1: how steady a parachute with a 1 m vent was at 200 km per hour
2: whether a parachute with a 1 m vent would swing too much at 400 km per hour

Answer with the correct option from 0 to 2. Only provide the numeric and nothing else 

Answer:  ASSISTANT:",10000,1,grade7
1495,"USER: 
 QUESTION: Which better describes the Scarborough Marsh ecosystem?
OPTIONS:
0: It has land that is covered with water during most of the year. It also has other water ecosystems nearby.
1: It has land that is covered with water during most of the year. It also has soil that is poor in nutrients.

Answer with the correct option from 0 to 1. Only provide the numeric and nothing else 

Answer:  ASSISTANT:",10000,0,grade3
1496,"USER: 
 QUESTION: Which animal's legs are also adapted for wading?
OPTIONS:
0: African fish eagle
1: great egret

Answer with the correct option from 0 to 1. Only provide the numeric and nothing else 

Answer:  ASSISTANT:",10000,1,grade5
1497,"USER: 
 QUESTION: Is the air from a hair dryer a solid, a liquid, or a gas?
OPTIONS:
0: a gas
1: a solid
2: a liquid

Answer with the correct option from 0 to 2. Only provide the numeric and nothing else 

Answer:  ASSISTANT:",10000,0,grade3
1498,"USER: 
 QUESTION: Why do adult cats meow?
OPTIONS:
0: to act like kittens
1: to talk to other cats
2: to talk to people

Answer with the correct option from 0 to 2. Only provide the numeric and nothing else 

Answer:  ASSISTANT:",10000,2,grade3
1499,"USER: 
 QUESTION: Is Daphnia pulex made up of one cell?
OPTIONS:
0: no
1: yes

Answer with the correct option from 0 to 1. Only provide the numeric and nothing else 

Answer:  ASSISTANT:",10000,0,grade4
1500,"USER: 
 QUESTION: Which property matches this object?
OPTIONS:
0: blue
1: stretchy

Answer with the correct option from 0 to 1. Only provide the numeric and nothing else 

Answer:  ASSISTANT:",10000,1,grade3
1501,"USER: 
 QUESTION: Which material is this jacket made of?
OPTIONS:
0: metal
1: clay

Answer with the correct option from 0 to 1. Only provide the numeric and nothing else 

Answer:  ASSISTANT:",10000,0,grade2
1502,"USER: 
 QUESTION: Which of these states is farthest north?
OPTIONS:
0: New Mexico
1: Missouri
2: Virginia
3: Pennsylvania

Answer with the correct option from 0 to 3. Only provide the numeric and nothing else 

Answer:  ASSISTANT:",10000,3,grade4
1503,"USER: 
 QUESTION: Which country is highlighted?
OPTIONS:
0: Solomon Islands
1: Australia
2: the Marshall Islands
3: Vanuatu

Answer with the correct option from 0 to 3. Only provide the numeric and nothing else 

Answer:  ASSISTANT:",10000,0,grade7
1504,"USER: 
 QUESTION: Which country is highlighted?
OPTIONS:
0: Fiji
1: Solomon Islands
2: Australia
3: the Marshall Islands

Answer with the correct option from 0 to 3. Only provide the numeric and nothing else 

Answer:  ASSISTANT:",10000,1,grade8
1505,"USER: 
 QUESTION: Think about the magnetic force between the magnets in each pair. Which of the following statements is true?
OPTIONS:
0: The magnitude of the magnetic force is the same in both pairs.
1: The magnitude of the magnetic force is smaller in Pair 2.
2: The magnitude of the magnetic force is smaller in Pair 1.

Answer with the correct option from 0 to 2. Only provide the numeric and nothing else 

Answer:  ASSISTANT: 0.",0,1,grade8
1506,"USER: 
 QUESTION: Which i in column 4?
OPTIONS:
0: the police department
1: the theater
2: the grocery store
3: the fire department

Answer with the correct option from 0 to 3. Only provide the numeric and nothing else 

Answer:  ASSISTANT: 0000000000000000000000000000000000000000000000000",0,2,grade3
1507,"USER: 
 QUESTION: What is the capital of Idaho?
OPTIONS:
0: Denver
1: Indianapolis
2: Nampa
3: Boise

Answer with the correct option from 0 to 3. Only provide the numeric and nothing else 

Answer:  ASSISTANT:",10000,3,grade4
1508,"USER: 
 QUESTION: Which country is highlighted?
OPTIONS:
0: Palau
1: Papua New Guinea
2: the Marshall Islands
3: the Federated States of Micronesia

Answer with the correct option from 0 to 3. Only provide the numeric and nothing else 

Answer:  ASSISTANT:",10000,3,grade7
1509,"USER: 
 QUESTION: What is the capital of Hawaii?
OPTIONS:
0: Boise
1: Hilo
2: Honolulu
3: Santa Fe

Answer with the correct option from 0 to 3. Only provide the numeric and nothing else 

Answer:  ASSISTANT:",10000,2,grade4
1510,"USER: 
 QUESTION: Compare the average kinetic energies of the particles in each sample. Which sample has the higher temperature?
OPTIONS:
0: neither; the samples have the same temperature
1: sample B
2: sample A

Answer with the correct option from 0 to 2. Only provide the numeric and nothing else 

Answer:  ASSISTANT:",10000,2,grade6
1511,"USER: 
 QUESTION: Is a T-shirt a solid, a liquid, or a gas?
OPTIONS:
0: a liquid
1: a gas
2: a solid

Answer with the correct option from 0 to 2. Only provide the numeric and nothing else 

Answer:  ASSISTANT:",10000,2,grade4
1512,"USER: 
 QUESTION: Which country is highlighted?
OPTIONS:
0: Australia
1: Fiji
2: Tuvalu
3: Solomon Islands

Answer with the correct option from 0 to 3. Only provide the numeric and nothing else 

Answer:  ASSISTANT:",10000,1,grade6
1513,"USER: 
 QUESTION: What is the capital of Arizona?
OPTIONS:
0: Juneau
1: Phoenix
2: Provo
3: Newport

Answer with the correct option from 0 to 3. Only provide the numeric and nothing else 

Answer:  ASSISTANT:",10000,1,grade5
1514,"USER: 
 QUESTION: What is the capital of Kansas?
OPTIONS:
0: Bismarck
1: Indianapolis
2: Topeka
3: Burlington

Answer with the correct option from 0 to 3. Only provide the numeric and nothing else 

Answer:  ASSISTANT:",10000,2,grade3
1515,"USER: 
 QUESTION: During this time, thermal energy was transferred from () to ().
OPTIONS:
0: the surroundings . . . each bottle
1: each bottle . . . the surroundings

Answer with the correct option from 0 to 1. Only provide the numeric and nothing else 

Answer:  ASSISTANT:",10000,0,grade7
1516,"USER: 
 QUESTION: What can Shivani and Austin trade to each get what they want?
OPTIONS:
0: Austin can trade his almonds for Shivani's tomatoes.
1: Shivani can trade her tomatoes for Austin's broccoli.
2: Austin can trade his broccoli for Shivani's oranges.
3: Shivani can trade her tomatoes for Austin's carrots.

Answer with the correct option from 0 to 3. Only provide the numeric and nothing else 

Answer:  ASSISTANT:",10000,1,grade8
1517,"USER: 
 QUESTION: Compare the average kinetic energies of the particles in each sample. Which sample has the higher temperature?
OPTIONS:
0: sample A
1: sample B
2: neither; the samples have the same temperature

Answer with the correct option from 0 to 2. Only provide the numeric and nothing else 

Answer:  ASSISTANT:",10000,1,grade7
1518,"USER: 
 QUESTION: Which bird's beak is also adapted to catch insects?
OPTIONS:
0: hanging parrot
1: sand martin

Answer with the correct option from 0 to 1. Only provide the numeric and nothing else 

Answer:  ASSISTANT:",10000,1,grade5
1519,"USER: 
 QUESTION: Which continent is highlighted?
OPTIONS:
0: Europe
1: Africa
2: Asia
3: Antarctica

Answer with the correct option from 0 to 3. Only provide the numeric and nothing else 

Answer:  ASSISTANT:",10000,2,grade5
1520,"USER: 
 QUESTION: Complete the statement.
Iodine is ().
OPTIONS:
0: an elementary substance
1: a compound

Answer with the correct option from 0 to 1. Only provide the numeric and nothing else 

Answer:  ASSISTANT: 0000000000000000000000000000000000000000000000000",0,0,grade6
1521,"USER: 
 QUESTION: What is the capital of Indiana?
OPTIONS:
0: Des Moines
1: Burlington
2: Fort Wayne
3: Indianapolis

Answer with the correct option from 0 to 3. Only provide the numeric and nothing else 

Answer:  ASSISTANT:",10000,3,grade3
1522,"USER: 
 QUESTION: What is the capital of Virginia?
OPTIONS:
0: Jefferson City
1: Richmond
2: Jackson
3: Norfolk

Answer with the correct option from 0 to 3. Only provide the numeric and nothing else 

Answer:  ASSISTANT:",10000,1,grade3
1523,"USER: 
 QUESTION: Which solution has a higher concentration of pink particles?
OPTIONS:
0: Solution A
1: Solution B
2: neither; their concentrations are the same

Answer with the correct option from 0 to 2. Only provide the numeric and nothing else 

Answer:  ASSISTANT:",10000,2,grade6
1524,"USER: 
 QUESTION: Think about the magnetic force between the magnets in each pair. Which of the following statements is true?
OPTIONS:
0: The magnitude of the magnetic force is the same in both pairs.
1: The magnitude of the magnetic force is smaller in Pair 1.
2: The magnitude of the magnetic force is smaller in Pair 2.

Answer with the correct option from 0 to 2. Only provide the numeric and nothing else 

Answer:  ASSISTANT: 0.",0,2,grade7
1525,"USER: 
 QUESTION: What is the name of the colony shown?
OPTIONS:
0: Delaware
1: New Hampshire
2: Michigan
3: Pennsylvania

Answer with the correct option from 0 to 3. Only provide the numeric and nothing else 

Answer:  ASSISTANT:",10000,3,grade4
1526,"USER: 
 QUESTION: Which property matches this object?
OPTIONS:
0: blue
1: hard

Answer with the correct option from 0 to 1. Only provide the numeric and nothing else 

Answer:  ASSISTANT:",10000,0,grade2
1527,"USER: 
 QUESTION: Based on the bubble map, which statement is true?
OPTIONS:
0: Kangaroos eat grass.
1: Kangaroos sleep during the day.

Answer with the correct option from 0 to 1. Only provide the numeric and nothing else 

Answer:  ASSISTANT:",10000,0,grade5
1528,"USER: 
 QUESTION: Which property do these three objects have in common?
OPTIONS:
0: bouncy
1: blue
2: transparent

Answer with the correct option from 0 to 2. Only provide the numeric and nothing else 

Answer:  ASSISTANT:",10000,1,grade4
1529,"USER: 
 QUESTION: What is the capital of South Carolina?
OPTIONS:
0: Charleston
1: Lexington
2: Columbia
3: Topeka

Answer with the correct option from 0 to 3. Only provide the numeric and nothing else 

Answer:  ASSISTANT:",10000,2,grade5
1530,"USER: 
 QUESTION: Which state is highlighted?
OPTIONS:
0: Nebraska
1: Iowa
2: Kansas
3: Missouri

Answer with the correct option from 0 to 3. Only provide the numeric and nothing else 

Answer:  ASSISTANT:",10000,2,grade5
1531,"USER: 
 QUESTION: Which statement best describes the average monthly precipitation in Atlanta?
OPTIONS:
0: Atlanta has a rainy season and a dry season.
1: October has the highest average precipitation.
2: Precipitation does not change much from month to month in Atlanta.

Answer with the correct option from 0 to 2. Only provide the numeric and nothing else 

Answer:  ASSISTANT: 20.",2,2,grade4
1532,"USER: 
 QUESTION: Think about the magnetic force between the magnets in each pair. Which of the following statements is true?
OPTIONS:
0: The magnitude of the magnetic force is smaller in Pair 1.
1: The magnitude of the magnetic force is the same in both pairs.
2: The magnitude of the magnetic force is smaller in Pair 2.

Answer with the correct option from 0 to 2. Only provide the numeric and nothing else 

Answer:  ASSISTANT: 0. 20. 20. 20. 20. 20. 20. 20. 20. 20. 20. 20. 20",0,1,grade5
1533,"USER: 
 QUESTION: Which solution has a higher concentration of green particles?
OPTIONS:
0: Solution B
1: neither; their concentrations are the same
2: Solution A

Answer with the correct option from 0 to 2. Only provide the numeric and nothing else 

Answer:  ASSISTANT:",10000,2,grade7
1534,"USER: 
 QUESTION: Identify the question that Ben's experiment can best answer.
OPTIONS:
0: Do steel nails rust in fewer days when submerged in a large volume of liquid compared to a small volume?
1: Do steel nails take fewer days to rust in water compared to vinegar?

Answer with the correct option from 0 to 1. Only provide the numeric and nothing else 

Answer:  ASSISTANT:",10000,1,grade8
1535,"USER: 
 QUESTION: What is the capital of Illinois?
OPTIONS:
0: Louisville
1: Springfield
2: Phoenix
3: Chicago

Answer with the correct option from 0 to 3. Only provide the numeric and nothing else 

Answer:  ASSISTANT:",10000,1,grade3
1536,"USER: 
 QUESTION: Which number marks the New England Colonies?
OPTIONS:
0: 1
1: 3
2: 2

Answer with the correct option from 0 to 2. Only provide the numeric and nothing else 

Answer:  ASSISTANT:",10000,0,grade4
1537,"USER: 
 QUESTION: What is the capital of California?
OPTIONS:
0: Salem
1: Sacramento
2: Los Angeles
3: Tallahassee

Answer with the correct option from 0 to 3. Only provide the numeric and nothing else 

Answer:  ASSISTANT:",10000,1,grade3
1538,"USER: 
 QUESTION: Which of the following fossils is younger? Select the more likely answer.
OPTIONS:
0: ginkgo leaf
1: insect

Answer with the correct option from 0 to 1. Only provide the numeric and nothing else 

Answer:  ASSISTANT:",10000,1,grade8
1539,"USER: 
 QUESTION: Which country is highlighted?
OPTIONS:
0: Jamaica
1: Grenada
2: the Dominican Republic
3: Saint Vincent and the Grenadines

Answer with the correct option from 0 to 3. Only provide the numeric and nothing else 

Answer:  ASSISTANT:",10000,3,grade7
1540,"USER: 
 QUESTION: Which of these states is farthest west?
OPTIONS:
0: North Carolina
1: Ohio
2: New Hampshire
3: Arizona

Answer with the correct option from 0 to 3. Only provide the numeric and nothing else 

Answer:  ASSISTANT:",10000,3,grade3
1541,"USER: 
 QUESTION: Which of the following statements describess living in an independent city-state?
OPTIONS:
0: I live by myself in the wilderness.
1: My city rules itself and is not part of a larger country.
2: I vote for a president that rules over many different cities.
3: All the decisions about my city are made by a faraway emperor.

Answer with the correct option from 0 to 3. Only provide the numeric and nothing else 

Answer:  ASSISTANT:",10000,1,grade6
1542,"USER: 
 QUESTION: Is an arrowhead a solid or a liquid?
OPTIONS:
0: a solid
1: a liquid

Answer with the correct option from 0 to 1. Only provide the numeric and nothing else 

Answer:  ASSISTANT:",10000,0,grade2
1543,"USER: 
 QUESTION: What is the capital of North Carolina?
OPTIONS:
0: Tallahassee
1: Plymouth
2: Charlotte
3: Raleigh

Answer with the correct option from 0 to 3. Only provide the numeric and nothing else 

Answer:  ASSISTANT:",10000,3,grade5
1544,"USER: 
 QUESTION: What is the capital of Wyoming?
OPTIONS:
0: Orlando
1: Laramie
2: Salt Lake City
3: Cheyenne

Answer with the correct option from 0 to 3. Only provide the numeric and nothing else 

Answer:  ASSISTANT:",10000,3,grade4
1545,"USER: 
 QUESTION: Which type of force from the boy moves the cart forward?
OPTIONS:
0: pull
1: push

Answer with the correct option from 0 to 1. Only provide the numeric and nothing else 

Answer:  ASSISTANT:",10000,1,grade3
1546,"USER: 
 QUESTION: What can Krysta and Malik trade to each get what they want?
OPTIONS:
0: Malik can trade his almonds for Krysta's tomatoes.
1: Krysta can trade her tomatoes for Malik's carrots.
2: Malik can trade his broccoli for Krysta's oranges.
3: Krysta can trade her tomatoes for Malik's broccoli.

Answer with the correct option from 0 to 3. Only provide the numeric and nothing else 

Answer:  ASSISTANT:",10000,3,grade8
1547,"USER: 
 QUESTION: Which better describes the Gobi Desert ecosystem?
OPTIONS:
0: It has long, cold winters. It also has a small amount of rain or snow.
1: It has warm, wet summers. It also has long, cold winters.

Answer with the correct option from 0 to 1. Only provide the numeric and nothing else 

Answer:  ASSISTANT:",10000,0,grade4
1548,"USER: 
 QUESTION: Based on the map, which of the following areas did the Mongol Empire control?
OPTIONS:
0: South Asia
1: Southeast Asia
2: the Middle East

Answer with the correct option from 0 to 2. Only provide the numeric and nothing else 

Answer:  ASSISTANT:",10000,2,grade6
1549,"USER: 
 QUESTION: Which continent is highlighted?
OPTIONS:
0: North America
1: Africa
2: Asia

Answer with the correct option from 0 to 2. Only provide the numeric and nothing else 

Answer:  ASSISTANT:",10000,2,grade2
1550,"USER: 
 QUESTION: What is the capital of Oregon?
OPTIONS:
0: Portland
1: Harrisburg
2: Salem
3: Carson City

Answer with the correct option from 0 to 3. Only provide the numeric and nothing else 

Answer:  ASSISTANT:",10000,2,grade5
1551,"USER: 
 QUESTION: Based on the text, how are fruit bats different from most other animals?
OPTIONS:
0: They can communicate with many kinds of animals.
1: They can communicate about specific problems.
2: They can understand some human speech.

Answer with the correct option from 0 to 2. Only provide the numeric and nothing else 

Answer:  ASSISTANT:",10000,1,grade5
1552,"USER: 
 QUESTION: What is the capital of Massachusetts?
OPTIONS:
0: Helena
1: Cambridge
2: Plymouth
3: Boston

Answer with the correct option from 0 to 3. Only provide the numeric and nothing else 

Answer:  ASSISTANT:",10000,3,grade4
1553,"USER: 
 QUESTION: Which country is highlighted?
OPTIONS:
0: Solomon Islands
1: Samoa
2: Australia
3: the Federated States of Micronesia

Answer with the correct option from 0 to 3. Only provide the numeric and nothing else 

Answer:  ASSISTANT:",10000,3,grade7
1554,"USER: 
 QUESTION: Which of these states is farthest east?
OPTIONS:
0: Georgia
1: North Dakota
2: Oklahoma
3: Louisiana

Answer with the correct option from 0 to 3. Only provide the numeric and nothing else 

Answer:  ASSISTANT:",10000,0,grade2
1555,"USER: 
 QUESTION: Which property matches this object?
OPTIONS:
0: soft
1: bouncy

Answer with the correct option from 0 to 1. Only provide the numeric and nothing else 

Answer:  ASSISTANT:",10000,0,grade3
1556,"USER: 
 QUESTION: Select the organism in the same genus as the great gray owl.
OPTIONS:
0: Cyanocitta stelleri
1: Strix aluco
2: Cyanocitta cristata

Answer with the correct option from 0 to 2. Only provide the numeric and nothing else 

Answer:  ASSISTANT: 00.",0,1,grade4
1557,"USER: 
 QUESTION: Think about the magnetic force between the magnets in each pair. Which of the following statements is true?
OPTIONS:
0: The magnetic force is weaker in Pair 1.
1: The magnetic force is weaker in Pair 2.
2: The strength of the magnetic force is the same in both pairs.

Answer with the correct option from 0 to 2. Only provide the numeric and nothing else 

Answer:  ASSISTANT: 200. 20000000000000000000000000000000000000000000",2,2,grade3
1558,"USER: 
 QUESTION: Which of the following fossils is older? Select the more likely answer.
OPTIONS:
0: insect
1: ginkgo leaf

Answer with the correct option from 0 to 1. Only provide the numeric and nothing else 

Answer:  ASSISTANT:",10000,1,grade8
1559,"USER: 
 QUESTION: Which animal's skin is better adapted as a warning sign to ward off predators?
OPTIONS:
0: lichen katydid
1: sharpnose-puffer

Answer with the correct option from 0 to 1. Only provide the numeric and nothing else 

Answer:  ASSISTANT:",10000,1,grade4
1560,"USER: 
 QUESTION: Think about the magnetic force between the magnets in each pair. Which of the following statements is true?
OPTIONS:
0: The magnitude of the magnetic force is greater in Pair 1.
1: The magnitude of the magnetic force is greater in Pair 2.
2: The magnitude of the magnetic force is the same in both pairs.

Answer with the correct option from 0 to 2. Only provide the numeric and nothing else 

Answer:  ASSISTANT: 0.",0,1,grade6
1561,"USER: 
 QUESTION: In this food chain, the katydid is a primary consumer. Why?
OPTIONS:
0: It eats a primary consumer.
1: It makes its own food.
2: It eats a producer.

Answer with the correct option from 0 to 2. Only provide the numeric and nothing else 

Answer:  ASSISTANT: 000.000000000000000000000000000000000000000000000",0,2,grade5
1562,"USER: 
 QUESTION: Think about the magnetic force between the magnets in each pair. Which of the following statements is true?
OPTIONS:
0: The magnitude of the magnetic force is the same in both pairs.
1: The magnitude of the magnetic force is greater in Pair 1.
2: The magnitude of the magnetic force is greater in Pair 2.

Answer with the correct option from 0 to 2. Only provide the numeric and nothing else 

Answer:  ASSISTANT: 0.",0,1,grade8
1563,"USER: 
 QUESTION: What is the probability that a Labrador retriever produced by this cross will have brown fur?
OPTIONS:
0: 4/4
1: 2/4
2: 0/4
3: 3/4
4: 1/4

Answer with the correct option from 0 to 4. Only provide the numeric and nothing else 

Answer:  ASSISTANT: 0. 0 0 0 00. 00 000000000000000000000000000000000",0,2,grade8
1564,"USER: 
 QUESTION: Which is the main persuasive appeal used in this ad?
OPTIONS:
0: ethos (character)
1: logos (reason)
2: pathos (emotion)

Answer with the correct option from 0 to 2. Only provide the numeric and nothing else 

Answer:  ASSISTANT:",10000,1,grade7
1565,"USER: 
 QUESTION: Is plagioclase a mineral?
OPTIONS:
0: no
1: yes

Answer with the correct option from 0 to 1. Only provide the numeric and nothing else 

Answer:  ASSISTANT:",10000,1,grade6
1566,"USER: 
 QUESTION: What is the name of the colony shown?
OPTIONS:
0: Maryland
1: Massachusetts
2: Illinois
3: Connecticut

Answer with the correct option from 0 to 3. Only provide the numeric and nothing else 

Answer:  ASSISTANT:",10000,1,grade4
1567,"USER: 
 QUESTION: What is the capital of Rhode Island?
OPTIONS:
0: Hartford
1: Newport
2: Providence
3: Tulsa

Answer with the correct option from 0 to 3. Only provide the numeric and nothing else 

Answer:  ASSISTANT:",10000,2,grade3
1568,"USER: 
 QUESTION: Which ocean is highlighted?
OPTIONS:
0: the Atlantic Ocean
1: the Indian Ocean
2: the Arctic Ocean
3: the Pacific Ocean

Answer with the correct option from 0 to 3. Only provide the numeric and nothing else 

Answer:  ASSISTANT:",10000,0,grade8
1569,"USER: 
 QUESTION: Is eclogite a mineral?
OPTIONS:
0: no
1: yes

Answer with the correct option from 0 to 1. Only provide the numeric and nothing else 

Answer:  ASSISTANT:",10000,0,grade5
1570,"USER: 
 QUESTION: Does this passage describe the weather or the climate?
OPTIONS:
0: weather
1: climate

Answer with the correct option from 0 to 1. Only provide the numeric and nothing else 

Answer:  ASSISTANT:",10000,0,grade3
1571,"USER: 
 QUESTION: Which of the following is better evidence that the train's kinetic energy changed?
OPTIONS:
0: The train was stopped, and then it began to move forward and away from the station.
1: Electricity started flowing to the motor when the ride operator flipped the switch.

Answer with the correct option from 0 to 1. Only provide the numeric and nothing else 

Answer:  ASSISTANT: 0",0,0,grade6
1572,"USER: 
 QUESTION: What can Rick and Felix trade to each get what they want?
OPTIONS:
0: Rick can trade his tomatoes for Felix's broccoli.
1: Rick can trade his tomatoes for Felix's sandwich.
2: Felix can trade his broccoli for Rick's oranges.
3: Felix can trade his almonds for Rick's tomatoes.

Answer with the correct option from 0 to 3. Only provide the numeric and nothing else 

Answer:  ASSISTANT:",10000,0,grade6
1573,"USER: 
 QUESTION: What is the name of the colony shown?
OPTIONS:
0: West Virginia
1: New Hampshire
2: Massachusetts
3: New Jersey

Answer with the correct option from 0 to 3. Only provide the numeric and nothing else 

Answer:  ASSISTANT:",10000,2,grade7
1574,"USER: 
 QUESTION: Which animal's legs are also adapted for wading?
OPTIONS:
0: shoebill
1: satin bowerbird

Answer with the correct option from 0 to 1. Only provide the numeric and nothing else 

Answer:  ASSISTANT:",10000,0,grade3
1575,"USER: 
 QUESTION: Select the reptile below.
OPTIONS:
0: Hermann's tortoise
1: gray wolf

Answer with the correct option from 0 to 1. Only provide the numeric and nothing else 

Answer:  ASSISTANT:",10000,0,grade3
1576,"USER: 
 QUESTION: Which country is highlighted?
OPTIONS:
0: the Dominican Republic
1: Grenada
2: Dominica
3: Haiti

Answer with the correct option from 0 to 3. Only provide the numeric and nothing else 

Answer:  ASSISTANT:",10000,0,grade8
1577,"USER: 
 QUESTION: Which material is this door made of?
OPTIONS:
0: wool
1: metal

Answer with the correct option from 0 to 1. Only provide the numeric and nothing else 

Answer:  ASSISTANT:",10000,1,grade3
1578,"USER: 
 QUESTION: What is the capital of Missouri?
OPTIONS:
0: Kansas City
1: Saint Louis
2: Jefferson City
3: Richmond

Answer with the correct option from 0 to 3. Only provide the numeric and nothing else 

Answer:  ASSISTANT:",10000,2,grade3
1579,"USER: 
 QUESTION: Identify the question that Haley and Elijah's experiment can best answer.
OPTIONS:
0: Does Haley's snowboard slide down a hill in less time when it has a layer of wax or when it does not have a layer of wax?
1: Does Haley's snowboard slide down a hill in less time when it has a thin layer of wax or a thick layer of wax?

Answer with the correct option from 0 to 1. Only provide the numeric and nothing else 

Answer:  ASSISTANT:MSN",10000,0,grade7
1580,"USER: 
 QUESTION: Which of the following could Joy's test show?
OPTIONS:
0: if the blade guards would break in a crash
1: how much the drone weighed with the blade guards
2: if adding the blade guards made the drone fly poorly

Answer with the correct option from 0 to 2. Only provide the numeric and nothing else 

Answer:  ASSISTANT: 2000000000000000000000000000000000000000000000000",2000000000000000000000000000000000000000000000000,2,grade8
1581,"USER: 
 QUESTION: Which material is this hat made of?
OPTIONS:
0: wool
1: wood

Answer with the correct option from 0 to 1. Only provide the numeric and nothing else 

Answer:  ASSISTANT:",10000,0,grade3
1582,"USER: 
 QUESTION: Which month has the lowest average precipitation in London?
OPTIONS:
0: November
1: July
2: February

Answer with the correct option from 0 to 2. Only provide the numeric and nothing else 

Answer:  ASSISTANT:",10000,1,grade3
1583,"USER: 
 QUESTION: Compare the average kinetic energies of the particles in each sample. Which sample has the higher temperature?
OPTIONS:
0: sample B
1: neither; the samples have the same temperature
2: sample A

Answer with the correct option from 0 to 2. Only provide the numeric and nothing else 

Answer:  ASSISTANT:",10000,0,grade6
1584,"USER: 
 QUESTION: What is the name of the colony shown?
OPTIONS:
0: Pennsylvania
1: New Jersey
2: New York
3: Maryland

Answer with the correct option from 0 to 3. Only provide the numeric and nothing else 

Answer:  ASSISTANT:",10000,0,grade8
1585,"USER: 
 QUESTION: Complete the sentence.
The word ""antebellum"" means ().
OPTIONS:
0: after the long peace
1: before the war
2: after the election
3: before the feast

Answer with the correct option from 0 to 3. Only provide the numeric and nothing else 

Answer:  ASSISTANT:",10000,1,grade8
1586,"USER: 
 QUESTION: Select the organism in the same genus as the great egret.
OPTIONS:
0: Tyto alba
1: Caprimulgus europaeus
2: Ardea alba

Answer with the correct option from 0 to 2. Only provide the numeric and nothing else 

Answer:  ASSISTANT:",10000,2,grade5
1587,"USER: 
 QUESTION: Complete the sentence.
The Thingvellir Rift Valley formed at a () boundary.
OPTIONS:
0: divergent
1: convergent
2: transform

Answer with the correct option from 0 to 2. Only provide the numeric and nothing else 

Answer:  ASSISTANT: 0000000000000000000000000000000000000000000000000",0,0,grade8
1588,"USER: 
 QUESTION: Based on the continuum scale, about how much heavier are emu eggs than hummingbird eggs?
OPTIONS:
0: around 60 grams
1: around 600 grams

Answer with the correct option from 0 to 1. Only provide the numeric and nothing else 

Answer:  ASSISTANT:",10000,1,grade6
1589,"USER: 
 QUESTION: Which animal is also adapted to be camouflaged in the snow?
OPTIONS:
0: camel
1: short-tailed weasel

Answer with the correct option from 0 to 1. Only provide the numeric and nothing else 

Answer:  ASSISTANT:",10000,1,grade5
1590,"USER: 
 QUESTION: Which of the following could Duncan's test show?
OPTIONS:
0: whether a parachute with a 1 m vent would swing too much at 400 km per hour
1: if the spacecraft was damaged when using a parachute with a 1 m vent going 200 km per hour
2: how steady a parachute with a 1 m vent was at 200 km per hour

Answer with the correct option from 0 to 2. Only provide the numeric and nothing else 

Answer:  ASSISTANT:",10000,2,grade7
1591,"USER: 
 QUESTION: Which property do these three objects have in common?
OPTIONS:
0: flexible
1: hard
2: scratchy

Answer with the correct option from 0 to 2. Only provide the numeric and nothing else 

Answer:  ASSISTANT:",10000,2,grade4
1592,"USER: 
 QUESTION: Is Rhizophora mangle made up of many cells?
OPTIONS:
0: yes
1: no

Answer with the correct option from 0 to 1. Only provide the numeric and nothing else 

Answer:  ASSISTANT:",10000,0,grade5
1593,"USER: 
 QUESTION: Think about the magnetic force between the magnets in each pair. Which of the following statements is true?
OPTIONS:
0: The magnitude of the magnetic force is smaller in Pair 2.
1: The magnitude of the magnetic force is smaller in Pair 1.
2: The magnitude of the magnetic force is the same in both pairs.

Answer with the correct option from 0 to 2. Only provide the numeric and nothing else 

Answer:  ASSISTANT: 0.",0,0,grade8
1594,"USER: 
 QUESTION: Which months have average temperatures of 30°C or higher in Dubai?
OPTIONS:
0: January through May
1: May through September
2: July through November

Answer with the correct option from 0 to 2. Only provide the numeric and nothing else 

Answer:  ASSISTANT:",10000,1,grade4
1595,"USER: 
 QUESTION: Which solution has a higher concentration of green particles?
OPTIONS:
0: Solution B
1: neither; their concentrations are the same
2: Solution A

Answer with the correct option from 0 to 2. Only provide the numeric and nothing else 

Answer:  ASSISTANT:",10000,0,grade6
1596,"USER: 
 QUESTION: What is the capital of Tennessee?
OPTIONS:
0: Knoxville
1: Richmond
2: Charlotte
3: Nashville

Answer with the correct option from 0 to 3. Only provide the numeric and nothing else 

Answer:  ASSISTANT:",10000,3,grade3
1597,"USER: 
 QUESTION: Which ocean is highlighted?
OPTIONS:
0: the Atlantic Ocean
1: the Pacific Ocean
2: the Arctic Ocean
3: the Southern Ocean

Answer with the correct option from 0 to 3. Only provide the numeric and nothing else 

Answer:  ASSISTANT:",10000,0,grade8
1598,"USER: 
 QUESTION: What is the capital of Washington?
OPTIONS:
0: Helena
1: Olympia
2: Spokane
3: Seattle

Answer with the correct option from 0 to 3. Only provide the numeric and nothing else 

Answer:  ASSISTANT:",10000,1,grade4
1599,"USER: 
 QUESTION: Which of the following fossils is older? Select the more likely answer.
OPTIONS:
0: fern
1: insect

Answer with the correct option from 0 to 1. Only provide the numeric and nothing else 

Answer:  ASSISTANT:",10000,1,grade8
1600,"USER: 
 QUESTION: What is the name of the colony shown?
OPTIONS:
0: West Virginia
1: South Carolina
2: Virginia
3: North Carolina

Answer with the correct option from 0 to 3. Only provide the numeric and nothing else 

Answer:  ASSISTANT:",10000,2,grade4
1601,"USER: 
 QUESTION: Which animal's limbs are also adapted for climbing trees?
OPTIONS:
0: California sea lion
1: lar gibbon

Answer with the correct option from 0 to 1. Only provide the numeric and nothing else 

Answer:  ASSISTANT:",10000,1,grade4
1602,"USER: 
 QUESTION: Select the organism in the same species as the reticulated python.
OPTIONS:
0: Python reticulatus
1: Nerodia cyclopion
2: Morelia viridis

Answer with the correct option from 0 to 2. Only provide the numeric and nothing else 

Answer:  ASSISTANT:",10000,0,grade8
1603,"USER: 
 QUESTION: Is the air inside a soccer ball a solid, a liquid, or a gas?
OPTIONS:
0: a solid
1: a gas
2: a liquid

Answer with the correct option from 0 to 2. Only provide the numeric and nothing else 

Answer:  ASSISTANT:",10000,1,grade3
1604,"USER: 
 QUESTION: Which property do these three objects have in common?
OPTIONS:
0: fuzzy
1: smooth
2: transparent

Answer with the correct option from 0 to 2. Only provide the numeric and nothing else 

Answer:  ASSISTANT:",10000,1,grade3
1605,"USER: 
 QUESTION: Compare the average kinetic energies of the particles in each sample. Which sample has the higher temperature?
OPTIONS:
0: sample A
1: neither; the samples have the same temperature
2: sample B

Answer with the correct option from 0 to 2. Only provide the numeric and nothing else 

Answer:  ASSISTANT:",10000,1,grade8
1606,"USER: 
 QUESTION: Which bird's beak is also adapted to tear through meat?
OPTIONS:
0: bateleur
1: roseate spoonbill

Answer with the correct option from 0 to 1. Only provide the numeric and nothing else 

Answer:  ASSISTANT:",10000,0,grade4
1607,"USER: 
 QUESTION: Select the mammal below.
OPTIONS:
0: eastern newt
1: black howler

Answer with the correct option from 0 to 1. Only provide the numeric and nothing else 

Answer:  ASSISTANT:",10000,1,grade3
1608,"USER: 
 QUESTION: Which continent is highlighted?
OPTIONS:
0: Europe
1: South America
2: Asia
3: Australia

Answer with the correct option from 0 to 3. Only provide the numeric and nothing else 

Answer:  ASSISTANT:",10000,0,grade8
1609,"USER: 
 QUESTION: Which of these organisms contains matter that was once part of the kelp?
OPTIONS:
0: plainfin midshipman
1: sea cucumber
2: zooplankton

Answer with the correct option from 0 to 2. Only provide the numeric and nothing else 

Answer:  ASSISTANT:",10000,1,grade6
1610,"USER: 
 QUESTION: Which country is highlighted?
OPTIONS:
0: Tuvalu
1: Tonga
2: Fiji
3: Australia

Answer with the correct option from 0 to 3. Only provide the numeric and nothing else 

Answer:  ASSISTANT:",10000,1,grade7
1611,"USER: 
 QUESTION: What is the capital of Alaska?
OPTIONS:
0: Fairbanks
1: Salt Lake City
2: Juneau
3: Anchorage

Answer with the correct option from 0 to 3. Only provide the numeric and nothing else 

Answer:  ASSISTANT:",10000,2,grade5
1612,"USER: 
 QUESTION: Complete the statement.
Oxygen is ().
OPTIONS:
0: an elementary substance
1: a compound

Answer with the correct option from 0 to 1. Only provide the numeric and nothing else 

Answer:  ASSISTANT:",10000,0,grade7
1613,"USER: 
 QUESTION: What is the capital of Oklahoma?
OPTIONS:
0: New York City
1: Louisville
2: Tulsa
3: Oklahoma City

Answer with the correct option from 0 to 3. Only provide the numeric and nothing else 

Answer:  ASSISTANT:",10000,3,grade4
1614,"USER: 
 QUESTION: Compare the average kinetic energies of the particles in each sample. Which sample has the higher temperature?
OPTIONS:
0: sample A
1: sample B
2: neither; the samples have the same temperature

Answer with the correct option from 0 to 2. Only provide the numeric and nothing else 

Answer:  ASSISTANT:",10000,1,grade8
1615,"USER: 
 QUESTION: What is the name of the colony shown?
OPTIONS:
0: South Carolina
1: Massachusetts
2: New Jersey
3: Georgia

Answer with the correct option from 0 to 3. Only provide the numeric and nothing else 

Answer:  ASSISTANT:",10000,2,grade8
1616,"USER: 
 QUESTION: Which of the following fossils is younger? Select the more likely answer.
OPTIONS:
0: palm leaf
1: feather

Answer with the correct option from 0 to 1. Only provide the numeric and nothing else 

Answer:  ASSISTANT:",10000,0,grade8
1617,"USER: 
 QUESTION: What is the capital of Indiana?
OPTIONS:
0: Indianapolis
1: Jefferson City
2: Newport
3: Frankfort

Answer with the correct option from 0 to 3. Only provide the numeric and nothing else 

Answer:  ASSISTANT:",10000,0,grade4
1618,"USER: 
 QUESTION: What is the capital of Oklahoma?
OPTIONS:
0: Oklahoma City
1: Tulsa
2: Raleigh
3: Columbia

Answer with the correct option from 0 to 3. Only provide the numeric and nothing else 

Answer:  ASSISTANT:",10000,0,grade5
1619,"USER: 
 QUESTION: Which state is highlighted?
OPTIONS:
0: California
1: Washington
2: Colorado
3: Hawaii

Answer with the correct option from 0 to 3. Only provide the numeric and nothing else 

Answer:  ASSISTANT:",10000,1,grade5
1620,"USER: 
 QUESTION: Will these magnets attract or repel each other?
OPTIONS:
0: attract
1: repel

Answer with the correct option from 0 to 1. Only provide the numeric and nothing else 

Answer:  ASSISTANT:",10000,1,grade5
1621,"USER: 
 QUESTION: Select the organism in the same genus as the great egret.
OPTIONS:
0: Ardea alba
1: Diodon nicthemerus
2: Tyto alba

Answer with the correct option from 0 to 2. Only provide the numeric and nothing else 

Answer:  ASSISTANT:",10000,0,grade5
1622,"USER: 
 QUESTION: What is the name of the colony shown?
OPTIONS:
0: West Virginia
1: Maryland
2: Washington, D.C.
3: Massachusetts

Answer with the correct option from 0 to 3. Only provide the numeric and nothing else 

Answer:  ASSISTANT: 0000000000000000000000000000000000000000000000000",0,1,grade7
1623,"USER: 
 QUESTION: What is the capital of Oregon?
OPTIONS:
0: Salem
1: Portland
2: Phoenix
3: Salt Lake City

Answer with the correct option from 0 to 3. Only provide the numeric and nothing else 

Answer:  ASSISTANT:",10000,0,grade4
1624,"USER: 
 QUESTION: What can Joey and Darell trade to each get what they want?
OPTIONS:
0: Joey can trade his tomatoes for Darell's sandwich.
1: Darell can trade his broccoli for Joey's oranges.
2: Darell can trade his almonds for Joey's tomatoes.
3: Joey can trade his tomatoes for Darell's broccoli.

Answer with the correct option from 0 to 3. Only provide the numeric and nothing else 

Answer:  ASSISTANT:",10000,3,grade6
1625,"USER: 
 QUESTION: Which of these states is farthest south?
OPTIONS:
0: Texas
1: New Hampshire
2: New York
3: Wisconsin

Answer with the correct option from 0 to 3. Only provide the numeric and nothing else 

Answer:  ASSISTANT:",10000,0,grade4
1626,"USER: 
 QUESTION: Sperm cells are found inside pollen. What kind of cells are sperm?
OPTIONS:
0: female cells
1: male cells

Answer with the correct option from 0 to 1. Only provide the numeric and nothing else 

Answer:  ASSISTANT: 0000000000000000000000000000000000000000000000000",0,1,grade8
1627,"USER: 
 QUESTION: Which property matches this object?
OPTIONS:
0: translucent
1: colorful

Answer with the correct option from 0 to 1. Only provide the numeric and nothing else 

Answer:  ASSISTANT:",10000,1,grade3
1628,"USER: 
 QUESTION: Think about the magnetic force between the magnets in each pair. Which of the following statements is true?
OPTIONS:
0: The magnetic force is stronger in Pair 2.
1: The strength of the magnetic force is the same in both pairs.
2: The magnetic force is stronger in Pair 1.

Answer with the correct option from 0 to 2. Only provide the numeric and nothing else 

Answer:  ASSISTANT: 0.",0,0,grade3
1629,"USER: 
 QUESTION: What is the probability that a Syrian hamster produced by this cross will have wavy fur?
OPTIONS:
0: 3/4
1: 2/4
2: 4/4
3: 0/4
4: 1/4

Answer with the correct option from 0 to 4. Only provide the numeric and nothing else 

Answer:  ASSISTANT: 0 00 00 00000000000000000000000000000000000000000",0,4,grade8
1630,"USER: 
 QUESTION: Which property do these four objects have in common?
OPTIONS:
0: hard
1: rough
2: fragile

Answer with the correct option from 0 to 2. Only provide the numeric and nothing else 

Answer:  ASSISTANT:",10000,0,grade5
1631,"USER: 
 QUESTION: Which animal's legs are also adapted for wading?
OPTIONS:
0: demoiselle crane
1: African penguin

Answer with the correct option from 0 to 1. Only provide the numeric and nothing else 

Answer:  ASSISTANT:",10000,0,grade3
1632,"USER: 
 QUESTION: What is the name of the colony shown?
OPTIONS:
0: New Jersey
1: Virginia
2: North Carolina
3: South Carolina

Answer with the correct option from 0 to 3. Only provide the numeric and nothing else 

Answer:  ASSISTANT:",10000,1,grade8
1633,"USER: 
 QUESTION: Does this passage describe the weather or the climate?
OPTIONS:
0: climate
1: weather

Answer with the correct option from 0 to 1. Only provide the numeric and nothing else 

Answer:  ASSISTANT:",10000,1,grade4
1634,"USER: 
 QUESTION: Select the fish below.
OPTIONS:
0: bison
1: salmon

Answer with the correct option from 0 to 1. Only provide the numeric and nothing else 

Answer:  ASSISTANT:",10000,1,grade2
1635,"USER: 
 QUESTION: What is the capital of Maine?
OPTIONS:
0: Augusta
1: Boston
2: Topeka
3: Green Bay

Answer with the correct option from 0 to 3. Only provide the numeric and nothing else 

Answer:  ASSISTANT:",10000,0,grade5
1636,"USER: 
 QUESTION: What is the probability that a koi fish produced by this cross will have Bekko patterning?
OPTIONS:
0: 4/4
1: 3/4
2: 2/4
3: 0/4
4: 1/4

Answer with the correct option from 0 to 4. Only provide the numeric and nothing else 

Answer:  ASSISTANT: 0. 00. 0 00. 0. 0. 0. 0. 0. 0. 0. 0. 0. 0. 0. 0. ",0,0,grade8
1637,"USER: 
 QUESTION: What is the direction of this push?
OPTIONS:
0: toward the stick
1: away from the stick

Answer with the correct option from 0 to 1. Only provide the numeric and nothing else 

Answer:  ASSISTANT:",10000,1,grade2
1638,"USER: 
 QUESTION: Select the organism in the same genus as the Steller's jay.
OPTIONS:
0: Larus livens
1: Larus michahellis
2: Cyanocitta cristata

Answer with the correct option from 0 to 2. Only provide the numeric and nothing else 

Answer:  ASSISTANT: 200.000.000.0000000000000000000000000000000000000",2,2,grade4
1639,"USER: 
 QUESTION: What can Ling and Maria trade to each get what they want?
OPTIONS:
0: Maria can trade her almonds for Ling's tomatoes.
1: Ling can trade her tomatoes for Maria's broccoli.
2: Ling can trade her tomatoes for Maria's carrots.
3: Maria can trade her broccoli for Ling's oranges.

Answer with the correct option from 0 to 3. Only provide the numeric and nothing else 

Answer:  ASSISTANT:",10000,1,grade7
1640,"USER: 
 QUESTION: Think about the magnetic force between the magnets in each pair. Which of the following statements is true?
OPTIONS:
0: The magnitude of the magnetic force is greater in Pair 2.
1: The magnitude of the magnetic force is the same in both pairs.
2: The magnitude of the magnetic force is greater in Pair 1.

Answer with the correct option from 0 to 2. Only provide the numeric and nothing else 

Answer:  ASSISTANT: 0.",0,0,grade8
1641,"USER: 
 QUESTION: Does Myrmarachne maxillosa have cells that have a nucleus?
OPTIONS:
0: yes
1: no

Answer with the correct option from 0 to 1. Only provide the numeric and nothing else 

Answer:  ASSISTANT:",10000,0,grade5
1642,"USER: 
 QUESTION: Is paper a mineral?
OPTIONS:
0: yes
1: no

Answer with the correct option from 0 to 1. Only provide the numeric and nothing else 

Answer:  ASSISTANT:",10000,1,grade6
1643,"USER: 
 QUESTION: During this time, thermal energy was transferred from () to ().
OPTIONS:
0: each greenhouse . . . the surroundings
1: the surroundings . . . each greenhouse

Answer with the correct option from 0 to 1. Only provide the numeric and nothing else 

Answer:  ASSISTANT:",10000,1,grade7
1644,"USER: 
 QUESTION: Which of these states is farthest east?
OPTIONS:
0: Oregon
1: Wyoming
2: New Mexico
3: North Dakota

Answer with the correct option from 0 to 3. Only provide the numeric and nothing else 

Answer:  ASSISTANT:",10000,3,grade5
1645,"USER: 
 QUESTION: Which animal's feet are also adapted for digging?
OPTIONS:
0: groundhog
1: bottlenose dolphin

Answer with the correct option from 0 to 1. Only provide the numeric and nothing else 

Answer:  ASSISTANT:",10000,0,grade3
1646,"USER: 
 QUESTION: What is the capital of New Mexico?
OPTIONS:
0: Louisville
1: Harrisburg
2: Santa Fe
3: Albuquerque

Answer with the correct option from 0 to 3. Only provide the numeric and nothing else 

Answer:  ASSISTANT:",10000,2,grade4
1647,"USER: 
 QUESTION: Which country is highlighted?
OPTIONS:
0: Solomon Islands
1: Australia
2: Nauru
3: Papua New Guinea

Answer with the correct option from 0 to 3. Only provide the numeric and nothing else 

Answer:  ASSISTANT:",10000,1,grade6
1648,"USER: 
 QUESTION: Which of these states is farthest west?
OPTIONS:
0: Ohio
1: New Hampshire
2: Maryland
3: Connecticut

Answer with the correct option from 0 to 3. Only provide the numeric and nothing else 

Answer:  ASSISTANT:",10000,0,grade5
1649,"USER: 
 QUESTION: Which country is highlighted?
OPTIONS:
0: the Marshall Islands
1: Vanuatu
2: Nauru
3: New Zealand

Answer with the correct option from 0 to 3. Only provide the numeric and nothing else 

Answer:  ASSISTANT:",10000,2,grade6
1650,"USER: 
 QUESTION: Which of the following could Caden's test show?
OPTIONS:
0: how well the weather station would work when it was windy
1: if the weather station would work when the temperature was 50°C

Answer with the correct option from 0 to 1. Only provide the numeric and nothing else 

Answer:  ASSISTANT:",10000,1,grade6
1651,"USER: 
 QUESTION: Does this passage describe the weather or the climate?
OPTIONS:
0: weather
1: climate

Answer with the correct option from 0 to 1. Only provide the numeric and nothing else 

Answer:  ASSISTANT:",10000,0,grade6
1652,"USER: 
 QUESTION: Which state is highlighted?
OPTIONS:
0: Vermont
1: Connecticut
2: Maine
3: New Hampshire

Answer with the correct option from 0 to 3. Only provide the numeric and nothing else 

Answer:  ASSISTANT:",10000,3,grade3
1653,"USER: 
 QUESTION: What is the capital of New York?
OPTIONS:
0: New York City
1: Albany
2: Buffalo
3: Honolulu

Answer with the correct option from 0 to 3. Only provide the numeric and nothing else 

Answer:  ASSISTANT:",10000,1,grade4
1654,"USER: 
 QUESTION: Which country is highlighted?
OPTIONS:
0: Vanuatu
1: Kiribati
2: Papua New Guinea
3: Nauru

Answer with the correct option from 0 to 3. Only provide the numeric and nothing else 

Answer:  ASSISTANT:",10000,3,grade8
1655,"USER: 
 QUESTION: Which continent is highlighted?
OPTIONS:
0: Australia
1: Europe
2: South America
3: Antarctica

Answer with the correct option from 0 to 3. Only provide the numeric and nothing else 

Answer:  ASSISTANT:",10000,2,grade8
1656,"USER: 
 QUESTION: Think about the magnetic force between the magnets in each pair. Which of the following statements is true?
OPTIONS:
0: The magnitude of the magnetic force is smaller in Pair 2.
1: The magnitude of the magnetic force is smaller in Pair 1.
2: The magnitude of the magnetic force is the same in both pairs.

Answer with the correct option from 0 to 2. Only provide the numeric and nothing else 

Answer:  ASSISTANT: 0.",0,1,grade8
1657,"USER: 
 QUESTION: What is the capital of North Carolina?
OPTIONS:
0: Concord
1: Raleigh
2: Jefferson City
3: Charlotte

Answer with the correct option from 0 to 3. Only provide the numeric and nothing else 

Answer:  ASSISTANT:",10000,1,grade4
1658,"USER: 
 QUESTION: Will these magnets attract or repel each other?
OPTIONS:
0: repel
1: attract

Answer with the correct option from 0 to 1. Only provide the numeric and nothing else 

Answer:  ASSISTANT:",10000,1,grade3
1659,"USER: 
 QUESTION: Which country is highlighted?
OPTIONS:
0: Solomon Islands
1: Kiribati
2: the Federated States of Micronesia
3: the Marshall Islands

Answer with the correct option from 0 to 3. Only provide the numeric and nothing else 

Answer:  ASSISTANT:",10000,2,grade6
1660,"USER: 
 QUESTION: Select the organism in the same genus as the Burmese python.
OPTIONS:
0: Melanoplus bivittatus
1: Lithobates palustris
2: Python bivittatus

Answer with the correct option from 0 to 2. Only provide the numeric and nothing else 

Answer:  ASSISTANT:",10000,2,grade7
1661,"USER: 
 QUESTION: Is the following statement about our solar system true or false?
Neptune's volume is more than 50 times as great as that of Earth.
OPTIONS:
0: true
1: false

Answer with the correct option from 0 to 1. Only provide the numeric and nothing else 

Answer:  ASSISTANT:",10000,0,grade6
1662,"USER: 
 QUESTION: Think about the magnetic force between the magnets in each pair. Which of the following statements is true?
OPTIONS:
0: The magnetic force is weaker in Pair 1.
1: The magnetic force is weaker in Pair 2.
2: The strength of the magnetic force is the same in both pairs.

Answer with the correct option from 0 to 2. Only provide the numeric and nothing else 

Answer:  ASSISTANT: 200. 20000000000000000000000000000000000000000000",2,2,grade3
1663,"USER: 
 QUESTION: What is the name of the colony shown?
OPTIONS:
0: Wisconsin
1: South Carolina
2: Alabama
3: Vermont

Answer with the correct option from 0 to 3. Only provide the numeric and nothing else 

Answer:  ASSISTANT:",10000,1,grade7
1664,"USER: 
 QUESTION: Which specific humidity level was measured within the outlined area shown?
OPTIONS:
0: 12 grams of water vapor per kilogram of air
1: 14 grams of water vapor per kilogram of air
2: 21 grams of water vapor per kilogram of air

Answer with the correct option from 0 to 2. Only provide the numeric and nothing else 

Answer:  ASSISTANT:",10000,2,grade7
1665,"USER: 
 QUESTION: What is the expected ratio of offspring with climbing growth to offspring with bush growth? Choose the most likely ratio.
OPTIONS:
0: 2:2
1: 0:4
2: 1:3
3: 3:1
4: 4:0

Answer with the correct option from 0 to 4. Only provide the numeric and nothing else 

Answer:  ASSISTANT: 20. 20. 20. 20. 20. 20. 20. 20. 20. 20.20.20.20.2",2,0,grade8
1666,"USER: 
 QUESTION: What is the capital of Missouri?
OPTIONS:
0: Saint Louis
1: Jefferson City
2: Columbus
3: Kansas City

Answer with the correct option from 0 to 3. Only provide the numeric and nothing else 

Answer:  ASSISTANT:",10000,1,grade4
1667,"USER: 
 QUESTION: Which statement describes the Kaeng Krachan National Park ecosystem?
OPTIONS:
0: It has soil that is poor in nutrients.
1: It has mostly small plants.

Answer with the correct option from 0 to 1. Only provide the numeric and nothing else 

Answer:  ASSISTANT:",10000,0,grade8
1668,"USER: 
 QUESTION: Which is this organism's common name?
OPTIONS:
0: Gymnothorax funebris
1: green moray eel

Answer with the correct option from 0 to 1. Only provide the numeric and nothing else 

Answer:  ASSISTANT:",10000,1,grade7
1669,"USER: 
 QUESTION: Which rhetorical appeal is primarily used in this ad?
OPTIONS:
0: ethos (character)
1: pathos (emotion)
2: logos (reason)

Answer with the correct option from 0 to 2. Only provide the numeric and nothing else 

Answer:  ASSISTANT:",10000,2,grade12
1670,"USER: 
 QUESTION: Which of these states is farthest west?
OPTIONS:
0: Maine
1: Rhode Island
2: Wisconsin
3: North Dakota

Answer with the correct option from 0 to 3. Only provide the numeric and nothing else 

Answer:  ASSISTANT:",10000,3,grade4
1671,"USER: 
 QUESTION: Complete the statement.
Gold is ().
OPTIONS:
0: an elementary substance
1: a compound

Answer with the correct option from 0 to 1. Only provide the numeric and nothing else 

Answer:  ASSISTANT:",10000,0,grade7
1672,"USER: 
 QUESTION: What can happen to a sperm and an egg?
OPTIONS:
0: They can turn into spores.
1: They can fuse and form fertilized eggs.

Answer with the correct option from 0 to 1. Only provide the numeric and nothing else 

Answer:  ASSISTANT:",10000,1,grade7
1673,"USER: 
 QUESTION: Think about the magnetic force between the magnets in each pair. Which of the following statements is true?
OPTIONS:
0: The strength of the magnetic force is the same in both pairs.
1: The magnetic force is stronger in Pair 1.
2: The magnetic force is stronger in Pair 2.

Answer with the correct option from 0 to 2. Only provide the numeric and nothing else 

Answer:  ASSISTANT: 0.",0,0,grade3
1674,"USER: 
 QUESTION: Which country is highlighted?
OPTIONS:
0: Nauru
1: the Marshall Islands
2: Kiribati
3: Vanuatu

Answer with the correct option from 0 to 3. Only provide the numeric and nothing else 

Answer:  ASSISTANT:",10000,0,grade7
1675,"USER: 
 QUESTION: Think about the magnetic force between the magnets in each pair. Which of the following statements is true?
OPTIONS:
0: The magnitude of the magnetic force is greater in Pair 2.
1: The magnitude of the magnetic force is greater in Pair 1.
2: The magnitude of the magnetic force is the same in both pairs.

Answer with the correct option from 0 to 2. Only provide the numeric and nothing else 

Answer:  ASSISTANT: 0.",0,1,grade8
1676,"USER: 
 QUESTION: Select the bird below.
OPTIONS:
0: western toad
1: barn owl

Answer with the correct option from 0 to 1. Only provide the numeric and nothing else 

Answer:  ASSISTANT:",10000,1,grade2
1677,"USER: 
 QUESTION: Will these magnets attract or repel each other?
OPTIONS:
0: repel
1: attract

Answer with the correct option from 0 to 1. Only provide the numeric and nothing else 

Answer:  ASSISTANT:",10000,1,grade5
1678,"USER: 
 QUESTION: What is the capital of Hawaii?
OPTIONS:
0: Burlington
1: Indianapolis
2: Honolulu
3: Little Rock

Answer with the correct option from 0 to 3. Only provide the numeric and nothing else 

Answer:  ASSISTANT:",10000,2,grade3
1679,"USER: 
 QUESTION: What is the capital of Arizona?
OPTIONS:
0: Tallahassee
1: Cheyenne
2: Honolulu
3: Phoenix

Answer with the correct option from 0 to 3. Only provide the numeric and nothing else 

Answer:  ASSISTANT:",10000,3,grade4
1680,"USER: 
 QUESTION: Will these magnets attract or repel each other?
OPTIONS:
0: attract
1: repel

Answer with the correct option from 0 to 1. Only provide the numeric and nothing else 

Answer:  ASSISTANT:",10000,0,grade4
1681,"USER: 
 QUESTION: Compare the average kinetic energies of the particles in each sample. Which sample has the higher temperature?
OPTIONS:
0: sample B
1: sample A
2: neither; the samples have the same temperature

Answer with the correct option from 0 to 2. Only provide the numeric and nothing else 

Answer:  ASSISTANT:",10000,0,grade6
1682,"USER: 
 QUESTION: What is the capital of Ohio?
OPTIONS:
0: Montgomery
1: Cleveland
2: Cincinnati
3: Columbus

Answer with the correct option from 0 to 3. Only provide the numeric and nothing else 

Answer:  ASSISTANT:",10000,3,grade4
1683,"USER: 
 QUESTION: What is the capital of Florida?
OPTIONS:
0: Tallahassee
1: Orlando
2: Tampa
3: Oklahoma City

Answer with the correct option from 0 to 3. Only provide the numeric and nothing else 

Answer:  ASSISTANT:",10000,0,grade4
1684,"USER: 
 QUESTION: Complete the statement.
Silver is ().
OPTIONS:
0: an elementary substance
1: a compound

Answer with the correct option from 0 to 1. Only provide the numeric and nothing else 

Answer:  ASSISTANT:",10000,0,grade7
1685,"USER: 
 QUESTION: After the Akkadian Empire ended, many cities and empires tried to control Mesopotamia. Around the 1790s BCE, which empire started controlling Mesopotamia?
OPTIONS:
0: the Elamite Empire
1: the Neo-Sumerian Empire
2: the Babylonian Empire
3: the Akkadian Empire

Answer with the correct option from 0 to 3. Only provide the numeric and nothing else 

Answer:  ASSISTANT: 20.S.S.S.S.S.S.S.S.S.S.S.S.S.S.S.S.S.S.S.S.S.S.S.",2,2,grade6
1686,"USER: 
 QUESTION: Which animal's feet are also adapted for swimming?
OPTIONS:
0: African crowned eagle
1: California gull

Answer with the correct option from 0 to 1. Only provide the numeric and nothing else 

Answer:  ASSISTANT:",10000,1,grade3
1687,"USER: 
 QUESTION: Which continent is highlighted?
OPTIONS:
0: Asia
1: Antarctica
2: Australia

Answer with the correct option from 0 to 2. Only provide the numeric and nothing else 

Answer:  ASSISTANT:",10000,0,grade2
1688,"USER: 
 QUESTION: Think about the magnetic force between the magnets in each pair. Which of the following statements is true?
OPTIONS:
0: The magnitude of the magnetic force is the same in both pairs.
1: The magnitude of the magnetic force is greater in Pair 2.
2: The magnitude of the magnetic force is greater in Pair 1.

Answer with the correct option from 0 to 2. Only provide the numeric and nothing else 

Answer:  ASSISTANT: 0.",0,2,grade7
1689,"USER: 
 QUESTION: Will these magnets attract or repel each other?
OPTIONS:
0: attract
1: repel

Answer with the correct option from 0 to 1. Only provide the numeric and nothing else 

Answer:  ASSISTANT:",10000,1,grade2
1690,"USER: 
 QUESTION: Select the bird below.
OPTIONS:
0: sea otter
1: white stork

Answer with the correct option from 0 to 1. Only provide the numeric and nothing else 

Answer:  ASSISTANT:",10000,1,grade3
1691,"USER: 
 QUESTION: Think about the magnetic force between the magnets in each pair. Which of the following statements is true?
OPTIONS:
0: The magnetic force is stronger in Pair 2.
1: The strength of the magnetic force is the same in both pairs.
2: The magnetic force is stronger in Pair 1.

Answer with the correct option from 0 to 2. Only provide the numeric and nothing else 

Answer:  ASSISTANT: 0.",0,1,grade3
1692,"USER: 
 QUESTION: Will these magnets attract or repel each other?
OPTIONS:
0: attract
1: repel

Answer with the correct option from 0 to 1. Only provide the numeric and nothing else 

Answer:  ASSISTANT:",10000,0,grade2
1693,"USER: 
 QUESTION: What grows in a fertilized cone?
OPTIONS:
0: pollen
1: seeds

Answer with the correct option from 0 to 1. Only provide the numeric and nothing else 

Answer:  ASSISTANT:",10000,1,grade8
1694,"USER: 
 QUESTION: Which property do these four objects have in common?
OPTIONS:
0: sticky
1: stretchy
2: slippery

Answer with the correct option from 0 to 2. Only provide the numeric and nothing else 

Answer:  ASSISTANT:",10000,0,grade5
1695,"USER: 
 QUESTION: What can Mandy and Troy trade to each get what they want?
OPTIONS:
0: Troy can trade his broccoli for Mandy's oranges.
1: Mandy can trade her tomatoes for Troy's carrots.
2: Troy can trade his almonds for Mandy's tomatoes.
3: Mandy can trade her tomatoes for Troy's broccoli.

Answer with the correct option from 0 to 3. Only provide the numeric and nothing else 

Answer:  ASSISTANT:",10000,3,grade7
1696,"USER: 
 QUESTION: In this food chain, the California sea slug is a consumer. Why?
OPTIONS:
0: It eats another living thing.
1: It makes its own food.

Answer with the correct option from 0 to 1. Only provide the numeric and nothing else 

Answer:  ASSISTANT: 0000000000000000000000000000000000000000000000000",0,0,grade3
1697,"USER: 
 QUESTION: Which three months have over 200millimeters of precipitation in Singapore?
OPTIONS:
0: May, June, and July
1: August, September, and October
2: November, December, and January

Answer with the correct option from 0 to 2. Only provide the numeric and nothing else 

Answer:  ASSISTANT: 00. 00. 20. 2000. 20. 20. 20. 20. 20. 20. 20. 20.",0,2,grade4
1698,"USER: 
 QUESTION: In this experiment, which were part of a control group?
OPTIONS:
0: the uncovered side mirrors
1: the covered side mirrors

Answer with the correct option from 0 to 1. Only provide the numeric and nothing else 

Answer:  ASSISTANT:",10000,0,grade7
1699,"USER: 
 QUESTION: Think about the magnetic force between the magnets in each pair. Which of the following statements is true?
OPTIONS:
0: The magnitude of the magnetic force is the same in both pairs.
1: The magnitude of the magnetic force is smaller in Pair 2.
2: The magnitude of the magnetic force is smaller in Pair 1.

Answer with the correct option from 0 to 2. Only provide the numeric and nothing else 

Answer:  ASSISTANT: 0.",0,2,grade5
1700,"USER: 
 QUESTION: Think about the magnetic force between the magnets in each pair. Which of the following statements is true?
OPTIONS:
0: The magnitude of the magnetic force is smaller in Pair 1.
1: The magnitude of the magnetic force is smaller in Pair 2.
2: The magnitude of the magnetic force is the same in both pairs.

Answer with the correct option from 0 to 2. Only provide the numeric and nothing else 

Answer:  ASSISTANT: 0.",0,2,grade7
1701,"USER: 
 QUESTION: Which continent is highlighted?
OPTIONS:
0: Africa
1: Asia
2: Australia
3: North America

Answer with the correct option from 0 to 3. Only provide the numeric and nothing else 

Answer:  ASSISTANT:",10000,3,grade5
1702,"USER: 
 QUESTION: Which of the following fossils is older? Select the more likely answer.
OPTIONS:
0: wood
1: palm leaf

Answer with the correct option from 0 to 1. Only provide the numeric and nothing else 

Answer:  ASSISTANT:",10000,0,grade8
1703,"USER: 
 QUESTION: Is a stuffed hippo a solid, a liquid, or a gas?
OPTIONS:
0: a gas
1: a liquid
2: a solid

Answer with the correct option from 0 to 2. Only provide the numeric and nothing else 

Answer:  ASSISTANT:",10000,2,grade3
1704,"USER: 
 QUESTION: Which better describes the Great Victoria Desert ecosystem?
OPTIONS:
0: It has a small amount of rain. It also has soil that is frozen year-round.
1: It has a small amount of rain. It also has dry, thin soil.

Answer with the correct option from 0 to 1. Only provide the numeric and nothing else 

Answer:  ASSISTANT:",10000,1,grade4
1705,"USER: 
 QUESTION: What is the name of the colony shown?
OPTIONS:
0: Delaware
1: Kentucky
2: New York
3: Vermont

Answer with the correct option from 0 to 3. Only provide the numeric and nothing else 

Answer:  ASSISTANT:",10000,2,grade4
1706,"USER: 
 QUESTION: Is plagioclase a mineral or a rock?
OPTIONS:
0: rock
1: mineral

Answer with the correct option from 0 to 1. Only provide the numeric and nothing else 

Answer:  ASSISTANT:",10000,1,grade8
1707,"USER: 
 QUESTION: Which property matches this object?
OPTIONS:
0: soft
1: fragile

Answer with the correct option from 0 to 1. Only provide the numeric and nothing else 

Answer:  ASSISTANT:",10000,1,grade3
1708,"USER: 
 QUESTION: Which property matches this object?
OPTIONS:
0: sour
1: bumpy

Answer with the correct option from 0 to 1. Only provide the numeric and nothing else 

Answer:  ASSISTANT:",10000,1,grade2
1709,"USER: 
 QUESTION: What is the capital of Hawaii?
OPTIONS:
0: Honolulu
1: Buffalo
2: Annapolis
3: Saint Louis

Answer with the correct option from 0 to 3. Only provide the numeric and nothing else 

Answer:  ASSISTANT:",10000,0,grade4
1710,"USER: 
 QUESTION: Which state is highlighted?
OPTIONS:
0: Idaho
1: Wyoming
2: Colorado
3: Nevada

Answer with the correct option from 0 to 3. Only provide the numeric and nothing else 

Answer:  ASSISTANT:",10000,1,grade5
1711,"USER: 
 QUESTION: What can Pedro and Oliver trade to each get what they want?
OPTIONS:
0: Oliver can trade his almonds for Pedro's tomatoes.
1: Oliver can trade his broccoli for Pedro's oranges.
2: Pedro can trade his tomatoes for Oliver's carrots.
3: Pedro can trade his tomatoes for Oliver's broccoli.

Answer with the correct option from 0 to 3. Only provide the numeric and nothing else 

Answer:  ASSISTANT:",10000,3,grade8
1712,"USER: 
 QUESTION: Which animal is also adapted to be camouflaged in the snow?
OPTIONS:
0: naked mole rat
1: ptarmigan

Answer with the correct option from 0 to 1. Only provide the numeric and nothing else 

Answer:  ASSISTANT:",10000,1,grade3
1713,"USER: 
 QUESTION: What is the capital of Idaho?
OPTIONS:
0: Olympia
1: Saint Louis
2: Cincinnati
3: Boise

Answer with the correct option from 0 to 3. Only provide the numeric and nothing else 

Answer:  ASSISTANT:",10000,3,grade5
1714,"USER: 
 QUESTION: What is the capital of Missouri?
OPTIONS:
0: Juneau
1: Chicago
2: Jefferson City
3: Madison

Answer with the correct option from 0 to 3. Only provide the numeric and nothing else 

Answer:  ASSISTANT:",10000,2,grade3
1715,"USER: 
 QUESTION: What is the capital of New Mexico?
OPTIONS:
0: Helena
1: Colorado Springs
2: Santa Fe
3: Albuquerque

Answer with the correct option from 0 to 3. Only provide the numeric and nothing else 

Answer:  ASSISTANT:",10000,2,grade3
1716,"USER: 
 QUESTION: Which animal's feet are also adapted for digging?
OPTIONS:
0: tokay gecko
1: groundhog

Answer with the correct option from 0 to 1. Only provide the numeric and nothing else 

Answer:  ASSISTANT:",10000,1,grade3
1717,"USER: 
 QUESTION: Which animal's skin is better adapted as a warning sign to ward off predators?
OPTIONS:
0: gray tree frog
1: Spanish shawl nudibranch

Answer with the correct option from 0 to 1. Only provide the numeric and nothing else 

Answer:  ASSISTANT:",10000,1,grade4
1718,"USER: 
 QUESTION: What is the capital of Pennsylvania?
OPTIONS:
0: Trenton
1: Philadelphia
2: Harrisburg
3: Albany

Answer with the correct option from 0 to 3. Only provide the numeric and nothing else 

Answer:  ASSISTANT:",10000,2,grade4
1719,"USER: 
 QUESTION: Which continent is highlighted?
OPTIONS:
0: Africa
1: Asia
2: Antarctica
3: South America

Answer with the correct option from 0 to 3. Only provide the numeric and nothing else 

Answer:  ASSISTANT:",10000,3,grade4
1720,"USER: 
 QUESTION: Which of the following was a dependent variable in this experiment?
OPTIONS:
0: the distance the footballs traveled
1: the air pressure in the footballs

Answer with the correct option from 0 to 1. Only provide the numeric and nothing else 

Answer:  ASSISTANT:",10000,0,grade6
1721,"USER: 
 QUESTION: Which better describes the Cerrado ecosystem?
OPTIONS:
0: It has warm summers and warm winters. It also has year-round rain.
1: It has a rainy season and a dry season. It also has soil that is poor in nutrients.

Answer with the correct option from 0 to 1. Only provide the numeric and nothing else 

Answer:  ASSISTANT: 0",0,1,grade4
1722,"USER: 
 QUESTION: Select the chemical formula for this molecule.
OPTIONS:
0: H3S2
1: He2S2
2: H2S
3: H2SN

Answer with the correct option from 0 to 3. Only provide the numeric and nothing else 

Answer:  ASSISTANT: 000.000000000000000000000000000000000000000000000",0,2,grade5
1723,"USER: 
 QUESTION: What is the capital of Missouri?
OPTIONS:
0: Madison
1: Albuquerque
2: Jefferson City
3: Kansas City

Answer with the correct option from 0 to 3. Only provide the numeric and nothing else 

Answer:  ASSISTANT:",10000,2,grade3
1724,"USER: 
 QUESTION: What is the direction of this pull?
OPTIONS:
0: toward her hand
1: away from her hand

Answer with the correct option from 0 to 1. Only provide the numeric and nothing else 

Answer:  ASSISTANT:",10000,0,grade4
1725,"USER: 
 QUESTION: What is the capital of Michigan?
OPTIONS:
0: Lansing
1: Providence
2: San Francisco
3: Wilmington

Answer with the correct option from 0 to 3. Only provide the numeric and nothing else 

Answer:  ASSISTANT:",10000,0,grade4
1726,"USER: 
 QUESTION: Select the organism in the same species as the peregrine falcon.
OPTIONS:
0: Falco peregrinus
1: Strix uralensis
2: Ardea cinerea

Answer with the correct option from 0 to 2. Only provide the numeric and nothing else 

Answer:  ASSISTANT:",10000,0,grade4
1727,"USER: 
 QUESTION: Complete the statement.
Magnesium is ().
OPTIONS:
0: an elementary substance
1: a compound

Answer with the correct option from 0 to 1. Only provide the numeric and nothing else 

Answer:  ASSISTANT: 0000000000000000000000000000000000000000000000000",0,0,grade7
1728,"USER: 
 QUESTION: Think about the magnetic force between the magnets in each pair. Which of the following statements is true?
OPTIONS:
0: The magnitude of the magnetic force is the same in both pairs.
1: The magnitude of the magnetic force is greater in Pair 2.
2: The magnitude of the magnetic force is greater in Pair 1.

Answer with the correct option from 0 to 2. Only provide the numeric and nothing else 

Answer:  ASSISTANT: 0.",0,1,grade6
1729,"USER: 
 QUESTION: Which state is highlighted?
OPTIONS:
0: Mississippi
1: North Carolina
2: Arkansas
3: Louisiana

Answer with the correct option from 0 to 3. Only provide the numeric and nothing else 

Answer:  ASSISTANT:",10000,2,grade5
1730,"USER: 
 QUESTION: Select the organism in the same species as the moon jellyfish.
OPTIONS:
0: Aequorea victoria
1: Aurelia aurita
2: Cyanea capillata

Answer with the correct option from 0 to 2. Only provide the numeric and nothing else 

Answer:  ASSISTANT:",10000,1,grade6
1731,"USER: 
 QUESTION: Which solution has a higher concentration of green particles?
OPTIONS:
0: Solution A
1: Solution B
2: neither; their concentrations are the same

Answer with the correct option from 0 to 2. Only provide the numeric and nothing else 

Answer:  ASSISTANT:",10000,1,grade8
1732,"USER: 
 QUESTION: Which animal's mouth is also adapted for gnawing?
OPTIONS:
0: Damara mole rat
1: aardvark

Answer with the correct option from 0 to 1. Only provide the numeric and nothing else 

Answer:  ASSISTANT:",10000,0,grade4
1733,"USER: 
 QUESTION: Which better describes the Kermadec Arc ecosystem?
OPTIONS:
0: It has bright sunlight. It also has organisms that crawl or stick to the ground.
1: It has water at the bottom of the ocean. It also has no sunlight.

Answer with the correct option from 0 to 1. Only provide the numeric and nothing else 

Answer:  ASSISTANT: 0.",0,1,grade3
1734,"USER: 
 QUESTION: Which of the following could Martina and Kiera's test show?
OPTIONS:
0: if a new batch of concrete was firm enough to use
1: if the concrete from each batch took the same amount of time to dry

Answer with the correct option from 0 to 1. Only provide the numeric and nothing else 

Answer:  ASSISTANT:",10000,0,grade6
1735,"USER: 
 QUESTION: Which solution has a higher concentration of blue particles?
OPTIONS:
0: neither; their concentrations are the same
1: Solution B
2: Solution A

Answer with the correct option from 0 to 2. Only provide the numeric and nothing else 

Answer:  ASSISTANT:",10000,1,grade7
1736,"USER: 
 QUESTION: Select the organism in the same genus as the mouflon.
OPTIONS:
0: Hystrix cristata
1: Alouatta palliata
2: Ovis aries

Answer with the correct option from 0 to 2. Only provide the numeric and nothing else 

Answer:  ASSISTANT: 0000000000000000000000000000000000000000000000000",0,2,grade4
1737,"USER: 
 QUESTION: Will these magnets attract or repel each other?
OPTIONS:
0: repel
1: attract

Answer with the correct option from 0 to 1. Only provide the numeric and nothing else 

Answer:  ASSISTANT:",10000,1,grade2
1738,"USER: 
 QUESTION: Think about the magnetic force between the magnets in each pair. Which of the following statements is true?
OPTIONS:
0: The strength of the magnetic force is the same in both pairs.
1: The magnetic force is weaker in Pair 2.
2: The magnetic force is weaker in Pair 1.

Answer with the correct option from 0 to 2. Only provide the numeric and nothing else 

Answer:  ASSISTANT: 200. 20000000000000000000000000000000000000000000",2,0,grade3
1739,"USER: 
 QUESTION: Which trait did Ichthyornis have? Select the trait you can observe in the drawing.
OPTIONS:
0: fur
1: a long neck

Answer with the correct option from 0 to 1. Only provide the numeric and nothing else 

Answer:  ASSISTANT:",10000,1,grade6
1740,"USER: 
 QUESTION: Based on the arrows, which of the following organisms is a decomposer?
OPTIONS:
0: earthworm
1: bilberry

Answer with the correct option from 0 to 1. Only provide the numeric and nothing else 

Answer:  ASSISTANT:",10000,0,grade4
1741,"USER: 
 QUESTION: What is the capital of Wisconsin?
OPTIONS:
0: Annapolis
1: Lansing
2: Madison
3: Green Bay

Answer with the correct option from 0 to 3. Only provide the numeric and nothing else 

Answer:  ASSISTANT:",10000,2,grade5
1742,"USER: 
 QUESTION: Which ocean is highlighted?
OPTIONS:
0: the Pacific Ocean
1: the Atlantic Ocean
2: the Arctic Ocean
3: the Southern Ocean

Answer with the correct option from 0 to 3. Only provide the numeric and nothing else 

Answer:  ASSISTANT:",10000,2,grade6
1743,"USER: 
 QUESTION: Which of these states is farthest north?
OPTIONS:
0: Iowa
1: Arizona
2: Kansas
3: Delaware

Answer with the correct option from 0 to 3. Only provide the numeric and nothing else 

Answer:  ASSISTANT:",10000,0,grade4
1744,"USER: 
 QUESTION: Which animal's feet are also adapted for swimming?
OPTIONS:
0: platypus
1: spectral tarsier

Answer with the correct option from 0 to 1. Only provide the numeric and nothing else 

Answer:  ASSISTANT:",10000,0,grade3
1745,"USER: 
 QUESTION: Which continent was involved in the Seven Years' War?
OPTIONS:
0: Asia
1: Australia

Answer with the correct option from 0 to 1. Only provide the numeric and nothing else 

Answer:  ASSISTANT:",10000,0,grade8
1746,"USER: 
 QUESTION: Think about the magnetic force between the magnets in each pair. Which of the following statements is true?
OPTIONS:
0: The strength of the magnetic force is the same in both pairs.
1: The magnetic force is weaker in Pair 2.
2: The magnetic force is weaker in Pair 1.

Answer with the correct option from 0 to 2. Only provide the numeric and nothing else 

Answer:  ASSISTANT: 200. 20000000000000000000000000000000000000000000",2,2,grade4
1747,"USER: 
 QUESTION: Which of these states is farthest east?
OPTIONS:
0: Nebraska
1: Kentucky
2: Arkansas
3: New Mexico

Answer with the correct option from 0 to 3. Only provide the numeric and nothing else 

Answer:  ASSISTANT:",10000,1,grade5
1748,"USER: 
 QUESTION: What is the capital of Ohio?
OPTIONS:
0: Columbus
1: Cleveland
2: Des Moines
3: Springfield

Answer with the correct option from 0 to 3. Only provide the numeric and nothing else 

Answer:  ASSISTANT:",10000,0,grade5
1749,"USER: 
 QUESTION: Which of these cities is marked on the map?
OPTIONS:
0: New York City
1: San Antonio
2: Denver
3: St. Louis

Answer with the correct option from 0 to 3. Only provide the numeric and nothing else 

Answer:  ASSISTANT:",10000,3,grade5
1750,"USER: 
 QUESTION: Which animal's skin is better adapted for protection against a predator with sharp teeth?
OPTIONS:
0: Grant's gazelle
1: nine-banded armadillo

Answer with the correct option from 0 to 1. Only provide the numeric and nothing else 

Answer:  ASSISTANT:",10000,1,grade5
1751,"USER: 
 QUESTION: A baby blue whale is as big as ().
OPTIONS:
0: an adult whale
1: a car
2: two buses

Answer with the correct option from 0 to 2. Only provide the numeric and nothing else 

Answer:  ASSISTANT:",10000,1,grade1
1752,"USER: 
 QUESTION: In this experiment, which were part of a control group?
OPTIONS:
0: the yards with empty feeders
1: the yards with feeders filled with sunflower seeds

Answer with the correct option from 0 to 1. Only provide the numeric and nothing else 

Answer:  ASSISTANT:",10000,0,grade7
1753,"USER: 
 QUESTION: What is the capital of Maine?
OPTIONS:
0: Dover
1: Augusta
2: Albany
3: Portland

Answer with the correct option from 0 to 3. Only provide the numeric and nothing else 

Answer:  ASSISTANT:",10000,1,grade4
1754,"USER: 
 QUESTION: Think about the magnetic force between the magnets in each pair. Which of the following statements is true?
OPTIONS:
0: The magnitude of the magnetic force is the same in both pairs.
1: The magnitude of the magnetic force is greater in Pair 2.
2: The magnitude of the magnetic force is greater in Pair 1.

Answer with the correct option from 0 to 2. Only provide the numeric and nothing else 

Answer:  ASSISTANT: 0.",0,2,grade6
1755,"USER: 
 QUESTION: Is a ballet shoe a solid, a liquid, or a gas?
OPTIONS:
0: a solid
1: a gas
2: a liquid

Answer with the correct option from 0 to 2. Only provide the numeric and nothing else 

Answer:  ASSISTANT:",10000,0,grade3
1756,"USER: 
 QUESTION: Which country is highlighted?
OPTIONS:
0: Antigua and Barbuda
1: Jamaica
2: Saint Lucia
3: Saint Kitts and Nevis

Answer with the correct option from 0 to 3. Only provide the numeric and nothing else 

Answer:  ASSISTANT:",10000,3,grade7
1757,"USER: 
 QUESTION: During this time, thermal energy was transferred from () to ().
OPTIONS:
0: each vial . . . the surroundings
1: the surroundings . . . each vial

Answer with the correct option from 0 to 1. Only provide the numeric and nothing else 

Answer:  ASSISTANT:",10000,1,grade7
1758,"USER: 
 QUESTION: What is the capital of Maryland?
OPTIONS:
0: Birmingham
1: Frankfort
2: Annapolis
3: Baltimore

Answer with the correct option from 0 to 3. Only provide the numeric and nothing else 

Answer:  ASSISTANT:",10000,2,grade5
1759,"USER: 
 QUESTION: Select the mammal below.
OPTIONS:
0: bull shark
1: yak
2: shoebill
3: eastern newt

Answer with the correct option from 0 to 3. Only provide the numeric and nothing else 

Answer:  ASSISTANT: 0000000000000000000000000000000000000000000000000",0,1,grade4
1760,"USER: 
 QUESTION: Identify the question that Brody's experiment can best answer.
OPTIONS:
0: Do steel nails rust in fewer days when submerged in a large volume of liquid compared to a small volume?
1: Do steel nails take fewer days to rust in water compared to vinegar?

Answer with the correct option from 0 to 1. Only provide the numeric and nothing else 

Answer:  ASSISTANT:",10000,1,grade6
1761,"USER: 
 QUESTION: What can happen to spores after they are released?
OPTIONS:
0: They can fuse and form a fertilized egg.
1: They can grow into a heart-shaped plant.

Answer with the correct option from 0 to 1. Only provide the numeric and nothing else 

Answer:  ASSISTANT:",10000,1,grade7
1762,"USER: 
 QUESTION: Think about the magnetic force between the magnets in each pair. Which of the following statements is true?
OPTIONS:
0: The magnitude of the magnetic force is smaller in Pair 2.
1: The magnitude of the magnetic force is the same in both pairs.
2: The magnitude of the magnetic force is smaller in Pair 1.

Answer with the correct option from 0 to 2. Only provide the numeric and nothing else 

Answer:  ASSISTANT: 0. 20. 20. 20. 20. 20. 20. 20. 20. 20. 20. 20. 20",0,2,grade6
1763,"USER: 
 QUESTION: What is the probability that a sheep produced by this cross will be homozygous dominant for the wool color gene?
OPTIONS:
0: 2/4
1: 1/4
2: 0/4
3: 3/4
4: 4/4

Answer with the correct option from 0 to 4. Only provide the numeric and nothing else 

Answer:  ASSISTANT: 200. 00000000000000000000000000000000000000000000",2,2,grade8
1764,"USER: 
 QUESTION: Which continent is highlighted?
OPTIONS:
0: Australia
1: Asia
2: Africa
3: North America

Answer with the correct option from 0 to 3. Only provide the numeric and nothing else 

Answer:  ASSISTANT:",10000,2,grade7
1765,"USER: 
 QUESTION: Which of these continents does the equator intersect?
OPTIONS:
0: Australia
1: Europe
2: Africa

Answer with the correct option from 0 to 2. Only provide the numeric and nothing else 

Answer:  ASSISTANT:",10000,2,grade4
1766,"USER: 
 QUESTION: Think about the magnetic force between the magnets in each pair. Which of the following statements is true?
OPTIONS:
0: The strength of the magnetic force is the same in both pairs.
1: The magnetic force is stronger in Pair 1.
2: The magnetic force is stronger in Pair 2.

Answer with the correct option from 0 to 2. Only provide the numeric and nothing else 

Answer:  ASSISTANT: 0.",0,0,grade4
1767,"USER: 
 QUESTION: Is the following statement about our solar system true or false?
The smallest planet is made mainly of rock.
OPTIONS:
0: true
1: false

Answer with the correct option from 0 to 1. Only provide the numeric and nothing else 

Answer:  ASSISTANT: 0000000000000000000000000000000000000000000000000",0,0,grade8
1768,"USER: 
 QUESTION: Which better describes the New England Seamount Chain ecosystem?
OPTIONS:
0: It has water at the bottom of the ocean. It also has no sunlight.
1: It has shallow water. It also has organisms that crawl or stick to the ground.

Answer with the correct option from 0 to 1. Only provide the numeric and nothing else 

Answer:  ASSISTANT: 0000000000000000000000000000000000000000000000000",0,0,grade3
1769,"USER: 
 QUESTION: Is the following statement about our solar system true or false?
Jupiter's volume is more than 1,000 times that of Earth.
OPTIONS:
0: false
1: true

Answer with the correct option from 0 to 1. Only provide the numeric and nothing else 

Answer:  ASSISTANT: 000. 00. 0000.00000000000000000000000000000000000",0,1,grade8
1770,"USER: 
 QUESTION: What is the name of the colony shown?
OPTIONS:
0: Vermont
1: Maine
2: Alabama
3: Pennsylvania

Answer with the correct option from 0 to 3. Only provide the numeric and nothing else 

Answer:  ASSISTANT:",10000,3,grade4
1771,"USER: 
 QUESTION: Select the bird below.
OPTIONS:
0: red-tailed hawk
1: tiger shark

Answer with the correct option from 0 to 1. Only provide the numeric and nothing else 

Answer:  ASSISTANT:",10000,0,grade3
1772,"USER: 
 QUESTION: Which property do these four objects have in common?
OPTIONS:
0: salty
1: stretchy
2: transparent

Answer with the correct option from 0 to 2. Only provide the numeric and nothing else 

Answer:  ASSISTANT:",10000,0,grade5
1773,"USER: 
 QUESTION: What is the capital of South Carolina?
OPTIONS:
0: Lincoln
1: Springfield
2: Biloxi
3: Columbia

Answer with the correct option from 0 to 3. Only provide the numeric and nothing else 

Answer:  ASSISTANT:",10000,3,grade5
1774,"USER: 
 QUESTION: Which of these cities is marked on the map?
OPTIONS:
0: New York City
1: Washington, D.C.
2: Philadelphia
3: Boston

Answer with the correct option from 0 to 3. Only provide the numeric and nothing else 

Answer:  ASSISTANT: 0000000000000000000000000000000000000000000000000",0,2,grade4
1775,"USER: 
 QUESTION: What is the name of the colony shown?
OPTIONS:
0: Maryland
1: North Carolina
2: Delaware
3: Virginia

Answer with the correct option from 0 to 3. Only provide the numeric and nothing else 

Answer:  ASSISTANT:",10000,3,grade4
1776,"USER: 
 QUESTION: Select the fish below.
OPTIONS:
0: European green toad
1: great white shark

Answer with the correct option from 0 to 1. Only provide the numeric and nothing else 

Answer:  ASSISTANT:",10000,1,grade3
1777,"USER: 
 QUESTION: Is the following statement about our solar system true or false?
Saturn's volume is more than 50% of Jupiter's volume.
OPTIONS:
0: false
1: true

Answer with the correct option from 0 to 1. Only provide the numeric and nothing else 

Answer:  ASSISTANT: 000. 00. 0000.00000000000000000000000000000000000",0,1,grade6
1778,"USER: 
 QUESTION: Which better describes the tide pool ecosystems in Montaña De Oro State Park?
OPTIONS:
0: It has daily flooding and draining of seawater. It also has water that is rich in nutrients.
1: It has no sunlight. It also has daily flooding and draining of seawater.

Answer with the correct option from 0 to 1. Only provide the numeric and nothing else 

Answer:  ASSISTANT: 0",0,0,grade3
1779,"USER: 
 QUESTION: Which animal's neck is also adapted for reaching high branches?
OPTIONS:
0: black-tailed jackrabbit
1: gerenuk

Answer with the correct option from 0 to 1. Only provide the numeric and nothing else 

Answer:  ASSISTANT:",10000,1,grade5
1780,"USER: 
 QUESTION: What can Bella and Darnell trade to each get what they want?
OPTIONS:
0: Darnell can trade his broccoli for Bella's oranges.
1: Darnell can trade his almonds for Bella's tomatoes.
2: Bella can trade her tomatoes for Darnell's carrots.
3: Bella can trade her tomatoes for Darnell's broccoli.

Answer with the correct option from 0 to 3. Only provide the numeric and nothing else 

Answer:  ASSISTANT:",10000,3,grade8
1781,"USER: 
 QUESTION: Which continent is highlighted?
OPTIONS:
0: Asia
1: Africa
2: Antarctica
3: Australia

Answer with the correct option from 0 to 3. Only provide the numeric and nothing else 

Answer:  ASSISTANT:",10000,1,grade3
1782,"USER: 
 QUESTION: What is the capital of Indiana?
OPTIONS:
0: Norfolk
1: Columbus
2: Topeka
3: Indianapolis

Answer with the correct option from 0 to 3. Only provide the numeric and nothing else 

Answer:  ASSISTANT:",10000,3,grade5
1783,"USER: 
 QUESTION: Which of these continents does the prime meridian intersect?
OPTIONS:
0: South America
1: Asia
2: Africa

Answer with the correct option from 0 to 2. Only provide the numeric and nothing else 

Answer:  ASSISTANT:",10000,2,grade4
1784,"USER: 
 QUESTION: Which property matches this object?
OPTIONS:
0: colorful
1: transparent

Answer with the correct option from 0 to 1. Only provide the numeric and nothing else 

Answer:  ASSISTANT:",10000,1,grade3
1785,"USER: 
 QUESTION: Which of the following could Colette and Alexandra's test show?
OPTIONS:
0: if a new batch of concrete was firm enough to use
1: if the concrete from each batch took the same amount of time to dry

Answer with the correct option from 0 to 1. Only provide the numeric and nothing else 

Answer:  ASSISTANT:",10000,0,grade6
1786,"USER: 
 QUESTION: What is the name of the colony shown?
OPTIONS:
0: Tennessee
1: North Carolina
2: Rhode Island
3: Georgia

Answer with the correct option from 0 to 3. Only provide the numeric and nothing else 

Answer:  ASSISTANT:",10000,2,grade8
1787,"USER: 
 QUESTION: What is the capital of Wyoming?
OPTIONS:
0: Laramie
1: Cheyenne
2: Denver
3: Salt Lake City

Answer with the correct option from 0 to 3. Only provide the numeric and nothing else 

Answer:  ASSISTANT:",10000,1,grade4
1788,"USER: 
 QUESTION: Which continent is highlighted?
OPTIONS:
0: Australia
1: Asia
2: North America
3: Europe

Answer with the correct option from 0 to 3. Only provide the numeric and nothing else 

Answer:  ASSISTANT:",10000,0,grade7
1789,"USER: 
 QUESTION: Which of the following could Audrey's test show?
OPTIONS:
0: whether different types of bacteria would need different nutrients to produce insulin
1: whether producing more insulin would help the bacteria grow faster
2: whether she added enough nutrients to help the bacteria produce 20% more insulin

Answer with the correct option from 0 to 2. Only provide the numeric and nothing else 

Answer:  ASSISTANT:",10000,2,grade7
1790,"USER: 
 QUESTION: What is the capital of Alaska?
OPTIONS:
0: Salem
1: Helena
2: Anchorage
3: Juneau

Answer with the correct option from 0 to 3. Only provide the numeric and nothing else 

Answer:  ASSISTANT:",10000,3,grade5
1791,"USER: 
 QUESTION: Does this passage describe the weather or the climate?
OPTIONS:
0: climate
1: weather

Answer with the correct option from 0 to 1. Only provide the numeric and nothing else 

Answer:  ASSISTANT:",10000,1,grade5
1792,"USER: 
 QUESTION: Which better describes the Cape Breton Highlands National Park ecosystem?
OPTIONS:
0: It has short, cool summers. It also has soil that is rich in nutrients.
1: It has many evergreen trees. It also has soil that is poor in nutrients.

Answer with the correct option from 0 to 1. Only provide the numeric and nothing else 

Answer:  ASSISTANT:",10000,1,grade4
1793,"USER: 
 QUESTION: Think about the magnetic force between the magnets in each pair. Which of the following statements is true?
OPTIONS:
0: The magnitude of the magnetic force is smaller in Pair 1.
1: The magnitude of the magnetic force is smaller in Pair 2.
2: The magnitude of the magnetic force is the same in both pairs.

Answer with the correct option from 0 to 2. Only provide the numeric and nothing else 

Answer:  ASSISTANT: 0.",0,2,grade7
1794,"USER: 
 QUESTION: Which animal's feet are also adapted for swimming?
OPTIONS:
0: spectral tarsier
1: common guillemot

Answer with the correct option from 0 to 1. Only provide the numeric and nothing else 

Answer:  ASSISTANT:",10000,1,grade3
1795,"USER: 
 QUESTION: Which property do these two objects have in common?
OPTIONS:
0: bouncy
1: colorful

Answer with the correct option from 0 to 1. Only provide the numeric and nothing else 

Answer:  ASSISTANT:",10000,0,grade2
1796,"USER: 
 QUESTION: Based on the event chain, which was written first?
OPTIONS:
0: the Declaration of Independence
1: the Constitution

Answer with the correct option from 0 to 1. Only provide the numeric and nothing else 

Answer:  ASSISTANT:",10000,0,grade5
1797,"USER: 
 QUESTION: Which solution has a higher concentration of green particles?
OPTIONS:
0: Solution B
1: neither; their concentrations are the same
2: Solution A

Answer with the correct option from 0 to 2. Only provide the numeric and nothing else 

Answer:  ASSISTANT:",10000,0,grade8
1798,"USER: 
 QUESTION: Which better describes the Death Valley ecosystem?
OPTIONS:
0: It has dry, thin soil. It also has many different types of organisms.
1: It has a small amount of rain. It also has only a few types of organisms.

Answer with the correct option from 0 to 1. Only provide the numeric and nothing else 

Answer:  ASSISTANT:",10000,0,grade3
1799,"USER: 
 QUESTION: Which country is highlighted?
OPTIONS:
0: Saint Kitts and Nevis
1: Saint Lucia
2: Trinidad and Tobago
3: Antigua and Barbuda

Answer with the correct option from 0 to 3. Only provide the numeric and nothing else 

Answer:  ASSISTANT:",10000,0,grade6
1800,"USER: 
 QUESTION: Think about the magnetic force between the magnets in each pair. Which of the following statements is true?
OPTIONS:
0: The magnitude of the magnetic force is the same in both pairs.
1: The magnitude of the magnetic force is smaller in Pair 2.
2: The magnitude of the magnetic force is smaller in Pair 1.

Answer with the correct option from 0 to 2. Only provide the numeric and nothing else 

Answer:  ASSISTANT: 0.",0,2,grade7
1801,"USER: 
 QUESTION: What is the capital of Wyoming?
OPTIONS:
0: Salem
1: Olympia
2: Laramie
3: Cheyenne

Answer with the correct option from 0 to 3. Only provide the numeric and nothing else 

Answer:  ASSISTANT:",10000,3,grade5
1802,"USER: 
 QUESTION: Is slate a mineral?
OPTIONS:
0: no
1: yes

Answer with the correct option from 0 to 1. Only provide the numeric and nothing else 

Answer:  ASSISTANT:",10000,0,grade6
1803,"USER: 
 QUESTION: Select the bird below.
OPTIONS:
0: tiger shark
1: bald eagle

Answer with the correct option from 0 to 1. Only provide the numeric and nothing else 

Answer:  ASSISTANT:",10000,1,grade2
1804,"USER: 
 QUESTION: What can Brendan and Isaac trade to each get what they want?
OPTIONS:
0: Isaac can trade his broccoli for Brendan's oranges.
1: Isaac can trade his almonds for Brendan's tomatoes.
2: Brendan can trade his tomatoes for Isaac's broccoli.
3: Brendan can trade his tomatoes for Isaac's sandwich.

Answer with the correct option from 0 to 3. Only provide the numeric and nothing else 

Answer:  ASSISTANT:",10000,2,grade6
1805,"USER: 
 QUESTION: Is the following statement about our solar system true or false?
The smallest planet is made mainly of rock.
OPTIONS:
0: false
1: true

Answer with the correct option from 0 to 1. Only provide the numeric and nothing else 

Answer:  ASSISTANT: 0000000000000000000000000000000000000000000000000",0,1,grade6
1806,"USER: 
 QUESTION: Is Nerium oleander made up of many cells?
OPTIONS:
0: no
1: yes

Answer with the correct option from 0 to 1. Only provide the numeric and nothing else 

Answer:  ASSISTANT:",10000,1,grade5
1807,"USER: 
 QUESTION: What is the capital of Mississippi?
OPTIONS:
0: Jackson
1: Atlanta
2: Portland
3: Tallahassee

Answer with the correct option from 0 to 3. Only provide the numeric and nothing else 

Answer:  ASSISTANT:",10000,0,grade4
1808,"USER: 
 QUESTION: Which of the following could Logan's test show?
OPTIONS:
0: whether the filter was clogged
1: the amount of bacteria in the water before it was filtered
2: whether an inexpensive filter would become clogged more often

Answer with the correct option from 0 to 2. Only provide the numeric and nothing else 

Answer:  ASSISTANT:",10000,0,grade7
1809,"USER: 
 QUESTION: Which material is this clothes hanger made of?
OPTIONS:
0: cardboard
1: wood

Answer with the correct option from 0 to 1. Only provide the numeric and nothing else 

Answer:  ASSISTANT:",10000,1,grade2
1810,"USER: 
 QUESTION: What is the capital of Nevada?
OPTIONS:
0: Las Vegas
1: Carson City
2: Phoenix
3: Tulsa

Answer with the correct option from 0 to 3. Only provide the numeric and nothing else 

Answer:  ASSISTANT:",10000,1,grade4
1811,"USER: 
 QUESTION: Identify the question that Preston's experiment can best answer.
OPTIONS:
0: Do steel nails take fewer days to rust in water compared to vinegar?
1: Do steel nails rust in fewer days when submerged in a large volume of liquid compared to a small volume?

Answer with the correct option from 0 to 1. Only provide the numeric and nothing else 

Answer:  ASSISTANT:",10000,0,grade6
1812,"USER: 
 QUESTION: What is the capital of North Carolina?
OPTIONS:
0: Milwaukee
1: Raleigh
2: Boise
3: Jackson

Answer with the correct option from 0 to 3. Only provide the numeric and nothing else 

Answer:  ASSISTANT:",10000,1,grade4
1813,"USER: 
 QUESTION: Which ocean is highlighted?
OPTIONS:
0: the Southern Ocean
1: the Pacific Ocean
2: the Atlantic Ocean
3: the Indian Ocean

Answer with the correct option from 0 to 3. Only provide the numeric and nothing else 

Answer:  ASSISTANT:",10000,1,grade7
1814,"USER: 
 QUESTION: Think about the magnetic force between the magnets in each pair. Which of the following statements is true?
OPTIONS:
0: The magnetic force is weaker in Pair 1.
1: The strength of the magnetic force is the same in both pairs.
2: The magnetic force is weaker in Pair 2.

Answer with the correct option from 0 to 2. Only provide the numeric and nothing else 

Answer:  ASSISTANT: 200. 20000000000000000000000000000000000000000000",2,0,grade4
1815,"USER: 
 QUESTION: Which of these oceans does the prime meridian intersect?
OPTIONS:
0: the Atlantic Ocean
1: the Indian Ocean
2: the Pacific Ocean

Answer with the correct option from 0 to 2. Only provide the numeric and nothing else 

Answer:  ASSISTANT:",10000,0,grade4
1816,"USER: 
 QUESTION: Is fluorite a mineral or a rock?
OPTIONS:
0: rock
1: mineral

Answer with the correct option from 0 to 1. Only provide the numeric and nothing else 

Answer:  ASSISTANT:",10000,1,grade8
1817,"USER: 
 QUESTION: What is the capital of Connecticut?
OPTIONS:
0: New Haven
1: Saint Louis
2: Bridgeport
3: Hartford

Answer with the correct option from 0 to 3. Only provide the numeric and nothing else 

Answer:  ASSISTANT:",10000,3,grade4
1818,"USER: 
 QUESTION: Which property do these three objects have in common?
OPTIONS:
0: translucent
1: hard
2: soft

Answer with the correct option from 0 to 2. Only provide the numeric and nothing else 

Answer:  ASSISTANT:",10000,1,grade3
1819,"USER: 
 QUESTION: Which country is highlighted?
OPTIONS:
0: Saint Lucia
1: Cuba
2: Trinidad and Tobago
3: Jamaica

Answer with the correct option from 0 to 3. Only provide the numeric and nothing else 

Answer:  ASSISTANT:",10000,1,grade7
1820,"USER: 
 QUESTION: Which continent is highlighted?
OPTIONS:
0: Antarctica
1: South America
2: Africa
3: Europe

Answer with the correct option from 0 to 3. Only provide the numeric and nothing else 

Answer:  ASSISTANT:",10000,2,grade7
1821,"USER: 
 QUESTION: Which i in column 2?
OPTIONS:
0: the pond
1: the fast-food restaurant
2: the police department
3: the grocery store

Answer with the correct option from 0 to 3. Only provide the numeric and nothing else 

Answer:  ASSISTANT:",10000,1,grade2
1822,"USER: 
 QUESTION: What is the capital of Hawaii?
OPTIONS:
0: Santa Fe
1: Honolulu
2: Hilo
3: Phoenix

Answer with the correct option from 0 to 3. Only provide the numeric and nothing else 

Answer:  ASSISTANT:",10000,1,grade3
1823,"USER: 
 QUESTION: What is the capital of Iowa?
OPTIONS:
0: Cedar Rapids
1: Des Moines
2: Springfield
3: Saint Paul

Answer with the correct option from 0 to 3. Only provide the numeric and nothing else 

Answer:  ASSISTANT:",10000,1,grade3
1824,"USER: 
 QUESTION: What is the direction of this pull?
OPTIONS:
0: away from the tow truck
1: toward the tow truck

Answer with the correct option from 0 to 1. Only provide the numeric and nothing else 

Answer:  ASSISTANT:",10000,1,grade4
1825,"USER: 
 QUESTION: Which ocean is highlighted?
OPTIONS:
0: the Indian Ocean
1: the Southern Ocean
2: the Arctic Ocean
3: the Atlantic Ocean

Answer with the correct option from 0 to 3. Only provide the numeric and nothing else 

Answer:  ASSISTANT:",10000,0,grade7
1826,"USER: 
 QUESTION: What is the expected ratio of offspring with white spots to offspring with solid coloring? Choose the most likely ratio.
OPTIONS:
0: 4:0
1: 3:1
2: 1:3
3: 2:2
4: 0:4

Answer with the correct option from 0 to 4. Only provide the numeric and nothing else 

Answer:  ASSISTANT: 20. 20. 20. 20. 20. 20. 20. 20. 20. 20.20.20.20.2",2,4,grade8
1827,"USER: 
 QUESTION: Is an icicle a solid, a liquid, or a gas?
OPTIONS:
0: a solid
1: a liquid
2: a gas

Answer with the correct option from 0 to 2. Only provide the numeric and nothing else 

Answer:  ASSISTANT:",10000,0,grade4
1828,"USER: 
 QUESTION: Compare the average kinetic energies of the particles in each sample. Which sample has the higher temperature?
OPTIONS:
0: sample B
1: sample A
2: neither; the samples have the same temperature

Answer with the correct option from 0 to 2. Only provide the numeric and nothing else 

Answer:  ASSISTANT:",10000,0,grade7
1829,"USER: 
 QUESTION: Which property do these three objects have in common?
OPTIONS:
0: bouncy
1: blue
2: fragile

Answer with the correct option from 0 to 2. Only provide the numeric and nothing else 

Answer:  ASSISTANT:",10000,0,grade3
1830,"USER: 
 QUESTION: Which animal is also adapted to be camouflaged among green leaves?
OPTIONS:
0: blue poison dart frog
1: shield mantis

Answer with the correct option from 0 to 1. Only provide the numeric and nothing else 

Answer:  ASSISTANT:",10000,1,grade3
1831,"USER: 
 QUESTION: Which animal is also adapted for climbing trees?
OPTIONS:
0: Grevy's zebra
1: bare-eared squirrel monkey

Answer with the correct option from 0 to 1. Only provide the numeric and nothing else 

Answer:  ASSISTANT:",10000,1,grade3
1832,"USER: 
 QUESTION: What is the capital of Rhode Island?
OPTIONS:
0: Newport
1: Providence
2: Hartford
3: Concord

Answer with the correct option from 0 to 3. Only provide the numeric and nothing else 

Answer:  ASSISTANT:",10000,1,grade5
1833,"USER: 
 QUESTION: Will these magnets attract or repel each other?
OPTIONS:
0: repel
1: attract

Answer with the correct option from 0 to 1. Only provide the numeric and nothing else 

Answer:  ASSISTANT:",10000,0,grade5
1834,"USER: 
 QUESTION: Which better describes the Mount Rainier National Park ecosystem?
OPTIONS:
0: It has long, cold winters. It also has soil that is poor in nutrients.
1: It has short, cool summers. It also has soil that is rich in nutrients.

Answer with the correct option from 0 to 1. Only provide the numeric and nothing else 

Answer:  ASSISTANT: 0",0,0,grade4
1835,"USER: 
 QUESTION: What is the capital of Virginia?
OPTIONS:
0: Topeka
1: Atlanta
2: Richmond
3: Nashville

Answer with the correct option from 0 to 3. Only provide the numeric and nothing else 

Answer:  ASSISTANT:",10000,2,grade3
1836,"USER: 
 QUESTION: What is the name of the colony shown?
OPTIONS:
0: New Jersey
1: Pennsylvania
2: Virginia
3: New York

Answer with the correct option from 0 to 3. Only provide the numeric and nothing else 

Answer:  ASSISTANT:",10000,1,grade8
1837,"USER: 
 QUESTION: What is the capital of Kansas?
OPTIONS:
0: Nashville
1: Wichita
2: Topeka
3: Kansas City

Answer with the correct option from 0 to 3. Only provide the numeric and nothing else 

Answer:  ASSISTANT:",10000,2,grade5
1838,"USER: 
 QUESTION: Does this passage describe the weather or the climate?
OPTIONS:
0: climate
1: weather

Answer with the correct option from 0 to 1. Only provide the numeric and nothing else 

Answer:  ASSISTANT:",10000,0,grade6
1839,"USER: 
 QUESTION: Which of the following could Steve's test show?
OPTIONS:
0: the amount of bacteria in the water before it was filtered
1: whether an inexpensive filter would become clogged more often
2: whether the filter was clogged

Answer with the correct option from 0 to 2. Only provide the numeric and nothing else 

Answer:  ASSISTANT:",10000,2,grade7
1840,"USER: 
 QUESTION: Is the following statement about our solar system true or false?
Earth is the largest planet that is made mainly of rock.
OPTIONS:
0: true
1: false

Answer with the correct option from 0 to 1. Only provide the numeric and nothing else 

Answer:  ASSISTANT: 0000000000000000000000000000000000000000000000000",0,0,grade8
1841,"USER: 
 QUESTION: Is candle wax a mineral?
OPTIONS:
0: no
1: yes

Answer with the correct option from 0 to 1. Only provide the numeric and nothing else 

Answer:  ASSISTANT:",10000,0,grade6
1842,"USER: 
 QUESTION: Which of the following could Harold's test show?
OPTIONS:
0: if the weather station would work when the temperature was 50°C
1: how well the weather station would work when it was windy

Answer with the correct option from 0 to 1. Only provide the numeric and nothing else 

Answer:  ASSISTANT: 0000000000000000000000000000000000000000000000000",0,0,grade6
1843,"USER: 
 QUESTION: Which type of relationship is formed when an Alcon blue caterpillar lives in a Myrmica ant nest?
OPTIONS:
0: parasitic
1: mutualistic
2: commensal

Answer with the correct option from 0 to 2. Only provide the numeric and nothing else 

Answer:  ASSISTANT: 00.000.000.00000000000000000000000000000000000000",0,0,grade7
1844,"USER: 
 QUESTION: Which solution has a higher concentration of green particles?
OPTIONS:
0: Solution B
1: Solution A
2: neither; their concentrations are the same

Answer with the correct option from 0 to 2. Only provide the numeric and nothing else 

Answer:  ASSISTANT:",10000,0,grade7
1845,"USER: 
 QUESTION: Look at the picture. Which word best describes the sound these birds make?
OPTIONS:
0: chirping
1: quacking
2: popping

Answer with the correct option from 0 to 2. Only provide the numeric and nothing else 

Answer:  ASSISTANT: 0000000000000000000000000000000000000000000000000",0,0,grade2
1846,"USER: 
 QUESTION: Which animal is also adapted to be camouflaged in a sandy desert?
OPTIONS:
0: horned viper
1: European green lizard

Answer with the correct option from 0 to 1. Only provide the numeric and nothing else 

Answer:  ASSISTANT:",10000,0,grade5
1847,"USER: 
 QUESTION: What is the capital of Virginia?
OPTIONS:
0: Richmond
1: Baton Rouge
2: Kansas City
3: Salt Lake City

Answer with the correct option from 0 to 3. Only provide the numeric and nothing else 

Answer:  ASSISTANT:",10000,0,grade5
1848,"USER: 
 QUESTION: Which of the following was an independent variable in this experiment?
OPTIONS:
0: the number of earthworms
1: the number of leaves

Answer with the correct option from 0 to 1. Only provide the numeric and nothing else 

Answer:  ASSISTANT:",10000,0,grade6
1849,"USER: 
 QUESTION: Will these magnets attract or repel each other?
OPTIONS:
0: repel
1: attract

Answer with the correct option from 0 to 1. Only provide the numeric and nothing else 

Answer:  ASSISTANT:",10000,1,grade4
1850,"USER: 
 QUESTION: Select the fish below.
OPTIONS:
0: water buffalo
1: seahorse
2: western toad
3: tokay gecko

Answer with the correct option from 0 to 3. Only provide the numeric and nothing else 

Answer:  ASSISTANT: 0000000000000000000000000000000000000000000000000",0,1,grade4
1851,"USER: 
 QUESTION: Which solution has a higher concentration of blue particles?
OPTIONS:
0: neither; their concentrations are the same
1: Solution B
2: Solution A

Answer with the correct option from 0 to 2. Only provide the numeric and nothing else 

Answer:  ASSISTANT:",10000,0,grade6
1852,"USER: 
 QUESTION: What is the capital of Massachusetts?
OPTIONS:
0: Plymouth
1: Cambridge
2: Montpelier
3: Boston

Answer with the correct option from 0 to 3. Only provide the numeric and nothing else 

Answer:  ASSISTANT:",10000,3,grade5
1853,"USER: 
 QUESTION: Think about the magnetic force between the magnets in each pair. Which of the following statements is true?
OPTIONS:
0: The magnitude of the magnetic force is the same in both pairs.
1: The magnitude of the magnetic force is greater in Pair 2.
2: The magnitude of the magnetic force is greater in Pair 1.

Answer with the correct option from 0 to 2. Only provide the numeric and nothing else 

Answer:  ASSISTANT: 0.",0,2,grade6
1854,"USER: 
 QUESTION: Think about the magnetic force between the magnets in each pair. Which of the following statements is true?
OPTIONS:
0: The strength of the magnetic force is the same in both pairs.
1: The magnetic force is stronger in Pair 1.
2: The magnetic force is stronger in Pair 2.

Answer with the correct option from 0 to 2. Only provide the numeric and nothing else 

Answer:  ASSISTANT: 0.",0,0,grade4
1855,"USER: 
 QUESTION: The United States has a federal system. Based on these definitions, which of these statements would most likely be made by a person who lives under a federal system?
OPTIONS:
0: I only pay attention to state politics since the national government has almost no power.
1: My national government officials decide most issues that come up.
2: Both my state and national government officials have power over important issues.

Answer with the correct option from 0 to 2. Only provide the numeric and nothing else 

Answer:  ASSISTANT: 20",20,2,grade6
1856,"USER: 
 QUESTION: What is the name of the colony shown?
OPTIONS:
0: Virginia
1: Massachusetts
2: Rhode Island
3: Maryland

Answer with the correct option from 0 to 3. Only provide the numeric and nothing else 

Answer:  ASSISTANT:",10000,2,grade8
1857,"USER: 
 QUESTION: Identify the question that Leon's experiment can best answer.
OPTIONS:
0: Do more bacteria grow in liquid with cinnamon than in liquid without cinnamon?
1: Does temperature affect how much bacteria can grow in liquid?

Answer with the correct option from 0 to 1. Only provide the numeric and nothing else 

Answer:  ASSISTANT:00000000000000000000000000000000000000000000000000",0,0,grade6
1858,"USER: 
 QUESTION: Which animal's neck is also adapted for hunting prey while keeping the rest of its body still?
OPTIONS:
0: frigatebird
1: great blue heron

Answer with the correct option from 0 to 1. Only provide the numeric and nothing else 

Answer:  ASSISTANT:",10000,1,grade5
1859,"USER: 
 QUESTION: Which statement best describes the average monthly precipitation in Atlanta?
OPTIONS:
0: February is wetter than March.
1: Atlanta has a rainy season and a dry season.
2: Precipitation does not change much from month to month in Atlanta.

Answer with the correct option from 0 to 2. Only provide the numeric and nothing else 

Answer:  ASSISTANT:",10000,2,grade4
1860,"USER: 
 QUESTION: Identify the question that Austen's experiment can best answer.
OPTIONS:
0: Do bananas develop more brown spots if they are kept in bags with holes compared to bags without holes?
1: Do bananas develop more brown spots when they are kept at room temperature compared to in a cold refrigerator?

Answer with the correct option from 0 to 1. Only provide the numeric and nothing else 

Answer:  ASSISTANT: 20",20,0,grade6
1861,"USER: 
 QUESTION: Which i in column 4?
OPTIONS:
0: the theater
1: the fire department
2: the pond
3: the shopping mall

Answer with the correct option from 0 to 3. Only provide the numeric and nothing else 

Answer:  ASSISTANT: 0000000000000000000000000000000000000000000000000",0,3,grade2
1862,"USER: 
 QUESTION: Which country is highlighted?
OPTIONS:
0: Kiribati
1: the Federated States of Micronesia
2: Samoa
3: Palau

Answer with the correct option from 0 to 3. Only provide the numeric and nothing else 

Answer:  ASSISTANT:",10000,3,grade6
1863,"USER: 
 QUESTION: What is the capital of Ohio?
OPTIONS:
0: Charleston
1: Columbus
2: Lincoln
3: Fargo

Answer with the correct option from 0 to 3. Only provide the numeric and nothing else 

Answer:  ASSISTANT:",10000,1,grade4
1864,"USER: 
 QUESTION: Select the amphibian below.
OPTIONS:
0: white stork
1: red-eyed tree frog

Answer with the correct option from 0 to 1. Only provide the numeric and nothing else 

Answer:  ASSISTANT: 0000000000000000000000000000000000000000000000000",0,1,grade2
1865,"USER: 
 QUESTION: Which of the following could Jaylen's test show?
OPTIONS:
0: whether the filter was clogged
1: whether an inexpensive filter would become clogged more often
2: the amount of bacteria in the water before it was filtered

Answer with the correct option from 0 to 2. Only provide the numeric and nothing else 

Answer:  ASSISTANT:",10000,0,grade7
1866,"USER: 
 QUESTION: Which property do these three objects have in common?
OPTIONS:
0: transparent
1: soft
2: bumpy

Answer with the correct option from 0 to 2. Only provide the numeric and nothing else 

Answer:  ASSISTANT:",10000,2,grade4
1867,"USER: 
 QUESTION: Think about the magnetic force between the magnets in each pair. Which of the following statements is true?
OPTIONS:
0: The magnetic force is stronger in Pair 2.
1: The magnetic force is stronger in Pair 1.
2: The strength of the magnetic force is the same in both pairs.

Answer with the correct option from 0 to 2. Only provide the numeric and nothing else 

Answer:  ASSISTANT: 2000000000000000000000000000000000000000000000000",2000000000000000000000000000000000000000000000000,2,grade4
1868,"USER: 
 QUESTION: Which property do these four objects have in common?
OPTIONS:
0: fragile
1: transparent
2: sweet

Answer with the correct option from 0 to 2. Only provide the numeric and nothing else 

Answer:  ASSISTANT:",10000,0,grade5
1869,"USER: 
 QUESTION: How do jumping spiders catch their food?
OPTIONS:
0: They catch bugs in a web.
1: They jump onto bugs.
2: They run fast to get bugs.

Answer with the correct option from 0 to 2. Only provide the numeric and nothing else 

Answer:  ASSISTANT:",10000,1,grade1
1870,"USER: 
 QUESTION: Which of the following could Manny's test show?
OPTIONS:
0: if the spacecraft was damaged when using a parachute with a 1 m vent going 200 km per hour
1: how steady a parachute with a 1 m vent was at 200 km per hour
2: whether a parachute with a 1 m vent would swing too much at 400 km per hour

Answer with the correct option from 0 to 2. Only provide the numeric and nothing else 

Answer:  ASSISTANT:",10000,1,grade8
1871,"USER: 
 QUESTION: Which of these states is farthest west?
OPTIONS:
0: Illinois
1: Ohio
2: Arkansas
3: South Carolina

Answer with the correct option from 0 to 3. Only provide the numeric and nothing else 

Answer:  ASSISTANT:",10000,2,grade5
1872,"USER: 
 QUESTION: Which statement describes the Buffalo Gap National Grassland ecosystem?
OPTIONS:
0: It has heavy rain.
1: It has a medium amount of rain.
2: It has cold winters and cool summers.

Answer with the correct option from 0 to 2. Only provide the numeric and nothing else 

Answer:  ASSISTANT:",10000,1,grade8
1873,"USER: 
 QUESTION: Look at the models of molecules below. Select the elementary substance.
OPTIONS:
0: acetaldehyde
1: chloroform
2: oxygen

Answer with the correct option from 0 to 2. Only provide the numeric and nothing else 

Answer:  ASSISTANT:",10000,2,grade6
1874,"USER: 
 QUESTION: Complete the statement.
Carbon tetrachloride is ().
OPTIONS:
0: an elementary substance
1: a compound

Answer with the correct option from 0 to 1. Only provide the numeric and nothing else 

Answer:  ASSISTANT: 0000000000000000000000000000000000000000000000000",0,1,grade7
1875,"USER: 
 QUESTION: Which property do these three objects have in common?
OPTIONS:
0: fragile
1: bouncy
2: hard

Answer with the correct option from 0 to 2. Only provide the numeric and nothing else 

Answer:  ASSISTANT:",10000,2,grade4
1876,"USER: 
 QUESTION: Which continent is highlighted?
OPTIONS:
0: Europe
1: Africa
2: Asia
3: South America

Answer with the correct option from 0 to 3. Only provide the numeric and nothing else 

Answer:  ASSISTANT:",10000,1,grade8
1877,"USER: 
 QUESTION: Is quartz a mineral or a rock?
OPTIONS:
0: mineral
1: rock

Answer with the correct option from 0 to 1. Only provide the numeric and nothing else 

Answer:  ASSISTANT:",10000,0,grade8
1878,"USER: 
 QUESTION: Will these magnets attract or repel each other?
OPTIONS:
0: attract
1: repel

Answer with the correct option from 0 to 1. Only provide the numeric and nothing else 

Answer:  ASSISTANT:",10000,1,grade3
1879,"USER: 
 QUESTION: Which of these continents does the prime meridian intersect?
OPTIONS:
0: Antarctica
1: North America
2: South America

Answer with the correct option from 0 to 2. Only provide the numeric and nothing else 

Answer:  ASSISTANT:",10000,0,grade4
1880,"USER: 
 QUESTION: Think about the magnetic force between the magnets in each pair. Which of the following statements is true?
OPTIONS:
0: The magnetic force is weaker in Pair 1.
1: The strength of the magnetic force is the same in both pairs.
2: The magnetic force is weaker in Pair 2.

Answer with the correct option from 0 to 2. Only provide the numeric and nothing else 

Answer:  ASSISTANT: 200. 20000000000000000000000000000000000000000000",2,2,grade3
1881,"USER: 
 QUESTION: What is the name of the colony shown?
OPTIONS:
0: Virginia
1: Florida
2: South Carolina
3: Maryland

Answer with the correct option from 0 to 3. Only provide the numeric and nothing else 

Answer:  ASSISTANT:",10000,0,grade5
1882,"USER: 
 QUESTION: Which of the following could Akira's test show?
OPTIONS:
0: how much the new turbine would weigh
1: whether the new turbine could produce 10% more electricity
2: if the new turbine could turn easily

Answer with the correct option from 0 to 2. Only provide the numeric and nothing else 

Answer:  ASSISTANT:",10000,1,grade8
1883,"USER: 
 QUESTION: Which animal's mouth is also adapted to eat plant matter?
OPTIONS:
0: zebra
1: silky anteater

Answer with the correct option from 0 to 1. Only provide the numeric and nothing else 

Answer:  ASSISTANT:",10000,0,grade5
1884,"USER: 
 QUESTION: Will these magnets attract or repel each other?
OPTIONS:
0: repel
1: attract

Answer with the correct option from 0 to 1. Only provide the numeric and nothing else 

Answer:  ASSISTANT:",10000,0,grade4
1885,"USER: 
 QUESTION: During this time, thermal energy was transferred from () to ().
OPTIONS:
0: each vial . . . the surroundings
1: the surroundings . . . each vial

Answer with the correct option from 0 to 1. Only provide the numeric and nothing else 

Answer:  ASSISTANT:",10000,1,grade8
1886,"USER: 
 QUESTION: Which is this organism's common name?
OPTIONS:
0: marine file snake
1: Acrochordus granulatus

Answer with the correct option from 0 to 1. Only provide the numeric and nothing else 

Answer:  ASSISTANT:",10000,0,grade7
1887,"USER: 
 QUESTION: Will these magnets attract or repel each other?
OPTIONS:
0: repel
1: attract

Answer with the correct option from 0 to 1. Only provide the numeric and nothing else 

Answer:  ASSISTANT:",10000,0,grade4
1888,"USER: 
 QUESTION: Will these magnets attract or repel each other?
OPTIONS:
0: attract
1: repel

Answer with the correct option from 0 to 1. Only provide the numeric and nothing else 

Answer:  ASSISTANT:",10000,1,grade5
1889,"USER: 
 QUESTION: Which of the following best describes a community in the Southern Ocean?
OPTIONS:
0: the algae, the sea ice, and the seawater
1: the Antarctic krill, the emperor penguins, and the leopard seals
2: a pod of humpback whales

Answer with the correct option from 0 to 2. Only provide the numeric and nothing else 

Answer:  ASSISTANT: 00.0000000000000000000000000000000000000000000000",0,1,grade7
1890,"USER: 
 QUESTION: Which property do these four objects have in common?
OPTIONS:
0: transparent
1: smooth
2: flexible

Answer with the correct option from 0 to 2. Only provide the numeric and nothing else 

Answer:  ASSISTANT:",10000,1,grade5
1891,"USER: 
 QUESTION: Which trait did Meiolania have? Select the trait you can observe on the fossil.
OPTIONS:
0: long, thin antennae
1: toes

Answer with the correct option from 0 to 1. Only provide the numeric and nothing else 

Answer:  ASSISTANT:",10000,1,grade6
1892,"USER: 
 QUESTION: What is the capital of Washington?
OPTIONS:
0: Spokane
1: Olympia
2: Springfield
3: Seattle

Answer with the correct option from 0 to 3. Only provide the numeric and nothing else 

Answer:  ASSISTANT:",10000,1,grade5
1893,"USER: 
 QUESTION: What can Barry and Mona trade to each get what they want?
OPTIONS:
0: Mona can trade her almonds for Barry's tomatoes.
1: Mona can trade her broccoli for Barry's oranges.
2: Barry can trade his tomatoes for Mona's sandwich.
3: Barry can trade his tomatoes for Mona's broccoli.

Answer with the correct option from 0 to 3. Only provide the numeric and nothing else 

Answer:  ASSISTANT:",10000,3,grade6
1894,"USER: 
 QUESTION: What is the capital of Maine?
OPTIONS:
0: Portland
1: Hartford
2: Augusta
3: Athens

Answer with the correct option from 0 to 3. Only provide the numeric and nothing else 

Answer:  ASSISTANT:",10000,2,grade3
1895,"USER: 
 QUESTION: Which of the following could Darnell's test show?
OPTIONS:
0: whether an inexpensive filter would become clogged more often
1: whether the filter was clogged
2: the amount of bacteria in the water before it was filtered

Answer with the correct option from 0 to 2. Only provide the numeric and nothing else 

Answer:  ASSISTANT:",10000,1,grade8
1896,"USER: 
 QUESTION: Which continent is highlighted?
OPTIONS:
0: North America
1: Australia
2: Antarctica
3: South America

Answer with the correct option from 0 to 3. Only provide the numeric and nothing else 

Answer:  ASSISTANT:",10000,1,grade5
1897,"USER: 
 QUESTION: Which country is highlighted?
OPTIONS:
0: Kiribati
1: Nauru
2: the Federated States of Micronesia
3: the Marshall Islands

Answer with the correct option from 0 to 3. Only provide the numeric and nothing else 

Answer:  ASSISTANT:",10000,3,grade7
1898,"USER: 
 QUESTION: What is the capital of Montana?
OPTIONS:
0: Helena
1: Carson City
2: Nampa
3: Boise

Answer with the correct option from 0 to 3. Only provide the numeric and nothing else 

Answer:  ASSISTANT:",10000,0,grade3
1899,"USER: 
 QUESTION: In this food chain, the brown trout is a secondary consumer. Why?
OPTIONS:
0: It eats a secondary consumer.
1: It eats a primary consumer.
2: It eats a producer.

Answer with the correct option from 0 to 2. Only provide the numeric and nothing else 

Answer:  ASSISTANT: 00.0000000000000000000000000000000000000000000000",0,1,grade5
1900,"USER: 
 QUESTION: What is the capital of Utah?
OPTIONS:
0: Denver
1: Provo
2: Salt Lake City
3: Orlando

Answer with the correct option from 0 to 3. Only provide the numeric and nothing else 

Answer:  ASSISTANT:",10000,2,grade3
1901,"USER: 
 QUESTION: Which animal's skin is also adapted for survival in cold places?
OPTIONS:
0: naked mole rat
1: snowy owl

Answer with the correct option from 0 to 1. Only provide the numeric and nothing else 

Answer:  ASSISTANT:",10000,1,grade5
1902,"USER: 
 QUESTION: What is the capital of Alaska?
OPTIONS:
0: Bismarck
1: Juneau
2: Nampa
3: Santa Fe

Answer with the correct option from 0 to 3. Only provide the numeric and nothing else 

Answer:  ASSISTANT:",10000,1,grade4
1903,"USER: 
 QUESTION: Which is this organism's common name?
OPTIONS:
0: great white shark
1: Carcharodon carcharias

Answer with the correct option from 0 to 1. Only provide the numeric and nothing else 

Answer:  ASSISTANT:",10000,0,grade7
1904,"USER: 
 QUESTION: What is the capital of Nevada?
OPTIONS:
0: Reno
1: Carson City
2: Olympia
3: Austin

Answer with the correct option from 0 to 3. Only provide the numeric and nothing else 

Answer:  ASSISTANT:",10000,1,grade3
1905,"USER: 
 QUESTION: Which of the following fossils is younger? Select the more likely answer.
OPTIONS:
0: feather
1: ginkgo leaf

Answer with the correct option from 0 to 1. Only provide the numeric and nothing else 

Answer:  ASSISTANT:",10000,0,grade8
1906,"USER: 
 QUESTION: Which solution has a higher concentration of green particles?
OPTIONS:
0: neither; their concentrations are the same
1: Solution A
2: Solution B

Answer with the correct option from 0 to 2. Only provide the numeric and nothing else 

Answer:  ASSISTANT:",10000,1,grade7
1907,"USER: 
 QUESTION: Which material is this spatula made of?
OPTIONS:
0: cotton
1: wood

Answer with the correct option from 0 to 1. Only provide the numeric and nothing else 

Answer:  ASSISTANT:",10000,1,grade2
1908,"USER: 
 QUESTION: Which animal's skin is also adapted for survival in cold places?
OPTIONS:
0: Amazon milk frog
1: Eurasian lynx

Answer with the correct option from 0 to 1. Only provide the numeric and nothing else 

Answer:  ASSISTANT:",10000,1,grade4
1909,"USER: 
 QUESTION: Think about the magnetic force between the magnets in each pair. Which of the following statements is true?
OPTIONS:
0: The magnetic force is stronger in Pair 1.
1: The strength of the magnetic force is the same in both pairs.
2: The magnetic force is stronger in Pair 2.

Answer with the correct option from 0 to 2. Only provide the numeric and nothing else 

Answer:  ASSISTANT: 0.",0,2,grade3
1910,"USER: 
 QUESTION: What is the expected ratio of offspring with a gray body to offspring with a golden body? Choose the most likely ratio.
OPTIONS:
0: 1:3
1: 2:2
2: 3:1
3: 0:4
4: 4:0

Answer with the correct option from 0 to 4. Only provide the numeric and nothing else 

Answer:  ASSISTANT: 20. 0. 20. 20. 20. 20. 20. 20. 20. 20. 20.20.20.2",2,2,grade8
1911,"USER: 
 QUESTION: Which fish's mouth is also adapted for tearing through meat?
OPTIONS:
0: seahorse
1: starry moray

Answer with the correct option from 0 to 1. Only provide the numeric and nothing else 

Answer:  ASSISTANT:",10000,1,grade5
1912,"USER: 
 QUESTION: Which statement describes the Catoctin Mountain Park ecosystem?
OPTIONS:
0: It has many different types of trees.
1: It has soil that is rich in nutrients.

Answer with the correct option from 0 to 1. Only provide the numeric and nothing else 

Answer:  ASSISTANT:",10000,1,grade8
1913,"USER: 
 QUESTION: Which of these states is farthest north?
OPTIONS:
0: Utah
1: Minnesota
2: Kentucky
3: Mississippi

Answer with the correct option from 0 to 3. Only provide the numeric and nothing else 

Answer:  ASSISTANT:",10000,1,grade4
1914,"USER: 
 QUESTION: Which property do these four objects have in common?
OPTIONS:
0: fragile
1: stretchy
2: sour

Answer with the correct option from 0 to 2. Only provide the numeric and nothing else 

Answer:  ASSISTANT:",10000,1,grade5
1915,"USER: 
 QUESTION: Is Nerium oleander made up of one cell?
OPTIONS:
0: no
1: yes

Answer with the correct option from 0 to 1. Only provide the numeric and nothing else 

Answer:  ASSISTANT:",10000,0,grade4
1916,"USER: 
 QUESTION: Which statement describes the Kaeng Krachan National Park ecosystem?
OPTIONS:
0: It has many different types of organisms.
1: It has mostly small plants.
2: It has soil that is rich in nutrients.

Answer with the correct option from 0 to 2. Only provide the numeric and nothing else 

Answer:  ASSISTANT: 0000000000000000000000000000000000000000000000000",0,0,grade6
1917,"USER: 
 QUESTION: What is the capital of Nevada?
OPTIONS:
0: Reno
1: Las Vegas
2: Carson City
3: Bismarck

Answer with the correct option from 0 to 3. Only provide the numeric and nothing else 

Answer:  ASSISTANT:",10000,2,grade3
1918,"USER: 
 QUESTION: Which of these states is farthest east?
OPTIONS:
0: New Mexico
1: Ohio
2: New Hampshire
3: Delaware

Answer with the correct option from 0 to 3. Only provide the numeric and nothing else 

Answer:  ASSISTANT:",10000,2,grade5
1919,"USER: 
 QUESTION: What is the capital of Alaska?
OPTIONS:
0: Juneau
1: Boston
2: Fairbanks
3: Honolulu

Answer with the correct option from 0 to 3. Only provide the numeric and nothing else 

Answer:  ASSISTANT:",10000,0,grade3
1920,"USER: 
 QUESTION: What is the capital of Louisiana?
OPTIONS:
0: Baton Rouge
1: Anchorage
2: Charleston
3: Juneau

Answer with the correct option from 0 to 3. Only provide the numeric and nothing else 

Answer:  ASSISTANT: 0000000000000000000000000000000000000000000000000",0,0,grade5
1921,"USER: 
 QUESTION: Compare the average kinetic energies of the particles in each sample. Which sample has the higher temperature?
OPTIONS:
0: sample A
1: sample B
2: neither; the samples have the same temperature

Answer with the correct option from 0 to 2. Only provide the numeric and nothing else 

Answer:  ASSISTANT:",10000,1,grade7
1922,"USER: 
 QUESTION: Which of these states is farthest north?
OPTIONS:
0: Arizona
1: Mississippi
2: Oklahoma
3: Wyoming

Answer with the correct option from 0 to 3. Only provide the numeric and nothing else 

Answer:  ASSISTANT:",10000,3,grade4
1923,"USER: 
 QUESTION: Which of these organisms contains matter that was once part of the bilberry?
OPTIONS:
0: collared lemming
1: earthworm
2: lichen
3: bear sedge

Answer with the correct option from 0 to 3. Only provide the numeric and nothing else 

Answer:  ASSISTANT:",10000,1,grade5
1924,"USER: 
 QUESTION: What is the capital of Nevada?
OPTIONS:
0: Boise
1: Pierre
2: Carson City
3: Portland

Answer with the correct option from 0 to 3. Only provide the numeric and nothing else 

Answer:  ASSISTANT:",10000,2,grade3
1925,"USER: 
 QUESTION: What is the probability that a cockatiel produced by this cross will have bright orange cheeks?
OPTIONS:
0: 2/4
1: 1/4
2: 4/4
3: 0/4
4: 3/4

Answer with the correct option from 0 to 4. Only provide the numeric and nothing else 

Answer:  ASSISTANT: 0. 00. 0 0. 0. 0. 0. 0. 0. 0. 0. 0. 0. 0. 0. 0. 0",0,0,grade8
1926,"USER: 
 QUESTION: What is the name of the colony shown?
OPTIONS:
0: Virginia
1: New Jersey
2: Kentucky
3: Massachusetts

Answer with the correct option from 0 to 3. Only provide the numeric and nothing else 

Answer:  ASSISTANT:",10000,3,grade7
1927,"USER: 
 QUESTION: What is the capital of Connecticut?
OPTIONS:
0: Hartford
1: Burlington
2: Boston
3: Harrisburg

Answer with the correct option from 0 to 3. Only provide the numeric and nothing else 

Answer:  ASSISTANT:",10000,0,grade4
1928,"USER: 
 QUESTION: Which term matches the picture?
OPTIONS:
0: endoskeleton
1: exoskeleton

Answer with the correct option from 0 to 1. Only provide the numeric and nothing else 

Answer:  ASSISTANT:",10000,1,grade6
1929,"USER: 
 QUESTION: Think about the magnetic force between the magnets in each pair. Which of the following statements is true?
OPTIONS:
0: The magnitude of the magnetic force is greater in Pair 2.
1: The magnitude of the magnetic force is the same in both pairs.
2: The magnitude of the magnetic force is greater in Pair 1.

Answer with the correct option from 0 to 2. Only provide the numeric and nothing else 

Answer:  ASSISTANT: 0.",0,1,grade8
1930,"USER: 
 QUESTION: Think about the magnetic force between the magnets in each pair. Which of the following statements is true?
OPTIONS:
0: The magnetic force is weaker in Pair 2.
1: The magnetic force is weaker in Pair 1.
2: The strength of the magnetic force is the same in both pairs.

Answer with the correct option from 0 to 2. Only provide the numeric and nothing else 

Answer:  ASSISTANT: 200. 20000000000000000000000000000000000000000000",2,2,grade3
1931,"USER: 
 QUESTION: Think about the magnetic force between the magnets in each pair. Which of the following statements is true?
OPTIONS:
0: The strength of the magnetic force is the same in both pairs.
1: The magnetic force is weaker in Pair 1.
2: The magnetic force is weaker in Pair 2.

Answer with the correct option from 0 to 2. Only provide the numeric and nothing else 

Answer:  ASSISTANT: 200. 20000000000000000000000000000000000000000000",2,1,grade4
1932,"USER: 
 QUESTION: Which of these states is farthest west?
OPTIONS:
0: Virginia
1: Rhode Island
2: Mississippi
3: Minnesota

Answer with the correct option from 0 to 3. Only provide the numeric and nothing else 

Answer:  ASSISTANT:",10000,3,grade2
1933,"USER: 
 QUESTION: Select the mammal below.
OPTIONS:
0: red howler
1: box turtle
2: flamingo
3: cassowary

Answer with the correct option from 0 to 3. Only provide the numeric and nothing else 

Answer:  ASSISTANT: 0000000000000000000000000000000000000000000000000",0,0,grade4
1934,"USER: 
 QUESTION: What is the capital of Washington?
OPTIONS:
0: Olympia
1: Seattle
2: Spokane
3: Topeka

Answer with the correct option from 0 to 3. Only provide the numeric and nothing else 

Answer:  ASSISTANT:",10000,0,grade4
1935,"USER: 
 QUESTION: Look at the models of molecules below. Select the elementary substance.
OPTIONS:
0: fluoromethanol
1: dichloromethane
2: chlorine

Answer with the correct option from 0 to 2. Only provide the numeric and nothing else 

Answer:  ASSISTANT: 0000000000000000000000000000000000000000000000000",0,2,grade6
1936,"USER: 
 QUESTION: What is the capital of Wisconsin?
OPTIONS:
0: Madison
1: Green Bay
2: Milwaukee
3: Jefferson City

Answer with the correct option from 0 to 3. Only provide the numeric and nothing else 

Answer:  ASSISTANT:",10000,0,grade5
1937,"USER: 
 QUESTION: Which letter marks ancient Egypt?
OPTIONS:
0: B
1: C
2: D
3: A

Answer with the correct option from 0 to 3. Only provide the numeric and nothing else 

Answer:  ASSISTANT:",10000,3,grade7
1938,"USER: 
 QUESTION: What is the capital of Florida?
OPTIONS:
0: Richmond
1: Minneapolis
2: Tallahassee
3: Orlando

Answer with the correct option from 0 to 3. Only provide the numeric and nothing else 

Answer:  ASSISTANT:",10000,2,grade4
1939,"USER: 
 QUESTION: During this time, thermal energy was transferred from () to ().
OPTIONS:
0: the surroundings . . . each refrigerator
1: each refrigerator . . . the surroundings

Answer with the correct option from 0 to 1. Only provide the numeric and nothing else 

Answer:  ASSISTANT:",10000,0,grade8
1940,"USER: 
 QUESTION: Which is this organism's scientific name?
OPTIONS:
0: diving beetle
1: Cybister sugillatus

Answer with the correct option from 0 to 1. Only provide the numeric and nothing else 

Answer:  ASSISTANT:",10000,1,grade7
1941,"USER: 
 QUESTION: Which of the following statements is true?
OPTIONS:
0: Each bryum moss cell is over 0.37 millimeters long.
1: The organism shown in the micrograph is made up of cells, but the organism in the photograph is not.
2: Bryum moss plants are made up of tiny units called cells.

Answer with the correct option from 0 to 2. Only provide the numeric and nothing else 

Answer:  ASSISTANT: 20.S.S.S.S.S.S.S.S.S.S.S.S.S.S.S.S.S.S.S.S.S.S.S.",2,2,grade6
1942,"USER: 
 QUESTION: What is the name of the colony shown?
OPTIONS:
0: Illinois
1: New Jersey
2: Tennessee
3: Maryland

Answer with the correct option from 0 to 3. Only provide the numeric and nothing else 

Answer:  ASSISTANT:",10000,1,grade5
1943,"USER: 
 QUESTION: Think about the magnetic force between the magnets in each pair. Which of the following statements is true?
OPTIONS:
0: The magnitude of the magnetic force is smaller in Pair 2.
1: The magnitude of the magnetic force is the same in both pairs.
2: The magnitude of the magnetic force is smaller in Pair 1.

Answer with the correct option from 0 to 2. Only provide the numeric and nothing else 

Answer:  ASSISTANT: 0. 20. 20. 20. 20. 20. 20. 20. 20. 20. 20. 20. 20",0,2,grade5
1944,"USER: 
 QUESTION: What is the capital of Alabama?
OPTIONS:
0: Jefferson City
1: Wichita
2: Oklahoma City
3: Montgomery

Answer with the correct option from 0 to 3. Only provide the numeric and nothing else 

Answer:  ASSISTANT:",10000,3,grade4
1945,"USER: 
 QUESTION: Which property do these three objects have in common?
OPTIONS:
0: stretchy
1: hard
2: fragile

Answer with the correct option from 0 to 2. Only provide the numeric and nothing else 

Answer:  ASSISTANT:",10000,0,grade4
1946,"USER: 
 QUESTION: Which property matches this object?
OPTIONS:
0: rough
1: soft

Answer with the correct option from 0 to 1. Only provide the numeric and nothing else 

Answer:  ASSISTANT:",10000,1,grade3
1947,"USER: 
 QUESTION: What is the probability that a rose plant produced by this cross will have dark yellow flowers?
OPTIONS:
0: 3/4
1: 4/4
2: 0/4
3: 1/4
4: 2/4

Answer with the correct option from 0 to 4. Only provide the numeric and nothing else 

Answer:  ASSISTANT: 00. 200. 200. 0000. 00000000000000000000000000000",0,2,grade8
1948,"USER: 
 QUESTION: Is an empty cup a solid or a liquid?
OPTIONS:
0: a solid
1: a liquid

Answer with the correct option from 0 to 1. Only provide the numeric and nothing else 

Answer:  ASSISTANT:",10000,0,grade2
1949,"USER: 
 QUESTION: Compare the average kinetic energies of the particles in each sample. Which sample has the higher temperature?
OPTIONS:
0: sample B
1: neither; the samples have the same temperature
2: sample A

Answer with the correct option from 0 to 2. Only provide the numeric and nothing else 

Answer:  ASSISTANT:",10000,0,grade8
1950,"USER: 
 QUESTION: What is the capital of Nevada?
OPTIONS:
0: Tallahassee
1: Carson City
2: Phoenix
3: Juneau

Answer with the correct option from 0 to 3. Only provide the numeric and nothing else 

Answer:  ASSISTANT:",10000,1,grade5
1951,"USER: 
 QUESTION: What is the name of the colony shown?
OPTIONS:
0: Rhode Island
1: South Carolina
2: Pennsylvania
3: Tennessee

Answer with the correct option from 0 to 3. Only provide the numeric and nothing else 

Answer:  ASSISTANT:",10000,2,grade5
1952,"USER: 
 QUESTION: Identify the question that Ashley's experiment can best answer.
OPTIONS:
0: Do circuits that include iron produce dimmer light than circuits that include copper?
1: Can light bulbs stay lit longer when circuits include copper or when circuits include iron?

Answer with the correct option from 0 to 1. Only provide the numeric and nothing else 

Answer:  ASSISTANT: 0",0,0,grade8
1953,"USER: 
 QUESTION: Is chalk a solid or a liquid?
OPTIONS:
0: a solid
1: a liquid

Answer with the correct option from 0 to 1. Only provide the numeric and nothing else 

Answer:  ASSISTANT:",10000,0,grade2
1954,"USER: 
 QUESTION: Which of these states is farthest south?
OPTIONS:
0: Maine
1: Virginia
2: Arkansas
3: Oregon

Answer with the correct option from 0 to 3. Only provide the numeric and nothing else 

Answer:  ASSISTANT:",10000,2,grade3
1955,"USER: 
 QUESTION: What is the capital of Arizona?
OPTIONS:
0: Phoenix
1: Baton Rouge
2: Fort Wayne
3: Juneau

Answer with the correct option from 0 to 3. Only provide the numeric and nothing else 

Answer:  ASSISTANT:",10000,0,grade5
1956,"USER: 
 QUESTION: What can a pine seed grow into?
OPTIONS:
0: a female cone
1: a new plant
2: a male cone

Answer with the correct option from 0 to 2. Only provide the numeric and nothing else 

Answer:  ASSISTANT:",10000,1,grade4
1957,"USER: 
 QUESTION: Select the mammal below.
OPTIONS:
0: barn owl
1: sea otter

Answer with the correct option from 0 to 1. Only provide the numeric and nothing else 

Answer:  ASSISTANT:",10000,1,grade2
1958,"USER: 
 QUESTION: Which property do these three objects have in common?
OPTIONS:
0: bumpy
1: bouncy
2: shiny

Answer with the correct option from 0 to 2. Only provide the numeric and nothing else 

Answer:  ASSISTANT:",10000,0,grade3
1959,"USER: 
 QUESTION: Which property do these four objects have in common?
OPTIONS:
0: stretchy
1: shiny
2: transparent

Answer with the correct option from 0 to 2. Only provide the numeric and nothing else 

Answer:  ASSISTANT:",10000,0,grade5
1960,"USER: 
 QUESTION: Which better describes the Pantanal ecosystem?
OPTIONS:
0: It has soil that is poor in nutrients. It also has only a few types of organisms.
1: It has land that is covered with water during most of the year. It also has soil that is rich in nutrients.

Answer with the correct option from 0 to 1. Only provide the numeric and nothing else 

Answer:  ASSISTANT:",10000,1,grade3
1961,"USER: 
 QUESTION: Which continent is highlighted?
OPTIONS:
0: Africa
1: North America
2: South America
3: Europe

Answer with the correct option from 0 to 3. Only provide the numeric and nothing else 

Answer:  ASSISTANT:",10000,0,grade7
1962,"USER: 
 QUESTION: What is the capital of Montana?
OPTIONS:
0: Plymouth
1: Boise
2: Helena
3: Billings

Answer with the correct option from 0 to 3. Only provide the numeric and nothing else 

Answer:  ASSISTANT:",10000,2,grade3
1963,"USER: 
 QUESTION: Will these magnets attract or repel each other?
OPTIONS:
0: attract
1: repel

Answer with the correct option from 0 to 1. Only provide the numeric and nothing else 

Answer:  ASSISTANT:",10000,0,grade4
1964,"USER: 
 QUESTION: Which state is highlighted?
OPTIONS:
0: Texas
1: Oklahoma
2: Virginia
3: Georgia

Answer with the correct option from 0 to 3. Only provide the numeric and nothing else 

Answer:  ASSISTANT:",10000,2,grade5
1965,"USER: 
 QUESTION: Which part of the tomato plant makes the seeds?
OPTIONS:
0: the fruit
1: the flowers

Answer with the correct option from 0 to 1. Only provide the numeric and nothing else 

Answer:  ASSISTANT:",10000,1,grade4
1966,"USER: 
 QUESTION: Select the mammal below.
OPTIONS:
0: painted stork
1: red kangaroo

Answer with the correct option from 0 to 1. Only provide the numeric and nothing else 

Answer:  ASSISTANT:",10000,1,grade3
1967,"USER: 
 QUESTION: Which of the following could Kenny's test show?
OPTIONS:
0: if at least 20% of the park would be shaded by trees in each design
1: which design would have the greatest distance between the concert area and the road
2: which design would have the least traffic noise in the concert area

Answer with the correct option from 0 to 2. Only provide the numeric and nothing else 

Answer:  ASSISTANT:",10000,1,grade7
1968,"USER: 
 QUESTION: In this food chain, the amphipod is a consumer. Why?
OPTIONS:
0: It eats another living thing.
1: It makes its own food.

Answer with the correct option from 0 to 1. Only provide the numeric and nothing else 

Answer:  ASSISTANT:",10000,0,grade3
1969,"USER: 
 QUESTION: Select the organism in the same genus as the palmate newt.
OPTIONS:
0: Taricha torosa
1: Ambystoma opacum
2: Lissotriton vulgaris

Answer with the correct option from 0 to 2. Only provide the numeric and nothing else 

Answer:  ASSISTANT:",10000,2,grade4
1970,"USER: 
 QUESTION: What is the expected ratio of offspring with vestigial wings to offspring with normal wings? Choose the most likely ratio.
OPTIONS:
0: 1:3
1: 4:0
2: 3:1
3: 2:2
4: 0:4

Answer with the correct option from 0 to 4. Only provide the numeric and nothing else 

Answer:  ASSISTANT: 200. 20. 20. 20. 20. 20. 20. 20. 20. 20.20.20.20.",2,3,grade8
1971,"USER: 
 QUESTION: What can Ethan and Irma trade to each get what they want?
OPTIONS:
0: Ethan can trade his tomatoes for Irma's sandwich.
1: Irma can trade her almonds for Ethan's tomatoes.
2: Ethan can trade his tomatoes for Irma's broccoli.
3: Irma can trade her broccoli for Ethan's oranges.

Answer with the correct option from 0 to 3. Only provide the numeric and nothing else 

Answer:  ASSISTANT:",10000,2,grade6
1972,"USER: 
 QUESTION: Think about the magnetic force between the magnets in each pair. Which of the following statements is true?
OPTIONS:
0: The magnitude of the magnetic force is smaller in Pair 1.
1: The magnitude of the magnetic force is the same in both pairs.
2: The magnitude of the magnetic force is smaller in Pair 2.

Answer with the correct option from 0 to 2. Only provide the numeric and nothing else 

Answer:  ASSISTANT: 0. 20. 20. 20. 20. 20. 20. 20. 20. 20. 20. 20. 20",0,1,grade5
1973,"USER: 
 QUESTION: What is the capital of Alaska?
OPTIONS:
0: Lexington
1: Sacramento
2: Salt Lake City
3: Juneau

Answer with the correct option from 0 to 3. Only provide the numeric and nothing else 

Answer:  ASSISTANT:",10000,3,grade5
1974,"USER: 
 QUESTION: Complete the statement.
Calcium oxide is ().
OPTIONS:
0: an elementary substance
1: a compound

Answer with the correct option from 0 to 1. Only provide the numeric and nothing else 

Answer:  ASSISTANT: 0000000000000000000000000000000000000000000000000",0,1,grade7
1975,"USER: 
 QUESTION: What type of rock is phyllite?
OPTIONS:
0: igneous
1: sedimentary
2: metamorphic

Answer with the correct option from 0 to 2. Only provide the numeric and nothing else 

Answer:  ASSISTANT:",10000,2,grade7
1976,"USER: 
 QUESTION: What is the capital of Montana?
OPTIONS:
0: Nampa
1: Missoula
2: Honolulu
3: Helena

Answer with the correct option from 0 to 3. Only provide the numeric and nothing else 

Answer:  ASSISTANT:",10000,3,grade3
1977,"USER: 
 QUESTION: Which bird's beak is also adapted to catch fish?
OPTIONS:
0: common kingfisher
1: European robin

Answer with the correct option from 0 to 1. Only provide the numeric and nothing else 

Answer:  ASSISTANT:",10000,0,grade3
1978,"USER: 
 QUESTION: Which continent is highlighted?
OPTIONS:
0: Africa
1: Australia
2: Antarctica
3: Asia

Answer with the correct option from 0 to 3. Only provide the numeric and nothing else 

Answer:  ASSISTANT:",10000,2,grade7
1979,"USER: 
 QUESTION: What is the Steller's jay's scientific name?
OPTIONS:
0: Cyanocitta stelleri
1: Cyanocitta cristata

Answer with the correct option from 0 to 1. Only provide the numeric and nothing else 

Answer:  ASSISTANT:",10000,0,grade4
1980,"USER: 
 QUESTION: Which property matches this object?
OPTIONS:
0: scratchy
1: fragile

Answer with the correct option from 0 to 1. Only provide the numeric and nothing else 

Answer:  ASSISTANT:",10000,1,grade3
1981,"USER: 
 QUESTION: Compare the average kinetic energies of the particles in each sample. Which sample has the higher temperature?
OPTIONS:
0: neither; the samples have the same temperature
1: sample B
2: sample A

Answer with the correct option from 0 to 2. Only provide the numeric and nothing else 

Answer:  ASSISTANT:",10000,2,grade7
1982,"USER: 
 QUESTION: Which material is these shoes made of?
OPTIONS:
0: ceramic
1: rubber

Answer with the correct option from 0 to 1. Only provide the numeric and nothing else 

Answer:  ASSISTANT:",10000,1,grade2
1983,"USER: 
 QUESTION: Which country is highlighted?
OPTIONS:
0: Haiti
1: Cuba
2: the Dominican Republic
3: The Bahamas

Answer with the correct option from 0 to 3. Only provide the numeric and nothing else 

Answer:  ASSISTANT:",10000,0,grade6
1984,"USER: 
 QUESTION: Identify the question that Camilla's experiment can best answer.
OPTIONS:
0: Do the temperatures inside boxes depend on the sizes of the boxes?
1: Do the insides of white boxes get hotter than the insides of black boxes when the boxes are left in the sun?

Answer with the correct option from 0 to 1. Only provide the numeric and nothing else 

Answer:  ASSISTANT: 0000000000000000000000000000000000000000000000000",0,1,grade6
1985,"USER: 
 QUESTION: What is the capital of California?
OPTIONS:
0: Los Angeles
1: Sacramento
2: Olympia
3: Trenton

Answer with the correct option from 0 to 3. Only provide the numeric and nothing else 

Answer:  ASSISTANT:",10000,1,grade5
1986,"USER: 
 QUESTION: Which solution has a higher concentration of blue particles?
OPTIONS:
0: Solution B
1: neither; their concentrations are the same
2: Solution A

Answer with the correct option from 0 to 2. Only provide the numeric and nothing else 

Answer:  ASSISTANT:",10000,0,grade7
1987,"USER: 
 QUESTION: Which month is the wettest on average in Cairo?
OPTIONS:
0: July
1: January
2: September

Answer with the correct option from 0 to 2. Only provide the numeric and nothing else 

Answer:  ASSISTANT:",10000,1,grade4
1988,"USER: 
 QUESTION: Which ocean is highlighted?
OPTIONS:
0: the Pacific Ocean
1: the Southern Ocean
2: the Atlantic Ocean
3: the Indian Ocean

Answer with the correct option from 0 to 3. Only provide the numeric and nothing else 

Answer:  ASSISTANT:",10000,2,grade6
1989,"USER: 
 QUESTION: Think about the magnetic force between the magnets in each pair. Which of the following statements is true?
OPTIONS:
0: The magnitude of the magnetic force is smaller in Pair 1.
1: The magnitude of the magnetic force is smaller in Pair 2.
2: The magnitude of the magnetic force is the same in both pairs.

Answer with the correct option from 0 to 2. Only provide the numeric and nothing else 

Answer:  ASSISTANT: 0.",0,2,grade5
1990,"USER: 
 QUESTION: What is the capital of Delaware?
OPTIONS:
0: Baton Rouge
1: Salem
2: Wilmington
3: Dover

Answer with the correct option from 0 to 3. Only provide the numeric and nothing else 

Answer:  ASSISTANT:",10000,3,grade3
1991,"USER: 
 QUESTION: Identify the question that Sasha's experiment can best answer.
OPTIONS:
0: Do slugs weigh more after eating tomato leaves or broccoli leaves?
1: Do slugs eat more from tomato leaves or broccoli leaves?

Answer with the correct option from 0 to 1. Only provide the numeric and nothing else 

Answer:  ASSISTANT:",10000,1,grade8
1992,"USER: 
 QUESTION: Which term matches the picture?
OPTIONS:
0: filtration
1: centrifugation

Answer with the correct option from 0 to 1. Only provide the numeric and nothing else 

Answer:  ASSISTANT:",10000,0,grade6
1993,"USER: 
 QUESTION: What is the name of the colony shown?
OPTIONS:
0: Virginia
1: Delaware
2: Georgia
3: West Virginia

Answer with the correct option from 0 to 3. Only provide the numeric and nothing else 

Answer:  ASSISTANT:",10000,0,grade8
1994,"USER: 
 QUESTION: What is the capital of Louisiana?
OPTIONS:
0: Atlanta
1: Frankfort
2: New Orleans
3: Baton Rouge

Answer with the correct option from 0 to 3. Only provide the numeric and nothing else 

Answer:  ASSISTANT:",10000,3,grade3
1995,"USER: 
 QUESTION: Which of the following was a dependent variable in this experiment?
OPTIONS:
0: the number of bacteria in a drop of tea
1: the amount of time that the tea sat on the desk

Answer with the correct option from 0 to 1. Only provide the numeric and nothing else 

Answer:  ASSISTANT:",10000,0,grade6
1996,"USER: 
 QUESTION: Complete the sentence.
The mutation in the () affected the structure and function of the ().
OPTIONS:
0: KRT13 gene . . . keratin protein
1: keratin protein . . . KRT13 gene

Answer with the correct option from 0 to 1. Only provide the numeric and nothing else 

Answer:  ASSISTANT: 00.",0,0,grade6
1997,"USER: 
 QUESTION: Which country is highlighted?
OPTIONS:
0: the Dominican Republic
1: Saint Lucia
2: Grenada
3: Dominica

Answer with the correct option from 0 to 3. Only provide the numeric and nothing else 

Answer:  ASSISTANT:",10000,3,grade7
1998,"USER: 
 QUESTION: What is the capital of Nevada?
OPTIONS:
0: Carson City
1: Reno
2: Las Vegas
3: Cheyenne

Answer with the correct option from 0 to 3. Only provide the numeric and nothing else 

Answer:  ASSISTANT:",10000,0,grade4
1999,"USER: 
 QUESTION: Which continent is highlighted?
OPTIONS:
0: Europe
1: Africa
2: Asia
3: North America

Answer with the correct option from 0 to 3. Only provide the numeric and nothing else 

Answer:  ASSISTANT:",10000,1,grade5
2000,"USER: 
 QUESTION: Select the fish below.
OPTIONS:
0: goldfish
1: European green toad

Answer with the correct option from 0 to 1. Only provide the numeric and nothing else 

Answer:  ASSISTANT:",10000,0,grade3
2001,"USER: 
 QUESTION: Which of these states is farthest east?
OPTIONS:
0: Ohio
1: New Jersey
2: Kansas
3: South Carolina

Answer with the correct option from 0 to 3. Only provide the numeric and nothing else 

Answer:  ASSISTANT:",10000,1,grade2
2002,"USER: 
 QUESTION: Which country is highlighted?
OPTIONS:
0: Barbados
1: Saint Kitts and Nevis
2: Jamaica
3: Antigua and Barbuda

Answer with the correct option from 0 to 3. Only provide the numeric and nothing else 

Answer:  ASSISTANT:",10000,3,grade6
2003,"USER: 
 QUESTION: What is the capital of Washington?
OPTIONS:
0: Orlando
1: Spokane
2: Seattle
3: Olympia

Answer with the correct option from 0 to 3. Only provide the numeric and nothing else 

Answer:  ASSISTANT:",10000,3,grade3
2004,"USER: 
 QUESTION: Is the helium in balloons a solid, a liquid, or a gas?
OPTIONS:
0: a gas
1: a liquid
2: a solid

Answer with the correct option from 0 to 2. Only provide the numeric and nothing else 

Answer:  ASSISTANT:",10000,0,grade4
2005,"USER: 
 QUESTION: Think about the magnetic force between the magnets in each pair. Which of the following statements is true?
OPTIONS:
0: The magnitude of the magnetic force is greater in Pair 2.
1: The magnitude of the magnetic force is greater in Pair 1.
2: The magnitude of the magnetic force is the same in both pairs.

Answer with the correct option from 0 to 2. Only provide the numeric and nothing else 

Answer:  ASSISTANT: 0.",0,1,grade6
2006,"USER: 
 QUESTION: What is the capital of Texas?
OPTIONS:
0: Dallas
1: Austin
2: Houston
3: Jefferson City

Answer with the correct option from 0 to 3. Only provide the numeric and nothing else 

Answer:  ASSISTANT:",10000,1,grade3
2007,"USER: 
 QUESTION: Select the mammal below.
OPTIONS:
0: rabbit
1: red-eyed tree frog

Answer with the correct option from 0 to 1. Only provide the numeric and nothing else 

Answer:  ASSISTANT:",10000,0,grade2
2008,"USER: 
 QUESTION: Does this passage describe the weather or the climate?
OPTIONS:
0: weather
1: climate

Answer with the correct option from 0 to 1. Only provide the numeric and nothing else 

Answer:  ASSISTANT:",10000,0,grade4
2009,"USER: 
 QUESTION: Which state is highlighted?
OPTIONS:
0: Ohio
1: Indiana
2: Michigan
3: Iowa

Answer with the correct option from 0 to 3. Only provide the numeric and nothing else 

Answer:  ASSISTANT:",10000,0,grade5
2010,"USER: 
 QUESTION: Is chocolate syrup a solid, a liquid, or a gas?
OPTIONS:
0: a gas
1: a liquid
2: a solid

Answer with the correct option from 0 to 2. Only provide the numeric and nothing else 

Answer:  ASSISTANT:",10000,1,grade3
2011,"USER: 
 QUESTION: Which country is highlighted?
OPTIONS:
0: Antigua and Barbuda
1: Saint Kitts and Nevis
2: Grenada
3: Saint Lucia

Answer with the correct option from 0 to 3. Only provide the numeric and nothing else 

Answer:  ASSISTANT:",10000,1,grade7
2012,"USER: 
 QUESTION: Which continent is highlighted?
OPTIONS:
0: North America
1: South America
2: Antarctica
3: Australia

Answer with the correct option from 0 to 3. Only provide the numeric and nothing else 

Answer:  ASSISTANT:",10000,0,grade3
2013,"USER: 
 QUESTION: Which continent is highlighted?
OPTIONS:
0: Africa
1: South America
2: North America
3: Asia

Answer with the correct option from 0 to 3. Only provide the numeric and nothing else 

Answer:  ASSISTANT:",10000,1,grade5
2014,"USER: 
 QUESTION: Which of these states is farthest west?
OPTIONS:
0: Alabama
1: Illinois
2: South Carolina
3: Connecticut

Answer with the correct option from 0 to 3. Only provide the numeric and nothing else 

Answer:  ASSISTANT:",10000,1,grade3
2015,"USER: 
 QUESTION: Which continent is highlighted?
OPTIONS:
0: Asia
1: Europe
2: Australia
3: North America

Answer with the correct option from 0 to 3. Only provide the numeric and nothing else 

Answer:  ASSISTANT:",10000,1,grade5
2016,"USER: 
 QUESTION: What is the direction of this push?
OPTIONS:
0: away from the bulldozer
1: toward the bulldozer

Answer with the correct option from 0 to 1. Only provide the numeric and nothing else 

Answer:  ASSISTANT:",10000,0,grade4
