,output,prediction,gold_reference,tag
0,"USER: 
 QUESTION: How many blue floats are there?
OPTIONS:
0: 0
1: 3
2: 2
3: 1

Answer with the correct option from 0 to 3. Only provide the numeric and nothing else 


Answer:  ASSISTANT:",10000,3,Counting
1,"USER: 
 QUESTION: How many black toilets are there?
OPTIONS:
0: 3
1: 1
2: 2
3: 0

Answer with the correct option from 0 to 3. Only provide the numeric and nothing else 


Answer:  ASSISTANT:",10000,3,Counting
2,"USER: 
 QUESTION: How many tvs are hung up on the wall?
OPTIONS:
0: 1
1: 0
2: 2
3: 3

Answer with the correct option from 0 to 3. Only provide the numeric and nothing else 


Answer:  ASSISTANT: 0000000000000000000000000000000000000000000000000",0,1,Counting
3,"USER: 
 QUESTION: How many people are in purple?
OPTIONS:
0: 0
1: 1
2: 3
3: 2

Answer with the correct option from 0 to 3. Only provide the numeric and nothing else 


Answer:  ASSISTANT:",10000,1,Counting
4,"USER: 
 QUESTION: How many colored tiles are above the sink?
OPTIONS:
0: 6
1: 3
2: 4
3: 5

Answer with the correct option from 0 to 3. Only provide the numeric and nothing else 


Answer:  ASSISTANT: 0000000000000000000000000000000000000000000000000",0,0,Counting
5,"USER: 
 QUESTION: How many big nuts are in the green bowl?
OPTIONS:
0: 3
1: 5
2: 2
3: 4

Answer with the correct option from 0 to 3. Only provide the numeric and nothing else 


Answer:  ASSISTANT: 0000000000000000000000000000000000000000000000000",0,0,Counting
6,"USER: 
 QUESTION: How many baseball players are looking towards the camera?
OPTIONS:
0: 3
1: 2
2: 1
3: 0

Answer with the correct option from 0 to 3. Only provide the numeric and nothing else 


Answer:  ASSISTANT: 0000000000000000000000000000000000000000000000000",0,2,Counting
7,"USER: 
 QUESTION: How many people are wearing red shirt?
OPTIONS:
0: 0
1: 1
2: 3
3: 2

Answer with the correct option from 0 to 3. Only provide the numeric and nothing else 


Answer:  ASSISTANT: 0000000000000000000000000000000000000000000000000",0,1,Counting
8,"USER: 
 QUESTION: How many black suitcases are pulled in the image?
OPTIONS:
0: 2
1: 4
2: 1
3: 3

Answer with the correct option from 0 to 3. Only provide the numeric and nothing else 


Answer:  ASSISTANT: 0000000000000000000000000000000000000000000000000",0,0,Counting
9,"USER: 
 QUESTION: How many tall buildings have a flat top?
OPTIONS:
0: 2
1: 1
2: 0
3: 3

Answer with the correct option from 0 to 3. Only provide the numeric and nothing else 


Answer:  ASSISTANT:",10000,2,Counting
10,"USER: 
 QUESTION: How many people are eating food?
OPTIONS:
0: 1
1: 0
2: 3
3: 2

Answer with the correct option from 0 to 3. Only provide the numeric and nothing else 


Answer:  ASSISTANT:",10000,1,Counting
11,"USER: 
 QUESTION: How many glasses are filled with water?
OPTIONS:
0: 5
1: 3
2: 4
3: 2

Answer with the correct option from 0 to 3. Only provide the numeric and nothing else 


Answer:  ASSISTANT:",10000,1,Counting
12,"USER: 
 QUESTION: How many people are wearing hat?
OPTIONS:
0: 1
1: 3
2: 0
3: 2

Answer with the correct option from 0 to 3. Only provide the numeric and nothing else 


Answer:  ASSISTANT:",10000,0,Counting
13,"USER: 
 QUESTION: How many motors near the wood horse?
OPTIONS:
0: 1
1: 0
2: 3
3: 2

Answer with the correct option from 0 to 3. Only provide the numeric and nothing else 


Answer:  ASSISTANT:",10000,1,Counting
14,"USER: 
 QUESTION: How many people are wearing glasses?
OPTIONS:
0: 3
1: 2
2: 0
3: 1

Answer with the correct option from 0 to 3. Only provide the numeric and nothing else 


Answer:  ASSISTANT:",10000,3,Counting
15,"USER: 
 QUESTION: How many kids are infront of the yellow schoolbus?
OPTIONS:
0: 5
1: 4
2: 3
3: 6

Answer with the correct option from 0 to 3. Only provide the numeric and nothing else 


Answer:  ASSISTANT: 0000000000000000000000000000000000000000000000000",0,1,Counting
16,"USER: 
 QUESTION: How many people are wearing a red coat?
OPTIONS:
0: 3
1: 2
2: 1
3: 0

Answer with the correct option from 0 to 3. Only provide the numeric and nothing else 


Answer:  ASSISTANT: 0000000000000000000000000000000000000000000000000",0,2,Counting
17,"USER: 
 QUESTION: How many fingers are in front of the bathtub?
OPTIONS:
0: 4
1: 3
2: 2
3: 5

Answer with the correct option from 0 to 3. Only provide the numeric and nothing else 


Answer:  ASSISTANT:",10000,1,Counting
18,"USER: 
 QUESTION: How many green tiles are on the wall?
OPTIONS:
0: 6
1: 4
2: 5
3: 3

Answer with the correct option from 0 to 3. Only provide the numeric and nothing else 


Answer:  ASSISTANT: 0000000000000000000000000000000000000000000000000",0,0,Counting
19,"USER: 
 QUESTION: How many toilets are to the left of the basins?
OPTIONS:
0: 6
1: 3
2: 4
3: 5

Answer with the correct option from 0 to 3. Only provide the numeric and nothing else 


Answer:  ASSISTANT:",10000,0,Counting
20,"USER: 
 QUESTION: How many red buses are there?
OPTIONS:
0: 1
1: 2
2: 0
3: 3

Answer with the correct option from 0 to 3. Only provide the numeric and nothing else 


Answer:  ASSISTANT:",10000,0,Counting
21,"USER: 
 QUESTION: How many people are drinking water?
OPTIONS:
0: 1
1: 3
2: 0
3: 2

Answer with the correct option from 0 to 3. Only provide the numeric and nothing else 


Answer:  ASSISTANT:",10000,2,Counting
22,"USER: 
 QUESTION: How many bananas are on the plate?
OPTIONS:
0: 3
1: 4
2: 6
3: 5

Answer with the correct option from 0 to 3. Only provide the numeric and nothing else 


Answer:  ASSISTANT:",10000,2,Counting
23,"USER: 
 QUESTION: How many windows are on the front and not the sides of the bus?
OPTIONS:
0: 4
1: 2
2: 3
3: 1

Answer with the correct option from 0 to 3. Only provide the numeric and nothing else 


Answer:  ASSISTANT:",10000,1,Counting
24,"USER: 
 QUESTION: How many slices of tomatoes are on the plate?
OPTIONS:
0: 4
1: 2
2: 3
3: 1

Answer with the correct option from 0 to 3. Only provide the numeric and nothing else 


Answer:  ASSISTANT: 0000000000000000000000000000000000000000000000000",0,1,Counting
25,"USER: 
 QUESTION: How many yellow buses are there?
OPTIONS:
0: 2
1: 0
2: 1
3: 3

Answer with the correct option from 0 to 3. Only provide the numeric and nothing else 


Answer:  ASSISTANT:",10000,1,Counting
26,"USER: 
 QUESTION: How many people are laying down?
OPTIONS:
0: 2
1: 1
2: 3
3: 0

Answer with the correct option from 0 to 3. Only provide the numeric and nothing else 


Answer:  ASSISTANT:",10000,1,Counting
27,"USER: 
 QUESTION: How many people are sitting on the bed?
OPTIONS:
0: 3
1: 1
2: 2
3: 0

Answer with the correct option from 0 to 3. Only provide the numeric and nothing else 


Answer:  ASSISTANT:",10000,1,Counting
28,"USER: 
 QUESTION: How many red cars are there?
OPTIONS:
0: 1
1: 2
2: 3
3: 0

Answer with the correct option from 0 to 3. Only provide the numeric and nothing else 


Answer:  ASSISTANT:",10000,3,Counting
29,"USER: 
 QUESTION: How many people are wearing a green jacket?
OPTIONS:
0: 3
1: 2
2: 0
3: 1

Answer with the correct option from 0 to 3. Only provide the numeric and nothing else 


Answer:  ASSISTANT: 0000000000000000000000000000000000000000000000000",0,2,Counting
30,"USER: 
 QUESTION: How many green train carts are in the picture?
OPTIONS:
0: 1
1: 0
2: 3
3: 2

Answer with the correct option from 0 to 3. Only provide the numeric and nothing else 


Answer:  ASSISTANT: 0000000000000000000000000000000000000000000000000",0,0,Counting
31,"USER: 
 QUESTION: How many green frogs are under the table?
OPTIONS:
0: 0
1: 2
2: 3
3: 1

Answer with the correct option from 0 to 3. Only provide the numeric and nothing else 


Answer:  ASSISTANT: 0000000000000000000000000000000000000000000000000",0,0,Counting
32,"USER: 
 QUESTION: How many white pillows are in this image?
OPTIONS:
0: 5
1: 3
2: 4
3: 6

Answer with the correct option from 0 to 3. Only provide the numeric and nothing else 


Answer:  ASSISTANT: 0000000000000000000000000000000000000000000000000",0,2,Counting
33,"USER: 
 QUESTION: How many ""one way"" signs are pointing to the left in the image?
OPTIONS:
0: 3
1: 5
2: 2
3: 4

Answer with the correct option from 0 to 3. Only provide the numeric and nothing else 


Answer:  ASSISTANT:",10000,0,Counting
34,"USER: 
 QUESTION: How many kids are sitting on the bench in the image?
OPTIONS:
0: 5
1: 6
2: 3
3: 4

Answer with the correct option from 0 to 3. Only provide the numeric and nothing else 


Answer:  ASSISTANT:",10000,3,Counting
35,"USER: 
 QUESTION: How many wooden beams are on top of the person?
OPTIONS:
0: 6
1: 5
2: 3
3: 4

Answer with the correct option from 0 to 3. Only provide the numeric and nothing else 


Answer:  ASSISTANT: 0000000000000000000000000000000000000000000000000",0,1,Counting
36,"USER: 
 QUESTION: How many people are wearing a white uniform?
OPTIONS:
0: 3
1: 2
2: 0
3: 1

Answer with the correct option from 0 to 3. Only provide the numeric and nothing else 


Answer:  ASSISTANT:",10000,3,Counting
37,"USER: 
 QUESTION: How many blue collars are in this photo?
OPTIONS:
0: 1
1: 2
2: 3
3: 0

Answer with the correct option from 0 to 3. Only provide the numeric and nothing else 


Answer:  ASSISTANT: 0000000000000000000000000000000000000000000000000",0,0,Counting
38,"USER: 
 QUESTION: How many blue buses are there?
OPTIONS:
0: 0
1: 1
2: 3
3: 2

Answer with the correct option from 0 to 3. Only provide the numeric and nothing else 


Answer:  ASSISTANT:",10000,1,Counting
39,"USER: 
 QUESTION: How many skiers are wearing red?
OPTIONS:
0: 2
1: 3
2: 0
3: 1

Answer with the correct option from 0 to 3. Only provide the numeric and nothing else 


Answer:  ASSISTANT: 0000000000000000000000000000000000000000000000000",0,2,Counting
40,"USER: 
 QUESTION: How many parking meters are there in the garden?
OPTIONS:
0: 2
1: 0
2: 1
3: 3

Answer with the correct option from 0 to 3. Only provide the numeric and nothing else 


Answer:  ASSISTANT: 0000000000000000000000000000000000000000000000000",0,2,Counting
41,"USER: 
 QUESTION: How many flower pots have flowers in them?
OPTIONS:
0: 5
1: 4
2: 6
3: 3

Answer with the correct option from 0 to 3. Only provide the numeric and nothing else 


Answer:  ASSISTANT: 0000000000000000000000000000000000000000000000000",0,2,Counting
42,"USER: 
 QUESTION: How many elephants have their trunks in the water?
OPTIONS:
0: 3
1: 1
2: 0
3: 2

Answer with the correct option from 0 to 3. Only provide the numeric and nothing else 


Answer:  ASSISTANT: 0000000000000000000000000000000000000000000000000",0,1,Counting
43,"USER: 
 QUESTION: How many skiers are doing a flip?
OPTIONS:
0: 0
1: 1
2: 3
3: 2

Answer with the correct option from 0 to 3. Only provide the numeric and nothing else 


Answer:  ASSISTANT:",10000,0,Counting
44,"USER: 
 QUESTION: How many motors are driving near the bus?
OPTIONS:
0: 0
1: 2
2: 3
3: 1

Answer with the correct option from 0 to 3. Only provide the numeric and nothing else 


Answer:  ASSISTANT:",10000,0,Counting
45,"USER: 
 QUESTION: How many blue circles are on this building?
OPTIONS:
0: 0
1: 3
2: 2
3: 1

Answer with the correct option from 0 to 3. Only provide the numeric and nothing else 


Answer:  ASSISTANT:",10000,3,Counting
46,"USER: 
 QUESTION: How many people are reading book?
OPTIONS:
0: 1
1: 3
2: 2
3: 0

Answer with the correct option from 0 to 3. Only provide the numeric and nothing else 


Answer:  ASSISTANT:",10000,3,Counting
47,"USER: 
 QUESTION: How many toilets have lids?
OPTIONS:
0: 4
1: 1
2: 3
3: 2

Answer with the correct option from 0 to 3. Only provide the numeric and nothing else 


Answer:  ASSISTANT:",10000,3,Counting
48,"USER: 
 QUESTION: How many people are standing in the picture?
OPTIONS:
0: 2
1: 4
2: 1
3: 3

Answer with the correct option from 0 to 3. Only provide the numeric and nothing else 


Answer:  ASSISTANT:",10000,0,Counting
49,"USER: 
 QUESTION: How many blue towels are in the picture?
OPTIONS:
0: 3
1: 0
2: 2
3: 1

Answer with the correct option from 0 to 3. Only provide the numeric and nothing else 


Answer:  ASSISTANT:",10000,3,Counting
50,"USER: 
 QUESTION: How many people are eating sandwich?
OPTIONS:
0: 3
1: 2
2: 0
3: 1

Answer with the correct option from 0 to 3. Only provide the numeric and nothing else 


Answer:  ASSISTANT:",10000,2,Counting
51,"USER: 
 QUESTION: How many red motorcycles are in the picture?
OPTIONS:
0: 2
1: 1
2: 0
3: 3

Answer with the correct option from 0 to 3. Only provide the numeric and nothing else 


Answer:  ASSISTANT: 0000000000000000000000000000000000000000000000000",0,1,Counting
52,"USER: 
 QUESTION: How many clear bottles of wine are on the table?
OPTIONS:
0: 1
1: 3
2: 2
3: 0

Answer with the correct option from 0 to 3. Only provide the numeric and nothing else 


Answer:  ASSISTANT: 0000000000000000000000000000000000000000000000000",0,0,Counting
53,"USER: 
 QUESTION: How many knobs are on the stove?
OPTIONS:
0: 5
1: 4
2: 6
3: 3

Answer with the correct option from 0 to 3. Only provide the numeric and nothing else 


Answer:  ASSISTANT: 0000000000000000000000000000000000000000000000000",0,2,Counting
54,"USER: 
 QUESTION: How many pieces of chicken nuggets are there?
OPTIONS:
0: 5
1: 6
2: 3
3: 4

Answer with the correct option from 0 to 3. Only provide the numeric and nothing else 


Answer:  ASSISTANT: 0000000000000000000000000000000000000000000000000",0,3,Counting
55,"USER: 
 QUESTION: How many candlights are to the right of the television?
OPTIONS:
0: 2
1: 5
2: 4
3: 3

Answer with the correct option from 0 to 3. Only provide the numeric and nothing else 


Answer:  ASSISTANT:",10000,3,Counting
56,"USER: 
 QUESTION: How many players are wearing face guards in the image?
OPTIONS:
0: 1
1: 4
2: 3
3: 2

Answer with the correct option from 0 to 3. Only provide the numeric and nothing else 


Answer:  ASSISTANT: 0000000000000000000000000000000000000000000000000",0,3,Counting
57,"USER: 
 QUESTION: How many drive wheels are on the engine?
OPTIONS:
0: 5
1: 4
2: 2
3: 3

Answer with the correct option from 0 to 3. Only provide the numeric and nothing else 


Answer:  ASSISTANT:",10000,3,Counting
58,"USER: 
 QUESTION: How many people are wearing white hats?
OPTIONS:
0: 5
1: 6
2: 4
3: 3

Answer with the correct option from 0 to 3. Only provide the numeric and nothing else 


Answer:  ASSISTANT: 0000000000000000000000000000000000000000000000000",0,2,Counting
59,"USER: 
 QUESTION: How many plates are holding sandwiches?
OPTIONS:
0: 2
1: 4
2: 5
3: 3

Answer with the correct option from 0 to 3. Only provide the numeric and nothing else 


Answer:  ASSISTANT: 0000000000000000000000000000000000000000000000000",0,3,Counting
60,"USER: 
 QUESTION: How many people are sitting near motor?
OPTIONS:
0: 1
1: 3
2: 0
3: 2

Answer with the correct option from 0 to 3. Only provide the numeric and nothing else 


Answer:  ASSISTANT:",10000,2,Counting
61,"USER: 
 QUESTION: How many men are looking through a camera?
OPTIONS:
0: 2
1: 0
2: 3
3: 1

Answer with the correct option from 0 to 3. Only provide the numeric and nothing else 


Answer:  ASSISTANT:",10000,3,Counting
62,"USER: 
 QUESTION: How many cows are on the train?
OPTIONS:
0: 3
1: 1
2: 2
3: 0

Answer with the correct option from 0 to 3. Only provide the numeric and nothing else 


Answer:  ASSISTANT:",10000,3,Counting
63,"USER: 
 QUESTION: How many burners are on the stove?
OPTIONS:
0: 5
1: 4
2: 3
3: 6

Answer with the correct option from 0 to 3. Only provide the numeric and nothing else 


Answer:  ASSISTANT: 0000000000000000000000000000000000000000000000000",0,1,Counting
64,"USER: 
 QUESTION: How many red letters are on the front of the train?
OPTIONS:
0: 6
1: 3
2: 5
3: 4

Answer with the correct option from 0 to 3. Only provide the numeric and nothing else 


Answer:  ASSISTANT:",10000,2,Counting
65,"USER: 
 QUESTION: How many gloves on the woman's hands are showing more than one color?
OPTIONS:
0: 3
1: 1
2: 0
3: 2

Answer with the correct option from 0 to 3. Only provide the numeric and nothing else 


Answer:  ASSISTANT:",10000,1,Counting
66,"USER: 
 QUESTION: How many white umbrellas are there on the left side?
OPTIONS:
0: 2
1: 5
2: 4
3: 3

Answer with the correct option from 0 to 3. Only provide the numeric and nothing else 


Answer:  ASSISTANT:",10000,3,Counting
67,"USER: 
 QUESTION: How many people are holding a baseball bat?
OPTIONS:
0: 2
1: 0
2: 3
3: 1

Answer with the correct option from 0 to 3. Only provide the numeric and nothing else 


Answer:  ASSISTANT:",10000,3,Counting
68,"USER: 
 QUESTION: How many of the glowing letters in the image are common vowels?
OPTIONS:
0: 5
1: 4
2: 3
3: 6

Answer with the correct option from 0 to 3. Only provide the numeric and nothing else 


Answer:  ASSISTANT:",10000,1,Counting
69,"USER: 
 QUESTION: How many doors with red line are on the train?
OPTIONS:
0: 2
1: 4
2: 3
3: 1

Answer with the correct option from 0 to 3. Only provide the numeric and nothing else 


Answer:  ASSISTANT:",10000,0,Counting
70,"USER: 
 QUESTION: How many yellow stars are on a colorful bridge?
OPTIONS:
0: 4
1: 3
2: 2
3: 1

Answer with the correct option from 0 to 3. Only provide the numeric and nothing else 


Answer:  ASSISTANT: 0000000000000000000000000000000000000000000000000",0,2,Counting
71,"USER: 
 QUESTION: How many purple planes are there?
OPTIONS:
0: 1
1: 2
2: 0
3: 3

Answer with the correct option from 0 to 3. Only provide the numeric and nothing else 


Answer:  ASSISTANT: 0000000000000000000000000000000000000000000000000",0,2,Counting
72,"USER: 
 QUESTION: How many elephants are in the water?
OPTIONS:
0: 3
1: 2
2: 1
3: 4

Answer with the correct option from 0 to 3. Only provide the numeric and nothing else 


Answer:  ASSISTANT:",10000,1,Counting
73,"USER: 
 QUESTION: How many of the glasses are empty?
OPTIONS:
0: 0
1: 2
2: 3
3: 1

Answer with the correct option from 0 to 3. Only provide the numeric and nothing else 


Answer:  ASSISTANT:",10000,3,Counting
74,"USER: 
 QUESTION: How many people are reflected in the mirror?
OPTIONS:
0: 2
1: 1
2: 3
3: 4

Answer with the correct option from 0 to 3. Only provide the numeric and nothing else 


Answer:  ASSISTANT:",10000,0,Counting
75,"USER: 
 QUESTION: How many people ski on the mountain?
OPTIONS:
0: 2
1: 3
2: 1
3: 0

Answer with the correct option from 0 to 3. Only provide the numeric and nothing else 


Answer:  ASSISTANT:",10000,2,Counting
76,"USER: 
 QUESTION: How many people are wearing suit?
OPTIONS:
0: 3
1: 1
2: 0
3: 2

Answer with the correct option from 0 to 3. Only provide the numeric and nothing else 


Answer:  ASSISTANT:",10000,1,Counting
77,"USER: 
 QUESTION: How many people are climbing on the wall?
OPTIONS:
0: 1
1: 3
2: 0
3: 2

Answer with the correct option from 0 to 3. Only provide the numeric and nothing else 


Answer:  ASSISTANT: 0000000000000000000000000000000000000000000000000",0,2,Counting
78,"USER: 
 QUESTION: How many of the letters printed on the climber's snowboard are consonants?
OPTIONS:
0: 2
1: 5
2: 4
3: 3

Answer with the correct option from 0 to 3. Only provide the numeric and nothing else 


Answer:  ASSISTANT:",10000,3,Counting
79,"USER: 
 QUESTION: How many empty blue seats are in the picture?
OPTIONS:
0: 3
1: 5
2: 2
3: 4

Answer with the correct option from 0 to 3. Only provide the numeric and nothing else 


Answer:  ASSISTANT:",10000,0,Counting
80,"USER: 
 QUESTION: How many players are wearing red shirts?
OPTIONS:
0: 1
1: 4
2: 2
3: 3

Answer with the correct option from 0 to 3. Only provide the numeric and nothing else 


Answer:  ASSISTANT: 0000000000000000000000000000000000000000000000000",0,2,Counting
81,"USER: 
 QUESTION: How many people are in the water?
OPTIONS:
0: 4
1: 3
2: 5
3: 6

Answer with the correct option from 0 to 3. Only provide the numeric and nothing else 


Answer:  ASSISTANT:",10000,0,Counting
82,"USER: 
 QUESTION: How many person in the images is wearing cap?
OPTIONS:
0: 4
1: 5
2: 3
3: 2

Answer with the correct option from 0 to 3. Only provide the numeric and nothing else 


Answer:  ASSISTANT: 0000000000000000000000000000000000000000000000000",0,2,Counting
83,"USER: 
 QUESTION: How many people are wearing a white hat?
OPTIONS:
0: 4
1: 3
2: 5
3: 6

Answer with the correct option from 0 to 3. Only provide the numeric and nothing else 


Answer:  ASSISTANT:",10000,0,Counting
84,"USER: 
 QUESTION: How many telephone poles are to the right of the truck?
OPTIONS:
0: 5
1: 2
2: 4
3: 3

Answer with the correct option from 0 to 3. Only provide the numeric and nothing else 


Answer:  ASSISTANT:",10000,3,Counting
85,"USER: 
 QUESTION: How many banners do you see in the awning?
OPTIONS:
0: 6
1: 5
2: 3
3: 4

Answer with the correct option from 0 to 3. Only provide the numeric and nothing else 


Answer:  ASSISTANT: 0000000000000000000000000000000000000000000000000",0,0,Counting
86,"USER: 
 QUESTION: How many people are eating apples?
OPTIONS:
0: 0
1: 1
2: 3
3: 2

Answer with the correct option from 0 to 3. Only provide the numeric and nothing else 


Answer:  ASSISTANT:",10000,0,Counting
87,"USER: 
 QUESTION: How many of the bears are yellow?
OPTIONS:
0: 4
1: 3
2: 5
3: 6

Answer with the correct option from 0 to 3. Only provide the numeric and nothing else 


Answer:  ASSISTANT:",10000,2,Counting
88,"USER: 
 QUESTION: How many plates on the counter?
OPTIONS:
0: 4
1: 5
2: 3
3: 6

Answer with the correct option from 0 to 3. Only provide the numeric and nothing else 


Answer:  ASSISTANT:",10000,0,Counting
89,"USER: 
 QUESTION: How many signs have black letters?
OPTIONS:
0: 2
1: 1
2: 4
3: 3

Answer with the correct option from 0 to 3. Only provide the numeric and nothing else 


Answer:  ASSISTANT:",10000,0,Counting
90,"USER: 
 QUESTION: How many words on the sign in this image have the letter ""i"" in them?
OPTIONS:
0: 4
1: 3
2: 5
3: 2

Answer with the correct option from 0 to 3. Only provide the numeric and nothing else 


Answer:  ASSISTANT:",10000,1,Counting
91,"USER: 
 QUESTION: How many people are carrying tennis rackets?
OPTIONS:
0: 1
1: 4
2: 2
3: 3

Answer with the correct option from 0 to 3. Only provide the numeric and nothing else 


Answer:  ASSISTANT:",10000,2,Counting
92,"USER: 
 QUESTION: How many people are washing hand?
OPTIONS:
0: 1
1: 3
2: 2
3: 0

Answer with the correct option from 0 to 3. Only provide the numeric and nothing else 


Answer:  ASSISTANT:",10000,3,Counting
93,"USER: 
 QUESTION: How many people are driving white motor on the street?
OPTIONS:
0: 1
1: 3
2: 0
3: 2

Answer with the correct option from 0 to 3. Only provide the numeric and nothing else 


Answer:  ASSISTANT:",10000,2,Counting
94,"USER: 
 QUESTION: How many people without hats are there?
OPTIONS:
0: 0
1: 3
2: 1
3: 2

Answer with the correct option from 0 to 3. Only provide the numeric and nothing else 


Answer:  ASSISTANT:",10000,0,Counting
95,"USER: 
 QUESTION: How many sinking boats are there?
OPTIONS:
0: 3
1: 2
2: 1
3: 0

Answer with the correct option from 0 to 3. Only provide the numeric and nothing else 


Answer:  ASSISTANT:",10000,3,Counting
96,"USER: 
 QUESTION: How many people in this image are wearing solid red shirts?
OPTIONS:
0: 2
1: 5
2: 3
3: 4

Answer with the correct option from 0 to 3. Only provide the numeric and nothing else 


Answer:  ASSISTANT: 0000000000000000000000000000000000000000000000000",0,2,Counting
97,"USER: 
 QUESTION: How many trains are stopped at a station?
OPTIONS:
0: 2
1: 1
2: 3
3: 0

Answer with the correct option from 0 to 3. Only provide the numeric and nothing else 


Answer:  ASSISTANT:",10000,3,Counting
98,"USER: 
 QUESTION: How many people are driving red car front of the train?
OPTIONS:
0: 0
1: 1
2: 3
3: 2

Answer with the correct option from 0 to 3. Only provide the numeric and nothing else 


Answer:  ASSISTANT:",10000,0,Counting
99,"USER: 
 QUESTION: How many white fridges are there in the image ?
OPTIONS:
0: 3
1: 2
2: 0
3: 1

Answer with the correct option from 0 to 3. Only provide the numeric and nothing else 


Answer:  ASSISTANT: 0000000000000000000000000000000000000000000000000",0,3,Counting
100,"USER: 
 QUESTION: How many red buildings are there?
OPTIONS:
0: 3
1: 0
2: 1
3: 2

Answer with the correct option from 0 to 3. Only provide the numeric and nothing else 


Answer:  ASSISTANT:",10000,1,Counting
101,"USER: 
 QUESTION: How many people are wearing blue shirt?
OPTIONS:
0: 2
1: 4
2: 3
3: 1

Answer with the correct option from 0 to 3. Only provide the numeric and nothing else 


Answer:  ASSISTANT: 0000000000000000000000000000000000000000000000000",0,0,Counting
102,"USER: 
 QUESTION: How many people are wearing yellow jacket?
OPTIONS:
0: 3
1: 0
2: 1
3: 2

Answer with the correct option from 0 to 3. Only provide the numeric and nothing else 


Answer:  ASSISTANT: 0000000000000000000000000000000000000000000000000",0,2,Counting
103,"USER: 
 QUESTION: How many signs have faces on them?
OPTIONS:
0: 2
1: 3
2: 4
3: 1

Answer with the correct option from 0 to 3. Only provide the numeric and nothing else 


Answer:  ASSISTANT:",10000,0,Counting
104,"USER: 
 QUESTION: How many signs with arrows are in the picture?
OPTIONS:
0: 4
1: 1
2: 2
3: 3

Answer with the correct option from 0 to 3. Only provide the numeric and nothing else 


Answer:  ASSISTANT:",10000,2,Counting
105,"USER: 
 QUESTION: How many white vertical lines are drawn on the ground?
OPTIONS:
0: 3
1: 6
2: 5
3: 4

Answer with the correct option from 0 to 3. Only provide the numeric and nothing else 


Answer:  ASSISTANT: 0000000000000000000000000000000000000000000000000",0,2,Counting
106,"USER: 
 QUESTION: How many people are sitting in the image?
OPTIONS:
0: 5
1: 4
2: 3
3: 2

Answer with the correct option from 0 to 3. Only provide the numeric and nothing else 


Answer:  ASSISTANT:",10000,2,Counting
107,"USER: 
 QUESTION: How many words written in white chalk are on the chalkboard?
OPTIONS:
0: 2
1: 4
2: 3
3: 5

Answer with the correct option from 0 to 3. Only provide the numeric and nothing else 


Answer:  ASSISTANT:",10000,2,Counting
108,"USER: 
 QUESTION: How many people are wearing glasses?
OPTIONS:
0: 2
1: 1
2: 3
3: 0

Answer with the correct option from 0 to 3. Only provide the numeric and nothing else 


Answer:  ASSISTANT:",10000,1,Counting
109,"USER: 
 QUESTION: How many red bikes are in the picture?
OPTIONS:
0: 4
1: 2
2: 3
3: 1

Answer with the correct option from 0 to 3. Only provide the numeric and nothing else 


Answer:  ASSISTANT:",10000,1,Counting
110,"USER: 
 QUESTION: How many tigers are running near the sheep?
OPTIONS:
0: 1
1: 2
2: 3
3: 0

Answer with the correct option from 0 to 3. Only provide the numeric and nothing else 


Answer:  ASSISTANT: 0000000000000000000000000000000000000000000000000",0,3,Counting
111,"USER: 
 QUESTION: How many bottles are on the round table at the bottom of the photo?
OPTIONS:
0: 1
1: 2
2: 3
3: 4

Answer with the correct option from 0 to 3. Only provide the numeric and nothing else 


Answer:  ASSISTANT:",10000,1,Counting
112,"USER: 
 QUESTION: How many of the cars a black?
OPTIONS:
0: 2
1: 1
2: 0
3: 3

Answer with the correct option from 0 to 3. Only provide the numeric and nothing else 


Answer:  ASSISTANT:",10000,1,Counting
113,"USER: 
 QUESTION: How many people are standing near the right of the giraffe ?
OPTIONS:
0: 0
1: 1
2: 2
3: 3

Answer with the correct option from 0 to 3. Only provide the numeric and nothing else 


Answer:  ASSISTANT:",10000,0,Counting
114,"USER: 
 QUESTION: How many birds are facing the right of frame?
OPTIONS:
0: 3
1: 2
2: 0
3: 1

Answer with the correct option from 0 to 3. Only provide the numeric and nothing else 


Answer:  ASSISTANT:",10000,3,Counting
115,"USER: 
 QUESTION: How many people are playing in tennis?
OPTIONS:
0: 4
1: 5
2: 6
3: 3

Answer with the correct option from 0 to 3. Only provide the numeric and nothing else 


Answer:  ASSISTANT:",10000,0,Counting
116,"USER: 
 QUESTION: How many yellow cars are in the picture?
OPTIONS:
0: 0
1: 3
2: 2
3: 1

Answer with the correct option from 0 to 3. Only provide the numeric and nothing else 


Answer:  ASSISTANT:",10000,3,Counting
117,"USER: 
 QUESTION: How many people are not wearing a blue hat?
OPTIONS:
0: 2
1: 3
2: 0
3: 1

Answer with the correct option from 0 to 3. Only provide the numeric and nothing else 


Answer:  ASSISTANT: 0000000000000000000000000000000000000000000000000",0,3,Counting
118,"USER: 
 QUESTION: How many people are wearing yellow shirt?
OPTIONS:
0: 1
1: 3
2: 0
3: 2

Answer with the correct option from 0 to 3. Only provide the numeric and nothing else 


Answer:  ASSISTANT: 0000000000000000000000000000000000000000000000000",0,2,Counting
119,"USER: 
 QUESTION: How many small signs say ""kumquat"" on them?
OPTIONS:
0: 1
1: 3
2: 2
3: 0

Answer with the correct option from 0 to 3. Only provide the numeric and nothing else 


Answer:  ASSISTANT:",10000,0,Counting
120,"USER: 
 QUESTION: Which one picture follows the same pattern or rule established by the previous pictures?
OPTIONS:
0: Picture A
1: Picture B
2: Picture C
3: Picture D

Answer with the correct option from 0 to 3. Only provide the numeric and nothing else 


Answer:  ASSISTANT:",10000,2,IQ Test
121,"USER: 
 QUESTION: Which one picture follows the same pattern or rule established by the previous pictures?
OPTIONS:
0: Picture A
1: Picture B
2: Picture C
3: Picture D

Answer with the correct option from 0 to 3. Only provide the numeric and nothing else 


Answer:  ASSISTANT:",10000,3,IQ Test
122,"USER: 
 QUESTION: Which one picture follows the same pattern or rule established by the previous pictures?
OPTIONS:
0: Picture A
1: Picture B
2: Picture C
3: Picture D

Answer with the correct option from 0 to 3. Only provide the numeric and nothing else 


Answer:  ASSISTANT:",10000,0,IQ Test
123,"USER: 
 QUESTION: Which one picture follows the same pattern or rule established by the previous pictures?
OPTIONS:
0: Picture A
1: Picture B
2: Picture C
3: Picture D

Answer with the correct option from 0 to 3. Only provide the numeric and nothing else 


Answer:  ASSISTANT:",10000,3,IQ Test
124,"USER: 
 QUESTION: Which one picture can be folded from the outer surface displayed on the left?
OPTIONS:
0: Picture A
1: Picture B
2: Picture C
3: Picture D

Answer with the correct option from 0 to 3. Only provide the numeric and nothing else 


Answer:  ASSISTANT:",10000,0,IQ Test
125,"USER: 
 QUESTION: Which one picture follows the same pattern or rule established by the previous pictures?
OPTIONS:
0: Picture A
1: Picture B
2: Picture C
3: Picture D

Answer with the correct option from 0 to 3. Only provide the numeric and nothing else 


Answer:  ASSISTANT:",10000,3,IQ Test
126,"USER: 
 QUESTION: Which one picture follows the same pattern or rule established by the previous pictures?
OPTIONS:
0: Picture A
1: Picture B
2: Picture C
3: Picture D

Answer with the correct option from 0 to 3. Only provide the numeric and nothing else 


Answer:  ASSISTANT:",10000,0,IQ Test
127,"USER: 
 QUESTION: Which one picture follows the same pattern or rule established by the previous pictures?
OPTIONS:
0: Picture A
1: Picture B
2: Picture C
3: Picture D

Answer with the correct option from 0 to 3. Only provide the numeric and nothing else 


Answer:  ASSISTANT:",10000,1,IQ Test
128,"USER: 
 QUESTION: Which one picture follows the same pattern or rule established by the previous pictures?
OPTIONS:
0: Picture A
1: Picture B
2: Picture C
3: Picture D

Answer with the correct option from 0 to 3. Only provide the numeric and nothing else 


Answer:  ASSISTANT:",10000,3,IQ Test
129,"USER: 
 QUESTION: Which one picture follows the same pattern or rule established by the previous pictures?
OPTIONS:
0: Picture A
1: Picture B
2: Picture C
3: Picture D

Answer with the correct option from 0 to 3. Only provide the numeric and nothing else 


Answer:  ASSISTANT:",10000,1,IQ Test
130,"USER: 
 QUESTION: Which one picture follows the same pattern or rule established by the previous pictures?
OPTIONS:
0: Picture A
1: Picture B
2: Picture C
3: Picture D

Answer with the correct option from 0 to 3. Only provide the numeric and nothing else 


Answer:  ASSISTANT:",10000,2,IQ Test
131,"USER: 
 QUESTION: Which one picture follows the same pattern or rule established by the previous pictures?
OPTIONS:
0: Picture A
1: Picture B
2: Picture C
3: Picture D

Answer with the correct option from 0 to 3. Only provide the numeric and nothing else 


Answer:  ASSISTANT:",10000,3,IQ Test
132,"USER: 
 QUESTION: Which one picture follows the same pattern or rule established by the previous pictures?
OPTIONS:
0: Picture A
1: Picture B
2: Picture C
3: Picture D

Answer with the correct option from 0 to 3. Only provide the numeric and nothing else 


Answer:  ASSISTANT:",10000,2,IQ Test
133,"USER: 
 QUESTION: Which one picture follows the same pattern or rule established by the previous pictures?
OPTIONS:
0: Picture A
1: Picture B
2: Picture C
3: Picture D

Answer with the correct option from 0 to 3. Only provide the numeric and nothing else 


Answer:  ASSISTANT:",10000,2,IQ Test
134,"USER: 
 QUESTION: Which one picture follows the same pattern or rule established by the previous pictures?
OPTIONS:
0: Picture A
1: Picture B
2: Picture C
3: Picture D

Answer with the correct option from 0 to 3. Only provide the numeric and nothing else 


Answer:  ASSISTANT:",10000,0,IQ Test
135,"USER: 
 QUESTION: Which one picture follows the same pattern or rule established by the previous pictures?
OPTIONS:
0: Picture A
1: Picture B
2: Picture C
3: Picture D

Answer with the correct option from 0 to 3. Only provide the numeric and nothing else 


Answer:  ASSISTANT:",10000,2,IQ Test
136,"USER: 
 QUESTION: Which one picture follows the same pattern or rule established by the previous pictures?
OPTIONS:
0: Picture A
1: Picture B
2: Picture C
3: Picture D

Answer with the correct option from 0 to 3. Only provide the numeric and nothing else 


Answer:  ASSISTANT:",10000,3,IQ Test
137,"USER: 
 QUESTION: Which one picture can be folded from the outer surface displayed on the left?
OPTIONS:
0: Picture A
1: Picture B
2: Picture C
3: Picture D

Answer with the correct option from 0 to 3. Only provide the numeric and nothing else 


Answer:  ASSISTANT:",10000,3,IQ Test
138,"USER: 
 QUESTION: Which one picture follows the same pattern or rule established by the previous pictures?
OPTIONS:
0: Picture A
1: Picture B
2: Picture C
3: Picture D

Answer with the correct option from 0 to 3. Only provide the numeric and nothing else 


Answer:  ASSISTANT:",10000,3,IQ Test
139,"USER: 
 QUESTION: Which one picture follows the same pattern or rule established by the previous pictures?
OPTIONS:
0: Picture A
1: Picture B
2: Picture C
3: Picture D

Answer with the correct option from 0 to 3. Only provide the numeric and nothing else 


Answer:  ASSISTANT:",10000,2,IQ Test
140,"USER: 
 QUESTION: Which one picture follows the same pattern or rule established by the previous pictures?
OPTIONS:
0: Picture A
1: Picture B
2: Picture C
3: Picture D

Answer with the correct option from 0 to 3. Only provide the numeric and nothing else 


Answer:  ASSISTANT:",10000,1,IQ Test
141,"USER: 
 QUESTION: Which one picture follows the same pattern or rule established by the previous pictures?
OPTIONS:
0: Picture A
1: Picture B
2: Picture C
3: Picture D

Answer with the correct option from 0 to 3. Only provide the numeric and nothing else 


Answer:  ASSISTANT:",10000,3,IQ Test
142,"USER: 
 QUESTION: Which one picture follows the same pattern or rule established by the previous pictures?
OPTIONS:
0: Picture A
1: Picture B
2: Picture C
3: Picture D

Answer with the correct option from 0 to 3. Only provide the numeric and nothing else 


Answer:  ASSISTANT:",10000,3,IQ Test
143,"USER: 
 QUESTION: Which one picture can be folded from the outer surface displayed on the left?
OPTIONS:
0: Picture A
1: Picture B
2: Picture C
3: Picture D

Answer with the correct option from 0 to 3. Only provide the numeric and nothing else 


Answer:  ASSISTANT:",10000,1,IQ Test
144,"USER: 
 QUESTION: Which one picture follows the same pattern or rule established by the previous pictures?
OPTIONS:
0: Picture A
1: Picture B
2: Picture C
3: Picture D

Answer with the correct option from 0 to 3. Only provide the numeric and nothing else 


Answer:  ASSISTANT:",10000,0,IQ Test
145,"USER: 
 QUESTION: Which one picture follows the same pattern or rule established by the previous pictures?
OPTIONS:
0: Picture A
1: Picture B
2: Picture C
3: Picture D

Answer with the correct option from 0 to 3. Only provide the numeric and nothing else 


Answer:  ASSISTANT:",10000,1,IQ Test
146,"USER: 
 QUESTION: Which one picture follows the same pattern or rule established by the previous pictures?
OPTIONS:
0: Picture A
1: Picture B
2: Picture C
3: Picture D

Answer with the correct option from 0 to 3. Only provide the numeric and nothing else 


Answer:  ASSISTANT:",10000,1,IQ Test
147,"USER: 
 QUESTION: Which one picture can be folded from the outer surface displayed on the left?
OPTIONS:
0: Picture A
1: Picture B
2: Picture C
3: Picture D

Answer with the correct option from 0 to 3. Only provide the numeric and nothing else 


Answer:  ASSISTANT:",10000,0,IQ Test
148,"USER: 
 QUESTION: Which one picture follows the same pattern or rule established by the previous pictures?
OPTIONS:
0: Picture A
1: Picture B
2: Picture C
3: Picture D

Answer with the correct option from 0 to 3. Only provide the numeric and nothing else 


Answer:  ASSISTANT:",10000,1,IQ Test
149,"USER: 
 QUESTION: Which one picture follows the same pattern or rule established by the previous pictures?
OPTIONS:
0: Picture A
1: Picture B
2: Picture C
3: Picture D

Answer with the correct option from 0 to 3. Only provide the numeric and nothing else 


Answer:  ASSISTANT:",10000,2,IQ Test
150,"USER: 
 QUESTION: Which one picture follows the same pattern or rule established by the previous pictures?
OPTIONS:
0: Picture A
1: Picture B
2: Picture C
3: Picture D

Answer with the correct option from 0 to 3. Only provide the numeric and nothing else 


Answer:  ASSISTANT:",10000,2,IQ Test
151,"USER: 
 QUESTION: Which one picture follows the same pattern or rule established by the previous pictures?
OPTIONS:
0: Picture A
1: Picture B
2: Picture C
3: Picture D

Answer with the correct option from 0 to 3. Only provide the numeric and nothing else 


Answer:  ASSISTANT:",10000,2,IQ Test
152,"USER: 
 QUESTION: Which one picture follows the same pattern or rule established by the previous pictures?
OPTIONS:
0: Picture A
1: Picture B
2: Picture C
3: Picture D

Answer with the correct option from 0 to 3. Only provide the numeric and nothing else 


Answer:  ASSISTANT:",10000,3,IQ Test
153,"USER: 
 QUESTION: Which one picture follows the same pattern or rule established by the previous pictures?
OPTIONS:
0: Picture A
1: Picture B
2: Picture C
3: Picture D

Answer with the correct option from 0 to 3. Only provide the numeric and nothing else 


Answer:  ASSISTANT:",10000,0,IQ Test
154,"USER: 
 QUESTION: Which one picture follows the same pattern or rule established by the previous pictures?
OPTIONS:
0: Picture A
1: Picture B
2: Picture C
3: Picture D

Answer with the correct option from 0 to 3. Only provide the numeric and nothing else 


Answer:  ASSISTANT:",10000,1,IQ Test
155,"USER: 
 QUESTION: Which one picture follows the same pattern or rule established by the previous pictures?
OPTIONS:
0: Picture A
1: Picture B
2: Picture C
3: Picture D

Answer with the correct option from 0 to 3. Only provide the numeric and nothing else 


Answer:  ASSISTANT:",10000,0,IQ Test
156,"USER: 
 QUESTION: Which one picture follows the same pattern or rule established by the previous pictures?
OPTIONS:
0: Picture A
1: Picture B
2: Picture C
3: Picture D

Answer with the correct option from 0 to 3. Only provide the numeric and nothing else 


Answer:  ASSISTANT:",10000,2,IQ Test
157,"USER: 
 QUESTION: Which one picture follows the same pattern or rule established by the previous pictures?
OPTIONS:
0: Picture A
1: Picture B
2: Picture C
3: Picture D

Answer with the correct option from 0 to 3. Only provide the numeric and nothing else 


Answer:  ASSISTANT:",10000,3,IQ Test
158,"USER: 
 QUESTION: Which one picture follows the same pattern or rule established by the previous pictures?
OPTIONS:
0: Picture A
1: Picture B
2: Picture C
3: Picture D

Answer with the correct option from 0 to 3. Only provide the numeric and nothing else 


Answer:  ASSISTANT:",10000,2,IQ Test
159,"USER: 
 QUESTION: Which one picture follows the same pattern or rule established by the previous pictures?
OPTIONS:
0: Picture A
1: Picture B
2: Picture C
3: Picture D

Answer with the correct option from 0 to 3. Only provide the numeric and nothing else 


Answer:  ASSISTANT:",10000,3,IQ Test
160,"USER: 
 QUESTION: Which one picture follows the same pattern or rule established by the previous pictures?
OPTIONS:
0: Picture A
1: Picture B
2: Picture C
3: Picture D

Answer with the correct option from 0 to 3. Only provide the numeric and nothing else 


Answer:  ASSISTANT:",10000,1,IQ Test
161,"USER: 
 QUESTION: Which one picture follows the same pattern or rule established by the previous pictures?
OPTIONS:
0: Picture A
1: Picture B
2: Picture C
3: Picture D

Answer with the correct option from 0 to 3. Only provide the numeric and nothing else 


Answer:  ASSISTANT:",10000,3,IQ Test
162,"USER: 
 QUESTION: Which one picture follows the same pattern or rule established by the previous pictures?
OPTIONS:
0: Picture A
1: Picture B
2: Picture C
3: Picture D

Answer with the correct option from 0 to 3. Only provide the numeric and nothing else 


Answer:  ASSISTANT:",10000,1,IQ Test
163,"USER: 
 QUESTION: Which one picture follows the same pattern or rule established by the previous pictures?
OPTIONS:
0: Picture A
1: Picture B
2: Picture C
3: Picture D

Answer with the correct option from 0 to 3. Only provide the numeric and nothing else 


Answer:  ASSISTANT:",10000,2,IQ Test
164,"USER: 
 QUESTION: Which one picture follows the same pattern or rule established by the previous pictures?
OPTIONS:
0: Picture A
1: Picture B
2: Picture C
3: Picture D

Answer with the correct option from 0 to 3. Only provide the numeric and nothing else 


Answer:  ASSISTANT:",10000,0,IQ Test
165,"USER: 
 QUESTION: Which one picture follows the same pattern or rule established by the previous pictures?
OPTIONS:
0: Picture A
1: Picture B
2: Picture C
3: Picture D

Answer with the correct option from 0 to 3. Only provide the numeric and nothing else 


Answer:  ASSISTANT:",10000,1,IQ Test
166,"USER: 
 QUESTION: Which one picture follows the same pattern or rule established by the previous pictures?
OPTIONS:
0: Picture A
1: Picture B
2: Picture C
3: Picture D

Answer with the correct option from 0 to 3. Only provide the numeric and nothing else 


Answer:  ASSISTANT:",10000,3,IQ Test
167,"USER: 
 QUESTION: Which one picture follows the same pattern or rule established by the previous pictures?
OPTIONS:
0: Picture A
1: Picture B
2: Picture C
3: Picture D

Answer with the correct option from 0 to 3. Only provide the numeric and nothing else 


Answer:  ASSISTANT:",10000,1,IQ Test
168,"USER: 
 QUESTION: Which one picture follows the same pattern or rule established by the previous pictures?
OPTIONS:
0: Picture A
1: Picture B
2: Picture C
3: Picture D

Answer with the correct option from 0 to 3. Only provide the numeric and nothing else 


Answer:  ASSISTANT:",10000,1,IQ Test
169,"USER: 
 QUESTION: Which one picture follows the same pattern or rule established by the previous pictures?
OPTIONS:
0: Picture A
1: Picture B
2: Picture C
3: Picture D

Answer with the correct option from 0 to 3. Only provide the numeric and nothing else 


Answer:  ASSISTANT:",10000,0,IQ Test
170,"USER: 
 QUESTION: Which one picture follows the same pattern or rule established by the previous pictures?
OPTIONS:
0: Picture A
1: Picture B
2: Picture C
3: Picture D

Answer with the correct option from 0 to 3. Only provide the numeric and nothing else 


Answer:  ASSISTANT:",10000,1,IQ Test
171,"USER: 
 QUESTION: Which one picture follows the same pattern or rule established by the previous pictures?
OPTIONS:
0: Picture A
1: Picture B
2: Picture C
3: Picture D

Answer with the correct option from 0 to 3. Only provide the numeric and nothing else 


Answer:  ASSISTANT:",10000,2,IQ Test
172,"USER: 
 QUESTION: Which one picture follows the same pattern or rule established by the previous pictures?
OPTIONS:
0: Picture A
1: Picture B
2: Picture C
3: Picture D

Answer with the correct option from 0 to 3. Only provide the numeric and nothing else 


Answer:  ASSISTANT:",10000,2,IQ Test
173,"USER: 
 QUESTION: Which one picture follows the same pattern or rule established by the previous pictures?
OPTIONS:
0: Picture A
1: Picture B
2: Picture C
3: Picture D

Answer with the correct option from 0 to 3. Only provide the numeric and nothing else 


Answer:  ASSISTANT:",10000,2,IQ Test
174,"USER: 
 QUESTION: Which one picture follows the same pattern or rule established by the previous pictures?
OPTIONS:
0: Picture A
1: Picture B
2: Picture C
3: Picture D

Answer with the correct option from 0 to 3. Only provide the numeric and nothing else 


Answer:  ASSISTANT:",10000,1,IQ Test
175,"USER: 
 QUESTION: Which one picture follows the same pattern or rule established by the previous pictures?
OPTIONS:
0: Picture A
1: Picture B
2: Picture C
3: Picture D

Answer with the correct option from 0 to 3. Only provide the numeric and nothing else 


Answer:  ASSISTANT:",10000,1,IQ Test
176,"USER: 
 QUESTION: Which one picture follows the same pattern or rule established by the previous pictures?
OPTIONS:
0: Picture A
1: Picture B
2: Picture C
3: Picture D

Answer with the correct option from 0 to 3. Only provide the numeric and nothing else 


Answer:  ASSISTANT:",10000,2,IQ Test
177,"USER: 
 QUESTION: Which one picture follows the same pattern or rule established by the previous pictures?
OPTIONS:
0: Picture A
1: Picture B
2: Picture C
3: Picture D

Answer with the correct option from 0 to 3. Only provide the numeric and nothing else 


Answer:  ASSISTANT:",10000,0,IQ Test
178,"USER: 
 QUESTION: Which one picture follows the same pattern or rule established by the previous pictures?
OPTIONS:
0: Picture A
1: Picture B
2: Picture C
3: Picture D

Answer with the correct option from 0 to 3. Only provide the numeric and nothing else 


Answer:  ASSISTANT:",10000,3,IQ Test
179,"USER: 
 QUESTION: Which one picture follows the same pattern or rule established by the previous pictures?
OPTIONS:
0: Picture A
1: Picture B
2: Picture C
3: Picture D

Answer with the correct option from 0 to 3. Only provide the numeric and nothing else 


Answer:  ASSISTANT:",10000,1,IQ Test
180,"USER: 
 QUESTION: Which one picture follows the same pattern or rule established by the previous pictures?
OPTIONS:
0: Picture A
1: Picture B
2: Picture C
3: Picture D

Answer with the correct option from 0 to 3. Only provide the numeric and nothing else 


Answer:  ASSISTANT:",10000,3,IQ Test
181,"USER: 
 QUESTION: Which one picture follows the same pattern or rule established by the previous pictures?
OPTIONS:
0: Picture A
1: Picture B
2: Picture C
3: Picture D

Answer with the correct option from 0 to 3. Only provide the numeric and nothing else 


Answer:  ASSISTANT:",10000,0,IQ Test
182,"USER: 
 QUESTION: Which one picture follows the same pattern or rule established by the previous pictures?
OPTIONS:
0: Picture A
1: Picture B
2: Picture C
3: Picture D

Answer with the correct option from 0 to 3. Only provide the numeric and nothing else 


Answer:  ASSISTANT:",10000,1,IQ Test
183,"USER: 
 QUESTION: Which one picture can be folded from the outer surface displayed on the left?
OPTIONS:
0: Picture A
1: Picture B
2: Picture C
3: Picture D

Answer with the correct option from 0 to 3. Only provide the numeric and nothing else 


Answer:  ASSISTANT:",10000,1,IQ Test
184,"USER: 
 QUESTION: Which one picture follows the same pattern or rule established by the previous pictures?
OPTIONS:
0: Picture A
1: Picture B
2: Picture C
3: Picture D

Answer with the correct option from 0 to 3. Only provide the numeric and nothing else 


Answer:  ASSISTANT:",10000,3,IQ Test
185,"USER: 
 QUESTION: Which one picture follows the same pattern or rule established by the previous pictures?
OPTIONS:
0: Picture A
1: Picture B
2: Picture C
3: Picture D

Answer with the correct option from 0 to 3. Only provide the numeric and nothing else 


Answer:  ASSISTANT:",10000,0,IQ Test
186,"USER: 
 QUESTION: Which one picture follows the same pattern or rule established by the previous pictures?
OPTIONS:
0: Picture A
1: Picture B
2: Picture C
3: Picture D

Answer with the correct option from 0 to 3. Only provide the numeric and nothing else 


Answer:  ASSISTANT:",10000,1,IQ Test
187,"USER: 
 QUESTION: Which one picture follows the same pattern or rule established by the previous pictures?
OPTIONS:
0: Picture A
1: Picture B
2: Picture C
3: Picture D

Answer with the correct option from 0 to 3. Only provide the numeric and nothing else 


Answer:  ASSISTANT:",10000,3,IQ Test
188,"USER: 
 QUESTION: Which one picture can be folded from the outer surface displayed on the left?
OPTIONS:
0: Picture A
1: Picture B
2: Picture C
3: Picture D

Answer with the correct option from 0 to 3. Only provide the numeric and nothing else 


Answer:  ASSISTANT:",10000,1,IQ Test
189,"USER: 
 QUESTION: Which one picture follows the same pattern or rule established by the previous pictures?
OPTIONS:
0: Picture A
1: Picture B
2: Picture C
3: Picture D

Answer with the correct option from 0 to 3. Only provide the numeric and nothing else 


Answer:  ASSISTANT:",10000,1,IQ Test
190,"USER: 
 QUESTION: Which one picture follows the same pattern or rule established by the previous pictures?
OPTIONS:
0: Picture A
1: Picture B
2: Picture C
3: Picture D

Answer with the correct option from 0 to 3. Only provide the numeric and nothing else 


Answer:  ASSISTANT:",10000,2,IQ Test
191,"USER: 
 QUESTION: Which one picture follows the same pattern or rule established by the previous pictures?
OPTIONS:
0: Picture A
1: Picture B
2: Picture C
3: Picture D

Answer with the correct option from 0 to 3. Only provide the numeric and nothing else 


Answer:  ASSISTANT:",10000,3,IQ Test
192,"USER: 
 QUESTION: Which one picture follows the same pattern or rule established by the previous pictures?
OPTIONS:
0: Picture A
1: Picture B
2: Picture C
3: Picture D

Answer with the correct option from 0 to 3. Only provide the numeric and nothing else 


Answer:  ASSISTANT:",10000,3,IQ Test
193,"USER: 
 QUESTION: Which one picture follows the same pattern or rule established by the previous pictures?
OPTIONS:
0: Picture A
1: Picture B
2: Picture C
3: Picture D

Answer with the correct option from 0 to 3. Only provide the numeric and nothing else 


Answer:  ASSISTANT:",10000,2,IQ Test
194,"USER: 
 QUESTION: Which one picture follows the same pattern or rule established by the previous pictures?
OPTIONS:
0: Picture A
1: Picture B
2: Picture C
3: Picture D

Answer with the correct option from 0 to 3. Only provide the numeric and nothing else 


Answer:  ASSISTANT:",10000,0,IQ Test
195,"USER: 
 QUESTION: Which one picture follows the same pattern or rule established by the previous pictures?
OPTIONS:
0: Picture A
1: Picture B
2: Picture C
3: Picture D

Answer with the correct option from 0 to 3. Only provide the numeric and nothing else 


Answer:  ASSISTANT:",10000,1,IQ Test
196,"USER: 
 QUESTION: Which one picture follows the same pattern or rule established by the previous pictures?
OPTIONS:
0: Picture A
1: Picture B
2: Picture C
3: Picture D

Answer with the correct option from 0 to 3. Only provide the numeric and nothing else 


Answer:  ASSISTANT:",10000,1,IQ Test
197,"USER: 
 QUESTION: Which one picture follows the same pattern or rule established by the previous pictures?
OPTIONS:
0: Picture A
1: Picture B
2: Picture C
3: Picture D

Answer with the correct option from 0 to 3. Only provide the numeric and nothing else 


Answer:  ASSISTANT:",10000,0,IQ Test
198,"USER: 
 QUESTION: Which one picture follows the same pattern or rule established by the previous pictures?
OPTIONS:
0: Picture A
1: Picture B
2: Picture C
3: Picture D

Answer with the correct option from 0 to 3. Only provide the numeric and nothing else 


Answer:  ASSISTANT:",10000,3,IQ Test
199,"USER: 
 QUESTION: Which one picture follows the same pattern or rule established by the previous pictures?
OPTIONS:
0: Picture A
1: Picture B
2: Picture C
3: Picture D

Answer with the correct option from 0 to 3. Only provide the numeric and nothing else 


Answer:  ASSISTANT:",10000,2,IQ Test
200,"USER: 
 QUESTION: Which one picture follows the same pattern or rule established by the previous pictures?
OPTIONS:
0: Picture A
1: Picture B
2: Picture C
3: Picture D

Answer with the correct option from 0 to 3. Only provide the numeric and nothing else 


Answer:  ASSISTANT:",10000,3,IQ Test
201,"USER: 
 QUESTION: Which one picture follows the same pattern or rule established by the previous pictures?
OPTIONS:
0: Picture A
1: Picture B
2: Picture C
3: Picture D

Answer with the correct option from 0 to 3. Only provide the numeric and nothing else 


Answer:  ASSISTANT:",10000,1,IQ Test
202,"USER: 
 QUESTION: Which one picture follows the same pattern or rule established by the previous pictures?
OPTIONS:
0: Picture A
1: Picture B
2: Picture C
3: Picture D

Answer with the correct option from 0 to 3. Only provide the numeric and nothing else 


Answer:  ASSISTANT:",10000,1,IQ Test
203,"USER: 
 QUESTION: Which one picture follows the same pattern or rule established by the previous pictures?
OPTIONS:
0: Picture A
1: Picture B
2: Picture C
3: Picture D

Answer with the correct option from 0 to 3. Only provide the numeric and nothing else 


Answer:  ASSISTANT:",10000,1,IQ Test
204,"USER: 
 QUESTION: Which one picture follows the same pattern or rule established by the previous pictures?
OPTIONS:
0: Picture A
1: Picture B
2: Picture C
3: Picture D

Answer with the correct option from 0 to 3. Only provide the numeric and nothing else 


Answer:  ASSISTANT:",10000,3,IQ Test
205,"USER: 
 QUESTION: Which one picture follows the same pattern or rule established by the previous pictures?
OPTIONS:
0: Picture A
1: Picture B
2: Picture C
3: Picture D

Answer with the correct option from 0 to 3. Only provide the numeric and nothing else 


Answer:  ASSISTANT:",10000,2,IQ Test
206,"USER: 
 QUESTION: Which one picture follows the same pattern or rule established by the previous pictures?
OPTIONS:
0: Picture A
1: Picture B
2: Picture C
3: Picture D

Answer with the correct option from 0 to 3. Only provide the numeric and nothing else 


Answer:  ASSISTANT:",10000,0,IQ Test
207,"USER: 
 QUESTION: Which one picture follows the same pattern or rule established by the previous pictures?
OPTIONS:
0: Picture A
1: Picture B
2: Picture C
3: Picture D

Answer with the correct option from 0 to 3. Only provide the numeric and nothing else 


Answer:  ASSISTANT:",10000,2,IQ Test
208,"USER: 
 QUESTION: Which one picture follows the same pattern or rule established by the previous pictures?
OPTIONS:
0: Picture A
1: Picture B
2: Picture C
3: Picture D

Answer with the correct option from 0 to 3. Only provide the numeric and nothing else 


Answer:  ASSISTANT:",10000,3,IQ Test
209,"USER: 
 QUESTION: Which one picture follows the same pattern or rule established by the previous pictures?
OPTIONS:
0: Picture A
1: Picture B
2: Picture C
3: Picture D

Answer with the correct option from 0 to 3. Only provide the numeric and nothing else 


Answer:  ASSISTANT:",10000,0,IQ Test
210,"USER: 
 QUESTION: Which one picture follows the same pattern or rule established by the previous pictures?
OPTIONS:
0: Picture A
1: Picture B
2: Picture C
3: Picture D

Answer with the correct option from 0 to 3. Only provide the numeric and nothing else 


Answer:  ASSISTANT:",10000,0,IQ Test
211,"USER: 
 QUESTION: Which one picture follows the same pattern or rule established by the previous pictures?
OPTIONS:
0: Picture A
1: Picture B
2: Picture C
3: Picture D

Answer with the correct option from 0 to 3. Only provide the numeric and nothing else 


Answer:  ASSISTANT:",10000,2,IQ Test
212,"USER: 
 QUESTION: Which one picture follows the same pattern or rule established by the previous pictures?
OPTIONS:
0: Picture A
1: Picture B
2: Picture C
3: Picture D

Answer with the correct option from 0 to 3. Only provide the numeric and nothing else 


Answer:  ASSISTANT:",10000,0,IQ Test
213,"USER: 
 QUESTION: Which one picture follows the same pattern or rule established by the previous pictures?
OPTIONS:
0: Picture A
1: Picture B
2: Picture C
3: Picture D

Answer with the correct option from 0 to 3. Only provide the numeric and nothing else 


Answer:  ASSISTANT:",10000,1,IQ Test
214,"USER: 
 QUESTION: Which one picture follows the same pattern or rule established by the previous pictures?
OPTIONS:
0: Picture A
1: Picture B
2: Picture C
3: Picture D

Answer with the correct option from 0 to 3. Only provide the numeric and nothing else 


Answer:  ASSISTANT:",10000,2,IQ Test
215,"USER: 
 QUESTION: Which one picture follows the same pattern or rule established by the previous pictures?
OPTIONS:
0: Picture A
1: Picture B
2: Picture C
3: Picture D

Answer with the correct option from 0 to 3. Only provide the numeric and nothing else 


Answer:  ASSISTANT:",10000,3,IQ Test
216,"USER: 
 QUESTION: Which one picture follows the same pattern or rule established by the previous pictures?
OPTIONS:
0: Picture A
1: Picture B
2: Picture C
3: Picture D

Answer with the correct option from 0 to 3. Only provide the numeric and nothing else 


Answer:  ASSISTANT:",10000,3,IQ Test
217,"USER: 
 QUESTION: Which one picture follows the same pattern or rule established by the previous pictures?
OPTIONS:
0: Picture A
1: Picture B
2: Picture C
3: Picture D

Answer with the correct option from 0 to 3. Only provide the numeric and nothing else 


Answer:  ASSISTANT:",10000,3,IQ Test
218,"USER: 
 QUESTION: Which one picture follows the same pattern or rule established by the previous pictures?
OPTIONS:
0: Picture A
1: Picture B
2: Picture C
3: Picture D

Answer with the correct option from 0 to 3. Only provide the numeric and nothing else 


Answer:  ASSISTANT:",10000,1,IQ Test
219,"USER: 
 QUESTION: Which one picture follows the same pattern or rule established by the previous pictures?
OPTIONS:
0: Picture A
1: Picture B
2: Picture C
3: Picture D

Answer with the correct option from 0 to 3. Only provide the numeric and nothing else 


Answer:  ASSISTANT:",10000,3,IQ Test
220,"USER: 
 QUESTION: Which one picture follows the same pattern or rule established by the previous pictures?
OPTIONS:
0: Picture A
1: Picture B
2: Picture C
3: Picture D

Answer with the correct option from 0 to 3. Only provide the numeric and nothing else 


Answer:  ASSISTANT:",10000,3,IQ Test
221,"USER: 
 QUESTION: Which one picture can be folded from the outer surface displayed on the left?
OPTIONS:
0: Picture A
1: Picture B
2: Picture C
3: Picture D

Answer with the correct option from 0 to 3. Only provide the numeric and nothing else 


Answer:  ASSISTANT:",10000,3,IQ Test
222,"USER: 
 QUESTION: Which one picture follows the same pattern or rule established by the previous pictures?
OPTIONS:
0: Picture A
1: Picture B
2: Picture C
3: Picture D

Answer with the correct option from 0 to 3. Only provide the numeric and nothing else 


Answer:  ASSISTANT:",10000,0,IQ Test
223,"USER: 
 QUESTION: Which one picture follows the same pattern or rule established by the previous pictures?
OPTIONS:
0: Picture A
1: Picture B
2: Picture C
3: Picture D

Answer with the correct option from 0 to 3. Only provide the numeric and nothing else 


Answer:  ASSISTANT:",10000,3,IQ Test
224,"USER: 
 QUESTION: Which one picture follows the same pattern or rule established by the previous pictures?
OPTIONS:
0: Picture A
1: Picture B
2: Picture C
3: Picture D

Answer with the correct option from 0 to 3. Only provide the numeric and nothing else 


Answer:  ASSISTANT:",10000,2,IQ Test
225,"USER: 
 QUESTION: Which one picture follows the same pattern or rule established by the previous pictures?
OPTIONS:
0: Picture A
1: Picture B
2: Picture C
3: Picture D

Answer with the correct option from 0 to 3. Only provide the numeric and nothing else 


Answer:  ASSISTANT:",10000,0,IQ Test
226,"USER: 
 QUESTION: Which one picture follows the same pattern or rule established by the previous pictures?
OPTIONS:
0: Picture A
1: Picture B
2: Picture C
3: Picture D

Answer with the correct option from 0 to 3. Only provide the numeric and nothing else 


Answer:  ASSISTANT:",10000,0,IQ Test
227,"USER: 
 QUESTION: Which one picture follows the same pattern or rule established by the previous pictures?
OPTIONS:
0: Picture A
1: Picture B
2: Picture C
3: Picture D

Answer with the correct option from 0 to 3. Only provide the numeric and nothing else 


Answer:  ASSISTANT:",10000,3,IQ Test
228,"USER: 
 QUESTION: Which one picture follows the same pattern or rule established by the previous pictures?
OPTIONS:
0: Picture A
1: Picture B
2: Picture C
3: Picture D

Answer with the correct option from 0 to 3. Only provide the numeric and nothing else 


Answer:  ASSISTANT:",10000,1,IQ Test
229,"USER: 
 QUESTION: Which one picture follows the same pattern or rule established by the previous pictures?
OPTIONS:
0: Picture A
1: Picture B
2: Picture C
3: Picture D

Answer with the correct option from 0 to 3. Only provide the numeric and nothing else 


Answer:  ASSISTANT:",10000,2,IQ Test
230,"USER: 
 QUESTION: Which one picture follows the same pattern or rule established by the previous pictures?
OPTIONS:
0: Picture A
1: Picture B
2: Picture C
3: Picture D

Answer with the correct option from 0 to 3. Only provide the numeric and nothing else 


Answer:  ASSISTANT:",10000,3,IQ Test
231,"USER: 
 QUESTION: Which one picture follows the same pattern or rule established by the previous pictures?
OPTIONS:
0: Picture A
1: Picture B
2: Picture C
3: Picture D

Answer with the correct option from 0 to 3. Only provide the numeric and nothing else 


Answer:  ASSISTANT:",10000,2,IQ Test
232,"USER: 
 QUESTION: Which one picture follows the same pattern or rule established by the previous pictures?
OPTIONS:
0: Picture A
1: Picture B
2: Picture C
3: Picture D

Answer with the correct option from 0 to 3. Only provide the numeric and nothing else 


Answer:  ASSISTANT:",10000,3,IQ Test
233,"USER: 
 QUESTION: Which one picture follows the same pattern or rule established by the previous pictures?
OPTIONS:
0: Picture A
1: Picture B
2: Picture C
3: Picture D

Answer with the correct option from 0 to 3. Only provide the numeric and nothing else 


Answer:  ASSISTANT:",10000,0,IQ Test
234,"USER: 
 QUESTION: Which one picture follows the same pattern or rule established by the previous pictures?
OPTIONS:
0: Picture A
1: Picture B
2: Picture C
3: Picture D

Answer with the correct option from 0 to 3. Only provide the numeric and nothing else 


Answer:  ASSISTANT:",10000,2,IQ Test
235,"USER: 
 QUESTION: Which one picture follows the same pattern or rule established by the previous pictures?
OPTIONS:
0: Picture A
1: Picture B
2: Picture C
3: Picture D

Answer with the correct option from 0 to 3. Only provide the numeric and nothing else 


Answer:  ASSISTANT:",10000,1,IQ Test
236,"USER: 
 QUESTION: Which one picture follows the same pattern or rule established by the previous pictures?
OPTIONS:
0: Picture A
1: Picture B
2: Picture C
3: Picture D

Answer with the correct option from 0 to 3. Only provide the numeric and nothing else 


Answer:  ASSISTANT:",10000,2,IQ Test
237,"USER: 
 QUESTION: Which one picture follows the same pattern or rule established by the previous pictures?
OPTIONS:
0: Picture A
1: Picture B
2: Picture C
3: Picture D

Answer with the correct option from 0 to 3. Only provide the numeric and nothing else 


Answer:  ASSISTANT:",10000,0,IQ Test
238,"USER: 
 QUESTION: Which one picture follows the same pattern or rule established by the previous pictures?
OPTIONS:
0: Picture A
1: Picture B
2: Picture C
3: Picture D

Answer with the correct option from 0 to 3. Only provide the numeric and nothing else 


Answer:  ASSISTANT:",10000,2,IQ Test
239,"USER: 
 QUESTION: Which one picture follows the same pattern or rule established by the previous pictures?
OPTIONS:
0: Picture A
1: Picture B
2: Picture C
3: Picture D

Answer with the correct option from 0 to 3. Only provide the numeric and nothing else 


Answer:  ASSISTANT:",10000,3,IQ Test
240,"USER: 
 QUESTION: Which one picture follows the same pattern or rule established by the previous pictures?
OPTIONS:
0: Picture A
1: Picture B
2: Picture C
3: Picture D

Answer with the correct option from 0 to 3. Only provide the numeric and nothing else 


Answer:  ASSISTANT:",10000,3,IQ Test
241,"USER: 
 QUESTION: Which one picture follows the same pattern or rule established by the previous pictures?
OPTIONS:
0: Picture A
1: Picture B
2: Picture C
3: Picture D

Answer with the correct option from 0 to 3. Only provide the numeric and nothing else 


Answer:  ASSISTANT:",10000,2,IQ Test
242,"USER: 
 QUESTION: Which one picture follows the same pattern or rule established by the previous pictures?
OPTIONS:
0: Picture A
1: Picture B
2: Picture C
3: Picture D

Answer with the correct option from 0 to 3. Only provide the numeric and nothing else 


Answer:  ASSISTANT:",10000,3,IQ Test
243,"USER: 
 QUESTION: Which one picture follows the same pattern or rule established by the previous pictures?
OPTIONS:
0: Picture A
1: Picture B
2: Picture C
3: Picture D

Answer with the correct option from 0 to 3. Only provide the numeric and nothing else 


Answer:  ASSISTANT:",10000,1,IQ Test
244,"USER: 
 QUESTION: Which one picture follows the same pattern or rule established by the previous pictures?
OPTIONS:
0: Picture A
1: Picture B
2: Picture C
3: Picture D

Answer with the correct option from 0 to 3. Only provide the numeric and nothing else 


Answer:  ASSISTANT:",10000,0,IQ Test
245,"USER: 
 QUESTION: Which one picture follows the same pattern or rule established by the previous pictures?
OPTIONS:
0: Picture A
1: Picture B
2: Picture C
3: Picture D

Answer with the correct option from 0 to 3. Only provide the numeric and nothing else 


Answer:  ASSISTANT:",10000,0,IQ Test
246,"USER: 
 QUESTION: Which one picture follows the same pattern or rule established by the previous pictures?
OPTIONS:
0: Picture A
1: Picture B
2: Picture C
3: Picture D

Answer with the correct option from 0 to 3. Only provide the numeric and nothing else 


Answer:  ASSISTANT:",10000,2,IQ Test
247,"USER: 
 QUESTION: Which one picture follows the same pattern or rule established by the previous pictures?
OPTIONS:
0: Picture A
1: Picture B
2: Picture C
3: Picture D

Answer with the correct option from 0 to 3. Only provide the numeric and nothing else 


Answer:  ASSISTANT:",10000,2,IQ Test
248,"USER: 
 QUESTION: Which one picture follows the same pattern or rule established by the previous pictures?
OPTIONS:
0: Picture A
1: Picture B
2: Picture C
3: Picture D

Answer with the correct option from 0 to 3. Only provide the numeric and nothing else 


Answer:  ASSISTANT:",10000,0,IQ Test
249,"USER: 
 QUESTION: Which one picture follows the same pattern or rule established by the previous pictures?
OPTIONS:
0: Picture A
1: Picture B
2: Picture C
3: Picture D

Answer with the correct option from 0 to 3. Only provide the numeric and nothing else 


Answer:  ASSISTANT:",10000,3,IQ Test
250,"USER: 
 QUESTION: Which one picture follows the same pattern or rule established by the previous pictures?
OPTIONS:
0: Picture A
1: Picture B
2: Picture C
3: Picture D

Answer with the correct option from 0 to 3. Only provide the numeric and nothing else 


Answer:  ASSISTANT:",10000,0,IQ Test
251,"USER: 
 QUESTION: Which one picture follows the same pattern or rule established by the previous pictures?
OPTIONS:
0: Picture A
1: Picture B
2: Picture C
3: Picture D

Answer with the correct option from 0 to 3. Only provide the numeric and nothing else 


Answer:  ASSISTANT:",10000,2,IQ Test
252,"USER: 
 QUESTION: Which one picture follows the same pattern or rule established by the previous pictures?
OPTIONS:
0: Picture A
1: Picture B
2: Picture C
3: Picture D

Answer with the correct option from 0 to 3. Only provide the numeric and nothing else 


Answer:  ASSISTANT:",10000,1,IQ Test
253,"USER: 
 QUESTION: Which one picture follows the same pattern or rule established by the previous pictures?
OPTIONS:
0: Picture A
1: Picture B
2: Picture C
3: Picture D

Answer with the correct option from 0 to 3. Only provide the numeric and nothing else 


Answer:  ASSISTANT:",10000,2,IQ Test
254,"USER: 
 QUESTION: Which one picture follows the same pattern or rule established by the previous pictures?
OPTIONS:
0: Picture A
1: Picture B
2: Picture C
3: Picture D

Answer with the correct option from 0 to 3. Only provide the numeric and nothing else 


Answer:  ASSISTANT:",10000,1,IQ Test
255,"USER: 
 QUESTION: Which one picture follows the same pattern or rule established by the previous pictures?
OPTIONS:
0: Picture A
1: Picture B
2: Picture C
3: Picture D

Answer with the correct option from 0 to 3. Only provide the numeric and nothing else 


Answer:  ASSISTANT:",10000,1,IQ Test
256,"USER: 
 QUESTION: Which one picture follows the same pattern or rule established by the previous pictures?
OPTIONS:
0: Picture A
1: Picture B
2: Picture C
3: Picture D

Answer with the correct option from 0 to 3. Only provide the numeric and nothing else 


Answer:  ASSISTANT:",10000,2,IQ Test
257,"USER: 
 QUESTION: Which one picture follows the same pattern or rule established by the previous pictures?
OPTIONS:
0: Picture A
1: Picture B
2: Picture C
3: Picture D

Answer with the correct option from 0 to 3. Only provide the numeric and nothing else 


Answer:  ASSISTANT:",10000,2,IQ Test
258,"USER: 
 QUESTION: Which one picture follows the same pattern or rule established by the previous pictures?
OPTIONS:
0: Picture A
1: Picture B
2: Picture C
3: Picture D

Answer with the correct option from 0 to 3. Only provide the numeric and nothing else 


Answer:  ASSISTANT:",10000,0,IQ Test
259,"USER: 
 QUESTION: Which one picture follows the same pattern or rule established by the previous pictures?
OPTIONS:
0: Picture A
1: Picture B
2: Picture C
3: Picture D

Answer with the correct option from 0 to 3. Only provide the numeric and nothing else 


Answer:  ASSISTANT:",10000,2,IQ Test
260,"USER: 
 QUESTION: Which one picture follows the same pattern or rule established by the previous pictures?
OPTIONS:
0: Picture A
1: Picture B
2: Picture C
3: Picture D

Answer with the correct option from 0 to 3. Only provide the numeric and nothing else 


Answer:  ASSISTANT:",10000,2,IQ Test
261,"USER: 
 QUESTION: Which one picture can be folded from the outer surface displayed on the left?
OPTIONS:
0: Picture A
1: Picture B
2: Picture C
3: Picture D

Answer with the correct option from 0 to 3. Only provide the numeric and nothing else 


Answer:  ASSISTANT:",10000,1,IQ Test
262,"USER: 
 QUESTION: Which one picture can be folded from the outer surface displayed on the left?
OPTIONS:
0: Picture A
1: Picture B
2: Picture C
3: Picture D

Answer with the correct option from 0 to 3. Only provide the numeric and nothing else 


Answer:  ASSISTANT:",10000,1,IQ Test
263,"USER: 
 QUESTION: Which one picture can be folded from the outer surface displayed on the left?
OPTIONS:
0: Picture A
1: Picture B
2: Picture C
3: Picture D

Answer with the correct option from 0 to 3. Only provide the numeric and nothing else 


Answer:  ASSISTANT:",10000,2,IQ Test
264,"USER: 
 QUESTION: Which one picture can be folded from the outer surface displayed on the left?
OPTIONS:
0: Picture A
1: Picture B
2: Picture C
3: Picture D

Answer with the correct option from 0 to 3. Only provide the numeric and nothing else 


Answer:  ASSISTANT:",10000,1,IQ Test
265,"USER: 
 QUESTION: Which one picture can be folded from the outer surface displayed on the left?
OPTIONS:
0: Picture A
1: Picture B
2: Picture C
3: Picture D

Answer with the correct option from 0 to 3. Only provide the numeric and nothing else 


Answer:  ASSISTANT:",10000,3,IQ Test
266,"USER: 
 QUESTION: Which one picture can be folded from the outer surface displayed on the left?
OPTIONS:
0: Picture A
1: Picture B
2: Picture C
3: Picture D

Answer with the correct option from 0 to 3. Only provide the numeric and nothing else 


Answer:  ASSISTANT:",10000,0,IQ Test
267,"USER: 
 QUESTION: Which one picture can be folded from the outer surface displayed on the left?
OPTIONS:
0: Picture A
1: Picture B
2: Picture C
3: Picture D

Answer with the correct option from 0 to 3. Only provide the numeric and nothing else 


Answer:  ASSISTANT:",10000,2,IQ Test
268,"USER: 
 QUESTION: Which bounding box more accurately localizes and encloses the tank top (clothing)?
OPTIONS:
0: Box A
1: Box B

Answer with the correct option from 0 to 1. Only provide the numeric and nothing else 


Answer:  ASSISTANT:",10000,1,Object Localization
269,"USER: 
 QUESTION: Which bounding box more accurately localizes and encloses the refrigerator?
OPTIONS:
0: Box A
1: Box B

Answer with the correct option from 0 to 1. Only provide the numeric and nothing else 


Answer:  ASSISTANT:",10000,1,Object Localization
270,"USER: 
 QUESTION: Which bounding box more accurately localizes and encloses the fireplug?
OPTIONS:
0: Box A
1: Box B

Answer with the correct option from 0 to 1. Only provide the numeric and nothing else 


Answer:  ASSISTANT:",10000,0,Object Localization
271,"USER: 
 QUESTION: Which bounding box more accurately localizes and encloses the sandwich?
OPTIONS:
0: Box A
1: Box B

Answer with the correct option from 0 to 1. Only provide the numeric and nothing else 


Answer:  ASSISTANT:",10000,1,Object Localization
272,"USER: 
 QUESTION: Which bounding box more accurately localizes and encloses the pizza?
OPTIONS:
0: Box A
1: Box B

Answer with the correct option from 0 to 1. Only provide the numeric and nothing else 


Answer:  ASSISTANT:",10000,0,Object Localization
273,"USER: 
 QUESTION: Which bounding box more accurately localizes and encloses the hat?
OPTIONS:
0: Box A
1: Box B

Answer with the correct option from 0 to 1. Only provide the numeric and nothing else 


Answer:  ASSISTANT:",10000,1,Object Localization
274,"USER: 
 QUESTION: Which bounding box more accurately localizes and encloses the flower arrangement?
OPTIONS:
0: Box A
1: Box B

Answer with the correct option from 0 to 1. Only provide the numeric and nothing else 


Answer:  ASSISTANT:",10000,1,Object Localization
275,"USER: 
 QUESTION: Which bounding box more accurately localizes and encloses the train (railroad vehicle)?
OPTIONS:
0: Box A
1: Box B

Answer with the correct option from 0 to 1. Only provide the numeric and nothing else 


Answer:  ASSISTANT:",10000,0,Object Localization
276,"USER: 
 QUESTION: Which bounding box more accurately localizes and encloses the cake?
OPTIONS:
0: Box A
1: Box B

Answer with the correct option from 0 to 1. Only provide the numeric and nothing else 


Answer:  ASSISTANT:",10000,0,Object Localization
277,"USER: 
 QUESTION: Which bounding box more accurately localizes and encloses the computer keyboard?
OPTIONS:
0: Box A
1: Box B

Answer with the correct option from 0 to 1. Only provide the numeric and nothing else 


Answer:  ASSISTANT:",10000,1,Object Localization
278,"USER: 
 QUESTION: Which bounding box more accurately localizes and encloses the bottle?
OPTIONS:
0: Box A
1: Box B

Answer with the correct option from 0 to 1. Only provide the numeric and nothing else 


Answer:  ASSISTANT:",10000,1,Object Localization
279,"USER: 
 QUESTION: Which bounding box more accurately localizes and encloses the cat?
OPTIONS:
0: Box A
1: Box B

Answer with the correct option from 0 to 1. Only provide the numeric and nothing else 


Answer:  ASSISTANT:",10000,1,Object Localization
280,"USER: 
 QUESTION: Which bounding box more accurately localizes and encloses the sweater?
OPTIONS:
0: Box A
1: Box B

Answer with the correct option from 0 to 1. Only provide the numeric and nothing else 


Answer:  ASSISTANT:",10000,1,Object Localization
281,"USER: 
 QUESTION: Which bounding box more accurately localizes and encloses the airplane?
OPTIONS:
0: Box A
1: Box B

Answer with the correct option from 0 to 1. Only provide the numeric and nothing else 


Answer:  ASSISTANT:",10000,1,Object Localization
282,"USER: 
 QUESTION: Which bounding box more accurately localizes and encloses the fork?
OPTIONS:
0: Box A
1: Box B

Answer with the correct option from 0 to 1. Only provide the numeric and nothing else 


Answer:  ASSISTANT:",10000,1,Object Localization
283,"USER: 
 QUESTION: Which bounding box more accurately localizes and encloses the pizza?
OPTIONS:
0: Box A
1: Box B

Answer with the correct option from 0 to 1. Only provide the numeric and nothing else 


Answer:  ASSISTANT:",10000,0,Object Localization
284,"USER: 
 QUESTION: Which bounding box more accurately localizes and encloses the horse?
OPTIONS:
0: Box A
1: Box B

Answer with the correct option from 0 to 1. Only provide the numeric and nothing else 


Answer:  ASSISTANT:",10000,1,Object Localization
285,"USER: 
 QUESTION: Which bounding box more accurately localizes and encloses the kite?
OPTIONS:
0: Box A
1: Box B

Answer with the correct option from 0 to 1. Only provide the numeric and nothing else 


Answer:  ASSISTANT:",10000,0,Object Localization
286,"USER: 
 QUESTION: Which bounding box more accurately localizes and encloses the bullet train?
OPTIONS:
0: Box A
1: Box B

Answer with the correct option from 0 to 1. Only provide the numeric and nothing else 


Answer:  ASSISTANT:",10000,0,Object Localization
287,"USER: 
 QUESTION: Which bounding box more accurately localizes and encloses the pillow?
OPTIONS:
0: Box A
1: Box B

Answer with the correct option from 0 to 1. Only provide the numeric and nothing else 


Answer:  ASSISTANT:",10000,0,Object Localization
288,"USER: 
 QUESTION: Which bounding box more accurately localizes and encloses the oven?
OPTIONS:
0: Box A
1: Box B

Answer with the correct option from 0 to 1. Only provide the numeric and nothing else 


Answer:  ASSISTANT:",10000,0,Object Localization
289,"USER: 
 QUESTION: Which bounding box more accurately localizes and encloses the broccoli?
OPTIONS:
0: Box A
1: Box B

Answer with the correct option from 0 to 1. Only provide the numeric and nothing else 


Answer:  ASSISTANT:",10000,0,Object Localization
290,"USER: 
 QUESTION: Which bounding box more accurately localizes and encloses the signboard?
OPTIONS:
0: Box A
1: Box B

Answer with the correct option from 0 to 1. Only provide the numeric and nothing else 


Answer:  ASSISTANT:",10000,0,Object Localization
291,"USER: 
 QUESTION: Which bounding box more accurately localizes and encloses the jet plane?
OPTIONS:
0: Box A
1: Box B

Answer with the correct option from 0 to 1. Only provide the numeric and nothing else 


Answer:  ASSISTANT:",10000,1,Object Localization
292,"USER: 
 QUESTION: Which bounding box more accurately localizes and encloses the bird?
OPTIONS:
0: Box A
1: Box B

Answer with the correct option from 0 to 1. Only provide the numeric and nothing else 


Answer:  ASSISTANT:",10000,1,Object Localization
293,"USER: 
 QUESTION: Which bounding box more accurately localizes and encloses the laptop computer?
OPTIONS:
0: Box A
1: Box B

Answer with the correct option from 0 to 1. Only provide the numeric and nothing else 


Answer:  ASSISTANT:",10000,0,Object Localization
294,"USER: 
 QUESTION: Which bounding box more accurately localizes and encloses the remote control?
OPTIONS:
0: Box A
1: Box B

Answer with the correct option from 0 to 1. Only provide the numeric and nothing else 


Answer:  ASSISTANT:",10000,1,Object Localization
295,"USER: 
 QUESTION: Which bounding box more accurately localizes and encloses the telephone?
OPTIONS:
0: Box A
1: Box B

Answer with the correct option from 0 to 1. Only provide the numeric and nothing else 


Answer:  ASSISTANT:",10000,0,Object Localization
296,"USER: 
 QUESTION: Which bounding box more accurately localizes and encloses the airplane?
OPTIONS:
0: Box A
1: Box B

Answer with the correct option from 0 to 1. Only provide the numeric and nothing else 


Answer:  ASSISTANT:",10000,0,Object Localization
297,"USER: 
 QUESTION: Which bounding box more accurately localizes and encloses the train (railroad vehicle)?
OPTIONS:
0: Box A
1: Box B

Answer with the correct option from 0 to 1. Only provide the numeric and nothing else 


Answer:  ASSISTANT:",10000,1,Object Localization
298,"USER: 
 QUESTION: Which bounding box more accurately localizes and encloses the table?
OPTIONS:
0: Box A
1: Box B

Answer with the correct option from 0 to 1. Only provide the numeric and nothing else 


Answer:  ASSISTANT:",10000,0,Object Localization
299,"USER: 
 QUESTION: Which bounding box more accurately localizes and encloses the suitcase?
OPTIONS:
0: Box A
1: Box B

Answer with the correct option from 0 to 1. Only provide the numeric and nothing else 


Answer:  ASSISTANT:",10000,1,Object Localization
300,"USER: 
 QUESTION: Which bounding box more accurately localizes and encloses the dress?
OPTIONS:
0: Box A
1: Box B

Answer with the correct option from 0 to 1. Only provide the numeric and nothing else 


Answer:  ASSISTANT:",10000,1,Object Localization
301,"USER: 
 QUESTION: Which bounding box more accurately localizes and encloses the shower curtain?
OPTIONS:
0: Box A
1: Box B

Answer with the correct option from 0 to 1. Only provide the numeric and nothing else 


Answer:  ASSISTANT:",10000,0,Object Localization
302,"USER: 
 QUESTION: Which bounding box more accurately localizes and encloses the train (railroad vehicle)?
OPTIONS:
0: Box A
1: Box B

Answer with the correct option from 0 to 1. Only provide the numeric and nothing else 


Answer:  ASSISTANT:",10000,1,Object Localization
303,"USER: 
 QUESTION: Which bounding box more accurately localizes and encloses the flowerpot?
OPTIONS:
0: Box A
1: Box B

Answer with the correct option from 0 to 1. Only provide the numeric and nothing else 


Answer:  ASSISTANT:",10000,1,Object Localization
304,"USER: 
 QUESTION: Which bounding box more accurately localizes and encloses the bus (vehicle)?
OPTIONS:
0: Box A
1: Box B

Answer with the correct option from 0 to 1. Only provide the numeric and nothing else 


Answer:  ASSISTANT:",10000,1,Object Localization
305,"USER: 
 QUESTION: Which bounding box more accurately localizes and encloses the teddy bear?
OPTIONS:
0: Box A
1: Box B

Answer with the correct option from 0 to 1. Only provide the numeric and nothing else 


Answer:  ASSISTANT:",10000,1,Object Localization
306,"USER: 
 QUESTION: Which bounding box more accurately localizes and encloses the bullet train?
OPTIONS:
0: Box A
1: Box B

Answer with the correct option from 0 to 1. Only provide the numeric and nothing else 


Answer:  ASSISTANT:",10000,1,Object Localization
307,"USER: 
 QUESTION: Which bounding box more accurately localizes and encloses the tarp?
OPTIONS:
0: Box A
1: Box B

Answer with the correct option from 0 to 1. Only provide the numeric and nothing else 


Answer:  ASSISTANT:",10000,1,Object Localization
308,"USER: 
 QUESTION: Which bounding box more accurately localizes and encloses the horse?
OPTIONS:
0: Box A
1: Box B

Answer with the correct option from 0 to 1. Only provide the numeric and nothing else 


Answer:  ASSISTANT:",10000,0,Object Localization
309,"USER: 
 QUESTION: Which bounding box more accurately localizes and encloses the knife?
OPTIONS:
0: Box A
1: Box B

Answer with the correct option from 0 to 1. Only provide the numeric and nothing else 


Answer:  ASSISTANT:",10000,1,Object Localization
310,"USER: 
 QUESTION: Which bounding box more accurately localizes and encloses the table?
OPTIONS:
0: Box A
1: Box B

Answer with the correct option from 0 to 1. Only provide the numeric and nothing else 


Answer:  ASSISTANT:",10000,0,Object Localization
311,"USER: 
 QUESTION: Which bounding box more accurately localizes and encloses the zebra?
OPTIONS:
0: Box A
1: Box B

Answer with the correct option from 0 to 1. Only provide the numeric and nothing else 


Answer:  ASSISTANT:",10000,0,Object Localization
312,"USER: 
 QUESTION: Which bounding box more accurately localizes and encloses the vending machine?
OPTIONS:
0: Box A
1: Box B

Answer with the correct option from 0 to 1. Only provide the numeric and nothing else 


Answer:  ASSISTANT:",10000,0,Object Localization
313,"USER: 
 QUESTION: Which bounding box more accurately localizes and encloses the airplane?
OPTIONS:
0: Box A
1: Box B

Answer with the correct option from 0 to 1. Only provide the numeric and nothing else 


Answer:  ASSISTANT:",10000,1,Object Localization
314,"USER: 
 QUESTION: Which bounding box more accurately localizes and encloses the bun?
OPTIONS:
0: Box A
1: Box B

Answer with the correct option from 0 to 1. Only provide the numeric and nothing else 


Answer:  ASSISTANT:",10000,0,Object Localization
315,"USER: 
 QUESTION: Which bounding box more accurately localizes and encloses the toilet?
OPTIONS:
0: Box A
1: Box B

Answer with the correct option from 0 to 1. Only provide the numeric and nothing else 


Answer:  ASSISTANT:",10000,1,Object Localization
316,"USER: 
 QUESTION: Which bounding box more accurately localizes and encloses the necktie?
OPTIONS:
0: Box A
1: Box B

Answer with the correct option from 0 to 1. Only provide the numeric and nothing else 


Answer:  ASSISTANT:",10000,1,Object Localization
317,"USER: 
 QUESTION: Which bounding box more accurately localizes and encloses the bench?
OPTIONS:
0: Box A
1: Box B

Answer with the correct option from 0 to 1. Only provide the numeric and nothing else 


Answer:  ASSISTANT:",10000,0,Object Localization
318,"USER: 
 QUESTION: Which bounding box more accurately localizes and encloses the umbrella?
OPTIONS:
0: Box A
1: Box B

Answer with the correct option from 0 to 1. Only provide the numeric and nothing else 


Answer:  ASSISTANT:",10000,1,Object Localization
319,"USER: 
 QUESTION: Which bounding box more accurately localizes and encloses the cabinet?
OPTIONS:
0: Box A
1: Box B

Answer with the correct option from 0 to 1. Only provide the numeric and nothing else 


Answer:  ASSISTANT:",10000,1,Object Localization
320,"USER: 
 QUESTION: Which bounding box more accurately localizes and encloses the cat?
OPTIONS:
0: Box A
1: Box B

Answer with the correct option from 0 to 1. Only provide the numeric and nothing else 


Answer:  ASSISTANT:",10000,1,Object Localization
321,"USER: 
 QUESTION: Which bounding box more accurately localizes and encloses the sweater?
OPTIONS:
0: Box A
1: Box B

Answer with the correct option from 0 to 1. Only provide the numeric and nothing else 


Answer:  ASSISTANT:",10000,0,Object Localization
322,"USER: 
 QUESTION: Which bounding box more accurately localizes and encloses the baseball glove?
OPTIONS:
0: Box A
1: Box B

Answer with the correct option from 0 to 1. Only provide the numeric and nothing else 


Answer:  ASSISTANT:",10000,1,Object Localization
323,"USER: 
 QUESTION: Which bounding box more accurately localizes and encloses the motorcycle?
OPTIONS:
0: Box A
1: Box B

Answer with the correct option from 0 to 1. Only provide the numeric and nothing else 


Answer:  ASSISTANT:",10000,0,Object Localization
324,"USER: 
 QUESTION: Which bounding box more accurately localizes and encloses the wineglass?
OPTIONS:
0: Box A
1: Box B

Answer with the correct option from 0 to 1. Only provide the numeric and nothing else 


Answer:  ASSISTANT:",10000,1,Object Localization
325,"USER: 
 QUESTION: Which bounding box more accurately localizes and encloses the quilt?
OPTIONS:
0: Box A
1: Box B

Answer with the correct option from 0 to 1. Only provide the numeric and nothing else 


Answer:  ASSISTANT:",10000,1,Object Localization
326,"USER: 
 QUESTION: Which bounding box more accurately localizes and encloses the bowl?
OPTIONS:
0: Box A
1: Box B

Answer with the correct option from 0 to 1. Only provide the numeric and nothing else 


Answer:  ASSISTANT:",10000,0,Object Localization
327,"USER: 
 QUESTION: Which bounding box more accurately localizes and encloses the carrot?
OPTIONS:
0: Box A
1: Box B

Answer with the correct option from 0 to 1. Only provide the numeric and nothing else 


Answer:  ASSISTANT:",10000,1,Object Localization
328,"USER: 
 QUESTION: Which bounding box more accurately localizes and encloses the basket?
OPTIONS:
0: Box A
1: Box B

Answer with the correct option from 0 to 1. Only provide the numeric and nothing else 


Answer:  ASSISTANT:",10000,1,Object Localization
329,"USER: 
 QUESTION: Which bounding box more accurately localizes and encloses the book?
OPTIONS:
0: Box A
1: Box B

Answer with the correct option from 0 to 1. Only provide the numeric and nothing else 


Answer:  ASSISTANT:",10000,1,Object Localization
330,"USER: 
 QUESTION: Which bounding box more accurately localizes and encloses the bun?
OPTIONS:
0: Box A
1: Box B

Answer with the correct option from 0 to 1. Only provide the numeric and nothing else 


Answer:  ASSISTANT:",10000,0,Object Localization
331,"USER: 
 QUESTION: Which bounding box more accurately localizes and encloses the blanket?
OPTIONS:
0: Box A
1: Box B

Answer with the correct option from 0 to 1. Only provide the numeric and nothing else 


Answer:  ASSISTANT:",10000,0,Object Localization
332,"USER: 
 QUESTION: Which bounding box more accurately localizes and encloses the cover?
OPTIONS:
0: Box A
1: Box B

Answer with the correct option from 0 to 1. Only provide the numeric and nothing else 


Answer:  ASSISTANT:",10000,0,Object Localization
333,"USER: 
 QUESTION: Which bounding box more accurately localizes and encloses the tablecloth?
OPTIONS:
0: Box A
1: Box B

Answer with the correct option from 0 to 1. Only provide the numeric and nothing else 


Answer:  ASSISTANT:",10000,1,Object Localization
334,"USER: 
 QUESTION: Which bounding box more accurately localizes and encloses the bus (vehicle)?
OPTIONS:
0: Box A
1: Box B

Answer with the correct option from 0 to 1. Only provide the numeric and nothing else 


Answer:  ASSISTANT:",10000,0,Object Localization
335,"USER: 
 QUESTION: Which bounding box more accurately localizes and encloses the wok?
OPTIONS:
0: Box A
1: Box B

Answer with the correct option from 0 to 1. Only provide the numeric and nothing else 


Answer:  ASSISTANT:",10000,1,Object Localization
336,"USER: 
 QUESTION: Which bounding box more accurately localizes and encloses the onion?
OPTIONS:
0: Box A
1: Box B

Answer with the correct option from 0 to 1. Only provide the numeric and nothing else 


Answer:  ASSISTANT:",10000,1,Object Localization
337,"USER: 
 QUESTION: Which bounding box more accurately localizes and encloses the computer keyboard?
OPTIONS:
0: Box A
1: Box B

Answer with the correct option from 0 to 1. Only provide the numeric and nothing else 


Answer:  ASSISTANT:",10000,0,Object Localization
338,"USER: 
 QUESTION: Which bounding box more accurately localizes and encloses the vase?
OPTIONS:
0: Box A
1: Box B

Answer with the correct option from 0 to 1. Only provide the numeric and nothing else 


Answer:  ASSISTANT:",10000,1,Object Localization
339,"USER: 
 QUESTION: Which bounding box more accurately localizes and encloses the giraffe?
OPTIONS:
0: Box A
1: Box B

Answer with the correct option from 0 to 1. Only provide the numeric and nothing else 


Answer:  ASSISTANT:",10000,1,Object Localization
340,"USER: 
 QUESTION: Which bounding box more accurately localizes and encloses the pizza?
OPTIONS:
0: Box A
1: Box B

Answer with the correct option from 0 to 1. Only provide the numeric and nothing else 


Answer:  ASSISTANT:",10000,0,Object Localization
341,"USER: 
 QUESTION: Which bounding box more accurately localizes and encloses the parking meter?
OPTIONS:
0: Box A
1: Box B

Answer with the correct option from 0 to 1. Only provide the numeric and nothing else 


Answer:  ASSISTANT:",10000,1,Object Localization
342,"USER: 
 QUESTION: Which bounding box more accurately localizes and encloses the jersey?
OPTIONS:
0: Box A
1: Box B

Answer with the correct option from 0 to 1. Only provide the numeric and nothing else 


Answer:  ASSISTANT:",10000,0,Object Localization
343,"USER: 
 QUESTION: Which bounding box more accurately localizes and encloses the kite?
OPTIONS:
0: Box A
1: Box B

Answer with the correct option from 0 to 1. Only provide the numeric and nothing else 


Answer:  ASSISTANT:",10000,1,Object Localization
344,"USER: 
 QUESTION: Which bounding box more accurately localizes and encloses the tablecloth?
OPTIONS:
0: Box A
1: Box B

Answer with the correct option from 0 to 1. Only provide the numeric and nothing else 


Answer:  ASSISTANT:",10000,0,Object Localization
345,"USER: 
 QUESTION: Which bounding box more accurately localizes and encloses the knife?
OPTIONS:
0: Box A
1: Box B

Answer with the correct option from 0 to 1. Only provide the numeric and nothing else 


Answer:  ASSISTANT:",10000,1,Object Localization
346,"USER: 
 QUESTION: Which bounding box more accurately localizes and encloses the sofa?
OPTIONS:
0: Box A
1: Box B

Answer with the correct option from 0 to 1. Only provide the numeric and nothing else 


Answer:  ASSISTANT:",10000,0,Object Localization
347,"USER: 
 QUESTION: Which bounding box more accurately localizes and encloses the banana?
OPTIONS:
0: Box A
1: Box B

Answer with the correct option from 0 to 1. Only provide the numeric and nothing else 


Answer:  ASSISTANT:",10000,1,Object Localization
348,"USER: 
 QUESTION: Which bounding box more accurately localizes and encloses the nightshirt?
OPTIONS:
0: Box A
1: Box B

Answer with the correct option from 0 to 1. Only provide the numeric and nothing else 


Answer:  ASSISTANT:",10000,1,Object Localization
349,"USER: 
 QUESTION: Which bounding box more accurately localizes and encloses the cow?
OPTIONS:
0: Box A
1: Box B

Answer with the correct option from 0 to 1. Only provide the numeric and nothing else 


Answer:  ASSISTANT:",10000,0,Object Localization
350,"USER: 
 QUESTION: Which bounding box more accurately localizes and encloses the plate?
OPTIONS:
0: Box A
1: Box B

Answer with the correct option from 0 to 1. Only provide the numeric and nothing else 


Answer:  ASSISTANT:",10000,1,Object Localization
351,"USER: 
 QUESTION: Which bounding box more accurately localizes and encloses the duffel bag?
OPTIONS:
0: Box A
1: Box B

Answer with the correct option from 0 to 1. Only provide the numeric and nothing else 


Answer:  ASSISTANT:",10000,1,Object Localization
352,"USER: 
 QUESTION: Which bounding box more accurately localizes and encloses the control?
OPTIONS:
0: Box A
1: Box B

Answer with the correct option from 0 to 1. Only provide the numeric and nothing else 


Answer:  ASSISTANT:",10000,1,Object Localization
353,"USER: 
 QUESTION: Which bounding box more accurately localizes and encloses the pizza?
OPTIONS:
0: Box A
1: Box B

Answer with the correct option from 0 to 1. Only provide the numeric and nothing else 


Answer:  ASSISTANT:",10000,0,Object Localization
354,"USER: 
 QUESTION: Which bounding box more accurately localizes and encloses the dresser?
OPTIONS:
0: Box A
1: Box B

Answer with the correct option from 0 to 1. Only provide the numeric and nothing else 


Answer:  ASSISTANT:",10000,0,Object Localization
355,"USER: 
 QUESTION: Which bounding box more accurately localizes and encloses the airplane?
OPTIONS:
0: Box A
1: Box B

Answer with the correct option from 0 to 1. Only provide the numeric and nothing else 


Answer:  ASSISTANT:",10000,1,Object Localization
356,"USER: 
 QUESTION: Which bounding box more accurately localizes and encloses the toilet?
OPTIONS:
0: Box A
1: Box B

Answer with the correct option from 0 to 1. Only provide the numeric and nothing else 


Answer:  ASSISTANT:",10000,1,Object Localization
357,"USER: 
 QUESTION: Which bounding box more accurately localizes and encloses the bed?
OPTIONS:
0: Box A
1: Box B

Answer with the correct option from 0 to 1. Only provide the numeric and nothing else 


Answer:  ASSISTANT:",10000,1,Object Localization
358,"USER: 
 QUESTION: Which bounding box more accurately localizes and encloses the zebra?
OPTIONS:
0: Box A
1: Box B

Answer with the correct option from 0 to 1. Only provide the numeric and nothing else 


Answer:  ASSISTANT:",10000,0,Object Localization
359,"USER: 
 QUESTION: Which bounding box more accurately localizes and encloses the sandwich?
OPTIONS:
0: Box A
1: Box B

Answer with the correct option from 0 to 1. Only provide the numeric and nothing else 


Answer:  ASSISTANT:",10000,1,Object Localization
360,"USER: 
 QUESTION: Which bounding box more accurately localizes and encloses the bowl?
OPTIONS:
0: Box A
1: Box B

Answer with the correct option from 0 to 1. Only provide the numeric and nothing else 


Answer:  ASSISTANT:",10000,1,Object Localization
361,"USER: 
 QUESTION: Which bounding box more accurately localizes and encloses the knife?
OPTIONS:
0: Box A
1: Box B

Answer with the correct option from 0 to 1. Only provide the numeric and nothing else 


Answer:  ASSISTANT:",10000,1,Object Localization
362,"USER: 
 QUESTION: Which bounding box more accurately localizes and encloses the polo shirt?
OPTIONS:
0: Box A
1: Box B

Answer with the correct option from 0 to 1. Only provide the numeric and nothing else 


Answer:  ASSISTANT:",10000,0,Object Localization
363,"USER: 
 QUESTION: Which bounding box more accurately localizes and encloses the horse?
OPTIONS:
0: Box A
1: Box B

Answer with the correct option from 0 to 1. Only provide the numeric and nothing else 


Answer:  ASSISTANT:",10000,1,Object Localization
364,"USER: 
 QUESTION: Which bounding box more accurately localizes and encloses the umbrella?
OPTIONS:
0: Box A
1: Box B

Answer with the correct option from 0 to 1. Only provide the numeric and nothing else 


Answer:  ASSISTANT:",10000,0,Object Localization
365,"USER: 
 QUESTION: Which bounding box more accurately localizes and encloses the telephone?
OPTIONS:
0: Box A
1: Box B

Answer with the correct option from 0 to 1. Only provide the numeric and nothing else 


Answer:  ASSISTANT:",10000,1,Object Localization
366,"USER: 
 QUESTION: Which bounding box more accurately localizes and encloses the pillow?
OPTIONS:
0: Box A
1: Box B

Answer with the correct option from 0 to 1. Only provide the numeric and nothing else 


Answer:  ASSISTANT:",10000,0,Object Localization
367,"USER: 
 QUESTION: Which bounding box more accurately localizes and encloses the computer keyboard?
OPTIONS:
0: Box A
1: Box B

Answer with the correct option from 0 to 1. Only provide the numeric and nothing else 


Answer:  ASSISTANT:",10000,0,Object Localization
368,"USER: 
 QUESTION: Which bounding box more accurately localizes and encloses the bed?
OPTIONS:
0: Box A
1: Box B

Answer with the correct option from 0 to 1. Only provide the numeric and nothing else 


Answer:  ASSISTANT:",10000,0,Object Localization
369,"USER: 
 QUESTION: Which bounding box more accurately localizes and encloses the tray?
OPTIONS:
0: Box A
1: Box B

Answer with the correct option from 0 to 1. Only provide the numeric and nothing else 


Answer:  ASSISTANT:",10000,0,Object Localization
370,"USER: 
 QUESTION: Which bounding box more accurately localizes and encloses the knife?
OPTIONS:
0: Box A
1: Box B

Answer with the correct option from 0 to 1. Only provide the numeric and nothing else 


Answer:  ASSISTANT:",10000,1,Object Localization
371,"USER: 
 QUESTION: Which bounding box more accurately localizes and encloses the jean?
OPTIONS:
0: Box A
1: Box B

Answer with the correct option from 0 to 1. Only provide the numeric and nothing else 


Answer:  ASSISTANT:",10000,1,Object Localization
372,"USER: 
 QUESTION: Which bounding box more accurately localizes and encloses the bird?
OPTIONS:
0: Box A
1: Box B

Answer with the correct option from 0 to 1. Only provide the numeric and nothing else 


Answer:  ASSISTANT:",10000,0,Object Localization
373,"USER: 
 QUESTION: Which bounding box more accurately localizes and encloses the book?
OPTIONS:
0: Box A
1: Box B

Answer with the correct option from 0 to 1. Only provide the numeric and nothing else 


Answer:  ASSISTANT:",10000,0,Object Localization
374,"USER: 
 QUESTION: Which bounding box more accurately localizes and encloses the bear?
OPTIONS:
0: Box A
1: Box B

Answer with the correct option from 0 to 1. Only provide the numeric and nothing else 


Answer:  ASSISTANT:",10000,1,Object Localization
375,"USER: 
 QUESTION: Which bounding box more accurately localizes and encloses the chandelier?
OPTIONS:
0: Box A
1: Box B

Answer with the correct option from 0 to 1. Only provide the numeric and nothing else 


Answer:  ASSISTANT:",10000,1,Object Localization
376,"USER: 
 QUESTION: Which bounding box more accurately localizes and encloses the cat?
OPTIONS:
0: Box A
1: Box B

Answer with the correct option from 0 to 1. Only provide the numeric and nothing else 


Answer:  ASSISTANT:",10000,0,Object Localization
377,"USER: 
 QUESTION: Which bounding box more accurately localizes and encloses the cellular telephone?
OPTIONS:
0: Box A
1: Box B

Answer with the correct option from 0 to 1. Only provide the numeric and nothing else 


Answer:  ASSISTANT:",10000,0,Object Localization
378,"USER: 
 QUESTION: Which bounding box more accurately localizes and encloses the bath towel?
OPTIONS:
0: Box A
1: Box B

Answer with the correct option from 0 to 1. Only provide the numeric and nothing else 


Answer:  ASSISTANT:",10000,0,Object Localization
379,"USER: 
 QUESTION: Which bounding box more accurately localizes and encloses the train (railroad vehicle)?
OPTIONS:
0: Box A
1: Box B

Answer with the correct option from 0 to 1. Only provide the numeric and nothing else 


Answer:  ASSISTANT:",10000,1,Object Localization
380,"USER: 
 QUESTION: Which bounding box more accurately localizes and encloses the lamp?
OPTIONS:
0: Box A
1: Box B

Answer with the correct option from 0 to 1. Only provide the numeric and nothing else 


Answer:  ASSISTANT:",10000,1,Object Localization
381,"USER: 
 QUESTION: Which bounding box more accurately localizes and encloses the jersey?
OPTIONS:
0: Box A
1: Box B

Answer with the correct option from 0 to 1. Only provide the numeric and nothing else 


Answer:  ASSISTANT:",10000,1,Object Localization
382,"USER: 
 QUESTION: Which bounding box more accurately localizes and encloses the dog?
OPTIONS:
0: Box A
1: Box B

Answer with the correct option from 0 to 1. Only provide the numeric and nothing else 


Answer:  ASSISTANT:",10000,1,Object Localization
383,"USER: 
 QUESTION: Which bounding box more accurately localizes and encloses the person?
OPTIONS:
0: Box A
1: Box B

Answer with the correct option from 0 to 1. Only provide the numeric and nothing else 


Answer:  ASSISTANT:",10000,1,Object Localization
384,"USER: 
 QUESTION: Which bounding box more accurately localizes and encloses the refrigerator?
OPTIONS:
0: Box A
1: Box B

Answer with the correct option from 0 to 1. Only provide the numeric and nothing else 


Answer:  ASSISTANT:",10000,0,Object Localization
385,"USER: 
 QUESTION: Which bounding box more accurately localizes and encloses the plate?
OPTIONS:
0: Box A
1: Box B

Answer with the correct option from 0 to 1. Only provide the numeric and nothing else 


Answer:  ASSISTANT:",10000,1,Object Localization
386,"USER: 
 QUESTION: Which bounding box more accurately localizes and encloses the dish?
OPTIONS:
0: Box A
1: Box B

Answer with the correct option from 0 to 1. Only provide the numeric and nothing else 


Answer:  ASSISTANT:",10000,0,Object Localization
387,"USER: 
 QUESTION: Which bounding box more accurately localizes and encloses the shower curtain?
OPTIONS:
0: Box A
1: Box B

Answer with the correct option from 0 to 1. Only provide the numeric and nothing else 


Answer:  ASSISTANT:",10000,1,Object Localization
388,"USER: 
 QUESTION: Which bounding box more accurately localizes and encloses the jacket?
OPTIONS:
0: Box A
1: Box B

Answer with the correct option from 0 to 1. Only provide the numeric and nothing else 


Answer:  ASSISTANT:",10000,0,Object Localization
389,"USER: 
 QUESTION: Which bounding box more accurately localizes and encloses the chair?
OPTIONS:
0: Box A
1: Box B

Answer with the correct option from 0 to 1. Only provide the numeric and nothing else 


Answer:  ASSISTANT:",10000,0,Object Localization
390,"USER: 
 QUESTION: Which point is closer to the camera?
OPTIONS:
0: A is closer
1: B is closer

Answer with the correct option from 0 to 1. Only provide the numeric and nothing else 


Answer:  ASSISTANT:",10000,1,Relative Depth
391,"USER: 
 QUESTION: Which point is closer to the camera?
OPTIONS:
0: A is closer
1: B is closer

Answer with the correct option from 0 to 1. Only provide the numeric and nothing else 


Answer:  ASSISTANT:",10000,1,Relative Depth
392,"USER: 
 QUESTION: Which point is closer to the camera?
OPTIONS:
0: A is closer
1: B is closer

Answer with the correct option from 0 to 1. Only provide the numeric and nothing else 


Answer:  ASSISTANT:",10000,1,Relative Depth
393,"USER: 
 QUESTION: Which point is closer to the camera?
OPTIONS:
0: A is closer
1: B is closer

Answer with the correct option from 0 to 1. Only provide the numeric and nothing else 


Answer:  ASSISTANT:",10000,0,Relative Depth
394,"USER: 
 QUESTION: Which point is closer to the camera?
OPTIONS:
0: A is closer
1: B is closer

Answer with the correct option from 0 to 1. Only provide the numeric and nothing else 


Answer:  ASSISTANT:",10000,0,Relative Depth
395,"USER: 
 QUESTION: Which point is closer to the camera?
OPTIONS:
0: A is closer
1: B is closer

Answer with the correct option from 0 to 1. Only provide the numeric and nothing else 


Answer:  ASSISTANT:",10000,0,Relative Depth
396,"USER: 
 QUESTION: Which point is closer to the camera?
OPTIONS:
0: A is closer
1: B is closer

Answer with the correct option from 0 to 1. Only provide the numeric and nothing else 


Answer:  ASSISTANT:",10000,0,Relative Depth
397,"USER: 
 QUESTION: Which point is closer to the camera?
OPTIONS:
0: A is closer
1: B is closer

Answer with the correct option from 0 to 1. Only provide the numeric and nothing else 


Answer:  ASSISTANT:",10000,1,Relative Depth
398,"USER: 
 QUESTION: Which point is closer to the camera?
OPTIONS:
0: A is closer
1: B is closer

Answer with the correct option from 0 to 1. Only provide the numeric and nothing else 


Answer:  ASSISTANT:",10000,1,Relative Depth
399,"USER: 
 QUESTION: Which point is closer to the camera?
OPTIONS:
0: A is closer
1: B is closer

Answer with the correct option from 0 to 1. Only provide the numeric and nothing else 


Answer:  ASSISTANT:",10000,0,Relative Depth
400,"USER: 
 QUESTION: Which point is closer to the camera?
OPTIONS:
0: A is closer
1: B is closer

Answer with the correct option from 0 to 1. Only provide the numeric and nothing else 


Answer:  ASSISTANT:",10000,1,Relative Depth
401,"USER: 
 QUESTION: Which point is closer to the camera?
OPTIONS:
0: A is closer
1: B is closer

Answer with the correct option from 0 to 1. Only provide the numeric and nothing else 


Answer:  ASSISTANT:",10000,0,Relative Depth
402,"USER: 
 QUESTION: Which point is closer to the camera?
OPTIONS:
0: A is closer
1: B is closer

Answer with the correct option from 0 to 1. Only provide the numeric and nothing else 


Answer:  ASSISTANT:",10000,1,Relative Depth
403,"USER: 
 QUESTION: Which point is closer to the camera?
OPTIONS:
0: A is closer
1: B is closer

Answer with the correct option from 0 to 1. Only provide the numeric and nothing else 


Answer:  ASSISTANT:",10000,0,Relative Depth
404,"USER: 
 QUESTION: Which point is closer to the camera?
OPTIONS:
0: A is closer
1: B is closer

Answer with the correct option from 0 to 1. Only provide the numeric and nothing else 


Answer:  ASSISTANT:",10000,1,Relative Depth
405,"USER: 
 QUESTION: Which point is closer to the camera?
OPTIONS:
0: A is closer
1: B is closer

Answer with the correct option from 0 to 1. Only provide the numeric and nothing else 


Answer:  ASSISTANT:",10000,1,Relative Depth
406,"USER: 
 QUESTION: Which point is closer to the camera?
OPTIONS:
0: A is closer
1: B is closer

Answer with the correct option from 0 to 1. Only provide the numeric and nothing else 


Answer:  ASSISTANT:",10000,1,Relative Depth
407,"USER: 
 QUESTION: Which point is closer to the camera?
OPTIONS:
0: A is closer
1: B is closer

Answer with the correct option from 0 to 1. Only provide the numeric and nothing else 


Answer:  ASSISTANT:",10000,0,Relative Depth
408,"USER: 
 QUESTION: Which point is closer to the camera?
OPTIONS:
0: A is closer
1: B is closer

Answer with the correct option from 0 to 1. Only provide the numeric and nothing else 


Answer:  ASSISTANT:",10000,1,Relative Depth
409,"USER: 
 QUESTION: Which point is closer to the camera?
OPTIONS:
0: A is closer
1: B is closer

Answer with the correct option from 0 to 1. Only provide the numeric and nothing else 


Answer:  ASSISTANT:",10000,1,Relative Depth
410,"USER: 
 QUESTION: Which point is closer to the camera?
OPTIONS:
0: A is closer
1: B is closer

Answer with the correct option from 0 to 1. Only provide the numeric and nothing else 


Answer:  ASSISTANT:",10000,1,Relative Depth
411,"USER: 
 QUESTION: Which point is closer to the camera?
OPTIONS:
0: A is closer
1: B is closer

Answer with the correct option from 0 to 1. Only provide the numeric and nothing else 


Answer:  ASSISTANT:",10000,1,Relative Depth
412,"USER: 
 QUESTION: Which point is closer to the camera?
OPTIONS:
0: A is closer
1: B is closer

Answer with the correct option from 0 to 1. Only provide the numeric and nothing else 


Answer:  ASSISTANT:",10000,1,Relative Depth
413,"USER: 
 QUESTION: Which point is closer to the camera?
OPTIONS:
0: A is closer
1: B is closer

Answer with the correct option from 0 to 1. Only provide the numeric and nothing else 


Answer:  ASSISTANT:",10000,0,Relative Depth
414,"USER: 
 QUESTION: Which point is closer to the camera?
OPTIONS:
0: A is closer
1: B is closer

Answer with the correct option from 0 to 1. Only provide the numeric and nothing else 


Answer:  ASSISTANT:",10000,0,Relative Depth
415,"USER: 
 QUESTION: Which point is closer to the camera?
OPTIONS:
0: A is closer
1: B is closer

Answer with the correct option from 0 to 1. Only provide the numeric and nothing else 


Answer:  ASSISTANT:",10000,0,Relative Depth
416,"USER: 
 QUESTION: Which point is closer to the camera?
OPTIONS:
0: A is closer
1: B is closer

Answer with the correct option from 0 to 1. Only provide the numeric and nothing else 


Answer:  ASSISTANT:",10000,0,Relative Depth
417,"USER: 
 QUESTION: Which point is closer to the camera?
OPTIONS:
0: A is closer
1: B is closer

Answer with the correct option from 0 to 1. Only provide the numeric and nothing else 


Answer:  ASSISTANT:",10000,0,Relative Depth
418,"USER: 
 QUESTION: Which point is closer to the camera?
OPTIONS:
0: A is closer
1: B is closer

Answer with the correct option from 0 to 1. Only provide the numeric and nothing else 


Answer:  ASSISTANT:",10000,0,Relative Depth
419,"USER: 
 QUESTION: Which point is closer to the camera?
OPTIONS:
0: A is closer
1: B is closer

Answer with the correct option from 0 to 1. Only provide the numeric and nothing else 


Answer:  ASSISTANT:",10000,0,Relative Depth
420,"USER: 
 QUESTION: Which point is closer to the camera?
OPTIONS:
0: A is closer
1: B is closer

Answer with the correct option from 0 to 1. Only provide the numeric and nothing else 


Answer:  ASSISTANT:",10000,0,Relative Depth
421,"USER: 
 QUESTION: Which point is closer to the camera?
OPTIONS:
0: A is closer
1: B is closer

Answer with the correct option from 0 to 1. Only provide the numeric and nothing else 


Answer:  ASSISTANT:",10000,1,Relative Depth
422,"USER: 
 QUESTION: Which point is closer to the camera?
OPTIONS:
0: A is closer
1: B is closer

Answer with the correct option from 0 to 1. Only provide the numeric and nothing else 


Answer:  ASSISTANT:",10000,1,Relative Depth
423,"USER: 
 QUESTION: Which point is closer to the camera?
OPTIONS:
0: A is closer
1: B is closer

Answer with the correct option from 0 to 1. Only provide the numeric and nothing else 


Answer:  ASSISTANT:",10000,0,Relative Depth
424,"USER: 
 QUESTION: Which point is closer to the camera?
OPTIONS:
0: A is closer
1: B is closer

Answer with the correct option from 0 to 1. Only provide the numeric and nothing else 


Answer:  ASSISTANT:",10000,0,Relative Depth
425,"USER: 
 QUESTION: Which point is closer to the camera?
OPTIONS:
0: A is closer
1: B is closer

Answer with the correct option from 0 to 1. Only provide the numeric and nothing else 


Answer:  ASSISTANT:",10000,0,Relative Depth
426,"USER: 
 QUESTION: Which point is closer to the camera?
OPTIONS:
0: A is closer
1: B is closer

Answer with the correct option from 0 to 1. Only provide the numeric and nothing else 


Answer:  ASSISTANT:",10000,0,Relative Depth
427,"USER: 
 QUESTION: Which point is closer to the camera?
OPTIONS:
0: A is closer
1: B is closer

Answer with the correct option from 0 to 1. Only provide the numeric and nothing else 


Answer:  ASSISTANT:",10000,1,Relative Depth
428,"USER: 
 QUESTION: Which point is closer to the camera?
OPTIONS:
0: A is closer
1: B is closer

Answer with the correct option from 0 to 1. Only provide the numeric and nothing else 


Answer:  ASSISTANT:",10000,0,Relative Depth
429,"USER: 
 QUESTION: Which point is closer to the camera?
OPTIONS:
0: A is closer
1: B is closer

Answer with the correct option from 0 to 1. Only provide the numeric and nothing else 


Answer:  ASSISTANT:",10000,0,Relative Depth
430,"USER: 
 QUESTION: Which point is closer to the camera?
OPTIONS:
0: A is closer
1: B is closer

Answer with the correct option from 0 to 1. Only provide the numeric and nothing else 


Answer:  ASSISTANT:",10000,1,Relative Depth
431,"USER: 
 QUESTION: Which point is closer to the camera?
OPTIONS:
0: A is closer
1: B is closer

Answer with the correct option from 0 to 1. Only provide the numeric and nothing else 


Answer:  ASSISTANT:",10000,0,Relative Depth
432,"USER: 
 QUESTION: Which point is closer to the camera?
OPTIONS:
0: A is closer
1: B is closer

Answer with the correct option from 0 to 1. Only provide the numeric and nothing else 


Answer:  ASSISTANT:",10000,1,Relative Depth
433,"USER: 
 QUESTION: Which point is closer to the camera?
OPTIONS:
0: A is closer
1: B is closer

Answer with the correct option from 0 to 1. Only provide the numeric and nothing else 


Answer:  ASSISTANT:",10000,0,Relative Depth
434,"USER: 
 QUESTION: Which point is closer to the camera?
OPTIONS:
0: A is closer
1: B is closer

Answer with the correct option from 0 to 1. Only provide the numeric and nothing else 


Answer:  ASSISTANT:",10000,0,Relative Depth
435,"USER: 
 QUESTION: Which point is closer to the camera?
OPTIONS:
0: A is closer
1: B is closer

Answer with the correct option from 0 to 1. Only provide the numeric and nothing else 


Answer:  ASSISTANT:",10000,0,Relative Depth
436,"USER: 
 QUESTION: Which point is closer to the camera?
OPTIONS:
0: A is closer
1: B is closer

Answer with the correct option from 0 to 1. Only provide the numeric and nothing else 


Answer:  ASSISTANT:",10000,1,Relative Depth
437,"USER: 
 QUESTION: Which point is closer to the camera?
OPTIONS:
0: A is closer
1: B is closer

Answer with the correct option from 0 to 1. Only provide the numeric and nothing else 


Answer:  ASSISTANT:",10000,1,Relative Depth
438,"USER: 
 QUESTION: Which point is closer to the camera?
OPTIONS:
0: A is closer
1: B is closer

Answer with the correct option from 0 to 1. Only provide the numeric and nothing else 


Answer:  ASSISTANT:",10000,1,Relative Depth
439,"USER: 
 QUESTION: Which point is closer to the camera?
OPTIONS:
0: A is closer
1: B is closer

Answer with the correct option from 0 to 1. Only provide the numeric and nothing else 


Answer:  ASSISTANT:",10000,1,Relative Depth
440,"USER: 
 QUESTION: Which point is closer to the camera?
OPTIONS:
0: A is closer
1: B is closer

Answer with the correct option from 0 to 1. Only provide the numeric and nothing else 


Answer:  ASSISTANT:",10000,1,Relative Depth
441,"USER: 
 QUESTION: Which point is closer to the camera?
OPTIONS:
0: A is closer
1: B is closer

Answer with the correct option from 0 to 1. Only provide the numeric and nothing else 


Answer:  ASSISTANT:",10000,0,Relative Depth
442,"USER: 
 QUESTION: Which point is closer to the camera?
OPTIONS:
0: A is closer
1: B is closer

Answer with the correct option from 0 to 1. Only provide the numeric and nothing else 


Answer:  ASSISTANT:",10000,1,Relative Depth
443,"USER: 
 QUESTION: Which point is closer to the camera?
OPTIONS:
0: A is closer
1: B is closer

Answer with the correct option from 0 to 1. Only provide the numeric and nothing else 


Answer:  ASSISTANT:",10000,0,Relative Depth
444,"USER: 
 QUESTION: Which point is closer to the camera?
OPTIONS:
0: A is closer
1: B is closer

Answer with the correct option from 0 to 1. Only provide the numeric and nothing else 


Answer:  ASSISTANT:",10000,1,Relative Depth
445,"USER: 
 QUESTION: Which point is closer to the camera?
OPTIONS:
0: A is closer
1: B is closer

Answer with the correct option from 0 to 1. Only provide the numeric and nothing else 


Answer:  ASSISTANT:",10000,1,Relative Depth
446,"USER: 
 QUESTION: Which point is closer to the camera?
OPTIONS:
0: A is closer
1: B is closer

Answer with the correct option from 0 to 1. Only provide the numeric and nothing else 


Answer:  ASSISTANT:",10000,1,Relative Depth
447,"USER: 
 QUESTION: Which point is closer to the camera?
OPTIONS:
0: A is closer
1: B is closer

Answer with the correct option from 0 to 1. Only provide the numeric and nothing else 


Answer:  ASSISTANT:",10000,1,Relative Depth
448,"USER: 
 QUESTION: Which point is closer to the camera?
OPTIONS:
0: A is closer
1: B is closer

Answer with the correct option from 0 to 1. Only provide the numeric and nothing else 


Answer:  ASSISTANT:",10000,1,Relative Depth
449,"USER: 
 QUESTION: Which point is closer to the camera?
OPTIONS:
0: A is closer
1: B is closer

Answer with the correct option from 0 to 1. Only provide the numeric and nothing else 


Answer:  ASSISTANT:",10000,0,Relative Depth
450,"USER: 
 QUESTION: Which point is closer to the camera?
OPTIONS:
0: A is closer
1: B is closer

Answer with the correct option from 0 to 1. Only provide the numeric and nothing else 


Answer:  ASSISTANT:",10000,0,Relative Depth
451,"USER: 
 QUESTION: Which point is closer to the camera?
OPTIONS:
0: A is closer
1: B is closer

Answer with the correct option from 0 to 1. Only provide the numeric and nothing else 


Answer:  ASSISTANT:",10000,0,Relative Depth
452,"USER: 
 QUESTION: Which point is closer to the camera?
OPTIONS:
0: A is closer
1: B is closer

Answer with the correct option from 0 to 1. Only provide the numeric and nothing else 


Answer:  ASSISTANT:",10000,1,Relative Depth
453,"USER: 
 QUESTION: Which point is closer to the camera?
OPTIONS:
0: A is closer
1: B is closer

Answer with the correct option from 0 to 1. Only provide the numeric and nothing else 


Answer:  ASSISTANT:",10000,0,Relative Depth
454,"USER: 
 QUESTION: Which point is closer to the camera?
OPTIONS:
0: A is closer
1: B is closer

Answer with the correct option from 0 to 1. Only provide the numeric and nothing else 


Answer:  ASSISTANT:",10000,0,Relative Depth
455,"USER: 
 QUESTION: Which point is closer to the camera?
OPTIONS:
0: A is closer
1: B is closer

Answer with the correct option from 0 to 1. Only provide the numeric and nothing else 


Answer:  ASSISTANT:",10000,0,Relative Depth
456,"USER: 
 QUESTION: Which point is closer to the camera?
OPTIONS:
0: A is closer
1: B is closer

Answer with the correct option from 0 to 1. Only provide the numeric and nothing else 


Answer:  ASSISTANT:",10000,1,Relative Depth
457,"USER: 
 QUESTION: Which point is closer to the camera?
OPTIONS:
0: A is closer
1: B is closer

Answer with the correct option from 0 to 1. Only provide the numeric and nothing else 


Answer:  ASSISTANT:",10000,1,Relative Depth
458,"USER: 
 QUESTION: Which point is closer to the camera?
OPTIONS:
0: A is closer
1: B is closer

Answer with the correct option from 0 to 1. Only provide the numeric and nothing else 


Answer:  ASSISTANT:",10000,0,Relative Depth
459,"USER: 
 QUESTION: Which point is closer to the camera?
OPTIONS:
0: A is closer
1: B is closer

Answer with the correct option from 0 to 1. Only provide the numeric and nothing else 


Answer:  ASSISTANT:",10000,1,Relative Depth
460,"USER: 
 QUESTION: Which point is closer to the camera?
OPTIONS:
0: A is closer
1: B is closer

Answer with the correct option from 0 to 1. Only provide the numeric and nothing else 


Answer:  ASSISTANT:",10000,1,Relative Depth
461,"USER: 
 QUESTION: Which point is closer to the camera?
OPTIONS:
0: A is closer
1: B is closer

Answer with the correct option from 0 to 1. Only provide the numeric and nothing else 


Answer:  ASSISTANT:",10000,0,Relative Depth
462,"USER: 
 QUESTION: Which point is closer to the camera?
OPTIONS:
0: A is closer
1: B is closer

Answer with the correct option from 0 to 1. Only provide the numeric and nothing else 


Answer:  ASSISTANT:",10000,0,Relative Depth
463,"USER: 
 QUESTION: Which point is closer to the camera?
OPTIONS:
0: A is closer
1: B is closer

Answer with the correct option from 0 to 1. Only provide the numeric and nothing else 


Answer:  ASSISTANT:",10000,0,Relative Depth
464,"USER: 
 QUESTION: Which point is closer to the camera?
OPTIONS:
0: A is closer
1: B is closer

Answer with the correct option from 0 to 1. Only provide the numeric and nothing else 


Answer:  ASSISTANT:",10000,1,Relative Depth
465,"USER: 
 QUESTION: Which point is closer to the camera?
OPTIONS:
0: A is closer
1: B is closer

Answer with the correct option from 0 to 1. Only provide the numeric and nothing else 


Answer:  ASSISTANT:",10000,1,Relative Depth
466,"USER: 
 QUESTION: Which point is closer to the camera?
OPTIONS:
0: A is closer
1: B is closer

Answer with the correct option from 0 to 1. Only provide the numeric and nothing else 


Answer:  ASSISTANT:",10000,1,Relative Depth
467,"USER: 
 QUESTION: Which point is closer to the camera?
OPTIONS:
0: A is closer
1: B is closer

Answer with the correct option from 0 to 1. Only provide the numeric and nothing else 


Answer:  ASSISTANT:",10000,0,Relative Depth
468,"USER: 
 QUESTION: Which point is closer to the camera?
OPTIONS:
0: A is closer
1: B is closer

Answer with the correct option from 0 to 1. Only provide the numeric and nothing else 


Answer:  ASSISTANT:",10000,1,Relative Depth
469,"USER: 
 QUESTION: Which point is closer to the camera?
OPTIONS:
0: A is closer
1: B is closer

Answer with the correct option from 0 to 1. Only provide the numeric and nothing else 


Answer:  ASSISTANT:",10000,1,Relative Depth
470,"USER: 
 QUESTION: Which point is closer to the camera?
OPTIONS:
0: A is closer
1: B is closer

Answer with the correct option from 0 to 1. Only provide the numeric and nothing else 


Answer:  ASSISTANT:",10000,1,Relative Depth
471,"USER: 
 QUESTION: Which point is closer to the camera?
OPTIONS:
0: A is closer
1: B is closer

Answer with the correct option from 0 to 1. Only provide the numeric and nothing else 


Answer:  ASSISTANT:",10000,0,Relative Depth
472,"USER: 
 QUESTION: Which point is closer to the camera?
OPTIONS:
0: A is closer
1: B is closer

Answer with the correct option from 0 to 1. Only provide the numeric and nothing else 


Answer:  ASSISTANT:",10000,1,Relative Depth
473,"USER: 
 QUESTION: Which point is closer to the camera?
OPTIONS:
0: A is closer
1: B is closer

Answer with the correct option from 0 to 1. Only provide the numeric and nothing else 


Answer:  ASSISTANT:",10000,0,Relative Depth
474,"USER: 
 QUESTION: Which point is closer to the camera?
OPTIONS:
0: A is closer
1: B is closer

Answer with the correct option from 0 to 1. Only provide the numeric and nothing else 


Answer:  ASSISTANT:",10000,1,Relative Depth
475,"USER: 
 QUESTION: Which point is closer to the camera?
OPTIONS:
0: A is closer
1: B is closer

Answer with the correct option from 0 to 1. Only provide the numeric and nothing else 


Answer:  ASSISTANT:",10000,1,Relative Depth
476,"USER: 
 QUESTION: Which point is closer to the camera?
OPTIONS:
0: A is closer
1: B is closer

Answer with the correct option from 0 to 1. Only provide the numeric and nothing else 


Answer:  ASSISTANT:",10000,0,Relative Depth
477,"USER: 
 QUESTION: Which point is closer to the camera?
OPTIONS:
0: A is closer
1: B is closer

Answer with the correct option from 0 to 1. Only provide the numeric and nothing else 


Answer:  ASSISTANT:",10000,0,Relative Depth
478,"USER: 
 QUESTION: Which point is closer to the camera?
OPTIONS:
0: A is closer
1: B is closer

Answer with the correct option from 0 to 1. Only provide the numeric and nothing else 


Answer:  ASSISTANT:",10000,1,Relative Depth
479,"USER: 
 QUESTION: Which point is closer to the camera?
OPTIONS:
0: A is closer
1: B is closer

Answer with the correct option from 0 to 1. Only provide the numeric and nothing else 


Answer:  ASSISTANT:",10000,0,Relative Depth
480,"USER: 
 QUESTION: Which point is closer to the camera?
OPTIONS:
0: A is closer
1: B is closer

Answer with the correct option from 0 to 1. Only provide the numeric and nothing else 


Answer:  ASSISTANT:",10000,0,Relative Depth
481,"USER: 
 QUESTION: Which point is closer to the camera?
OPTIONS:
0: A is closer
1: B is closer

Answer with the correct option from 0 to 1. Only provide the numeric and nothing else 


Answer:  ASSISTANT:",10000,1,Relative Depth
482,"USER: 
 QUESTION: Which point is closer to the camera?
OPTIONS:
0: A is closer
1: B is closer

Answer with the correct option from 0 to 1. Only provide the numeric and nothing else 


Answer:  ASSISTANT:",10000,0,Relative Depth
483,"USER: 
 QUESTION: Which point is closer to the camera?
OPTIONS:
0: A is closer
1: B is closer

Answer with the correct option from 0 to 1. Only provide the numeric and nothing else 


Answer:  ASSISTANT:",10000,1,Relative Depth
484,"USER: 
 QUESTION: Which point is closer to the camera?
OPTIONS:
0: A is closer
1: B is closer

Answer with the correct option from 0 to 1. Only provide the numeric and nothing else 


Answer:  ASSISTANT:",10000,1,Relative Depth
485,"USER: 
 QUESTION: Which point is closer to the camera?
OPTIONS:
0: A is closer
1: B is closer

Answer with the correct option from 0 to 1. Only provide the numeric and nothing else 


Answer:  ASSISTANT:",10000,0,Relative Depth
486,"USER: 
 QUESTION: Which point is closer to the camera?
OPTIONS:
0: A is closer
1: B is closer

Answer with the correct option from 0 to 1. Only provide the numeric and nothing else 


Answer:  ASSISTANT:",10000,0,Relative Depth
487,"USER: 
 QUESTION: Which point is closer to the camera?
OPTIONS:
0: A is closer
1: B is closer

Answer with the correct option from 0 to 1. Only provide the numeric and nothing else 


Answer:  ASSISTANT:",10000,1,Relative Depth
488,"USER: 
 QUESTION: Which point is closer to the camera?
OPTIONS:
0: A is closer
1: B is closer

Answer with the correct option from 0 to 1. Only provide the numeric and nothing else 


Answer:  ASSISTANT:",10000,0,Relative Depth
489,"USER: 
 QUESTION: Which point is closer to the camera?
OPTIONS:
0: A is closer
1: B is closer

Answer with the correct option from 0 to 1. Only provide the numeric and nothing else 


Answer:  ASSISTANT:",10000,0,Relative Depth
490,"USER: 
 QUESTION: Which point is closer to the camera?
OPTIONS:
0: A is closer
1: B is closer

Answer with the correct option from 0 to 1. Only provide the numeric and nothing else 


Answer:  ASSISTANT:",10000,0,Relative Depth
491,"USER: 
 QUESTION: Which point is closer to the camera?
OPTIONS:
0: A is closer
1: B is closer

Answer with the correct option from 0 to 1. Only provide the numeric and nothing else 


Answer:  ASSISTANT:",10000,1,Relative Depth
492,"USER: 
 QUESTION: Which point is closer to the camera?
OPTIONS:
0: A is closer
1: B is closer

Answer with the correct option from 0 to 1. Only provide the numeric and nothing else 


Answer:  ASSISTANT:",10000,1,Relative Depth
493,"USER: 
 QUESTION: Which point is closer to the camera?
OPTIONS:
0: A is closer
1: B is closer

Answer with the correct option from 0 to 1. Only provide the numeric and nothing else 


Answer:  ASSISTANT:",10000,1,Relative Depth
494,"USER: 
 QUESTION: Which point is closer to the camera?
OPTIONS:
0: A is closer
1: B is closer

Answer with the correct option from 0 to 1. Only provide the numeric and nothing else 


Answer:  ASSISTANT:",10000,1,Relative Depth
495,"USER: 
 QUESTION: Which point is closer to the camera?
OPTIONS:
0: A is closer
1: B is closer

Answer with the correct option from 0 to 1. Only provide the numeric and nothing else 


Answer:  ASSISTANT:",10000,1,Relative Depth
496,"USER: 
 QUESTION: Which point is closer to the camera?
OPTIONS:
0: A is closer
1: B is closer

Answer with the correct option from 0 to 1. Only provide the numeric and nothing else 


Answer:  ASSISTANT:",10000,0,Relative Depth
497,"USER: 
 QUESTION: Which point is closer to the camera?
OPTIONS:
0: A is closer
1: B is closer

Answer with the correct option from 0 to 1. Only provide the numeric and nothing else 


Answer:  ASSISTANT:",10000,1,Relative Depth
498,"USER: 
 QUESTION: Which point is closer to the camera?
OPTIONS:
0: A is closer
1: B is closer

Answer with the correct option from 0 to 1. Only provide the numeric and nothing else 


Answer:  ASSISTANT:",10000,1,Relative Depth
499,"USER: 
 QUESTION: Which point is closer to the camera?
OPTIONS:
0: A is closer
1: B is closer

Answer with the correct option from 0 to 1. Only provide the numeric and nothing else 


Answer:  ASSISTANT:",10000,0,Relative Depth
500,"USER: 
 QUESTION: Which point is closer to the camera?
OPTIONS:
0: A is closer
1: B is closer

Answer with the correct option from 0 to 1. Only provide the numeric and nothing else 


Answer:  ASSISTANT:",10000,0,Relative Depth
501,"USER: 
 QUESTION: Which point is closer to the camera?
OPTIONS:
0: A is closer
1: B is closer

Answer with the correct option from 0 to 1. Only provide the numeric and nothing else 


Answer:  ASSISTANT:",10000,0,Relative Depth
502,"USER: 
 QUESTION: Which point is closer to the camera?
OPTIONS:
0: A is closer
1: B is closer

Answer with the correct option from 0 to 1. Only provide the numeric and nothing else 


Answer:  ASSISTANT:",10000,0,Relative Depth
503,"USER: 
 QUESTION: Which point is closer to the camera?
OPTIONS:
0: A is closer
1: B is closer

Answer with the correct option from 0 to 1. Only provide the numeric and nothing else 


Answer:  ASSISTANT:",10000,1,Relative Depth
504,"USER: 
 QUESTION: Which point is closer to the camera?
OPTIONS:
0: A is closer
1: B is closer

Answer with the correct option from 0 to 1. Only provide the numeric and nothing else 


Answer:  ASSISTANT:",10000,0,Relative Depth
505,"USER: 
 QUESTION: Which point is closer to the camera?
OPTIONS:
0: A is closer
1: B is closer

Answer with the correct option from 0 to 1. Only provide the numeric and nothing else 


Answer:  ASSISTANT:",10000,1,Relative Depth
506,"USER: 
 QUESTION: Which point is closer to the camera?
OPTIONS:
0: A is closer
1: B is closer

Answer with the correct option from 0 to 1. Only provide the numeric and nothing else 


Answer:  ASSISTANT:",10000,0,Relative Depth
507,"USER: 
 QUESTION: Which point is closer to the camera?
OPTIONS:
0: A is closer
1: B is closer

Answer with the correct option from 0 to 1. Only provide the numeric and nothing else 


Answer:  ASSISTANT:",10000,0,Relative Depth
508,"USER: 
 QUESTION: Which point is closer to the camera?
OPTIONS:
0: A is closer
1: B is closer

Answer with the correct option from 0 to 1. Only provide the numeric and nothing else 


Answer:  ASSISTANT:",10000,0,Relative Depth
509,"USER: 
 QUESTION: Which point is closer to the camera?
OPTIONS:
0: A is closer
1: B is closer

Answer with the correct option from 0 to 1. Only provide the numeric and nothing else 


Answer:  ASSISTANT:",10000,0,Relative Depth
510,"USER: 
 QUESTION: Which point is closer to the camera?
OPTIONS:
0: A is closer
1: B is closer

Answer with the correct option from 0 to 1. Only provide the numeric and nothing else 


Answer:  ASSISTANT:",10000,1,Relative Depth
511,"USER: 
 QUESTION: Which point is closer to the camera?
OPTIONS:
0: A is closer
1: B is closer

Answer with the correct option from 0 to 1. Only provide the numeric and nothing else 


Answer:  ASSISTANT:",10000,0,Relative Depth
512,"USER: 
 QUESTION: Which point is closer to the camera?
OPTIONS:
0: A is closer
1: B is closer

Answer with the correct option from 0 to 1. Only provide the numeric and nothing else 


Answer:  ASSISTANT:",10000,0,Relative Depth
513,"USER: 
 QUESTION: Which point is closer to the camera?
OPTIONS:
0: A is closer
1: B is closer

Answer with the correct option from 0 to 1. Only provide the numeric and nothing else 


Answer:  ASSISTANT:",10000,0,Relative Depth
514,"USER: 
 QUESTION: Consider the surface color (color without shading) of the two points in the image. Which one is darker, or the color is about the same?
OPTIONS:
0: A is darker
1: B is darker
2: About the same

Answer with the correct option from 0 to 2. Only provide the numeric and nothing else 


Answer:  ASSISTANT: 00. 200000000000000000000000000000000000000000000",0,2,Relative Reflectance
515,"USER: 
 QUESTION: Consider the surface color (color without shading) of the two points in the image. Which one is darker, or the color is about the same?
OPTIONS:
0: A is darker
1: B is darker
2: About the same

Answer with the correct option from 0 to 2. Only provide the numeric and nothing else 


Answer:  ASSISTANT: 00. 200000000000000000000000000000000000000000000",0,1,Relative Reflectance
516,"USER: 
 QUESTION: Consider the surface color (color without shading) of the two points in the image. Which one is darker, or the color is about the same?
OPTIONS:
0: A is darker
1: B is darker
2: About the same

Answer with the correct option from 0 to 2. Only provide the numeric and nothing else 


Answer:  ASSISTANT: 00. 200000000000000000000000000000000000000000000",0,2,Relative Reflectance
517,"USER: 
 QUESTION: Consider the surface color (color without shading) of the two points in the image. Which one is darker, or the color is about the same?
OPTIONS:
0: A is darker
1: B is darker
2: About the same

Answer with the correct option from 0 to 2. Only provide the numeric and nothing else 


Answer:  ASSISTANT: 00. 200000000000000000000000000000000000000000000",0,0,Relative Reflectance
518,"USER: 
 QUESTION: Consider the surface color (color without shading) of the two points in the image. Which one is darker, or the color is about the same?
OPTIONS:
0: A is darker
1: B is darker
2: About the same

Answer with the correct option from 0 to 2. Only provide the numeric and nothing else 


Answer:  ASSISTANT: 00. 200000000000000000000000000000000000000000000",0,2,Relative Reflectance
519,"USER: 
 QUESTION: Consider the surface color (color without shading) of the two points in the image. Which one is darker, or the color is about the same?
OPTIONS:
0: A is darker
1: B is darker
2: About the same

Answer with the correct option from 0 to 2. Only provide the numeric and nothing else 


Answer:  ASSISTANT: 00. 200000000000000000000000000000000000000000000",0,1,Relative Reflectance
520,"USER: 
 QUESTION: Consider the surface color (color without shading) of the two points in the image. Which one is darker, or the color is about the same?
OPTIONS:
0: A is darker
1: B is darker
2: About the same

Answer with the correct option from 0 to 2. Only provide the numeric and nothing else 


Answer:  ASSISTANT: 00. 200000000000000000000000000000000000000000000",0,2,Relative Reflectance
521,"USER: 
 QUESTION: Consider the surface color (color without shading) of the two points in the image. Which one is darker, or the color is about the same?
OPTIONS:
0: A is darker
1: B is darker
2: About the same

Answer with the correct option from 0 to 2. Only provide the numeric and nothing else 


Answer:  ASSISTANT: 00. 200000000000000000000000000000000000000000000",0,2,Relative Reflectance
522,"USER: 
 QUESTION: Consider the surface color (color without shading) of the two points in the image. Which one is darker, or the color is about the same?
OPTIONS:
0: A is darker
1: B is darker
2: About the same

Answer with the correct option from 0 to 2. Only provide the numeric and nothing else 


Answer:  ASSISTANT: 00. 200000000000000000000000000000000000000000000",0,1,Relative Reflectance
523,"USER: 
 QUESTION: Consider the surface color (color without shading) of the two points in the image. Which one is darker, or the color is about the same?
OPTIONS:
0: A is darker
1: B is darker
2: About the same

Answer with the correct option from 0 to 2. Only provide the numeric and nothing else 


Answer:  ASSISTANT: 00. 200000000000000000000000000000000000000000000",0,1,Relative Reflectance
524,"USER: 
 QUESTION: Consider the surface color (color without shading) of the two points in the image. Which one is darker, or the color is about the same?
OPTIONS:
0: A is darker
1: B is darker
2: About the same

Answer with the correct option from 0 to 2. Only provide the numeric and nothing else 


Answer:  ASSISTANT: 00. 200000000000000000000000000000000000000000000",0,2,Relative Reflectance
525,"USER: 
 QUESTION: Consider the surface color (color without shading) of the two points in the image. Which one is darker, or the color is about the same?
OPTIONS:
0: A is darker
1: B is darker
2: About the same

Answer with the correct option from 0 to 2. Only provide the numeric and nothing else 


Answer:  ASSISTANT: 00. 200000000000000000000000000000000000000000000",0,0,Relative Reflectance
526,"USER: 
 QUESTION: Consider the surface color (color without shading) of the two points in the image. Which one is darker, or the color is about the same?
OPTIONS:
0: A is darker
1: B is darker
2: About the same

Answer with the correct option from 0 to 2. Only provide the numeric and nothing else 


Answer:  ASSISTANT: 00. 200000000000000000000000000000000000000000000",0,1,Relative Reflectance
527,"USER: 
 QUESTION: Consider the surface color (color without shading) of the two points in the image. Which one is darker, or the color is about the same?
OPTIONS:
0: A is darker
1: B is darker
2: About the same

Answer with the correct option from 0 to 2. Only provide the numeric and nothing else 


Answer:  ASSISTANT: 00. 200000000000000000000000000000000000000000000",0,2,Relative Reflectance
528,"USER: 
 QUESTION: Consider the surface color (color without shading) of the two points in the image. Which one is darker, or the color is about the same?
OPTIONS:
0: A is darker
1: B is darker
2: About the same

Answer with the correct option from 0 to 2. Only provide the numeric and nothing else 


Answer:  ASSISTANT: 00. 200000000000000000000000000000000000000000000",0,2,Relative Reflectance
529,"USER: 
 QUESTION: Consider the surface color (color without shading) of the two points in the image. Which one is darker, or the color is about the same?
OPTIONS:
0: A is darker
1: B is darker
2: About the same

Answer with the correct option from 0 to 2. Only provide the numeric and nothing else 


Answer:  ASSISTANT: 00. 200000000000000000000000000000000000000000000",0,2,Relative Reflectance
530,"USER: 
 QUESTION: Consider the surface color (color without shading) of the two points in the image. Which one is darker, or the color is about the same?
OPTIONS:
0: A is darker
1: B is darker
2: About the same

Answer with the correct option from 0 to 2. Only provide the numeric and nothing else 


Answer:  ASSISTANT: 00. 200000000000000000000000000000000000000000000",0,1,Relative Reflectance
531,"USER: 
 QUESTION: Consider the surface color (color without shading) of the two points in the image. Which one is darker, or the color is about the same?
OPTIONS:
0: A is darker
1: B is darker
2: About the same

Answer with the correct option from 0 to 2. Only provide the numeric and nothing else 


Answer:  ASSISTANT: 00. 200000000000000000000000000000000000000000000",0,1,Relative Reflectance
532,"USER: 
 QUESTION: Consider the surface color (color without shading) of the two points in the image. Which one is darker, or the color is about the same?
OPTIONS:
0: A is darker
1: B is darker
2: About the same

Answer with the correct option from 0 to 2. Only provide the numeric and nothing else 


Answer:  ASSISTANT: 00. 200000000000000000000000000000000000000000000",0,2,Relative Reflectance
533,"USER: 
 QUESTION: Consider the surface color (color without shading) of the two points in the image. Which one is darker, or the color is about the same?
OPTIONS:
0: A is darker
1: B is darker
2: About the same

Answer with the correct option from 0 to 2. Only provide the numeric and nothing else 


Answer:  ASSISTANT: 00. 200000000000000000000000000000000000000000000",0,1,Relative Reflectance
534,"USER: 
 QUESTION: Consider the surface color (color without shading) of the two points in the image. Which one is darker, or the color is about the same?
OPTIONS:
0: A is darker
1: B is darker
2: About the same

Answer with the correct option from 0 to 2. Only provide the numeric and nothing else 


Answer:  ASSISTANT: 00. 200000000000000000000000000000000000000000000",0,0,Relative Reflectance
535,"USER: 
 QUESTION: Consider the surface color (color without shading) of the two points in the image. Which one is darker, or the color is about the same?
OPTIONS:
0: A is darker
1: B is darker
2: About the same

Answer with the correct option from 0 to 2. Only provide the numeric and nothing else 


Answer:  ASSISTANT: 00. 200000000000000000000000000000000000000000000",0,2,Relative Reflectance
536,"USER: 
 QUESTION: Consider the surface color (color without shading) of the two points in the image. Which one is darker, or the color is about the same?
OPTIONS:
0: A is darker
1: B is darker
2: About the same

Answer with the correct option from 0 to 2. Only provide the numeric and nothing else 


Answer:  ASSISTANT: 00. 200000000000000000000000000000000000000000000",0,1,Relative Reflectance
537,"USER: 
 QUESTION: Consider the surface color (color without shading) of the two points in the image. Which one is darker, or the color is about the same?
OPTIONS:
0: A is darker
1: B is darker
2: About the same

Answer with the correct option from 0 to 2. Only provide the numeric and nothing else 


Answer:  ASSISTANT: 00. 200000000000000000000000000000000000000000000",0,0,Relative Reflectance
538,"USER: 
 QUESTION: Consider the surface color (color without shading) of the two points in the image. Which one is darker, or the color is about the same?
OPTIONS:
0: A is darker
1: B is darker
2: About the same

Answer with the correct option from 0 to 2. Only provide the numeric and nothing else 


Answer:  ASSISTANT: 00. 200000000000000000000000000000000000000000000",0,2,Relative Reflectance
539,"USER: 
 QUESTION: Consider the surface color (color without shading) of the two points in the image. Which one is darker, or the color is about the same?
OPTIONS:
0: A is darker
1: B is darker
2: About the same

Answer with the correct option from 0 to 2. Only provide the numeric and nothing else 


Answer:  ASSISTANT: 00. 200000000000000000000000000000000000000000000",0,2,Relative Reflectance
540,"USER: 
 QUESTION: Consider the surface color (color without shading) of the two points in the image. Which one is darker, or the color is about the same?
OPTIONS:
0: A is darker
1: B is darker
2: About the same

Answer with the correct option from 0 to 2. Only provide the numeric and nothing else 


Answer:  ASSISTANT: 00. 200000000000000000000000000000000000000000000",0,2,Relative Reflectance
541,"USER: 
 QUESTION: Consider the surface color (color without shading) of the two points in the image. Which one is darker, or the color is about the same?
OPTIONS:
0: A is darker
1: B is darker
2: About the same

Answer with the correct option from 0 to 2. Only provide the numeric and nothing else 


Answer:  ASSISTANT: 00. 200000000000000000000000000000000000000000000",0,2,Relative Reflectance
542,"USER: 
 QUESTION: Consider the surface color (color without shading) of the two points in the image. Which one is darker, or the color is about the same?
OPTIONS:
0: A is darker
1: B is darker
2: About the same

Answer with the correct option from 0 to 2. Only provide the numeric and nothing else 


Answer:  ASSISTANT: 00. 200000000000000000000000000000000000000000000",0,1,Relative Reflectance
543,"USER: 
 QUESTION: Consider the surface color (color without shading) of the two points in the image. Which one is darker, or the color is about the same?
OPTIONS:
0: A is darker
1: B is darker
2: About the same

Answer with the correct option from 0 to 2. Only provide the numeric and nothing else 


Answer:  ASSISTANT: 00. 200000000000000000000000000000000000000000000",0,2,Relative Reflectance
544,"USER: 
 QUESTION: Consider the surface color (color without shading) of the two points in the image. Which one is darker, or the color is about the same?
OPTIONS:
0: A is darker
1: B is darker
2: About the same

Answer with the correct option from 0 to 2. Only provide the numeric and nothing else 


Answer:  ASSISTANT: 00. 200000000000000000000000000000000000000000000",0,2,Relative Reflectance
545,"USER: 
 QUESTION: Consider the surface color (color without shading) of the two points in the image. Which one is darker, or the color is about the same?
OPTIONS:
0: A is darker
1: B is darker
2: About the same

Answer with the correct option from 0 to 2. Only provide the numeric and nothing else 


Answer:  ASSISTANT: 00. 200000000000000000000000000000000000000000000",0,2,Relative Reflectance
546,"USER: 
 QUESTION: Consider the surface color (color without shading) of the two points in the image. Which one is darker, or the color is about the same?
OPTIONS:
0: A is darker
1: B is darker
2: About the same

Answer with the correct option from 0 to 2. Only provide the numeric and nothing else 


Answer:  ASSISTANT: 00. 200000000000000000000000000000000000000000000",0,0,Relative Reflectance
547,"USER: 
 QUESTION: Consider the surface color (color without shading) of the two points in the image. Which one is darker, or the color is about the same?
OPTIONS:
0: A is darker
1: B is darker
2: About the same

Answer with the correct option from 0 to 2. Only provide the numeric and nothing else 


Answer:  ASSISTANT: 00. 200000000000000000000000000000000000000000000",0,2,Relative Reflectance
548,"USER: 
 QUESTION: Consider the surface color (color without shading) of the two points in the image. Which one is darker, or the color is about the same?
OPTIONS:
0: A is darker
1: B is darker
2: About the same

Answer with the correct option from 0 to 2. Only provide the numeric and nothing else 


Answer:  ASSISTANT: 00. 200000000000000000000000000000000000000000000",0,0,Relative Reflectance
549,"USER: 
 QUESTION: Consider the surface color (color without shading) of the two points in the image. Which one is darker, or the color is about the same?
OPTIONS:
0: A is darker
1: B is darker
2: About the same

Answer with the correct option from 0 to 2. Only provide the numeric and nothing else 


Answer:  ASSISTANT: 00. 200000000000000000000000000000000000000000000",0,2,Relative Reflectance
550,"USER: 
 QUESTION: Consider the surface color (color without shading) of the two points in the image. Which one is darker, or the color is about the same?
OPTIONS:
0: A is darker
1: B is darker
2: About the same

Answer with the correct option from 0 to 2. Only provide the numeric and nothing else 


Answer:  ASSISTANT: 00. 200000000000000000000000000000000000000000000",0,1,Relative Reflectance
551,"USER: 
 QUESTION: Consider the surface color (color without shading) of the two points in the image. Which one is darker, or the color is about the same?
OPTIONS:
0: A is darker
1: B is darker
2: About the same

Answer with the correct option from 0 to 2. Only provide the numeric and nothing else 


Answer:  ASSISTANT: 00. 200000000000000000000000000000000000000000000",0,2,Relative Reflectance
552,"USER: 
 QUESTION: Consider the surface color (color without shading) of the two points in the image. Which one is darker, or the color is about the same?
OPTIONS:
0: A is darker
1: B is darker
2: About the same

Answer with the correct option from 0 to 2. Only provide the numeric and nothing else 


Answer:  ASSISTANT: 00. 200000000000000000000000000000000000000000000",0,2,Relative Reflectance
553,"USER: 
 QUESTION: Consider the surface color (color without shading) of the two points in the image. Which one is darker, or the color is about the same?
OPTIONS:
0: A is darker
1: B is darker
2: About the same

Answer with the correct option from 0 to 2. Only provide the numeric and nothing else 


Answer:  ASSISTANT: 00. 200000000000000000000000000000000000000000000",0,1,Relative Reflectance
554,"USER: 
 QUESTION: Consider the surface color (color without shading) of the two points in the image. Which one is darker, or the color is about the same?
OPTIONS:
0: A is darker
1: B is darker
2: About the same

Answer with the correct option from 0 to 2. Only provide the numeric and nothing else 


Answer:  ASSISTANT: 00. 200000000000000000000000000000000000000000000",0,0,Relative Reflectance
555,"USER: 
 QUESTION: Consider the surface color (color without shading) of the two points in the image. Which one is darker, or the color is about the same?
OPTIONS:
0: A is darker
1: B is darker
2: About the same

Answer with the correct option from 0 to 2. Only provide the numeric and nothing else 


Answer:  ASSISTANT: 00. 200000000000000000000000000000000000000000000",0,1,Relative Reflectance
556,"USER: 
 QUESTION: Consider the surface color (color without shading) of the two points in the image. Which one is darker, or the color is about the same?
OPTIONS:
0: A is darker
1: B is darker
2: About the same

Answer with the correct option from 0 to 2. Only provide the numeric and nothing else 


Answer:  ASSISTANT: 00. 200000000000000000000000000000000000000000000",0,1,Relative Reflectance
557,"USER: 
 QUESTION: Consider the surface color (color without shading) of the two points in the image. Which one is darker, or the color is about the same?
OPTIONS:
0: A is darker
1: B is darker
2: About the same

Answer with the correct option from 0 to 2. Only provide the numeric and nothing else 


Answer:  ASSISTANT: 00. 200000000000000000000000000000000000000000000",0,0,Relative Reflectance
558,"USER: 
 QUESTION: Consider the surface color (color without shading) of the two points in the image. Which one is darker, or the color is about the same?
OPTIONS:
0: A is darker
1: B is darker
2: About the same

Answer with the correct option from 0 to 2. Only provide the numeric and nothing else 


Answer:  ASSISTANT: 00. 200000000000000000000000000000000000000000000",0,2,Relative Reflectance
559,"USER: 
 QUESTION: Consider the surface color (color without shading) of the two points in the image. Which one is darker, or the color is about the same?
OPTIONS:
0: A is darker
1: B is darker
2: About the same

Answer with the correct option from 0 to 2. Only provide the numeric and nothing else 


Answer:  ASSISTANT: 00. 200000000000000000000000000000000000000000000",0,2,Relative Reflectance
560,"USER: 
 QUESTION: Consider the surface color (color without shading) of the two points in the image. Which one is darker, or the color is about the same?
OPTIONS:
0: A is darker
1: B is darker
2: About the same

Answer with the correct option from 0 to 2. Only provide the numeric and nothing else 


Answer:  ASSISTANT: 00. 200000000000000000000000000000000000000000000",0,2,Relative Reflectance
561,"USER: 
 QUESTION: Consider the surface color (color without shading) of the two points in the image. Which one is darker, or the color is about the same?
OPTIONS:
0: A is darker
1: B is darker
2: About the same

Answer with the correct option from 0 to 2. Only provide the numeric and nothing else 


Answer:  ASSISTANT: 00. 200000000000000000000000000000000000000000000",0,2,Relative Reflectance
562,"USER: 
 QUESTION: Consider the surface color (color without shading) of the two points in the image. Which one is darker, or the color is about the same?
OPTIONS:
0: A is darker
1: B is darker
2: About the same

Answer with the correct option from 0 to 2. Only provide the numeric and nothing else 


Answer:  ASSISTANT: 00. 200000000000000000000000000000000000000000000",0,2,Relative Reflectance
563,"USER: 
 QUESTION: Consider the surface color (color without shading) of the two points in the image. Which one is darker, or the color is about the same?
OPTIONS:
0: A is darker
1: B is darker
2: About the same

Answer with the correct option from 0 to 2. Only provide the numeric and nothing else 


Answer:  ASSISTANT: 00. 200000000000000000000000000000000000000000000",0,2,Relative Reflectance
564,"USER: 
 QUESTION: Consider the surface color (color without shading) of the two points in the image. Which one is darker, or the color is about the same?
OPTIONS:
0: A is darker
1: B is darker
2: About the same

Answer with the correct option from 0 to 2. Only provide the numeric and nothing else 


Answer:  ASSISTANT: 00. 200000000000000000000000000000000000000000000",0,1,Relative Reflectance
565,"USER: 
 QUESTION: Consider the surface color (color without shading) of the two points in the image. Which one is darker, or the color is about the same?
OPTIONS:
0: A is darker
1: B is darker
2: About the same

Answer with the correct option from 0 to 2. Only provide the numeric and nothing else 


Answer:  ASSISTANT: 00. 200000000000000000000000000000000000000000000",0,0,Relative Reflectance
566,"USER: 
 QUESTION: Consider the surface color (color without shading) of the two points in the image. Which one is darker, or the color is about the same?
OPTIONS:
0: A is darker
1: B is darker
2: About the same

Answer with the correct option from 0 to 2. Only provide the numeric and nothing else 


Answer:  ASSISTANT: 00. 200000000000000000000000000000000000000000000",0,2,Relative Reflectance
567,"USER: 
 QUESTION: Consider the surface color (color without shading) of the two points in the image. Which one is darker, or the color is about the same?
OPTIONS:
0: A is darker
1: B is darker
2: About the same

Answer with the correct option from 0 to 2. Only provide the numeric and nothing else 


Answer:  ASSISTANT: 00. 200000000000000000000000000000000000000000000",0,0,Relative Reflectance
568,"USER: 
 QUESTION: Consider the surface color (color without shading) of the two points in the image. Which one is darker, or the color is about the same?
OPTIONS:
0: A is darker
1: B is darker
2: About the same

Answer with the correct option from 0 to 2. Only provide the numeric and nothing else 


Answer:  ASSISTANT: 00. 200000000000000000000000000000000000000000000",0,2,Relative Reflectance
569,"USER: 
 QUESTION: Consider the surface color (color without shading) of the two points in the image. Which one is darker, or the color is about the same?
OPTIONS:
0: A is darker
1: B is darker
2: About the same

Answer with the correct option from 0 to 2. Only provide the numeric and nothing else 


Answer:  ASSISTANT: 00. 200000000000000000000000000000000000000000000",0,2,Relative Reflectance
570,"USER: 
 QUESTION: Consider the surface color (color without shading) of the two points in the image. Which one is darker, or the color is about the same?
OPTIONS:
0: A is darker
1: B is darker
2: About the same

Answer with the correct option from 0 to 2. Only provide the numeric and nothing else 


Answer:  ASSISTANT: 00. 200000000000000000000000000000000000000000000",0,1,Relative Reflectance
571,"USER: 
 QUESTION: Consider the surface color (color without shading) of the two points in the image. Which one is darker, or the color is about the same?
OPTIONS:
0: A is darker
1: B is darker
2: About the same

Answer with the correct option from 0 to 2. Only provide the numeric and nothing else 


Answer:  ASSISTANT: 00. 200000000000000000000000000000000000000000000",0,2,Relative Reflectance
572,"USER: 
 QUESTION: Consider the surface color (color without shading) of the two points in the image. Which one is darker, or the color is about the same?
OPTIONS:
0: A is darker
1: B is darker
2: About the same

Answer with the correct option from 0 to 2. Only provide the numeric and nothing else 


Answer:  ASSISTANT: 00. 200000000000000000000000000000000000000000000",0,1,Relative Reflectance
573,"USER: 
 QUESTION: Consider the surface color (color without shading) of the two points in the image. Which one is darker, or the color is about the same?
OPTIONS:
0: A is darker
1: B is darker
2: About the same

Answer with the correct option from 0 to 2. Only provide the numeric and nothing else 


Answer:  ASSISTANT: 00. 200000000000000000000000000000000000000000000",0,1,Relative Reflectance
574,"USER: 
 QUESTION: Consider the surface color (color without shading) of the two points in the image. Which one is darker, or the color is about the same?
OPTIONS:
0: A is darker
1: B is darker
2: About the same

Answer with the correct option from 0 to 2. Only provide the numeric and nothing else 


Answer:  ASSISTANT: 00. 200000000000000000000000000000000000000000000",0,2,Relative Reflectance
575,"USER: 
 QUESTION: Consider the surface color (color without shading) of the two points in the image. Which one is darker, or the color is about the same?
OPTIONS:
0: A is darker
1: B is darker
2: About the same

Answer with the correct option from 0 to 2. Only provide the numeric and nothing else 


Answer:  ASSISTANT: 00. 200000000000000000000000000000000000000000000",0,2,Relative Reflectance
576,"USER: 
 QUESTION: Consider the surface color (color without shading) of the two points in the image. Which one is darker, or the color is about the same?
OPTIONS:
0: A is darker
1: B is darker
2: About the same

Answer with the correct option from 0 to 2. Only provide the numeric and nothing else 


Answer:  ASSISTANT: 00. 200000000000000000000000000000000000000000000",0,1,Relative Reflectance
577,"USER: 
 QUESTION: Consider the surface color (color without shading) of the two points in the image. Which one is darker, or the color is about the same?
OPTIONS:
0: A is darker
1: B is darker
2: About the same

Answer with the correct option from 0 to 2. Only provide the numeric and nothing else 


Answer:  ASSISTANT: 00. 200000000000000000000000000000000000000000000",0,2,Relative Reflectance
578,"USER: 
 QUESTION: Consider the surface color (color without shading) of the two points in the image. Which one is darker, or the color is about the same?
OPTIONS:
0: A is darker
1: B is darker
2: About the same

Answer with the correct option from 0 to 2. Only provide the numeric and nothing else 


Answer:  ASSISTANT: 00. 200000000000000000000000000000000000000000000",0,2,Relative Reflectance
579,"USER: 
 QUESTION: Consider the surface color (color without shading) of the two points in the image. Which one is darker, or the color is about the same?
OPTIONS:
0: A is darker
1: B is darker
2: About the same

Answer with the correct option from 0 to 2. Only provide the numeric and nothing else 


Answer:  ASSISTANT: 00. 200000000000000000000000000000000000000000000",0,0,Relative Reflectance
580,"USER: 
 QUESTION: Consider the surface color (color without shading) of the two points in the image. Which one is darker, or the color is about the same?
OPTIONS:
0: A is darker
1: B is darker
2: About the same

Answer with the correct option from 0 to 2. Only provide the numeric and nothing else 


Answer:  ASSISTANT: 00. 200000000000000000000000000000000000000000000",0,0,Relative Reflectance
581,"USER: 
 QUESTION: Consider the surface color (color without shading) of the two points in the image. Which one is darker, or the color is about the same?
OPTIONS:
0: A is darker
1: B is darker
2: About the same

Answer with the correct option from 0 to 2. Only provide the numeric and nothing else 


Answer:  ASSISTANT: 00. 200000000000000000000000000000000000000000000",0,2,Relative Reflectance
582,"USER: 
 QUESTION: Consider the surface color (color without shading) of the two points in the image. Which one is darker, or the color is about the same?
OPTIONS:
0: A is darker
1: B is darker
2: About the same

Answer with the correct option from 0 to 2. Only provide the numeric and nothing else 


Answer:  ASSISTANT: 00. 200000000000000000000000000000000000000000000",0,0,Relative Reflectance
583,"USER: 
 QUESTION: Consider the surface color (color without shading) of the two points in the image. Which one is darker, or the color is about the same?
OPTIONS:
0: A is darker
1: B is darker
2: About the same

Answer with the correct option from 0 to 2. Only provide the numeric and nothing else 


Answer:  ASSISTANT: 00. 200000000000000000000000000000000000000000000",0,0,Relative Reflectance
584,"USER: 
 QUESTION: Consider the surface color (color without shading) of the two points in the image. Which one is darker, or the color is about the same?
OPTIONS:
0: A is darker
1: B is darker
2: About the same

Answer with the correct option from 0 to 2. Only provide the numeric and nothing else 


Answer:  ASSISTANT: 00. 200000000000000000000000000000000000000000000",0,0,Relative Reflectance
585,"USER: 
 QUESTION: Consider the surface color (color without shading) of the two points in the image. Which one is darker, or the color is about the same?
OPTIONS:
0: A is darker
1: B is darker
2: About the same

Answer with the correct option from 0 to 2. Only provide the numeric and nothing else 


Answer:  ASSISTANT: 00. 200000000000000000000000000000000000000000000",0,0,Relative Reflectance
586,"USER: 
 QUESTION: Consider the surface color (color without shading) of the two points in the image. Which one is darker, or the color is about the same?
OPTIONS:
0: A is darker
1: B is darker
2: About the same

Answer with the correct option from 0 to 2. Only provide the numeric and nothing else 


Answer:  ASSISTANT: 00. 200000000000000000000000000000000000000000000",0,1,Relative Reflectance
587,"USER: 
 QUESTION: Consider the surface color (color without shading) of the two points in the image. Which one is darker, or the color is about the same?
OPTIONS:
0: A is darker
1: B is darker
2: About the same

Answer with the correct option from 0 to 2. Only provide the numeric and nothing else 


Answer:  ASSISTANT: 00. 200000000000000000000000000000000000000000000",0,1,Relative Reflectance
588,"USER: 
 QUESTION: Consider the surface color (color without shading) of the two points in the image. Which one is darker, or the color is about the same?
OPTIONS:
0: A is darker
1: B is darker
2: About the same

Answer with the correct option from 0 to 2. Only provide the numeric and nothing else 


Answer:  ASSISTANT: 00. 200000000000000000000000000000000000000000000",0,2,Relative Reflectance
589,"USER: 
 QUESTION: Consider the surface color (color without shading) of the two points in the image. Which one is darker, or the color is about the same?
OPTIONS:
0: A is darker
1: B is darker
2: About the same

Answer with the correct option from 0 to 2. Only provide the numeric and nothing else 


Answer:  ASSISTANT: 00. 200000000000000000000000000000000000000000000",0,2,Relative Reflectance
590,"USER: 
 QUESTION: Consider the surface color (color without shading) of the two points in the image. Which one is darker, or the color is about the same?
OPTIONS:
0: A is darker
1: B is darker
2: About the same

Answer with the correct option from 0 to 2. Only provide the numeric and nothing else 


Answer:  ASSISTANT: 00. 200000000000000000000000000000000000000000000",0,2,Relative Reflectance
591,"USER: 
 QUESTION: Consider the surface color (color without shading) of the two points in the image. Which one is darker, or the color is about the same?
OPTIONS:
0: A is darker
1: B is darker
2: About the same

Answer with the correct option from 0 to 2. Only provide the numeric and nothing else 


Answer:  ASSISTANT: 00. 200000000000000000000000000000000000000000000",0,1,Relative Reflectance
592,"USER: 
 QUESTION: Consider the surface color (color without shading) of the two points in the image. Which one is darker, or the color is about the same?
OPTIONS:
0: A is darker
1: B is darker
2: About the same

Answer with the correct option from 0 to 2. Only provide the numeric and nothing else 


Answer:  ASSISTANT: 00. 200000000000000000000000000000000000000000000",0,1,Relative Reflectance
593,"USER: 
 QUESTION: Consider the surface color (color without shading) of the two points in the image. Which one is darker, or the color is about the same?
OPTIONS:
0: A is darker
1: B is darker
2: About the same

Answer with the correct option from 0 to 2. Only provide the numeric and nothing else 


Answer:  ASSISTANT: 00. 200000000000000000000000000000000000000000000",0,1,Relative Reflectance
594,"USER: 
 QUESTION: Consider the surface color (color without shading) of the two points in the image. Which one is darker, or the color is about the same?
OPTIONS:
0: A is darker
1: B is darker
2: About the same

Answer with the correct option from 0 to 2. Only provide the numeric and nothing else 


Answer:  ASSISTANT: 00. 200000000000000000000000000000000000000000000",0,1,Relative Reflectance
595,"USER: 
 QUESTION: Consider the surface color (color without shading) of the two points in the image. Which one is darker, or the color is about the same?
OPTIONS:
0: A is darker
1: B is darker
2: About the same

Answer with the correct option from 0 to 2. Only provide the numeric and nothing else 


Answer:  ASSISTANT: 00. 200000000000000000000000000000000000000000000",0,1,Relative Reflectance
596,"USER: 
 QUESTION: Consider the surface color (color without shading) of the two points in the image. Which one is darker, or the color is about the same?
OPTIONS:
0: A is darker
1: B is darker
2: About the same

Answer with the correct option from 0 to 2. Only provide the numeric and nothing else 


Answer:  ASSISTANT: 00. 200000000000000000000000000000000000000000000",0,2,Relative Reflectance
597,"USER: 
 QUESTION: Consider the surface color (color without shading) of the two points in the image. Which one is darker, or the color is about the same?
OPTIONS:
0: A is darker
1: B is darker
2: About the same

Answer with the correct option from 0 to 2. Only provide the numeric and nothing else 


Answer:  ASSISTANT: 00. 200000000000000000000000000000000000000000000",0,1,Relative Reflectance
598,"USER: 
 QUESTION: Consider the surface color (color without shading) of the two points in the image. Which one is darker, or the color is about the same?
OPTIONS:
0: A is darker
1: B is darker
2: About the same

Answer with the correct option from 0 to 2. Only provide the numeric and nothing else 


Answer:  ASSISTANT: 00. 200000000000000000000000000000000000000000000",0,0,Relative Reflectance
599,"USER: 
 QUESTION: Consider the surface color (color without shading) of the two points in the image. Which one is darker, or the color is about the same?
OPTIONS:
0: A is darker
1: B is darker
2: About the same

Answer with the correct option from 0 to 2. Only provide the numeric and nothing else 


Answer:  ASSISTANT: 00. 200000000000000000000000000000000000000000000",0,1,Relative Reflectance
600,"USER: 
 QUESTION: Consider the surface color (color without shading) of the two points in the image. Which one is darker, or the color is about the same?
OPTIONS:
0: A is darker
1: B is darker
2: About the same

Answer with the correct option from 0 to 2. Only provide the numeric and nothing else 


Answer:  ASSISTANT: 00. 200000000000000000000000000000000000000000000",0,2,Relative Reflectance
601,"USER: 
 QUESTION: Consider the surface color (color without shading) of the two points in the image. Which one is darker, or the color is about the same?
OPTIONS:
0: A is darker
1: B is darker
2: About the same

Answer with the correct option from 0 to 2. Only provide the numeric and nothing else 


Answer:  ASSISTANT: 00. 200000000000000000000000000000000000000000000",0,1,Relative Reflectance
602,"USER: 
 QUESTION: Consider the surface color (color without shading) of the two points in the image. Which one is darker, or the color is about the same?
OPTIONS:
0: A is darker
1: B is darker
2: About the same

Answer with the correct option from 0 to 2. Only provide the numeric and nothing else 


Answer:  ASSISTANT: 00. 200000000000000000000000000000000000000000000",0,0,Relative Reflectance
603,"USER: 
 QUESTION: Consider the surface color (color without shading) of the two points in the image. Which one is darker, or the color is about the same?
OPTIONS:
0: A is darker
1: B is darker
2: About the same

Answer with the correct option from 0 to 2. Only provide the numeric and nothing else 


Answer:  ASSISTANT: 00. 200000000000000000000000000000000000000000000",0,2,Relative Reflectance
604,"USER: 
 QUESTION: Consider the surface color (color without shading) of the two points in the image. Which one is darker, or the color is about the same?
OPTIONS:
0: A is darker
1: B is darker
2: About the same

Answer with the correct option from 0 to 2. Only provide the numeric and nothing else 


Answer:  ASSISTANT: 00. 200000000000000000000000000000000000000000000",0,2,Relative Reflectance
605,"USER: 
 QUESTION: Consider the surface color (color without shading) of the two points in the image. Which one is darker, or the color is about the same?
OPTIONS:
0: A is darker
1: B is darker
2: About the same

Answer with the correct option from 0 to 2. Only provide the numeric and nothing else 


Answer:  ASSISTANT: 00. 200000000000000000000000000000000000000000000",0,0,Relative Reflectance
606,"USER: 
 QUESTION: Consider the surface color (color without shading) of the two points in the image. Which one is darker, or the color is about the same?
OPTIONS:
0: A is darker
1: B is darker
2: About the same

Answer with the correct option from 0 to 2. Only provide the numeric and nothing else 


Answer:  ASSISTANT: 00. 200000000000000000000000000000000000000000000",0,0,Relative Reflectance
607,"USER: 
 QUESTION: Consider the surface color (color without shading) of the two points in the image. Which one is darker, or the color is about the same?
OPTIONS:
0: A is darker
1: B is darker
2: About the same

Answer with the correct option from 0 to 2. Only provide the numeric and nothing else 


Answer:  ASSISTANT: 00. 200000000000000000000000000000000000000000000",0,0,Relative Reflectance
608,"USER: 
 QUESTION: Consider the surface color (color without shading) of the two points in the image. Which one is darker, or the color is about the same?
OPTIONS:
0: A is darker
1: B is darker
2: About the same

Answer with the correct option from 0 to 2. Only provide the numeric and nothing else 


Answer:  ASSISTANT: 00. 200000000000000000000000000000000000000000000",0,2,Relative Reflectance
609,"USER: 
 QUESTION: Consider the surface color (color without shading) of the two points in the image. Which one is darker, or the color is about the same?
OPTIONS:
0: A is darker
1: B is darker
2: About the same

Answer with the correct option from 0 to 2. Only provide the numeric and nothing else 


Answer:  ASSISTANT: 00. 200000000000000000000000000000000000000000000",0,1,Relative Reflectance
610,"USER: 
 QUESTION: Consider the surface color (color without shading) of the two points in the image. Which one is darker, or the color is about the same?
OPTIONS:
0: A is darker
1: B is darker
2: About the same

Answer with the correct option from 0 to 2. Only provide the numeric and nothing else 


Answer:  ASSISTANT: 00. 200000000000000000000000000000000000000000000",0,0,Relative Reflectance
611,"USER: 
 QUESTION: Consider the surface color (color without shading) of the two points in the image. Which one is darker, or the color is about the same?
OPTIONS:
0: A is darker
1: B is darker
2: About the same

Answer with the correct option from 0 to 2. Only provide the numeric and nothing else 


Answer:  ASSISTANT: 00. 200000000000000000000000000000000000000000000",0,2,Relative Reflectance
612,"USER: 
 QUESTION: Consider the surface color (color without shading) of the two points in the image. Which one is darker, or the color is about the same?
OPTIONS:
0: A is darker
1: B is darker
2: About the same

Answer with the correct option from 0 to 2. Only provide the numeric and nothing else 


Answer:  ASSISTANT: 00. 200000000000000000000000000000000000000000000",0,1,Relative Reflectance
613,"USER: 
 QUESTION: Consider the surface color (color without shading) of the two points in the image. Which one is darker, or the color is about the same?
OPTIONS:
0: A is darker
1: B is darker
2: About the same

Answer with the correct option from 0 to 2. Only provide the numeric and nothing else 


Answer:  ASSISTANT: 00. 200000000000000000000000000000000000000000000",0,2,Relative Reflectance
614,"USER: 
 QUESTION: Consider the surface color (color without shading) of the two points in the image. Which one is darker, or the color is about the same?
OPTIONS:
0: A is darker
1: B is darker
2: About the same

Answer with the correct option from 0 to 2. Only provide the numeric and nothing else 


Answer:  ASSISTANT: 00. 200000000000000000000000000000000000000000000",0,2,Relative Reflectance
615,"USER: 
 QUESTION: Consider the surface color (color without shading) of the two points in the image. Which one is darker, or the color is about the same?
OPTIONS:
0: A is darker
1: B is darker
2: About the same

Answer with the correct option from 0 to 2. Only provide the numeric and nothing else 


Answer:  ASSISTANT: 00. 200000000000000000000000000000000000000000000",0,2,Relative Reflectance
616,"USER: 
 QUESTION: Consider the surface color (color without shading) of the two points in the image. Which one is darker, or the color is about the same?
OPTIONS:
0: A is darker
1: B is darker
2: About the same

Answer with the correct option from 0 to 2. Only provide the numeric and nothing else 


Answer:  ASSISTANT: 00. 200000000000000000000000000000000000000000000",0,1,Relative Reflectance
617,"USER: 
 QUESTION: Consider the surface color (color without shading) of the two points in the image. Which one is darker, or the color is about the same?
OPTIONS:
0: A is darker
1: B is darker
2: About the same

Answer with the correct option from 0 to 2. Only provide the numeric and nothing else 


Answer:  ASSISTANT: 00. 200000000000000000000000000000000000000000000",0,0,Relative Reflectance
618,"USER: 
 QUESTION: Consider the surface color (color without shading) of the two points in the image. Which one is darker, or the color is about the same?
OPTIONS:
0: A is darker
1: B is darker
2: About the same

Answer with the correct option from 0 to 2. Only provide the numeric and nothing else 


Answer:  ASSISTANT: 00. 200000000000000000000000000000000000000000000",0,0,Relative Reflectance
619,"USER: 
 QUESTION: Consider the surface color (color without shading) of the two points in the image. Which one is darker, or the color is about the same?
OPTIONS:
0: A is darker
1: B is darker
2: About the same

Answer with the correct option from 0 to 2. Only provide the numeric and nothing else 


Answer:  ASSISTANT: 00. 200000000000000000000000000000000000000000000",0,0,Relative Reflectance
620,"USER: 
 QUESTION: Consider the surface color (color without shading) of the two points in the image. Which one is darker, or the color is about the same?
OPTIONS:
0: A is darker
1: B is darker
2: About the same

Answer with the correct option from 0 to 2. Only provide the numeric and nothing else 


Answer:  ASSISTANT: 00. 200000000000000000000000000000000000000000000",0,1,Relative Reflectance
621,"USER: 
 QUESTION: Consider the surface color (color without shading) of the two points in the image. Which one is darker, or the color is about the same?
OPTIONS:
0: A is darker
1: B is darker
2: About the same

Answer with the correct option from 0 to 2. Only provide the numeric and nothing else 


Answer:  ASSISTANT: 00. 200000000000000000000000000000000000000000000",0,1,Relative Reflectance
622,"USER: 
 QUESTION: Consider the surface color (color without shading) of the two points in the image. Which one is darker, or the color is about the same?
OPTIONS:
0: A is darker
1: B is darker
2: About the same

Answer with the correct option from 0 to 2. Only provide the numeric and nothing else 


Answer:  ASSISTANT: 00. 200000000000000000000000000000000000000000000",0,1,Relative Reflectance
623,"USER: 
 QUESTION: Consider the surface color (color without shading) of the two points in the image. Which one is darker, or the color is about the same?
OPTIONS:
0: A is darker
1: B is darker
2: About the same

Answer with the correct option from 0 to 2. Only provide the numeric and nothing else 


Answer:  ASSISTANT: 00. 200000000000000000000000000000000000000000000",0,2,Relative Reflectance
624,"USER: 
 QUESTION: Consider the surface color (color without shading) of the two points in the image. Which one is darker, or the color is about the same?
OPTIONS:
0: A is darker
1: B is darker
2: About the same

Answer with the correct option from 0 to 2. Only provide the numeric and nothing else 


Answer:  ASSISTANT: 00. 200000000000000000000000000000000000000000000",0,1,Relative Reflectance
625,"USER: 
 QUESTION: Consider the surface color (color without shading) of the two points in the image. Which one is darker, or the color is about the same?
OPTIONS:
0: A is darker
1: B is darker
2: About the same

Answer with the correct option from 0 to 2. Only provide the numeric and nothing else 


Answer:  ASSISTANT: 00. 200000000000000000000000000000000000000000000",0,0,Relative Reflectance
626,"USER: 
 QUESTION: Consider the surface color (color without shading) of the two points in the image. Which one is darker, or the color is about the same?
OPTIONS:
0: A is darker
1: B is darker
2: About the same

Answer with the correct option from 0 to 2. Only provide the numeric and nothing else 


Answer:  ASSISTANT: 00. 200000000000000000000000000000000000000000000",0,2,Relative Reflectance
627,"USER: 
 QUESTION: Consider the surface color (color without shading) of the two points in the image. Which one is darker, or the color is about the same?
OPTIONS:
0: A is darker
1: B is darker
2: About the same

Answer with the correct option from 0 to 2. Only provide the numeric and nothing else 


Answer:  ASSISTANT: 00. 200000000000000000000000000000000000000000000",0,1,Relative Reflectance
628,"USER: 
 QUESTION: Consider the surface color (color without shading) of the two points in the image. Which one is darker, or the color is about the same?
OPTIONS:
0: A is darker
1: B is darker
2: About the same

Answer with the correct option from 0 to 2. Only provide the numeric and nothing else 


Answer:  ASSISTANT: 00. 200000000000000000000000000000000000000000000",0,2,Relative Reflectance
629,"USER: 
 QUESTION: Consider the surface color (color without shading) of the two points in the image. Which one is darker, or the color is about the same?
OPTIONS:
0: A is darker
1: B is darker
2: About the same

Answer with the correct option from 0 to 2. Only provide the numeric and nothing else 


Answer:  ASSISTANT: 00. 200000000000000000000000000000000000000000000",0,0,Relative Reflectance
630,"USER: 
 QUESTION: Consider the surface color (color without shading) of the two points in the image. Which one is darker, or the color is about the same?
OPTIONS:
0: A is darker
1: B is darker
2: About the same

Answer with the correct option from 0 to 2. Only provide the numeric and nothing else 


Answer:  ASSISTANT: 00. 200000000000000000000000000000000000000000000",0,1,Relative Reflectance
631,"USER: 
 QUESTION: Consider the surface color (color without shading) of the two points in the image. Which one is darker, or the color is about the same?
OPTIONS:
0: A is darker
1: B is darker
2: About the same

Answer with the correct option from 0 to 2. Only provide the numeric and nothing else 


Answer:  ASSISTANT: 00. 200000000000000000000000000000000000000000000",0,0,Relative Reflectance
632,"USER: 
 QUESTION: Consider the surface color (color without shading) of the two points in the image. Which one is darker, or the color is about the same?
OPTIONS:
0: A is darker
1: B is darker
2: About the same

Answer with the correct option from 0 to 2. Only provide the numeric and nothing else 


Answer:  ASSISTANT: 00. 200000000000000000000000000000000000000000000",0,0,Relative Reflectance
633,"USER: 
 QUESTION: Consider the surface color (color without shading) of the two points in the image. Which one is darker, or the color is about the same?
OPTIONS:
0: A is darker
1: B is darker
2: About the same

Answer with the correct option from 0 to 2. Only provide the numeric and nothing else 


Answer:  ASSISTANT: 00. 200000000000000000000000000000000000000000000",0,1,Relative Reflectance
634,"USER: 
 QUESTION: Consider the surface color (color without shading) of the two points in the image. Which one is darker, or the color is about the same?
OPTIONS:
0: A is darker
1: B is darker
2: About the same

Answer with the correct option from 0 to 2. Only provide the numeric and nothing else 


Answer:  ASSISTANT: 00. 200000000000000000000000000000000000000000000",0,1,Relative Reflectance
635,"USER: 
 QUESTION: Consider the surface color (color without shading) of the two points in the image. Which one is darker, or the color is about the same?
OPTIONS:
0: A is darker
1: B is darker
2: About the same

Answer with the correct option from 0 to 2. Only provide the numeric and nothing else 


Answer:  ASSISTANT: 00. 200000000000000000000000000000000000000000000",0,2,Relative Reflectance
636,"USER: 
 QUESTION: Consider the surface color (color without shading) of the two points in the image. Which one is darker, or the color is about the same?
OPTIONS:
0: A is darker
1: B is darker
2: About the same

Answer with the correct option from 0 to 2. Only provide the numeric and nothing else 


Answer:  ASSISTANT: 00. 200000000000000000000000000000000000000000000",0,2,Relative Reflectance
637,"USER: 
 QUESTION: Consider the surface color (color without shading) of the two points in the image. Which one is darker, or the color is about the same?
OPTIONS:
0: A is darker
1: B is darker
2: About the same

Answer with the correct option from 0 to 2. Only provide the numeric and nothing else 


Answer:  ASSISTANT: 00. 200000000000000000000000000000000000000000000",0,2,Relative Reflectance
638,"USER: 
 QUESTION: Consider the surface color (color without shading) of the two points in the image. Which one is darker, or the color is about the same?
OPTIONS:
0: A is darker
1: B is darker
2: About the same

Answer with the correct option from 0 to 2. Only provide the numeric and nothing else 


Answer:  ASSISTANT: 00. 200000000000000000000000000000000000000000000",0,2,Relative Reflectance
639,"USER: 
 QUESTION: Consider the surface color (color without shading) of the two points in the image. Which one is darker, or the color is about the same?
OPTIONS:
0: A is darker
1: B is darker
2: About the same

Answer with the correct option from 0 to 2. Only provide the numeric and nothing else 


Answer:  ASSISTANT: 00. 200000000000000000000000000000000000000000000",0,2,Relative Reflectance
640,"USER: 
 QUESTION: Consider the surface color (color without shading) of the two points in the image. Which one is darker, or the color is about the same?
OPTIONS:
0: A is darker
1: B is darker
2: About the same

Answer with the correct option from 0 to 2. Only provide the numeric and nothing else 


Answer:  ASSISTANT: 00. 200000000000000000000000000000000000000000000",0,0,Relative Reflectance
641,"USER: 
 QUESTION: Consider the surface color (color without shading) of the two points in the image. Which one is darker, or the color is about the same?
OPTIONS:
0: A is darker
1: B is darker
2: About the same

Answer with the correct option from 0 to 2. Only provide the numeric and nothing else 


Answer:  ASSISTANT: 00. 200000000000000000000000000000000000000000000",0,1,Relative Reflectance
642,"USER: 
 QUESTION: Consider the surface color (color without shading) of the two points in the image. Which one is darker, or the color is about the same?
OPTIONS:
0: A is darker
1: B is darker
2: About the same

Answer with the correct option from 0 to 2. Only provide the numeric and nothing else 


Answer:  ASSISTANT: 00. 200000000000000000000000000000000000000000000",0,0,Relative Reflectance
643,"USER: 
 QUESTION: Consider the surface color (color without shading) of the two points in the image. Which one is darker, or the color is about the same?
OPTIONS:
0: A is darker
1: B is darker
2: About the same

Answer with the correct option from 0 to 2. Only provide the numeric and nothing else 


Answer:  ASSISTANT: 00. 200000000000000000000000000000000000000000000",0,0,Relative Reflectance
644,"USER: 
 QUESTION: Consider the surface color (color without shading) of the two points in the image. Which one is darker, or the color is about the same?
OPTIONS:
0: A is darker
1: B is darker
2: About the same

Answer with the correct option from 0 to 2. Only provide the numeric and nothing else 


Answer:  ASSISTANT: 00. 200000000000000000000000000000000000000000000",0,0,Relative Reflectance
645,"USER: 
 QUESTION: Consider the surface color (color without shading) of the two points in the image. Which one is darker, or the color is about the same?
OPTIONS:
0: A is darker
1: B is darker
2: About the same

Answer with the correct option from 0 to 2. Only provide the numeric and nothing else 


Answer:  ASSISTANT: 00. 200000000000000000000000000000000000000000000",0,0,Relative Reflectance
646,"USER: 
 QUESTION: Consider the surface color (color without shading) of the two points in the image. Which one is darker, or the color is about the same?
OPTIONS:
0: A is darker
1: B is darker
2: About the same

Answer with the correct option from 0 to 2. Only provide the numeric and nothing else 


Answer:  ASSISTANT: 00. 200000000000000000000000000000000000000000000",0,0,Relative Reflectance
647,"USER: 
 QUESTION: Consider the surface color (color without shading) of the two points in the image. Which one is darker, or the color is about the same?
OPTIONS:
0: A is darker
1: B is darker
2: About the same

Answer with the correct option from 0 to 2. Only provide the numeric and nothing else 


Answer:  ASSISTANT: 00. 200000000000000000000000000000000000000000000",0,0,Relative Reflectance
648,"USER: 
 QUESTION: Is the car beneath the cat?
OPTIONS:
0: yes
1: no

Answer with the correct option from 0 to 1. Only provide the numeric and nothing else 


Answer:  ASSISTANT:",10000,1,Spatial Relation
649,"USER: 
 QUESTION: Is the car under the cat?
OPTIONS:
0: yes
1: no

Answer with the correct option from 0 to 1. Only provide the numeric and nothing else 


Answer:  ASSISTANT:",10000,0,Spatial Relation
650,"USER: 
 QUESTION: Is the bed at the right side of the dining table?
OPTIONS:
0: yes
1: no

Answer with the correct option from 0 to 1. Only provide the numeric and nothing else 


Answer:  ASSISTANT:",10000,0,Spatial Relation
651,"USER: 
 QUESTION: Is the bowl in front of the apple?
OPTIONS:
0: yes
1: no

Answer with the correct option from 0 to 1. Only provide the numeric and nothing else 


Answer:  ASSISTANT:",10000,0,Spatial Relation
652,"USER: 
 QUESTION: Is the person on top of the bed?
OPTIONS:
0: yes
1: no

Answer with the correct option from 0 to 1. Only provide the numeric and nothing else 


Answer:  ASSISTANT:",10000,0,Spatial Relation
653,"USER: 
 QUESTION: Is the bicycle on the bus?
OPTIONS:
0: yes
1: no

Answer with the correct option from 0 to 1. Only provide the numeric and nothing else 


Answer:  ASSISTANT:",10000,0,Spatial Relation
654,"USER: 
 QUESTION: Is the person next to the banana?
OPTIONS:
0: yes
1: no

Answer with the correct option from 0 to 1. Only provide the numeric and nothing else 


Answer:  ASSISTANT:",10000,0,Spatial Relation
655,"USER: 
 QUESTION: Is the person touching the kite?
OPTIONS:
0: yes
1: no

Answer with the correct option from 0 to 1. Only provide the numeric and nothing else 


Answer:  ASSISTANT:",10000,0,Spatial Relation
656,"USER: 
 QUESTION: Is the hair drier left of the person?
OPTIONS:
0: yes
1: no

Answer with the correct option from 0 to 1. Only provide the numeric and nothing else 


Answer:  ASSISTANT:",10000,0,Spatial Relation
657,"USER: 
 QUESTION: Is the laptop touching the person?
OPTIONS:
0: yes
1: no

Answer with the correct option from 0 to 1. Only provide the numeric and nothing else 


Answer:  ASSISTANT:",10000,0,Spatial Relation
658,"USER: 
 QUESTION: Is the person on top of the elephant?
OPTIONS:
0: yes
1: no

Answer with the correct option from 0 to 1. Only provide the numeric and nothing else 


Answer:  ASSISTANT:",10000,0,Spatial Relation
659,"USER: 
 QUESTION: Does the suitcase contain the cat?
OPTIONS:
0: yes
1: no

Answer with the correct option from 0 to 1. Only provide the numeric and nothing else 


Answer:  ASSISTANT:",10000,0,Spatial Relation
660,"USER: 
 QUESTION: Is the cat touching the wine glass?
OPTIONS:
0: yes
1: no

Answer with the correct option from 0 to 1. Only provide the numeric and nothing else 


Answer:  ASSISTANT:",10000,1,Spatial Relation
661,"USER: 
 QUESTION: Is the person touching the donut?
OPTIONS:
0: yes
1: no

Answer with the correct option from 0 to 1. Only provide the numeric and nothing else 


Answer:  ASSISTANT:",10000,0,Spatial Relation
662,"USER: 
 QUESTION: Is the vase behind the cat?
OPTIONS:
0: yes
1: no

Answer with the correct option from 0 to 1. Only provide the numeric and nothing else 


Answer:  ASSISTANT:",10000,1,Spatial Relation
663,"USER: 
 QUESTION: Is the bus parallel to the motorcycle?
OPTIONS:
0: yes
1: no

Answer with the correct option from 0 to 1. Only provide the numeric and nothing else 


Answer:  ASSISTANT:",10000,0,Spatial Relation
664,"USER: 
 QUESTION: Is the dog on the motorcycle?
OPTIONS:
0: yes
1: no

Answer with the correct option from 0 to 1. Only provide the numeric and nothing else 


Answer:  ASSISTANT:",10000,1,Spatial Relation
665,"USER: 
 QUESTION: Is the dining table in front of the person?
OPTIONS:
0: yes
1: no

Answer with the correct option from 0 to 1. Only provide the numeric and nothing else 


Answer:  ASSISTANT:",10000,0,Spatial Relation
666,"USER: 
 QUESTION: Is the laptop facing the chair?
OPTIONS:
0: yes
1: no

Answer with the correct option from 0 to 1. Only provide the numeric and nothing else 


Answer:  ASSISTANT:",10000,0,Spatial Relation
667,"USER: 
 QUESTION: Is the laptop touching the teddy bear?
OPTIONS:
0: yes
1: no

Answer with the correct option from 0 to 1. Only provide the numeric and nothing else 


Answer:  ASSISTANT:",10000,0,Spatial Relation
668,"USER: 
 QUESTION: Is the dining table under the cat?
OPTIONS:
0: yes
1: no

Answer with the correct option from 0 to 1. Only provide the numeric and nothing else 


Answer:  ASSISTANT:",10000,0,Spatial Relation
669,"USER: 
 QUESTION: Is the pizza touching the person?
OPTIONS:
0: yes
1: no

Answer with the correct option from 0 to 1. Only provide the numeric and nothing else 


Answer:  ASSISTANT:",10000,0,Spatial Relation
670,"USER: 
 QUESTION: Is the umbrella on top of the cat?
OPTIONS:
0: yes
1: no

Answer with the correct option from 0 to 1. Only provide the numeric and nothing else 


Answer:  ASSISTANT:",10000,1,Spatial Relation
671,"USER: 
 QUESTION: Is the cat surrounding the teddy bear?
OPTIONS:
0: yes
1: no

Answer with the correct option from 0 to 1. Only provide the numeric and nothing else 


Answer:  ASSISTANT:",10000,0,Spatial Relation
672,"USER: 
 QUESTION: Is the sheep outside the bottle?
OPTIONS:
0: yes
1: no

Answer with the correct option from 0 to 1. Only provide the numeric and nothing else 


Answer:  ASSISTANT:",10000,0,Spatial Relation
673,"USER: 
 QUESTION: Is the motorcycle at the left side of the train?
OPTIONS:
0: yes
1: no

Answer with the correct option from 0 to 1. Only provide the numeric and nothing else 


Answer:  ASSISTANT:",10000,1,Spatial Relation
674,"USER: 
 QUESTION: Is the truck inside the dog?
OPTIONS:
0: yes
1: no

Answer with the correct option from 0 to 1. Only provide the numeric and nothing else 


Answer:  ASSISTANT:",10000,1,Spatial Relation
675,"USER: 
 QUESTION: Is the person facing away from the horse?
OPTIONS:
0: yes
1: no

Answer with the correct option from 0 to 1. Only provide the numeric and nothing else 


Answer:  ASSISTANT:",10000,0,Spatial Relation
676,"USER: 
 QUESTION: Is the cat facing the teddy bear?
OPTIONS:
0: yes
1: no

Answer with the correct option from 0 to 1. Only provide the numeric and nothing else 


Answer:  ASSISTANT:",10000,1,Spatial Relation
677,"USER: 
 QUESTION: Does the car contain the donut?
OPTIONS:
0: yes
1: no

Answer with the correct option from 0 to 1. Only provide the numeric and nothing else 


Answer:  ASSISTANT:",10000,0,Spatial Relation
678,"USER: 
 QUESTION: Is the airplane far away from the bicycle?
OPTIONS:
0: yes
1: no

Answer with the correct option from 0 to 1. Only provide the numeric and nothing else 


Answer:  ASSISTANT:",10000,0,Spatial Relation
679,"USER: 
 QUESTION: Is the surfboard left of the bed?
OPTIONS:
0: yes
1: no

Answer with the correct option from 0 to 1. Only provide the numeric and nothing else 


Answer:  ASSISTANT:",10000,0,Spatial Relation
680,"USER: 
 QUESTION: Is the car alongside the bus?
OPTIONS:
0: yes
1: no

Answer with the correct option from 0 to 1. Only provide the numeric and nothing else 


Answer:  ASSISTANT:",10000,0,Spatial Relation
681,"USER: 
 QUESTION: Is the horse far away from the potted plant?
OPTIONS:
0: yes
1: no

Answer with the correct option from 0 to 1. Only provide the numeric and nothing else 


Answer:  ASSISTANT:",10000,0,Spatial Relation
682,"USER: 
 QUESTION: Is the car away from the truck?
OPTIONS:
0: yes
1: no

Answer with the correct option from 0 to 1. Only provide the numeric and nothing else 


Answer:  ASSISTANT:",10000,0,Spatial Relation
683,"USER: 
 QUESTION: Is the boat in the tv?
OPTIONS:
0: yes
1: no

Answer with the correct option from 0 to 1. Only provide the numeric and nothing else 


Answer:  ASSISTANT:",10000,1,Spatial Relation
684,"USER: 
 QUESTION: Is the person facing the book?
OPTIONS:
0: yes
1: no

Answer with the correct option from 0 to 1. Only provide the numeric and nothing else 


Answer:  ASSISTANT:",10000,0,Spatial Relation
685,"USER: 
 QUESTION: Is the bowl on top of the cat?
OPTIONS:
0: yes
1: no

Answer with the correct option from 0 to 1. Only provide the numeric and nothing else 


Answer:  ASSISTANT:",10000,0,Spatial Relation
686,"USER: 
 QUESTION: Is the bench right of the bed?
OPTIONS:
0: yes
1: no

Answer with the correct option from 0 to 1. Only provide the numeric and nothing else 


Answer:  ASSISTANT:",10000,0,Spatial Relation
687,"USER: 
 QUESTION: Is the laptop at the right side of the sandwich?
OPTIONS:
0: yes
1: no

Answer with the correct option from 0 to 1. Only provide the numeric and nothing else 


Answer:  ASSISTANT:",10000,0,Spatial Relation
688,"USER: 
 QUESTION: Is the orange at the right side of the umbrella?
OPTIONS:
0: yes
1: no

Answer with the correct option from 0 to 1. Only provide the numeric and nothing else 


Answer:  ASSISTANT:",10000,1,Spatial Relation
689,"USER: 
 QUESTION: Is the cat on the chair?
OPTIONS:
0: yes
1: no

Answer with the correct option from 0 to 1. Only provide the numeric and nothing else 


Answer:  ASSISTANT:",10000,1,Spatial Relation
690,"USER: 
 QUESTION: Is the cat in the sink?
OPTIONS:
0: yes
1: no

Answer with the correct option from 0 to 1. Only provide the numeric and nothing else 


Answer:  ASSISTANT:",10000,0,Spatial Relation
691,"USER: 
 QUESTION: Is the refrigerator behind the dining table?
OPTIONS:
0: yes
1: no

Answer with the correct option from 0 to 1. Only provide the numeric and nothing else 


Answer:  ASSISTANT:",10000,1,Spatial Relation
692,"USER: 
 QUESTION: Does the cake consist of the truck?
OPTIONS:
0: yes
1: no

Answer with the correct option from 0 to 1. Only provide the numeric and nothing else 


Answer:  ASSISTANT:",10000,1,Spatial Relation
693,"USER: 
 QUESTION: Is the dog on the motorcycle?
OPTIONS:
0: yes
1: no

Answer with the correct option from 0 to 1. Only provide the numeric and nothing else 


Answer:  ASSISTANT:",10000,1,Spatial Relation
694,"USER: 
 QUESTION: Is the microwave above the laptop?
OPTIONS:
0: yes
1: no

Answer with the correct option from 0 to 1. Only provide the numeric and nothing else 


Answer:  ASSISTANT:",10000,1,Spatial Relation
695,"USER: 
 QUESTION: Is the broccoli beside the bowl?
OPTIONS:
0: yes
1: no

Answer with the correct option from 0 to 1. Only provide the numeric and nothing else 


Answer:  ASSISTANT:",10000,1,Spatial Relation
696,"USER: 
 QUESTION: Is the dog on top of the motorcycle?
OPTIONS:
0: yes
1: no

Answer with the correct option from 0 to 1. Only provide the numeric and nothing else 


Answer:  ASSISTANT:",10000,0,Spatial Relation
697,"USER: 
 QUESTION: Is the sandwich at the left side of the laptop?
OPTIONS:
0: yes
1: no

Answer with the correct option from 0 to 1. Only provide the numeric and nothing else 


Answer:  ASSISTANT:",10000,1,Spatial Relation
698,"USER: 
 QUESTION: Is the car at the back of the bicycle?
OPTIONS:
0: yes
1: no

Answer with the correct option from 0 to 1. Only provide the numeric and nothing else 


Answer:  ASSISTANT:",10000,1,Spatial Relation
699,"USER: 
 QUESTION: Is the train far away from the stop sign?
OPTIONS:
0: yes
1: no

Answer with the correct option from 0 to 1. Only provide the numeric and nothing else 


Answer:  ASSISTANT:",10000,0,Spatial Relation
700,"USER: 
 QUESTION: Is the orange behind the apple?
OPTIONS:
0: yes
1: no

Answer with the correct option from 0 to 1. Only provide the numeric and nothing else 


Answer:  ASSISTANT:",10000,1,Spatial Relation
701,"USER: 
 QUESTION: Is the teddy bear beside the bottle?
OPTIONS:
0: yes
1: no

Answer with the correct option from 0 to 1. Only provide the numeric and nothing else 


Answer:  ASSISTANT:",10000,0,Spatial Relation
702,"USER: 
 QUESTION: Is the potted plant behind the person?
OPTIONS:
0: yes
1: no

Answer with the correct option from 0 to 1. Only provide the numeric and nothing else 


Answer:  ASSISTANT:",10000,0,Spatial Relation
703,"USER: 
 QUESTION: Does the cup contain the cat?
OPTIONS:
0: yes
1: no

Answer with the correct option from 0 to 1. Only provide the numeric and nothing else 


Answer:  ASSISTANT:",10000,1,Spatial Relation
704,"USER: 
 QUESTION: Is the oven behind the cake?
OPTIONS:
0: yes
1: no

Answer with the correct option from 0 to 1. Only provide the numeric and nothing else 


Answer:  ASSISTANT:",10000,1,Spatial Relation
705,"USER: 
 QUESTION: Is the cat on the backpack?
OPTIONS:
0: yes
1: no

Answer with the correct option from 0 to 1. Only provide the numeric and nothing else 


Answer:  ASSISTANT:",10000,1,Spatial Relation
706,"USER: 
 QUESTION: Is the teddy bear on top of the dining table?
OPTIONS:
0: yes
1: no

Answer with the correct option from 0 to 1. Only provide the numeric and nothing else 


Answer:  ASSISTANT:",10000,0,Spatial Relation
707,"USER: 
 QUESTION: Is the sandwich touching the dining table?
OPTIONS:
0: yes
1: no

Answer with the correct option from 0 to 1. Only provide the numeric and nothing else 


Answer:  ASSISTANT:",10000,0,Spatial Relation
708,"USER: 
 QUESTION: Is the person left of the refrigerator?
OPTIONS:
0: yes
1: no

Answer with the correct option from 0 to 1. Only provide the numeric and nothing else 


Answer:  ASSISTANT:",10000,0,Spatial Relation
709,"USER: 
 QUESTION: Is the boat on the truck?
OPTIONS:
0: yes
1: no

Answer with the correct option from 0 to 1. Only provide the numeric and nothing else 


Answer:  ASSISTANT:",10000,0,Spatial Relation
710,"USER: 
 QUESTION: Is the teddy bear facing the book?
OPTIONS:
0: yes
1: no

Answer with the correct option from 0 to 1. Only provide the numeric and nothing else 


Answer:  ASSISTANT:",10000,1,Spatial Relation
711,"USER: 
 QUESTION: Is the hair drier on the chair?
OPTIONS:
0: yes
1: no

Answer with the correct option from 0 to 1. Only provide the numeric and nothing else 


Answer:  ASSISTANT:",10000,1,Spatial Relation
712,"USER: 
 QUESTION: Is the hot dog far away from the person?
OPTIONS:
0: yes
1: no

Answer with the correct option from 0 to 1. Only provide the numeric and nothing else 


Answer:  ASSISTANT:",10000,0,Spatial Relation
713,"USER: 
 QUESTION: Is the umbrella behind the cat?
OPTIONS:
0: yes
1: no

Answer with the correct option from 0 to 1. Only provide the numeric and nothing else 


Answer:  ASSISTANT:",10000,0,Spatial Relation
714,"USER: 
 QUESTION: Is the bicycle under the cat?
OPTIONS:
0: yes
1: no

Answer with the correct option from 0 to 1. Only provide the numeric and nothing else 


Answer:  ASSISTANT:",10000,1,Spatial Relation
715,"USER: 
 QUESTION: Is the person facing the bear?
OPTIONS:
0: yes
1: no

Answer with the correct option from 0 to 1. Only provide the numeric and nothing else 


Answer:  ASSISTANT:",10000,1,Spatial Relation
716,"USER: 
 QUESTION: Does the sink contain the cat?
OPTIONS:
0: yes
1: no

Answer with the correct option from 0 to 1. Only provide the numeric and nothing else 


Answer:  ASSISTANT:",10000,0,Spatial Relation
717,"USER: 
 QUESTION: Does the car contain the dog?
OPTIONS:
0: yes
1: no

Answer with the correct option from 0 to 1. Only provide the numeric and nothing else 


Answer:  ASSISTANT:",10000,1,Spatial Relation
718,"USER: 
 QUESTION: Is the laptop opposite to the couch?
OPTIONS:
0: yes
1: no

Answer with the correct option from 0 to 1. Only provide the numeric and nothing else 


Answer:  ASSISTANT:",10000,0,Spatial Relation
719,"USER: 
 QUESTION: Is the cup under the cow?
OPTIONS:
0: yes
1: no

Answer with the correct option from 0 to 1. Only provide the numeric and nothing else 


Answer:  ASSISTANT:",10000,1,Spatial Relation
720,"USER: 
 QUESTION: Is the surfboard beside the dining table?
OPTIONS:
0: yes
1: no

Answer with the correct option from 0 to 1. Only provide the numeric and nothing else 


Answer:  ASSISTANT:",10000,0,Spatial Relation
721,"USER: 
 QUESTION: Is the fire hydrant touching the teddy bear?
OPTIONS:
0: yes
1: no

Answer with the correct option from 0 to 1. Only provide the numeric and nothing else 


Answer:  ASSISTANT:",10000,0,Spatial Relation
722,"USER: 
 QUESTION: Is the person touching the zebra?
OPTIONS:
0: yes
1: no

Answer with the correct option from 0 to 1. Only provide the numeric and nothing else 


Answer:  ASSISTANT:",10000,1,Spatial Relation
723,"USER: 
 QUESTION: Is the cat facing away from the toilet?
OPTIONS:
0: yes
1: no

Answer with the correct option from 0 to 1. Only provide the numeric and nothing else 


Answer:  ASSISTANT:",10000,1,Spatial Relation
724,"USER: 
 QUESTION: Is the laptop a part of the cake?
OPTIONS:
0: yes
1: no

Answer with the correct option from 0 to 1. Only provide the numeric and nothing else 


Answer:  ASSISTANT:",10000,1,Spatial Relation
725,"USER: 
 QUESTION: Is the backpack on top of the cat?
OPTIONS:
0: yes
1: no

Answer with the correct option from 0 to 1. Only provide the numeric and nothing else 


Answer:  ASSISTANT:",10000,1,Spatial Relation
726,"USER: 
 QUESTION: Is the sandwich inside the person?
OPTIONS:
0: yes
1: no

Answer with the correct option from 0 to 1. Only provide the numeric and nothing else 


Answer:  ASSISTANT:",10000,1,Spatial Relation
727,"USER: 
 QUESTION: Is the bicycle in the train?
OPTIONS:
0: yes
1: no

Answer with the correct option from 0 to 1. Only provide the numeric and nothing else 


Answer:  ASSISTANT:",10000,1,Spatial Relation
728,"USER: 
 QUESTION: Is the person touching the pizza?
OPTIONS:
0: yes
1: no

Answer with the correct option from 0 to 1. Only provide the numeric and nothing else 


Answer:  ASSISTANT:",10000,0,Spatial Relation
729,"USER: 
 QUESTION: Is the sandwich touching the person?
OPTIONS:
0: yes
1: no

Answer with the correct option from 0 to 1. Only provide the numeric and nothing else 


Answer:  ASSISTANT:",10000,1,Spatial Relation
730,"USER: 
 QUESTION: Is the cat next to the bed?
OPTIONS:
0: yes
1: no

Answer with the correct option from 0 to 1. Only provide the numeric and nothing else 


Answer:  ASSISTANT:",10000,0,Spatial Relation
731,"USER: 
 QUESTION: Is the truck below the boat?
OPTIONS:
0: yes
1: no

Answer with the correct option from 0 to 1. Only provide the numeric and nothing else 


Answer:  ASSISTANT:",10000,0,Spatial Relation
732,"USER: 
 QUESTION: Is the truck in front of the boat?
OPTIONS:
0: yes
1: no

Answer with the correct option from 0 to 1. Only provide the numeric and nothing else 


Answer:  ASSISTANT:",10000,0,Spatial Relation
733,"USER: 
 QUESTION: Is the person at the left side of the bed?
OPTIONS:
0: yes
1: no

Answer with the correct option from 0 to 1. Only provide the numeric and nothing else 


Answer:  ASSISTANT:",10000,1,Spatial Relation
734,"USER: 
 QUESTION: Is the truck over the cat?
OPTIONS:
0: yes
1: no

Answer with the correct option from 0 to 1. Only provide the numeric and nothing else 


Answer:  ASSISTANT:",10000,0,Spatial Relation
735,"USER: 
 QUESTION: Is the cup at the left side of the bowl?
OPTIONS:
0: yes
1: no

Answer with the correct option from 0 to 1. Only provide the numeric and nothing else 


Answer:  ASSISTANT:",10000,0,Spatial Relation
736,"USER: 
 QUESTION: Is the dining table beneath the cat?
OPTIONS:
0: yes
1: no

Answer with the correct option from 0 to 1. Only provide the numeric and nothing else 


Answer:  ASSISTANT:",10000,0,Spatial Relation
737,"USER: 
 QUESTION: Is the cat with the teddy bear?
OPTIONS:
0: yes
1: no

Answer with the correct option from 0 to 1. Only provide the numeric and nothing else 


Answer:  ASSISTANT:",10000,1,Spatial Relation
738,"USER: 
 QUESTION: Is the teddy bear touching the cat?
OPTIONS:
0: yes
1: no

Answer with the correct option from 0 to 1. Only provide the numeric and nothing else 


Answer:  ASSISTANT:",10000,1,Spatial Relation
739,"USER: 
 QUESTION: Is the tv under the cat?
OPTIONS:
0: yes
1: no

Answer with the correct option from 0 to 1. Only provide the numeric and nothing else 


Answer:  ASSISTANT:",10000,0,Spatial Relation
740,"USER: 
 QUESTION: Is the cat at the left side of the pizza?
OPTIONS:
0: yes
1: no

Answer with the correct option from 0 to 1. Only provide the numeric and nothing else 


Answer:  ASSISTANT:",10000,0,Spatial Relation
741,"USER: 
 QUESTION: Does the backpack contain the cat?
OPTIONS:
0: yes
1: no

Answer with the correct option from 0 to 1. Only provide the numeric and nothing else 


Answer:  ASSISTANT:",10000,0,Spatial Relation
742,"USER: 
 QUESTION: Is the cat on top of the handbag?
OPTIONS:
0: yes
1: no

Answer with the correct option from 0 to 1. Only provide the numeric and nothing else 


Answer:  ASSISTANT:",10000,0,Spatial Relation
743,"USER: 
 QUESTION: Is the donut inside the bowl?
OPTIONS:
0: yes
1: no

Answer with the correct option from 0 to 1. Only provide the numeric and nothing else 


Answer:  ASSISTANT:",10000,1,Spatial Relation
744,"USER: 
 QUESTION: Is the cup beside the laptop?
OPTIONS:
0: yes
1: no

Answer with the correct option from 0 to 1. Only provide the numeric and nothing else 


Answer:  ASSISTANT:",10000,0,Spatial Relation
745,"USER: 
 QUESTION: Is the horse on the cake?
OPTIONS:
0: yes
1: no

Answer with the correct option from 0 to 1. Only provide the numeric and nothing else 


Answer:  ASSISTANT:",10000,0,Spatial Relation
746,"USER: 
 QUESTION: Is the bicycle in front of the umbrella?
OPTIONS:
0: yes
1: no

Answer with the correct option from 0 to 1. Only provide the numeric and nothing else 


Answer:  ASSISTANT:",10000,0,Spatial Relation
747,"USER: 
 QUESTION: Is the car perpendicular to the motorcycle?
OPTIONS:
0: yes
1: no

Answer with the correct option from 0 to 1. Only provide the numeric and nothing else 


Answer:  ASSISTANT:",10000,0,Spatial Relation
748,"USER: 
 QUESTION: Is the chair under the person?
OPTIONS:
0: yes
1: no

Answer with the correct option from 0 to 1. Only provide the numeric and nothing else 


Answer:  ASSISTANT:",10000,0,Spatial Relation
749,"USER: 
 QUESTION: Is the couch under the suitcase?
OPTIONS:
0: yes
1: no

Answer with the correct option from 0 to 1. Only provide the numeric and nothing else 


Answer:  ASSISTANT:",10000,0,Spatial Relation
750,"USER: 
 QUESTION: Is the dog touching the cat?
OPTIONS:
0: yes
1: no

Answer with the correct option from 0 to 1. Only provide the numeric and nothing else 


Answer:  ASSISTANT:",10000,0,Spatial Relation
751,"USER: 
 QUESTION: Is the pizza left of the person?
OPTIONS:
0: yes
1: no

Answer with the correct option from 0 to 1. Only provide the numeric and nothing else 


Answer:  ASSISTANT:",10000,1,Spatial Relation
752,"USER: 
 QUESTION: Is the couch under the truck?
OPTIONS:
0: yes
1: no

Answer with the correct option from 0 to 1. Only provide the numeric and nothing else 


Answer:  ASSISTANT:",10000,1,Spatial Relation
753,"USER: 
 QUESTION: Is the laptop touching the bed?
OPTIONS:
0: yes
1: no

Answer with the correct option from 0 to 1. Only provide the numeric and nothing else 


Answer:  ASSISTANT:",10000,0,Spatial Relation
754,"USER: 
 QUESTION: Is the bed beside the person?
OPTIONS:
0: yes
1: no

Answer with the correct option from 0 to 1. Only provide the numeric and nothing else 


Answer:  ASSISTANT:",10000,0,Spatial Relation
755,"USER: 
 QUESTION: Is the dining table touching the cat?
OPTIONS:
0: yes
1: no

Answer with the correct option from 0 to 1. Only provide the numeric and nothing else 


Answer:  ASSISTANT:",10000,0,Spatial Relation
756,"USER: 
 QUESTION: Is the sandwich touching the person?
OPTIONS:
0: yes
1: no

Answer with the correct option from 0 to 1. Only provide the numeric and nothing else 


Answer:  ASSISTANT:",10000,0,Spatial Relation
757,"USER: 
 QUESTION: Is the boat on the tv?
OPTIONS:
0: yes
1: no

Answer with the correct option from 0 to 1. Only provide the numeric and nothing else 


Answer:  ASSISTANT:",10000,1,Spatial Relation
758,"USER: 
 QUESTION: Is the dining table at the right side of the person?
OPTIONS:
0: yes
1: no

Answer with the correct option from 0 to 1. Only provide the numeric and nothing else 


Answer:  ASSISTANT:",10000,1,Spatial Relation
759,"USER: 
 QUESTION: Is the bed under the suitcase?
OPTIONS:
0: yes
1: no

Answer with the correct option from 0 to 1. Only provide the numeric and nothing else 


Answer:  ASSISTANT:",10000,1,Spatial Relation
760,"USER: 
 QUESTION: Is the dining table touching the donut?
OPTIONS:
0: yes
1: no

Answer with the correct option from 0 to 1. Only provide the numeric and nothing else 


Answer:  ASSISTANT:",10000,0,Spatial Relation
761,"USER: 
 QUESTION: Is the teddy bear under the dog?
OPTIONS:
0: yes
1: no

Answer with the correct option from 0 to 1. Only provide the numeric and nothing else 


Answer:  ASSISTANT:",10000,1,Spatial Relation
762,"USER: 
 QUESTION: Is the chair under the horse?
OPTIONS:
0: yes
1: no

Answer with the correct option from 0 to 1. Only provide the numeric and nothing else 


Answer:  ASSISTANT:",10000,1,Spatial Relation
763,"USER: 
 QUESTION: Is the person below the hair drier?
OPTIONS:
0: yes
1: no

Answer with the correct option from 0 to 1. Only provide the numeric and nothing else 


Answer:  ASSISTANT:",10000,1,Spatial Relation
764,"USER: 
 QUESTION: Is the refrigerator far from the cat?
OPTIONS:
0: yes
1: no

Answer with the correct option from 0 to 1. Only provide the numeric and nothing else 


Answer:  ASSISTANT:",10000,1,Spatial Relation
765,"USER: 
 QUESTION: Is the dog on the left side of the car?
OPTIONS:
0: yes
1: no

Answer with the correct option from 0 to 1. Only provide the numeric and nothing else 


Answer:  ASSISTANT:",10000,1,Spatial Relation
766,"USER: 
 QUESTION: Is the cat facing the keyboard?
OPTIONS:
0: yes
1: no

Answer with the correct option from 0 to 1. Only provide the numeric and nothing else 


Answer:  ASSISTANT:",10000,1,Spatial Relation
767,"USER: 
 QUESTION: Is the bed touching the book?
OPTIONS:
0: yes
1: no

Answer with the correct option from 0 to 1. Only provide the numeric and nothing else 


Answer:  ASSISTANT:",10000,1,Spatial Relation
768,"USER: 
 QUESTION: Is the dining table away from the potted plant?
OPTIONS:
0: yes
1: no

Answer with the correct option from 0 to 1. Only provide the numeric and nothing else 


Answer:  ASSISTANT:",10000,1,Spatial Relation
769,"USER: 
 QUESTION: Is the bench at the left side of the cat?
OPTIONS:
0: yes
1: no

Answer with the correct option from 0 to 1. Only provide the numeric and nothing else 


Answer:  ASSISTANT:",10000,1,Spatial Relation
770,"USER: 
 QUESTION: Is the bed beneath the dog?
OPTIONS:
0: yes
1: no

Answer with the correct option from 0 to 1. Only provide the numeric and nothing else 


Answer:  ASSISTANT:",10000,1,Spatial Relation
771,"USER: 
 QUESTION: Is the person at the right side of the laptop?
OPTIONS:
0: yes
1: no

Answer with the correct option from 0 to 1. Only provide the numeric and nothing else 


Answer:  ASSISTANT:",10000,1,Spatial Relation
772,"USER: 
 QUESTION: Is the person beneath the remote?
OPTIONS:
0: yes
1: no

Answer with the correct option from 0 to 1. Only provide the numeric and nothing else 


Answer:  ASSISTANT:",10000,1,Spatial Relation
773,"USER: 
 QUESTION: Does the oven contain the pizza?
OPTIONS:
0: yes
1: no

Answer with the correct option from 0 to 1. Only provide the numeric and nothing else 


Answer:  ASSISTANT:",10000,1,Spatial Relation
774,"USER: 
 QUESTION: Is the truck far away from the suitcase?
OPTIONS:
0: yes
1: no

Answer with the correct option from 0 to 1. Only provide the numeric and nothing else 


Answer:  ASSISTANT:",10000,0,Spatial Relation
775,"USER: 
 QUESTION: Is the donut on the dining table?
OPTIONS:
0: yes
1: no

Answer with the correct option from 0 to 1. Only provide the numeric and nothing else 


Answer:  ASSISTANT:",10000,0,Spatial Relation
776,"USER: 
 QUESTION: Is the bowl over the sandwich?
OPTIONS:
0: yes
1: no

Answer with the correct option from 0 to 1. Only provide the numeric and nothing else 


Answer:  ASSISTANT:",10000,1,Spatial Relation
777,"USER: 
 QUESTION: Is the cat facing away from the suitcase?
OPTIONS:
0: yes
1: no

Answer with the correct option from 0 to 1. Only provide the numeric and nothing else 


Answer:  ASSISTANT:",10000,0,Spatial Relation
778,"USER: 
 QUESTION: Is the suitcase beside the cat?
OPTIONS:
0: yes
1: no

Answer with the correct option from 0 to 1. Only provide the numeric and nothing else 


Answer:  ASSISTANT:",10000,0,Spatial Relation
779,"USER: 
 QUESTION: Is the cat facing the refrigerator?
OPTIONS:
0: yes
1: no

Answer with the correct option from 0 to 1. Only provide the numeric and nothing else 


Answer:  ASSISTANT:",10000,0,Spatial Relation
780,"USER: 
 QUESTION: Is the banana behind the orange?
OPTIONS:
0: yes
1: no

Answer with the correct option from 0 to 1. Only provide the numeric and nothing else 


Answer:  ASSISTANT:",10000,0,Spatial Relation
781,"USER: 
 QUESTION: Is the car under the dog?
OPTIONS:
0: yes
1: no

Answer with the correct option from 0 to 1. Only provide the numeric and nothing else 


Answer:  ASSISTANT:",10000,1,Spatial Relation
782,"USER: 
 QUESTION: Is the couch at the right side of the person?
OPTIONS:
0: yes
1: no

Answer with the correct option from 0 to 1. Only provide the numeric and nothing else 


Answer:  ASSISTANT:",10000,1,Spatial Relation
783,"USER: 
 QUESTION: Is the teddy bear on top of the cake?
OPTIONS:
0: yes
1: no

Answer with the correct option from 0 to 1. Only provide the numeric and nothing else 


Answer:  ASSISTANT:",10000,0,Spatial Relation
784,"USER: 
 QUESTION: Is the apple above the orange?
OPTIONS:
0: yes
1: no

Answer with the correct option from 0 to 1. Only provide the numeric and nothing else 


Answer:  ASSISTANT:",10000,1,Spatial Relation
785,"USER: 
 QUESTION: Is the bear touching the person?
OPTIONS:
0: yes
1: no

Answer with the correct option from 0 to 1. Only provide the numeric and nothing else 


Answer:  ASSISTANT:",10000,1,Spatial Relation
786,"USER: 
 QUESTION: Is the dining table touching the dog?
OPTIONS:
0: yes
1: no

Answer with the correct option from 0 to 1. Only provide the numeric and nothing else 


Answer:  ASSISTANT:",10000,1,Spatial Relation
787,"USER: 
 QUESTION: Is the zebra by the person?
OPTIONS:
0: yes
1: no

Answer with the correct option from 0 to 1. Only provide the numeric and nothing else 


Answer:  ASSISTANT:",10000,0,Spatial Relation
788,"USER: 
 QUESTION: Is the person facing the frisbee?
OPTIONS:
0: yes
1: no

Answer with the correct option from 0 to 1. Only provide the numeric and nothing else 


Answer:  ASSISTANT:",10000,1,Spatial Relation
789,"USER: 
 QUESTION: Is the cat on top of the laptop?
OPTIONS:
0: yes
1: no

Answer with the correct option from 0 to 1. Only provide the numeric and nothing else 


Answer:  ASSISTANT:",10000,1,Spatial Relation
790,"USER: 
 QUESTION: Is the person behind the cup?
OPTIONS:
0: yes
1: no

Answer with the correct option from 0 to 1. Only provide the numeric and nothing else 


Answer:  ASSISTANT:",10000,1,Spatial Relation
