,variable,value,attention_matrix
0,0,0.0062023986182684334,img_img_norm
1,0,0.0016762337377113216,img_img_norm
2,0,0.003035077238682652,img_img_norm
3,0,0.0037379034735054383,img_img_norm
4,0,0.002158466719679418,img_img_norm
5,0,0.002404226400272302,img_img_norm
6,0,0.0025887321855420555,img_img_norm
7,0,0.001833541821971948,img_img_norm
8,0,0.0027029819943315807,img_img_norm
9,0,0.0028668818231942375,img_img_norm
10,0,0.007987770375883878,img_img_norm
11,0,0.00210213434958724,img_img_norm
12,0,0.0016569266867617896,img_img_norm
13,0,0.0017979594685708347,img_img_norm
14,0,0.001947348151017177,img_img_norm
15,0,0.0018405363914811457,img_img_norm
16,0,0.009715640375153059,img_img_norm
17,0,0.0019977087402046536,img_img_norm
18,0,0.0020944297951088404,img_img_norm
19,0,0.00215210530881962,img_img_norm
20,0,0.0006094967018203214,img_img_norm
21,0,0.00039596869262016566,img_img_norm
22,0,0.001571654768436516,img_img_norm
23,0,0.0017093351340994893,img_img_norm
24,0,0.002193810970073944,img_img_norm
25,0,0.00201653067784774,img_img_norm
26,0,0.005111225477901158,img_img_norm
27,0,0.002873468523812682,img_img_norm
28,0,0.0040709015533337565,img_img_norm
29,0,0.021405995954996305,img_img_norm
30,0,0.004499099448242421,img_img_norm
31,0,0.015916213037628968,img_img_norm
32,1,0.003191917283633268,img_img_norm
33,1,0.0017982017438644632,img_img_norm
34,1,0.0021700880584192847,img_img_norm
35,1,0.0019282375406969971,img_img_norm
36,1,0.0022466130330888174,img_img_norm
37,1,0.0018196956622407645,img_img_norm
38,1,0.002497811242857581,img_img_norm
39,1,0.0027768767049875832,img_img_norm
40,1,0.0019221027374356056,img_img_norm
41,1,0.001517927165366329,img_img_norm
42,1,0.0018537631831516454,img_img_norm
43,1,0.0016334724139335634,img_img_norm
44,1,0.0016129088239116714,img_img_norm
45,1,0.002301253480657042,img_img_norm
46,1,0.0015148686773799327,img_img_norm
47,1,0.0016651498142979013,img_img_norm
48,1,0.0018562859232183928,img_img_norm
49,1,0.0017716859179383987,img_img_norm
50,1,0.0017411739962790165,img_img_norm
51,1,0.0017236023205826204,img_img_norm
52,1,0.001936201799796278,img_img_norm
53,1,0.0017463006868296863,img_img_norm
54,1,0.0019791589293254265,img_img_norm
55,1,0.0020680534592867165,img_img_norm
56,1,0.0015469856201462812,img_img_norm
57,1,0.0016812301513836722,img_img_norm
58,1,0.0016860470778923267,img_img_norm
59,1,0.0018661291587216162,img_img_norm
60,1,0.0021428536663038625,img_img_norm
61,1,0.0018906442129107612,img_img_norm
62,1,0.001975779531971109,img_img_norm
63,1,0.001837343124393319,img_img_norm
64,2,0.001028926822543379,img_img_norm
65,2,0.0013545959650930813,img_img_norm
66,2,0.0012601194370897367,img_img_norm
67,2,0.001460654019235583,img_img_norm
68,2,0.0008892461541644092,img_img_norm
69,2,0.001225744332321033,img_img_norm
70,2,0.0011940930769220243,img_img_norm
71,2,0.00145437950587171,img_img_norm
72,2,0.0010701227416300145,img_img_norm
73,2,0.0010483891509130412,img_img_norm
74,2,0.0009075492729055318,img_img_norm
75,2,0.0009173792679233762,img_img_norm
76,2,0.001243846881506961,img_img_norm
77,2,0.000932692384614931,img_img_norm
78,2,0.0007978813242444988,img_img_norm
79,2,0.001324037778503367,img_img_norm
80,2,0.0007753981590273254,img_img_norm
81,2,0.0006720215316228988,img_img_norm
82,2,0.001349816119599151,img_img_norm
83,2,0.0014488081847653233,img_img_norm
84,2,0.0004503216513227609,img_img_norm
85,2,0.00109126120497873,img_img_norm
86,2,0.0011880491164327823,img_img_norm
87,2,0.0008079613405352458,img_img_norm
88,2,0.0008417095666814547,img_img_norm
89,2,0.0012408789399697214,img_img_norm
90,2,0.001526995908881342,img_img_norm
91,2,0.00160407354861436,img_img_norm
92,2,0.0015799809556407305,img_img_norm
93,2,0.0012953255172431855,img_img_norm
94,2,0.0008270901277183183,img_img_norm
95,2,0.0010846264121711076,img_img_norm
96,3,0.0009912037888336251,img_img_norm
97,3,0.0012030079131651837,img_img_norm
98,3,0.0008218434155135468,img_img_norm
99,3,0.001531552132545997,img_img_norm
100,3,0.0008687156908216146,img_img_norm
101,3,0.0011592509996199768,img_img_norm
102,3,0.0012328141139994564,img_img_norm
103,3,0.0012849084163788719,img_img_norm
104,3,0.0007802447541983966,img_img_norm
105,3,0.0012752144833783068,img_img_norm
106,3,0.0015265100337343077,img_img_norm
107,3,0.0011014981359606351,img_img_norm
108,3,0.0015615305274478814,img_img_norm
109,3,0.0017803726197237134,img_img_norm
110,3,0.001901663577464719,img_img_norm
111,3,0.0031760954518211064,img_img_norm
112,3,0.0013561455353903369,img_img_norm
113,3,0.0011596193765671477,img_img_norm
114,3,0.0018642139158764033,img_img_norm
115,3,0.0014178816022024027,img_img_norm
116,3,0.0019515617272301013,img_img_norm
117,3,0.0017841121011476055,img_img_norm
118,3,0.0023148656928426293,img_img_norm
119,3,0.0015264155629538122,img_img_norm
120,3,0.0013159382554643719,img_img_norm
121,3,0.0012700011793504204,img_img_norm
122,3,0.0016351529395743115,img_img_norm
123,3,0.0015537510127406455,img_img_norm
124,3,0.0013488890964307965,img_img_norm
125,3,0.0016561790049964922,img_img_norm
126,3,0.0010654482036000202,img_img_norm
127,3,0.0010518453496977777,img_img_norm
128,4,0.0011002285160883723,img_img_norm
129,4,0.001172813154308583,img_img_norm
130,4,0.0012489218559034272,img_img_norm
131,4,0.0014242069693803899,img_img_norm
132,4,0.0005461791703968294,img_img_norm
133,4,0.0005567701432273843,img_img_norm
134,4,0.0009063961606721164,img_img_norm
135,4,0.0006904479292520104,img_img_norm
136,4,0.0010255729167488804,img_img_norm
137,4,0.0012216581534240719,img_img_norm
138,4,0.001010849677891279,img_img_norm
139,4,0.001006636345302049,img_img_norm
140,4,0.001038648213633041,img_img_norm
141,4,0.0010691124226791914,img_img_norm
142,4,0.0007671026931539581,img_img_norm
143,4,0.0006484577267950529,img_img_norm
144,4,0.0018359632900630972,img_img_norm
145,4,0.0009454278430442918,img_img_norm
146,4,0.0018010342819130784,img_img_norm
147,4,0.0014376782314544857,img_img_norm
148,4,0.0023880080446793055,img_img_norm
149,4,0.0007254694907937979,img_img_norm
150,4,0.0012108893808093829,img_img_norm
151,4,0.0005186940437465691,img_img_norm
152,4,0.001206541527146319,img_img_norm
153,4,0.0010072404015001805,img_img_norm
154,4,0.0008568421653733979,img_img_norm
155,4,0.0009021780001913143,img_img_norm
156,4,0.0005941034944653387,img_img_norm
157,4,0.001235579656840354,img_img_norm
158,4,0.0007033453502524955,img_img_norm
159,4,0.0012145762631616307,img_img_norm
160,5,0.0005989019568784297,img_img_norm
161,5,0.000623946709849114,img_img_norm
162,5,0.0005873332740831735,img_img_norm
163,5,0.0005140796861915839,img_img_norm
164,5,0.0011544108856649312,img_img_norm
165,5,0.0007258199735244841,img_img_norm
166,5,0.0009343872699360272,img_img_norm
167,5,0.0005793660346371328,img_img_norm
168,5,0.0006050972434540584,img_img_norm
169,5,0.0006017888762063159,img_img_norm
170,5,0.0008795771163673427,img_img_norm
171,5,0.0009511922205623321,img_img_norm
172,5,0.0012152009650897517,img_img_norm
173,5,0.0008705322211503586,img_img_norm
174,5,0.0014742229725104243,img_img_norm
175,5,0.0008852173322556234,img_img_norm
176,5,0.0025673009023888674,img_img_norm
177,5,0.0011456136916127792,img_img_norm
178,5,0.0022714225595068032,img_img_norm
179,5,0.001276436747361532,img_img_norm
180,5,0.0004958030623665121,img_img_norm
181,5,0.0005160928278038822,img_img_norm
182,5,0.0006347944368483612,img_img_norm
183,5,0.001000150509242528,img_img_norm
184,5,0.00049811830535329,img_img_norm
185,5,0.0010709323465759092,img_img_norm
186,5,0.001035142848278773,img_img_norm
187,5,0.001220444733772885,img_img_norm
188,5,0.0007503000786770875,img_img_norm
189,5,0.0015973093381603783,img_img_norm
190,5,0.0010407278418528684,img_img_norm
191,5,0.0012054800318331532,img_img_norm
192,6,0.0017009977450119823,img_img_norm
193,6,0.0005973571523674478,img_img_norm
194,6,0.0011556200154474465,img_img_norm
195,6,0.0008888941084187539,img_img_norm
196,6,0.0011119086366507367,img_img_norm
197,6,0.0015855663509961736,img_img_norm
198,6,0.0013906385426984756,img_img_norm
199,6,0.0015075270329926382,img_img_norm
200,6,0.0011171338907737536,img_img_norm
201,6,0.001801555263401158,img_img_norm
202,6,0.0018346477865657889,img_img_norm
203,6,0.001518666346812408,img_img_norm
204,6,0.000671512656132872,img_img_norm
205,6,0.0006930671494890544,img_img_norm
206,6,0.0005540367619119073,img_img_norm
207,6,0.0006855767037753385,img_img_norm
208,6,0.000643681773507855,img_img_norm
209,6,0.0010202129418681748,img_img_norm
210,6,0.0008234706215065886,img_img_norm
211,6,0.0019853474369879733,img_img_norm
212,6,0.0017824191883995132,img_img_norm
213,6,0.0021449587182720644,img_img_norm
214,6,0.0015198322339542846,img_img_norm
215,6,0.0008867127720241159,img_img_norm
216,6,0.0015216375976359556,img_img_norm
217,6,0.0005521687218714083,img_img_norm
218,6,0.0007525025496809684,img_img_norm
219,6,0.0012765191539708394,img_img_norm
220,6,0.0010503987701333875,img_img_norm
221,6,0.0015587397911107806,img_img_norm
222,6,0.0012352662534545161,img_img_norm
223,6,0.0026660720448480058,img_img_norm
224,7,0.001222473192763992,img_img_norm
225,7,0.000859534952110434,img_img_norm
226,7,0.0013961727816667398,img_img_norm
227,7,0.0016120810716201129,img_img_norm
228,7,0.0017404117148019562,img_img_norm
229,7,0.0022071872625116446,img_img_norm
230,7,0.002559419655081253,img_img_norm
231,7,0.0025027199262584046,img_img_norm
232,7,0.0009337596542527215,img_img_norm
233,7,0.0012928299698507998,img_img_norm
234,7,0.0013566134428540523,img_img_norm
235,7,0.00101268193201692,img_img_norm
236,7,0.002632281365992821,img_img_norm
237,7,0.0017847917317744717,img_img_norm
238,7,0.0008376139140619646,img_img_norm
239,7,0.0035024699450289082,img_img_norm
240,7,0.0006536532990505401,img_img_norm
241,7,0.0009409085352072155,img_img_norm
242,7,0.0013003327044199312,img_img_norm
243,7,0.0013215319817183877,img_img_norm
244,7,0.0012593064741451675,img_img_norm
245,7,0.0012569139158135863,img_img_norm
246,7,0.0015319506521200902,img_img_norm
247,7,0.0016787271837141024,img_img_norm
248,7,0.000676362434826006,img_img_norm
249,7,0.0007742585621834157,img_img_norm
250,7,0.0007526091571418284,img_img_norm
251,7,0.0008707973714195298,img_img_norm
252,7,0.0019196705788972663,img_img_norm
253,7,0.0023239277947443215,img_img_norm
254,7,0.004161393281698075,img_img_norm
255,7,0.0018729050686970936,img_img_norm
256,8,0.0018887442407187565,img_img_norm
257,8,0.0011920587538570397,img_img_norm
258,8,0.0014714370776960511,img_img_norm
259,8,0.002537152276744264,img_img_norm
260,8,0.001927644918477472,img_img_norm
261,8,0.0028997392641167824,img_img_norm
262,8,0.0034668035674822253,img_img_norm
263,8,0.0018519299510367422,img_img_norm
264,8,0.001666917367574915,img_img_norm
265,8,0.002137033066484688,img_img_norm
266,8,0.0021499758401479123,img_img_norm
267,8,0.004549489262150443,img_img_norm
268,8,0.0024410615004517053,img_img_norm
269,8,0.0007017682680664009,img_img_norm
270,8,0.00195656458374604,img_img_norm
271,8,0.009527620254860848,img_img_norm
272,8,0.001285152732019564,img_img_norm
273,8,0.0015019221839037641,img_img_norm
274,8,0.0019625155096989295,img_img_norm
275,8,0.0025892109687836317,img_img_norm
276,8,0.00123669476961839,img_img_norm
277,8,0.0012309675902008853,img_img_norm
278,8,0.0018347562592189895,img_img_norm
279,8,0.0006199506345047101,img_img_norm
280,8,0.0019435961702661227,img_img_norm
281,8,0.004300375364808741,img_img_norm
282,8,0.0021670023758897147,img_img_norm
283,8,0.002366139263662427,img_img_norm
284,8,0.004380104153803466,img_img_norm
285,8,0.0026053054563504943,img_img_norm
286,8,0.0040641087372278945,img_img_norm
287,8,0.004206377278009017,img_img_norm
288,9,0.001501321690868938,img_img_norm
289,9,0.0012587142034904933,img_img_norm
290,9,0.0017042675718406477,img_img_norm
291,9,0.0017478650110565044,img_img_norm
292,9,0.002393761782010347,img_img_norm
293,9,0.0035751635866301938,img_img_norm
294,9,0.002229477069660756,img_img_norm
295,9,0.004311511641335353,img_img_norm
296,9,0.001705615133918232,img_img_norm
297,9,0.00245462178567171,img_img_norm
298,9,0.002910512560610415,img_img_norm
299,9,0.0027235041939840587,img_img_norm
300,9,0.002062788039695877,img_img_norm
301,9,0.002313400896896059,img_img_norm
302,9,0.0018954848474333499,img_img_norm
303,9,0.0031392452620434656,img_img_norm
304,9,0.001538360851935554,img_img_norm
305,9,0.0008230803809478099,img_img_norm
306,9,0.0008919141664426592,img_img_norm
307,9,0.0016824080944132457,img_img_norm
308,9,0.004143726221970867,img_img_norm
309,9,0.002406921759785188,img_img_norm
310,9,0.0027539608581581194,img_img_norm
311,9,0.003928674336150888,img_img_norm
312,9,0.00465431689613069,img_img_norm
313,9,0.006865821755470419,img_img_norm
314,9,0.0021509733082745093,img_img_norm
315,9,0.009098463355832828,img_img_norm
316,9,0.0015496269665334116,img_img_norm
317,9,0.004788244063106512,img_img_norm
318,9,0.006108794498306869,img_img_norm
319,9,0.0025543877714479116,img_img_norm
320,10,0.00203936913752894,img_img_norm
321,10,0.004316385863155456,img_img_norm
322,10,0.0011673989302838938,img_img_norm
323,10,0.0025094506121619087,img_img_norm
324,10,0.009461348134875343,img_img_norm
325,10,0.014862283147520063,img_img_norm
326,10,0.018151813570651373,img_img_norm
327,10,0.009496982170341174,img_img_norm
328,10,0.008445192075970892,img_img_norm
329,10,0.005875202360307245,img_img_norm
330,10,0.013568846779714629,img_img_norm
331,10,0.0034440887768230504,img_img_norm
332,10,0.004158200423178424,img_img_norm
333,10,0.009700771491392646,img_img_norm
334,10,0.010943941590329487,img_img_norm
335,10,0.00648031397428338,img_img_norm
336,10,0.004227907367529929,img_img_norm
337,10,0.003707929881678495,img_img_norm
338,10,0.0043601830502314155,img_img_norm
339,10,0.002792552552006034,img_img_norm
340,10,0.008800683462422056,img_img_norm
341,10,0.004106171587294642,img_img_norm
342,10,0.007668727839329459,img_img_norm
343,10,0.004900042363447764,img_img_norm
344,10,0.008183481009275684,img_img_norm
345,10,0.017484322902579653,img_img_norm
346,10,0.0060768052889486335,img_img_norm
347,10,0.0024525199283190113,img_img_norm
348,10,0.008510685758975765,img_img_norm
349,10,0.012260316375243427,img_img_norm
350,10,0.0064935078539940065,img_img_norm
351,10,0.0054001274119420475,img_img_norm
352,11,0.0008217533194601521,img_img_norm
353,11,0.0004769419501659884,img_img_norm
354,11,0.0036908009575420554,img_img_norm
355,11,0.0010754194638628223,img_img_norm
356,11,0.006009622924514735,img_img_norm
357,11,0.0054870508951027856,img_img_norm
358,11,0.01272631367727459,img_img_norm
359,11,0.013338243606057978,img_img_norm
360,11,0.0005243046623385981,img_img_norm
361,11,0.002521133588915131,img_img_norm
362,11,0.006581537026893289,img_img_norm
363,11,0.001872949605808557,img_img_norm
364,11,0.001996057170059067,img_img_norm
365,11,0.0014544781932872863,img_img_norm
366,11,0.0005117535830739674,img_img_norm
367,11,0.005387308243757016,img_img_norm
368,11,0.018922412468992494,img_img_norm
369,11,0.029231521843709574,img_img_norm
370,11,0.010156409706231023,img_img_norm
371,11,0.003164343276655017,img_img_norm
372,11,0.006482753490704807,img_img_norm
373,11,0.006987841188027302,img_img_norm
374,11,0.006157190123562981,img_img_norm
375,11,0.0046673795302100895,img_img_norm
376,11,0.00981353021817724,img_img_norm
377,11,0.016270750594554188,img_img_norm
378,11,0.0056881535710979975,img_img_norm
379,11,0.004442535527961539,img_img_norm
380,11,0.010692952273143149,img_img_norm
381,11,0.007942996292238899,img_img_norm
382,11,0.006664389626932721,img_img_norm
383,11,0.0039292985844375464,img_img_norm
384,12,0.004738900640612133,img_img_norm
385,12,0.008966426075562152,img_img_norm
386,12,0.006370750639914223,img_img_norm
387,12,0.005933793365492316,img_img_norm
388,12,0.0015199093856705897,img_img_norm
389,12,8.703677079317291e-05,img_img_norm
390,12,0.0005890054912972494,img_img_norm
391,12,0.0003557991396863928,img_img_norm
392,12,0.004368060236065916,img_img_norm
393,12,0.011393822935132115,img_img_norm
394,12,0.0010208838787735337,img_img_norm
395,12,0.011254127413375314,img_img_norm
396,12,0.010313588958665137,img_img_norm
397,12,0.005456695886935744,img_img_norm
398,12,0.005747511925134753,img_img_norm
399,12,0.006889148931055087,img_img_norm
400,12,0.004581631708167939,img_img_norm
401,12,0.00399830097322191,img_img_norm
402,12,0.003274313063170179,img_img_norm
403,12,0.0055198126900184875,img_img_norm
404,12,0.0036617524438626015,img_img_norm
405,12,0.002923343861502455,img_img_norm
406,12,0.004417320952153542,img_img_norm
407,12,0.0033067757529572136,img_img_norm
408,12,0.003380565901347929,img_img_norm
409,12,0.005439009287042652,img_img_norm
410,12,0.0022632165575736064,img_img_norm
411,12,0.0038214494216220287,img_img_norm
412,12,0.0019262525727711474,img_img_norm
413,12,0.006926564027905455,img_img_norm
414,12,0.01094578865767533,img_img_norm
415,12,0.008988845264113659,img_img_norm
416,13,0.009535038073531623,img_img_norm
417,13,0.002290126662206453,img_img_norm
418,13,0.0036742733306474843,img_img_norm
419,13,0.0051222256349469164,img_img_norm
420,13,0.008372869070682312,img_img_norm
421,13,0.0036286529827305207,img_img_norm
422,13,0.004056085979091564,img_img_norm
423,13,0.005343261932709368,img_img_norm
424,13,0.006373035428190276,img_img_norm
425,13,0.01637229262829107,img_img_norm
426,13,0.011223212698972891,img_img_norm
427,13,0.006487212844462204,img_img_norm
428,13,0.0039187200906117044,img_img_norm
429,13,0.004802155146812691,img_img_norm
430,13,0.003647374051998514,img_img_norm
431,13,0.0023899315453252894,img_img_norm
432,13,0.00623834758871937,img_img_norm
433,13,0.004553316088699869,img_img_norm
434,13,0.00442729614350272,img_img_norm
435,13,0.0039757804160595175,img_img_norm
436,13,0.006214817740739971,img_img_norm
437,13,0.006772647220959202,img_img_norm
438,13,0.004804500887984386,img_img_norm
439,13,0.013640686859516726,img_img_norm
440,13,0.004418916714071366,img_img_norm
441,13,0.0051433964168248955,img_img_norm
442,13,0.0038682135736893652,img_img_norm
443,13,0.004567354358185134,img_img_norm
444,13,0.006220812112073122,img_img_norm
445,13,0.008467862240187156,img_img_norm
446,13,0.011878615524010802,img_img_norm
447,13,0.007040199272788401,img_img_norm
448,14,0.005345442187573072,img_img_norm
449,14,0.0029942833490518308,img_img_norm
450,14,0.0024548432574039995,img_img_norm
451,14,0.0030973781465083463,img_img_norm
452,14,0.0036805891233820075,img_img_norm
453,14,0.0018933185432711585,img_img_norm
454,14,0.0008220040551541219,img_img_norm
455,14,0.0010314701937980402,img_img_norm
456,14,0.005931456113842171,img_img_norm
457,14,0.003343449142080419,img_img_norm
458,14,0.0033550686273849813,img_img_norm
459,14,0.00412938520881276,img_img_norm
460,14,0.004232134109355056,img_img_norm
461,14,0.013047833384655497,img_img_norm
462,14,0.013469704330911932,img_img_norm
463,14,0.008711419875346587,img_img_norm
464,14,0.0019655994272149355,img_img_norm
465,14,0.0017932953642241134,img_img_norm
466,14,0.002436209454006955,img_img_norm
467,14,0.0007480317953784205,img_img_norm
468,14,0.003093968917071795,img_img_norm
469,14,0.003809609536364226,img_img_norm
470,14,0.004134692462017889,img_img_norm
471,14,0.002298167328462982,img_img_norm
472,14,0.00746615018126658,img_img_norm
473,14,0.005307496100157283,img_img_norm
474,14,0.011466726292398356,img_img_norm
475,14,0.008711224614208033,img_img_norm
476,14,0.0016027113664180673,img_img_norm
477,14,0.0008268166611885,img_img_norm
478,14,0.0011956217857242316,img_img_norm
479,14,0.00043668167326767324,img_img_norm
480,15,0.004040333904939049,img_img_norm
481,15,0.005104511683827582,img_img_norm
482,15,0.006168311045937284,img_img_norm
483,15,0.0028278318715942484,img_img_norm
484,15,0.002402680037422972,img_img_norm
485,15,0.004617527027933868,img_img_norm
486,15,0.0033471706576346325,img_img_norm
487,15,0.004198262177269936,img_img_norm
488,15,0.009571600761094819,img_img_norm
489,15,0.007559505806559263,img_img_norm
490,15,0.00424662332919331,img_img_norm
491,15,0.005179848433562627,img_img_norm
492,15,0.0012986187460534706,img_img_norm
493,15,0.0015245580653114425,img_img_norm
494,15,0.003259229945716369,img_img_norm
495,15,0.0010255657667905206,img_img_norm
496,15,0.004996955601275695,img_img_norm
497,15,0.004229207607056067,img_img_norm
498,15,0.004231974012730341,img_img_norm
499,15,0.002137033979074401,img_img_norm
500,15,0.0007051754610211954,img_img_norm
501,15,0.00417728987219855,img_img_norm
502,15,0.003172081533638099,img_img_norm
503,15,0.002489924605270867,img_img_norm
504,15,0.00010363834286641195,img_img_norm
505,15,0.0029010447542054192,img_img_norm
506,15,0.0011487039778403433,img_img_norm
507,15,0.0072410283412170555,img_img_norm
508,15,0.006492768141146829,img_img_norm
509,15,0.0033093050110572435,img_img_norm
510,15,0.004915909802067224,img_img_norm
511,15,0.00586311824170987,img_img_norm
512,16,0.006295752572571497,img_img_norm
513,16,0.0046250975052589795,img_img_norm
514,16,0.008997556039859217,img_img_norm
515,16,0.0025147130602647624,img_img_norm
516,16,0.007623535406489197,img_img_norm
517,16,0.003494540586717701,img_img_norm
518,16,0.0021111558266034085,img_img_norm
519,16,0.004839798594202379,img_img_norm
520,16,0.001259292201701256,img_img_norm
521,16,0.001973280437589761,img_img_norm
522,16,0.0021550487804225197,img_img_norm
523,16,0.0008983735491222007,img_img_norm
524,16,0.005963641958097004,img_img_norm
525,16,0.0021605579388423815,img_img_norm
526,16,0.004336845088131602,img_img_norm
527,16,0.005075246777834544,img_img_norm
528,16,0.0029295947552092846,img_img_norm
529,16,0.002685768362264155,img_img_norm
530,16,0.0007755206829397763,img_img_norm
531,16,0.0013979150017166886,img_img_norm
532,16,0.004949840171546515,img_img_norm
533,16,0.005477079544042645,img_img_norm
534,16,0.006618374080321809,img_img_norm
535,16,0.0019437547265799286,img_img_norm
536,16,0.0023840595716686313,img_img_norm
537,16,0.003386255343608784,img_img_norm
538,16,0.0016201378728843976,img_img_norm
539,16,0.0018617069681697448,img_img_norm
540,16,0.003207946885818224,img_img_norm
541,16,0.004550113781202358,img_img_norm
542,16,0.002440439107375434,img_img_norm
543,16,0.0011430625986716208,img_img_norm
544,17,0.005871120297194738,img_img_norm
545,17,0.00281837663271879,img_img_norm
546,17,0.0025335815505814568,img_img_norm
547,17,0.0023425494025268944,img_img_norm
548,17,0.004335892691599528,img_img_norm
549,17,0.0017797470382679298,img_img_norm
550,17,0.004711710164157799,img_img_norm
551,17,0.004995550447481389,img_img_norm
552,17,0.0007647502277034358,img_img_norm
553,17,0.0014301652580808624,img_img_norm
554,17,0.0038274938326845797,img_img_norm
555,17,0.0030839894650070794,img_img_norm
556,17,0.002446614409915774,img_img_norm
557,17,0.0035967625421221743,img_img_norm
558,17,0.0033059163455715673,img_img_norm
559,17,0.0022512440947400395,img_img_norm
560,17,0.001322048102765625,img_img_norm
561,17,0.005470549599600967,img_img_norm
562,17,0.005521326108061281,img_img_norm
563,17,0.0038548120872226197,img_img_norm
564,17,0.0031441882039180196,img_img_norm
565,17,0.0025572066059425438,img_img_norm
566,17,0.009852995729023437,img_img_norm
567,17,0.006803647564907055,img_img_norm
568,17,0.004614810108307789,img_img_norm
569,17,0.006260931162531271,img_img_norm
570,17,0.0039704553512107795,img_img_norm
571,17,0.005232164238647749,img_img_norm
572,17,0.0022347165789212953,img_img_norm
573,17,0.0011701350639030926,img_img_norm
574,17,0.00025366762943919034,img_img_norm
575,17,0.0008863815070763295,img_img_norm
576,18,0.00031564748870838795,img_img_norm
577,18,0.00029792767719703415,img_img_norm
578,18,0.0016167807255804613,img_img_norm
579,18,0.0014648724980912417,img_img_norm
580,18,0.00216214953270773,img_img_norm
581,18,0.0013607702161414943,img_img_norm
582,18,0.005053832726344305,img_img_norm
583,18,0.003117133228650293,img_img_norm
584,18,0.0016250404844508546,img_img_norm
585,18,0.005666375090651167,img_img_norm
586,18,0.0023435819466734154,img_img_norm
587,18,0.0022168701124666472,img_img_norm
588,18,0.00650953305993583,img_img_norm
589,18,0.005449268141017258,img_img_norm
590,18,0.000992386941492135,img_img_norm
591,18,0.005210051116544601,img_img_norm
592,18,0.001981068317071888,img_img_norm
593,18,0.0009561709645437833,img_img_norm
594,18,0.004919460978055431,img_img_norm
595,18,0.005138537574331332,img_img_norm
596,18,0.00074682130740675,img_img_norm
597,18,0.0005374703594720772,img_img_norm
598,18,0.0024595610312761235,img_img_norm
599,18,0.0013126276936218516,img_img_norm
600,18,0.0018837440145489045,img_img_norm
601,18,0.0011152826023554806,img_img_norm
602,18,0.0009815397229812166,img_img_norm
603,18,0.0009950272189314948,img_img_norm
604,18,0.0050346262044949205,img_img_norm
605,18,0.00406412841518105,img_img_norm
606,18,0.0077729941187574285,img_img_norm
607,18,0.007527121004484434,img_img_norm
608,19,0.0009973209935997215,img_img_norm
609,19,0.0038237359739099613,img_img_norm
610,19,0.0013749058921898101,img_img_norm
611,19,0.0033444835501587173,img_img_norm
612,19,0.002577545173319837,img_img_norm
613,19,0.006588263397192796,img_img_norm
614,19,0.0025505145420193897,img_img_norm
615,19,0.004421036629187816,img_img_norm
616,19,0.008542806646768345,img_img_norm
617,19,0.00754139133035304,img_img_norm
618,19,0.004255012466624075,img_img_norm
619,19,0.005336939052441184,img_img_norm
620,19,0.005047830152460539,img_img_norm
621,19,0.0014133507848554613,img_img_norm
622,19,0.002405966815203211,img_img_norm
623,19,0.0024453188377408916,img_img_norm
624,19,0.0034078550398202955,img_img_norm
625,19,0.0032954815009242425,img_img_norm
626,19,0.002170909827494667,img_img_norm
627,19,0.004571320011946741,img_img_norm
628,19,0.004719318655088751,img_img_norm
629,19,0.004716468069001088,img_img_norm
630,19,0.0028511835390579755,img_img_norm
631,19,0.0015029226274624991,img_img_norm
632,19,0.0016043663480539404,img_img_norm
633,19,0.0006884653974922947,img_img_norm
634,19,0.0006590406281735117,img_img_norm
635,19,0.0012291029349425454,img_img_norm
636,19,0.0019231313963946938,img_img_norm
637,19,0.0015796599969561717,img_img_norm
638,19,0.005199118490464239,img_img_norm
639,19,0.0008451519505420932,img_img_norm
640,20,0.00039550869460276293,img_img_norm
641,20,0.0010677454589475826,img_img_norm
642,20,0.0016245409240123957,img_img_norm
643,20,0.001457810003346644,img_img_norm
644,20,0.0009143833560939166,img_img_norm
645,20,0.0004579066870702534,img_img_norm
646,20,0.0006178387306359666,img_img_norm
647,20,0.001045810478946936,img_img_norm
648,20,0.0009778264575899473,img_img_norm
649,20,0.001649064589177814,img_img_norm
650,20,0.0012184833217324933,img_img_norm
651,20,0.0015772704971271315,img_img_norm
652,20,0.0003581429104268863,img_img_norm
653,20,0.0004712496150858615,img_img_norm
654,20,0.001442650021920628,img_img_norm
655,20,0.0003916772714599617,img_img_norm
656,20,0.001689062925546478,img_img_norm
657,20,0.004394465673823103,img_img_norm
658,20,0.001046705168053404,img_img_norm
659,20,0.006813021819955554,img_img_norm
660,20,0.0019063865382791475,img_img_norm
661,20,0.0028583272889045885,img_img_norm
662,20,0.005929717514007889,img_img_norm
663,20,0.0029030825149176454,img_img_norm
664,20,0.0007337661466995568,img_img_norm
665,20,0.00489765035469826,img_img_norm
666,20,0.0010791373393937878,img_img_norm
667,20,0.002624260016156367,img_img_norm
668,20,0.0017906969730273903,img_img_norm
669,20,0.0025954767808360605,img_img_norm
670,20,0.001117531310956062,img_img_norm
671,20,0.0022571055144837656,img_img_norm
672,21,0.003405659269020473,img_img_norm
673,21,0.003097146192305482,img_img_norm
674,21,0.0026417079555664585,img_img_norm
675,21,0.0030170719941778387,img_img_norm
676,21,0.002386849243041566,img_img_norm
677,21,0.0006753244254611983,img_img_norm
678,21,0.0018179949034024567,img_img_norm
679,21,0.0031107597600234325,img_img_norm
680,21,0.001027356714722743,img_img_norm
681,21,0.0014978193800634827,img_img_norm
682,21,0.0006476657411062595,img_img_norm
683,21,0.004617443972793859,img_img_norm
684,21,0.0008858079500562717,img_img_norm
685,21,0.0016562699890001985,img_img_norm
686,21,0.0003676830600459864,img_img_norm
687,21,0.0003167018910679798,img_img_norm
688,21,0.00035864645479822226,img_img_norm
689,21,0.0012650501668762984,img_img_norm
690,21,0.0006049262987705535,img_img_norm
691,21,0.0010856499145598477,img_img_norm
692,21,0.0007554100393192709,img_img_norm
693,21,0.0044710090498151734,img_img_norm
694,21,0.00031504391278342473,img_img_norm
695,21,0.0010084475186854641,img_img_norm
696,21,0.001037725713773334,img_img_norm
697,21,0.0009612219011127856,img_img_norm
698,21,0.0013350516024302778,img_img_norm
699,21,0.0014436738146033682,img_img_norm
700,21,0.0010244057192201968,img_img_norm
701,21,0.0015662103574888265,img_img_norm
702,21,0.0034207189702506026,img_img_norm
703,21,0.0011234398100889657,img_img_norm
704,22,0.00044669935384165156,img_img_norm
705,22,0.0004145956640059703,img_img_norm
706,22,0.0002775291564899035,img_img_norm
707,22,0.003079175867054675,img_img_norm
708,22,0.0017461415886603309,img_img_norm
709,22,0.0005887385766155985,img_img_norm
710,22,0.0027855883029002373,img_img_norm
711,22,0.001225377240920475,img_img_norm
712,22,0.001279331382645673,img_img_norm
713,22,0.0006709385298629603,img_img_norm
714,22,0.0005428420736855458,img_img_norm
715,22,0.0005872231578197083,img_img_norm
716,22,0.0012860204434593798,img_img_norm
717,22,0.0019224427524153057,img_img_norm
718,22,0.0019394620805528225,img_img_norm
719,22,0.0012986796725977874,img_img_norm
720,22,0.0003663143311254259,img_img_norm
721,22,8.955127294230643e-05,img_img_norm
722,22,0.0007811862139897657,img_img_norm
723,22,0.00032165024578609795,img_img_norm
724,22,0.001171722178844714,img_img_norm
725,22,0.001435946251432921,img_img_norm
726,22,0.00032664673134129746,img_img_norm
727,22,0.001242906753246738,img_img_norm
728,22,0.0006344823274692142,img_img_norm
729,22,0.0003017665856874383,img_img_norm
730,22,0.00038913779599591665,img_img_norm
731,22,0.0006033960470363361,img_img_norm
732,22,0.0004246634043538906,img_img_norm
733,22,0.0020180189486942415,img_img_norm
734,22,0.0011869665689599753,img_img_norm
735,22,0.00036456029759757716,img_img_norm
736,23,0.0010662776140268654,img_img_norm
737,23,0.0024163544397109342,img_img_norm
738,23,0.0022668381687656453,img_img_norm
739,23,0.0010611577329998833,img_img_norm
740,23,0.001155651628836951,img_img_norm
741,23,0.000462129311878259,img_img_norm
742,23,0.00037234313647734903,img_img_norm
743,23,0.0006263384816266556,img_img_norm
744,23,0.0002697727445965048,img_img_norm
745,23,0.0038447397187489647,img_img_norm
746,23,0.0006361870552110396,img_img_norm
747,23,0.00029666201369036953,img_img_norm
748,23,0.002568761856032184,img_img_norm
749,23,0.0015529010675384462,img_img_norm
750,23,0.0005693281048738679,img_img_norm
751,23,0.00037065250751490533,img_img_norm
752,23,0.00040065483470953106,img_img_norm
753,23,0.00041721815281526453,img_img_norm
754,23,0.0004581411416029748,img_img_norm
755,23,0.0006288727030308158,img_img_norm
756,23,0.0001324423315670245,img_img_norm
757,23,0.00013253145675897905,img_img_norm
758,23,0.0005155852418862934,img_img_norm
759,23,0.000840866389832853,img_img_norm
760,23,0.0033765631120665682,img_img_norm
761,23,0.002349695400917146,img_img_norm
762,23,0.0007222826209567744,img_img_norm
763,23,0.0011170015001636916,img_img_norm
764,23,0.0005948798787997608,img_img_norm
765,23,0.0003599157405713413,img_img_norm
766,23,0.0027677603001090615,img_img_norm
767,23,0.0003248483436026829,img_img_norm
768,24,0.000684245909442386,img_img_norm
769,24,0.0012795877271919182,img_img_norm
770,24,0.0006354804486542956,img_img_norm
771,24,0.0002675156794418843,img_img_norm
772,24,0.001225393407483151,img_img_norm
773,24,0.003334474474665245,img_img_norm
774,24,0.001878403085684348,img_img_norm
775,24,0.0012533430499074183,img_img_norm
776,24,0.009551625853295312,img_img_norm
777,24,0.0011509650114377688,img_img_norm
778,24,0.0024713291808831236,img_img_norm
779,24,0.002065060881617243,img_img_norm
780,24,0.001164448992509,img_img_norm
781,24,0.000734213412724129,img_img_norm
782,24,0.00035221124994554045,img_img_norm
783,24,0.0018119244469009949,img_img_norm
784,24,0.0004890564793074538,img_img_norm
785,24,0.0007952513204589599,img_img_norm
786,24,0.0005718649900029375,img_img_norm
787,24,0.0016368976715525703,img_img_norm
788,24,0.0035094726497129874,img_img_norm
789,24,0.006331407706005456,img_img_norm
790,24,0.0009614707802956779,img_img_norm
791,24,0.0002211915097116543,img_img_norm
792,24,0.0004443736091978324,img_img_norm
793,24,0.00024859190275534194,img_img_norm
794,24,0.001089964258231357,img_img_norm
795,24,0.0002808335810329002,img_img_norm
796,24,0.0006104979403356422,img_img_norm
797,24,0.0005525722777335618,img_img_norm
798,24,0.0006018544434498531,img_img_norm
799,24,0.0008143379999239425,img_img_norm
800,25,0.0023281568484399538,img_img_norm
801,25,0.001369478224600567,img_img_norm
802,25,0.00041190147253961426,img_img_norm
803,25,0.0002584697281714133,img_img_norm
804,25,0.0006844116320136488,img_img_norm
805,25,0.0018621470245332972,img_img_norm
806,25,0.0005039430320529892,img_img_norm
807,25,0.0011356075462270075,img_img_norm
808,25,0.001340538706802879,img_img_norm
809,25,0.003220383524423596,img_img_norm
810,25,0.001447261399944086,img_img_norm
811,25,0.0032142919326267443,img_img_norm
812,25,0.000889318854439477,img_img_norm
813,25,0.0010312327978787463,img_img_norm
814,25,0.001322145266627842,img_img_norm
815,25,0.002735673534713655,img_img_norm
816,25,0.0006099644003298966,img_img_norm
817,25,0.004686945289817369,img_img_norm
818,25,0.0008702675263411497,img_img_norm
819,25,0.0009441168395773413,img_img_norm
820,25,0.0005584926508334242,img_img_norm
821,25,0.0006896627433600547,img_img_norm
822,25,0.0005571153452063808,img_img_norm
823,25,0.00034813232630840106,img_img_norm
824,25,0.0007762030505189904,img_img_norm
825,25,0.002441129208902018,img_img_norm
826,25,0.0009870703391730263,img_img_norm
827,25,0.005478714447235445,img_img_norm
828,25,0.001868872118931095,img_img_norm
829,25,0.004093707795213398,img_img_norm
830,25,0.0007008036943429717,img_img_norm
831,25,0.0011299612602766913,img_img_norm
832,26,0.0016803153193729254,img_img_norm
833,26,0.0013603069594324924,img_img_norm
834,26,0.0006969748734530338,img_img_norm
835,26,0.0007654137972165198,img_img_norm
836,26,0.002157994088310352,img_img_norm
837,26,0.002709624774565652,img_img_norm
838,26,0.0025638543987116093,img_img_norm
839,26,0.0026458190096718486,img_img_norm
840,26,0.0006623904234809474,img_img_norm
841,26,0.0007048834969693759,img_img_norm
842,26,0.0003942654902857473,img_img_norm
843,26,0.0006354843696590395,img_img_norm
844,26,0.0004961085442303122,img_img_norm
845,26,0.00042685048770419717,img_img_norm
846,26,0.0011058769527641154,img_img_norm
847,26,0.0009323431260503555,img_img_norm
848,26,0.0004690635775079223,img_img_norm
849,26,0.00035424067751770185,img_img_norm
850,26,0.0005887405914071761,img_img_norm
851,26,0.0010785448446921303,img_img_norm
852,26,0.0016876747382623717,img_img_norm
853,26,0.003475347850778514,img_img_norm
854,26,0.0037258827688217777,img_img_norm
855,26,0.0012950223514813775,img_img_norm
856,26,0.0003929986505861737,img_img_norm
857,26,0.00044453573276209235,img_img_norm
858,26,0.0002620225427853764,img_img_norm
859,26,0.0005751586038260038,img_img_norm
860,26,0.0013811420063470335,img_img_norm
861,26,0.0018475377983884274,img_img_norm
862,26,0.0003287607479597827,img_img_norm
863,26,0.00037900525379414555,img_img_norm
864,27,0.0013142972280391768,img_img_norm
865,27,0.0015799566630977952,img_img_norm
866,27,0.001340683620224934,img_img_norm
867,27,0.001070786457383729,img_img_norm
868,27,0.0016024197838638613,img_img_norm
869,27,0.0005165444715566033,img_img_norm
870,27,0.00020346480520334098,img_img_norm
871,27,0.00023323847827688677,img_img_norm
872,27,0.0006109046469957695,img_img_norm
873,27,0.008563121975295533,img_img_norm
874,27,0.0009722810439778634,img_img_norm
875,27,0.003565377188429036,img_img_norm
876,27,0.002717378707688356,img_img_norm
877,27,0.0017690571999889328,img_img_norm
878,27,0.0010587859093884587,img_img_norm
879,27,0.002004136238784405,img_img_norm
880,27,0.000521444765258705,img_img_norm
881,27,0.0012619419302865166,img_img_norm
882,27,0.0005330563325780399,img_img_norm
883,27,0.00037739240982484,img_img_norm
884,27,0.0005682086915223779,img_img_norm
885,27,0.00036308207632540116,img_img_norm
886,27,0.0006584963592901758,img_img_norm
887,27,0.0006081646737706749,img_img_norm
888,27,0.0007415399252218338,img_img_norm
889,27,0.0005633205737226418,img_img_norm
890,27,0.0008604512180562139,img_img_norm
891,27,0.0009323521764472005,img_img_norm
892,27,0.0037041817012035214,img_img_norm
893,27,0.004001364308562228,img_img_norm
894,27,0.0003542484531955206,img_img_norm
895,27,0.003073855222468496,img_img_norm
896,28,0.0037274726502107597,img_img_norm
897,28,0.0005380740019132133,img_img_norm
898,28,0.0035778019794569203,img_img_norm
899,28,0.0007804634530273059,img_img_norm
900,28,0.002214162245737168,img_img_norm
901,28,0.005539247932444062,img_img_norm
902,28,0.0033316120902404166,img_img_norm
903,28,0.002002450185502445,img_img_norm
904,28,0.0010742298835055744,img_img_norm
905,28,0.00026862077059609086,img_img_norm
906,28,0.0023115469478752846,img_img_norm
907,28,0.00033308621400585987,img_img_norm
908,28,0.0012607452069285474,img_img_norm
909,28,0.0063181110668517615,img_img_norm
910,28,0.007753132230602865,img_img_norm
911,28,0.005246962239636328,img_img_norm
912,28,0.00047744451566581944,img_img_norm
913,28,0.0017101428744603167,img_img_norm
914,28,0.004062689281432663,img_img_norm
915,28,0.0009012678414726334,img_img_norm
916,28,0.0011017072300353217,img_img_norm
917,28,0.008847988550728835,img_img_norm
918,28,0.0019618014662483255,img_img_norm
919,28,0.0004781356356184389,img_img_norm
920,28,0.002734026814361835,img_img_norm
921,28,0.0012654475489792274,img_img_norm
922,28,0.0008794033987238253,img_img_norm
923,28,0.0017749807520478513,img_img_norm
924,28,0.000638934878119147,img_img_norm
925,28,0.0006079184504891594,img_img_norm
926,28,0.00484115222289135,img_img_norm
927,28,0.0011900066580452751,img_img_norm
928,29,0.008226213380002114,img_img_norm
929,29,0.0008787721399484822,img_img_norm
930,29,0.004197741400150056,img_img_norm
931,29,0.00040370163948137754,img_img_norm
932,29,0.0019153590814761103,img_img_norm
933,29,0.0008426968749525609,img_img_norm
934,29,0.004716704537319148,img_img_norm
935,29,0.0009097891256356449,img_img_norm
936,29,0.0019391612953343032,img_img_norm
937,29,0.0013783835855324493,img_img_norm
938,29,0.001882598241949987,img_img_norm
939,29,0.002603224855826311,img_img_norm
940,29,0.005031642693564998,img_img_norm
941,29,0.008644432615304504,img_img_norm
942,29,0.0029569001547838985,img_img_norm
943,29,0.004305374350625634,img_img_norm
944,29,0.0020114165289798975,img_img_norm
945,29,0.0030822369654753706,img_img_norm
946,29,0.001740497334555131,img_img_norm
947,29,0.004864003044621231,img_img_norm
948,29,0.0014383801603455252,img_img_norm
949,29,0.0049219525608560155,img_img_norm
950,29,0.002623270992780427,img_img_norm
951,29,0.0013087083200961334,img_img_norm
952,29,0.0011917850476300797,img_img_norm
953,29,0.003994728866428944,img_img_norm
954,29,0.0009954641548124419,img_img_norm
955,29,0.006757946644610681,img_img_norm
956,29,0.004941077635068409,img_img_norm
957,29,0.0067849331527659006,img_img_norm
958,29,0.010052818170029437,img_img_norm
959,29,0.001528036267792181,img_img_norm
960,30,0.0012815626147243445,img_img_norm
961,30,0.0029826888391529085,img_img_norm
962,30,0.0018776110807642483,img_img_norm
963,30,0.001873276244596321,img_img_norm
964,30,0.003509876231431525,img_img_norm
965,30,0.005741827977404151,img_img_norm
966,30,0.0026982473448690205,img_img_norm
967,30,0.0009692476743521902,img_img_norm
968,30,0.0036060045238566784,img_img_norm
969,30,0.006807161975312512,img_img_norm
970,30,0.009909103558022884,img_img_norm
971,30,0.006342576843205944,img_img_norm
972,30,0.004287512219769632,img_img_norm
973,30,0.0021839608183245366,img_img_norm
974,30,0.0029332096939322654,img_img_norm
975,30,0.007953110209064777,img_img_norm
976,30,0.00599425487315376,img_img_norm
977,30,0.002557974957217066,img_img_norm
978,30,0.004235674572532461,img_img_norm
979,30,0.007606947332892309,img_img_norm
980,30,0.004298183543364772,img_img_norm
981,30,0.0020774838925725738,img_img_norm
982,30,0.012091580811936928,img_img_norm
983,30,0.0096510687230708,img_img_norm
984,30,0.0024835397615377173,img_img_norm
985,30,0.0006461321674871484,img_img_norm
986,30,0.0027448375406151425,img_img_norm
987,30,0.0015350023559773786,img_img_norm
988,30,0.011020847779068327,img_img_norm
989,30,0.0049705179610439396,img_img_norm
990,30,0.003571402452251077,img_img_norm
991,30,0.00335021123777662,img_img_norm
992,31,0.0030488260696775694,img_img_norm
993,31,0.015982581191231512,img_img_norm
994,31,0.004255006250435516,img_img_norm
995,31,0.0051329932116232,img_img_norm
996,31,0.005289475826029414,img_img_norm
997,31,0.00913352229684985,img_img_norm
998,31,0.0048905535348991854,img_img_norm
999,31,0.003939725538786998,img_img_norm
1000,31,0.003726162994821469,img_img_norm
1001,31,0.0016917628211567666,img_img_norm
1002,31,0.004473430037965513,img_img_norm
1003,31,0.0028521315582643635,img_img_norm
1004,31,0.008604539940251009,img_img_norm
1005,31,0.007052862508175389,img_img_norm
1006,31,0.002003308048774301,img_img_norm
1007,31,0.0022072539832734494,img_img_norm
1008,31,0.004172463157103707,img_img_norm
1009,31,0.002616077913971831,img_img_norm
1010,31,0.00380354482190531,img_img_norm
1011,31,0.003485809655342322,img_img_norm
1012,31,0.01035454326816783,img_img_norm
1013,31,0.0016999016983122966,img_img_norm
1014,31,0.006635814085105355,img_img_norm
1015,31,0.0016030868197543977,img_img_norm
1016,31,0.004372964013829885,img_img_norm
1017,31,0.006733139425123893,img_img_norm
1018,31,0.009783842038551316,img_img_norm
1019,31,0.007301026135846296,img_img_norm
1020,31,0.01058598815656491,img_img_norm
1021,31,0.010562988199948808,img_img_norm
1022,31,0.008629541695250898,img_img_norm
1023,31,0.004076419993498267,img_img_norm
0,0,0.0007292307593632018,img_text_norm
1,0,0.0007499018353898293,img_text_norm
2,0,0.0006875590785830301,img_text_norm
3,0,0.000764054686378316,img_text_norm
4,0,0.0015159195831222795,img_text_norm
5,0,0.0016983652835091056,img_text_norm
6,0,0.0016970551621200622,img_text_norm
7,0,0.0016628541585919437,img_text_norm
8,0,0.002448684576330707,img_text_norm
9,0,0.0024137439276303903,img_text_norm
10,0,0.0013677527822868905,img_text_norm
11,0,0.0018498018412939766,img_text_norm
12,0,0.0012811656019293322,img_text_norm
13,0,0.001391759031609284,img_text_norm
14,0,0.0012824551685562016,img_text_norm
15,0,0.0012675972565985398,img_text_norm
16,0,0.0024808487008072012,img_text_norm
17,0,0.0005644885412141309,img_text_norm
18,0,0.0008453930613950114,img_text_norm
19,0,0.0004932038103295058,img_text_norm
20,0,0.0005188112919385577,img_text_norm
21,0,0.00019896449014638332,img_text_norm
22,0,0.000909634605140893,img_text_norm
23,0,0.0011209681477334062,img_text_norm
24,0,0.0006687650520188206,img_text_norm
25,0,0.0006274725739741527,img_text_norm
26,0,0.0003539885268543805,img_text_norm
27,0,0.0007431169694090423,img_text_norm
28,0,0.0007952764728889519,img_text_norm
29,0,0.0011627277572184333,img_text_norm
30,0,0.00050097020698736,img_text_norm
31,0,0.000837883395348041,img_text_norm
32,1,0.0002865493717429174,img_text_norm
33,1,0.0006930021753663471,img_text_norm
34,1,0.00023800803658799089,img_text_norm
35,1,0.00040513309816869015,img_text_norm
36,1,0.0005306876214497565,img_text_norm
37,1,0.0003637971451706939,img_text_norm
38,1,0.000258459617118546,img_text_norm
39,1,0.0002899074652298377,img_text_norm
40,1,0.00022408008487729896,img_text_norm
41,1,0.0003261768324849741,img_text_norm
42,1,0.0005035844138432208,img_text_norm
43,1,0.0003607811824374993,img_text_norm
44,1,0.00031562587730141607,img_text_norm
45,1,0.0003151120082470659,img_text_norm
46,1,0.0003778082335533932,img_text_norm
47,1,0.00045117894653261395,img_text_norm
48,1,0.0004312842613938963,img_text_norm
49,1,0.0006873833027398357,img_text_norm
50,1,0.0006660995398240412,img_text_norm
51,1,0.0005577348336426712,img_text_norm
52,1,0.00024635457509490313,img_text_norm
53,1,0.00033522192703136554,img_text_norm
54,1,0.00047613418149196574,img_text_norm
55,1,0.0002695211990874208,img_text_norm
56,1,0.00044614164316920046,img_text_norm
57,1,0.0005349539988818699,img_text_norm
58,1,0.00034996843951903063,img_text_norm
59,1,0.0003541350203181286,img_text_norm
60,1,0.0004287664253773552,img_text_norm
61,1,0.0006245295724900242,img_text_norm
62,1,0.0001471095560393219,img_text_norm
63,1,0.00046847716553282326,img_text_norm
64,2,0.00027114402610933954,img_text_norm
65,2,0.00011829432842500536,img_text_norm
66,2,0.00018066080069649548,img_text_norm
67,2,0.00016919155947365072,img_text_norm
68,2,0.0002075444924153295,img_text_norm
69,2,0.00013830909986773366,img_text_norm
70,2,0.00018428716645639318,img_text_norm
71,2,0.0001417975876271953,img_text_norm
72,2,0.00017005442106493254,img_text_norm
73,2,0.00011280435128629342,img_text_norm
74,2,0.00011920719029094061,img_text_norm
75,2,0.00011205028923229278,img_text_norm
76,2,0.00030070144784949675,img_text_norm
77,2,0.00011013218122459953,img_text_norm
78,2,9.931950967683286e-05,img_text_norm
79,2,0.00012703579161348904,img_text_norm
80,2,0.0001269705078127945,img_text_norm
81,2,0.00013254406004354035,img_text_norm
82,2,0.00020562441661542416,img_text_norm
83,2,0.0002578698300289043,img_text_norm
84,2,5.631986483211954e-05,img_text_norm
85,2,0.0002939705992943039,img_text_norm
86,2,0.00012034974346751873,img_text_norm
87,2,0.0004339902713641495,img_text_norm
88,2,0.00012843398444879184,img_text_norm
89,2,0.00018889830516239143,img_text_norm
90,2,0.00015470033998701483,img_text_norm
91,2,0.00013251637840698162,img_text_norm
92,2,0.00031319060699126636,img_text_norm
93,2,0.00018915933840702386,img_text_norm
94,2,0.0001397876357218515,img_text_norm
95,2,0.0001821668040750661,img_text_norm
96,3,0.00011702474559469412,img_text_norm
97,3,0.00017760511506973448,img_text_norm
98,3,8.598308854007419e-05,img_text_norm
99,3,0.0001494323563189451,img_text_norm
100,3,0.00012812201291456549,img_text_norm
101,3,0.00016166046182445316,img_text_norm
102,3,0.00017156252478130464,img_text_norm
103,3,0.00020764820424114003,img_text_norm
104,3,0.00011220353232528651,img_text_norm
105,3,0.00012619662509526895,img_text_norm
106,3,0.00030961681085129385,img_text_norm
107,3,0.00016882951629406895,img_text_norm
108,3,0.00022346119893287323,img_text_norm
109,3,0.00011506940247218961,img_text_norm
110,3,0.00022475253963147781,img_text_norm
111,3,0.00016884725701142152,img_text_norm
112,3,0.00018236262488970597,img_text_norm
113,3,0.00019975652141384427,img_text_norm
114,3,0.00016059088009275568,img_text_norm
115,3,0.0002229885209693876,img_text_norm
116,3,0.00010775920734147522,img_text_norm
117,3,0.0001628693081873683,img_text_norm
118,3,0.00014424349217194196,img_text_norm
119,3,0.0002657471367576557,img_text_norm
120,3,0.0001830341212373152,img_text_norm
121,3,0.00017179078867790768,img_text_norm
122,3,0.00016250186122606419,img_text_norm
123,3,0.000259836704617688,img_text_norm
124,3,0.00011851861595392592,img_text_norm
125,3,0.00015869385702959408,img_text_norm
126,3,9.72776754593273e-05,img_text_norm
127,3,9.149265183857595e-05,img_text_norm
128,4,0.00021272663752053072,img_text_norm
129,4,0.00018455460267257582,img_text_norm
130,4,0.00024378877796662265,img_text_norm
131,4,0.0003137778451272655,img_text_norm
132,4,0.00010336840018834418,img_text_norm
133,4,9.082371464042393e-05,img_text_norm
134,4,0.00013166768899795274,img_text_norm
135,4,0.00012049092491187562,img_text_norm
136,4,0.0002251438957779496,img_text_norm
137,4,0.00014337076103215597,img_text_norm
138,4,0.00010108377303847273,img_text_norm
139,4,0.00014289311770697454,img_text_norm
140,4,0.00016891818929338806,img_text_norm
141,4,0.0002056865295177873,img_text_norm
142,4,7.43456418663536e-05,img_text_norm
143,4,0.00012908968747963142,img_text_norm
144,4,0.0002310045111679262,img_text_norm
145,4,0.00016198197664111743,img_text_norm
146,4,0.0001713413775632718,img_text_norm
147,4,0.0002659305390701488,img_text_norm
148,4,0.00010420672045395493,img_text_norm
149,4,8.713947743702441e-05,img_text_norm
150,4,0.00017702852136414692,img_text_norm
151,4,0.00013642857363254705,img_text_norm
152,4,0.00014906258471191893,img_text_norm
153,4,0.0001750035102406826,img_text_norm
154,4,0.00016538240315013418,img_text_norm
155,4,0.00020806154256382568,img_text_norm
156,4,0.00012238309476730167,img_text_norm
157,4,0.00020080075635051962,img_text_norm
158,4,0.00012895084087681118,img_text_norm
159,4,0.00018547344948166393,img_text_norm
160,5,6.143794453646739e-05,img_text_norm
161,5,7.539513274544003e-05,img_text_norm
162,5,8.886494572422377e-05,img_text_norm
163,5,9.314454712783501e-05,img_text_norm
164,5,0.00013366789370456716,img_text_norm
165,5,0.00011939980961980537,img_text_norm
166,5,0.00012130859865298124,img_text_norm
167,5,9.63342057580516e-05,img_text_norm
168,5,0.00010127057055721778,img_text_norm
169,5,7.039858205286455e-05,img_text_norm
170,5,0.00020417408238440813,img_text_norm
171,5,0.00016499581864488135,img_text_norm
172,5,0.0002571103030182939,img_text_norm
173,5,0.00015782779395253716,img_text_norm
174,5,0.0002876609602306451,img_text_norm
175,5,0.0001586566728938557,img_text_norm
176,5,0.00017073925353799986,img_text_norm
177,5,0.00019413960638373033,img_text_norm
178,5,0.00013739876656381189,img_text_norm
179,5,0.00017835919751536426,img_text_norm
180,5,9.665373239087463e-05,img_text_norm
181,5,7.585980189658057e-05,img_text_norm
182,5,8.761103386090728e-05,img_text_norm
183,5,0.0001635076171585507,img_text_norm
184,5,0.00019930478565348633,img_text_norm
185,5,6.410555706904829e-05,img_text_norm
186,5,0.00019377174139402885,img_text_norm
187,5,0.00026234116372551267,img_text_norm
188,5,0.00010285452093817941,img_text_norm
189,5,0.00024597987890943943,img_text_norm
190,5,0.00019519976718276473,img_text_norm
191,5,0.00014108402334866844,img_text_norm
192,6,0.000479187297773455,img_text_norm
193,6,8.258424238231587e-05,img_text_norm
194,6,0.0002251350254192733,img_text_norm
195,6,0.00011807574035642968,img_text_norm
196,6,0.000293885505025899,img_text_norm
197,6,0.00019869578964919391,img_text_norm
198,6,0.00019540358151602785,img_text_norm
199,6,0.000220378555572388,img_text_norm
200,6,0.00021080350297625423,img_text_norm
201,6,0.0002870801250661963,img_text_norm
202,6,0.0001635052721211995,img_text_norm
203,6,0.00023829060339299607,img_text_norm
204,6,0.00021610575477709523,img_text_norm
205,6,0.00010862586177577723,img_text_norm
206,6,0.00012688005054592558,img_text_norm
207,6,0.00011392817475150565,img_text_norm
208,6,0.00016749437437606977,img_text_norm
209,6,0.00011946729571644711,img_text_norm
210,6,0.00020194128055999824,img_text_norm
211,6,0.00026918208629480797,img_text_norm
212,6,0.00031196578378691936,img_text_norm
213,6,0.00012267712166788404,img_text_norm
214,6,0.0002816545243006821,img_text_norm
215,6,0.00016891087889434107,img_text_norm
216,6,0.00023598300507289742,img_text_norm
217,6,0.00018641046523231654,img_text_norm
218,6,0.00034695349636729313,img_text_norm
219,6,0.00021614303067516477,img_text_norm
220,6,0.00029740768995251593,img_text_norm
221,6,0.00026883326708672405,img_text_norm
222,6,0.00028257176017106804,img_text_norm
223,6,0.00031183768357265635,img_text_norm
224,7,0.00016942009865724715,img_text_norm
225,7,0.00020781198980639957,img_text_norm
226,7,0.00017967078710170572,img_text_norm
227,7,0.0001646348358300149,img_text_norm
228,7,0.00016169858397513203,img_text_norm
229,7,0.0002871619158906803,img_text_norm
230,7,0.00031839234845207196,img_text_norm
231,7,0.000265692324058525,img_text_norm
232,7,0.00011854149536182198,img_text_norm
233,7,9.797854594871396e-05,img_text_norm
234,7,0.00010173689652822601,img_text_norm
235,7,0.00013408369941437888,img_text_norm
236,7,0.00032443241017848833,img_text_norm
237,7,0.0003950656285120624,img_text_norm
238,7,0.0001278573193725023,img_text_norm
239,7,0.0005387541828885644,img_text_norm
240,7,0.00015989609650466757,img_text_norm
241,7,0.0003014689887703595,img_text_norm
242,7,0.00026755487507262393,img_text_norm
243,7,0.00011516226595129719,img_text_norm
244,7,0.00012149070609702387,img_text_norm
245,7,0.0002341890922824867,img_text_norm
246,7,0.000182045494273307,img_text_norm
247,7,0.00021965196104284013,img_text_norm
248,7,0.00014284856199730172,img_text_norm
249,7,0.00011139338309533388,img_text_norm
250,7,8.499087264933722e-05,img_text_norm
251,7,8.93698016784937e-05,img_text_norm
252,7,0.0004044812185683145,img_text_norm
253,7,0.000371189804049654,img_text_norm
254,7,0.0005124741037839297,img_text_norm
255,7,0.0004514454651254853,img_text_norm
256,8,0.0001906329802701479,img_text_norm
257,8,0.00012702234333407064,img_text_norm
258,8,0.00014870132661005906,img_text_norm
259,8,0.00019526310358287632,img_text_norm
260,8,0.00020297621691378538,img_text_norm
261,8,0.00024000101246207488,img_text_norm
262,8,0.00016597851164480953,img_text_norm
263,8,0.00023610327490157032,img_text_norm
264,8,0.00036876621814300206,img_text_norm
265,8,0.00024277733276960583,img_text_norm
266,8,0.00019901763073192443,img_text_norm
267,8,0.00023358531653525435,img_text_norm
268,8,0.00016588952257523873,img_text_norm
269,8,0.00019292495860232463,img_text_norm
270,8,0.00023958957056089932,img_text_norm
271,8,0.000256494292293577,img_text_norm
272,8,0.00022690326514859566,img_text_norm
273,8,0.00015710711299544015,img_text_norm
274,8,0.0003822011206526966,img_text_norm
275,8,0.0002883505235616731,img_text_norm
276,8,0.0001421612009622209,img_text_norm
277,8,0.00018811175924316937,img_text_norm
278,8,0.00014579119643210568,img_text_norm
279,8,8.283021131092047e-05,img_text_norm
280,8,0.00018728547003875174,img_text_norm
281,8,0.0001837697084753142,img_text_norm
282,8,0.000239673910339026,img_text_norm
283,8,0.00022317318756288743,img_text_norm
284,8,0.0005509971131084579,img_text_norm
285,8,0.00019691963796776492,img_text_norm
286,8,0.0002920657356497377,img_text_norm
287,8,0.0003398780292796194,img_text_norm
288,9,0.0001139783789424505,img_text_norm
289,9,0.0005064710120811456,img_text_norm
290,9,0.00023187511138246696,img_text_norm
291,9,0.00012542478154065748,img_text_norm
292,9,0.0002291276044469121,img_text_norm
293,9,0.00024792177375252555,img_text_norm
294,9,0.00011869167971044456,img_text_norm
295,9,0.00028164877386126436,img_text_norm
296,9,0.0002909718674877334,img_text_norm
297,9,0.0005347918038636833,img_text_norm
298,9,0.00021836639117528244,img_text_norm
299,9,0.00011900575158247242,img_text_norm
300,9,0.000192141226727924,img_text_norm
301,9,0.00018186749574253624,img_text_norm
302,9,0.00033135114720458524,img_text_norm
303,9,0.00013246524639691086,img_text_norm
304,9,0.00014757597377266127,img_text_norm
305,9,0.00013439418235967792,img_text_norm
306,9,0.00015025222216018334,img_text_norm
307,9,0.0003541928509783721,img_text_norm
308,9,0.000492574361521185,img_text_norm
309,9,0.00012724190000503051,img_text_norm
310,9,0.0002586457926926022,img_text_norm
311,9,0.00019525663943643866,img_text_norm
312,9,0.0001335658539923462,img_text_norm
313,9,0.000267909934119225,img_text_norm
314,9,0.0004883497461455521,img_text_norm
315,9,0.0002346093433674511,img_text_norm
316,9,0.00039681017316832304,img_text_norm
317,9,0.00010849106291134144,img_text_norm
318,9,9.797275472603795e-05,img_text_norm
319,9,0.00023856697114274243,img_text_norm
320,10,0.00014791273133210836,img_text_norm
321,10,0.0001356084630917591,img_text_norm
322,10,0.0001397181308539248,img_text_norm
323,10,0.00011795761164881657,img_text_norm
324,10,0.0002607511876181399,img_text_norm
325,10,0.00027907849057457287,img_text_norm
326,10,0.00012175237148215966,img_text_norm
327,10,0.00023238314843088286,img_text_norm
328,10,0.00016519065046550788,img_text_norm
329,10,0.0001228216575352346,img_text_norm
330,10,0.000208040600360698,img_text_norm
331,10,0.0003810123702402998,img_text_norm
332,10,0.00020715260608650005,img_text_norm
333,10,0.0002425198884517022,img_text_norm
334,10,0.0005498057525675311,img_text_norm
335,10,0.0002532826107038883,img_text_norm
336,10,0.00016665098679061752,img_text_norm
337,10,0.0004371779723979686,img_text_norm
338,10,0.0005914171149087041,img_text_norm
339,10,0.00019265256722026075,img_text_norm
340,10,0.0001873059432344092,img_text_norm
341,10,0.00018305249409517112,img_text_norm
342,10,0.00014307996620479245,img_text_norm
343,10,0.00022464976582060777,img_text_norm
344,10,0.00026335279244719175,img_text_norm
345,10,0.00020944425815261054,img_text_norm
346,10,0.0005020664609699737,img_text_norm
347,10,0.00028830631450969574,img_text_norm
348,10,0.00013145951085605348,img_text_norm
349,10,0.0002645221096370173,img_text_norm
350,10,0.00013918090318839374,img_text_norm
351,10,0.00025324144000465285,img_text_norm
352,11,0.0007001301101158004,img_text_norm
353,11,6.847206759605797e-05,img_text_norm
354,11,0.00013769185544945377,img_text_norm
355,11,8.61011560727999e-05,img_text_norm
356,11,0.00013834887374037294,img_text_norm
357,11,8.049772500745537e-05,img_text_norm
358,11,0.00018496812451992376,img_text_norm
359,11,0.0001080163559807563,img_text_norm
360,11,0.00021854292150875503,img_text_norm
361,11,0.00012872376989051288,img_text_norm
362,11,0.00011878496121794952,img_text_norm
363,11,0.00012744528611408166,img_text_norm
364,11,0.0003274169290195476,img_text_norm
365,11,0.00010644350884186187,img_text_norm
366,11,0.0003130947051594168,img_text_norm
367,11,0.00014593366254909846,img_text_norm
368,11,0.00038672895955365434,img_text_norm
369,11,0.0005847740115337045,img_text_norm
370,11,0.0002306033670394668,img_text_norm
371,11,0.0002806328832890948,img_text_norm
372,11,0.00044626395216078746,img_text_norm
373,11,0.0004885194452832626,img_text_norm
374,11,0.00022356054695004762,img_text_norm
375,11,0.0004093594264411709,img_text_norm
376,11,0.00014895713959763143,img_text_norm
377,11,0.00016402359674651699,img_text_norm
378,11,0.00016305269010823223,img_text_norm
379,11,0.00018231906836986106,img_text_norm
380,11,0.0001235807665174476,img_text_norm
381,11,0.0002691716865639461,img_text_norm
382,11,0.000308506649777606,img_text_norm
383,11,8.58542950104204e-05,img_text_norm
384,12,0.00024342356388870948,img_text_norm
385,12,0.0002677894399826315,img_text_norm
386,12,0.00023330185249856699,img_text_norm
387,12,0.00020066659982240177,img_text_norm
388,12,0.0002443603553314415,img_text_norm
389,12,4.272904792601382e-05,img_text_norm
390,12,0.00013503834372842377,img_text_norm
391,12,0.0001890398434602583,img_text_norm
392,12,0.0006229204690345173,img_text_norm
393,12,0.001054031238447683,img_text_norm
394,12,5.82337619683952e-05,img_text_norm
395,12,0.0018779744267159184,img_text_norm
396,12,0.00011834631688350004,img_text_norm
397,12,0.0001436222000152776,img_text_norm
398,12,0.00011140487377835476,img_text_norm
399,12,0.00015377758818094626,img_text_norm
400,12,0.0001419861184344173,img_text_norm
401,12,0.00036564984702791776,img_text_norm
402,12,0.00022004396972144443,img_text_norm
403,12,0.0006613350764585326,img_text_norm
404,12,0.00020694989290121057,img_text_norm
405,12,0.00020055750460649808,img_text_norm
406,12,0.00017414708220839475,img_text_norm
407,12,0.00017327882703120517,img_text_norm
408,12,0.0001456075800075066,img_text_norm
409,12,0.0005993545157685338,img_text_norm
410,12,0.00021949488432356791,img_text_norm
411,12,0.0002295432062404324,img_text_norm
412,12,0.00028854640555120046,img_text_norm
413,12,0.00014984400213641206,img_text_norm
414,12,0.00010808294484571584,img_text_norm
415,12,9.041401622353992e-05,img_text_norm
416,13,0.0001691098808031269,img_text_norm
417,13,0.000203919166628518,img_text_norm
418,13,0.0002031133506197578,img_text_norm
419,13,0.00010163308274426978,img_text_norm
420,13,0.00021256709341413245,img_text_norm
421,13,0.0003222778918183503,img_text_norm
422,13,7.801979540914294e-05,img_text_norm
423,13,0.0001682049512809275,img_text_norm
424,13,0.00015509485683600345,img_text_norm
425,13,0.00011365983110782623,img_text_norm
426,13,9.430224108905025e-05,img_text_norm
427,13,0.00013550575045577647,img_text_norm
428,13,0.00014380658112596943,img_text_norm
429,13,0.00013990523424710696,img_text_norm
430,13,0.00012772592591013302,img_text_norm
431,13,0.0001633456464482847,img_text_norm
432,13,0.00016524189462953893,img_text_norm
433,13,0.0001499559827678392,img_text_norm
434,13,0.00015214837857910644,img_text_norm
435,13,0.0001942024329931134,img_text_norm
436,13,0.00010644144928731865,img_text_norm
437,13,7.300805295285752e-05,img_text_norm
438,13,9.554366307951793e-05,img_text_norm
439,13,7.9939973167194e-05,img_text_norm
440,13,0.0001299955448209568,img_text_norm
441,13,0.0001504262851065299,img_text_norm
442,13,0.00013100158623625128,img_text_norm
443,13,0.00012339988257115342,img_text_norm
444,13,0.000133542882822119,img_text_norm
445,13,0.0001207569031265747,img_text_norm
446,13,9.283044466836345e-05,img_text_norm
447,13,0.000620222697282437,img_text_norm
448,14,0.0001430592890928436,img_text_norm
449,14,0.00012852296332254806,img_text_norm
450,14,0.00018810321515055935,img_text_norm
451,14,0.00046285947562080195,img_text_norm
452,14,0.00023136546339534893,img_text_norm
453,14,0.00015264569982640882,img_text_norm
454,14,9.626319190956849e-05,img_text_norm
455,14,0.0002396909169577295,img_text_norm
456,14,0.0002987304541516266,img_text_norm
457,14,0.0001976899317585617,img_text_norm
458,14,0.00019707961029837514,img_text_norm
459,14,0.00013557988422351815,img_text_norm
460,14,0.0002509898167065459,img_text_norm
461,14,0.00019335693487404504,img_text_norm
462,14,8.438782080493937e-05,img_text_norm
463,14,0.00012690230800913285,img_text_norm
464,14,0.0002253822331393482,img_text_norm
465,14,0.0001587600788452291,img_text_norm
466,14,0.00015183452081918457,img_text_norm
467,14,0.0001407088275682908,img_text_norm
468,14,0.0002362986471003691,img_text_norm
469,14,0.00043113862437857214,img_text_norm
470,14,0.0001597107569874061,img_text_norm
471,14,0.0002837340626404691,img_text_norm
472,14,0.0018673866034668737,img_text_norm
473,14,0.0001987182204412489,img_text_norm
474,14,0.0008650128265896517,img_text_norm
475,14,0.00012672008841112993,img_text_norm
476,14,0.00010885958043317544,img_text_norm
477,14,7.528253526723137e-05,img_text_norm
478,14,9.613042201223221e-05,img_text_norm
479,14,6.256932310027631e-05,img_text_norm
480,15,0.0002474910413701827,img_text_norm
481,15,0.0011152818195976967,img_text_norm
482,15,0.0002753313044120155,img_text_norm
483,15,0.0002222951647953394,img_text_norm
484,15,0.00042082258076271706,img_text_norm
485,15,0.0004320726017764828,img_text_norm
486,15,0.00038727361996800726,img_text_norm
487,15,0.0011615605403664092,img_text_norm
488,15,0.0017367258531158975,img_text_norm
489,15,0.0007449146954341024,img_text_norm
490,15,0.0006093235754229276,img_text_norm
491,15,0.0007406973802617019,img_text_norm
492,15,0.00011136734298492097,img_text_norm
493,15,7.549917593522409e-05,img_text_norm
494,15,0.00016714508616051563,img_text_norm
495,15,8.155041737231693e-05,img_text_norm
496,15,0.001467274291441993,img_text_norm
497,15,0.0005578447445237406,img_text_norm
498,15,0.000685259392215038,img_text_norm
499,15,0.00012159879192728511,img_text_norm
500,15,8.931547837846238e-05,img_text_norm
501,15,0.0007229743628432298,img_text_norm
502,15,0.00046732438595423095,img_text_norm
503,15,0.0007558137765103536,img_text_norm
504,15,5.1018265563411056e-05,img_text_norm
505,15,0.00012356373950711498,img_text_norm
506,15,0.00028993456570496594,img_text_norm
507,15,0.000939011928012478,img_text_norm
508,15,0.0006351303240319442,img_text_norm
509,15,0.00015126381009860417,img_text_norm
510,15,0.00028657233271733005,img_text_norm
511,15,0.00045151928282297527,img_text_norm
512,16,5.434436458420928e-05,img_text_norm
513,16,0.00016873537833814008,img_text_norm
514,16,8.236913618441601e-05,img_text_norm
515,16,0.0002677385016930376,img_text_norm
516,16,0.00032254027091050595,img_text_norm
517,16,0.0005483531344740513,img_text_norm
518,16,9.467313423567915e-05,img_text_norm
519,16,0.000902317517639529,img_text_norm
520,16,9.334333492451488e-05,img_text_norm
521,16,0.00014115576109998605,img_text_norm
522,16,9.19517285854246e-05,img_text_norm
523,16,0.00010540591138047186,img_text_norm
524,16,0.0016130595946932768,img_text_norm
525,16,0.0003500866294015312,img_text_norm
526,16,0.0003061907316728179,img_text_norm
527,16,0.00012919720234427673,img_text_norm
528,16,0.0002096597772810005,img_text_norm
529,16,0.00010501900060915278,img_text_norm
530,16,6.14950563917837e-05,img_text_norm
531,16,0.00016320417952111983,img_text_norm
532,16,0.0003105356780520111,img_text_norm
533,16,0.000558570686521156,img_text_norm
534,16,0.0010102074251279827,img_text_norm
535,16,6.668163157841577e-05,img_text_norm
536,16,0.000179353697268565,img_text_norm
537,16,0.00046675509245187587,img_text_norm
538,16,5.495218806982609e-05,img_text_norm
539,16,8.122194901011561e-05,img_text_norm
540,16,0.00011431806270067928,img_text_norm
541,16,0.0009650969000094929,img_text_norm
542,16,0.00012251868890527395,img_text_norm
543,16,7.429556512309088e-05,img_text_norm
544,17,0.0014571287218457555,img_text_norm
545,17,0.00024207577916064295,img_text_norm
546,17,0.00041918023895171053,img_text_norm
547,17,0.00033288160014649575,img_text_norm
548,17,7.965880828669225e-05,img_text_norm
549,17,5.325261715163566e-05,img_text_norm
550,17,0.00011439248195122894,img_text_norm
551,17,0.00016922565427757426,img_text_norm
552,17,0.00015815769992459292,img_text_norm
553,17,0.00016275062890576836,img_text_norm
554,17,0.00015283135541392195,img_text_norm
555,17,0.0003321575749622196,img_text_norm
556,17,0.0001633772024943802,img_text_norm
557,17,0.00011735307121549144,img_text_norm
558,17,0.00014571884693191385,img_text_norm
559,17,8.171221985164253e-05,img_text_norm
560,17,0.0001811484461157705,img_text_norm
561,17,0.0001444782711940555,img_text_norm
562,17,0.00019349896257101127,img_text_norm
563,17,0.00011982404726826683,img_text_norm
564,17,0.00014357120055079626,img_text_norm
565,17,9.93213245318264e-05,img_text_norm
566,17,0.00022122146395455545,img_text_norm
567,17,7.757974405228274e-05,img_text_norm
568,17,0.0009955202318894885,img_text_norm
569,17,0.0010863223619904667,img_text_norm
570,17,0.0005196441268559296,img_text_norm
571,17,0.00029284642917139626,img_text_norm
572,17,0.00011584974933615284,img_text_norm
573,17,6.680004067092958e-05,img_text_norm
574,17,4.4803554631310345e-05,img_text_norm
575,17,6.92452417044709e-05,img_text_norm
576,18,9.467377657199709e-05,img_text_norm
577,18,7.477660365452425e-05,img_text_norm
578,18,0.00015178620285393526,img_text_norm
579,18,0.0004626945481243105,img_text_norm
580,18,0.000171778533308794,img_text_norm
581,18,0.00028571502784498914,img_text_norm
582,18,0.0001739933701079308,img_text_norm
583,18,4.293543160454868e-05,img_text_norm
584,18,6.0447742319108064e-05,img_text_norm
585,18,6.132089148729145e-05,img_text_norm
586,18,5.344995204473925e-05,img_text_norm
587,18,0.00022231690227200358,img_text_norm
588,18,0.0011482346107228438,img_text_norm
589,18,0.0008613743074187861,img_text_norm
590,18,0.00013713742744474235,img_text_norm
591,18,0.00041803565680803285,img_text_norm
592,18,7.868808007516247e-05,img_text_norm
593,18,3.412955890646988e-05,img_text_norm
594,18,0.00010229039671381151,img_text_norm
595,18,0.00074698852411773,img_text_norm
596,18,3.763269550251559e-05,img_text_norm
597,18,7.923854700591326e-05,img_text_norm
598,18,0.00014549285670196002,img_text_norm
599,18,8.029465496865592e-05,img_text_norm
600,18,0.00012436580345611325,img_text_norm
601,18,5.6647543018691646e-05,img_text_norm
602,18,8.64296958057032e-05,img_text_norm
603,18,0.00026404247812799464,img_text_norm
604,18,9.028817948011155e-05,img_text_norm
605,18,0.0006280906034701545,img_text_norm
606,18,0.0007930127573547645,img_text_norm
607,18,0.00020038684706221805,img_text_norm
608,19,5.926359021908254e-05,img_text_norm
609,19,0.00012024980409309928,img_text_norm
610,19,6.0447441542578236e-05,img_text_norm
611,19,0.00016237969497588116,img_text_norm
612,19,0.0003361696076040588,img_text_norm
613,19,0.001446082657906657,img_text_norm
614,19,0.00044708903825908575,img_text_norm
615,19,0.0006123397828556718,img_text_norm
616,19,0.000605385013820883,img_text_norm
617,19,0.0019575162992053023,img_text_norm
618,19,0.00030235573915517985,img_text_norm
619,19,0.0004731224194343742,img_text_norm
620,19,0.0007550065942624409,img_text_norm
621,19,0.00017243457280151443,img_text_norm
622,19,0.00040905962870954165,img_text_norm
623,19,0.00019337958997402057,img_text_norm
624,19,0.0006793592374561573,img_text_norm
625,19,0.00038017810790888805,img_text_norm
626,19,0.00025737249858578736,img_text_norm
627,19,0.0005166933765527276,img_text_norm
628,19,0.0004767510690567357,img_text_norm
629,19,8.526099546265918e-05,img_text_norm
630,19,0.00018798453586895943,img_text_norm
631,19,0.00019400997679728176,img_text_norm
632,19,5.9655354198137146e-05,img_text_norm
633,19,6.493624576745306e-05,img_text_norm
634,19,0.00010686147606436251,img_text_norm
635,19,6.225181523873822e-05,img_text_norm
636,19,0.0002206149965122765,img_text_norm
637,19,0.00012494816799274767,img_text_norm
638,19,0.00044834830292505174,img_text_norm
639,19,0.00011378895090354628,img_text_norm
640,20,5.960837188459656e-05,img_text_norm
641,20,0.0001235427973039873,img_text_norm
642,20,0.00024124806254218544,img_text_norm
643,20,0.0002591029934095699,img_text_norm
644,20,9.432708828915841e-05,img_text_norm
645,20,0.00011068822016801307,img_text_norm
646,20,0.0004894568484748689,img_text_norm
647,20,7.078224545724294e-05,img_text_norm
648,20,0.00022414941641637798,img_text_norm
649,20,0.00017587201011742186,img_text_norm
650,20,0.00012732008151115665,img_text_norm
651,20,0.0002568714762577959,img_text_norm
652,20,8.641916352925193e-05,img_text_norm
653,20,0.00012538366182049488,img_text_norm
654,20,0.00044042799025044215,img_text_norm
655,20,0.00011208062178063984,img_text_norm
656,20,8.590904653466366e-05,img_text_norm
657,20,0.0010284801193015764,img_text_norm
658,20,0.00020988278013728517,img_text_norm
659,20,0.0002271204563905752,img_text_norm
660,20,0.0002507388569267091,img_text_norm
661,20,0.00011091701424697375,img_text_norm
662,20,0.00011001748850649665,img_text_norm
663,20,0.00017947329417347628,img_text_norm
664,20,8.493657483884233e-05,img_text_norm
665,20,9.439022077297858e-05,img_text_norm
666,20,0.00013977093497758513,img_text_norm
667,20,0.00014845754468367984,img_text_norm
668,20,0.00020653547382218043,img_text_norm
669,20,0.0003863900098940746,img_text_norm
670,20,0.00027643390019129203,img_text_norm
671,20,0.00029917957978345454,img_text_norm
672,21,0.0006275052413640364,img_text_norm
673,21,0.0004203344051610844,img_text_norm
674,21,0.000979231887930852,img_text_norm
675,21,0.00047435603143088095,img_text_norm
676,21,0.00033606010455557227,img_text_norm
677,21,5.6268635961810365e-05,img_text_norm
678,21,0.00018834879154030297,img_text_norm
679,21,0.000221557640352572,img_text_norm
680,21,0.00010526018260281655,img_text_norm
681,21,0.00018470913043820543,img_text_norm
682,21,0.0001520651297531388,img_text_norm
683,21,0.00047629413343094684,img_text_norm
684,21,7.860089056686335e-05,img_text_norm
685,21,0.00015535860216731162,img_text_norm
686,21,9.001123056893468e-05,img_text_norm
687,21,5.447180207052522e-05,img_text_norm
688,21,7.575898568210805e-05,img_text_norm
689,21,0.0001630412809917279,img_text_norm
690,21,0.0001472943041993383,img_text_norm
691,21,0.0001164757723507779,img_text_norm
692,21,0.0001348168600485101,img_text_norm
693,21,0.00010475414393405645,img_text_norm
694,21,0.00012774547128666455,img_text_norm
695,21,0.00022726054688277302,img_text_norm
696,21,8.552482745839118e-05,img_text_norm
697,21,0.0002286299467377289,img_text_norm
698,21,0.0001677644716998553,img_text_norm
699,21,0.0002481380269795646,img_text_norm
700,21,2.4489515639310485e-05,img_text_norm
701,21,4.4214878885456824e-05,img_text_norm
702,21,5.325494179735772e-05,img_text_norm
703,21,4.72235618070481e-05,img_text_norm
704,22,0.0001841191802155306,img_text_norm
705,22,0.00018523715128317939,img_text_norm
706,22,4.8278140397605184e-05,img_text_norm
707,22,0.00026165319094155763,img_text_norm
708,22,0.0004291345350666064,img_text_norm
709,22,6.804592333027184e-05,img_text_norm
710,22,0.0010973272348387007,img_text_norm
711,22,8.472665321265153e-05,img_text_norm
712,22,0.0002033910846086566,img_text_norm
713,22,0.00018875684843104115,img_text_norm
714,22,0.00010765498572493617,img_text_norm
715,22,0.0001395369818164518,img_text_norm
716,22,7.207199560877451e-05,img_text_norm
717,22,0.00025639455683544896,img_text_norm
718,22,0.0002050644216959573,img_text_norm
719,22,0.00019176818226442074,img_text_norm
720,22,0.00010045892254252328,img_text_norm
721,22,4.7032624787587463e-05,img_text_norm
722,22,6.312723807357082e-05,img_text_norm
723,22,6.344970110099014e-05,img_text_norm
724,22,5.1907626076761435e-05,img_text_norm
725,22,0.00012764459389730463,img_text_norm
726,22,3.523901391999871e-05,img_text_norm
727,22,7.711937753489093e-05,img_text_norm
728,22,9.807498815873576e-05,img_text_norm
729,22,5.8901348221116646e-05,img_text_norm
730,22,0.0001947457883432013,img_text_norm
731,22,0.0002537495994028436,img_text_norm
732,22,8.269214468791485e-05,img_text_norm
733,22,0.00019935029976972878,img_text_norm
734,22,0.00014173415946475257,img_text_norm
735,22,7.420417493918874e-05,img_text_norm
736,23,0.0003832618524173469,img_text_norm
737,23,0.0002900938243285562,img_text_norm
738,23,0.0004810645103689062,img_text_norm
739,23,5.64645077555231e-05,img_text_norm
740,23,0.00028625571189165957,img_text_norm
741,23,6.442540487003029e-05,img_text_norm
742,23,6.626498471390201e-05,img_text_norm
743,23,3.949381145571372e-05,img_text_norm
744,23,6.363889463615922e-05,img_text_norm
745,23,0.0010455051720378145,img_text_norm
746,23,8.830550137874369e-05,img_text_norm
747,23,4.148236489522779e-05,img_text_norm
748,23,0.0010769860953715727,img_text_norm
749,23,0.000505088459625394,img_text_norm
750,23,7.762034378590223e-05,img_text_norm
751,23,7.178571752726569e-05,img_text_norm
752,23,2.999953265156063e-05,img_text_norm
753,23,6.560202736099555e-05,img_text_norm
754,23,5.73725877844248e-05,img_text_norm
755,23,3.576401425490619e-05,img_text_norm
756,23,3.412051776789954e-05,img_text_norm
757,23,2.409129770963279e-05,img_text_norm
758,23,3.85429650825963e-05,img_text_norm
759,23,3.059798108567992e-05,img_text_norm
760,23,8.797228176695256e-05,img_text_norm
761,23,0.00018123417252467877,img_text_norm
762,23,4.879204513730638e-05,img_text_norm
763,23,3.4334634971786075e-05,img_text_norm
764,23,0.00010731360946148869,img_text_norm
765,23,8.605284830336514e-05,img_text_norm
766,23,6.897893722370556e-05,img_text_norm
767,23,7.039433039818867e-05,img_text_norm
768,24,3.393794641429394e-05,img_text_norm
769,24,2.4829479782439966e-05,img_text_norm
770,24,0.0001604620049965853,img_text_norm
771,24,2.9744981396041373e-05,img_text_norm
772,24,0.00020567488589754785,img_text_norm
773,24,0.00043684053171894527,img_text_norm
774,24,0.00030827836548937384,img_text_norm
775,24,6.976377534398707e-05,img_text_norm
776,24,0.0003369659822885268,img_text_norm
777,24,0.0003058082662766515,img_text_norm
778,24,0.00042139118094968136,img_text_norm
779,24,0.0003108796032691012,img_text_norm
780,24,0.00040828633734926116,img_text_norm
781,24,0.00017076103179792233,img_text_norm
782,24,0.00011656646412138196,img_text_norm
783,24,0.0004796416640539721,img_text_norm
784,24,4.9547356178591895e-05,img_text_norm
785,24,0.00012922219228578887,img_text_norm
786,24,0.0001766038249040298,img_text_norm
787,24,0.00017879480349707174,img_text_norm
788,24,9.070408714806896e-05,img_text_norm
789,24,0.000807052557151294,img_text_norm
790,24,0.00014881382722802932,img_text_norm
791,24,5.3381736947355715e-05,img_text_norm
792,24,0.00021900030575038498,img_text_norm
793,24,3.551158117986394e-05,img_text_norm
794,24,8.782862273965505e-05,img_text_norm
795,24,3.323092784872132e-05,img_text_norm
796,24,0.0001375155800113454,img_text_norm
797,24,0.00011079114691610167,img_text_norm
798,24,4.6267597135016316e-05,img_text_norm
799,24,4.1830072759523515e-05,img_text_norm
800,25,9.765231046990358e-05,img_text_norm
801,25,0.00033567362200846517,img_text_norm
802,25,0.0001514087334069084,img_text_norm
803,25,0.00010005407733337481,img_text_norm
804,25,6.442744403294438e-05,img_text_norm
805,25,0.00010142402776231747,img_text_norm
806,25,0.00011987515888670845,img_text_norm
807,25,6.625999896057706e-05,img_text_norm
808,25,0.0001611874575949013,img_text_norm
809,25,0.00038584118958737693,img_text_norm
810,25,0.0004539966618473009,img_text_norm
811,25,0.00014898941954656145,img_text_norm
812,25,3.3237384348298055e-05,img_text_norm
813,25,0.00010301399367387567,img_text_norm
814,25,0.0003926738535468702,img_text_norm
815,25,0.00045341741722992505,img_text_norm
816,25,0.00011613748541914524,img_text_norm
817,25,5.959847174864866e-05,img_text_norm
818,25,0.00013718512346530288,img_text_norm
819,25,0.00010290203343407766,img_text_norm
820,25,8.897375545731951e-05,img_text_norm
821,25,0.00021185248916251944,img_text_norm
822,25,0.0003603402746322152,img_text_norm
823,25,0.00010471358498369524,img_text_norm
824,25,7.367141813834679e-05,img_text_norm
825,25,7.150583222149253e-05,img_text_norm
826,25,0.00019815718554869584,img_text_norm
827,25,0.0007035464420955469,img_text_norm
828,25,0.0002796019436946193,img_text_norm
829,25,0.00029236722588658556,img_text_norm
830,25,8.908175972106417e-05,img_text_norm
831,25,0.00041820715040910767,img_text_norm
832,26,0.00014387643265159153,img_text_norm
833,26,6.337584262024186e-05,img_text_norm
834,26,0.00011597164029934247,img_text_norm
835,26,7.826255265615785e-05,img_text_norm
836,26,0.00019861699639419356,img_text_norm
837,26,0.00024212596295995864,img_text_norm
838,26,0.00028971007425975393,img_text_norm
839,26,0.0001292408098431945,img_text_norm
840,26,0.00010812402378262014,img_text_norm
841,26,6.87522077971954e-05,img_text_norm
842,26,7.878249331808475e-05,img_text_norm
843,26,8.202664857718034e-05,img_text_norm
844,26,7.874681816290278e-05,img_text_norm
845,26,8.747253391578241e-05,img_text_norm
846,26,0.00015533391810023658,img_text_norm
847,26,8.065694284778737e-05,img_text_norm
848,26,8.076724626771768e-05,img_text_norm
849,26,8.412344333312785e-05,img_text_norm
850,26,9.338180373288915e-05,img_text_norm
851,26,0.00012882398455192574,img_text_norm
852,26,3.055063427176844e-05,img_text_norm
853,26,0.00014412884023709736,img_text_norm
854,26,0.00011519136480608122,img_text_norm
855,26,3.8269419024532305e-05,img_text_norm
856,26,0.0002644759837719006,img_text_norm
857,26,6.950966505744798e-05,img_text_norm
858,26,7.523665919957167e-05,img_text_norm
859,26,0.00029201893686085935,img_text_norm
860,26,9.439224974007809e-05,img_text_norm
861,26,7.162773338049671e-05,img_text_norm
862,26,5.463963027626195e-05,img_text_norm
863,26,4.97970771669584e-05,img_text_norm
864,27,0.00021503221706934442,img_text_norm
865,27,8.864909013395297e-05,img_text_norm
866,27,0.000135234868054269,img_text_norm
867,27,0.00010751708733287096,img_text_norm
868,27,6.648329749548428e-05,img_text_norm
869,27,6.626692701657768e-05,img_text_norm
870,27,4.1975248414238375e-05,img_text_norm
871,27,4.623053534905276e-05,img_text_norm
872,27,0.00011227802294653814,img_text_norm
873,27,8.416195802266769e-05,img_text_norm
874,27,5.169912166879593e-05,img_text_norm
875,27,7.196908415440777e-05,img_text_norm
876,27,0.0002923190404669257,img_text_norm
877,27,8.253713771900044e-05,img_text_norm
878,27,0.00012116518432523342,img_text_norm
879,27,0.0002680580181300461,img_text_norm
880,27,9.335058414867447e-05,img_text_norm
881,27,0.00011187649137712505,img_text_norm
882,27,8.363075608354774e-05,img_text_norm
883,27,9.39300122907126e-05,img_text_norm
884,27,5.002741591182651e-05,img_text_norm
885,27,0.00010214306719326864,img_text_norm
886,27,7.617225263409172e-05,img_text_norm
887,27,0.00010399539180535342,img_text_norm
888,27,6.541738115912487e-05,img_text_norm
889,27,7.585555533981198e-05,img_text_norm
890,27,0.00013398849089792008,img_text_norm
891,27,0.0001621743206829888,img_text_norm
892,27,0.00011628752702636385,img_text_norm
893,27,0.0006820551739616148,img_text_norm
894,27,4.2460406054758214e-05,img_text_norm
895,27,0.00010221493749017568,img_text_norm
896,28,0.0004015044077630704,img_text_norm
897,28,0.0001250335171565168,img_text_norm
898,28,0.00029071181304129973,img_text_norm
899,28,8.610045256159454e-05,img_text_norm
900,28,0.0002062411614387901,img_text_norm
901,28,0.00015260335660849777,img_text_norm
902,28,0.0001187180562827383,img_text_norm
903,28,0.00021458498785902663,img_text_norm
904,28,4.2601959646346926e-05,img_text_norm
905,28,8.926189937289472e-05,img_text_norm
906,28,8.555295771079103e-05,img_text_norm
907,28,4.03546619225715e-05,img_text_norm
908,28,0.00022166045494670034,img_text_norm
909,28,0.00016828446843876235,img_text_norm
910,28,0.00016989185899742143,img_text_norm
911,28,0.0005633079474533906,img_text_norm
912,28,0.00010588793890591857,img_text_norm
913,28,0.00014262028790488414,img_text_norm
914,28,0.001244369396543712,img_text_norm
915,28,0.00012513804464749296,img_text_norm
916,28,5.8395783657734075e-05,img_text_norm
917,28,0.00018916304968352748,img_text_norm
918,28,0.00011968852450099653,img_text_norm
919,28,0.00013901843288321376,img_text_norm
920,28,0.00013065476540782318,img_text_norm
921,28,0.0002542264984335614,img_text_norm
922,28,0.0003262048098001554,img_text_norm
923,28,0.00012287324835696104,img_text_norm
924,28,6.61249502986843e-05,img_text_norm
925,28,6.498625114001379e-05,img_text_norm
926,28,9.579806904467957e-05,img_text_norm
927,28,0.0003193837690692725,img_text_norm
928,29,0.0002731406520850398,img_text_norm
929,29,8.982176174677218e-05,img_text_norm
930,29,0.00048108159855412625,img_text_norm
931,29,5.482791128602699e-05,img_text_norm
932,29,8.667304950787047e-05,img_text_norm
933,29,0.00013000558769830868,img_text_norm
934,29,0.00033108075420217715,img_text_norm
935,29,0.000139263876727368,img_text_norm
936,29,0.00020902857479257366,img_text_norm
937,29,0.0001772802152426328,img_text_norm
938,29,0.00020453897019625508,img_text_norm
939,29,6.141913835649221e-05,img_text_norm
940,29,0.0004903516331615708,img_text_norm
941,29,0.0003255884116344848,img_text_norm
942,29,0.0006614239431783286,img_text_norm
943,29,0.00034939355871029096,img_text_norm
944,29,0.0005945145625919457,img_text_norm
945,29,0.00014187629931567908,img_text_norm
946,29,0.00025535703074476096,img_text_norm
947,29,0.00011882519390224448,img_text_norm
948,29,0.000317847973520527,img_text_norm
949,29,0.0002522418015609086,img_text_norm
950,29,0.0005444651441122761,img_text_norm
951,29,0.00016043484334656965,img_text_norm
952,29,0.00012749688713162264,img_text_norm
953,29,0.0003917647947197697,img_text_norm
954,29,0.0002580441376748005,img_text_norm
955,29,0.00025971924883383645,img_text_norm
956,29,0.00013437593185159684,img_text_norm
957,29,0.0004153138637168246,img_text_norm
958,29,0.00017890192072494878,img_text_norm
959,29,0.00016340637271986623,img_text_norm
960,30,0.0001463691767684748,img_text_norm
961,30,0.0003725069809423801,img_text_norm
962,30,0.00020511289259842516,img_text_norm
963,30,0.0001457900137176155,img_text_norm
964,30,0.00013866886938066622,img_text_norm
965,30,0.00021034699557467734,img_text_norm
966,30,0.0003906901966473036,img_text_norm
967,30,0.00043003666073979893,img_text_norm
968,30,0.0006120089898477485,img_text_norm
969,30,0.00025901233222640956,img_text_norm
970,30,0.00022692938682552513,img_text_norm
971,30,0.00020056562047489614,img_text_norm
972,30,0.00014025962036994633,img_text_norm
973,30,9.894073516554099e-05,img_text_norm
974,30,9.324070385504884e-05,img_text_norm
975,30,9.704225410089584e-05,img_text_norm
976,30,0.0003707689208241862,img_text_norm
977,30,0.00026884586911353313,img_text_norm
978,30,0.00025860270518022755,img_text_norm
979,30,0.0002877305568609029,img_text_norm
980,30,0.00013924773675290297,img_text_norm
981,30,0.00012517960278768208,img_text_norm
982,30,0.00013412112824966695,img_text_norm
983,30,6.763917150379869e-05,img_text_norm
984,30,0.00021403578011137527,img_text_norm
985,30,0.00015492854270873042,img_text_norm
986,30,0.0005116410649502664,img_text_norm
987,30,0.0001816019151646054,img_text_norm
988,30,0.00015556119300282626,img_text_norm
989,30,0.0005821885976581905,img_text_norm
990,30,0.00022085806473163581,img_text_norm
991,30,0.0002622685695257711,img_text_norm
992,31,0.00036895965313703244,img_text_norm
993,31,0.00027014561116334374,img_text_norm
994,31,0.0004955249486913539,img_text_norm
995,31,0.001024442168899099,img_text_norm
996,31,0.0003853331933222193,img_text_norm
997,31,0.00020147056019291016,img_text_norm
998,31,0.0004468420140636731,img_text_norm
999,31,0.00017045708436976294,img_text_norm
1000,31,0.00011195474425395319,img_text_norm
1001,31,0.00022088855021720142,img_text_norm
1002,31,0.0001947446871952277,img_text_norm
1003,31,0.00020199782654760592,img_text_norm
1004,31,0.0003017800018980162,img_text_norm
1005,31,0.00014663912115504179,img_text_norm
1006,31,0.0001783228596322352,img_text_norm
1007,31,0.0002210124497558614,img_text_norm
1008,31,0.0001802791713571239,img_text_norm
1009,31,0.00024389991234544044,img_text_norm
1010,31,0.00024489757280115806,img_text_norm
1011,31,0.00030673690106772727,img_text_norm
1012,31,0.00020615802476678274,img_text_norm
1013,31,0.0005924901224340972,img_text_norm
1014,31,0.0003663155113695927,img_text_norm
1015,31,0.00044233901216700897,img_text_norm
1016,31,0.00020410159014281232,img_text_norm
1017,31,0.00031042228020235863,img_text_norm
1018,31,0.00025265483400915714,img_text_norm
1019,31,0.0006145466465278146,img_text_norm
1020,31,0.00018632861323294504,img_text_norm
1021,31,0.00011910710817511716,img_text_norm
1022,31,0.00011321584416654182,img_text_norm
1023,31,0.0002850626384538849,img_text_norm
0,0,0.002210675476394665,text_text_norm
1,0,0.0018768986263025152,text_text_norm
2,0,0.005346386501593335,text_text_norm
3,0,0.006424242023350207,text_text_norm
4,0,0.00017907619615207792,text_text_norm
5,0,0.0005028928325780352,text_text_norm
6,0,0.0015191136602430665,text_text_norm
7,0,0.0002317738256062077,text_text_norm
8,0,0.00014069550225828548,text_text_norm
9,0,0.00015131673604024367,text_text_norm
10,0,0.008156047762877469,text_text_norm
11,0,0.004094497616048711,text_text_norm
12,0,0.00024911136638854683,text_text_norm
13,0,0.00048522727955576446,text_text_norm
14,0,0.0009265783040543075,text_text_norm
15,0,0.0003181056285519188,text_text_norm
16,0,0.0027870930046296097,text_text_norm
17,0,0.00044393007979879327,text_text_norm
18,0,0.0008129029938334541,text_text_norm
19,0,0.0010991480998633583,text_text_norm
20,0,0.0003287353930644117,text_text_norm
21,0,0.000270931163563177,text_text_norm
22,0,0.0008321694726728353,text_text_norm
23,0,0.0011837150608796391,text_text_norm
24,0,0.0015090919757168295,text_text_norm
25,0,0.0014209598633895,text_text_norm
26,0,0.008090470322547299,text_text_norm
27,0,0.0018130335493795997,text_text_norm
28,0,0.002655082995839003,text_text_norm
29,0,0.022416519200579122,text_text_norm
30,0,0.007057635734660867,text_text_norm
31,0,0.015600196630273873,text_text_norm
32,1,0.017088220711994014,text_text_norm
33,1,0.0010196392449573677,text_text_norm
34,1,0.013899500033317178,text_text_norm
35,1,0.01376861134983817,text_text_norm
36,1,0.0026317126933333578,text_text_norm
37,1,0.0015968795083318504,text_text_norm
38,1,0.0033915865715608506,text_text_norm
39,1,0.006475488781574092,text_text_norm
40,1,0.01653397101267667,text_text_norm
41,1,0.0049140910047377,text_text_norm
42,1,0.006792622920214791,text_text_norm
43,1,0.0030373241344687617,text_text_norm
44,1,0.005233338049667392,text_text_norm
45,1,0.009666766632653517,text_text_norm
46,1,0.004070822338045844,text_text_norm
47,1,0.002200443010087489,text_text_norm
48,1,0.010684922096157122,text_text_norm
49,1,0.0026295439839187844,text_text_norm
50,1,0.0016589444399111022,text_text_norm
51,1,0.003378740115440142,text_text_norm
52,1,0.011551216198048343,text_text_norm
53,1,0.0070435662033752735,text_text_norm
54,1,0.002190010192925198,text_text_norm
55,1,0.006923503473038817,text_text_norm
56,1,7.015846345732094e-05,text_text_norm
57,1,0.0010572640967359435,text_text_norm
58,1,0.0031806048830762806,text_text_norm
59,1,0.004620509028004902,text_text_norm
60,1,0.0019117884357226173,text_text_norm
61,1,0.0006820368203489472,text_text_norm
62,1,0.006354210978626562,text_text_norm
63,1,0.0024763715656089466,text_text_norm
64,2,0.006732048782965651,text_text_norm
65,2,0.0073889054234425105,text_text_norm
66,2,0.00713964664426859,text_text_norm
67,2,0.010730936144595384,text_text_norm
68,2,0.007306069689686418,text_text_norm
69,2,0.007065309866945878,text_text_norm
70,2,0.006829496039409012,text_text_norm
71,2,0.007243675974853394,text_text_norm
72,2,0.007360895839747584,text_text_norm
73,2,0.006839164387971183,text_text_norm
74,2,0.007666734694885885,text_text_norm
75,2,0.007108911614166466,text_text_norm
76,2,0.00723849929425679,text_text_norm
77,2,0.0055107716938886985,text_text_norm
78,2,0.006068343840410195,text_text_norm
79,2,0.006260126226221135,text_text_norm
80,2,0.007429865759027046,text_text_norm
81,2,0.00822926708482191,text_text_norm
82,2,0.005648851961486565,text_text_norm
83,2,0.004399395639660398,text_text_norm
84,2,0.0071351696966033265,text_text_norm
85,2,0.013100149084072003,text_text_norm
86,2,0.010892717170820137,text_text_norm
87,2,0.00958463622799111,text_text_norm
88,2,0.0074437784864118724,text_text_norm
89,2,0.00691522541704165,text_text_norm
90,2,0.009255755924378552,text_text_norm
91,2,0.0072394602607222325,text_text_norm
92,2,0.005931947338085967,text_text_norm
93,2,0.006643917207522201,text_text_norm
94,2,0.007897922719034238,text_text_norm
95,2,0.006704825513128428,text_text_norm
96,3,0.007398265603811435,text_text_norm
97,3,0.008531500433018636,text_text_norm
98,3,0.010000165082198064,text_text_norm
99,3,0.006854347512619081,text_text_norm
100,3,0.015264315467018823,text_text_norm
101,3,0.00892116664975527,text_text_norm
102,3,0.008435534793638327,text_text_norm
103,3,0.007968938406125394,text_text_norm
104,3,0.008371946717019567,text_text_norm
105,3,0.013211474059269672,text_text_norm
106,3,0.007143952679839668,text_text_norm
107,3,0.00844504419100984,text_text_norm
108,3,0.009890040832402594,text_text_norm
109,3,0.008919427223472795,text_text_norm
110,3,0.010401842214788105,text_text_norm
111,3,0.012393795503180996,text_text_norm
112,3,0.007192800726531036,text_text_norm
113,3,0.008241808682006621,text_text_norm
114,3,0.005779023196597844,text_text_norm
115,3,0.006963460357264739,text_text_norm
116,3,0.006764665743610659,text_text_norm
117,3,0.008530216910029286,text_text_norm
118,3,0.00823924877256899,text_text_norm
119,3,0.005670818038382885,text_text_norm
120,3,0.008753992797997236,text_text_norm
121,3,0.00871514783664681,text_text_norm
122,3,0.010473124269093284,text_text_norm
123,3,0.008750405708497111,text_text_norm
124,3,0.008381477383078609,text_text_norm
125,3,0.008672539171271703,text_text_norm
126,3,0.008514927161059636,text_text_norm
127,3,0.00967449630557151,text_text_norm
128,4,0.009022783242705588,text_text_norm
129,4,0.006655385437860135,text_text_norm
130,4,0.005714240133259541,text_text_norm
131,4,0.006800419123908534,text_text_norm
132,4,0.007432071042472036,text_text_norm
133,4,0.007880240272693245,text_text_norm
134,4,0.0069023846955194425,text_text_norm
135,4,0.00834218495711226,text_text_norm
136,4,0.006357343129906849,text_text_norm
137,4,0.010330967967199546,text_text_norm
138,4,0.008785754124615384,text_text_norm
139,4,0.007323191518606972,text_text_norm
140,4,0.008352151867189616,text_text_norm
141,4,0.005492641915997404,text_text_norm
142,4,0.007413176150892004,text_text_norm
143,4,0.007974775854346512,text_text_norm
144,4,0.007076998842305003,text_text_norm
145,4,0.008712869556955646,text_text_norm
146,4,0.007506018941117111,text_text_norm
147,4,0.006579287484303973,text_text_norm
148,4,0.007854062265557129,text_text_norm
149,4,0.005684734868474623,text_text_norm
150,4,0.007078938707040055,text_text_norm
151,4,0.004704806874493733,text_text_norm
152,4,0.006179372139022969,text_text_norm
153,4,0.005050881768102574,text_text_norm
154,4,0.0057821975401672575,text_text_norm
155,4,0.007122688182351632,text_text_norm
156,4,0.007295647157341275,text_text_norm
157,4,0.007790978585376936,text_text_norm
158,4,0.006279519824595743,text_text_norm
159,4,0.007146175801231384,text_text_norm
160,5,0.007507656537100863,text_text_norm
161,5,0.007815790517231492,text_text_norm
162,5,0.007159072223060297,text_text_norm
163,5,0.007392234827668949,text_text_norm
164,5,0.006048025366614835,text_text_norm
165,5,0.00915159349077581,text_text_norm
166,5,0.008369544032117579,text_text_norm
167,5,0.010282870679193964,text_text_norm
168,5,0.00855908939763265,text_text_norm
169,5,0.008621438505872592,text_text_norm
170,5,0.008584403087631465,text_text_norm
171,5,0.007034976831009481,text_text_norm
172,5,0.00568012862175947,text_text_norm
173,5,0.009407906866215433,text_text_norm
174,5,0.006149214061145131,text_text_norm
175,5,0.008119634629401342,text_text_norm
176,5,0.008549689586721303,text_text_norm
177,5,0.007765685083339406,text_text_norm
178,5,0.007462987442761432,text_text_norm
179,5,0.007652677328265367,text_text_norm
180,5,0.007559899574550343,text_text_norm
181,5,0.007089483418144702,text_text_norm
182,5,0.007855866907092252,text_text_norm
183,5,0.009452204194929302,text_text_norm
184,5,0.008888355757786001,text_text_norm
185,5,0.009966740110653568,text_text_norm
186,5,0.008122681498401554,text_text_norm
187,5,0.006276264171077981,text_text_norm
188,5,0.01349490620133339,text_text_norm
189,5,0.0048594842831653036,text_text_norm
190,5,0.009743656336783748,text_text_norm
191,5,0.011915280323090737,text_text_norm
192,6,0.005754694266691012,text_text_norm
193,6,0.007011569445107428,text_text_norm
194,6,0.009340462179335589,text_text_norm
195,6,0.005440086957652145,text_text_norm
196,6,0.007255257288517098,text_text_norm
197,6,0.008493731420728783,text_text_norm
198,6,0.011985195788642518,text_text_norm
199,6,0.008699933014499872,text_text_norm
200,6,0.00812558560453493,text_text_norm
201,6,0.004600531967866685,text_text_norm
202,6,0.006584724473248652,text_text_norm
203,6,0.0049457595194033945,text_text_norm
204,6,0.008068576717586073,text_text_norm
205,6,0.00714219795700613,text_text_norm
206,6,0.007068203695789218,text_text_norm
207,6,0.007503627833889262,text_text_norm
208,6,0.008452096320583134,text_text_norm
209,6,0.006517691875480179,text_text_norm
210,6,0.006981105815061652,text_text_norm
211,6,0.00736331305141271,text_text_norm
212,6,0.0063865722155136044,text_text_norm
213,6,0.0075816942420032125,text_text_norm
214,6,0.0036562831008825868,text_text_norm
215,6,0.008079544060386318,text_text_norm
216,6,0.013565415589158665,text_text_norm
217,6,0.004605615679556637,text_text_norm
218,6,0.005495808291695207,text_text_norm
219,6,0.005002304429093772,text_text_norm
220,6,0.007114206731862268,text_text_norm
221,6,0.009486691820626184,text_text_norm
222,6,0.007024630597102636,text_text_norm
223,6,0.0066525596710043195,text_text_norm
224,7,0.00703076999723449,text_text_norm
225,7,0.008335350017321408,text_text_norm
226,7,0.006590213566903078,text_text_norm
227,7,0.006029863116232499,text_text_norm
228,7,0.005474848944772833,text_text_norm
229,7,0.009124310958607315,text_text_norm
230,7,0.006220079298144184,text_text_norm
231,7,0.010174973968110214,text_text_norm
232,7,0.007384854110951278,text_text_norm
233,7,0.007842597113332158,text_text_norm
234,7,0.008091609954065803,text_text_norm
235,7,0.0067629280818621695,text_text_norm
236,7,0.007474054849418818,text_text_norm
237,7,0.005972207045874677,text_text_norm
238,7,0.008589510940013699,text_text_norm
239,7,0.005430299931148052,text_text_norm
240,7,0.0039342451244199945,text_text_norm
241,7,0.005375899502084172,text_text_norm
242,7,0.0187998654026799,text_text_norm
243,7,0.0164992770600623,text_text_norm
244,7,0.017778333747403067,text_text_norm
245,7,0.007129910274008442,text_text_norm
246,7,0.008154190584765153,text_text_norm
247,7,0.008456093967385834,text_text_norm
248,7,0.006542458346106104,text_text_norm
249,7,0.005480277443770449,text_text_norm
250,7,0.007600485514294241,text_text_norm
251,7,0.006175783012071227,text_text_norm
252,7,0.004665957319114781,text_text_norm
253,7,0.004926885196818575,text_text_norm
254,7,0.005149786931355526,text_text_norm
255,7,0.004501906832909061,text_text_norm
256,8,0.005610428600798569,text_text_norm
257,8,0.011268908315492649,text_text_norm
258,8,0.0063524626122922956,text_text_norm
259,8,0.008108918361632276,text_text_norm
260,8,0.005798926734860668,text_text_norm
261,8,0.005979816979738643,text_text_norm
262,8,0.006998383936252357,text_text_norm
263,8,0.005634305105338783,text_text_norm
264,8,0.010805718800260818,text_text_norm
265,8,0.007824549774332105,text_text_norm
266,8,0.006097303309371026,text_text_norm
267,8,0.006721816912139728,text_text_norm
268,8,0.00899964297386011,text_text_norm
269,8,0.008062182491716002,text_text_norm
270,8,0.003985398934068003,text_text_norm
271,8,0.0067030391367030725,text_text_norm
272,8,0.005743322858417836,text_text_norm
273,8,0.008716065296905866,text_text_norm
274,8,0.005260372327432777,text_text_norm
275,8,0.007926427829542688,text_text_norm
276,8,0.006647136449303178,text_text_norm
277,8,0.00845963292793548,text_text_norm
278,8,0.006365416198740865,text_text_norm
279,8,0.007800301472203782,text_text_norm
280,8,0.00879329203643132,text_text_norm
281,8,0.006588528487930098,text_text_norm
282,8,0.006755924104932429,text_text_norm
283,8,0.00775400935720738,text_text_norm
284,8,0.009184912869986414,text_text_norm
285,8,0.012000195749849032,text_text_norm
286,8,0.008502308762986003,text_text_norm
287,8,0.014370232079835708,text_text_norm
288,9,0.006968449051528106,text_text_norm
289,9,0.006558037397599407,text_text_norm
290,9,0.00706001536749725,text_text_norm
291,9,0.005904024741380967,text_text_norm
292,9,0.009467280045065715,text_text_norm
293,9,0.009538001398742774,text_text_norm
294,9,0.008248369352008627,text_text_norm
295,9,0.006273575266446187,text_text_norm
296,9,0.0042462220025116185,text_text_norm
297,9,0.00605614150027849,text_text_norm
298,9,0.006433265731639379,text_text_norm
299,9,0.005244140543444916,text_text_norm
300,9,0.008484778308299305,text_text_norm
301,9,0.00549860504070716,text_text_norm
302,9,0.007108765055296383,text_text_norm
303,9,0.006612979118489946,text_text_norm
304,9,0.008573074477364242,text_text_norm
305,9,0.007057440935896706,text_text_norm
306,9,0.006054123224311712,text_text_norm
307,9,0.00449100029577533,text_text_norm
308,9,0.004784377705987556,text_text_norm
309,9,0.005865987091444821,text_text_norm
310,9,0.005375180218044899,text_text_norm
311,9,0.006587859790427099,text_text_norm
312,9,0.00789132469307002,text_text_norm
313,9,0.010386351595882063,text_text_norm
314,9,0.012305285145559378,text_text_norm
315,9,0.007858139917918706,text_text_norm
316,9,0.010954068542635463,text_text_norm
317,9,0.009173402686904496,text_text_norm
318,9,0.008421307904324559,text_text_norm
319,9,0.010867597637596392,text_text_norm
320,10,0.007033589073489681,text_text_norm
321,10,0.0067251947708122616,text_text_norm
322,10,0.009149341673737042,text_text_norm
323,10,0.008176890065229576,text_text_norm
324,10,0.009959248722453108,text_text_norm
325,10,0.008357198057016083,text_text_norm
326,10,0.007343404341138857,text_text_norm
327,10,0.012304349945172264,text_text_norm
328,10,0.007926489486882751,text_text_norm
329,10,0.006689549588439291,text_text_norm
330,10,0.008412716230144147,text_text_norm
331,10,0.006002920501936611,text_text_norm
332,10,0.011943314148943762,text_text_norm
333,10,0.010757835203050332,text_text_norm
334,10,0.014468067286397627,text_text_norm
335,10,0.011479906210516748,text_text_norm
336,10,0.01753655538302328,text_text_norm
337,10,0.003245715301399055,text_text_norm
338,10,0.006174822059952284,text_text_norm
339,10,0.0059196330278018855,text_text_norm
340,10,0.0062133424680222244,text_text_norm
341,10,0.005969089301876867,text_text_norm
342,10,0.009211852906106077,text_text_norm
343,10,0.005511351159993393,text_text_norm
344,10,0.005979018194733757,text_text_norm
345,10,0.006773433391712778,text_text_norm
346,10,0.005400599311183099,text_text_norm
347,10,0.003611329397879123,text_text_norm
348,10,0.009550194753040716,text_text_norm
349,10,0.007909464873934957,text_text_norm
350,10,0.007699301438559669,text_text_norm
351,10,0.008791551449636757,text_text_norm
352,11,0.008630663457154525,text_text_norm
353,11,0.011149325505958199,text_text_norm
354,11,0.0058052494314367155,text_text_norm
355,11,0.007054331012092126,text_text_norm
356,11,0.007181357606212082,text_text_norm
357,11,0.007036240578354554,text_text_norm
358,11,0.008675075913915564,text_text_norm
359,11,0.007046740199358464,text_text_norm
360,11,0.0071412642004759705,text_text_norm
361,11,0.0071598390107243965,text_text_norm
362,11,0.006388470562465584,text_text_norm
363,11,0.008403825090259625,text_text_norm
364,11,0.006859456342667852,text_text_norm
365,11,0.01083563793855647,text_text_norm
366,11,0.01018435724571851,text_text_norm
367,11,0.007256821769431237,text_text_norm
368,11,0.006064262857526812,text_text_norm
369,11,0.02986276446938679,text_text_norm
370,11,0.005160410565142071,text_text_norm
371,11,0.003857475997914905,text_text_norm
372,11,0.010890611241623053,text_text_norm
373,11,0.00794460327526926,text_text_norm
374,11,0.006898356048719898,text_text_norm
375,11,0.005310181425623093,text_text_norm
376,11,0.010574144035214195,text_text_norm
377,11,0.010434555378752286,text_text_norm
378,11,0.009772826545291555,text_text_norm
379,11,0.010119064236919073,text_text_norm
380,11,0.007959339517405078,text_text_norm
381,11,0.00836960468144795,text_text_norm
382,11,0.00483514758717385,text_text_norm
383,11,0.005685818879539514,text_text_norm
384,12,0.013059987721135525,text_text_norm
385,12,0.008504371171755561,text_text_norm
386,12,0.011078521710583485,text_text_norm
387,12,0.007383213767823248,text_text_norm
388,12,0.014726319128187108,text_text_norm
389,12,0.0030452334355916435,text_text_norm
390,12,0.013221313598680059,text_text_norm
391,12,0.014052890616079622,text_text_norm
392,12,0.006407654822154215,text_text_norm
393,12,0.01100933617605313,text_text_norm
394,12,0.0031505507150766453,text_text_norm
395,12,0.00889334282245465,text_text_norm
396,12,0.006113340241958069,text_text_norm
397,12,0.00855609188565488,text_text_norm
398,12,0.006621695335159148,text_text_norm
399,12,0.008117103195457213,text_text_norm
400,12,0.00693512248657575,text_text_norm
401,12,0.0067668805591302806,text_text_norm
402,12,0.0069536439299896875,text_text_norm
403,12,0.00799489021797038,text_text_norm
404,12,0.005062164775837724,text_text_norm
405,12,0.008723162835968497,text_text_norm
406,12,0.006406768990205559,text_text_norm
407,12,0.0053471774281681405,text_text_norm
408,12,0.0060261857423964445,text_text_norm
409,12,0.004912527551165592,text_text_norm
410,12,0.008183952177515788,text_text_norm
411,12,0.0034073211905139332,text_text_norm
412,12,0.004927469899208567,text_text_norm
413,12,0.005061508386680962,text_text_norm
414,12,0.009226605575162078,text_text_norm
415,12,0.009073320256977008,text_text_norm
416,13,0.007961102538374985,text_text_norm
417,13,0.003509216164230395,text_text_norm
418,13,0.007985155153253386,text_text_norm
419,13,0.0062320282813071665,text_text_norm
420,13,0.011246589710769299,text_text_norm
421,13,0.009995996883341497,text_text_norm
422,13,0.009339304401137009,text_text_norm
423,13,0.0070209020976593215,text_text_norm
424,13,0.00836704541040181,text_text_norm
425,13,0.006526536793944308,text_text_norm
426,13,0.008289893772735289,text_text_norm
427,13,0.00947114481719166,text_text_norm
428,13,0.006221580563441111,text_text_norm
429,13,0.00821109222689543,text_text_norm
430,13,0.006567449353472184,text_text_norm
431,13,0.0070463675851628145,text_text_norm
432,13,0.005535394632507927,text_text_norm
433,13,0.005279442496953815,text_text_norm
434,13,0.006884178794721723,text_text_norm
435,13,0.005397103695470888,text_text_norm
436,13,0.008374211480999634,text_text_norm
437,13,0.007971864679296566,text_text_norm
438,13,0.010049479951129005,text_text_norm
439,13,0.008377588942949706,text_text_norm
440,13,0.006475745699924556,text_text_norm
441,13,0.006570533737586038,text_text_norm
442,13,0.007928302868441161,text_text_norm
443,13,0.00630988682746562,text_text_norm
444,13,0.004981087665945884,text_text_norm
445,13,0.008398497030695624,text_text_norm
446,13,0.015493643172245386,text_text_norm
447,13,0.0117438867305596,text_text_norm
448,14,0.006192830229490916,text_text_norm
449,14,0.008602950607861365,text_text_norm
450,14,0.005282488914885852,text_text_norm
451,14,0.007125437644770591,text_text_norm
452,14,0.006139314438868146,text_text_norm
453,14,0.006528696191811351,text_text_norm
454,14,0.0062989561836591795,text_text_norm
455,14,0.009990357304515207,text_text_norm
456,14,0.007940057387289869,text_text_norm
457,14,0.007431831409818927,text_text_norm
458,14,0.006946830904891151,text_text_norm
459,14,0.006500264954379162,text_text_norm
460,14,0.003349247121004717,text_text_norm
461,14,0.015271426431260872,text_text_norm
462,14,0.023459043543076617,text_text_norm
463,14,0.007798463583071212,text_text_norm
464,14,0.01587361255623406,text_text_norm
465,14,0.0054254242760632156,text_text_norm
466,14,0.013634919708460255,text_text_norm
467,14,0.008969969680809138,text_text_norm
468,14,0.006522159155981828,text_text_norm
469,14,0.008257185891762931,text_text_norm
470,14,0.007730880519961548,text_text_norm
471,14,0.00560052536558457,text_text_norm
472,14,0.007656522856533456,text_text_norm
473,14,0.007017109323195271,text_text_norm
474,14,0.01126443861081373,text_text_norm
475,14,0.008092873397439151,text_text_norm
476,14,0.010484386911958224,text_text_norm
477,14,0.008779681017403047,text_text_norm
478,14,0.009580900002839541,text_text_norm
479,14,0.011799713262967672,text_text_norm
480,15,0.008723109701018007,text_text_norm
481,15,0.006146248334692301,text_text_norm
482,15,0.007567292174818207,text_text_norm
483,15,0.00591516249059009,text_text_norm
484,15,0.003505882624893971,text_text_norm
485,15,0.007910750906384299,text_text_norm
486,15,0.00677999555914722,text_text_norm
487,15,0.006384529579333286,text_text_norm
488,15,0.008174379028439547,text_text_norm
489,15,0.005996622192030596,text_text_norm
490,15,0.006029423273472029,text_text_norm
491,15,0.006025208240339648,text_text_norm
492,15,0.007799964355173524,text_text_norm
493,15,0.009070241900456173,text_text_norm
494,15,0.009251366989350153,text_text_norm
495,15,0.009478736709926803,text_text_norm
496,15,0.007897434583545864,text_text_norm
497,15,0.005090797400265896,text_text_norm
498,15,0.008418576389064673,text_text_norm
499,15,0.007214649932620865,text_text_norm
500,15,0.007982353955089942,text_text_norm
501,15,0.01439567107597853,text_text_norm
502,15,0.007290821006894866,text_text_norm
503,15,0.008943988344035895,text_text_norm
504,15,0.0032633102705067747,text_text_norm
505,15,0.01032197768038342,text_text_norm
506,15,0.006404384259647862,text_text_norm
507,15,0.008391965668893756,text_text_norm
508,15,0.0060534265372187744,text_text_norm
509,15,0.006472161768990146,text_text_norm
510,15,0.005348670016611849,text_text_norm
511,15,0.006743410853798117,text_text_norm
512,16,0.010725522666434967,text_text_norm
513,16,0.004807676097978907,text_text_norm
514,16,0.010499718207117243,text_text_norm
515,16,0.00512844472345621,text_text_norm
516,16,0.007152430557430166,text_text_norm
517,16,0.004710750262233682,text_text_norm
518,16,0.006580805133651529,text_text_norm
519,16,0.00676547161977894,text_text_norm
520,16,0.00715694765008492,text_text_norm
521,16,0.007417023112865139,text_text_norm
522,16,0.008434386154619396,text_text_norm
523,16,0.007405857293820348,text_text_norm
524,16,0.006874240740680971,text_text_norm
525,16,0.006225983851510529,text_text_norm
526,16,0.007287677247841092,text_text_norm
527,16,0.006284746950127268,text_text_norm
528,16,0.009207853544804244,text_text_norm
529,16,0.010097115624378794,text_text_norm
530,16,0.008164080657297939,text_text_norm
531,16,0.006876975860711031,text_text_norm
532,16,0.007125422319579274,text_text_norm
533,16,0.007410568211626855,text_text_norm
534,16,0.008116170847905524,text_text_norm
535,16,0.008589747146748926,text_text_norm
536,16,0.00795510302316025,text_text_norm
537,16,0.008225358666746828,text_text_norm
538,16,0.007674349717184215,text_text_norm
539,16,0.006835469434392355,text_text_norm
540,16,0.006157234717770516,text_text_norm
541,16,0.008760196682419195,text_text_norm
542,16,0.00719983085740026,text_text_norm
543,16,0.007574696617030783,text_text_norm
544,17,0.0069292443536298765,text_text_norm
545,17,0.007592362607870652,text_text_norm
546,17,0.005310044855957678,text_text_norm
547,17,0.005014023156653665,text_text_norm
548,17,0.010270121031146093,text_text_norm
549,17,0.014038378511265838,text_text_norm
550,17,0.011700732728046687,text_text_norm
551,17,0.008413797993048684,text_text_norm
552,17,0.005076466880067094,text_text_norm
553,17,0.007839691280946963,text_text_norm
554,17,0.008137726556403744,text_text_norm
555,17,0.011598253002573961,text_text_norm
556,17,0.004682058703105838,text_text_norm
557,17,0.006695650920162517,text_text_norm
558,17,0.008011797043531577,text_text_norm
559,17,0.005555621348327491,text_text_norm
560,17,0.00759199196691098,text_text_norm
561,17,0.008805741140352808,text_text_norm
562,17,0.018274472753093535,text_text_norm
563,17,0.011202147234239391,text_text_norm
564,17,0.009520012889956714,text_text_norm
565,17,0.009887076861816191,text_text_norm
566,17,0.024612250137756655,text_text_norm
567,17,0.011589895479607487,text_text_norm
568,17,0.005246779440399485,text_text_norm
569,17,0.00806094980153311,text_text_norm
570,17,0.010911527575050794,text_text_norm
571,17,0.00821916777344744,text_text_norm
572,17,0.011293371121868477,text_text_norm
573,17,0.009756534186136053,text_text_norm
574,17,0.007289625928536341,text_text_norm
575,17,0.005489695724055801,text_text_norm
576,18,0.015117317241814214,text_text_norm
577,18,0.0129389262073592,text_text_norm
578,18,0.020275991006515226,text_text_norm
579,18,0.011700429137618623,text_text_norm
580,18,0.006471206565194331,text_text_norm
581,18,0.006239730541380377,text_text_norm
582,18,0.014698335389681206,text_text_norm
583,18,0.008481563011171452,text_text_norm
584,18,0.007201470208184951,text_text_norm
585,18,0.013362142917649353,text_text_norm
586,18,0.012469210461278654,text_text_norm
587,18,0.004753103271885268,text_text_norm
588,18,0.006618185835339984,text_text_norm
589,18,0.005302020663126909,text_text_norm
590,18,0.00557041729034115,text_text_norm
591,18,0.004565160429946003,text_text_norm
592,18,0.009517160722016119,text_text_norm
593,18,0.006971432706382918,text_text_norm
594,18,0.008608708566260595,text_text_norm
595,18,0.007344738726485261,text_text_norm
596,18,0.007065392867386158,text_text_norm
597,18,0.0069065968426869585,text_text_norm
598,18,0.007860301635703304,text_text_norm
599,18,0.0071281280191757765,text_text_norm
600,18,0.0068383136108311655,text_text_norm
601,18,0.009195211295409305,text_text_norm
602,18,0.00588369198776713,text_text_norm
603,18,0.004587481892752348,text_text_norm
604,18,0.006954386744780782,text_text_norm
605,18,0.004833504510370779,text_text_norm
606,18,0.0064081842550517765,text_text_norm
607,18,0.0076999545382683875,text_text_norm
608,19,0.008655925986744502,text_text_norm
609,19,0.010739477661486373,text_text_norm
610,19,0.009957718748654278,text_text_norm
611,19,0.00806118790399774,text_text_norm
612,19,0.005233967488516993,text_text_norm
613,19,0.006150893352244835,text_text_norm
614,19,0.005457275806766616,text_text_norm
615,19,0.006118423233703985,text_text_norm
616,19,0.012459897794033743,text_text_norm
617,19,0.008861236989113026,text_text_norm
618,19,0.008244622938222715,text_text_norm
619,19,0.0072123797286230695,text_text_norm
620,19,0.006283284442647958,text_text_norm
621,19,0.005853381467445609,text_text_norm
622,19,0.0058965758757179194,text_text_norm
623,19,0.005218586219932143,text_text_norm
624,19,0.007187299083306684,text_text_norm
625,19,0.006532064463695261,text_text_norm
626,19,0.0057247254886745496,text_text_norm
627,19,0.005466323647047665,text_text_norm
628,19,0.015370247472824297,text_text_norm
629,19,0.01410962185573408,text_text_norm
630,19,0.0067294857841318605,text_text_norm
631,19,0.0069904541920340745,text_text_norm
632,19,0.01943287805014033,text_text_norm
633,19,0.016469157504921256,text_text_norm
634,19,0.018785832285609927,text_text_norm
635,19,0.007380136826045483,text_text_norm
636,19,0.006048635787155296,text_text_norm
637,19,0.01917705638562869,text_text_norm
638,19,0.011206299413618191,text_text_norm
639,19,0.012419427375743718,text_text_norm
640,20,0.008112454651957297,text_text_norm
641,20,0.005581823776658377,text_text_norm
642,20,0.006807488607936134,text_text_norm
643,20,0.004731127591542201,text_text_norm
644,20,0.012086196888652338,text_text_norm
645,20,0.013675770159091355,text_text_norm
646,20,0.006953846503955914,text_text_norm
647,20,0.01703923154156624,text_text_norm
648,20,0.01041188453264503,text_text_norm
649,20,0.009397167970842139,text_text_norm
650,20,0.010624245411138144,text_text_norm
651,20,0.007501696178955038,text_text_norm
652,20,0.012906665647182406,text_text_norm
653,20,0.006893253045352713,text_text_norm
654,20,0.007464977000525566,text_text_norm
655,20,0.010594891308517549,text_text_norm
656,20,0.00774158090065399,text_text_norm
657,20,0.006276865586648164,text_text_norm
658,20,0.0058147834934001675,text_text_norm
659,20,0.0061605343257401905,text_text_norm
660,20,0.0048654898680596135,text_text_norm
661,20,0.010849135089025153,text_text_norm
662,20,0.010815622294062776,text_text_norm
663,20,0.01228562067342609,text_text_norm
664,20,0.00516118614904321,text_text_norm
665,20,0.0068125988133837375,text_text_norm
666,20,0.0063884379203570825,text_text_norm
667,20,0.007759209206808345,text_text_norm
668,20,0.011211174547979418,text_text_norm
669,20,0.008910834315887482,text_text_norm
670,20,0.009920066764093098,text_text_norm
671,20,0.008282505541367788,text_text_norm
672,21,0.008762491990359576,text_text_norm
673,21,0.008666661161358832,text_text_norm
674,21,0.00881272308948026,text_text_norm
675,21,0.008214385533350688,text_text_norm
676,21,0.006924874442017986,text_text_norm
677,21,0.01781690024872189,text_text_norm
678,21,0.007747316260039369,text_text_norm
679,21,0.005848575607521421,text_text_norm
680,21,0.01176251120229083,text_text_norm
681,21,0.009980373161077182,text_text_norm
682,21,0.007366710144040064,text_text_norm
683,21,0.006838036503490504,text_text_norm
684,21,0.007943895198103032,text_text_norm
685,21,0.005843301777220787,text_text_norm
686,21,0.007400047661694114,text_text_norm
687,21,0.0068627834555679565,text_text_norm
688,21,0.006387985365689326,text_text_norm
689,21,0.006604909069498752,text_text_norm
690,21,0.003636453433876051,text_text_norm
691,21,0.006935340924799232,text_text_norm
692,21,0.006233031854441807,text_text_norm
693,21,0.005970217366114578,text_text_norm
694,21,0.004147847158715176,text_text_norm
695,21,0.004013427021341097,text_text_norm
696,21,0.008664933446085526,text_text_norm
697,21,0.010058730691965395,text_text_norm
698,21,0.006585867439000388,text_text_norm
699,21,0.008746813999164209,text_text_norm
700,21,0.012319335430184632,text_text_norm
701,21,0.008112279977876589,text_text_norm
702,21,0.008924053930772348,text_text_norm
703,21,0.009261368738509124,text_text_norm
704,22,0.007460840878769545,text_text_norm
705,22,0.0074103376230709485,text_text_norm
706,22,0.008334339363036763,text_text_norm
707,22,0.006969601285345613,text_text_norm
708,22,0.008468309452284392,text_text_norm
709,22,0.008876029778777848,text_text_norm
710,22,0.008468148965368245,text_text_norm
711,22,0.007220528408433726,text_text_norm
712,22,0.007861320004877926,text_text_norm
713,22,0.006467370803920277,text_text_norm
714,22,0.00566607965684993,text_text_norm
715,22,0.006957182925634273,text_text_norm
716,22,0.011809538927599091,text_text_norm
717,22,0.01315370333650461,text_text_norm
718,22,0.008737906323528562,text_text_norm
719,22,0.009029878606479058,text_text_norm
720,22,0.006639208849823579,text_text_norm
721,22,0.00746427806347299,text_text_norm
722,22,0.007158258271283186,text_text_norm
723,22,0.007146210080170472,text_text_norm
724,22,0.008637726195206061,text_text_norm
725,22,0.006207988925360315,text_text_norm
726,22,0.007919096251154707,text_text_norm
727,22,0.008007921257988874,text_text_norm
728,22,0.011487430833221278,text_text_norm
729,22,0.0059914503758484615,text_text_norm
730,22,0.0038244255455558737,text_text_norm
731,22,0.00755119918548703,text_text_norm
732,22,0.0072841969478000855,text_text_norm
733,22,0.008455750565526119,text_text_norm
734,22,0.008773190105075636,text_text_norm
735,22,0.007550893870340097,text_text_norm
736,23,0.01245735657118401,text_text_norm
737,23,0.007675009285666036,text_text_norm
738,23,0.00867946201212419,text_text_norm
739,23,0.008510532617278018,text_text_norm
740,23,0.00612188943459968,text_text_norm
741,23,0.00741212853179658,text_text_norm
742,23,0.008929449666568315,text_text_norm
743,23,0.010134819202495442,text_text_norm
744,23,0.007418442607375504,text_text_norm
745,23,0.007621757856602618,text_text_norm
746,23,0.007862283251922725,text_text_norm
747,23,0.007555329165773104,text_text_norm
748,23,0.006506103885794368,text_text_norm
749,23,0.0071091710317675,text_text_norm
750,23,0.007160161452142278,text_text_norm
751,23,0.006718858829781182,text_text_norm
752,23,0.007839513496508617,text_text_norm
753,23,0.0071214562126744015,text_text_norm
754,23,0.008215390808918241,text_text_norm
755,23,0.0077186772438186625,text_text_norm
756,23,0.008506401154675651,text_text_norm
757,23,0.008176075836468675,text_text_norm
758,23,0.007428300745723517,text_text_norm
759,23,0.009102404064484175,text_text_norm
760,23,0.012119372786836016,text_text_norm
761,23,0.0062160378742464354,text_text_norm
762,23,0.00810658652509018,text_text_norm
763,23,0.007572830890686645,text_text_norm
764,23,0.008844426972730182,text_text_norm
765,23,0.008553102284896053,text_text_norm
766,23,0.00619313899131896,text_text_norm
767,23,0.010291330578083999,text_text_norm
768,24,0.005799330915032612,text_text_norm
769,24,0.0063302785030913186,text_text_norm
770,24,0.00615993452543069,text_text_norm
771,24,0.006191732775838595,text_text_norm
772,24,0.007675751051227909,text_text_norm
773,24,0.00941046451794518,text_text_norm
774,24,0.00836119684579867,text_text_norm
775,24,0.007443798867778663,text_text_norm
776,24,0.022109641109274963,text_text_norm
777,24,0.005869157509319635,text_text_norm
778,24,0.009172297996496511,text_text_norm
779,24,0.005279907430364242,text_text_norm
780,24,0.0048132580169718735,text_text_norm
781,24,0.006707487581575004,text_text_norm
782,24,0.006113624094105937,text_text_norm
783,24,0.006119456007036051,text_text_norm
784,24,0.009097834404865538,text_text_norm
785,24,0.009835923654049158,text_text_norm
786,24,0.009181957619446573,text_text_norm
787,24,0.007270700346250402,text_text_norm
788,24,0.007985589988991307,text_text_norm
789,24,0.006595647697663053,text_text_norm
790,24,0.006251773167576029,text_text_norm
791,24,0.005882697314394673,text_text_norm
792,24,0.008367634579330383,text_text_norm
793,24,0.007626187164463483,text_text_norm
794,24,0.008794117175264168,text_text_norm
795,24,0.008893851348311234,text_text_norm
796,24,0.004129683309183379,text_text_norm
797,24,0.0069193100849513,text_text_norm
798,24,0.00805690664749665,text_text_norm
799,24,0.006022693742461838,text_text_norm
800,25,0.005727988578720897,text_text_norm
801,25,0.006870069493314124,text_text_norm
802,25,0.0057387041996915635,text_text_norm
803,25,0.005942831851778744,text_text_norm
804,25,0.007967401801143092,text_text_norm
805,25,0.01012095243719331,text_text_norm
806,25,0.008414361236276098,text_text_norm
807,25,0.008442649876452343,text_text_norm
808,25,0.006629829271800145,text_text_norm
809,25,0.0052205931120964735,text_text_norm
810,25,0.005168943629444524,text_text_norm
811,25,0.005533429498715205,text_text_norm
812,25,0.013449926406834617,text_text_norm
813,25,0.01323879413831105,text_text_norm
814,25,0.018599545934955622,text_text_norm
815,25,0.008581438632849655,text_text_norm
816,25,0.008555829793252154,text_text_norm
817,25,0.010622798854851775,text_text_norm
818,25,0.009891287213420287,text_text_norm
819,25,0.006913245409352734,text_text_norm
820,25,0.015859443044830883,text_text_norm
821,25,0.0052743300059374595,text_text_norm
822,25,0.016049902389216098,text_text_norm
823,25,0.004746023261941577,text_text_norm
824,25,0.006410261392156965,text_text_norm
825,25,0.010937081910767282,text_text_norm
826,25,0.006927001391756254,text_text_norm
827,25,0.007200648646136997,text_text_norm
828,25,0.007676325128627542,text_text_norm
829,25,0.010091912132794305,text_text_norm
830,25,0.008261378069772687,text_text_norm
831,25,0.009527435813803053,text_text_norm
832,26,0.005998772376366112,text_text_norm
833,26,0.006969874491755751,text_text_norm
834,26,0.005741078601973276,text_text_norm
835,26,0.008741268235283027,text_text_norm
836,26,0.008719847308468096,text_text_norm
837,26,0.012315945672896596,text_text_norm
838,26,0.007994964664856115,text_text_norm
839,26,0.006938977535068829,text_text_norm
840,26,0.006722527318393928,text_text_norm
841,26,0.0065083636864147875,text_text_norm
842,26,0.0066661122933210325,text_text_norm
843,26,0.007682127815032587,text_text_norm
844,26,0.005947432234746462,text_text_norm
845,26,0.005183305843589702,text_text_norm
846,26,0.0062120440537732965,text_text_norm
847,26,0.0057247938498835305,text_text_norm
848,26,0.007816120777676818,text_text_norm
849,26,0.007258537906384608,text_text_norm
850,26,0.005975111871833405,text_text_norm
851,26,0.00606771299757894,text_text_norm
852,26,0.006949265020108645,text_text_norm
853,26,0.01093859593868958,text_text_norm
854,26,0.009387526379523177,text_text_norm
855,26,0.007261335506521344,text_text_norm
856,26,0.006031685100923296,text_text_norm
857,26,0.005875303432644022,text_text_norm
858,26,0.006460142296103582,text_text_norm
859,26,0.005704436935056623,text_text_norm
860,26,0.008030538424534779,text_text_norm
861,26,0.012414804425998682,text_text_norm
862,26,0.007870772774306343,text_text_norm
863,26,0.0076683309258230884,text_text_norm
864,27,0.009162026081572305,text_text_norm
865,27,0.012940778143197685,text_text_norm
866,27,0.007982428864901392,text_text_norm
867,27,0.0064910911873347485,text_text_norm
868,27,0.00641610366494329,text_text_norm
869,27,0.005760016604136896,text_text_norm
870,27,0.005552416166069942,text_text_norm
871,27,0.00633204788925096,text_text_norm
872,27,0.003832841180215842,text_text_norm
873,27,0.007956856193310623,text_text_norm
874,27,0.020717774405033165,text_text_norm
875,27,0.015989260798666093,text_text_norm
876,27,0.006570808793292804,text_text_norm
877,27,0.009423577058477626,text_text_norm
878,27,0.009353271319136686,text_text_norm
879,27,0.0062643622155629875,text_text_norm
880,27,0.006875218436019434,text_text_norm
881,27,0.007322037518432773,text_text_norm
882,27,0.007586154147874834,text_text_norm
883,27,0.0073667888639983746,text_text_norm
884,27,0.005481466187324736,text_text_norm
885,27,0.005156146394240481,text_text_norm
886,27,0.00539328240898164,text_text_norm
887,27,0.00478760847811097,text_text_norm
888,27,0.007062066992571606,text_text_norm
889,27,0.00693970087194815,text_text_norm
890,27,0.007190208865637847,text_text_norm
891,27,0.006638408093685919,text_text_norm
892,27,0.011562297972040255,text_text_norm
893,27,0.006868734461838887,text_text_norm
894,27,0.008532124013125295,text_text_norm
895,27,0.008151391846806653,text_text_norm
896,28,0.011371356352381875,text_text_norm
897,28,0.005697836472075505,text_text_norm
898,28,0.005906508861819707,text_text_norm
899,28,0.008818840190438805,text_text_norm
900,28,0.008713903818064651,text_text_norm
901,28,0.011490349234644186,text_text_norm
902,28,0.012620689037765408,text_text_norm
903,28,0.010295294170957486,text_text_norm
904,28,0.0077072661192409435,text_text_norm
905,28,0.006916522434530446,text_text_norm
906,28,0.009165615827200886,text_text_norm
907,28,0.007969443634060956,text_text_norm
908,28,0.007542571571664161,text_text_norm
909,28,0.015840086128457914,text_text_norm
910,28,0.010960616282420257,text_text_norm
911,28,0.008857322217118565,text_text_norm
912,28,0.005742397723646059,text_text_norm
913,28,0.006124955675398897,text_text_norm
914,28,0.0051552753540263455,text_text_norm
915,28,0.0071616553899116675,text_text_norm
916,28,0.008378675831398178,text_text_norm
917,28,0.01764893044693193,text_text_norm
918,28,0.006395820887651338,text_text_norm
919,28,0.006381825600492737,text_text_norm
920,28,0.0060100391987304705,text_text_norm
921,28,0.006166148226114771,text_text_norm
922,28,0.006047903639989897,text_text_norm
923,28,0.007284546386497572,text_text_norm
924,28,0.00542963908734934,text_text_norm
925,28,0.00737726289120941,text_text_norm
926,28,0.017087286632731666,text_text_norm
927,28,0.006023634788497391,text_text_norm
928,29,0.010547548173484335,text_text_norm
929,29,0.004882694438457177,text_text_norm
930,29,0.007061335581067307,text_text_norm
931,29,0.005815735475227034,text_text_norm
932,29,0.01822695911510797,text_text_norm
933,29,0.006261804716895695,text_text_norm
934,29,0.018039247694279597,text_text_norm
935,29,0.011283241720506671,text_text_norm
936,29,0.004861536415915919,text_text_norm
937,29,0.006610755280145306,text_text_norm
938,29,0.006390252278659099,text_text_norm
939,29,0.021795938176346473,text_text_norm
940,29,0.00857852664592208,text_text_norm
941,29,0.012448852523243462,text_text_norm
942,29,0.00466210731356409,text_text_norm
943,29,0.005101689524057535,text_text_norm
944,29,0.005083385424200712,text_text_norm
945,29,0.00725540439345096,text_text_norm
946,29,0.006691768175921332,text_text_norm
947,29,0.009538147341916554,text_text_norm
948,29,0.003986922736394355,text_text_norm
949,29,0.00356599176161598,text_text_norm
950,29,0.004213501073665884,text_text_norm
951,29,0.0023963870667436113,text_text_norm
952,29,0.0047296092262843975,text_text_norm
953,29,0.005133443292684882,text_text_norm
954,29,0.0037359228538249066,text_text_norm
955,29,0.010620542115601296,text_text_norm
956,29,0.012128466929060364,text_text_norm
957,29,0.0115399503408008,text_text_norm
958,29,0.01226814774126062,text_text_norm
959,29,0.010457431423109597,text_text_norm
960,30,0.005765005480987718,text_text_norm
961,30,0.007094365643146364,text_text_norm
962,30,0.009364726027737191,text_text_norm
963,30,0.0073573787178517515,text_text_norm
964,30,0.011435056166496973,text_text_norm
965,30,0.007646907724077819,text_text_norm
966,30,0.007906244090473481,text_text_norm
967,30,0.004413050851976479,text_text_norm
968,30,0.011741244078786323,text_text_norm
969,30,0.01676498722865569,text_text_norm
970,30,0.007465224679530616,text_text_norm
971,30,0.012009380579256705,text_text_norm
972,30,0.011257633841949617,text_text_norm
973,30,0.007983262247297722,text_text_norm
974,30,0.006922165204506758,text_text_norm
975,30,0.013905016224833965,text_text_norm
976,30,0.009658078764725268,text_text_norm
977,30,0.005198509297029177,text_text_norm
978,30,0.008586444268110437,text_text_norm
979,30,0.010839303454994752,text_text_norm
980,30,0.015059657297317198,text_text_norm
981,30,0.007237922717766836,text_text_norm
982,30,0.012115644411580409,text_text_norm
983,30,0.015890514219472726,text_text_norm
984,30,0.004372846967877881,text_text_norm
985,30,0.00527784080263393,text_text_norm
986,30,0.005409745508483735,text_text_norm
987,30,0.005814181478589195,text_text_norm
988,30,0.012213464564736124,text_text_norm
989,30,0.010096129374091293,text_text_norm
990,30,0.007905586432094215,text_text_norm
991,30,0.010174734132528548,text_text_norm
992,31,0.004325943899463028,text_text_norm
993,31,0.01721621701751741,text_text_norm
994,31,0.004056403261335234,text_text_norm
995,31,0.003360658737709734,text_text_norm
996,31,0.007864306841591348,text_text_norm
997,31,0.005476842430195139,text_text_norm
998,31,0.004756534005999967,text_text_norm
999,31,0.004757175079489864,text_text_norm
1000,31,0.018201010908102822,text_text_norm
1001,31,0.015734404599508704,text_text_norm
1002,31,0.006812874776368849,text_text_norm
1003,31,0.008046512928285137,text_text_norm
1004,31,0.0065911277510141055,text_text_norm
1005,31,0.011335045081539201,text_text_norm
1006,31,0.007004222162797831,text_text_norm
1007,31,0.005006152191340581,text_text_norm
1008,31,0.0044208986469155215,text_text_norm
1009,31,0.0032412157865616305,text_text_norm
1010,31,0.0038275111940700448,text_text_norm
1011,31,0.0033298872305758216,text_text_norm
1012,31,0.012422153703325908,text_text_norm
1013,31,0.0028942206899785195,text_text_norm
1014,31,0.012001870465389362,text_text_norm
1015,31,0.0017780006899041456,text_text_norm
1016,31,0.012947276219151515,text_text_norm
1017,31,0.009585236026817791,text_text_norm
1018,31,0.009274939893557833,text_text_norm
1019,31,0.007602322980115836,text_text_norm
1020,31,0.005241829044923645,text_text_norm
1021,31,0.01600485144436069,text_text_norm
1022,31,0.011232777218578715,text_text_norm
1023,31,0.0056152747719366534,text_text_norm
