,variable,value,entropy
0,0,0.001227503452282661,img_img_entropy
1,0,0.0007092925480422161,img_img_entropy
2,0,0.0006428464214360468,img_img_entropy
3,0,0.001796675693193229,img_img_entropy
4,0,0.0012282083905226628,img_img_entropy
5,0,0.0006224533684920111,img_img_entropy
6,0,0.0017395071250400037,img_img_entropy
7,0,0.0015839229518079714,img_img_entropy
8,0,0.0007071412334305661,img_img_entropy
9,0,0.0009515934549924485,img_img_entropy
10,0,0.0008183999606970149,img_img_entropy
11,0,0.0017457928038672,img_img_entropy
12,0,0.002499112447166533,img_img_entropy
13,0,0.000703621660126665,img_img_entropy
14,0,0.0006173941108885249,img_img_entropy
15,0,0.0027617500952349977,img_img_entropy
16,0,0.0009683460581182683,img_img_entropy
17,0,0.0007286453172225084,img_img_entropy
18,0,0.0033604757931249914,img_img_entropy
19,0,0.0032546497996040046,img_img_entropy
20,0,0.0008006260191141278,img_img_entropy
21,0,0.0011576770557466345,img_img_entropy
22,0,0.0018892705385968411,img_img_entropy
23,0,0.0020134937060220584,img_img_entropy
24,0,0.0015724968077547572,img_img_entropy
25,0,0.0032950647013621605,img_img_entropy
26,0,0.0010416159234250583,img_img_entropy
27,0,0.0012192656635469006,img_img_entropy
28,0,0.0006380359848101564,img_img_entropy
29,0,0.0022325637206216404,img_img_entropy
30,0,0.0013251687480577627,img_img_entropy
31,0,0.0014430371284951582,img_img_entropy
32,1,0.0016175227853591665,img_img_entropy
33,1,0.001514738466295521,img_img_entropy
34,1,0.002009688392701192,img_img_entropy
35,1,0.0012123778866510078,img_img_entropy
36,1,0.0007305618596428479,img_img_entropy
37,1,0.0008400378054572018,img_img_entropy
38,1,0.0013722731195988894,img_img_entropy
39,1,0.0015909477764758633,img_img_entropy
40,1,0.000561251595308206,img_img_entropy
41,1,0.0012721620794537932,img_img_entropy
42,1,0.0014237360304904152,img_img_entropy
43,1,0.0005606975966337926,img_img_entropy
44,1,0.0015305973736067097,img_img_entropy
45,1,0.0011454053070230979,img_img_entropy
46,1,0.0019693250721291083,img_img_entropy
47,1,0.002185556429909334,img_img_entropy
48,1,0.0017604429771777702,img_img_entropy
49,1,0.0013682056902498763,img_img_entropy
50,1,0.0015270811677126407,img_img_entropy
51,1,0.0022394233902189114,img_img_entropy
52,1,0.0009250611079671731,img_img_entropy
53,1,0.0016918302625982757,img_img_entropy
54,1,0.002761394098415953,img_img_entropy
55,1,0.0014874827022265857,img_img_entropy
56,1,0.0024584227381070495,img_img_entropy
57,1,0.001488967183891199,img_img_entropy
58,1,0.0007612807359328946,img_img_entropy
59,1,0.002748439777120702,img_img_entropy
60,1,0.0020682641850181633,img_img_entropy
61,1,0.0017341358955843072,img_img_entropy
62,1,0.0014149072557276942,img_img_entropy
63,1,0.0017294806631303603,img_img_entropy
64,2,0.002409914307027534,img_img_entropy
65,2,0.001533776961318958,img_img_entropy
66,2,0.003502192636865565,img_img_entropy
67,2,0.0012654546453057163,img_img_entropy
68,2,0.001589420751738652,img_img_entropy
69,2,0.0034469710673135407,img_img_entropy
70,2,0.002106688964532196,img_img_entropy
71,2,0.002870600386381188,img_img_entropy
72,2,0.0024714790437774213,img_img_entropy
73,2,0.0018311150300208156,img_img_entropy
74,2,0.0021281758871080415,img_img_entropy
75,2,0.002667644304244942,img_img_entropy
76,2,0.002377439957211399,img_img_entropy
77,2,0.0023321994602472206,img_img_entropy
78,2,0.0017552873424936959,img_img_entropy
79,2,0.002294554039239943,img_img_entropy
80,2,0.003190082482689711,img_img_entropy
81,2,0.0030938116863745866,img_img_entropy
82,2,0.002495797726643859,img_img_entropy
83,2,0.002321416470702706,img_img_entropy
84,2,0.0023097599037602786,img_img_entropy
85,2,0.0011180390056724952,img_img_entropy
86,2,0.0011980276588546754,img_img_entropy
87,2,0.0017089093546952257,img_img_entropy
88,2,0.0032346765299885285,img_img_entropy
89,2,0.0019172353058993753,img_img_entropy
90,2,0.0013104791690281285,img_img_entropy
91,2,0.0025331105102405433,img_img_entropy
92,2,0.0013990874083661695,img_img_entropy
93,2,0.00337053550056877,img_img_entropy
94,2,0.003757905778909332,img_img_entropy
95,2,0.00251166504289707,img_img_entropy
96,3,0.00166527267826729,img_img_entropy
97,3,0.0017640576002696546,img_img_entropy
98,3,0.003340816094945525,img_img_entropy
99,3,0.0030068345975374456,img_img_entropy
100,3,0.0025420421632232353,img_img_entropy
101,3,0.0027497968250171523,img_img_entropy
102,3,0.0016406337265324183,img_img_entropy
103,3,0.0021867166831593403,img_img_entropy
104,3,0.0011371474596092676,img_img_entropy
105,3,0.0014219920137771612,img_img_entropy
106,3,0.0032911131196863503,img_img_entropy
107,3,0.0027702574108879365,img_img_entropy
108,3,0.002749342022808258,img_img_entropy
109,3,0.003439563024185449,img_img_entropy
110,3,0.0031884722259921993,img_img_entropy
111,3,0.0041685962692010635,img_img_entropy
112,3,0.0034412655791809304,img_img_entropy
113,3,0.0012730997665722972,img_img_entropy
114,3,0.0017831010298182558,img_img_entropy
115,3,0.0035929766404846266,img_img_entropy
116,3,0.0037663119585882357,img_img_entropy
117,3,0.001840402782419144,img_img_entropy
118,3,0.0036914717985291074,img_img_entropy
119,3,0.003002495205543411,img_img_entropy
120,3,0.0028440911565937527,img_img_entropy
121,3,0.0014982698124848127,img_img_entropy
122,3,0.002894251220237962,img_img_entropy
123,3,0.0011787004963001615,img_img_entropy
124,3,0.001089403779186072,img_img_entropy
125,3,0.0015841856558099767,img_img_entropy
126,3,0.002648364485883577,img_img_entropy
127,3,0.0022168955588422455,img_img_entropy
128,4,0.003691664535153321,img_img_entropy
129,4,0.0021694929794252053,img_img_entropy
130,4,0.0026026679103312578,img_img_entropy
131,4,0.003612417755507557,img_img_entropy
132,4,0.0038020105481389155,img_img_entropy
133,4,0.0012666005868050064,img_img_entropy
134,4,0.0026252276763004513,img_img_entropy
135,4,0.003784634675436949,img_img_entropy
136,4,0.002613159685672017,img_img_entropy
137,4,0.0025006751610642387,img_img_entropy
138,4,0.0036738373484472764,img_img_entropy
139,4,0.003171919929802611,img_img_entropy
140,4,0.002513134984983741,img_img_entropy
141,4,0.0013919842286725086,img_img_entropy
142,4,0.00274088102859013,img_img_entropy
143,4,0.0023598382190708205,img_img_entropy
144,4,0.0016335204214497716,img_img_entropy
145,4,0.0024477238477790065,img_img_entropy
146,4,0.0032129672851953584,img_img_entropy
147,4,0.003347953484673374,img_img_entropy
148,4,0.001290741873597651,img_img_entropy
149,4,0.0012726157638612685,img_img_entropy
150,4,0.0038936215214715464,img_img_entropy
151,4,0.003022525532524168,img_img_entropy
152,4,0.003271030368602352,img_img_entropy
153,4,0.0028387222333088893,img_img_entropy
154,4,0.0035911717668590222,img_img_entropy
155,4,0.0030618096738426145,img_img_entropy
156,4,0.003581036692334023,img_img_entropy
157,4,0.0026039051392727436,img_img_entropy
158,4,0.002747489334914186,img_img_entropy
159,4,0.0027057986332244244,img_img_entropy
160,5,0.0039226870852763695,img_img_entropy
161,5,0.0024190504271625517,img_img_entropy
162,5,0.0021355718195618083,img_img_entropy
163,5,0.0019450783756509431,img_img_entropy
164,5,0.002813426362257188,img_img_entropy
165,5,0.0015334380744959266,img_img_entropy
166,5,0.0016997477327316056,img_img_entropy
167,5,0.0019114631700481366,img_img_entropy
168,5,0.002978824843401195,img_img_entropy
169,5,0.003504900591779655,img_img_entropy
170,5,0.003107222709516641,img_img_entropy
171,5,0.002711528257689363,img_img_entropy
172,5,0.0011535274355847923,img_img_entropy
173,5,0.002543091721209701,img_img_entropy
174,5,0.0019596298201714096,img_img_entropy
175,5,0.004419595355099754,img_img_entropy
176,5,0.003507232212415463,img_img_entropy
177,5,0.0024735268820648294,img_img_entropy
178,5,0.0036019342599357194,img_img_entropy
179,5,0.0025902724660370473,img_img_entropy
180,5,0.0020969453578629513,img_img_entropy
181,5,0.002928526680847267,img_img_entropy
182,5,0.002874517573616419,img_img_entropy
183,5,0.0016756065302047224,img_img_entropy
184,5,0.0036726100919783644,img_img_entropy
185,5,0.0019521421887415322,img_img_entropy
186,5,0.00262033084986043,img_img_entropy
187,5,0.0020070959748767964,img_img_entropy
188,5,0.0036530066328821086,img_img_entropy
189,5,0.00234119678935335,img_img_entropy
190,5,0.002807237095454368,img_img_entropy
191,5,0.0018735783242777209,img_img_entropy
192,6,0.0030199363775912686,img_img_entropy
193,6,0.0018373045365764787,img_img_entropy
194,6,0.0023675539769400012,img_img_entropy
195,6,0.003193958621458139,img_img_entropy
196,6,0.0027666316200303975,img_img_entropy
197,6,0.0038211452436756484,img_img_entropy
198,6,0.0015785515688114115,img_img_entropy
199,6,0.0017073060354508382,img_img_entropy
200,6,0.0015976776434095082,img_img_entropy
201,6,0.0016924947772813071,img_img_entropy
202,6,0.0032191063072586875,img_img_entropy
203,6,0.003147645778884979,img_img_entropy
204,6,0.002925911087931599,img_img_entropy
205,6,0.0017268930789761403,img_img_entropy
206,6,0.003986340277055488,img_img_entropy
207,6,0.00223180365586986,img_img_entropy
208,6,0.001073275179808294,img_img_entropy
209,6,0.002826577621130947,img_img_entropy
210,6,0.0018836569707177003,img_img_entropy
211,6,0.0035393465391446465,img_img_entropy
212,6,0.001837003890409251,img_img_entropy
213,6,0.002178481864871193,img_img_entropy
214,6,0.003013961335866673,img_img_entropy
215,6,0.0027375454467082508,img_img_entropy
216,6,0.003695504163523779,img_img_entropy
217,6,0.00204846603916093,img_img_entropy
218,6,0.003360089047486714,img_img_entropy
219,6,0.0037878306661571553,img_img_entropy
220,6,0.0034399681672879763,img_img_entropy
221,6,0.003075113790756742,img_img_entropy
222,6,0.0009503786109656615,img_img_entropy
223,6,0.0017512675776691843,img_img_entropy
224,7,0.002175476723824736,img_img_entropy
225,7,0.003355590903993939,img_img_entropy
226,7,0.002845562263462289,img_img_entropy
227,7,0.002012167943760202,img_img_entropy
228,7,0.0029950594567382245,img_img_entropy
229,7,0.0032564202387200254,img_img_entropy
230,7,0.00277491874678801,img_img_entropy
231,7,0.003967913242232575,img_img_entropy
232,7,0.003289024721766555,img_img_entropy
233,7,0.004059999692877178,img_img_entropy
234,7,0.002207372082766627,img_img_entropy
235,7,0.002677441457484575,img_img_entropy
236,7,0.002596034680696579,img_img_entropy
237,7,0.003256230240390199,img_img_entropy
238,7,0.002431507504286861,img_img_entropy
239,7,0.002397603282940511,img_img_entropy
240,7,0.0027238679875325666,img_img_entropy
241,7,0.0034023420813185145,img_img_entropy
242,7,0.003545948651885589,img_img_entropy
243,7,0.0029443864838908087,img_img_entropy
244,7,0.0017105682462168945,img_img_entropy
245,7,0.002426621318345108,img_img_entropy
246,7,0.003120583595777759,img_img_entropy
247,7,0.0017046279772537322,img_img_entropy
248,7,0.0038654875200627254,img_img_entropy
249,7,0.003022472457124888,img_img_entropy
250,7,0.0015466702346288866,img_img_entropy
251,7,0.002073380959597179,img_img_entropy
252,7,0.0019432572029014876,img_img_entropy
253,7,0.0025967149423883245,img_img_entropy
254,7,0.0029986635919233,img_img_entropy
255,7,0.0023108778462652127,img_img_entropy
256,8,0.002274531573083467,img_img_entropy
257,8,0.0037107514499615684,img_img_entropy
258,8,0.0037377651630395737,img_img_entropy
259,8,0.0027109428713567706,img_img_entropy
260,8,0.001286610516169186,img_img_entropy
261,8,0.0028624304680649948,img_img_entropy
262,8,0.0037009900048297806,img_img_entropy
263,8,0.002925826201497951,img_img_entropy
264,8,0.003052845920487773,img_img_entropy
265,8,0.002622084264848522,img_img_entropy
266,8,0.003945588816689353,img_img_entropy
267,8,0.004057959752289193,img_img_entropy
268,8,0.0034492815950217222,img_img_entropy
269,8,0.003466056494298257,img_img_entropy
270,8,0.002081741229776121,img_img_entropy
271,8,0.003964980492590054,img_img_entropy
272,8,0.004060776977216108,img_img_entropy
273,8,0.003308025830383803,img_img_entropy
274,8,0.0019412250331823791,img_img_entropy
275,8,0.002444958766964062,img_img_entropy
276,8,0.0028725828375251007,img_img_entropy
277,8,0.003694904211108412,img_img_entropy
278,8,0.0025523342232884193,img_img_entropy
279,8,0.002715563172196522,img_img_entropy
280,8,0.0024727992316133465,img_img_entropy
281,8,0.0032646056181702553,img_img_entropy
282,8,0.0021494180674746714,img_img_entropy
283,8,0.0034042132463246656,img_img_entropy
284,8,0.0017558870004587262,img_img_entropy
285,8,0.003702377352064194,img_img_entropy
286,8,0.0036387122164907313,img_img_entropy
287,8,0.002315350796316389,img_img_entropy
288,9,0.0026054845774830396,img_img_entropy
289,9,0.002976981007912392,img_img_entropy
290,9,0.0038307758612527135,img_img_entropy
291,9,0.0030564265189502266,img_img_entropy
292,9,0.003667269215012027,img_img_entropy
293,9,0.004003046462631308,img_img_entropy
294,9,0.003850020940798335,img_img_entropy
295,9,0.003443359289258112,img_img_entropy
296,9,0.003163100612855736,img_img_entropy
297,9,0.0028698777853079557,img_img_entropy
298,9,0.0027227270786492654,img_img_entropy
299,9,0.003252980734306151,img_img_entropy
300,9,0.0029319146906727003,img_img_entropy
301,9,0.003636781144358935,img_img_entropy
302,9,0.0021357898165017515,img_img_entropy
303,9,0.0029330418554578117,img_img_entropy
304,9,0.004158213457982926,img_img_entropy
305,9,0.0027205312124931537,img_img_entropy
306,9,0.0033918313804892513,img_img_entropy
307,9,0.0033876250417592593,img_img_entropy
308,9,0.003451508786734472,img_img_entropy
309,9,0.0032236856706206267,img_img_entropy
310,9,0.0026522846122430687,img_img_entropy
311,9,0.002882173547692545,img_img_entropy
312,9,0.0038078461458888094,img_img_entropy
313,9,0.0026614903746746883,img_img_entropy
314,9,0.002392545321509773,img_img_entropy
315,9,0.004069928102944022,img_img_entropy
316,9,0.0037231968425398476,img_img_entropy
317,9,0.0019081184959339442,img_img_entropy
318,9,0.003588566744039982,img_img_entropy
319,9,0.0037860739228099917,img_img_entropy
320,10,0.002685748797845254,img_img_entropy
321,10,0.004690955552676309,img_img_entropy
322,10,0.003433544273592718,img_img_entropy
323,10,0.003783952489723828,img_img_entropy
324,10,0.0032233166870587154,img_img_entropy
325,10,0.0038190597987890276,img_img_entropy
326,10,0.0034715062835942155,img_img_entropy
327,10,0.0020573336194527436,img_img_entropy
328,10,0.003388181736521737,img_img_entropy
329,10,0.0036111667474940366,img_img_entropy
330,10,0.003089950128704684,img_img_entropy
331,10,0.0035056336087834405,img_img_entropy
332,10,0.0025982481261672213,img_img_entropy
333,10,0.003469443558368144,img_img_entropy
334,10,0.0033383380679667084,img_img_entropy
335,10,0.0015880487706431401,img_img_entropy
336,10,0.0033337662069522988,img_img_entropy
337,10,0.0040634045639271425,img_img_entropy
338,10,0.003133056685981949,img_img_entropy
339,10,0.002917752899700828,img_img_entropy
340,10,0.0034916988695947787,img_img_entropy
341,10,0.0031665443271286725,img_img_entropy
342,10,0.0037974912067176357,img_img_entropy
343,10,0.002869283072099572,img_img_entropy
344,10,0.0036663160631591777,img_img_entropy
345,10,0.004094270385019639,img_img_entropy
346,10,0.0027808968106711866,img_img_entropy
347,10,0.003276702894471706,img_img_entropy
348,10,0.003156933802364264,img_img_entropy
349,10,0.0035766883660995545,img_img_entropy
350,10,0.003068486347970215,img_img_entropy
351,10,0.002551089037683142,img_img_entropy
352,11,0.002946955045956644,img_img_entropy
353,11,0.002253742304789268,img_img_entropy
354,11,0.002675116970293826,img_img_entropy
355,11,0.0033427911727554258,img_img_entropy
356,11,0.0035042200871501666,img_img_entropy
357,11,0.0015524098733105142,img_img_entropy
358,11,0.004395930829475246,img_img_entropy
359,11,0.003838969262394889,img_img_entropy
360,11,0.0030902870226920632,img_img_entropy
361,11,0.002464831062337516,img_img_entropy
362,11,0.0027415454750970313,img_img_entropy
363,11,0.003513338411130697,img_img_entropy
364,11,0.003552006902891384,img_img_entropy
365,11,0.0028586192507603133,img_img_entropy
366,11,0.0036509168087581387,img_img_entropy
367,11,0.0029244833898327332,img_img_entropy
368,11,0.0036140595767034326,img_img_entropy
369,11,0.0035871951252488985,img_img_entropy
370,11,0.0022520005745226565,img_img_entropy
371,11,0.003279326239067321,img_img_entropy
372,11,0.002857922886800609,img_img_entropy
373,11,0.0036068759744128137,img_img_entropy
374,11,0.003598985048078384,img_img_entropy
375,11,0.0014944576803669037,img_img_entropy
376,11,0.003561670659492914,img_img_entropy
377,11,0.003512568932967032,img_img_entropy
378,11,0.003261837326259358,img_img_entropy
379,11,0.0039290114228584805,img_img_entropy
380,11,0.0012862015021435401,img_img_entropy
381,11,0.003169392738978994,img_img_entropy
382,11,0.0033208747038988907,img_img_entropy
383,11,0.0034451800901174547,img_img_entropy
384,12,0.0036886046520891043,img_img_entropy
385,12,0.003392801916951088,img_img_entropy
386,12,0.0019950390617473417,img_img_entropy
387,12,0.003514872330045216,img_img_entropy
388,12,0.003129784151648552,img_img_entropy
389,12,0.0035353532943623077,img_img_entropy
390,12,0.0035894068396713826,img_img_entropy
391,12,0.0033941430914092453,img_img_entropy
392,12,0.003153932404824279,img_img_entropy
393,12,0.0035587448618502647,img_img_entropy
394,12,0.003478603265330876,img_img_entropy
395,12,0.0033442985984553373,img_img_entropy
396,12,0.0031827969049860383,img_img_entropy
397,12,0.0033746766659033846,img_img_entropy
398,12,0.00318975324602667,img_img_entropy
399,12,0.002295894028459038,img_img_entropy
400,12,0.0032100620163419157,img_img_entropy
401,12,0.002026433639444947,img_img_entropy
402,12,0.0027848453341282288,img_img_entropy
403,12,0.0038696934519686656,img_img_entropy
404,12,0.0038376906719345184,img_img_entropy
405,12,0.0030557856393303817,img_img_entropy
406,12,0.0020874845010205732,img_img_entropy
407,12,0.0027569282463308126,img_img_entropy
408,12,0.0038144214759332318,img_img_entropy
409,12,0.0035624998034597716,img_img_entropy
410,12,0.0029948101443928823,img_img_entropy
411,12,0.003705801138432143,img_img_entropy
412,12,0.002548595686874911,img_img_entropy
413,12,0.0037437518335945255,img_img_entropy
414,12,0.002491503796203551,img_img_entropy
415,12,0.003274753473165058,img_img_entropy
416,13,0.003311216554073962,img_img_entropy
417,13,0.0035994465809339902,img_img_entropy
418,13,0.0033819002337933473,img_img_entropy
419,13,0.0025583209632063643,img_img_entropy
420,13,0.003386236352351944,img_img_entropy
421,13,0.003638601893398688,img_img_entropy
422,13,0.0028809125277515038,img_img_entropy
423,13,0.0025184664973973217,img_img_entropy
424,13,0.0037563527230899574,img_img_entropy
425,13,0.0030042891055871734,img_img_entropy
426,13,0.003502012978764694,img_img_entropy
427,13,0.002123178186128575,img_img_entropy
428,13,0.004061367137102334,img_img_entropy
429,13,0.0033375868369657454,img_img_entropy
430,13,0.003411233693979828,img_img_entropy
431,13,0.0014145724642228793,img_img_entropy
432,13,0.0034232097640147664,img_img_entropy
433,13,0.00241727033227578,img_img_entropy
434,13,0.0029560125234258717,img_img_entropy
435,13,0.001643179394807079,img_img_entropy
436,13,0.0034183347347861697,img_img_entropy
437,13,0.003268931244737878,img_img_entropy
438,13,0.003503129790107747,img_img_entropy
439,13,0.003252962669355166,img_img_entropy
440,13,0.003908592678200728,img_img_entropy
441,13,0.0024005734644420296,img_img_entropy
442,13,0.003135873169711402,img_img_entropy
443,13,0.003125908427086459,img_img_entropy
444,13,0.003702714060704856,img_img_entropy
445,13,0.004045116478819895,img_img_entropy
446,13,0.0029501443923138247,img_img_entropy
447,13,0.003400066339923752,img_img_entropy
448,14,0.004275013673315556,img_img_entropy
449,14,0.0030763010278164493,img_img_entropy
450,14,0.0037606461734784953,img_img_entropy
451,14,0.0031734802591992487,img_img_entropy
452,14,0.0034290501551663263,img_img_entropy
453,14,0.0034028248700810546,img_img_entropy
454,14,0.001986859711152961,img_img_entropy
455,14,0.003063397322347271,img_img_entropy
456,14,0.0034575812529708525,img_img_entropy
457,14,0.0032887043711288,img_img_entropy
458,14,0.0025384048659376963,img_img_entropy
459,14,0.003258558565849389,img_img_entropy
460,14,0.003354184568094079,img_img_entropy
461,14,0.0029331626240824715,img_img_entropy
462,14,0.003692785354040618,img_img_entropy
463,14,0.003053208643292159,img_img_entropy
464,14,0.0025547095259473634,img_img_entropy
465,14,0.0032368870317525007,img_img_entropy
466,14,0.0033767483638712137,img_img_entropy
467,14,0.0033734027850411416,img_img_entropy
468,14,0.003735831866579225,img_img_entropy
469,14,0.0032516565780430903,img_img_entropy
470,14,0.004110075402493688,img_img_entropy
471,14,0.0033551515703274058,img_img_entropy
472,14,0.0034263343355106467,img_img_entropy
473,14,0.0029892126751350032,img_img_entropy
474,14,0.0032051124971848627,img_img_entropy
475,14,0.003412653491923656,img_img_entropy
476,14,0.0032404269221632236,img_img_entropy
477,14,0.0033966867450792894,img_img_entropy
478,14,0.0036140888324020476,img_img_entropy
479,14,0.003197961310448511,img_img_entropy
480,15,0.0019045984076148574,img_img_entropy
481,15,0.003337041213557423,img_img_entropy
482,15,0.003337113408874694,img_img_entropy
483,15,0.0037483218650678322,img_img_entropy
484,15,0.003541003501955004,img_img_entropy
485,15,0.003415721776359889,img_img_entropy
486,15,0.00301126058806666,img_img_entropy
487,15,0.00406538994292985,img_img_entropy
488,15,0.0034016117959986838,img_img_entropy
489,15,0.0037343608140634698,img_img_entropy
490,15,0.003068722025465454,img_img_entropy
491,15,0.004420284906984372,img_img_entropy
492,15,0.0029792533893438734,img_img_entropy
493,15,0.0035856247380025145,img_img_entropy
494,15,0.003361443023094449,img_img_entropy
495,15,0.0011306639173706574,img_img_entropy
496,15,0.0037456072922837664,img_img_entropy
497,15,0.0029005057681147223,img_img_entropy
498,15,0.0031985022675950535,img_img_entropy
499,15,0.0032426563446278423,img_img_entropy
500,15,0.003391272342185552,img_img_entropy
501,15,0.003473351560691184,img_img_entropy
502,15,0.00365468035759803,img_img_entropy
503,15,0.0036084417558758094,img_img_entropy
504,15,0.003260678238651929,img_img_entropy
505,15,0.0038845156506280474,img_img_entropy
506,15,0.004109512908746926,img_img_entropy
507,15,0.0031899302422126485,img_img_entropy
508,15,0.0037449606018864273,img_img_entropy
509,15,0.0029865975489631142,img_img_entropy
510,15,0.003105435009145024,img_img_entropy
511,15,0.0032455242147405128,img_img_entropy
512,16,0.002871034525393558,img_img_entropy
513,16,0.002745500257786088,img_img_entropy
514,16,0.003619807559678113,img_img_entropy
515,16,0.0034756281932694206,img_img_entropy
516,16,0.002709089186753966,img_img_entropy
517,16,0.0033339128779864757,img_img_entropy
518,16,0.002735672627427178,img_img_entropy
519,16,0.003631460975454372,img_img_entropy
520,16,0.003262057624679291,img_img_entropy
521,16,0.003248013937388686,img_img_entropy
522,16,0.00356195800351899,img_img_entropy
523,16,0.0038836708857740276,img_img_entropy
524,16,0.003308540352179117,img_img_entropy
525,16,0.0032889577401136088,img_img_entropy
526,16,0.004335957146639436,img_img_entropy
527,16,0.0038041305701203986,img_img_entropy
528,16,0.0038469270631121396,img_img_entropy
529,16,0.0031606917903150445,img_img_entropy
530,16,0.003208883525440246,img_img_entropy
531,16,0.0033296351272000934,img_img_entropy
532,16,0.0036230588044707133,img_img_entropy
533,16,0.003474982169376663,img_img_entropy
534,16,0.004116002254198119,img_img_entropy
535,16,0.0023337693864176686,img_img_entropy
536,16,0.0033255503761884034,img_img_entropy
537,16,0.0024694415986674214,img_img_entropy
538,16,0.0024547069559757786,img_img_entropy
539,16,0.002961882314253181,img_img_entropy
540,16,0.0018203327764417714,img_img_entropy
541,16,0.003228856151843837,img_img_entropy
542,16,0.00286191146405598,img_img_entropy
543,16,0.0033548496397350224,img_img_entropy
544,17,0.0029637519848032773,img_img_entropy
545,17,0.003129819661489181,img_img_entropy
546,17,0.0029067258727552277,img_img_entropy
547,17,0.0039392873636954154,img_img_entropy
548,17,0.0033044945589518868,img_img_entropy
549,17,0.003372261779251199,img_img_entropy
550,17,0.0029191948683073435,img_img_entropy
551,17,0.0034263973922622234,img_img_entropy
552,17,0.003533787390636334,img_img_entropy
553,17,0.002935466100939826,img_img_entropy
554,17,0.0027675398475336174,img_img_entropy
555,17,0.0026596239849797274,img_img_entropy
556,17,0.0025938264614533716,img_img_entropy
557,17,0.003131618449804646,img_img_entropy
558,17,0.004113877211091963,img_img_entropy
559,17,0.003214830153225004,img_img_entropy
560,17,0.001675380044316808,img_img_entropy
561,17,0.0034106288488427263,img_img_entropy
562,17,0.0031582892150156623,img_img_entropy
563,17,0.0034158259595429854,img_img_entropy
564,17,0.0020933341063451333,img_img_entropy
565,17,0.0036288116089058056,img_img_entropy
566,17,0.0024029297194835125,img_img_entropy
567,17,0.002996487591573028,img_img_entropy
568,17,0.0034648110377877824,img_img_entropy
569,17,0.002095186392645012,img_img_entropy
570,17,0.001640600259523992,img_img_entropy
571,17,0.0011667436478919658,img_img_entropy
572,17,0.0036992379044163866,img_img_entropy
573,17,0.003128260891503433,img_img_entropy
574,17,0.002878381131650331,img_img_entropy
575,17,0.002930308458435175,img_img_entropy
576,18,0.00318358571093937,img_img_entropy
577,18,0.00283732083829216,img_img_entropy
578,18,0.0037786204172508353,img_img_entropy
579,18,0.0021923273224207607,img_img_entropy
580,18,0.0028223411596114472,img_img_entropy
581,18,0.004102051643471363,img_img_entropy
582,18,0.003070712794038132,img_img_entropy
583,18,0.0037731830680627796,img_img_entropy
584,18,0.0034392292358248065,img_img_entropy
585,18,0.0030303523776488437,img_img_entropy
586,18,0.003224906228583198,img_img_entropy
587,18,0.0017804907104025914,img_img_entropy
588,18,0.002871367034832534,img_img_entropy
589,18,0.0033929868699037373,img_img_entropy
590,18,0.0025536550732057654,img_img_entropy
591,18,0.0031373952394197985,img_img_entropy
592,18,0.0026424491550495486,img_img_entropy
593,18,0.0027993504966492035,img_img_entropy
594,18,0.002550949651607425,img_img_entropy
595,18,0.0032122513725829347,img_img_entropy
596,18,0.0022406125851633265,img_img_entropy
597,18,0.0035901696965672447,img_img_entropy
598,18,0.002554174313501694,img_img_entropy
599,18,0.0033635274290633546,img_img_entropy
600,18,0.003411917805684158,img_img_entropy
601,18,0.0020927301692565486,img_img_entropy
602,18,0.0038860648547927486,img_img_entropy
603,18,0.003012622263355672,img_img_entropy
604,18,0.00387064207586755,img_img_entropy
605,18,0.002720485933561475,img_img_entropy
606,18,0.0034009211657545038,img_img_entropy
607,18,0.003024753398368974,img_img_entropy
608,19,0.003532774789166574,img_img_entropy
609,19,0.003394848279838184,img_img_entropy
610,19,0.0039673574674841325,img_img_entropy
611,19,0.0025175114296801435,img_img_entropy
612,19,0.002445325453099824,img_img_entropy
613,19,0.0035435319890388265,img_img_entropy
614,19,0.003059420245097067,img_img_entropy
615,19,0.0021817011972199533,img_img_entropy
616,19,0.0020012991683769094,img_img_entropy
617,19,0.002652940750017105,img_img_entropy
618,19,0.002709903190556351,img_img_entropy
619,19,0.0025788072764808055,img_img_entropy
620,19,0.0034100178386886498,img_img_entropy
621,19,0.0032491478958306744,img_img_entropy
622,19,0.0012679167412533582,img_img_entropy
623,19,0.0030053106986815703,img_img_entropy
624,19,0.004065182579259887,img_img_entropy
625,19,0.0027130349349474146,img_img_entropy
626,19,0.00343562323025649,img_img_entropy
627,19,0.001948455328371889,img_img_entropy
628,19,0.0023444054623993262,img_img_entropy
629,19,0.0022852968509980516,img_img_entropy
630,19,0.0030088869590125145,img_img_entropy
631,19,0.0029799544284287325,img_img_entropy
632,19,0.003291143287031249,img_img_entropy
633,19,0.0034292761654495605,img_img_entropy
634,19,0.002915202869034627,img_img_entropy
635,19,0.003433011530095684,img_img_entropy
636,19,0.0025050460387718914,img_img_entropy
637,19,0.004139796356592712,img_img_entropy
638,19,0.0018907640184383434,img_img_entropy
639,19,0.0028953692042712597,img_img_entropy
640,20,0.002884133219459618,img_img_entropy
641,20,0.0028557120730868255,img_img_entropy
642,20,0.0031697552632605672,img_img_entropy
643,20,0.0031571900734836014,img_img_entropy
644,20,0.0030004946193632615,img_img_entropy
645,20,0.002678677984941684,img_img_entropy
646,20,0.0029110942648627675,img_img_entropy
647,20,0.0025229591739409822,img_img_entropy
648,20,0.0025282901232365766,img_img_entropy
649,20,0.0034359995532314276,img_img_entropy
650,20,0.0028018505416328473,img_img_entropy
651,20,0.0034159580840987026,img_img_entropy
652,20,0.0030334892432134345,img_img_entropy
653,20,0.003977410103951481,img_img_entropy
654,20,0.0014790226137197603,img_img_entropy
655,20,0.003712461914805065,img_img_entropy
656,20,0.0025555763588827824,img_img_entropy
657,20,0.003009756757492459,img_img_entropy
658,20,0.0028726382573851916,img_img_entropy
659,20,0.0027587926102425123,img_img_entropy
660,20,0.0035162853284001943,img_img_entropy
661,20,0.0025900924797464704,img_img_entropy
662,20,0.0023857860614500156,img_img_entropy
663,20,0.00338675018665287,img_img_entropy
664,20,0.0026797783657197117,img_img_entropy
665,20,0.0016502621596803638,img_img_entropy
666,20,0.0034015611549116824,img_img_entropy
667,20,0.002742534123045022,img_img_entropy
668,20,0.0030013273569632027,img_img_entropy
669,20,0.0017104530563032897,img_img_entropy
670,20,0.002465000674912588,img_img_entropy
671,20,0.003007661961374417,img_img_entropy
672,21,0.002931517665961881,img_img_entropy
673,21,0.0023499593807147336,img_img_entropy
674,21,0.002588664647216277,img_img_entropy
675,21,0.0032240985774339677,img_img_entropy
676,21,0.0024100311580322396,img_img_entropy
677,21,0.002383435713231907,img_img_entropy
678,21,0.00241080590663266,img_img_entropy
679,21,0.002493906914629285,img_img_entropy
680,21,0.002621862961142453,img_img_entropy
681,21,0.002130148558937627,img_img_entropy
682,21,0.0034052296590092943,img_img_entropy
683,21,0.002581040269293497,img_img_entropy
684,21,0.0033069940015403353,img_img_entropy
685,21,0.0028635191595926786,img_img_entropy
686,21,0.001804281616893846,img_img_entropy
687,21,0.002369150525050027,img_img_entropy
688,21,0.002581899465564926,img_img_entropy
689,21,0.0032481788951183744,img_img_entropy
690,21,0.0020816813108007525,img_img_entropy
691,21,0.0028844775791255503,img_img_entropy
692,21,0.0032241825547759326,img_img_entropy
693,21,0.00230678971835184,img_img_entropy
694,21,0.0036050929868883565,img_img_entropy
695,21,0.0030571525203530623,img_img_entropy
696,21,0.003318722437553979,img_img_entropy
697,21,0.0032820032656759365,img_img_entropy
698,21,0.002334293974558541,img_img_entropy
699,21,0.001874918813896488,img_img_entropy
700,21,0.002646323328210879,img_img_entropy
701,21,0.002031842307882321,img_img_entropy
702,21,0.0032441838149466157,img_img_entropy
703,21,0.0027134236720419637,img_img_entropy
704,22,0.0024129646463414635,img_img_entropy
705,22,0.002350754417092472,img_img_entropy
706,22,0.0031294882650533076,img_img_entropy
707,22,0.001675635878973735,img_img_entropy
708,22,0.0038685206711478112,img_img_entropy
709,22,0.0028882151224804576,img_img_entropy
710,22,0.002693928118049657,img_img_entropy
711,22,0.0033600931053130397,img_img_entropy
712,22,0.002295664007904476,img_img_entropy
713,22,0.0026836260292079275,img_img_entropy
714,22,0.004308716386832758,img_img_entropy
715,22,0.0035216357194103195,img_img_entropy
716,22,0.00320499213281825,img_img_entropy
717,22,0.002509958569827845,img_img_entropy
718,22,0.0031214516747423773,img_img_entropy
719,22,0.002788731197358431,img_img_entropy
720,22,0.002697498573848547,img_img_entropy
721,22,0.0028327765194561274,img_img_entropy
722,22,0.0027092560631551874,img_img_entropy
723,22,0.002548928237898455,img_img_entropy
724,22,0.002581663336354814,img_img_entropy
725,22,0.003084907186686186,img_img_entropy
726,22,0.002854847084166022,img_img_entropy
727,22,0.0020269392832767477,img_img_entropy
728,22,0.0026653420323228135,img_img_entropy
729,22,0.003722165839887279,img_img_entropy
730,22,0.0040343592255920714,img_img_entropy
731,22,0.002227040022537178,img_img_entropy
732,22,0.0034420930659302927,img_img_entropy
733,22,0.002436602604033368,img_img_entropy
734,22,0.0029743894843526587,img_img_entropy
735,22,0.002079002939896586,img_img_entropy
736,23,0.002818725944433088,img_img_entropy
737,23,0.004229669258542495,img_img_entropy
738,23,0.0032058376461832146,img_img_entropy
739,23,0.003346107679993767,img_img_entropy
740,23,0.0032040728115675303,img_img_entropy
741,23,0.0029956075472889997,img_img_entropy
742,23,0.0020265291244344814,img_img_entropy
743,23,0.002721686221564119,img_img_entropy
744,23,0.0027241398213915004,img_img_entropy
745,23,0.002557970887862899,img_img_entropy
746,23,0.0032504427079479074,img_img_entropy
747,23,0.003498323511183031,img_img_entropy
748,23,0.0016219672446487765,img_img_entropy
749,23,0.0025690455244208824,img_img_entropy
750,23,0.00290498775135503,img_img_entropy
751,23,0.0024354795012455303,img_img_entropy
752,23,0.0029125930753282664,img_img_entropy
753,23,0.0027415310313450643,img_img_entropy
754,23,0.003596483438990376,img_img_entropy
755,23,0.0028128653492357314,img_img_entropy
756,23,0.0028292651594635848,img_img_entropy
757,23,0.002247764390407972,img_img_entropy
758,23,0.0033647230271803222,img_img_entropy
759,23,0.0025563102707341313,img_img_entropy
760,23,0.0028937052538613667,img_img_entropy
761,23,0.0025187219588641866,img_img_entropy
762,23,0.0032822380755415854,img_img_entropy
763,23,0.0030707168803568476,img_img_entropy
764,23,0.0034593709581811883,img_img_entropy
765,23,0.0027299363756820502,img_img_entropy
766,23,0.0014553189890815002,img_img_entropy
767,23,0.002606954876923211,img_img_entropy
768,24,0.0028895544721305217,img_img_entropy
769,24,0.0034430642941293828,img_img_entropy
770,24,0.0025662334892158217,img_img_entropy
771,24,0.0025294351180292175,img_img_entropy
772,24,0.002882833322821576,img_img_entropy
773,24,0.0019090241911940277,img_img_entropy
774,24,0.0036067861886645972,img_img_entropy
775,24,0.0027223715712190416,img_img_entropy
776,24,0.002766036861807344,img_img_entropy
777,24,0.0025990086545315473,img_img_entropy
778,24,0.003079585967203507,img_img_entropy
779,24,0.002552270923071203,img_img_entropy
780,24,0.0029981973089433485,img_img_entropy
781,24,0.0036873008241786118,img_img_entropy
782,24,0.0025013080255962376,img_img_entropy
783,24,0.0027549957150910308,img_img_entropy
784,24,0.002855599602616716,img_img_entropy
785,24,0.002600095143881201,img_img_entropy
786,24,0.0036835664216935083,img_img_entropy
787,24,0.003180233127245787,img_img_entropy
788,24,0.002132347685980282,img_img_entropy
789,24,0.002554814227836259,img_img_entropy
790,24,0.0030017891017288345,img_img_entropy
791,24,0.003182139768074531,img_img_entropy
792,24,0.0026256557920393444,img_img_entropy
793,24,0.0029725516415190587,img_img_entropy
794,24,0.002451992303328539,img_img_entropy
795,24,0.0027407009089491906,img_img_entropy
796,24,0.003519532121331844,img_img_entropy
797,24,0.003299222460864263,img_img_entropy
798,24,0.0032574137223239275,img_img_entropy
799,24,0.0024494269228996766,img_img_entropy
800,25,0.0026614961214620056,img_img_entropy
801,25,0.0025110053115061557,img_img_entropy
802,25,0.0026566350076979183,img_img_entropy
803,25,0.002896641046740581,img_img_entropy
804,25,0.001958121961267766,img_img_entropy
805,25,0.0031283185037676276,img_img_entropy
806,25,0.0030106711957860618,img_img_entropy
807,25,0.002610910389784816,img_img_entropy
808,25,0.0019124586080556095,img_img_entropy
809,25,0.003027414925094437,img_img_entropy
810,25,0.0031352602783319846,img_img_entropy
811,25,0.0024199784228282153,img_img_entropy
812,25,0.002873209959194859,img_img_entropy
813,25,0.0019492123848204534,img_img_entropy
814,25,0.002051711665596258,img_img_entropy
815,25,0.0029673616353063943,img_img_entropy
816,25,0.002603015716850984,img_img_entropy
817,25,0.0022184704695316117,img_img_entropy
818,25,0.002626432053273653,img_img_entropy
819,25,0.0033303734295907824,img_img_entropy
820,25,0.0008122462737378213,img_img_entropy
821,25,0.002107602876041201,img_img_entropy
822,25,0.0021155011670414945,img_img_entropy
823,25,0.0033546253774222328,img_img_entropy
824,25,0.003175090409462374,img_img_entropy
825,25,0.002843092003054264,img_img_entropy
826,25,0.0025625123485576926,img_img_entropy
827,25,0.0027648426802944367,img_img_entropy
828,25,0.003132549130683678,img_img_entropy
829,25,0.002933115127080767,img_img_entropy
830,25,0.0019450524860548514,img_img_entropy
831,25,0.0021467610957006267,img_img_entropy
832,26,0.001799488897004656,img_img_entropy
833,26,0.0014237402490750069,img_img_entropy
834,26,0.0025550471624685585,img_img_entropy
835,26,0.002413924640819693,img_img_entropy
836,26,0.003592394695875682,img_img_entropy
837,26,0.003074934670220811,img_img_entropy
838,26,0.0031167533412496755,img_img_entropy
839,26,0.0027464562966301198,img_img_entropy
840,26,0.003239610207859885,img_img_entropy
841,26,0.0036278606915684576,img_img_entropy
842,26,0.0033950128555895187,img_img_entropy
843,26,0.0027657273320579323,img_img_entropy
844,26,0.0015967774627494837,img_img_entropy
845,26,0.0037701119461183655,img_img_entropy
846,26,0.003667141022967572,img_img_entropy
847,26,0.0031818431290526034,img_img_entropy
848,26,0.0020873258562605474,img_img_entropy
849,26,0.002492835120114169,img_img_entropy
850,26,0.0036022400677013025,img_img_entropy
851,26,0.003745760726178403,img_img_entropy
852,26,0.00318125129691878,img_img_entropy
853,26,0.0027296596183954062,img_img_entropy
854,26,0.0035775498310660365,img_img_entropy
855,26,0.00273725229482655,img_img_entropy
856,26,0.002984194631510214,img_img_entropy
857,26,0.002920463142310321,img_img_entropy
858,26,0.0024720514398800172,img_img_entropy
859,26,0.002707041462566144,img_img_entropy
860,26,0.0028727531371386733,img_img_entropy
861,26,0.0027377455579755032,img_img_entropy
862,26,0.0038412192072335566,img_img_entropy
863,26,0.0024899542873076026,img_img_entropy
864,27,0.0026580653097460992,img_img_entropy
865,27,0.0022616732261513278,img_img_entropy
866,27,0.003807917044103385,img_img_entropy
867,27,0.003014777258043724,img_img_entropy
868,27,0.002127606078135968,img_img_entropy
869,27,0.0026311054832262996,img_img_entropy
870,27,0.0034886366156745264,img_img_entropy
871,27,0.0035559720176786855,img_img_entropy
872,27,0.003545034029058806,img_img_entropy
873,27,0.0033793505069891158,img_img_entropy
874,27,0.002347474013446843,img_img_entropy
875,27,0.0023463309025818315,img_img_entropy
876,27,0.003972718577321674,img_img_entropy
877,27,0.002393904658366829,img_img_entropy
878,27,0.0028223454863445605,img_img_entropy
879,27,0.0034688352245493283,img_img_entropy
880,27,0.0030800454766801346,img_img_entropy
881,27,0.004331719686808267,img_img_entropy
882,27,0.003379643838597244,img_img_entropy
883,27,0.000876624430577173,img_img_entropy
884,27,0.0015807718818303018,img_img_entropy
885,27,0.0026038481546424,img_img_entropy
886,27,0.0030824599226347994,img_img_entropy
887,27,0.0025017741536581023,img_img_entropy
888,27,0.002934390046004017,img_img_entropy
889,27,0.0032219950073595033,img_img_entropy
890,27,0.002552667893565743,img_img_entropy
891,27,0.0017131433471816203,img_img_entropy
892,27,0.001644316566056174,img_img_entropy
893,27,0.003292933548427321,img_img_entropy
894,27,0.0030766383133005596,img_img_entropy
895,27,0.0022297303042560206,img_img_entropy
896,28,0.002349111009357543,img_img_entropy
897,28,0.002711295044896157,img_img_entropy
898,28,0.003077677418569292,img_img_entropy
899,28,0.003288723434642234,img_img_entropy
900,28,0.0031337784051265376,img_img_entropy
901,28,0.003249389629923269,img_img_entropy
902,28,0.0018996976182702747,img_img_entropy
903,28,0.00347094645620432,img_img_entropy
904,28,0.002631886578129302,img_img_entropy
905,28,0.0019480405803711499,img_img_entropy
906,28,0.0038772445756763948,img_img_entropy
907,28,0.0020825677297463476,img_img_entropy
908,28,0.0032449532749638803,img_img_entropy
909,28,0.0032428757146170228,img_img_entropy
910,28,0.0025248119435741768,img_img_entropy
911,28,0.0027665316737164837,img_img_entropy
912,28,0.003426929873011346,img_img_entropy
913,28,0.002960237220769541,img_img_entropy
914,28,0.003021639901350956,img_img_entropy
915,28,0.002895688086888812,img_img_entropy
916,28,0.0026197548515728575,img_img_entropy
917,28,0.0027163385979073794,img_img_entropy
918,28,0.0034649466491403864,img_img_entropy
919,28,0.003786633981082133,img_img_entropy
920,28,0.003457552849930294,img_img_entropy
921,28,0.0037951776948973405,img_img_entropy
922,28,0.0036904499516239144,img_img_entropy
923,28,0.0021631827901028933,img_img_entropy
924,28,0.0025638938991743923,img_img_entropy
925,28,0.002655670583165361,img_img_entropy
926,28,0.0027883363261635074,img_img_entropy
927,28,0.0016388169263202546,img_img_entropy
928,29,0.003236476566696393,img_img_entropy
929,29,0.0033252861853209914,img_img_entropy
930,29,0.001839864785730158,img_img_entropy
931,29,0.0033198704791567468,img_img_entropy
932,29,0.003444355248583093,img_img_entropy
933,29,0.003461245155158503,img_img_entropy
934,29,0.002508169275349843,img_img_entropy
935,29,0.003185824953115515,img_img_entropy
936,29,0.0029279814933212524,img_img_entropy
937,29,0.0028713932565127536,img_img_entropy
938,29,0.0038204571307966875,img_img_entropy
939,29,0.002431516268812349,img_img_entropy
940,29,0.0026488336362097955,img_img_entropy
941,29,0.002687000701294387,img_img_entropy
942,29,0.003390996714619242,img_img_entropy
943,29,0.00357448348343317,img_img_entropy
944,29,0.0020474235774830536,img_img_entropy
945,29,0.0029072051799259513,img_img_entropy
946,29,0.002110207382073125,img_img_entropy
947,29,0.0030059559269608824,img_img_entropy
948,29,0.0030411099409696843,img_img_entropy
949,29,0.002642231113783608,img_img_entropy
950,29,0.0028032724763482524,img_img_entropy
951,29,0.003315635990755972,img_img_entropy
952,29,0.0034530389047088728,img_img_entropy
953,29,0.0024177846146270316,img_img_entropy
954,29,0.003080516181221736,img_img_entropy
955,29,0.002134691047211396,img_img_entropy
956,29,0.002502201091656475,img_img_entropy
957,29,0.003866175771348064,img_img_entropy
958,29,0.003157120779223054,img_img_entropy
959,29,0.0024031432895590156,img_img_entropy
960,30,0.0034930733990672915,img_img_entropy
961,30,0.00290757963436235,img_img_entropy
962,30,0.0040008025374407615,img_img_entropy
963,30,0.002894789431786654,img_img_entropy
964,30,0.0027253243650707526,img_img_entropy
965,30,0.0033600691525457705,img_img_entropy
966,30,0.0026899832192046895,img_img_entropy
967,30,0.003595514784204243,img_img_entropy
968,30,0.002038234836804189,img_img_entropy
969,30,0.003446490865367775,img_img_entropy
970,30,0.0034354974290027244,img_img_entropy
971,30,0.0032099863138560594,img_img_entropy
972,30,0.0038365775323583222,img_img_entropy
973,30,0.003085457095213763,img_img_entropy
974,30,0.002368376081982047,img_img_entropy
975,30,0.0027035480418532987,img_img_entropy
976,30,0.003503423380109294,img_img_entropy
977,30,0.003700644087689799,img_img_entropy
978,30,0.002703286727036627,img_img_entropy
979,30,0.002108370726827986,img_img_entropy
980,30,0.003140194870997445,img_img_entropy
981,30,0.003790191566050673,img_img_entropy
982,30,0.0032789184196089427,img_img_entropy
983,30,0.0023482037114761385,img_img_entropy
984,30,0.0029455627741196053,img_img_entropy
985,30,0.003291803282953658,img_img_entropy
986,30,0.003592176051283626,img_img_entropy
987,30,0.003037432088024668,img_img_entropy
988,30,0.003093051097962633,img_img_entropy
989,30,0.0028636922448967133,img_img_entropy
990,30,0.0030148572040152193,img_img_entropy
991,30,0.0037530098758271563,img_img_entropy
992,31,0.0034492661241780614,img_img_entropy
993,31,0.0031101735646212572,img_img_entropy
994,31,0.002232513905276728,img_img_entropy
995,31,0.003330405404186787,img_img_entropy
996,31,0.0041296978462439194,img_img_entropy
997,31,0.0037260363086518075,img_img_entropy
998,31,0.0029021032484679824,img_img_entropy
999,31,0.0027544969698062925,img_img_entropy
1000,31,0.002913196802010741,img_img_entropy
1001,31,0.0030941869850923992,img_img_entropy
1002,31,0.0027549545703726757,img_img_entropy
1003,31,0.003373909621892605,img_img_entropy
1004,31,0.0027846953508600648,img_img_entropy
1005,31,0.003897932924137656,img_img_entropy
1006,31,0.0024667556222465344,img_img_entropy
1007,31,0.0025624856034846227,img_img_entropy
1008,31,0.0030327091429906135,img_img_entropy
1009,31,0.003475112693255683,img_img_entropy
1010,31,0.0035640761786503617,img_img_entropy
1011,31,0.003427682043231515,img_img_entropy
1012,31,0.002562893113587426,img_img_entropy
1013,31,0.0029955402314759253,img_img_entropy
1014,31,0.002065183109752197,img_img_entropy
1015,31,0.0038289994306385665,img_img_entropy
1016,31,0.0026896207336530513,img_img_entropy
1017,31,0.002870852679835139,img_img_entropy
1018,31,0.0036646395114278947,img_img_entropy
1019,31,0.004535440866582652,img_img_entropy
1020,31,0.00319020650762099,img_img_entropy
1021,31,0.002462797564133967,img_img_entropy
1022,31,0.002753300369356244,img_img_entropy
1023,31,0.004202644045886036,img_img_entropy
0,0,0.0002989202303255797,img_text_entropy
1,0,0.00017903497483519418,img_text_entropy
2,0,0.00022203999076781698,img_text_entropy
3,0,0.00028315249864210325,img_text_entropy
4,0,0.0005394390424317542,img_text_entropy
5,0,5.7533885107307325e-05,img_text_entropy
6,0,0.0004999868931052093,img_text_entropy
7,0,0.002236687440940538,img_text_entropy
8,0,0.0005426716812302176,img_text_entropy
9,0,0.00042606278796235037,img_text_entropy
10,0,0.00025710063770819996,img_text_entropy
11,0,0.000810445813416452,img_text_entropy
12,0,0.0005998137386143369,img_text_entropy
13,0,0.00013203419207838887,img_text_entropy
14,0,0.000192766208354427,img_text_entropy
15,0,5.994392479691981e-05,img_text_entropy
16,0,0.0004108556975571262,img_text_entropy
17,0,0.00018984019711461905,img_text_entropy
18,0,0.0006821068663530138,img_text_entropy
19,0,0.0005509139064714435,img_text_entropy
20,0,0.00021915303802933772,img_text_entropy
21,0,0.0002977070558183087,img_text_entropy
22,0,0.001088685404462152,img_text_entropy
23,0,0.000695687962528362,img_text_entropy
24,0,0.002214065973244986,img_text_entropy
25,0,3.9553937480822497e-05,img_text_entropy
26,0,0.00048294797279314374,img_text_entropy
27,0,0.0006001597469700054,img_text_entropy
28,0,0.00034296308625383367,img_text_entropy
29,0,0.00011722588349717668,img_text_entropy
30,0,0.0012353475378733552,img_text_entropy
31,0,0.0004693756646067852,img_text_entropy
32,1,0.0006710193792092105,img_text_entropy
33,1,0.00048703241263237736,img_text_entropy
34,1,0.0004174431368672246,img_text_entropy
35,1,0.0005467137896076456,img_text_entropy
36,1,0.00033900455756415496,img_text_entropy
37,1,0.00043522413436252496,img_text_entropy
38,1,0.0006917536202516217,img_text_entropy
39,1,0.001154804415200932,img_text_entropy
40,1,0.00014554754254463213,img_text_entropy
41,1,0.001814728376268015,img_text_entropy
42,1,0.0005561151465752615,img_text_entropy
43,1,7.113896771117749e-05,img_text_entropy
44,1,0.0005681216721146614,img_text_entropy
45,1,0.0005634877426236201,img_text_entropy
46,1,0.0008050698481054038,img_text_entropy
47,1,0.0010149163014983385,img_text_entropy
48,1,0.0008353241005974468,img_text_entropy
49,1,0.0005458236681708651,img_text_entropy
50,1,0.00032958314140191014,img_text_entropy
51,1,0.0008859991464076553,img_text_entropy
52,1,0.00032157409907763226,img_text_entropy
53,1,0.0005565282653309598,img_text_entropy
54,1,0.0006799935238064153,img_text_entropy
55,1,0.0006634134757640707,img_text_entropy
56,1,0.000995256641190908,img_text_entropy
57,1,0.0006218719528664993,img_text_entropy
58,1,0.0003631018128048094,img_text_entropy
59,1,0.0006886340301465123,img_text_entropy
60,1,0.0007221671760133843,img_text_entropy
61,1,0.0009640890259424806,img_text_entropy
62,1,0.0005068731296403516,img_text_entropy
63,1,0.0003405425667324085,img_text_entropy
64,2,8.601455239256822e-05,img_text_entropy
65,2,8.893971316461089e-05,img_text_entropy
66,2,0.00011740306259524602,img_text_entropy
67,2,2.9076022050510283e-05,img_text_entropy
68,2,6.220295476811541e-05,img_text_entropy
69,2,0.00016112229123463662,img_text_entropy
70,2,0.00013817683803752807,img_text_entropy
71,2,9.779079426058574e-05,img_text_entropy
72,2,9.627430236750608e-05,img_text_entropy
73,2,4.5038104482955e-05,img_text_entropy
74,2,7.582725595700638e-05,img_text_entropy
75,2,0.00010162362152847776,img_text_entropy
76,2,9.372169586085598e-05,img_text_entropy
77,2,7.05209553129265e-05,img_text_entropy
78,2,5.2261581701139677e-05,img_text_entropy
79,2,5.044507022626556e-05,img_text_entropy
80,2,0.00011599674371370095,img_text_entropy
81,2,0.00011105486069088136,img_text_entropy
82,2,9.645055093483021e-05,img_text_entropy
83,2,7.595295288843615e-05,img_text_entropy
84,2,5.668852195163418e-05,img_text_entropy
85,2,4.505434932073013e-05,img_text_entropy
86,2,6.162456105500767e-05,img_text_entropy
87,2,0.00012872082059308057,img_text_entropy
88,2,9.131341030304696e-05,img_text_entropy
89,2,6.655592751624502e-05,img_text_entropy
90,2,8.471977862178597e-05,img_text_entropy
91,2,6.19701367326395e-05,img_text_entropy
92,2,3.7287554101014086e-05,img_text_entropy
93,2,0.00011297458808427642,img_text_entropy
94,2,0.00019530462382234693,img_text_entropy
95,2,6.671339303175101e-05,img_text_entropy
96,3,8.34764053468969e-05,img_text_entropy
97,3,9.739631588206427e-05,img_text_entropy
98,3,0.000260433685826764,img_text_entropy
99,3,0.00019498381612218047,img_text_entropy
100,3,0.00011490826437328264,img_text_entropy
101,3,0.0003001224673360661,img_text_entropy
102,3,7.498827021600104e-05,img_text_entropy
103,3,0.00017585957430634185,img_text_entropy
104,3,4.74749354976952e-05,img_text_entropy
105,3,7.479407442614152e-05,img_text_entropy
106,3,0.0003709058486148027,img_text_entropy
107,3,0.000333293502729814,img_text_entropy
108,3,0.0001499464453209274,img_text_entropy
109,3,0.0003593217756162626,img_text_entropy
110,3,0.0005743754819276321,img_text_entropy
111,3,0.00025909145274248475,img_text_entropy
112,3,0.0002703133551743998,img_text_entropy
113,3,7.417254138657077e-05,img_text_entropy
114,3,0.00012626997840940247,img_text_entropy
115,3,0.00020855153542993624,img_text_entropy
116,3,0.00028611048824416424,img_text_entropy
117,3,0.00013044761627180885,img_text_entropy
118,3,0.0002595050275746537,img_text_entropy
119,3,0.00015456027529950968,img_text_entropy
120,3,0.000159558080636101,img_text_entropy
121,3,8.116308612169685e-05,img_text_entropy
122,3,0.00014742674585111054,img_text_entropy
123,3,8.88525804322674e-05,img_text_entropy
124,3,7.284100545759933e-05,img_text_entropy
125,3,0.00010365334958237401,img_text_entropy
126,3,0.00015796818770746616,img_text_entropy
127,3,0.0007428610450859812,img_text_entropy
128,4,0.0003037001454094953,img_text_entropy
129,4,0.0003499867934052394,img_text_entropy
130,4,0.0004970596836689484,img_text_entropy
131,4,0.0005717646458608129,img_text_entropy
132,4,0.0005525542247907731,img_text_entropy
133,4,0.00015195819439021066,img_text_entropy
134,4,0.00024202415641737127,img_text_entropy
135,4,0.0001794671930087342,img_text_entropy
136,4,0.0005290847922826202,img_text_entropy
137,4,0.0005793847837518636,img_text_entropy
138,4,0.0005829117036857169,img_text_entropy
139,4,0.0005448054348433629,img_text_entropy
140,4,0.0001423400319736318,img_text_entropy
141,4,8.28107202635039e-05,img_text_entropy
142,4,0.00024816931027933707,img_text_entropy
143,4,0.0004380060212590694,img_text_entropy
144,4,0.00014975374711643732,img_text_entropy
145,4,0.000384237422814424,img_text_entropy
146,4,0.0005400745374257481,img_text_entropy
147,4,0.0005750282228474915,img_text_entropy
148,4,0.0001000987893739722,img_text_entropy
149,4,0.00014832885218718408,img_text_entropy
150,4,0.0003216674855501375,img_text_entropy
151,4,0.0002575837229111746,img_text_entropy
152,4,0.0003131119771457147,img_text_entropy
153,4,0.0003371769215429549,img_text_entropy
154,4,0.0004980233789296782,img_text_entropy
155,4,0.0005588318923525566,img_text_entropy
156,4,0.0004687202449743311,img_text_entropy
157,4,0.0001722700323176544,img_text_entropy
158,4,0.00014707416901864817,img_text_entropy
159,4,0.0002087579098786969,img_text_entropy
160,5,0.0008031188822153109,img_text_entropy
161,5,0.00037751020913316273,img_text_entropy
162,5,0.0005103759397556169,img_text_entropy
163,5,9.819750958559538e-05,img_text_entropy
164,5,0.0007790228471674894,img_text_entropy
165,5,0.0006243374586372826,img_text_entropy
166,5,0.0003057620776874333,img_text_entropy
167,5,0.0005807496653179641,img_text_entropy
168,5,0.00045433829985102214,img_text_entropy
169,5,0.0009169881387652482,img_text_entropy
170,5,0.0007364155431186548,img_text_entropy
171,5,0.0006740330914299113,img_text_entropy
172,5,0.0002464454744397068,img_text_entropy
173,5,0.0008344911185053124,img_text_entropy
174,5,0.00045824876971716324,img_text_entropy
175,5,1.3405864325109836e-05,img_text_entropy
176,5,0.0008464874606994647,img_text_entropy
177,5,0.00038473911479432253,img_text_entropy
178,5,0.0008179262482977727,img_text_entropy
179,5,0.0006066949857789756,img_text_entropy
180,5,0.0006306273735158342,img_text_entropy
181,5,0.0003637707870557076,img_text_entropy
182,5,0.0008485935282872243,img_text_entropy
183,5,0.0003804635964663248,img_text_entropy
184,5,0.0006501360679282148,img_text_entropy
185,5,0.0003027325221357943,img_text_entropy
186,5,0.0004698414595252573,img_text_entropy
187,5,0.00035630802078970416,img_text_entropy
188,5,0.0005346571986278285,img_text_entropy
189,5,0.0004885287678394423,img_text_entropy
190,5,0.0007297690956798833,img_text_entropy
191,5,0.00040289854349342534,img_text_entropy
192,6,0.000644254964862246,img_text_entropy
193,6,0.0011336022652160905,img_text_entropy
194,6,0.0004577501743679807,img_text_entropy
195,6,0.0006784455944175952,img_text_entropy
196,6,0.0008379661744714694,img_text_entropy
197,6,0.0009522400924096664,img_text_entropy
198,6,0.0003294184085084393,img_text_entropy
199,6,0.00032571117836731144,img_text_entropy
200,6,0.0006456661396115241,img_text_entropy
201,6,0.0007061988722662074,img_text_entropy
202,6,0.000877177429420238,img_text_entropy
203,6,0.000838164826231919,img_text_entropy
204,6,0.0010781843139343091,img_text_entropy
205,6,0.0009728335916286322,img_text_entropy
206,6,0.0010369602353177247,img_text_entropy
207,6,0.0014068151865643415,img_text_entropy
208,6,0.0007998118435379658,img_text_entropy
209,6,0.0013718964993340804,img_text_entropy
210,6,0.0011432822239180824,img_text_entropy
211,6,0.0010248987339027112,img_text_entropy
212,6,0.0009868787193643516,img_text_entropy
213,6,0.0007096000035967402,img_text_entropy
214,6,0.0007768937404383729,img_text_entropy
215,6,0.0007585527174553335,img_text_entropy
216,6,0.0009198904787096661,img_text_entropy
217,6,0.0005837116104013656,img_text_entropy
218,6,0.0008669707863349433,img_text_entropy
219,6,0.0004377738551866674,img_text_entropy
220,6,0.0011692066820750055,img_text_entropy
221,6,0.00045825279966309966,img_text_entropy
222,6,0.0004409053247122522,img_text_entropy
223,6,0.000663022878709861,img_text_entropy
224,7,0.0011815217454508376,img_text_entropy
225,7,0.0009754346980041316,img_text_entropy
226,7,0.0007901151664681249,img_text_entropy
227,7,0.00048721808086190125,img_text_entropy
228,7,0.0008797441824338561,img_text_entropy
229,7,0.0010760794014296887,img_text_entropy
230,7,0.0012569134090378896,img_text_entropy
231,7,0.0007766374504684835,img_text_entropy
232,7,0.0010097160891668286,img_text_entropy
233,7,0.00016265943331942367,img_text_entropy
234,7,0.0012019214749080123,img_text_entropy
235,7,0.0008684243013319963,img_text_entropy
236,7,0.001450649447691799,img_text_entropy
237,7,0.0006801641182346014,img_text_entropy
238,7,0.0015809758118774536,img_text_entropy
239,7,0.000524598348790786,img_text_entropy
240,7,0.001052830966491207,img_text_entropy
241,7,0.0008703220631833608,img_text_entropy
242,7,0.00019705342234616727,img_text_entropy
243,7,0.0008253915206143055,img_text_entropy
244,7,0.0005656184963028589,img_text_entropy
245,7,0.0011736158586732237,img_text_entropy
246,7,0.0010657777152199637,img_text_entropy
247,7,0.0005104292212168083,img_text_entropy
248,7,0.001081069724289047,img_text_entropy
249,7,0.0004912171538219163,img_text_entropy
250,7,0.00045981240797511976,img_text_entropy
251,7,0.0006116977009303734,img_text_entropy
252,7,0.001078514308484839,img_text_entropy
253,7,0.0010710807528623,img_text_entropy
254,7,0.0007135769430129098,img_text_entropy
255,7,0.0016694798847408645,img_text_entropy
256,8,0.0005681498111580713,img_text_entropy
257,8,0.0007744767203219343,img_text_entropy
258,8,0.0008839654866952256,img_text_entropy
259,8,0.0010632527908966847,img_text_entropy
260,8,0.0008140197561408034,img_text_entropy
261,8,0.000666384441789296,img_text_entropy
262,8,0.0016892273232961452,img_text_entropy
263,8,0.0006571667084157448,img_text_entropy
264,8,0.0006195059046247347,img_text_entropy
265,8,0.0008995494309115159,img_text_entropy
266,8,0.0010450465631750652,img_text_entropy
267,8,0.00026116143226920057,img_text_entropy
268,8,0.0008321063567152017,img_text_entropy
269,8,0.001323098725158724,img_text_entropy
270,8,0.0007993794665865488,img_text_entropy
271,8,0.0010752889259447243,img_text_entropy
272,8,0.0009751317399385592,img_text_entropy
273,8,0.0011380370626975606,img_text_entropy
274,8,0.0006738450975310746,img_text_entropy
275,8,0.0009883216022281626,img_text_entropy
276,8,0.0008945430588643276,img_text_entropy
277,8,0.0011374627338016407,img_text_entropy
278,8,0.0012518310583243617,img_text_entropy
279,8,0.0008076903146013527,img_text_entropy
280,8,0.0014229737645208476,img_text_entropy
281,8,0.0018658244639609143,img_text_entropy
282,8,0.0013297551205486773,img_text_entropy
283,8,0.0008759881049653536,img_text_entropy
284,8,0.0007828177932335413,img_text_entropy
285,8,0.0003602889484716517,img_text_entropy
286,8,0.0009944259627760951,img_text_entropy
287,8,0.0012578566196934078,img_text_entropy
288,9,0.001006604736674485,img_text_entropy
289,9,0.0008989216154442031,img_text_entropy
290,9,0.0015447856450625408,img_text_entropy
291,9,0.0009207715735973552,img_text_entropy
292,9,0.0010541921574191153,img_text_entropy
293,9,0.001268918691670322,img_text_entropy
294,9,0.0011108418214848179,img_text_entropy
295,9,0.0009926869019148217,img_text_entropy
296,9,0.00161493647896575,img_text_entropy
297,9,0.00124108260787316,img_text_entropy
298,9,0.0016272420215306148,img_text_entropy
299,9,0.001091724725151245,img_text_entropy
300,9,0.0012949950456069813,img_text_entropy
301,9,0.0012091513654978214,img_text_entropy
302,9,0.0007610073850354682,img_text_entropy
303,9,0.000995483910247262,img_text_entropy
304,9,0.0010995277936179015,img_text_entropy
305,9,0.0016641370488664708,img_text_entropy
306,9,0.0014529202242898913,img_text_entropy
307,9,0.0009750089700742869,img_text_entropy
308,9,0.0012713548933636879,img_text_entropy
309,9,0.00036339927600639177,img_text_entropy
310,9,0.0007423302941330582,img_text_entropy
311,9,0.0013558188749025004,img_text_entropy
312,9,0.001107469513822693,img_text_entropy
313,9,0.0009566207652101492,img_text_entropy
314,9,0.0005284738241803607,img_text_entropy
315,9,3.969508714386518e-05,img_text_entropy
316,9,0.0007633717093874231,img_text_entropy
317,9,0.000743058942342671,img_text_entropy
318,9,0.0019456587411811133,img_text_entropy
319,9,0.0012947792378231757,img_text_entropy
320,10,0.0008791565026037552,img_text_entropy
321,10,0.0014667992020022914,img_text_entropy
322,10,0.0014766089967905849,img_text_entropy
323,10,0.00019047481967134465,img_text_entropy
324,10,0.0017108137484502584,img_text_entropy
325,10,0.0005814119787291058,img_text_entropy
326,10,0.0016628594025371436,img_text_entropy
327,10,0.0003655028724721038,img_text_entropy
328,10,0.0010048610876893026,img_text_entropy
329,10,0.0013362617407518896,img_text_entropy
330,10,0.0019679520927603092,img_text_entropy
331,10,0.0015700839121431432,img_text_entropy
332,10,0.001096339935646569,img_text_entropy
333,10,0.0009293998564457836,img_text_entropy
334,10,0.0012809103220484913,img_text_entropy
335,10,0.0009665158980393905,img_text_entropy
336,10,0.0009193557328655629,img_text_entropy
337,10,0.00012339658027937176,img_text_entropy
338,10,0.0014097672846964773,img_text_entropy
339,10,0.0012993341688099232,img_text_entropy
340,10,0.0007947466405744068,img_text_entropy
341,10,0.0012041800407211554,img_text_entropy
342,10,0.0008221785470629461,img_text_entropy
343,10,0.0009998451013717832,img_text_entropy
344,10,0.001137040145255417,img_text_entropy
345,10,0.00032097614218710286,img_text_entropy
346,10,0.0010285698833647178,img_text_entropy
347,10,0.0007156725186769898,img_text_entropy
348,10,0.0009549996214556957,img_text_entropy
349,10,0.00220683938573187,img_text_entropy
350,10,0.0012777915203533948,img_text_entropy
351,10,0.0008350392040450768,img_text_entropy
352,11,0.0011707941588021647,img_text_entropy
353,11,0.0012306711195201765,img_text_entropy
354,11,0.0010351248949382944,img_text_entropy
355,11,0.0011789217836261604,img_text_entropy
356,11,0.0014017883887051782,img_text_entropy
357,11,0.0005293767954584539,img_text_entropy
358,11,0.0017944027342218132,img_text_entropy
359,11,0.0012543754771923512,img_text_entropy
360,11,0.0011432343692607456,img_text_entropy
361,11,0.00143352232187196,img_text_entropy
362,11,0.00047033711250334473,img_text_entropy
363,11,0.0009310019214023204,img_text_entropy
364,11,0.0011479494873075813,img_text_entropy
365,11,0.0006998300204150523,img_text_entropy
366,11,0.00246216972253332,img_text_entropy
367,11,0.0020579003703442974,img_text_entropy
368,11,0.0009886491233181433,img_text_entropy
369,11,0.0022851071464646904,img_text_entropy
370,11,0.0009971623706819866,img_text_entropy
371,11,0.0017613951851994374,img_text_entropy
372,11,0.0008994376667767317,img_text_entropy
373,11,0.0008590691133913262,img_text_entropy
374,11,0.0020447544751758945,img_text_entropy
375,11,0.0004755838744672914,img_text_entropy
376,11,0.0012456589796197748,img_text_entropy
377,11,0.0009211878906061965,img_text_entropy
378,11,0.001533845503027941,img_text_entropy
379,11,0.0006600032096581119,img_text_entropy
380,11,0.000582392588191385,img_text_entropy
381,11,0.001042918417621926,img_text_entropy
382,11,0.0015517841959564816,img_text_entropy
383,11,0.0015458685138250482,img_text_entropy
384,12,0.0011291849119310104,img_text_entropy
385,12,0.0010405941170095957,img_text_entropy
386,12,0.0012227383894649203,img_text_entropy
387,12,0.0007007354095782237,img_text_entropy
388,12,0.0011500205733101549,img_text_entropy
389,12,0.0014267612830401774,img_text_entropy
390,12,0.00103412461692184,img_text_entropy
391,12,0.0007956048956907179,img_text_entropy
392,12,0.0009448142949775894,img_text_entropy
393,12,0.0016159979239981262,img_text_entropy
394,12,0.0012759044362721907,img_text_entropy
395,12,0.001703063764716988,img_text_entropy
396,12,0.0009161558715302558,img_text_entropy
397,12,0.001520625699863848,img_text_entropy
398,12,0.0012487320387349783,img_text_entropy
399,12,0.0005489098202861502,img_text_entropy
400,12,0.0013981548169515914,img_text_entropy
401,12,0.0006581173016123427,img_text_entropy
402,12,0.0010934065253152432,img_text_entropy
403,12,0.001040039074405278,img_text_entropy
404,12,0.0011039530021292644,img_text_entropy
405,12,0.0010771795077296942,img_text_entropy
406,12,0.0007934633690699211,img_text_entropy
407,12,0.0007481773703226212,img_text_entropy
408,12,0.0009246402131354637,img_text_entropy
409,12,0.001719113998350883,img_text_entropy
410,12,0.0013796102483905651,img_text_entropy
411,12,0.00026841848618544,img_text_entropy
412,12,0.0011906268374275006,img_text_entropy
413,12,0.0007694460170151819,img_text_entropy
414,12,0.0011891936589941675,img_text_entropy
415,12,0.000853274272225862,img_text_entropy
416,13,0.00023806189015114937,img_text_entropy
417,13,0.0004885988204513814,img_text_entropy
418,13,0.0019246759535555841,img_text_entropy
419,13,0.0007944215437362782,img_text_entropy
420,13,0.0018276027294115342,img_text_entropy
421,13,0.0012361974575823473,img_text_entropy
422,13,0.00038663118235607254,img_text_entropy
423,13,0.0004981006701224065,img_text_entropy
424,13,0.0010339595950972786,img_text_entropy
425,13,0.0015825746621078297,img_text_entropy
426,13,0.0012662132708200521,img_text_entropy
427,13,0.0012810001449228673,img_text_entropy
428,13,0.0007690890560106272,img_text_entropy
429,13,0.0009980666078107602,img_text_entropy
430,13,0.0007571950426371598,img_text_entropy
431,13,0.0006146366249424367,img_text_entropy
432,13,0.0009710689205290171,img_text_entropy
433,13,0.0009630399023426781,img_text_entropy
434,13,0.0009910192028007828,img_text_entropy
435,13,0.00033590305039467994,img_text_entropy
436,13,0.0007043403302928738,img_text_entropy
437,13,0.0009116835884247055,img_text_entropy
438,13,0.0010459428071618758,img_text_entropy
439,13,0.0018293730042760208,img_text_entropy
440,13,0.0007589299522294123,img_text_entropy
441,13,0.00036705125790010884,img_text_entropy
442,13,0.0005906338392946593,img_text_entropy
443,13,0.0006517075239376437,img_text_entropy
444,13,0.0007638218727391161,img_text_entropy
445,13,0.00044731953677665335,img_text_entropy
446,13,0.0017508803104921893,img_text_entropy
447,13,0.0013563962963667787,img_text_entropy
448,14,0.0013870076665344398,img_text_entropy
449,14,0.0009600659293863019,img_text_entropy
450,14,0.0020043954844506653,img_text_entropy
451,14,0.0021678278407280035,img_text_entropy
452,14,0.0016872500005596488,img_text_entropy
453,14,0.001824075535773142,img_text_entropy
454,14,0.0007382440507184798,img_text_entropy
455,14,0.0018848314200927674,img_text_entropy
456,14,0.0009622679126896066,img_text_entropy
457,14,0.001976448700243304,img_text_entropy
458,14,0.0007975859016181965,img_text_entropy
459,14,0.0015572343237107678,img_text_entropy
460,14,0.0020683116383762657,img_text_entropy
461,14,0.0018802214748339166,img_text_entropy
462,14,0.0008046567417099007,img_text_entropy
463,14,0.0016487679023535202,img_text_entropy
464,14,0.0006669559287102446,img_text_entropy
465,14,0.0013493135298701757,img_text_entropy
466,14,0.002308723517871099,img_text_entropy
467,14,0.0019229191189906816,img_text_entropy
468,14,0.0018068484172501053,img_text_entropy
469,14,0.000899383352918555,img_text_entropy
470,14,0.0003150217137638528,img_text_entropy
471,14,0.0011399912771420378,img_text_entropy
472,14,0.0023307243271554912,img_text_entropy
473,14,0.0013295700561904108,img_text_entropy
474,14,0.0023288332264376596,img_text_entropy
475,14,0.0020900090931743457,img_text_entropy
476,14,0.0006043148367555963,img_text_entropy
477,14,0.0025485153137735153,img_text_entropy
478,14,0.0008935062447127339,img_text_entropy
479,14,0.00080528593244114,img_text_entropy
480,15,0.0008833809760693265,img_text_entropy
481,15,0.0008964964139681388,img_text_entropy
482,15,0.0008342161393676293,img_text_entropy
483,15,0.0008268057414009576,img_text_entropy
484,15,0.0011369924287771731,img_text_entropy
485,15,0.0021462007632428747,img_text_entropy
486,15,0.000913722671012437,img_text_entropy
487,15,0.0011786822407780834,img_text_entropy
488,15,0.0014921793624647311,img_text_entropy
489,15,0.0011300462776677555,img_text_entropy
490,15,0.0013644145123541441,img_text_entropy
491,15,3.651637601248214e-05,img_text_entropy
492,15,0.0007667956949997813,img_text_entropy
493,15,0.0009317590518606194,img_text_entropy
494,15,0.0013513713734013989,img_text_entropy
495,15,0.0005584388798494702,img_text_entropy
496,15,0.00037403358999237414,img_text_entropy
497,15,0.0007893195348208435,img_text_entropy
498,15,0.0008729291619938704,img_text_entropy
499,15,0.0017121779132674903,img_text_entropy
500,15,0.0008623751066813074,img_text_entropy
501,15,0.0008465090969399892,img_text_entropy
502,15,0.001479434714991833,img_text_entropy
503,15,0.0013910356934429627,img_text_entropy
504,15,0.0016048742171909675,img_text_entropy
505,15,0.0012494845150272055,img_text_entropy
506,15,0.0007784904453044338,img_text_entropy
507,15,0.0015589331001507752,img_text_entropy
508,15,0.0007728312911154977,img_text_entropy
509,15,0.0015659558872886787,img_text_entropy
510,15,0.001246847222791932,img_text_entropy
511,15,0.001475339972518523,img_text_entropy
512,16,0.0007352923492107671,img_text_entropy
513,16,0.0014537405873231454,img_text_entropy
514,16,0.0017899420068864943,img_text_entropy
515,16,0.0011398837721512316,img_text_entropy
516,16,0.0015513626462619508,img_text_entropy
517,16,0.0012724733038001026,img_text_entropy
518,16,0.0012479689751962982,img_text_entropy
519,16,0.00011190953030757466,img_text_entropy
520,16,0.0006776746067915706,img_text_entropy
521,16,0.0019755660166325545,img_text_entropy
522,16,0.0008928746751178811,img_text_entropy
523,16,0.0011100160104404882,img_text_entropy
524,16,0.0010364162439681181,img_text_entropy
525,16,0.0015907722829159954,img_text_entropy
526,16,0.0009712031505959799,img_text_entropy
527,16,0.0011107891047638322,img_text_entropy
528,16,0.0006044794819105192,img_text_entropy
529,16,0.0016685980656075462,img_text_entropy
530,16,0.0015751525287965283,img_text_entropy
531,16,0.0018959158765604217,img_text_entropy
532,16,0.0010177815927392396,img_text_entropy
533,16,0.0005573441813288803,img_text_entropy
534,16,0.0010460020154305462,img_text_entropy
535,16,0.0004758528269476596,img_text_entropy
536,16,0.0013989041733531778,img_text_entropy
537,16,0.000592566238062782,img_text_entropy
538,16,0.0004873674243310234,img_text_entropy
539,16,0.0018215911529493663,img_text_entropy
540,16,0.0004900973620812774,img_text_entropy
541,16,0.0011532386750489345,img_text_entropy
542,16,0.0017279135601277636,img_text_entropy
543,16,0.0016066327646866963,img_text_entropy
544,17,0.0015643770802597386,img_text_entropy
545,17,0.0009326953642178505,img_text_entropy
546,17,0.0014688257800562485,img_text_entropy
547,17,0.000960916925586163,img_text_entropy
548,17,0.001095138491460459,img_text_entropy
549,17,0.0009410750797177286,img_text_entropy
550,17,0.0006506504313042712,img_text_entropy
551,17,0.0009643889974629259,img_text_entropy
552,17,0.0008891627449883479,img_text_entropy
553,17,0.0018602438421897313,img_text_entropy
554,17,0.0020742699941186118,img_text_entropy
555,17,0.001626048626177472,img_text_entropy
556,17,0.0011173217829305024,img_text_entropy
557,17,0.0019119242648796663,img_text_entropy
558,17,0.0010108814423003768,img_text_entropy
559,17,0.0012527269547565267,img_text_entropy
560,17,0.0009662699758346531,img_text_entropy
561,17,0.0009051833212250796,img_text_entropy
562,17,0.0021430479841344744,img_text_entropy
563,17,0.0011232467679840156,img_text_entropy
564,17,0.0006074333649590222,img_text_entropy
565,17,0.0009192404191291884,img_text_entropy
566,17,0.0018294884172376342,img_text_entropy
567,17,0.0006947620369482223,img_text_entropy
568,17,0.0009533739717826925,img_text_entropy
569,17,0.0007067767545599295,img_text_entropy
570,17,0.0004929423419080105,img_text_entropy
571,17,0.00016752968642163113,img_text_entropy
572,17,0.0012079706142056924,img_text_entropy
573,17,0.0006927830683365007,img_text_entropy
574,17,0.0018017629130203695,img_text_entropy
575,17,0.0012276202268583214,img_text_entropy
576,18,0.00030896146293775043,img_text_entropy
577,18,0.0010933680476765415,img_text_entropy
578,18,0.0013559053612116423,img_text_entropy
579,18,0.0008241950884740847,img_text_entropy
580,18,0.0010784356364202732,img_text_entropy
581,18,0.0010908654158227817,img_text_entropy
582,18,0.0007594451163533156,img_text_entropy
583,18,0.0012697023244470445,img_text_entropy
584,18,0.000735079757851537,img_text_entropy
585,18,0.0013402209780226633,img_text_entropy
586,18,0.0019089842212363017,img_text_entropy
587,18,0.0007301660182748517,img_text_entropy
588,18,0.0014581958171252522,img_text_entropy
589,18,0.0008440642178498386,img_text_entropy
590,18,0.0007285175813054779,img_text_entropy
591,18,0.0015294608659439267,img_text_entropy
592,18,0.001598993925644836,img_text_entropy
593,18,0.0004959409206270161,img_text_entropy
594,18,0.001700340424075124,img_text_entropy
595,18,0.0009479283451938509,img_text_entropy
596,18,0.0006716612933906995,img_text_entropy
597,18,0.000950123455477784,img_text_entropy
598,18,0.0006671709595619618,img_text_entropy
599,18,0.0014790057565721207,img_text_entropy
600,18,0.0006666597804567213,img_text_entropy
601,18,0.0009249199676828902,img_text_entropy
602,18,0.0006399051725945601,img_text_entropy
603,18,0.0007999291572647509,img_text_entropy
604,18,0.000488579130767482,img_text_entropy
605,18,0.0007157840946362129,img_text_entropy
606,18,0.0014701124120907467,img_text_entropy
607,18,0.0018620753473457632,img_text_entropy
608,19,0.0009071507167758439,img_text_entropy
609,19,0.0009312604630400892,img_text_entropy
610,19,7.792522198069115e-05,img_text_entropy
611,19,0.0007762308338731483,img_text_entropy
612,19,0.0014756168260247656,img_text_entropy
613,19,0.001317658160625515,img_text_entropy
614,19,0.0019126833974261507,img_text_entropy
615,19,0.0014637706745899966,img_text_entropy
616,19,0.0008564484329995465,img_text_entropy
617,19,0.0015356611577567296,img_text_entropy
618,19,0.001851719774316973,img_text_entropy
619,19,0.0004471576244133877,img_text_entropy
620,19,0.0011931095305512632,img_text_entropy
621,19,0.0010282063894346619,img_text_entropy
622,19,0.0005918602480026028,img_text_entropy
623,19,0.0017200385945625224,img_text_entropy
624,19,0.0004191594433886421,img_text_entropy
625,19,0.0015301834000323485,img_text_entropy
626,19,0.0017820702273506908,img_text_entropy
627,19,0.0007147398740251681,img_text_entropy
628,19,0.0010933338630506294,img_text_entropy
629,19,0.0012859168810829497,img_text_entropy
630,19,0.0006984248179049548,img_text_entropy
631,19,0.0011503973311722706,img_text_entropy
632,19,0.0009122968195459252,img_text_entropy
633,19,0.0010072790782378834,img_text_entropy
634,19,0.0014401654587953244,img_text_entropy
635,19,0.0014596338811357925,img_text_entropy
636,19,0.0009250325495829916,img_text_entropy
637,19,0.0004739721161461768,img_text_entropy
638,19,0.0007521331126196849,img_text_entropy
639,19,0.0014913656102173076,img_text_entropy
640,20,0.0011765756288401482,img_text_entropy
641,20,0.0012479896764625116,img_text_entropy
642,20,0.0008631478025005525,img_text_entropy
643,20,0.001502288290244003,img_text_entropy
644,20,0.0010081355785898436,img_text_entropy
645,20,0.0015055865173350179,img_text_entropy
646,20,0.000532335533682363,img_text_entropy
647,20,0.0007945378557747611,img_text_entropy
648,20,0.0002514965810844382,img_text_entropy
649,20,0.0007411612333003078,img_text_entropy
650,20,0.001537124914750158,img_text_entropy
651,20,0.0016365141499463727,img_text_entropy
652,20,0.0012439125474595408,img_text_entropy
653,20,0.0002499878720149233,img_text_entropy
654,20,0.0008804048540994082,img_text_entropy
655,20,5.3686537041120844e-05,img_text_entropy
656,20,0.0007622509188591256,img_text_entropy
657,20,0.0015409572930607704,img_text_entropy
658,20,0.0012669163709664074,img_text_entropy
659,20,0.0005167472376031868,img_text_entropy
660,20,0.00036406915787429725,img_text_entropy
661,20,0.0006835087587246795,img_text_entropy
662,20,0.0009698695915677676,img_text_entropy
663,20,0.0009417890469890412,img_text_entropy
664,20,0.0008840384444420052,img_text_entropy
665,20,0.0005664177680083874,img_text_entropy
666,20,0.0010232904011561622,img_text_entropy
667,20,0.001323053780517418,img_text_entropy
668,20,0.0013695304486219765,img_text_entropy
669,20,0.0009271184144921069,img_text_entropy
670,20,0.0013093797861969936,img_text_entropy
671,20,0.0009091110009511399,img_text_entropy
672,21,0.00087439578472531,img_text_entropy
673,21,0.0011405860773358552,img_text_entropy
674,21,0.0010495115789245345,img_text_entropy
675,21,0.0009052842940302956,img_text_entropy
676,21,0.0012570566903566654,img_text_entropy
677,21,0.0014325341565101886,img_text_entropy
678,21,0.0005185408684710976,img_text_entropy
679,21,0.0009404456561055206,img_text_entropy
680,21,0.0009488420520236925,img_text_entropy
681,21,0.0012419474028500586,img_text_entropy
682,21,0.0014187327409452225,img_text_entropy
683,21,0.0006582848980589562,img_text_entropy
684,21,0.0006931015459518295,img_text_entropy
685,21,0.0004936828178189035,img_text_entropy
686,21,0.0011125374942297964,img_text_entropy
687,21,0.0011089806975959418,img_text_entropy
688,21,0.0015925107586716443,img_text_entropy
689,21,0.0008928370707714049,img_text_entropy
690,21,0.0007319279910441908,img_text_entropy
691,21,0.0007046758740225684,img_text_entropy
692,21,0.0008791890345432776,img_text_entropy
693,21,0.0005092942594492221,img_text_entropy
694,21,0.0003857693688419788,img_text_entropy
695,21,0.0009138449043498179,img_text_entropy
696,21,0.001070666133846761,img_text_entropy
697,21,0.0011329457358792898,img_text_entropy
698,21,0.000834300819102821,img_text_entropy
699,21,0.0005717999454030613,img_text_entropy
700,21,0.0009311461477590536,img_text_entropy
701,21,0.0004596999414039776,img_text_entropy
702,21,0.0012549072264856024,img_text_entropy
703,21,0.001285208423617193,img_text_entropy
704,22,0.0006147467521283747,img_text_entropy
705,22,0.0005495885129640819,img_text_entropy
706,22,0.0006409308379208344,img_text_entropy
707,22,0.0008171803309230912,img_text_entropy
708,22,0.0008211708924936571,img_text_entropy
709,22,0.0008014755775139484,img_text_entropy
710,22,0.0001594019841835703,img_text_entropy
711,22,0.00024607954599931473,img_text_entropy
712,22,0.0004251328629197518,img_text_entropy
713,22,0.0012288423671611584,img_text_entropy
714,22,0.0009326392335974207,img_text_entropy
715,22,0.0010622511210401672,img_text_entropy
716,22,0.0009116865066114635,img_text_entropy
717,22,0.0008000360385129159,img_text_entropy
718,22,0.0012302052602177153,img_text_entropy
719,22,0.000690026047831457,img_text_entropy
720,22,0.001608444787261583,img_text_entropy
721,22,0.0016299414017383388,img_text_entropy
722,22,0.0007051120900172336,img_text_entropy
723,22,0.0012592573078817001,img_text_entropy
724,22,0.001136673654780516,img_text_entropy
725,22,0.0011001592804570247,img_text_entropy
726,22,0.0013393262830149288,img_text_entropy
727,22,0.0006303850281170425,img_text_entropy
728,22,0.0008663268787418558,img_text_entropy
729,22,0.0010960168097254625,img_text_entropy
730,22,0.0001243208136651326,img_text_entropy
731,22,0.0011158408200080926,img_text_entropy
732,22,0.0009644051746999238,img_text_entropy
733,22,0.0008465296643590674,img_text_entropy
734,22,0.0011488009465435208,img_text_entropy
735,22,0.0003203554385172903,img_text_entropy
736,23,0.0013288282968774955,img_text_entropy
737,23,0.00020499234352249008,img_text_entropy
738,23,0.0008644946131790586,img_text_entropy
739,23,0.0012005578334846657,img_text_entropy
740,23,0.000428628073335963,img_text_entropy
741,23,0.0007248686813730415,img_text_entropy
742,23,0.0005417775330497042,img_text_entropy
743,23,0.0005949471916794359,img_text_entropy
744,23,0.0006822168791925587,img_text_entropy
745,23,0.0012378262564697912,img_text_entropy
746,23,0.0010098769646520772,img_text_entropy
747,23,0.0006821447673533563,img_text_entropy
748,23,0.0008045622986606338,img_text_entropy
749,23,0.0006653366373091632,img_text_entropy
750,23,0.000773177535639125,img_text_entropy
751,23,0.0007758950155962644,img_text_entropy
752,23,0.0008831685036940444,img_text_entropy
753,23,0.0016804623619930859,img_text_entropy
754,23,0.0012839605888897436,img_text_entropy
755,23,0.0010837372002204255,img_text_entropy
756,23,0.0015660333978851863,img_text_entropy
757,23,0.0006361787434005564,img_text_entropy
758,23,0.0008146537021635785,img_text_entropy
759,23,0.0005876567315033891,img_text_entropy
760,23,0.0009725174550708909,img_text_entropy
761,23,0.0006794856896673451,img_text_entropy
762,23,0.0007286788711603299,img_text_entropy
763,23,0.0008555523222543497,img_text_entropy
764,23,0.00074765614711239,img_text_entropy
765,23,0.0008900692127827423,img_text_entropy
766,23,0.0007042349085917885,img_text_entropy
767,23,0.0012542912686564392,img_text_entropy
768,24,0.0007582694455292179,img_text_entropy
769,24,0.001617773681848531,img_text_entropy
770,24,0.0005575140138726474,img_text_entropy
771,24,0.0010283675027902037,img_text_entropy
772,24,0.0012687229912922216,img_text_entropy
773,24,0.0010375598576005847,img_text_entropy
774,24,0.0009214368768618635,img_text_entropy
775,24,0.0009754251382334734,img_text_entropy
776,24,0.0016996793330953006,img_text_entropy
777,24,0.0006919831151028934,img_text_entropy
778,24,0.0007360347854595929,img_text_entropy
779,24,0.0014287642169023614,img_text_entropy
780,24,0.0006759991749600026,img_text_entropy
781,24,0.0010069177845291224,img_text_entropy
782,24,0.0010908817053135954,img_text_entropy
783,24,0.0008801055916427173,img_text_entropy
784,24,0.0012509526699472546,img_text_entropy
785,24,0.001025989464732369,img_text_entropy
786,24,0.0006594621065431195,img_text_entropy
787,24,0.001181281317203122,img_text_entropy
788,24,0.0008793736308872804,img_text_entropy
789,24,0.0005777195019036636,img_text_entropy
790,24,0.0008623201223878096,img_text_entropy
791,24,0.0006144366508742201,img_text_entropy
792,24,0.0010207541447107087,img_text_entropy
793,24,0.0007758000853705119,img_text_entropy
794,24,0.0009134152844830854,img_text_entropy
795,24,0.0008610695090991778,img_text_entropy
796,24,0.0006288444788412924,img_text_entropy
797,24,0.0017899946256304553,img_text_entropy
798,24,0.0015251591312401024,img_text_entropy
799,24,0.0007518377496917406,img_text_entropy
800,25,0.0012910277241331754,img_text_entropy
801,25,0.0006835565842111955,img_text_entropy
802,25,0.0005993426016866372,img_text_entropy
803,25,0.0016259032707137458,img_text_entropy
804,25,0.001062738438738869,img_text_entropy
805,25,0.001022486485381441,img_text_entropy
806,25,0.0008295025275032658,img_text_entropy
807,25,0.0007382458065246944,img_text_entropy
808,25,0.000450870231962172,img_text_entropy
809,25,0.0010716174166529222,img_text_entropy
810,25,0.0007353262185229223,img_text_entropy
811,25,0.0007053943787273669,img_text_entropy
812,25,0.0006383014481335028,img_text_entropy
813,25,0.0004549745492458062,img_text_entropy
814,25,0.0008893778506683808,img_text_entropy
815,25,0.0006436486374874442,img_text_entropy
816,25,0.0010000218072713412,img_text_entropy
817,25,0.0012217746819572284,img_text_entropy
818,25,0.0006224189353156406,img_text_entropy
819,25,0.0009601029104947366,img_text_entropy
820,25,0.000450926492307685,img_text_entropy
821,25,0.0013709151853325684,img_text_entropy
822,25,0.0010001788034518747,img_text_entropy
823,25,0.001280329889220387,img_text_entropy
824,25,0.0009050822694446842,img_text_entropy
825,25,0.0009721232235191424,img_text_entropy
826,25,0.001347392966697677,img_text_entropy
827,25,0.0008814206905508556,img_text_entropy
828,25,0.0012416237299900817,img_text_entropy
829,25,0.0005722592144011874,img_text_entropy
830,25,0.0006553621308087948,img_text_entropy
831,25,0.0009308933016943448,img_text_entropy
832,26,0.000586085492056817,img_text_entropy
833,26,0.0008354144714848873,img_text_entropy
834,26,0.0012758097693632146,img_text_entropy
835,26,0.0013463078281898992,img_text_entropy
836,26,0.0013293847692498477,img_text_entropy
837,26,0.0006866382527610066,img_text_entropy
838,26,0.0002667365064281289,img_text_entropy
839,26,0.0010271917548619314,img_text_entropy
840,26,0.0007816209907369959,img_text_entropy
841,26,0.0011667298257012231,img_text_entropy
842,26,0.0007466567473708492,img_text_entropy
843,26,0.0004999496923589842,img_text_entropy
844,26,0.0005631283787002003,img_text_entropy
845,26,0.0014350677657415693,img_text_entropy
846,26,0.0010860133946141582,img_text_entropy
847,26,0.0012153592133248208,img_text_entropy
848,26,0.000851033091789541,img_text_entropy
849,26,0.001134830511070946,img_text_entropy
850,26,0.0012671816772955257,img_text_entropy
851,26,0.0007889534237969576,img_text_entropy
852,26,0.0009705250301168745,img_text_entropy
853,26,0.0012430192212961554,img_text_entropy
854,26,0.00018840340993371866,img_text_entropy
855,26,0.0009768274214667875,img_text_entropy
856,26,0.0015405851308660711,img_text_entropy
857,26,0.0016284040235014167,img_text_entropy
858,26,0.00045156239061322387,img_text_entropy
859,26,0.0011662668997184389,img_text_entropy
860,26,0.0013780260876776723,img_text_entropy
861,26,0.001159391977231843,img_text_entropy
862,26,0.0016672964162072052,img_text_entropy
863,26,0.0006423492600258471,img_text_entropy
864,27,0.0006421781516691051,img_text_entropy
865,27,0.000576597763228082,img_text_entropy
866,27,0.0008580146415944763,img_text_entropy
867,27,0.000773677358045499,img_text_entropy
868,27,0.0004885017080235922,img_text_entropy
869,27,0.0006197214998603373,img_text_entropy
870,27,0.0009658708761270976,img_text_entropy
871,27,0.001478194512595107,img_text_entropy
872,27,0.0007006775465634553,img_text_entropy
873,27,0.00015443579474891644,img_text_entropy
874,27,0.0006326562157991234,img_text_entropy
875,27,0.0008313452819036481,img_text_entropy
876,27,0.0015338027130052763,img_text_entropy
877,27,0.0010390681418289938,img_text_entropy
878,27,0.0009357218906916769,img_text_entropy
879,27,0.0012109376928864106,img_text_entropy
880,27,0.0010787025477394046,img_text_entropy
881,27,0.0010206147378953574,img_text_entropy
882,27,0.0009418584460814942,img_text_entropy
883,27,0.0005073344055474031,img_text_entropy
884,27,0.0007425595104094137,img_text_entropy
885,27,0.0006278295532680843,img_text_entropy
886,27,0.0008020230949335546,img_text_entropy
887,27,0.0009261596329792638,img_text_entropy
888,27,0.001163604892848872,img_text_entropy
889,27,0.0008790191497475533,img_text_entropy
890,27,0.0005923320945628858,img_text_entropy
891,27,0.0006293351245209397,img_text_entropy
892,27,0.0009120789722100738,img_text_entropy
893,27,0.0012387893929932732,img_text_entropy
894,27,0.0007353307987596597,img_text_entropy
895,27,0.000979575921824363,img_text_entropy
896,28,0.0010308900602349128,img_text_entropy
897,28,0.0008296331782235865,img_text_entropy
898,28,0.0009393594464690166,img_text_entropy
899,28,0.0005838063109949185,img_text_entropy
900,28,0.0007090740639218655,img_text_entropy
901,28,0.0008303982639669965,img_text_entropy
902,28,0.0007285343612660558,img_text_entropy
903,28,0.0012210889196906877,img_text_entropy
904,28,0.000604202657493603,img_text_entropy
905,28,0.0007387102150400037,img_text_entropy
906,28,0.0011286768559758075,img_text_entropy
907,28,0.0008089355086166851,img_text_entropy
908,28,0.0011213964933934272,img_text_entropy
909,28,0.0015725517025319126,img_text_entropy
910,28,0.0014067970594327814,img_text_entropy
911,28,0.0008248614171876442,img_text_entropy
912,28,0.0012900680352773994,img_text_entropy
913,28,0.0008381237509380194,img_text_entropy
914,28,0.0010496566102872788,img_text_entropy
915,28,0.0008828515633266361,img_text_entropy
916,28,0.000996192925184966,img_text_entropy
917,28,0.0011459527556415385,img_text_entropy
918,28,0.0007355645752429247,img_text_entropy
919,28,0.0012314369697340984,img_text_entropy
920,28,0.0008623425278122212,img_text_entropy
921,28,0.0011501780402421863,img_text_entropy
922,28,0.0013194697386030283,img_text_entropy
923,28,0.0006814992130924953,img_text_entropy
924,28,0.0008757739429411489,img_text_entropy
925,28,0.0008542205175576651,img_text_entropy
926,28,0.000686984239326543,img_text_entropy
927,28,0.0008602808321272848,img_text_entropy
928,29,0.001056012084553566,img_text_entropy
929,29,0.0021601545499874146,img_text_entropy
930,29,0.00043832267301012083,img_text_entropy
931,29,0.0009645412849036736,img_text_entropy
932,29,0.0008190871966333023,img_text_entropy
933,29,0.0008707964884508674,img_text_entropy
934,29,0.0010508024469306025,img_text_entropy
935,29,0.0016795872510744101,img_text_entropy
936,29,0.0010005861645580978,img_text_entropy
937,29,0.0011909656995966551,img_text_entropy
938,29,0.0008924086718878948,img_text_entropy
939,29,0.0010474883008296193,img_text_entropy
940,29,0.0010221128980132269,img_text_entropy
941,29,0.0008657303174254755,img_text_entropy
942,29,0.0015171256190357823,img_text_entropy
943,29,0.0007465402314137604,img_text_entropy
944,29,0.0012524717919050613,img_text_entropy
945,29,0.0014393096120122375,img_text_entropy
946,29,0.0010776892134276904,img_text_entropy
947,29,0.0018723634938259217,img_text_entropy
948,29,0.0010210487703285753,img_text_entropy
949,29,0.0012238954763029801,img_text_entropy
950,29,0.0008225050213767632,img_text_entropy
951,29,0.0011934231144922205,img_text_entropy
952,29,0.0014624275393371178,img_text_entropy
953,29,0.0009963517057712408,img_text_entropy
954,29,0.0017051938539288053,img_text_entropy
955,29,0.0010194321266565843,img_text_entropy
956,29,0.001274214829927446,img_text_entropy
957,29,0.00034684856274598135,img_text_entropy
958,29,0.0014545224931740357,img_text_entropy
959,29,0.0010949276116336154,img_text_entropy
960,30,0.0009561313796370223,img_text_entropy
961,30,0.0008545380412810046,img_text_entropy
962,30,0.0010505387523649153,img_text_entropy
963,30,0.001090080518828971,img_text_entropy
964,30,0.0010165961237240536,img_text_entropy
965,30,0.0011384796136464288,img_text_entropy
966,30,0.0007819348855741391,img_text_entropy
967,30,0.0014015855811661145,img_text_entropy
968,30,0.0012663689204380243,img_text_entropy
969,30,0.001386066700964531,img_text_entropy
970,30,0.0010627902378170524,img_text_entropy
971,30,0.0012557576903633762,img_text_entropy
972,30,0.0009402861425562595,img_text_entropy
973,30,0.0014311088468109356,img_text_entropy
974,30,0.0013741889918451064,img_text_entropy
975,30,0.0013979209490933777,img_text_entropy
976,30,0.0015830848123091182,img_text_entropy
977,30,0.001027935484431683,img_text_entropy
978,30,0.0011887129025740402,img_text_entropy
979,30,0.000834449076265063,img_text_entropy
980,30,0.000490669737719437,img_text_entropy
981,30,0.0011629232250010284,img_text_entropy
982,30,0.000856829012779936,img_text_entropy
983,30,0.0011405699969227964,img_text_entropy
984,30,0.001256611792203632,img_text_entropy
985,30,0.0011333792065725409,img_text_entropy
986,30,0.0008435052129607037,img_text_entropy
987,30,0.0011105214881133457,img_text_entropy
988,30,0.0013684277129776506,img_text_entropy
989,30,0.001187543005016278,img_text_entropy
990,30,0.0009688260063119356,img_text_entropy
991,30,0.001356928905056568,img_text_entropy
992,31,0.0011162658427796004,img_text_entropy
993,31,0.0012331358631636445,img_text_entropy
994,31,0.001134345160254148,img_text_entropy
995,31,0.0007406690485258971,img_text_entropy
996,31,3.188472626048796e-05,img_text_entropy
997,31,0.0008164855608069438,img_text_entropy
998,31,0.0007442870998174546,img_text_entropy
999,31,0.00104307874766928,img_text_entropy
1000,31,0.0006700069621208603,img_text_entropy
1001,31,0.000870249354549292,img_text_entropy
1002,31,0.001180767232797035,img_text_entropy
1003,31,0.0012041654345122065,img_text_entropy
1004,31,0.0012020127613852063,img_text_entropy
1005,31,0.0009660245495992949,img_text_entropy
1006,31,0.0008455558960163011,img_text_entropy
1007,31,0.0009876689805213136,img_text_entropy
1008,31,0.001215489938315233,img_text_entropy
1009,31,0.0009871620588572819,img_text_entropy
1010,31,0.0007325675818283185,img_text_entropy
1011,31,0.001038295573660707,img_text_entropy
1012,31,0.0010515132014513211,img_text_entropy
1013,31,0.0009734676451401703,img_text_entropy
1014,31,0.0014089620798837482,img_text_entropy
1015,31,0.0012177188835346391,img_text_entropy
1016,31,0.0012711907958630338,img_text_entropy
1017,31,0.0008467216638097544,img_text_entropy
1018,31,0.0011140159073489368,img_text_entropy
1019,31,6.884196087468994e-05,img_text_entropy
1020,31,0.0013216834348982736,img_text_entropy
1021,31,0.0013173614805976625,img_text_entropy
1022,31,0.0009665737822826139,img_text_entropy
1023,31,0.0004828109384772231,img_text_entropy
0,0,0.0030821846696380355,text_text_entropy
1,0,0.0018814153395097612,text_text_entropy
2,0,0.001055962057751045,text_text_entropy
3,0,0.0018604929573493645,text_text_entropy
4,0,0.0019161972647783287,text_text_entropy
5,0,0.001950714511258451,text_text_entropy
6,0,0.0015330440346243651,text_text_entropy
7,0,0.0013621275558110242,text_text_entropy
8,0,0.0030340204416227697,text_text_entropy
9,0,0.00197540688262531,text_text_entropy
10,0,0.0020604512273898544,text_text_entropy
11,0,0.0017577689456459938,text_text_entropy
12,0,0.0026881838053536273,text_text_entropy
13,0,0.0006811893293795219,text_text_entropy
14,0,0.0012785115447805542,text_text_entropy
15,0,0.00265147412895772,text_text_entropy
16,0,0.0024258585077493655,text_text_entropy
17,0,0.0009767393692290197,text_text_entropy
18,0,0.003439232713752581,text_text_entropy
19,0,0.003034713320331785,text_text_entropy
20,0,0.0016510587213258692,text_text_entropy
21,0,0.0011973557893871982,text_text_entropy
22,0,0.0016034038294154005,text_text_entropy
23,0,0.0019402876233284043,text_text_entropy
24,0,0.001633406211141054,text_text_entropy
25,0,0.0031827736236685424,text_text_entropy
26,0,0.003482275106677493,text_text_entropy
27,0,0.0012589836873698112,text_text_entropy
28,0,0.0015546872305437903,text_text_entropy
29,0,0.0026955168486746343,text_text_entropy
30,0,0.0014988785334694604,text_text_entropy
31,0,0.0008551692501454599,text_text_entropy
32,1,0.00365888946780317,text_text_entropy
33,1,0.003662873797090025,text_text_entropy
34,1,0.0029322149880090177,text_text_entropy
35,1,0.0021696455704472936,text_text_entropy
36,1,0.002660404930949188,text_text_entropy
37,1,0.0021584057805389355,text_text_entropy
38,1,0.003985686135898243,text_text_entropy
39,1,0.003223459656906965,text_text_entropy
40,1,0.0008098653095206998,text_text_entropy
41,1,0.0028739972946292534,text_text_entropy
42,1,0.0034675448139665703,text_text_entropy
43,1,0.0007343682071358441,text_text_entropy
44,1,0.0023109816441846797,text_text_entropy
45,1,0.00183017561922947,text_text_entropy
46,1,0.0030465099495682988,text_text_entropy
47,1,0.004286578979503352,text_text_entropy
48,1,0.0038977549927990676,text_text_entropy
49,1,0.0013785608720193773,text_text_entropy
50,1,0.003463623198121996,text_text_entropy
51,1,0.004066572972910787,text_text_entropy
52,1,0.001420032125315529,text_text_entropy
53,1,0.0023569094291563783,text_text_entropy
54,1,0.004203663888910798,text_text_entropy
55,1,0.002285088563971005,text_text_entropy
56,1,0.003958116505137308,text_text_entropy
57,1,0.003018875212132642,text_text_entropy
58,1,0.001911999707584948,text_text_entropy
59,1,0.004436508574727621,text_text_entropy
60,1,0.00413038267143312,text_text_entropy
61,1,0.0033471311611447644,text_text_entropy
62,1,0.002376346120361988,text_text_entropy
63,1,0.0029387738242167252,text_text_entropy
64,2,0.000607697968373458,text_text_entropy
65,2,0.0004920975318598092,text_text_entropy
66,2,0.0035690864229246566,text_text_entropy
67,2,0.0006192871062340485,text_text_entropy
68,2,0.0008675213763772306,text_text_entropy
69,2,0.0010364824534526914,text_text_entropy
70,2,0.00047512903425861664,text_text_entropy
71,2,0.0006768739004194456,text_text_entropy
72,2,0.0005677140685413173,text_text_entropy
73,2,0.0006058673949880534,text_text_entropy
74,2,0.0005109391129226313,text_text_entropy
75,2,0.0006478603953111125,text_text_entropy
76,2,0.000601027676882887,text_text_entropy
77,2,0.0009121181162193605,text_text_entropy
78,2,0.0005978788148209537,text_text_entropy
79,2,0.0005452677369750381,text_text_entropy
80,2,0.0006104214946943373,text_text_entropy
81,2,0.0011517569321839584,text_text_entropy
82,2,0.001512194625678246,text_text_entropy
83,2,0.0005448070872639574,text_text_entropy
84,2,0.0005367058324014344,text_text_entropy
85,2,0.0004748769762811424,text_text_entropy
86,2,0.00047389210090433383,text_text_entropy
87,2,0.00050234107259898,text_text_entropy
88,2,0.0007779881263271104,text_text_entropy
89,2,0.0004860399001003032,text_text_entropy
90,2,0.00047164266013710485,text_text_entropy
91,2,0.0005348093325873941,text_text_entropy
92,2,0.0005568983834308848,text_text_entropy
93,2,0.0007738333550058544,text_text_entropy
94,2,0.0009118962271096885,text_text_entropy
95,2,0.0009968057485430697,text_text_entropy
96,3,0.0006121441293696584,text_text_entropy
97,3,0.00048571191927042107,text_text_entropy
98,3,0.0009703283430847955,text_text_entropy
99,3,0.0005860425171158343,text_text_entropy
100,3,0.0005406546021953379,text_text_entropy
101,3,0.0005830855705272259,text_text_entropy
102,3,0.0006555235777323919,text_text_entropy
103,3,0.000826260292371929,text_text_entropy
104,3,0.0004847796716326399,text_text_entropy
105,3,0.000497094268467923,text_text_entropy
106,3,0.0006167821301097158,text_text_entropy
107,3,0.000545862717662237,text_text_entropy
108,3,0.0005459419295952201,text_text_entropy
109,3,0.0006053558732315714,text_text_entropy
110,3,0.0006579462983532793,text_text_entropy
111,3,0.0006347034220700298,text_text_entropy
112,3,0.0008809494456353862,text_text_entropy
113,3,0.0004734267378367067,text_text_entropy
114,3,0.0006217837056699562,text_text_entropy
115,3,0.001179199640797342,text_text_entropy
116,3,0.0005144950628334674,text_text_entropy
117,3,0.0005058417628836272,text_text_entropy
118,3,0.0005297348173434399,text_text_entropy
119,3,0.0005107378732700928,text_text_entropy
120,3,0.0005527503453528113,text_text_entropy
121,3,0.0004753926003167427,text_text_entropy
122,3,0.0013230272534898104,text_text_entropy
123,3,0.00048633653510036135,text_text_entropy
124,3,0.0006358479976940182,text_text_entropy
125,3,0.0005031871241847719,text_text_entropy
126,3,0.0005407934934779181,text_text_entropy
127,3,0.0032593736971916146,text_text_entropy
128,4,0.0009498006368861755,text_text_entropy
129,4,0.0009095386887621308,text_text_entropy
130,4,0.0005564033352015775,text_text_entropy
131,4,0.002411686958725294,text_text_entropy
132,4,0.0009404119026026979,text_text_entropy
133,4,0.00047258489439580906,text_text_entropy
134,4,0.000580697195638482,text_text_entropy
135,4,0.0007309994860461039,text_text_entropy
136,4,0.0007873630632650388,text_text_entropy
137,4,0.0014722296158731906,text_text_entropy
138,4,0.0006480162312625032,text_text_entropy
139,4,0.0006257188090117329,text_text_entropy
140,4,0.0005517117621398721,text_text_entropy
141,4,0.0004984963335653644,text_text_entropy
142,4,0.0005298644736925424,text_text_entropy
143,4,0.0007324238280246873,text_text_entropy
144,4,0.0009512172516189095,text_text_entropy
145,4,0.0005567307946368861,text_text_entropy
146,4,0.0006087901724349337,text_text_entropy
147,4,0.0007709317840182883,text_text_entropy
148,4,0.00047623538323495504,text_text_entropy
149,4,0.0004804502911085369,text_text_entropy
150,4,0.0006974194281323976,text_text_entropy
151,4,0.0005085713390863563,text_text_entropy
152,4,0.0005080973015968015,text_text_entropy
153,4,0.000510572191233316,text_text_entropy
154,4,0.0008319368229032354,text_text_entropy
155,4,0.0015956726792085345,text_text_entropy
156,4,0.0015450061111487883,text_text_entropy
157,4,0.0005145025677610633,text_text_entropy
158,4,0.00084414974529148,text_text_entropy
159,4,0.0005589895773543507,text_text_entropy
160,5,0.0018371085964461224,text_text_entropy
161,5,0.0005037320976121287,text_text_entropy
162,5,0.00047292939946692777,text_text_entropy
163,5,0.0004925677184644968,text_text_entropy
164,5,0.0007354386427237278,text_text_entropy
165,5,0.0004833353772419123,text_text_entropy
166,5,0.0005080925819021835,text_text_entropy
167,5,0.000940001334393839,text_text_entropy
168,5,0.0008775855600178223,text_text_entropy
169,5,0.0008017525364114312,text_text_entropy
170,5,0.0010793255049955182,text_text_entropy
171,5,0.0008039764397015764,text_text_entropy
172,5,0.0004756498236168245,text_text_entropy
173,5,0.0010010949242295892,text_text_entropy
174,5,0.00048624752339925675,text_text_entropy
175,5,0.004735129860579721,text_text_entropy
176,5,0.0012260217046551067,text_text_entropy
177,5,0.0007559850701223846,text_text_entropy
178,5,0.0006473786857360494,text_text_entropy
179,5,0.0009937671572983336,text_text_entropy
180,5,0.0006327097107268404,text_text_entropy
181,5,0.0012028121357729807,text_text_entropy
182,5,0.000557627966161915,text_text_entropy
183,5,0.0005833687593542723,text_text_entropy
184,5,0.0007009186855440497,text_text_entropy
185,5,0.0006259566452413357,text_text_entropy
186,5,0.001350371451354195,text_text_entropy
187,5,0.0004809282187617348,text_text_entropy
188,5,0.0006299158088613727,text_text_entropy
189,5,0.0013612461798846924,text_text_entropy
190,5,0.0006293586138400612,text_text_entropy
191,5,0.0004820455444867653,text_text_entropy
192,6,0.0005353132965277878,text_text_entropy
193,6,0.000574070352621285,text_text_entropy
194,6,0.00048802479052032887,text_text_entropy
195,6,0.0007021545101770274,text_text_entropy
196,6,0.0009027801635838299,text_text_entropy
197,6,0.0024114211903890795,text_text_entropy
198,6,0.0005112470790422009,text_text_entropy
199,6,0.0005042724850056119,text_text_entropy
200,6,0.0004789030913454598,text_text_entropy
201,6,0.003197329449332817,text_text_entropy
202,6,0.0006467108233798676,text_text_entropy
203,6,0.0028505742787794486,text_text_entropy
204,6,0.0034276321784905846,text_text_entropy
205,6,0.0005259128753682152,text_text_entropy
206,6,0.0011270044698866956,text_text_entropy
207,6,0.0007568721344048032,text_text_entropy
208,6,0.0017938729179376323,text_text_entropy
209,6,0.0009359752565244551,text_text_entropy
210,6,0.0007798912292158552,text_text_entropy
211,6,0.0007766985891159839,text_text_entropy
212,6,0.0020244538045686524,text_text_entropy
213,6,0.0006213750735238343,text_text_entropy
214,6,0.0006490878485771209,text_text_entropy
215,6,0.000995347327336562,text_text_entropy
216,6,0.00118048055930362,text_text_entropy
217,6,0.0005434343954003346,text_text_entropy
218,6,0.0007552960209391351,text_text_entropy
219,6,0.0011785848467789164,text_text_entropy
220,6,0.0021244951906449717,text_text_entropy
221,6,0.0005880386638204518,text_text_entropy
222,6,0.0014092974111004377,text_text_entropy
223,6,0.0005892238389821649,text_text_entropy
224,7,0.0010147293996419357,text_text_entropy
225,7,0.0008771094243219511,text_text_entropy
226,7,0.0005829620562574106,text_text_entropy
227,7,0.0004804718741560388,text_text_entropy
228,7,0.0027208378194745588,text_text_entropy
229,7,0.001134766170158945,text_text_entropy
230,7,0.0038257899863540566,text_text_entropy
231,7,0.0012784666355545363,text_text_entropy
232,7,0.000917289864712334,text_text_entropy
233,7,0.004118353834742351,text_text_entropy
234,7,0.0005258105135286078,text_text_entropy
235,7,0.0006512026361285649,text_text_entropy
236,7,0.002311959893914305,text_text_entropy
237,7,0.0010362137024649079,text_text_entropy
238,7,0.0008286838500230322,text_text_entropy
239,7,0.0004955365971042317,text_text_entropy
240,7,0.0013363445098213418,text_text_entropy
241,7,0.0007426910222060083,text_text_entropy
242,7,0.0016198421699074258,text_text_entropy
243,7,0.0012538035508596643,text_text_entropy
244,7,0.0005031163440191461,text_text_entropy
245,7,0.000619455027003755,text_text_entropy
246,7,0.0007162383395390514,text_text_entropy
247,7,0.0004951719690193616,text_text_entropy
248,7,0.0011228427134709592,text_text_entropy
249,7,0.001540220125764934,text_text_entropy
250,7,0.000477711221132229,text_text_entropy
251,7,0.0004944828492491012,text_text_entropy
252,7,0.0017774023101353276,text_text_entropy
253,7,0.0013906357531722762,text_text_entropy
254,7,0.0006919887627422188,text_text_entropy
255,7,0.0014047526826450388,text_text_entropy
256,8,0.0016477543564374852,text_text_entropy
257,8,0.0026422177242034772,text_text_entropy
258,8,0.0009652883818252653,text_text_entropy
259,8,0.0010749693096237572,text_text_entropy
260,8,0.0017567448720124746,text_text_entropy
261,8,0.0016752665474203928,text_text_entropy
262,8,0.0014782351929534083,text_text_entropy
263,8,0.0005393012400260018,text_text_entropy
264,8,0.0006199380298397407,text_text_entropy
265,8,0.0007474113049503577,text_text_entropy
266,8,0.001569790795555831,text_text_entropy
267,8,0.0010642682968844542,text_text_entropy
268,8,0.0006116930332575776,text_text_entropy
269,8,0.0011385132790430515,text_text_entropy
270,8,0.0006849955878109939,text_text_entropy
271,8,0.00320169557002214,text_text_entropy
272,8,0.0021255455745994227,text_text_entropy
273,8,0.0007741783305672611,text_text_entropy
274,8,0.00048600062560318736,text_text_entropy
275,8,0.0005595570693803477,text_text_entropy
276,8,0.0005388255079322142,text_text_entropy
277,8,0.0030777292953134963,text_text_entropy
278,8,0.0019327867986718586,text_text_entropy
279,8,0.0006378858874091868,text_text_entropy
280,8,0.0010847407374997918,text_text_entropy
281,8,0.00364755778139518,text_text_entropy
282,8,0.0031970663339230534,text_text_entropy
283,8,0.0015785067594799244,text_text_entropy
284,8,0.0004773577094465877,text_text_entropy
285,8,0.0030532300250934474,text_text_entropy
286,8,0.0007349516382968688,text_text_entropy
287,8,0.001343897564188732,text_text_entropy
288,9,0.0005002588913905723,text_text_entropy
289,9,0.0006166620545705148,text_text_entropy
290,9,0.0030323616256514693,text_text_entropy
291,9,0.0006016665137861766,text_text_entropy
292,9,0.0011713519683290595,text_text_entropy
293,9,0.0014004124229442987,text_text_entropy
294,9,0.0025698971588201417,text_text_entropy
295,9,0.002120502291430076,text_text_entropy
296,9,0.0026916444555342284,text_text_entropy
297,9,0.0012177600801685365,text_text_entropy
298,9,0.0017743155840670819,text_text_entropy
299,9,0.0017368395499263965,text_text_entropy
300,9,0.0012299563007105484,text_text_entropy
301,9,0.0027793973695650646,text_text_entropy
302,9,0.0006656983975399099,text_text_entropy
303,9,0.0014054646642544224,text_text_entropy
304,9,0.004265610842648837,text_text_entropy
305,9,0.0009645966692001503,text_text_entropy
306,9,0.0013666297389554585,text_text_entropy
307,9,0.0021063108496228353,text_text_entropy
308,9,0.0018408141949518661,text_text_entropy
309,9,0.0007401679221712437,text_text_entropy
310,9,0.000534333612598347,text_text_entropy
311,9,0.0018551456788199424,text_text_entropy
312,9,0.002627859273532354,text_text_entropy
313,9,0.0017075895157580346,text_text_entropy
314,9,0.00047319795217352537,text_text_entropy
315,9,0.004275880869092095,text_text_entropy
316,9,0.0008264868622185292,text_text_entropy
317,9,0.0006434179143379335,text_text_entropy
318,9,0.0027691691861123384,text_text_entropy
319,9,0.0031055184803563405,text_text_entropy
320,10,0.0006190348806384087,text_text_entropy
321,10,0.00485869792630404,text_text_entropy
322,10,0.001894040014897372,text_text_entropy
323,10,0.0035731474127017595,text_text_entropy
324,10,0.0015478739664556874,text_text_entropy
325,10,0.003046861782708329,text_text_entropy
326,10,0.001138083987196647,text_text_entropy
327,10,0.0005069215261766714,text_text_entropy
328,10,0.0012164978936171594,text_text_entropy
329,10,0.0009579422213667803,text_text_entropy
330,10,0.0018930453040786061,text_text_entropy
331,10,0.0017433493273166175,text_text_entropy
332,10,0.0014360901387996175,text_text_entropy
333,10,0.0025546715493726287,text_text_entropy
334,10,0.0035271411912644103,text_text_entropy
335,10,0.0005337654448105453,text_text_entropy
336,10,0.0007055770406810591,text_text_entropy
337,10,0.003703711762689851,text_text_entropy
338,10,0.0021782100181182264,text_text_entropy
339,10,0.0008891249862742433,text_text_entropy
340,10,0.0011929716763838436,text_text_entropy
341,10,0.0007764138348669535,text_text_entropy
342,10,0.0014009069146723268,text_text_entropy
343,10,0.0012834867607040194,text_text_entropy
344,10,0.0014208924259997307,text_text_entropy
345,10,0.0034463658101799508,text_text_entropy
346,10,0.0007929990963381608,text_text_entropy
347,10,0.0029377258638735955,text_text_entropy
348,10,0.0017313834655189252,text_text_entropy
349,10,0.0026242237537445665,text_text_entropy
350,10,0.0020294150208647038,text_text_entropy
351,10,0.0020789091422496377,text_text_entropy
352,11,0.0019989723671217452,text_text_entropy
353,11,0.0007286697815460224,text_text_entropy
354,11,0.0035524380880247834,text_text_entropy
355,11,0.0008647594446003292,text_text_entropy
356,11,0.0015392537027156886,text_text_entropy
357,11,0.0005041319278444737,text_text_entropy
358,11,0.004073675487609515,text_text_entropy
359,11,0.002247798583728365,text_text_entropy
360,11,0.0009826909417471569,text_text_entropy
361,11,0.0008566147301030544,text_text_entropy
362,11,0.0007435675676552536,text_text_entropy
363,11,0.0008373215968873217,text_text_entropy
364,11,0.0012760863670295394,text_text_entropy
365,11,0.0005646006891424558,text_text_entropy
366,11,0.001923644727099816,text_text_entropy
367,11,0.0029300717243333327,text_text_entropy
368,11,0.001904732092993717,text_text_entropy
369,11,0.0024211791841904553,text_text_entropy
370,11,0.0026238519789765755,text_text_entropy
371,11,0.0020770099112646214,text_text_entropy
372,11,0.0013974524321440703,text_text_entropy
373,11,0.002555728891904432,text_text_entropy
374,11,0.0022572005384169716,text_text_entropy
375,11,0.0004823753307093508,text_text_entropy
376,11,0.0009947575219716163,text_text_entropy
377,11,0.0018490190696982167,text_text_entropy
378,11,0.001350188855107393,text_text_entropy
379,11,0.002133501718526976,text_text_entropy
380,11,0.0007230460362639232,text_text_entropy
381,11,0.0008072506157199385,text_text_entropy
382,11,0.003015327341642915,text_text_entropy
383,11,0.0007625221189626457,text_text_entropy
384,12,0.0020620858560478064,text_text_entropy
385,12,0.002410578655037079,text_text_entropy
386,12,0.0012253575840436679,text_text_entropy
387,12,0.0017157630657095792,text_text_entropy
388,12,0.0024789430149302024,text_text_entropy
389,12,0.0016022727849177056,text_text_entropy
390,12,0.0014594753973567998,text_text_entropy
391,12,0.0009173038719196543,text_text_entropy
392,12,0.0007681224820701483,text_text_entropy
393,12,0.0026215356504478266,text_text_entropy
394,12,0.001977525488052968,text_text_entropy
395,12,0.0016440958770181729,text_text_entropy
396,12,0.0008731833045762261,text_text_entropy
397,12,0.001314658241937355,text_text_entropy
398,12,0.001222534095136392,text_text_entropy
399,12,0.0012211305621256492,text_text_entropy
400,12,0.0027336131781016937,text_text_entropy
401,12,0.0005371102266963607,text_text_entropy
402,12,0.0030144165769136213,text_text_entropy
403,12,0.002522014615416475,text_text_entropy
404,12,0.0015739921445970693,text_text_entropy
405,12,0.0021545221834237027,text_text_entropy
406,12,0.0006905078902740425,text_text_entropy
407,12,0.0023208135158446198,text_text_entropy
408,12,0.002728050758897878,text_text_entropy
409,12,0.001907905093638028,text_text_entropy
410,12,0.004077426276760381,text_text_entropy
411,12,0.002238411609622556,text_text_entropy
412,12,0.002864467315290329,text_text_entropy
413,12,0.0015050980976481399,text_text_entropy
414,12,0.0013502483594171654,text_text_entropy
415,12,0.00268747550330241,text_text_entropy
416,13,0.0021629983031525423,text_text_entropy
417,13,0.0009365733562881583,text_text_entropy
418,13,0.002604489073384319,text_text_entropy
419,13,0.000961806505997169,text_text_entropy
420,13,0.0016098074565175774,text_text_entropy
421,13,0.0021171673924388367,text_text_entropy
422,13,0.004146121226114939,text_text_entropy
423,13,0.0010171204367778973,text_text_entropy
424,13,0.003540441788665463,text_text_entropy
425,13,0.002043319419490012,text_text_entropy
426,13,0.0030152666897994666,text_text_entropy
427,13,0.0013804981400986013,text_text_entropy
428,13,0.002238931849233567,text_text_entropy
429,13,0.001361796435665451,text_text_entropy
430,13,0.001642515084019033,text_text_entropy
431,13,0.0004962813443333442,text_text_entropy
432,13,0.0026963399339717583,text_text_entropy
433,13,0.0025372150256374416,text_text_entropy
434,13,0.0007204677337776053,text_text_entropy
435,13,0.0024992048206878893,text_text_entropy
436,13,0.0016751242029168004,text_text_entropy
437,13,0.0007353562831128625,text_text_entropy
438,13,0.0012179788308650547,text_text_entropy
439,13,0.003476341080450044,text_text_entropy
440,13,0.0032722324391341903,text_text_entropy
441,13,0.000734668075949063,text_text_entropy
442,13,0.0007211984645318411,text_text_entropy
443,13,0.0008804183391982616,text_text_entropy
444,13,0.0012135137444395732,text_text_entropy
445,13,0.003726140882991661,text_text_entropy
446,13,0.0015085920144137066,text_text_entropy
447,13,0.0017480301566377902,text_text_entropy
448,14,0.004372053813007127,text_text_entropy
449,14,0.00266065927193833,text_text_entropy
450,14,0.001357620031642335,text_text_entropy
451,14,0.0023365412459316285,text_text_entropy
452,14,0.0010834409402980618,text_text_entropy
453,14,0.002548942608988426,text_text_entropy
454,14,0.0006025944987491503,text_text_entropy
455,14,0.0035294587004007245,text_text_entropy
456,14,0.0011915302124112877,text_text_entropy
457,14,0.0021390960255001233,text_text_entropy
458,14,0.0005258312392428448,text_text_entropy
459,14,0.0009207714946772159,text_text_entropy
460,14,0.0017334109473066026,text_text_entropy
461,14,0.0018865962583105537,text_text_entropy
462,14,0.00332834262830471,text_text_entropy
463,14,0.0029388217474062574,text_text_entropy
464,14,0.002675344724687464,text_text_entropy
465,14,0.0007094815886305584,text_text_entropy
466,14,0.002062423031151743,text_text_entropy
467,14,0.0014886821462757741,text_text_entropy
468,14,0.0023324441573392427,text_text_entropy
469,14,0.00145877090961063,text_text_entropy
470,14,0.002383458181019696,text_text_entropy
471,14,0.002091562447479696,text_text_entropy
472,14,0.0023851380996788734,text_text_entropy
473,14,0.0011917424096164776,text_text_entropy
474,14,0.001693189272718831,text_text_entropy
475,14,0.002194791593017326,text_text_entropy
476,14,0.000786273771632932,text_text_entropy
477,14,0.0025148691923402213,text_text_entropy
478,14,0.0011473778948620835,text_text_entropy
479,14,0.0018513017164527139,text_text_entropy
480,15,0.0004866454325933511,text_text_entropy
481,15,0.0009401044191858258,text_text_entropy
482,15,0.0017411871666126542,text_text_entropy
483,15,0.0024848754212052535,text_text_entropy
484,15,0.0010381604193616942,text_text_entropy
485,15,0.0012585385829962494,text_text_entropy
486,15,0.0017612829853727366,text_text_entropy
487,15,0.003634653870011638,text_text_entropy
488,15,0.0009816130699941722,text_text_entropy
489,15,0.0036524814636050198,text_text_entropy
490,15,0.0017865831839448238,text_text_entropy
491,15,0.004570702428051531,text_text_entropy
492,15,0.00293449179916523,text_text_entropy
493,15,0.0009332859725027443,text_text_entropy
494,15,0.0022024568561021304,text_text_entropy
495,15,0.001203750309511606,text_text_entropy
496,15,0.0023085621453643496,text_text_entropy
497,15,0.0008776202435135033,text_text_entropy
498,15,0.0006653671614649321,text_text_entropy
499,15,0.0010650149188711348,text_text_entropy
500,15,0.0007493668080684503,text_text_entropy
501,15,0.0026675510905768487,text_text_entropy
502,15,0.0014660912617315404,text_text_entropy
503,15,0.001128535824379691,text_text_entropy
504,15,0.0021062193575330404,text_text_entropy
505,15,0.002594979977691208,text_text_entropy
506,15,0.0027832837098837365,text_text_entropy
507,15,0.0006970010116268174,text_text_entropy
508,15,0.0024695288246674506,text_text_entropy
509,15,0.001329655623883327,text_text_entropy
510,15,0.0006497360685642514,text_text_entropy
511,15,0.000979053785212528,text_text_entropy
512,16,0.0015754363976785886,text_text_entropy
513,16,0.002660801937772015,text_text_entropy
514,16,0.00287493131787425,text_text_entropy
515,16,0.0023028799122639895,text_text_entropy
516,16,0.0012530913535267814,text_text_entropy
517,16,0.0017575322782657653,text_text_entropy
518,16,0.0015146855633439706,text_text_entropy
519,16,0.001788089978049812,text_text_entropy
520,16,0.0009201402129215382,text_text_entropy
521,16,0.0010001243388958368,text_text_entropy
522,16,0.0009462948407207458,text_text_entropy
523,16,0.0014392615731759562,text_text_entropy
524,16,0.002055154066260835,text_text_entropy
525,16,0.0008713413761434576,text_text_entropy
526,16,0.0044226333796962055,text_text_entropy
527,16,0.0014061951209705275,text_text_entropy
528,16,0.0017054436104983293,text_text_entropy
529,16,0.001098103573437025,text_text_entropy
530,16,0.0013151694055064513,text_text_entropy
531,16,0.0038674020076911076,text_text_entropy
532,16,0.0017623109094382077,text_text_entropy
533,16,0.0023192787800151715,text_text_entropy
534,16,0.002434853855310428,text_text_entropy
535,16,0.0006636651854486131,text_text_entropy
536,16,0.002204851820490292,text_text_entropy
537,16,0.0012677783729178234,text_text_entropy
538,16,0.0005232880712397282,text_text_entropy
539,16,0.0007100687083756445,text_text_entropy
540,16,0.0004973814716311152,text_text_entropy
541,16,0.001530446159097923,text_text_entropy
542,16,0.001271767040676227,text_text_entropy
543,16,0.0012453415521862933,text_text_entropy
544,17,0.0013918074538275074,text_text_entropy
545,17,0.0008081053400580817,text_text_entropy
546,17,0.000539234773275842,text_text_entropy
547,17,0.001760602979807266,text_text_entropy
548,17,0.0011138319984933351,text_text_entropy
549,17,0.001190179554343552,text_text_entropy
550,17,0.001112313400134829,text_text_entropy
551,17,0.0006628476054088762,text_text_entropy
552,17,0.0020067154561178757,text_text_entropy
553,17,0.0012529153262443736,text_text_entropy
554,17,0.0007370133852541478,text_text_entropy
555,17,0.0014338901029828227,text_text_entropy
556,17,0.0013734497306757646,text_text_entropy
557,17,0.0010646019928327176,text_text_entropy
558,17,0.0016541884360612691,text_text_entropy
559,17,0.001510858432737668,text_text_entropy
560,17,0.002020332012551237,text_text_entropy
561,17,0.002119680278308098,text_text_entropy
562,17,0.0013743992483592781,text_text_entropy
563,17,0.001112776512329392,text_text_entropy
564,17,0.0005365435771933049,text_text_entropy
565,17,0.0013076215062075296,text_text_entropy
566,17,0.0021446219590761993,text_text_entropy
567,17,0.0004942936554509206,text_text_entropy
568,17,0.001009243348847947,text_text_entropy
569,17,0.0005087172617739401,text_text_entropy
570,17,0.0005074220864953334,text_text_entropy
571,17,0.000617860339142369,text_text_entropy
572,17,0.0018309416162525043,text_text_entropy
573,17,0.0015972955322283704,text_text_entropy
574,17,0.0014896401344277517,text_text_entropy
575,17,0.001470956482280717,text_text_entropy
576,18,0.0005220753786986467,text_text_entropy
577,18,0.0018385287168763182,text_text_entropy
578,18,0.0014022295209625696,text_text_entropy
579,18,0.0005000849424750499,text_text_entropy
580,18,0.0016573914467304764,text_text_entropy
581,18,0.003877942452731933,text_text_entropy
582,18,0.0005792225222930477,text_text_entropy
583,18,0.001209424425173792,text_text_entropy
584,18,0.0005568764673877819,text_text_entropy
585,18,0.0015747783234809378,text_text_entropy
586,18,0.0014217390084348886,text_text_entropy
587,18,0.0004794663435637433,text_text_entropy
588,18,0.000612662913532161,text_text_entropy
589,18,0.0007652367761608679,text_text_entropy
590,18,0.0007799720779328137,text_text_entropy
591,18,0.0006730010381507227,text_text_entropy
592,18,0.0007139055959295582,text_text_entropy
593,18,0.0010388407833714817,text_text_entropy
594,18,0.0005405218896313696,text_text_entropy
595,18,0.0027849315366727904,text_text_entropy
596,18,0.0009296493693555297,text_text_entropy
597,18,0.0013611458424161952,text_text_entropy
598,18,0.000664630723875594,text_text_entropy
599,18,0.0007220564364448592,text_text_entropy
600,18,0.0007208675306014506,text_text_entropy
601,18,0.00058697613973094,text_text_entropy
602,18,0.0022163083908668673,text_text_entropy
603,18,0.0009747905576916792,text_text_entropy
604,18,0.0012925313065275702,text_text_entropy
605,18,0.00048423208656916435,text_text_entropy
606,18,0.0020988976631997557,text_text_entropy
607,18,0.002234138135168751,text_text_entropy
608,19,0.001010810863313509,text_text_entropy
609,19,0.0015771869086981863,text_text_entropy
610,19,0.0029414072109387574,text_text_entropy
611,19,0.00047890186744132206,text_text_entropy
612,19,0.0007711661802869701,text_text_entropy
613,19,0.0010437272510749759,text_text_entropy
614,19,0.0011559738832427168,text_text_entropy
615,19,0.0005644735717534875,text_text_entropy
616,19,0.0004908526608164688,text_text_entropy
617,19,0.000665585973497687,text_text_entropy
618,19,0.00133937690635166,text_text_entropy
619,19,0.002830456993482743,text_text_entropy
620,19,0.0019412361837091792,text_text_entropy
621,19,0.0015379592567027953,text_text_entropy
622,19,0.00057381402659069,text_text_entropy
623,19,0.001557160193053104,text_text_entropy
624,19,0.0028127809779444207,text_text_entropy
625,19,0.0005141534788906262,text_text_entropy
626,19,0.0009762625093165616,text_text_entropy
627,19,0.0012189170491546451,text_text_entropy
628,19,0.0005429520149682236,text_text_entropy
629,19,0.0006286650618248388,text_text_entropy
630,19,0.0010902782937196058,text_text_entropy
631,19,0.0009470577152673821,text_text_entropy
632,19,0.0009749349006600963,text_text_entropy
633,19,0.0008009069955071889,text_text_entropy
634,19,0.0005126882315901434,text_text_entropy
635,19,0.0011194036709641132,text_text_entropy
636,19,0.0005588619403765924,text_text_entropy
637,19,0.001479310922654197,text_text_entropy
638,19,0.0005946771679378603,text_text_entropy
639,19,0.0006391527005331539,text_text_entropy
640,20,0.0007966289479743213,text_text_entropy
641,20,0.0005833162562303238,text_text_entropy
642,20,0.0006774600332495622,text_text_entropy
643,20,0.000666224441187789,text_text_entropy
644,20,0.0005960207406019103,text_text_entropy
645,20,0.0005651733434425845,text_text_entropy
646,20,0.000604468764527014,text_text_entropy
647,20,0.0006646463833397682,text_text_entropy
648,20,0.000900824861171092,text_text_entropy
649,20,0.00080225709839188,text_text_entropy
650,20,0.0007985757530874777,text_text_entropy
651,20,0.001302625783767304,text_text_entropy
652,20,0.0007348609386790594,text_text_entropy
653,20,0.0012009322551741223,text_text_entropy
654,20,0.0004963124527074062,text_text_entropy
655,20,0.0014046889336027898,text_text_entropy
656,20,0.0007385200570434338,text_text_entropy
657,20,0.0006328082524528411,text_text_entropy
658,20,0.00059177210162125,text_text_entropy
659,20,0.0007348895923406887,text_text_entropy
660,20,0.001852209656017785,text_text_entropy
661,20,0.0006323045403649674,text_text_entropy
662,20,0.0006601064122665783,text_text_entropy
663,20,0.0006914889499782921,text_text_entropy
664,20,0.0009086815266284946,text_text_entropy
665,20,0.0008095934492999331,text_text_entropy
666,20,0.0005619754463826577,text_text_entropy
667,20,0.00055884987853995,text_text_entropy
668,20,0.0013670318132395756,text_text_entropy
669,20,0.0007832852050138842,text_text_entropy
670,20,0.000751134667219137,text_text_entropy
671,20,0.0006371177906610033,text_text_entropy
672,21,0.0005153714018004734,text_text_entropy
673,21,0.0007752705118378013,text_text_entropy
674,21,0.0005971769584374989,text_text_entropy
675,21,0.0016056821691722797,text_text_entropy
676,21,0.0007268339549248577,text_text_entropy
677,21,0.0008679249461410798,text_text_entropy
678,21,0.00048781829493686486,text_text_entropy
679,21,0.0011869659800651199,text_text_entropy
680,21,0.0005192525813973218,text_text_entropy
681,21,0.0005841526521536353,text_text_entropy
682,21,0.0007202700564407392,text_text_entropy
683,21,0.0005330103318063255,text_text_entropy
684,21,0.0005003650719799996,text_text_entropy
685,21,0.001167534609726766,text_text_entropy
686,21,0.0006020359777660115,text_text_entropy
687,21,0.0005160570297801241,text_text_entropy
688,21,0.0008968762867353593,text_text_entropy
689,21,0.0010452736177548288,text_text_entropy
690,21,0.00048447020289115795,text_text_entropy
691,21,0.0005641804346109945,text_text_entropy
692,21,0.0005631124260210196,text_text_entropy
693,21,0.0007147608118072174,text_text_entropy
694,21,0.0014276613822139775,text_text_entropy
695,21,0.0007945292481583427,text_text_entropy
696,21,0.0007962429641556312,text_text_entropy
697,21,0.0007664255958011362,text_text_entropy
698,21,0.0005927258418957077,text_text_entropy
699,21,0.0006179564762518988,text_text_entropy
700,21,0.0011333364042327453,text_text_entropy
701,21,0.0006706076850614461,text_text_entropy
702,21,0.001826712005651572,text_text_entropy
703,21,0.0005810009085751907,text_text_entropy
704,22,0.0005423454884372893,text_text_entropy
705,22,0.0004872304011036152,text_text_entropy
706,22,0.0009577813795150395,text_text_entropy
707,22,0.000570017370186066,text_text_entropy
708,22,0.0018513129156653434,text_text_entropy
709,22,0.0005491590643679491,text_text_entropy
710,22,0.0018147152380049427,text_text_entropy
711,22,0.0006024752212205559,text_text_entropy
712,22,0.0007945222619633439,text_text_entropy
713,22,0.0011995631202636095,text_text_entropy
714,22,0.0020119275741269983,text_text_entropy
715,22,0.0013840249387041214,text_text_entropy
716,22,0.0007602048019778419,text_text_entropy
717,22,0.000569952455815609,text_text_entropy
718,22,0.0017706593885979476,text_text_entropy
719,22,0.00047466337578676656,text_text_entropy
720,22,0.0007410117475201082,text_text_entropy
721,22,0.001277594792726397,text_text_entropy
722,22,0.0005966061219845665,text_text_entropy
723,22,0.0006467842504504966,text_text_entropy
724,22,0.0009456907450764363,text_text_entropy
725,22,0.0008398664374371219,text_text_entropy
726,22,0.0008549828776847632,text_text_entropy
727,22,0.00059829879351629,text_text_entropy
728,22,0.0005241439356973675,text_text_entropy
729,22,0.0010617068892087678,text_text_entropy
730,22,0.0020152395604167935,text_text_entropy
731,22,0.000755085727424818,text_text_entropy
732,22,0.0023539443478130164,text_text_entropy
733,22,0.0007264155377317659,text_text_entropy
734,22,0.0007616904933517438,text_text_entropy
735,22,0.0010455593661734951,text_text_entropy
736,23,0.0006056854697200493,text_text_entropy
737,23,0.0033720163099712035,text_text_entropy
738,23,0.00257390536913274,text_text_entropy
739,23,0.0007998185201127336,text_text_entropy
740,23,0.0007036898047939971,text_text_entropy
741,23,0.0009617489517270103,text_text_entropy
742,23,0.0007660656073897006,text_text_entropy
743,23,0.0006281396230915542,text_text_entropy
744,23,0.0006792211070745758,text_text_entropy
745,23,0.000795144553925661,text_text_entropy
746,23,0.0006772255083893182,text_text_entropy
747,23,0.0006353820923732777,text_text_entropy
748,23,0.0005035772481624442,text_text_entropy
749,23,0.0006331529711955954,text_text_entropy
750,23,0.0005388060363259932,text_text_entropy
751,23,0.0004892849686347314,text_text_entropy
752,23,0.002012686170284202,text_text_entropy
753,23,0.000988543538214206,text_text_entropy
754,23,0.0008405966455213655,text_text_entropy
755,23,0.0011766194354814407,text_text_entropy
756,23,0.0007624587124554826,text_text_entropy
757,23,0.0005568096200089464,text_text_entropy
758,23,0.0006078883652008704,text_text_entropy
759,23,0.0005475447716306641,text_text_entropy
760,23,0.0007893853689759413,text_text_entropy
761,23,0.00048374664871930084,text_text_entropy
762,23,0.0019222534308301973,text_text_entropy
763,23,0.0009994582808320327,text_text_entropy
764,23,0.0011599643856585672,text_text_entropy
765,23,0.0014583191664797963,text_text_entropy
766,23,0.0004706980313050142,text_text_entropy
767,23,0.0006249125184563071,text_text_entropy
768,24,0.0004964461482589615,text_text_entropy
769,24,0.0010945720900606996,text_text_entropy
770,24,0.0005112619377315863,text_text_entropy
771,24,0.000982655855612204,text_text_entropy
772,24,0.0005593507857690889,text_text_entropy
773,24,0.0007116572738346487,text_text_entropy
774,24,0.001797585511252455,text_text_entropy
775,24,0.0006671430521821362,text_text_entropy
776,24,0.0006477989556480551,text_text_entropy
777,24,0.0005087911711896987,text_text_entropy
778,24,0.0007627690279265122,text_text_entropy
779,24,0.0008624789375464762,text_text_entropy
780,24,0.0005294175202199998,text_text_entropy
781,24,0.0014186537840228076,text_text_entropy
782,24,0.000564839121342587,text_text_entropy
783,24,0.0006343620702612088,text_text_entropy
784,24,0.0006947572860318904,text_text_entropy
785,24,0.0007895672057368595,text_text_entropy
786,24,0.002375513153004514,text_text_entropy
787,24,0.0010225661667325424,text_text_entropy
788,24,0.0005621563586667061,text_text_entropy
789,24,0.0005627536861275335,text_text_entropy
790,24,0.0005787164685843854,text_text_entropy
791,24,0.0009294476040847033,text_text_entropy
792,24,0.0006595517955232685,text_text_entropy
793,24,0.0005021310715415273,text_text_entropy
794,24,0.0009522313100630166,text_text_entropy
795,24,0.000662054198471194,text_text_entropy
796,24,0.0005619537039592694,text_text_entropy
797,24,0.0022384431269548686,text_text_entropy
798,24,0.0015218940584450782,text_text_entropy
799,24,0.0006868721693618009,text_text_entropy
800,25,0.0007330219075602785,text_text_entropy
801,25,0.0005015054793125335,text_text_entropy
802,25,0.0006933345981648151,text_text_entropy
803,25,0.0011961800580239104,text_text_entropy
804,25,0.0005139726583914449,text_text_entropy
805,25,0.002918434660016245,text_text_entropy
806,25,0.0025247691096116523,text_text_entropy
807,25,0.001985066111275371,text_text_entropy
808,25,0.0004761507465313656,text_text_entropy
809,25,0.0007884314737651221,text_text_entropy
810,25,0.0005094537227928533,text_text_entropy
811,25,0.0010845136101897345,text_text_entropy
812,25,0.0005733390866967361,text_text_entropy
813,25,0.0005227439812237985,text_text_entropy
814,25,0.0005016200799228339,text_text_entropy
815,25,0.0005855227511753293,text_text_entropy
816,25,0.0011333380292274742,text_text_entropy
817,25,0.000901994293676926,text_text_entropy
818,25,0.0005098869633874549,text_text_entropy
819,25,0.00065620010230758,text_text_entropy
820,25,0.0005137894253438426,text_text_entropy
821,25,0.0007142246967576813,text_text_entropy
822,25,0.000761877040161955,text_text_entropy
823,25,0.0011042619263691353,text_text_entropy
824,25,0.001607351936126976,text_text_entropy
825,25,0.0005687423772721978,text_text_entropy
826,25,0.0005426374310584762,text_text_entropy
827,25,0.0005417623297957365,text_text_entropy
828,25,0.0010648386522428574,text_text_entropy
829,25,0.0010189929431042729,text_text_entropy
830,25,0.0006506133093412995,text_text_entropy
831,25,0.0007438652634992083,text_text_entropy
832,26,0.0005021612664519548,text_text_entropy
833,26,0.0004828511468113705,text_text_entropy
834,26,0.002254766322572397,text_text_entropy
835,26,0.0007131030653404798,text_text_entropy
836,26,0.0022882043292826175,text_text_entropy
837,26,0.0006753706161114704,text_text_entropy
838,26,0.001965527257140949,text_text_entropy
839,26,0.0006584457159642506,text_text_entropy
840,26,0.0005312717591389038,text_text_entropy
841,26,0.0008933338844678758,text_text_entropy
842,26,0.0012636126299608258,text_text_entropy
843,26,0.0005093182149936262,text_text_entropy
844,26,0.0004722961610365693,text_text_entropy
845,26,0.0012673063632111753,text_text_entropy
846,26,0.0023948251345955016,text_text_entropy
847,26,0.0009483233417177073,text_text_entropy
848,26,0.0005200158516129422,text_text_entropy
849,26,0.0005687849723339225,text_text_entropy
850,26,0.0017751212453513824,text_text_entropy
851,26,0.0027270015164746215,text_text_entropy
852,26,0.0009445958342377871,text_text_entropy
853,26,0.0008303259249879467,text_text_entropy
854,26,0.000796740771435368,text_text_entropy
855,26,0.00048268365408006824,text_text_entropy
856,26,0.000880248256791143,text_text_entropy
857,26,0.0009533188558874223,text_text_entropy
858,26,0.0007153514321587412,text_text_entropy
859,26,0.0010388391309118813,text_text_entropy
860,26,0.0012317002601601671,text_text_entropy
861,26,0.0011395446716384995,text_text_entropy
862,26,0.0032229422000145318,text_text_entropy
863,26,0.0008230832728577829,text_text_entropy
864,27,0.0005487322280051063,text_text_entropy
865,27,0.0006082125844210479,text_text_entropy
866,27,0.0024449847635798364,text_text_entropy
867,27,0.0012741782858068965,text_text_entropy
868,27,0.0007251569179523942,text_text_entropy
869,27,0.0005155793075021296,text_text_entropy
870,27,0.001567745221252908,text_text_entropy
871,27,0.0014514078365016224,text_text_entropy
872,27,0.0006473825928734122,text_text_entropy
873,27,0.0016949619179101932,text_text_entropy
874,27,0.00047540160087925556,text_text_entropy
875,27,0.0005455330729229015,text_text_entropy
876,27,0.002769735555277904,text_text_entropy
877,27,0.0005012994992722742,text_text_entropy
878,27,0.0005048552473791536,text_text_entropy
879,27,0.0026466356342521257,text_text_entropy
880,27,0.0008956526467268076,text_text_entropy
881,27,0.0037976787488669095,text_text_entropy
882,27,0.0009601126530393019,text_text_entropy
883,27,0.0005314485404289967,text_text_entropy
884,27,0.0011336873179680323,text_text_entropy
885,27,0.0005056858577607321,text_text_entropy
886,27,0.0007545039162919681,text_text_entropy
887,27,0.0005012537203492157,text_text_entropy
888,27,0.0022785845605634513,text_text_entropy
889,27,0.001071648575514081,text_text_entropy
890,27,0.0005473109878312778,text_text_entropy
891,27,0.0005107140240640303,text_text_entropy
892,27,0.0006064357847428368,text_text_entropy
893,27,0.0010257870542624197,text_text_entropy
894,27,0.000567349408643713,text_text_entropy
895,27,0.003342459794579552,text_text_entropy
896,28,0.0005939692806742709,text_text_entropy
897,28,0.0004966557204346537,text_text_entropy
898,28,0.0007175149493987611,text_text_entropy
899,28,0.0006212015792767511,text_text_entropy
900,28,0.00048573375103042336,text_text_entropy
901,28,0.0022204584739349722,text_text_entropy
902,28,0.00048749312711768907,text_text_entropy
903,28,0.002458813924079034,text_text_entropy
904,28,0.0004961113925424814,text_text_entropy
905,28,0.0009687995797838211,text_text_entropy
906,28,0.0034735079281327857,text_text_entropy
907,28,0.0006008378042650184,text_text_entropy
908,28,0.0004867292463288602,text_text_entropy
909,28,0.0035680222039158067,text_text_entropy
910,28,0.0007246865909218492,text_text_entropy
911,28,0.0004972426015980306,text_text_entropy
912,28,0.0038145416249575647,text_text_entropy
913,28,0.0006398397774378894,text_text_entropy
914,28,0.0017398754584738736,text_text_entropy
915,28,0.0005038764153515285,text_text_entropy
916,28,0.0011459565849905552,text_text_entropy
917,28,0.00066798433344834,text_text_entropy
918,28,0.000657904504863903,text_text_entropy
919,28,0.001789073760911909,text_text_entropy
920,28,0.002191886381952757,text_text_entropy
921,28,0.0018456929393853559,text_text_entropy
922,28,0.0011328270848058393,text_text_entropy
923,28,0.0004803560131783075,text_text_entropy
924,28,0.0006555409272060906,text_text_entropy
925,28,0.0006407314590185744,text_text_entropy
926,28,0.0010257104646658102,text_text_entropy
927,28,0.0005753873816798311,text_text_entropy
928,29,0.002199715873580271,text_text_entropy
929,29,0.0032740322891791416,text_text_entropy
930,29,0.001596374250308399,text_text_entropy
931,29,0.0006079358068551532,text_text_entropy
932,29,0.0008721366615834169,text_text_entropy
933,29,0.001880825650424214,text_text_entropy
934,29,0.0005115659856445087,text_text_entropy
935,29,0.0012701777801435372,text_text_entropy
936,29,0.0007770324536328428,text_text_entropy
937,29,0.0011200467563375212,text_text_entropy
938,29,0.0026825888800635685,text_text_entropy
939,29,0.0005086803622297213,text_text_entropy
940,29,0.0009222972865858156,text_text_entropy
941,29,0.0010944352866736156,text_text_entropy
942,29,0.0018684537860940858,text_text_entropy
943,29,0.0035657292581743496,text_text_entropy
944,29,0.002554521583494607,text_text_entropy
945,29,0.00048099274643430956,text_text_entropy
946,29,0.001710708323839692,text_text_entropy
947,29,0.0014315525218554003,text_text_entropy
948,29,0.0006556256824608471,text_text_entropy
949,29,0.0008208723643670338,text_text_entropy
950,29,0.0005001265755735201,text_text_entropy
951,29,0.0006572964414636136,text_text_entropy
952,29,0.0012930695829898508,text_text_entropy
953,29,0.0004961383109819532,text_text_entropy
954,29,0.0027823691579173643,text_text_entropy
955,29,0.0004955901250822738,text_text_entropy
956,29,0.0019375575879822052,text_text_entropy
957,29,0.0015178072188831203,text_text_entropy
958,29,0.001879414959248076,text_text_entropy
959,29,0.0005451358733594486,text_text_entropy
960,30,0.0016440494482538042,text_text_entropy
961,30,0.0006424198775965103,text_text_entropy
962,30,0.001935175711718173,text_text_entropy
963,30,0.0006669926537026294,text_text_entropy
964,30,0.0006991952497776623,text_text_entropy
965,30,0.0009338433081056036,text_text_entropy
966,30,0.0004903513844269296,text_text_entropy
967,30,0.0013746560587779566,text_text_entropy
968,30,0.0005438355444198972,text_text_entropy
969,30,0.002092761152413204,text_text_entropy
970,30,0.0012293385965353528,text_text_entropy
971,30,0.0009324918590153919,text_text_entropy
972,30,0.0033685362548238826,text_text_entropy
973,30,0.004205828539805799,text_text_entropy
974,30,0.0012591127542421734,text_text_entropy
975,30,0.0006691339730070006,text_text_entropy
976,30,0.0006935359197596994,text_text_entropy
977,30,0.0009228780041719083,text_text_entropy
978,30,0.0007381898678250398,text_text_entropy
979,30,0.000522189860822222,text_text_entropy
980,30,0.0004990391577187587,text_text_entropy
981,30,0.0009751562884886358,text_text_entropy
982,30,0.0005475406647313496,text_text_entropy
983,30,0.0007877937197764023,text_text_entropy
984,30,0.003293987055648598,text_text_entropy
985,30,0.0011287269239968682,text_text_entropy
986,30,0.002822256101998138,text_text_entropy
987,30,0.0010004936382136075,text_text_entropy
988,30,0.00150038058178586,text_text_entropy
989,30,0.00047590989990750404,text_text_entropy
990,30,0.0005313031848247419,text_text_entropy
991,30,0.002639272349850645,text_text_entropy
992,31,0.0031633308527709,text_text_entropy
993,31,0.0017765992963671127,text_text_entropy
994,31,0.0025671911852593395,text_text_entropy
995,31,0.0027964847008643866,text_text_entropy
996,31,0.003741535436814534,text_text_entropy
997,31,0.0028350330114769316,text_text_entropy
998,31,0.0009696931645272993,text_text_entropy
999,31,0.002381090207441169,text_text_entropy
1000,31,0.002961848618875777,text_text_entropy
1001,31,0.0007895452043658278,text_text_entropy
1002,31,0.003406991214078389,text_text_entropy
1003,31,0.0021309979345393837,text_text_entropy
1004,31,0.0023515156812538023,text_text_entropy
1005,31,0.0036501207282309666,text_text_entropy
1006,31,0.0021185264994224248,text_text_entropy
1007,31,0.0007331637594826363,text_text_entropy
1008,31,0.0027826752694721894,text_text_entropy
1009,31,0.0016665948693381154,text_text_entropy
1010,31,0.001552589102070718,text_text_entropy
1011,31,0.002074190695203505,text_text_entropy
1012,31,0.001422441785405669,text_text_entropy
1013,31,0.0022322607612072108,text_text_entropy
1014,31,0.0016337844392333308,text_text_entropy
1015,31,0.002793051133653564,text_text_entropy
1016,31,0.0024099766447551597,text_text_entropy
1017,31,0.0022302405265758785,text_text_entropy
1018,31,0.0029969884602817037,text_text_entropy
1019,31,0.004358472219378905,text_text_entropy
1020,31,0.0028820221870131143,text_text_entropy
1021,31,0.0011115126202975994,text_text_entropy
1022,31,0.002908443012515034,text_text_entropy
1023,31,0.0038149882147754033,text_text_entropy
