,idx_main,outputwImg,predictionwImg,gold_referencewImg,tagwImg,outputwoImg,predictionwoImg,gold_referencewoImg,tagwoImg
0,0,"system
You are a helpful assistant.
user
 QUESTION: Which of the following could Gordon's test show?
OPTIONS:
0: if the spacecraft was damaged when using a parachute with a 1 m vent going 200 km per hour
1: how steady a parachute with a 1 m vent was at 200 km per hour
2: whether a parachute with a 1 m vent would swing too much at 400 km per hour

Answer with the correct option from 0 to 2. Only provide the numeric and nothing else 

Answer: 
assistant
1",1,1,grade8,"system
You are a helpful assistant.
user
 QUESTION: Which of the following could Gordon's test show?
OPTIONS:
0: if the spacecraft was damaged when using a parachute with a 1 m vent going 200 km per hour
1: how steady a parachute with a 1 m vent was at 200 km per hour
2: whether a parachute with a 1 m vent would swing too much at 400 km per hour

Answer with the correct option from 0 to 2. Only provide the numeric and nothing else 

Answer: 
assistant
2",2,1,grade8
1,1,"system
You are a helpful assistant.
user
 QUESTION: What is the name of the colony shown?
OPTIONS:
0: Maryland
1: New Hampshire
2: Rhode Island
3: Vermont

Answer with the correct option from 0 to 3. Only provide the numeric and nothing else 

Answer: 
assistant
1",1,1,grade5,"system
You are a helpful assistant.
user
 QUESTION: What is the name of the colony shown?
OPTIONS:
0: Maryland
1: New Hampshire
2: Rhode Island
3: Vermont

Answer with the correct option from 0 to 3. Only provide the numeric and nothing else 

Answer: 
assistant
2",2,1,grade5
2,15,"system
You are a helpful assistant.
user
 QUESTION: Which continent is highlighted?
OPTIONS:
0: Africa
1: North America
2: South America
3: Asia

Answer with the correct option from 0 to 3. Only provide the numeric and nothing else 

Answer: 
assistant
3",3,3,grade5,"system
You are a helpful assistant.
user
 QUESTION: Which continent is highlighted?
OPTIONS:
0: Africa
1: North America
2: South America
3: Asia

Answer with the correct option from 0 to 3. Only provide the numeric and nothing else 

Answer: 
assistant
2",2,3,grade5
3,18,"system
You are a helpful assistant.
user
 QUESTION: Select the bird below.
OPTIONS:
0: cane toad
1: ostrich

Answer with the correct option from 0 to 1. Only provide the numeric and nothing else 

Answer: 
assistant
0",0,1,grade3,"system
You are a helpful assistant.
user
 QUESTION: Select the bird below.
OPTIONS:
0: cane toad
1: ostrich

Answer with the correct option from 0 to 1. Only provide the numeric and nothing else 

Answer: 
assistant
1",1,1,grade3
4,19,"system
You are a helpful assistant.
user
 QUESTION: Which property do these three objects have in common?
OPTIONS:
0: blue
1: hard
2: sticky

Answer with the correct option from 0 to 2. Only provide the numeric and nothing else 

Answer: 
assistant
0",0,0,grade3,"system
You are a helpful assistant.
user
 QUESTION: Which property do these three objects have in common?
OPTIONS:
0: blue
1: hard
2: sticky

Answer with the correct option from 0 to 2. Only provide the numeric and nothing else 

Answer: 
assistant
1",1,0,grade3
5,38,"system
You are a helpful assistant.
user
 QUESTION: Which country is highlighted?
OPTIONS:
0: Barbados
1: the Dominican Republic
2: Saint Lucia
3: Saint Vincent and the Grenadines

Answer with the correct option from 0 to 3. Only provide the numeric and nothing else 

Answer: 
assistant
3",3,2,grade7,"system
You are a helpful assistant.
user
 QUESTION: Which country is highlighted?
OPTIONS:
0: Barbados
1: the Dominican Republic
2: Saint Lucia
3: Saint Vincent and the Grenadines

Answer with the correct option from 0 to 3. Only provide the numeric and nothing else 

Answer: 
assistant
2",2,2,grade7
6,42,"system
You are a helpful assistant.
user
 QUESTION: Which country is highlighted?
OPTIONS:
0: Vanuatu
1: Tonga
2: the Marshall Islands
3: Nauru

Answer with the correct option from 0 to 3. Only provide the numeric and nothing else 

Answer: 
assistant
0",0,3,grade8,"system
You are a helpful assistant.
user
 QUESTION: Which country is highlighted?
OPTIONS:
0: Vanuatu
1: Tonga
2: the Marshall Islands
3: Nauru

Answer with the correct option from 0 to 3. Only provide the numeric and nothing else 

Answer: 
assistant
2",2,3,grade8
7,43,"system
You are a helpful assistant.
user
 QUESTION: Which rhetorical appeal is primarily used in this ad?
OPTIONS:
0: logos (reason)
1: pathos (emotion)
2: ethos (character)

Answer with the correct option from 0 to 2. Only provide the numeric and nothing else 

Answer: 
assistant
1",1,1,grade12,"system
You are a helpful assistant.
user
 QUESTION: Which rhetorical appeal is primarily used in this ad?
OPTIONS:
0: logos (reason)
1: pathos (emotion)
2: ethos (character)

Answer with the correct option from 0 to 2. Only provide the numeric and nothing else 

Answer: 
assistant
0",0,1,grade12
8,44,"system
You are a helpful assistant.
user
 QUESTION: Which animal is also adapted to be camouflaged among dead leaves?
OPTIONS:
0: strawberry poison frog
1: Surinam horned frog

Answer with the correct option from 0 to 1. Only provide the numeric and nothing else 

Answer: 
assistant
0",0,1,grade5,"system
You are a helpful assistant.
user
 QUESTION: Which animal is also adapted to be camouflaged among dead leaves?
OPTIONS:
0: strawberry poison frog
1: Surinam horned frog

Answer with the correct option from 0 to 1. Only provide the numeric and nothing else 

Answer: 
assistant
1",1,1,grade5
9,46,"system
You are a helpful assistant.
user
 QUESTION: Think about the magnetic force between the magnets in each pair. Which of the following statements is true?
OPTIONS:
0: The magnetic force is stronger in Pair 1.
1: The magnetic force is stronger in Pair 2.
2: The strength of the magnetic force is the same in both pairs.

Answer with the correct option from 0 to 2. Only provide the numeric and nothing else 

Answer: 
assistant
0",0,1,grade3,"system
You are a helpful assistant.
user
 QUESTION: Think about the magnetic force between the magnets in each pair. Which of the following statements is true?
OPTIONS:
0: The magnetic force is stronger in Pair 1.
1: The magnetic force is stronger in Pair 2.
2: The strength of the magnetic force is the same in both pairs.

Answer with the correct option from 0 to 2. Only provide the numeric and nothing else 

Answer: 
assistant
2",2,1,grade3
10,53,"system
You are a helpful assistant.
user
 QUESTION: Think about the magnetic force between the magnets in each pair. Which of the following statements is true?
OPTIONS:
0: The magnitude of the magnetic force is smaller in Pair 2.
1: The magnitude of the magnetic force is smaller in Pair 1.
2: The magnitude of the magnetic force is the same in both pairs.

Answer with the correct option from 0 to 2. Only provide the numeric and nothing else 

Answer: 
assistant
2",2,2,grade6,"system
You are a helpful assistant.
user
 QUESTION: Think about the magnetic force between the magnets in each pair. Which of the following statements is true?
OPTIONS:
0: The magnitude of the magnetic force is smaller in Pair 2.
1: The magnitude of the magnetic force is smaller in Pair 1.
2: The magnitude of the magnetic force is the same in both pairs.

Answer with the correct option from 0 to 2. Only provide the numeric and nothing else 

Answer: 
assistant
1",1,2,grade6
11,63,"system
You are a helpful assistant.
user
 QUESTION: What is the name of the colony shown?
OPTIONS:
0: New Jersey
1: South Carolina
2: West Virginia
3: Rhode Island

Answer with the correct option from 0 to 3. Only provide the numeric and nothing else 

Answer: 
assistant
1",1,1,grade8,"system
You are a helpful assistant.
user
 QUESTION: What is the name of the colony shown?
OPTIONS:
0: New Jersey
1: South Carolina
2: West Virginia
3: Rhode Island

Answer with the correct option from 0 to 3. Only provide the numeric and nothing else 

Answer: 
assistant
0",0,1,grade8
12,65,"system
You are a helpful assistant.
user
 QUESTION: Which continent is highlighted?
OPTIONS:
0: North America
1: Africa
2: Asia
3: South America

Answer with the correct option from 0 to 3. Only provide the numeric and nothing else 

Answer: 
assistant
1",1,1,grade5,"system
You are a helpful assistant.
user
 QUESTION: Which continent is highlighted?
OPTIONS:
0: North America
1: Africa
2: Asia
3: South America

Answer with the correct option from 0 to 3. Only provide the numeric and nothing else 

Answer: 
assistant
2",2,1,grade5
13,80,"system
You are a helpful assistant.
user
 QUESTION: Which is this organism's scientific name?
OPTIONS:
0: Gavia immer
1: common loon

Answer with the correct option from 0 to 1. Only provide the numeric and nothing else 

Answer: 
assistant
1",1,0,grade5,"system
You are a helpful assistant.
user
 QUESTION: Which is this organism's scientific name?
OPTIONS:
0: Gavia immer
1: common loon

Answer with the correct option from 0 to 1. Only provide the numeric and nothing else 

Answer: 
assistant
0",0,0,grade5
14,82,"system
You are a helpful assistant.
user
 QUESTION: Which property do these three objects have in common?
OPTIONS:
0: slippery
1: transparent
2: yellow

Answer with the correct option from 0 to 2. Only provide the numeric and nothing else 

Answer: 
assistant
2",2,2,grade4,"system
You are a helpful assistant.
user
 QUESTION: Which property do these three objects have in common?
OPTIONS:
0: slippery
1: transparent
2: yellow

Answer with the correct option from 0 to 2. Only provide the numeric and nothing else 

Answer: 
assistant
0",0,2,grade4
15,86,"system
You are a helpful assistant.
user
 QUESTION: What is the name of the colony shown?
OPTIONS:
0: New Hampshire
1: Vermont
2: New York
3: Delaware

Answer with the correct option from 0 to 3. Only provide the numeric and nothing else 

Answer: 
assistant
2",2,2,grade7,"system
You are a helpful assistant.
user
 QUESTION: What is the name of the colony shown?
OPTIONS:
0: New Hampshire
1: Vermont
2: New York
3: Delaware

Answer with the correct option from 0 to 3. Only provide the numeric and nothing else 

Answer: 
assistant
1",1,2,grade7
16,93,"system
You are a helpful assistant.
user
 QUESTION: What can Austen and Naomi trade to each get what they want?
OPTIONS:
0: Naomi can trade her broccoli for Austen's oranges.
1: Austen can trade his tomatoes for Naomi's broccoli.
2: Austen can trade his tomatoes for Naomi's sandwich.
3: Naomi can trade her almonds for Austen's tomatoes.

Answer with the correct option from 0 to 3. Only provide the numeric and nothing else 

Answer: 
assistant
2",2,1,grade6,"system
You are a helpful assistant.
user
 QUESTION: What can Austen and Naomi trade to each get what they want?
OPTIONS:
0: Naomi can trade her broccoli for Austen's oranges.
1: Austen can trade his tomatoes for Naomi's broccoli.
2: Austen can trade his tomatoes for Naomi's sandwich.
3: Naomi can trade her almonds for Austen's tomatoes.

Answer with the correct option from 0 to 3. Only provide the numeric and nothing else 

Answer: 
assistant
1",1,1,grade6
17,96,"system
You are a helpful assistant.
user
 QUESTION: Which solution has a higher concentration of pink particles?
OPTIONS:
0: neither; their concentrations are the same
1: Solution B
2: Solution A

Answer with the correct option from 0 to 2. Only provide the numeric and nothing else 

Answer: 
assistant
1",1,1,grade8,"system
You are a helpful assistant.
user
 QUESTION: Which solution has a higher concentration of pink particles?
OPTIONS:
0: neither; their concentrations are the same
1: Solution B
2: Solution A

Answer with the correct option from 0 to 2. Only provide the numeric and nothing else 

Answer: 
assistant
2",2,1,grade8
18,97,"system
You are a helpful assistant.
user
 QUESTION: Identify the question that Robert's experiment can best answer.
OPTIONS:
0: Do steel nails take fewer days to rust in water compared to vinegar?
1: Do steel nails rust in fewer days when submerged in a large volume of liquid compared to a small volume?

Answer with the correct option from 0 to 1. Only provide the numeric and nothing else 

Answer: 
assistant
1",1,0,grade7,"system
You are a helpful assistant.
user
 QUESTION: Identify the question that Robert's experiment can best answer.
OPTIONS:
0: Do steel nails take fewer days to rust in water compared to vinegar?
1: Do steel nails rust in fewer days when submerged in a large volume of liquid compared to a small volume?

Answer with the correct option from 0 to 1. Only provide the numeric and nothing else 

Answer: 
assistant
0",0,0,grade7
19,99,"system
You are a helpful assistant.
user
 QUESTION: Which country is highlighted?
OPTIONS:
0: Haiti
1: Trinidad and Tobago
2: Cuba
3: the Dominican Republic

Answer with the correct option from 0 to 3. Only provide the numeric and nothing else 

Answer: 
assistant
3",3,0,grade6,"system
You are a helpful assistant.
user
 QUESTION: Which country is highlighted?
OPTIONS:
0: Haiti
1: Trinidad and Tobago
2: Cuba
3: the Dominican Republic

Answer with the correct option from 0 to 3. Only provide the numeric and nothing else 

Answer: 
assistant
2",2,0,grade6
20,100,"system
You are a helpful assistant.
user
 QUESTION: Compare the average kinetic energies of the particles in each sample. Which sample has the higher temperature?
OPTIONS:
0: neither; the samples have the same temperature
1: sample B
2: sample A

Answer with the correct option from 0 to 2. Only provide the numeric and nothing else 

Answer: 
assistant
1",1,1,grade7,"system
You are a helpful assistant.
user
 QUESTION: Compare the average kinetic energies of the particles in each sample. Which sample has the higher temperature?
OPTIONS:
0: neither; the samples have the same temperature
1: sample B
2: sample A

Answer with the correct option from 0 to 2. Only provide the numeric and nothing else 

Answer: 
assistant
2",2,1,grade7
21,117,"system
You are a helpful assistant.
user
 QUESTION: What can Turner and Mona trade to each get what they want?
OPTIONS:
0: Turner can trade his tomatoes for Mona's broccoli.
1: Turner can trade his tomatoes for Mona's carrots.
2: Mona can trade her broccoli for Turner's oranges.
3: Mona can trade her almonds for Turner's tomatoes.

Answer with the correct option from 0 to 3. Only provide the numeric and nothing else 

Answer: 
assistant
3",3,0,grade8,"system
You are a helpful assistant.
user
 QUESTION: What can Turner and Mona trade to each get what they want?
OPTIONS:
0: Turner can trade his tomatoes for Mona's broccoli.
1: Turner can trade his tomatoes for Mona's carrots.
2: Mona can trade her broccoli for Turner's oranges.
3: Mona can trade her almonds for Turner's tomatoes.

Answer with the correct option from 0 to 3. Only provide the numeric and nothing else 

Answer: 
assistant
1",1,0,grade8
22,118,"system
You are a helpful assistant.
user
 QUESTION: Which property matches this object?
OPTIONS:
0: stretchy
1: transparent

Answer with the correct option from 0 to 1. Only provide the numeric and nothing else 

Answer: 
assistant
1",1,1,grade3,"system
You are a helpful assistant.
user
 QUESTION: Which property matches this object?
OPTIONS:
0: stretchy
1: transparent

Answer with the correct option from 0 to 1. Only provide the numeric and nothing else 

Answer: 
assistant
0",0,1,grade3
23,119,"system
You are a helpful assistant.
user
 QUESTION: Which country is highlighted?
OPTIONS:
0: Tuvalu
1: Australia
2: New Zealand
3: Papua New Guinea

Answer with the correct option from 0 to 3. Only provide the numeric and nothing else 

Answer: 
assistant
1",1,1,grade7,"system
You are a helpful assistant.
user
 QUESTION: Which country is highlighted?
OPTIONS:
0: Tuvalu
1: Australia
2: New Zealand
3: Papua New Guinea

Answer with the correct option from 0 to 3. Only provide the numeric and nothing else 

Answer: 
assistant
0",0,1,grade7
24,120,"system
You are a helpful assistant.
user
 QUESTION: Compare the average kinetic energies of the particles in each sample. Which sample has the higher temperature?
OPTIONS:
0: neither; the samples have the same temperature
1: sample A
2: sample B

Answer with the correct option from 0 to 2. Only provide the numeric and nothing else 

Answer: 
assistant
2",2,2,grade6,"system
You are a helpful assistant.
user
 QUESTION: Compare the average kinetic energies of the particles in each sample. Which sample has the higher temperature?
OPTIONS:
0: neither; the samples have the same temperature
1: sample A
2: sample B

Answer with the correct option from 0 to 2. Only provide the numeric and nothing else 

Answer: 
assistant
1",1,2,grade6
25,124,"system
You are a helpful assistant.
user
 QUESTION: Identify the question that Kira's experiment can best answer.
OPTIONS:
0: Does linen fabric turn darker than cotton fabric when soaked in a mixture of black dye and water?
1: Does fabric turn darker when soaked in a mixture of black dye and water for 15 minutes compared to 30 minutes?

Answer with the correct option from 0 to 1. Only provide the numeric and nothing else 

Answer: 
assistant
0",0,0,grade6,"system
You are a helpful assistant.
user
 QUESTION: Identify the question that Kira's experiment can best answer.
OPTIONS:
0: Does linen fabric turn darker than cotton fabric when soaked in a mixture of black dye and water?
1: Does fabric turn darker when soaked in a mixture of black dye and water for 15 minutes compared to 30 minutes?

Answer with the correct option from 0 to 1. Only provide the numeric and nothing else 

Answer: 
assistant
1",1,0,grade6
26,127,"system
You are a helpful assistant.
user
 QUESTION: What is the name of the colony shown?
OPTIONS:
0: Maryland
1: Virginia
2: Washington, D.C.
3: Rhode Island

Answer with the correct option from 0 to 3. Only provide the numeric and nothing else 

Answer: 
assistant
0",0,0,grade4,"system
You are a helpful assistant.
user
 QUESTION: What is the name of the colony shown?
OPTIONS:
0: Maryland
1: Virginia
2: Washington, D.C.
3: Rhode Island

Answer with the correct option from 0 to 3. Only provide the numeric and nothing else 

Answer: 
assistant
1",1,0,grade4
27,129,"system
You are a helpful assistant.
user
 QUESTION: Which country is highlighted?
OPTIONS:
0: The Bahamas
1: Cuba
2: Jamaica
3: Haiti

Answer with the correct option from 0 to 3. Only provide the numeric and nothing else 

Answer: 
assistant
1",1,1,grade6,"system
You are a helpful assistant.
user
 QUESTION: Which country is highlighted?
OPTIONS:
0: The Bahamas
1: Cuba
2: Jamaica
3: Haiti

Answer with the correct option from 0 to 3. Only provide the numeric and nothing else 

Answer: 
assistant
2",2,1,grade6
28,131,"system
You are a helpful assistant.
user
 QUESTION: What is the name of the colony shown?
OPTIONS:
0: New York
1: Rhode Island
2: North Carolina
3: New Jersey

Answer with the correct option from 0 to 3. Only provide the numeric and nothing else 

Answer: 
assistant
0",0,1,grade4,"system
You are a helpful assistant.
user
 QUESTION: What is the name of the colony shown?
OPTIONS:
0: New York
1: Rhode Island
2: North Carolina
3: New Jersey

Answer with the correct option from 0 to 3. Only provide the numeric and nothing else 

Answer: 
assistant
2",2,1,grade4
29,143,"system
You are a helpful assistant.
user
 QUESTION: Which property do these three objects have in common?
OPTIONS:
0: rough
1: yellow
2: sticky

Answer with the correct option from 0 to 2. Only provide the numeric and nothing else 

Answer: 
assistant
1",1,1,grade3,"system
You are a helpful assistant.
user
 QUESTION: Which property do these three objects have in common?
OPTIONS:
0: rough
1: yellow
2: sticky

Answer with the correct option from 0 to 2. Only provide the numeric and nothing else 

Answer: 
assistant
0",0,1,grade3
30,146,"system
You are a helpful assistant.
user
 QUESTION: Which month is the wettest on average in Christchurch?
OPTIONS:
0: August
1: April
2: May

Answer with the correct option from 0 to 2. Only provide the numeric and nothing else 

Answer: 
assistant
2",2,2,grade3,"system
You are a helpful assistant.
user
 QUESTION: Which month is the wettest on average in Christchurch?
OPTIONS:
0: August
1: April
2: May

Answer with the correct option from 0 to 2. Only provide the numeric and nothing else 

Answer: 
assistant
0",0,2,grade3
31,151,"system
You are a helpful assistant.
user
 QUESTION: Which of these states is farthest south?
OPTIONS:
0: Missouri
1: Michigan
2: Maine
3: Oregon

Answer with the correct option from 0 to 3. Only provide the numeric and nothing else 

Answer: 
assistant
0",0,0,grade4,"system
You are a helpful assistant.
user
 QUESTION: Which of these states is farthest south?
OPTIONS:
0: Missouri
1: Michigan
2: Maine
3: Oregon

Answer with the correct option from 0 to 3. Only provide the numeric and nothing else 

Answer: 
assistant
3",3,0,grade4
32,153,"system
You are a helpful assistant.
user
 QUESTION: In this food web, which organism contains matter that eventually moves to the bat star?
OPTIONS:
0: sea cucumber
1: sea otter
2: phytoplankton

Answer with the correct option from 0 to 2. Only provide the numeric and nothing else 

Answer: 
assistant
0",0,2,grade6,"system
You are a helpful assistant.
user
 QUESTION: In this food web, which organism contains matter that eventually moves to the bat star?
OPTIONS:
0: sea cucumber
1: sea otter
2: phytoplankton

Answer with the correct option from 0 to 2. Only provide the numeric and nothing else 

Answer: 
assistant
2",2,2,grade6
33,158,"system
You are a helpful assistant.
user
 QUESTION: Is the following statement about our solar system true or false?
Of the four smallest planets, two are made mainly of gas.
OPTIONS:
0: false
1: true

Answer with the correct option from 0 to 1. Only provide the numeric and nothing else 

Answer: 
assistant
0",0,0,grade8,"system
You are a helpful assistant.
user
 QUESTION: Is the following statement about our solar system true or false?
Of the four smallest planets, two are made mainly of gas.
OPTIONS:
0: false
1: true

Answer with the correct option from 0 to 1. Only provide the numeric and nothing else 

Answer: 
assistant
1",1,0,grade8
34,160,"system
You are a helpful assistant.
user
 QUESTION: Think about the magnetic force between the magnets in each pair. Which of the following statements is true?
OPTIONS:
0: The magnitude of the magnetic force is greater in Pair 2.
1: The magnitude of the magnetic force is greater in Pair 1.
2: The magnitude of the magnetic force is the same in both pairs.

Answer with the correct option from 0 to 2. Only provide the numeric and nothing else 

Answer: 
assistant
2",2,1,grade7,"system
You are a helpful assistant.
user
 QUESTION: Think about the magnetic force between the magnets in each pair. Which of the following statements is true?
OPTIONS:
0: The magnitude of the magnetic force is greater in Pair 2.
1: The magnitude of the magnetic force is greater in Pair 1.
2: The magnitude of the magnetic force is the same in both pairs.

Answer with the correct option from 0 to 2. Only provide the numeric and nothing else 

Answer: 
assistant
1",1,1,grade7
35,162,"system
You are a helpful assistant.
user
 QUESTION: Select the fish below.
OPTIONS:
0: water buffalo
1: poison dart frog
2: great white shark
3: penguin

Answer with the correct option from 0 to 3. Only provide the numeric and nothing else 

Answer: 
assistant
0",0,2,grade4,"system
You are a helpful assistant.
user
 QUESTION: Select the fish below.
OPTIONS:
0: water buffalo
1: poison dart frog
2: great white shark
3: penguin

Answer with the correct option from 0 to 3. Only provide the numeric and nothing else 

Answer: 
assistant
3",3,2,grade4
36,163,"system
You are a helpful assistant.
user
 QUESTION: What can Clara and Harry trade to each get what they want?
OPTIONS:
0: Harry can trade his almonds for Clara's tomatoes.
1: Clara can trade her tomatoes for Harry's carrots.
2: Harry can trade his broccoli for Clara's oranges.
3: Clara can trade her tomatoes for Harry's broccoli.

Answer with the correct option from 0 to 3. Only provide the numeric and nothing else 

Answer: 
assistant
0",0,3,grade8,"system
You are a helpful assistant.
user
 QUESTION: What can Clara and Harry trade to each get what they want?
OPTIONS:
0: Harry can trade his almonds for Clara's tomatoes.
1: Clara can trade her tomatoes for Harry's carrots.
2: Harry can trade his broccoli for Clara's oranges.
3: Clara can trade her tomatoes for Harry's broccoli.

Answer with the correct option from 0 to 3. Only provide the numeric and nothing else 

Answer: 
assistant
3",3,3,grade8
37,165,"system
You are a helpful assistant.
user
 QUESTION: What is the name of the colony shown?
OPTIONS:
0: North Carolina
1: Mississippi
2: New York
3: Massachusetts

Answer with the correct option from 0 to 3. Only provide the numeric and nothing else 

Answer: 
assistant
2",2,2,grade8,"system
You are a helpful assistant.
user
 QUESTION: What is the name of the colony shown?
OPTIONS:
0: North Carolina
1: Mississippi
2: New York
3: Massachusetts

Answer with the correct option from 0 to 3. Only provide the numeric and nothing else 

Answer: 
assistant
3",3,2,grade8
38,172,"system
You are a helpful assistant.
user
 QUESTION: Think about the magnetic force between the magnets in each pair. Which of the following statements is true?
OPTIONS:
0: The magnitude of the magnetic force is smaller in Pair 1.
1: The magnitude of the magnetic force is smaller in Pair 2.
2: The magnitude of the magnetic force is the same in both pairs.

Answer with the correct option from 0 to 2. Only provide the numeric and nothing else 

Answer: 
assistant
0",0,1,grade5,"system
You are a helpful assistant.
user
 QUESTION: Think about the magnetic force between the magnets in each pair. Which of the following statements is true?
OPTIONS:
0: The magnitude of the magnetic force is smaller in Pair 1.
1: The magnitude of the magnetic force is smaller in Pair 2.
2: The magnitude of the magnetic force is the same in both pairs.

Answer with the correct option from 0 to 2. Only provide the numeric and nothing else 

Answer: 
assistant
1",1,1,grade5
39,173,"system
You are a helpful assistant.
user
 QUESTION: What can Reid and Daniel trade to each get what they want?
OPTIONS:
0: Reid can trade his tomatoes for Daniel's carrots.
1: Daniel can trade his broccoli for Reid's oranges.
2: Reid can trade his tomatoes for Daniel's broccoli.
3: Daniel can trade his almonds for Reid's tomatoes.

Answer with the correct option from 0 to 3. Only provide the numeric and nothing else 

Answer: 
assistant
3",3,2,grade8,"system
You are a helpful assistant.
user
 QUESTION: What can Reid and Daniel trade to each get what they want?
OPTIONS:
0: Reid can trade his tomatoes for Daniel's carrots.
1: Daniel can trade his broccoli for Reid's oranges.
2: Reid can trade his tomatoes for Daniel's broccoli.
3: Daniel can trade his almonds for Reid's tomatoes.

Answer with the correct option from 0 to 3. Only provide the numeric and nothing else 

Answer: 
assistant
2",2,2,grade8
40,179,"system
You are a helpful assistant.
user
 QUESTION: Which state is highlighted?
OPTIONS:
0: Ohio
1: South Dakota
2: Nebraska
3: Indiana

Answer with the correct option from 0 to 3. Only provide the numeric and nothing else 

Answer: 
assistant
3",3,3,grade5,"system
You are a helpful assistant.
user
 QUESTION: Which state is highlighted?
OPTIONS:
0: Ohio
1: South Dakota
2: Nebraska
3: Indiana

Answer with the correct option from 0 to 3. Only provide the numeric and nothing else 

Answer: 
assistant
2",2,3,grade5
41,181,"system
You are a helpful assistant.
user
 QUESTION: Which continent is highlighted?
OPTIONS:
0: North America
1: Europe
2: Australia
3: South America

Answer with the correct option from 0 to 3. Only provide the numeric and nothing else 

Answer: 
assistant
3",3,3,grade5,"system
You are a helpful assistant.
user
 QUESTION: Which continent is highlighted?
OPTIONS:
0: North America
1: Europe
2: Australia
3: South America

Answer with the correct option from 0 to 3. Only provide the numeric and nothing else 

Answer: 
assistant
2",2,3,grade5
42,191,"system
You are a helpful assistant.
user
 QUESTION: Which property do these three objects have in common?
OPTIONS:
0: flexible
1: transparent
2: opaque

Answer with the correct option from 0 to 2. Only provide the numeric and nothing else 

Answer: 
assistant
1",1,1,grade3,"system
You are a helpful assistant.
user
 QUESTION: Which property do these three objects have in common?
OPTIONS:
0: flexible
1: transparent
2: opaque

Answer with the correct option from 0 to 2. Only provide the numeric and nothing else 

Answer: 
assistant
2",2,1,grade3
43,193,"system
You are a helpful assistant.
user
 QUESTION: What is the name of the colony shown?
OPTIONS:
0: Maine
1: Rhode Island
2: New York
3: Virginia

Answer with the correct option from 0 to 3. Only provide the numeric and nothing else 

Answer: 
assistant
0",0,1,grade4,"system
You are a helpful assistant.
user
 QUESTION: What is the name of the colony shown?
OPTIONS:
0: Maine
1: Rhode Island
2: New York
3: Virginia

Answer with the correct option from 0 to 3. Only provide the numeric and nothing else 

Answer: 
assistant
1",1,1,grade4
44,195,"system
You are a helpful assistant.
user
 QUESTION: What is the name of the colony shown?
OPTIONS:
0: New Jersey
1: New York
2: Maryland
3: Delaware

Answer with the correct option from 0 to 3. Only provide the numeric and nothing else 

Answer: 
assistant
1",1,1,grade8,"system
You are a helpful assistant.
user
 QUESTION: What is the name of the colony shown?
OPTIONS:
0: New Jersey
1: New York
2: Maryland
3: Delaware

Answer with the correct option from 0 to 3. Only provide the numeric and nothing else 

Answer: 
assistant
0",0,1,grade8
45,200,"system
You are a helpful assistant.
user
 QUESTION: Look at the models of molecules below. Select the elementary substance.
OPTIONS:
0: acetaldehyde
1: hydrazine
2: ozone

Answer with the correct option from 0 to 2. Only provide the numeric and nothing else 

Answer: 
assistant
2",2,2,grade6,"system
You are a helpful assistant.
user
 QUESTION: Look at the models of molecules below. Select the elementary substance.
OPTIONS:
0: acetaldehyde
1: hydrazine
2: ozone

Answer with the correct option from 0 to 2. Only provide the numeric and nothing else 

Answer: 
assistant
0",0,2,grade6
46,201,"system
You are a helpful assistant.
user
 QUESTION: Think about the magnetic force between the magnets in each pair. Which of the following statements is true?
OPTIONS:
0: The magnetic force is weaker in Pair 1.
1: The magnetic force is weaker in Pair 2.
2: The strength of the magnetic force is the same in both pairs.

Answer with the correct option from 0 to 2. Only provide the numeric and nothing else 

Answer: 
assistant
2",2,2,grade4,"system
You are a helpful assistant.
user
 QUESTION: Think about the magnetic force between the magnets in each pair. Which of the following statements is true?
OPTIONS:
0: The magnetic force is weaker in Pair 1.
1: The magnetic force is weaker in Pair 2.
2: The strength of the magnetic force is the same in both pairs.

Answer with the correct option from 0 to 2. Only provide the numeric and nothing else 

Answer: 
assistant
1",1,2,grade4
47,203,"system
You are a helpful assistant.
user
 QUESTION: Which of the following could Marcy and Brenda's test show?
OPTIONS:
0: if a new batch of concrete was firm enough to use
1: if the concrete from each batch took the same amount of time to dry

Answer with the correct option from 0 to 1. Only provide the numeric and nothing else 

Answer: 
assistant
0",0,0,grade6,"system
You are a helpful assistant.
user
 QUESTION: Which of the following could Marcy and Brenda's test show?
OPTIONS:
0: if a new batch of concrete was firm enough to use
1: if the concrete from each batch took the same amount of time to dry

Answer with the correct option from 0 to 1. Only provide the numeric and nothing else 

Answer: 
assistant
1",1,0,grade6
48,207,"system
You are a helpful assistant.
user
 QUESTION: Which country is highlighted?
OPTIONS:
0: Jamaica
1: Grenada
2: Cuba
3: Haiti

Answer with the correct option from 0 to 3. Only provide the numeric and nothing else 

Answer: 
assistant
3",3,0,grade7,"system
You are a helpful assistant.
user
 QUESTION: Which country is highlighted?
OPTIONS:
0: Jamaica
1: Grenada
2: Cuba
3: Haiti

Answer with the correct option from 0 to 3. Only provide the numeric and nothing else 

Answer: 
assistant
2",2,0,grade7
49,212,"system
You are a helpful assistant.
user
 QUESTION: What can Arianna and Clarence trade to each get what they want?
OPTIONS:
0: Arianna can trade her tomatoes for Clarence's sandwich.
1: Arianna can trade her tomatoes for Clarence's broccoli.
2: Clarence can trade his broccoli for Arianna's oranges.
3: Clarence can trade his almonds for Arianna's tomatoes.

Answer with the correct option from 0 to 3. Only provide the numeric and nothing else 

Answer: 
assistant
2",2,1,grade6,"system
You are a helpful assistant.
user
 QUESTION: What can Arianna and Clarence trade to each get what they want?
OPTIONS:
0: Arianna can trade her tomatoes for Clarence's sandwich.
1: Arianna can trade her tomatoes for Clarence's broccoli.
2: Clarence can trade his broccoli for Arianna's oranges.
3: Clarence can trade his almonds for Arianna's tomatoes.

Answer with the correct option from 0 to 3. Only provide the numeric and nothing else 

Answer: 
assistant
1",1,1,grade6
50,218,"system
You are a helpful assistant.
user
 QUESTION: Which three months have over 200millimeters of precipitation in Singapore?
OPTIONS:
0: November, December, and January
1: August, September, and October
2: May, June, and July

Answer with the correct option from 0 to 2. Only provide the numeric and nothing else 

Answer: 
assistant
0",0,0,grade3,"system
You are a helpful assistant.
user
 QUESTION: Which three months have over 200millimeters of precipitation in Singapore?
OPTIONS:
0: November, December, and January
1: August, September, and October
2: May, June, and July

Answer with the correct option from 0 to 2. Only provide the numeric and nothing else 

Answer: 
assistant
1",1,0,grade3
51,222,"system
You are a helpful assistant.
user
 QUESTION: What is the probability that a Syrian hamster produced by this cross will have long fur?
OPTIONS:
0: 2/4
1: 3/4
2: 4/4
3: 1/4
4: 0/4

Answer with the correct option from 0 to 4. Only provide the numeric and nothing else 

Answer: 
assistant
0",0,0,grade8,"system
You are a helpful assistant.
user
 QUESTION: What is the probability that a Syrian hamster produced by this cross will have long fur?
OPTIONS:
0: 2/4
1: 3/4
2: 4/4
3: 1/4
4: 0/4

Answer with the correct option from 0 to 4. Only provide the numeric and nothing else 

Answer: 
assistant
1",1,0,grade8
52,223,"system
You are a helpful assistant.
user
 QUESTION: Which of these states is farthest south?
OPTIONS:
0: Kansas
1: Connecticut
2: Ohio
3: South Dakota

Answer with the correct option from 0 to 3. Only provide the numeric and nothing else 

Answer: 
assistant
0",0,0,grade2,"system
You are a helpful assistant.
user
 QUESTION: Which of these states is farthest south?
OPTIONS:
0: Kansas
1: Connecticut
2: Ohio
3: South Dakota

Answer with the correct option from 0 to 3. Only provide the numeric and nothing else 

Answer: 
assistant
3",3,0,grade2
53,233,"system
You are a helpful assistant.
user
 QUESTION: Identify the question that Nate's experiment can best answer.
OPTIONS:
0: Can pennies hold more drops of water mixed with dish soap or water mixed with hand soap?
1: Can pennies hold more drops of pure water or water mixed with hand soap?

Answer with the correct option from 0 to 1. Only provide the numeric and nothing else 

Answer: 
assistant
1",1,1,grade8,"system
You are a helpful assistant.
user
 QUESTION: Identify the question that Nate's experiment can best answer.
OPTIONS:
0: Can pennies hold more drops of water mixed with dish soap or water mixed with hand soap?
1: Can pennies hold more drops of pure water or water mixed with hand soap?

Answer with the correct option from 0 to 1. Only provide the numeric and nothing else 

Answer: 
assistant
0",0,1,grade8
54,237,"system
You are a helpful assistant.
user
 QUESTION: Which country is highlighted?
OPTIONS:
0: Solomon Islands
1: the Marshall Islands
2: Tonga
3: Fiji

Answer with the correct option from 0 to 3. Only provide the numeric and nothing else 

Answer: 
assistant
1",1,3,grade8,"system
You are a helpful assistant.
user
 QUESTION: Which country is highlighted?
OPTIONS:
0: Solomon Islands
1: the Marshall Islands
2: Tonga
3: Fiji

Answer with the correct option from 0 to 3. Only provide the numeric and nothing else 

Answer: 
assistant
3",3,3,grade8
55,241,"system
You are a helpful assistant.
user
 QUESTION: What instrument does Yo-Yo play?
OPTIONS:
0: the violin
1: the cello

Answer with the correct option from 0 to 1. Only provide the numeric and nothing else 

Answer: 
assistant
1",1,1,grade2,"system
You are a helpful assistant.
user
 QUESTION: What instrument does Yo-Yo play?
OPTIONS:
0: the violin
1: the cello

Answer with the correct option from 0 to 1. Only provide the numeric and nothing else 

Answer: 
assistant
0",0,1,grade2
56,242,"system
You are a helpful assistant.
user
 QUESTION: Which property do these four objects have in common?
OPTIONS:
0: flexible
1: salty
2: smooth

Answer with the correct option from 0 to 2. Only provide the numeric and nothing else 

Answer: 
assistant
0",0,2,grade5,"system
You are a helpful assistant.
user
 QUESTION: Which property do these four objects have in common?
OPTIONS:
0: flexible
1: salty
2: smooth

Answer with the correct option from 0 to 2. Only provide the numeric and nothing else 

Answer: 
assistant
2",2,2,grade5
57,245,"system
You are a helpful assistant.
user
 QUESTION: Is the following statement about our solar system true or false?
The volume of Mars is more than ten times as large as Mercury's.
OPTIONS:
0: true
1: false

Answer with the correct option from 0 to 1. Only provide the numeric and nothing else 

Answer: 
assistant
1",1,1,grade8,"system
You are a helpful assistant.
user
 QUESTION: Is the following statement about our solar system true or false?
The volume of Mars is more than ten times as large as Mercury's.
OPTIONS:
0: true
1: false

Answer with the correct option from 0 to 1. Only provide the numeric and nothing else 

Answer: 
assistant
0",0,1,grade8
58,247,"system
You are a helpful assistant.
user
 QUESTION: Which continent is highlighted?
OPTIONS:
0: Australia
1: Antarctica
2: South America
3: Asia

Answer with the correct option from 0 to 3. Only provide the numeric and nothing else 

Answer: 
assistant
0",0,0,grade5,"system
You are a helpful assistant.
user
 QUESTION: Which continent is highlighted?
OPTIONS:
0: Australia
1: Antarctica
2: South America
3: Asia

Answer with the correct option from 0 to 3. Only provide the numeric and nothing else 

Answer: 
assistant
2",2,0,grade5
59,250,"system
You are a helpful assistant.
user
 QUESTION: Which country is highlighted?
OPTIONS:
0: Saint Lucia
1: Jamaica
2: Haiti
3: Cuba

Answer with the correct option from 0 to 3. Only provide the numeric and nothing else 

Answer: 
assistant
2",2,1,grade6,"system
You are a helpful assistant.
user
 QUESTION: Which country is highlighted?
OPTIONS:
0: Saint Lucia
1: Jamaica
2: Haiti
3: Cuba

Answer with the correct option from 0 to 3. Only provide the numeric and nothing else 

Answer: 
assistant
0",0,1,grade6
60,252,"system
You are a helpful assistant.
user
 QUESTION: What can Janet and Kari trade to each get what they want?
OPTIONS:
0: Janet can trade her tomatoes for Kari's sandwich.
1: Kari can trade her almonds for Janet's tomatoes.
2: Kari can trade her broccoli for Janet's oranges.
3: Janet can trade her tomatoes for Kari's broccoli.

Answer with the correct option from 0 to 3. Only provide the numeric and nothing else 

Answer: 
assistant
2",2,3,grade6,"system
You are a helpful assistant.
user
 QUESTION: What can Janet and Kari trade to each get what they want?
OPTIONS:
0: Janet can trade her tomatoes for Kari's sandwich.
1: Kari can trade her almonds for Janet's tomatoes.
2: Kari can trade her broccoli for Janet's oranges.
3: Janet can trade her tomatoes for Kari's broccoli.

Answer with the correct option from 0 to 3. Only provide the numeric and nothing else 

Answer: 
assistant
1",1,3,grade6
61,254,"system
You are a helpful assistant.
user
 QUESTION: Which property matches this object?
OPTIONS:
0: translucent
1: colorful

Answer with the correct option from 0 to 1. Only provide the numeric and nothing else 

Answer: 
assistant
1",1,1,grade3,"system
You are a helpful assistant.
user
 QUESTION: Which property matches this object?
OPTIONS:
0: translucent
1: colorful

Answer with the correct option from 0 to 1. Only provide the numeric and nothing else 

Answer: 
assistant
0",0,1,grade3
62,259,"system
You are a helpful assistant.
user
 QUESTION: Think about the magnetic force between the magnets in each pair. Which of the following statements is true?
OPTIONS:
0: The magnetic force is stronger in Pair 2.
1: The magnetic force is stronger in Pair 1.
2: The strength of the magnetic force is the same in both pairs.

Answer with the correct option from 0 to 2. Only provide the numeric and nothing else 

Answer: 
assistant
2",2,2,grade4,"system
You are a helpful assistant.
user
 QUESTION: Think about the magnetic force between the magnets in each pair. Which of the following statements is true?
OPTIONS:
0: The magnetic force is stronger in Pair 2.
1: The magnetic force is stronger in Pair 1.
2: The strength of the magnetic force is the same in both pairs.

Answer with the correct option from 0 to 2. Only provide the numeric and nothing else 

Answer: 
assistant
1",1,2,grade4
63,269,"system
You are a helpful assistant.
user
 QUESTION: Think about the magnetic force between the magnets in each pair. Which of the following statements is true?
OPTIONS:
0: The magnetic force is weaker in Pair 2.
1: The strength of the magnetic force is the same in both pairs.
2: The magnetic force is weaker in Pair 1.

Answer with the correct option from 0 to 2. Only provide the numeric and nothing else 

Answer: 
assistant
0",0,2,grade3,"system
You are a helpful assistant.
user
 QUESTION: Think about the magnetic force between the magnets in each pair. Which of the following statements is true?
OPTIONS:
0: The magnetic force is weaker in Pair 2.
1: The strength of the magnetic force is the same in both pairs.
2: The magnetic force is weaker in Pair 1.

Answer with the correct option from 0 to 2. Only provide the numeric and nothing else 

Answer: 
assistant
2",2,2,grade3
64,275,"system
You are a helpful assistant.
user
 QUESTION: Think about the magnetic force between the magnets in each pair. Which of the following statements is true?
OPTIONS:
0: The magnitude of the magnetic force is smaller in Pair 1.
1: The magnitude of the magnetic force is smaller in Pair 2.
2: The magnitude of the magnetic force is the same in both pairs.

Answer with the correct option from 0 to 2. Only provide the numeric and nothing else 

Answer: 
assistant
2",2,2,grade7,"system
You are a helpful assistant.
user
 QUESTION: Think about the magnetic force between the magnets in each pair. Which of the following statements is true?
OPTIONS:
0: The magnitude of the magnetic force is smaller in Pair 1.
1: The magnitude of the magnetic force is smaller in Pair 2.
2: The magnitude of the magnetic force is the same in both pairs.

Answer with the correct option from 0 to 2. Only provide the numeric and nothing else 

Answer: 
assistant
1",1,2,grade7
65,276,"system
You are a helpful assistant.
user
 QUESTION: Which country is highlighted?
OPTIONS:
0: the Dominican Republic
1: Grenada
2: Jamaica
3: Trinidad and Tobago

Answer with the correct option from 0 to 3. Only provide the numeric and nothing else 

Answer: 
assistant
0",0,3,grade7,"system
You are a helpful assistant.
user
 QUESTION: Which country is highlighted?
OPTIONS:
0: the Dominican Republic
1: Grenada
2: Jamaica
3: Trinidad and Tobago

Answer with the correct option from 0 to 3. Only provide the numeric and nothing else 

Answer: 
assistant
2",2,3,grade7
66,277,"system
You are a helpful assistant.
user
 QUESTION: What can Brandon and Derek trade to each get what they want?
OPTIONS:
0: Brandon can trade his tomatoes for Derek's broccoli.
1: Brandon can trade his tomatoes for Derek's carrots.
2: Derek can trade his almonds for Brandon's tomatoes.
3: Derek can trade his broccoli for Brandon's oranges.

Answer with the correct option from 0 to 3. Only provide the numeric and nothing else 

Answer: 
assistant
3",3,0,grade8,"system
You are a helpful assistant.
user
 QUESTION: What can Brandon and Derek trade to each get what they want?
OPTIONS:
0: Brandon can trade his tomatoes for Derek's broccoli.
1: Brandon can trade his tomatoes for Derek's carrots.
2: Derek can trade his almonds for Brandon's tomatoes.
3: Derek can trade his broccoli for Brandon's oranges.

Answer with the correct option from 0 to 3. Only provide the numeric and nothing else 

Answer: 
assistant
2",2,0,grade8
67,278,"system
You are a helpful assistant.
user
 QUESTION: What can Connor and Maura trade to each get what they want?
OPTIONS:
0: Connor can trade his tomatoes for Maura's carrots.
1: Maura can trade her broccoli for Connor's oranges.
2: Connor can trade his tomatoes for Maura's broccoli.
3: Maura can trade her almonds for Connor's tomatoes.

Answer with the correct option from 0 to 3. Only provide the numeric and nothing else 

Answer: 
assistant
3",3,2,grade8,"system
You are a helpful assistant.
user
 QUESTION: What can Connor and Maura trade to each get what they want?
OPTIONS:
0: Connor can trade his tomatoes for Maura's carrots.
1: Maura can trade her broccoli for Connor's oranges.
2: Connor can trade his tomatoes for Maura's broccoli.
3: Maura can trade her almonds for Connor's tomatoes.

Answer with the correct option from 0 to 3. Only provide the numeric and nothing else 

Answer: 
assistant
2",2,2,grade8
68,282,"system
You are a helpful assistant.
user
 QUESTION: Which solution has a higher concentration of green particles?
OPTIONS:
0: Solution A
1: neither; their concentrations are the same
2: Solution B

Answer with the correct option from 0 to 2. Only provide the numeric and nothing else 

Answer: 
assistant
1",1,2,grade6,"system
You are a helpful assistant.
user
 QUESTION: Which solution has a higher concentration of green particles?
OPTIONS:
0: Solution A
1: neither; their concentrations are the same
2: Solution B

Answer with the correct option from 0 to 2. Only provide the numeric and nothing else 

Answer: 
assistant
2",2,2,grade6
69,283,"system
You are a helpful assistant.
user
 QUESTION: Which state is highlighted?
OPTIONS:
0: Nebraska
1: North Dakota
2: Michigan
3: Minnesota

Answer with the correct option from 0 to 3. Only provide the numeric and nothing else 

Answer: 
assistant
1",1,1,grade5,"system
You are a helpful assistant.
user
 QUESTION: Which state is highlighted?
OPTIONS:
0: Nebraska
1: North Dakota
2: Michigan
3: Minnesota

Answer with the correct option from 0 to 3. Only provide the numeric and nothing else 

Answer: 
assistant
0",0,1,grade5
70,287,"system
You are a helpful assistant.
user
 QUESTION: Which of these cities is marked on the map?
OPTIONS:
0: Atlanta
1: Los Angeles
2: New York City
3: Houston

Answer with the correct option from 0 to 3. Only provide the numeric and nothing else 

Answer: 
assistant
1",1,1,grade5,"system
You are a helpful assistant.
user
 QUESTION: Which of these cities is marked on the map?
OPTIONS:
0: Atlanta
1: Los Angeles
2: New York City
3: Houston

Answer with the correct option from 0 to 3. Only provide the numeric and nothing else 

Answer: 
assistant
2",2,1,grade5
71,292,"system
You are a helpful assistant.
user
 QUESTION: Which air temperature was measured within the outlined area shown?
OPTIONS:
0: -24°C
1: 3°C
2: -4°C

Answer with the correct option from 0 to 2. Only provide the numeric and nothing else 

Answer: 
assistant
2",2,0,grade6,"system
You are a helpful assistant.
user
 QUESTION: Which air temperature was measured within the outlined area shown?
OPTIONS:
0: -24°C
1: 3°C
2: -4°C

Answer with the correct option from 0 to 2. Only provide the numeric and nothing else 

Answer: 
assistant
1",1,0,grade6
72,299,"system
You are a helpful assistant.
user
 QUESTION: Think about the magnetic force between the magnets in each pair. Which of the following statements is true?
OPTIONS:
0: The magnitude of the magnetic force is smaller in Pair 1.
1: The magnitude of the magnetic force is the same in both pairs.
2: The magnitude of the magnetic force is smaller in Pair 2.

Answer with the correct option from 0 to 2. Only provide the numeric and nothing else 

Answer: 
assistant
0",0,0,grade6,"system
You are a helpful assistant.
user
 QUESTION: Think about the magnetic force between the magnets in each pair. Which of the following statements is true?
OPTIONS:
0: The magnitude of the magnetic force is smaller in Pair 1.
1: The magnitude of the magnetic force is the same in both pairs.
2: The magnitude of the magnetic force is smaller in Pair 2.

Answer with the correct option from 0 to 2. Only provide the numeric and nothing else 

Answer: 
assistant
2",2,0,grade6
73,301,"system
You are a helpful assistant.
user
 QUESTION: Which state is highlighted?
OPTIONS:
0: South Dakota
1: Kansas
2: Illinois
3: Michigan

Answer with the correct option from 0 to 3. Only provide the numeric and nothing else 

Answer: 
assistant
0",0,0,grade5,"system
You are a helpful assistant.
user
 QUESTION: Which state is highlighted?
OPTIONS:
0: South Dakota
1: Kansas
2: Illinois
3: Michigan

Answer with the correct option from 0 to 3. Only provide the numeric and nothing else 

Answer: 
assistant
2",2,0,grade5
74,304,"system
You are a helpful assistant.
user
 QUESTION: Which country is highlighted?
OPTIONS:
0: Haiti
1: Dominica
2: the Dominican Republic
3: Trinidad and Tobago

Answer with the correct option from 0 to 3. Only provide the numeric and nothing else 

Answer: 
assistant
1",1,1,grade7,"system
You are a helpful assistant.
user
 QUESTION: Which country is highlighted?
OPTIONS:
0: Haiti
1: Dominica
2: the Dominican Republic
3: Trinidad and Tobago

Answer with the correct option from 0 to 3. Only provide the numeric and nothing else 

Answer: 
assistant
2",2,1,grade7
75,305,"system
You are a helpful assistant.
user
 QUESTION: Which of these states is farthest south?
OPTIONS:
0: Colorado
1: Montana
2: Washington
3: Pennsylvania

Answer with the correct option from 0 to 3. Only provide the numeric and nothing else 

Answer: 
assistant
3",3,0,grade2,"system
You are a helpful assistant.
user
 QUESTION: Which of these states is farthest south?
OPTIONS:
0: Colorado
1: Montana
2: Washington
3: Pennsylvania

Answer with the correct option from 0 to 3. Only provide the numeric and nothing else 

Answer: 
assistant
0",0,0,grade2
76,307,"system
You are a helpful assistant.
user
 QUESTION: Which of the following could Robert's test show?
OPTIONS:
0: how steady a parachute with a 1 m vent was at 200 km per hour
1: if the spacecraft was damaged when using a parachute with a 1 m vent going 200 km per hour
2: whether a parachute with a 1 m vent would swing too much at 400 km per hour

Answer with the correct option from 0 to 2. Only provide the numeric and nothing else 

Answer: 
assistant
1",1,0,grade7,"system
You are a helpful assistant.
user
 QUESTION: Which of the following could Robert's test show?
OPTIONS:
0: how steady a parachute with a 1 m vent was at 200 km per hour
1: if the spacecraft was damaged when using a parachute with a 1 m vent going 200 km per hour
2: whether a parachute with a 1 m vent would swing too much at 400 km per hour

Answer with the correct option from 0 to 2. Only provide the numeric and nothing else 

Answer: 
assistant
2",2,0,grade7
77,318,"system
You are a helpful assistant.
user
 QUESTION: Which property do these three objects have in common?
OPTIONS:
0: stretchy
1: rough
2: bouncy

Answer with the correct option from 0 to 2. Only provide the numeric and nothing else 

Answer: 
assistant
1",1,1,grade3,"system
You are a helpful assistant.
user
 QUESTION: Which property do these three objects have in common?
OPTIONS:
0: stretchy
1: rough
2: bouncy

Answer with the correct option from 0 to 2. Only provide the numeric and nothing else 

Answer: 
assistant
0",0,1,grade3
78,320,"system
You are a helpful assistant.
user
 QUESTION: Which country is highlighted?
OPTIONS:
0: Kiribati
1: Tuvalu
2: Tonga
3: the Marshall Islands

Answer with the correct option from 0 to 3. Only provide the numeric and nothing else 

Answer: 
assistant
1",1,1,grade8,"system
You are a helpful assistant.
user
 QUESTION: Which country is highlighted?
OPTIONS:
0: Kiribati
1: Tuvalu
2: Tonga
3: the Marshall Islands

Answer with the correct option from 0 to 3. Only provide the numeric and nothing else 

Answer: 
assistant
0",0,1,grade8
79,322,"system
You are a helpful assistant.
user
 QUESTION: Which of these cities is marked on the map?
OPTIONS:
0: Nashville
1: Houston
2: Charlotte
3: New Orleans

Answer with the correct option from 0 to 3. Only provide the numeric and nothing else 

Answer: 
assistant
3",3,1,grade4,"system
You are a helpful assistant.
user
 QUESTION: Which of these cities is marked on the map?
OPTIONS:
0: Nashville
1: Houston
2: Charlotte
3: New Orleans

Answer with the correct option from 0 to 3. Only provide the numeric and nothing else 

Answer: 
assistant
2",2,1,grade4
80,326,"system
You are a helpful assistant.
user
 QUESTION: Which statement is true about the average monthly precipitation in Nairobi?
OPTIONS:
0: Nairobi gets about the same amount of precipitation each month.
1: More precipitation falls in April than in August.
2: February is the wettest month of the year.

Answer with the correct option from 0 to 2. Only provide the numeric and nothing else 

Answer: 
assistant
1",1,1,grade3,"system
You are a helpful assistant.
user
 QUESTION: Which statement is true about the average monthly precipitation in Nairobi?
OPTIONS:
0: Nairobi gets about the same amount of precipitation each month.
1: More precipitation falls in April than in August.
2: February is the wettest month of the year.

Answer with the correct option from 0 to 2. Only provide the numeric and nothing else 

Answer: 
assistant
2",2,1,grade3
81,327,"system
You are a helpful assistant.
user
 QUESTION: Which solution has a higher concentration of purple particles?
OPTIONS:
0: Solution B
1: Solution A
2: neither; their concentrations are the same

Answer with the correct option from 0 to 2. Only provide the numeric and nothing else 

Answer: 
assistant
2",2,1,grade8,"system
You are a helpful assistant.
user
 QUESTION: Which solution has a higher concentration of purple particles?
OPTIONS:
0: Solution B
1: Solution A
2: neither; their concentrations are the same

Answer with the correct option from 0 to 2. Only provide the numeric and nothing else 

Answer: 
assistant
1",1,1,grade8
82,328,"system
You are a helpful assistant.
user
 QUESTION: Which month has the lowest average precipitation in London?
OPTIONS:
0: July
1: November
2: February

Answer with the correct option from 0 to 2. Only provide the numeric and nothing else 

Answer: 
assistant
0",0,0,grade3,"system
You are a helpful assistant.
user
 QUESTION: Which month has the lowest average precipitation in London?
OPTIONS:
0: July
1: November
2: February

Answer with the correct option from 0 to 2. Only provide the numeric and nothing else 

Answer: 
assistant
2",2,0,grade3
83,330,"system
You are a helpful assistant.
user
 QUESTION: Which country is highlighted?
OPTIONS:
0: Kiribati
1: Nauru
2: the Marshall Islands
3: Solomon Islands

Answer with the correct option from 0 to 3. Only provide the numeric and nothing else 

Answer: 
assistant
0",0,2,grade7,"system
You are a helpful assistant.
user
 QUESTION: Which country is highlighted?
OPTIONS:
0: Kiribati
1: Nauru
2: the Marshall Islands
3: Solomon Islands

Answer with the correct option from 0 to 3. Only provide the numeric and nothing else 

Answer: 
assistant
2",2,2,grade7
84,332,"system
You are a helpful assistant.
user
 QUESTION: Which property do these three objects have in common?
OPTIONS:
0: sticky
1: salty
2: colorful

Answer with the correct option from 0 to 2. Only provide the numeric and nothing else 

Answer: 
assistant
1",1,1,grade3,"system
You are a helpful assistant.
user
 QUESTION: Which property do these three objects have in common?
OPTIONS:
0: sticky
1: salty
2: colorful

Answer with the correct option from 0 to 2. Only provide the numeric and nothing else 

Answer: 
assistant
2",2,1,grade3
85,334,"system
You are a helpful assistant.
user
 QUESTION: What can Vivian and Jamal trade to each get what they want?
OPTIONS:
0: Vivian can trade her tomatoes for Jamal's broccoli.
1: Jamal can trade his broccoli for Vivian's oranges.
2: Vivian can trade her tomatoes for Jamal's carrots.
3: Jamal can trade his almonds for Vivian's tomatoes.

Answer with the correct option from 0 to 3. Only provide the numeric and nothing else 

Answer: 
assistant
0",0,0,grade7,"system
You are a helpful assistant.
user
 QUESTION: What can Vivian and Jamal trade to each get what they want?
OPTIONS:
0: Vivian can trade her tomatoes for Jamal's broccoli.
1: Jamal can trade his broccoli for Vivian's oranges.
2: Vivian can trade her tomatoes for Jamal's carrots.
3: Jamal can trade his almonds for Vivian's tomatoes.

Answer with the correct option from 0 to 3. Only provide the numeric and nothing else 

Answer: 
assistant
2",2,0,grade7
86,335,"system
You are a helpful assistant.
user
 QUESTION: Which continent is highlighted?
OPTIONS:
0: Antarctica
1: North America
2: Asia
3: Europe

Answer with the correct option from 0 to 3. Only provide the numeric and nothing else 

Answer: 
assistant
3",3,3,grade3,"system
You are a helpful assistant.
user
 QUESTION: Which continent is highlighted?
OPTIONS:
0: Antarctica
1: North America
2: Asia
3: Europe

Answer with the correct option from 0 to 3. Only provide the numeric and nothing else 

Answer: 
assistant
2",2,3,grade3
87,341,"system
You are a helpful assistant.
user
 QUESTION: What can Janice and Abdul trade to each get what they want?
OPTIONS:
0: Abdul can trade his almonds for Janice's tomatoes.
1: Janice can trade her tomatoes for Abdul's carrots.
2: Janice can trade her tomatoes for Abdul's broccoli.
3: Abdul can trade his broccoli for Janice's oranges.

Answer with the correct option from 0 to 3. Only provide the numeric and nothing else 

Answer: 
assistant
0",0,2,grade7,"system
You are a helpful assistant.
user
 QUESTION: What can Janice and Abdul trade to each get what they want?
OPTIONS:
0: Abdul can trade his almonds for Janice's tomatoes.
1: Janice can trade her tomatoes for Abdul's carrots.
2: Janice can trade her tomatoes for Abdul's broccoli.
3: Abdul can trade his broccoli for Janice's oranges.

Answer with the correct option from 0 to 3. Only provide the numeric and nothing else 

Answer: 
assistant
2",2,2,grade7
88,345,"system
You are a helpful assistant.
user
 QUESTION: Compare the average kinetic energies of the particles in each sample. Which sample has the higher temperature?
OPTIONS:
0: sample B
1: sample A
2: neither; the samples have the same temperature

Answer with the correct option from 0 to 2. Only provide the numeric and nothing else 

Answer: 
assistant
0",0,0,grade8,"system
You are a helpful assistant.
user
 QUESTION: Compare the average kinetic energies of the particles in each sample. Which sample has the higher temperature?
OPTIONS:
0: sample B
1: sample A
2: neither; the samples have the same temperature

Answer with the correct option from 0 to 2. Only provide the numeric and nothing else 

Answer: 
assistant
1",1,0,grade8
89,346,"system
You are a helpful assistant.
user
 QUESTION: Which property matches this object?
OPTIONS:
0: transparent
1: smooth

Answer with the correct option from 0 to 1. Only provide the numeric and nothing else 

Answer: 
assistant
1",1,1,grade3,"system
You are a helpful assistant.
user
 QUESTION: Which property matches this object?
OPTIONS:
0: transparent
1: smooth

Answer with the correct option from 0 to 1. Only provide the numeric and nothing else 

Answer: 
assistant
0",0,1,grade3
90,347,"system
You are a helpful assistant.
user
 QUESTION: Think about the magnetic force between the magnets in each pair. Which of the following statements is true?
OPTIONS:
0: The magnitude of the magnetic force is greater in Pair 1.
1: The magnitude of the magnetic force is greater in Pair 2.
2: The magnitude of the magnetic force is the same in both pairs.

Answer with the correct option from 0 to 2. Only provide the numeric and nothing else 

Answer: 
assistant
0",0,0,grade7,"system
You are a helpful assistant.
user
 QUESTION: Think about the magnetic force between the magnets in each pair. Which of the following statements is true?
OPTIONS:
0: The magnitude of the magnetic force is greater in Pair 1.
1: The magnitude of the magnetic force is greater in Pair 2.
2: The magnitude of the magnetic force is the same in both pairs.

Answer with the correct option from 0 to 2. Only provide the numeric and nothing else 

Answer: 
assistant
2",2,0,grade7
91,348,"system
You are a helpful assistant.
user
 QUESTION: Think about the magnetic force between the magnets in each pair. Which of the following statements is true?
OPTIONS:
0: The magnitude of the magnetic force is greater in Pair 1.
1: The magnitude of the magnetic force is greater in Pair 2.
2: The magnitude of the magnetic force is the same in both pairs.

Answer with the correct option from 0 to 2. Only provide the numeric and nothing else 

Answer: 
assistant
0",0,1,grade5,"system
You are a helpful assistant.
user
 QUESTION: Think about the magnetic force between the magnets in each pair. Which of the following statements is true?
OPTIONS:
0: The magnitude of the magnetic force is greater in Pair 1.
1: The magnitude of the magnetic force is greater in Pair 2.
2: The magnitude of the magnetic force is the same in both pairs.

Answer with the correct option from 0 to 2. Only provide the numeric and nothing else 

Answer: 
assistant
2",2,1,grade5
92,350,"system
You are a helpful assistant.
user
 QUESTION: Which property do these three objects have in common?
OPTIONS:
0: soft
1: fragile
2: scratchy

Answer with the correct option from 0 to 2. Only provide the numeric and nothing else 

Answer: 
assistant
1",1,1,grade3,"system
You are a helpful assistant.
user
 QUESTION: Which property do these three objects have in common?
OPTIONS:
0: soft
1: fragile
2: scratchy

Answer with the correct option from 0 to 2. Only provide the numeric and nothing else 

Answer: 
assistant
0",0,1,grade3
93,352,"system
You are a helpful assistant.
user
 QUESTION: Which state is highlighted?
OPTIONS:
0: Idaho
1: Wyoming
2: Utah
3: California

Answer with the correct option from 0 to 3. Only provide the numeric and nothing else 

Answer: 
assistant
0",0,0,grade5,"system
You are a helpful assistant.
user
 QUESTION: Which state is highlighted?
OPTIONS:
0: Idaho
1: Wyoming
2: Utah
3: California

Answer with the correct option from 0 to 3. Only provide the numeric and nothing else 

Answer: 
assistant
2",2,0,grade5
94,360,"system
You are a helpful assistant.
user
 QUESTION: Identify the question that Carter's experiment can best answer.
OPTIONS:
0: Do steel nails take fewer days to rust in water compared to vinegar?
1: Do steel nails rust in fewer days when submerged in a large volume of liquid compared to a small volume?

Answer with the correct option from 0 to 1. Only provide the numeric and nothing else 

Answer: 
assistant
1",1,0,grade6,"system
You are a helpful assistant.
user
 QUESTION: Identify the question that Carter's experiment can best answer.
OPTIONS:
0: Do steel nails take fewer days to rust in water compared to vinegar?
1: Do steel nails rust in fewer days when submerged in a large volume of liquid compared to a small volume?

Answer with the correct option from 0 to 1. Only provide the numeric and nothing else 

Answer: 
assistant
0",0,0,grade6
95,368,"system
You are a helpful assistant.
user
 QUESTION: Which i in column 3?
OPTIONS:
0: the school
1: the park
2: the pond
3: the gas station

Answer with the correct option from 0 to 3. Only provide the numeric and nothing else 

Answer: 
assistant
0",0,0,grade3,"system
You are a helpful assistant.
user
 QUESTION: Which i in column 3?
OPTIONS:
0: the school
1: the park
2: the pond
3: the gas station

Answer with the correct option from 0 to 3. Only provide the numeric and nothing else 

Answer: 
assistant
3",3,0,grade3
96,369,"system
You are a helpful assistant.
user
 QUESTION: Which continent is highlighted?
OPTIONS:
0: Africa
1: South America
2: Europe
3: Australia

Answer with the correct option from 0 to 3. Only provide the numeric and nothing else 

Answer: 
assistant
2",2,2,grade8,"system
You are a helpful assistant.
user
 QUESTION: Which continent is highlighted?
OPTIONS:
0: Africa
1: South America
2: Europe
3: Australia

Answer with the correct option from 0 to 3. Only provide the numeric and nothing else 

Answer: 
assistant
1",1,2,grade8
97,372,"system
You are a helpful assistant.
user
 QUESTION: Think about the magnetic force between the magnets in each pair. Which of the following statements is true?
OPTIONS:
0: The magnetic force is stronger in Pair 1.
1: The strength of the magnetic force is the same in both pairs.
2: The magnetic force is stronger in Pair 2.

Answer with the correct option from 0 to 2. Only provide the numeric and nothing else 

Answer: 
assistant
1",1,1,grade4,"system
You are a helpful assistant.
user
 QUESTION: Think about the magnetic force between the magnets in each pair. Which of the following statements is true?
OPTIONS:
0: The magnetic force is stronger in Pair 1.
1: The strength of the magnetic force is the same in both pairs.
2: The magnetic force is stronger in Pair 2.

Answer with the correct option from 0 to 2. Only provide the numeric and nothing else 

Answer: 
assistant
2",2,1,grade4
98,375,"system
You are a helpful assistant.
user
 QUESTION: Which solution has a higher concentration of green particles?
OPTIONS:
0: Solution A
1: Solution B
2: neither; their concentrations are the same

Answer with the correct option from 0 to 2. Only provide the numeric and nothing else 

Answer: 
assistant
2",2,1,grade8,"system
You are a helpful assistant.
user
 QUESTION: Which solution has a higher concentration of green particles?
OPTIONS:
0: Solution A
1: Solution B
2: neither; their concentrations are the same

Answer with the correct option from 0 to 2. Only provide the numeric and nothing else 

Answer: 
assistant
1",1,1,grade8
99,377,"system
You are a helpful assistant.
user
 QUESTION: Think about the magnetic force between the magnets in each pair. Which of the following statements is true?
OPTIONS:
0: The magnitude of the magnetic force is the same in both pairs.
1: The magnitude of the magnetic force is smaller in Pair 1.
2: The magnitude of the magnetic force is smaller in Pair 2.

Answer with the correct option from 0 to 2. Only provide the numeric and nothing else 

Answer: 
assistant
0",0,0,grade8,"system
You are a helpful assistant.
user
 QUESTION: Think about the magnetic force between the magnets in each pair. Which of the following statements is true?
OPTIONS:
0: The magnitude of the magnetic force is the same in both pairs.
1: The magnitude of the magnetic force is smaller in Pair 1.
2: The magnitude of the magnetic force is smaller in Pair 2.

Answer with the correct option from 0 to 2. Only provide the numeric and nothing else 

Answer: 
assistant
1",1,0,grade8
100,380,"system
You are a helpful assistant.
user
 QUESTION: What can Kiara and Fernando trade to each get what they want?
OPTIONS:
0: Kiara can trade her tomatoes for Fernando's carrots.
1: Fernando can trade his broccoli for Kiara's oranges.
2: Kiara can trade her tomatoes for Fernando's broccoli.
3: Fernando can trade his almonds for Kiara's tomatoes.

Answer with the correct option from 0 to 3. Only provide the numeric and nothing else 

Answer: 
assistant
3",3,2,grade7,"system
You are a helpful assistant.
user
 QUESTION: What can Kiara and Fernando trade to each get what they want?
OPTIONS:
0: Kiara can trade her tomatoes for Fernando's carrots.
1: Fernando can trade his broccoli for Kiara's oranges.
2: Kiara can trade her tomatoes for Fernando's broccoli.
3: Fernando can trade his almonds for Kiara's tomatoes.

Answer with the correct option from 0 to 3. Only provide the numeric and nothing else 

Answer: 
assistant
2",2,2,grade7
101,382,"system
You are a helpful assistant.
user
 QUESTION: Which of these states is farthest east?
OPTIONS:
0: Louisiana
1: North Dakota
2: North Carolina
3: Arizona

Answer with the correct option from 0 to 3. Only provide the numeric and nothing else 

Answer: 
assistant
2",2,2,grade5,"system
You are a helpful assistant.
user
 QUESTION: Which of these states is farthest east?
OPTIONS:
0: Louisiana
1: North Dakota
2: North Carolina
3: Arizona

Answer with the correct option from 0 to 3. Only provide the numeric and nothing else 

Answer: 
assistant
0",0,2,grade5
102,387,"system
You are a helpful assistant.
user
 QUESTION: Which of these states is farthest south?
OPTIONS:
0: Maine
1: Massachusetts
2: Michigan
3: Delaware

Answer with the correct option from 0 to 3. Only provide the numeric and nothing else 

Answer: 
assistant
3",3,3,grade4,"system
You are a helpful assistant.
user
 QUESTION: Which of these states is farthest south?
OPTIONS:
0: Maine
1: Massachusetts
2: Michigan
3: Delaware

Answer with the correct option from 0 to 3. Only provide the numeric and nothing else 

Answer: 
assistant
0",0,3,grade4
103,388,"system
You are a helpful assistant.
user
 QUESTION: In this experiment, which were part of a control group?
OPTIONS:
0: the sections of wall scrubbed with water and baking soda
1: the sections of wall scrubbed with water only

Answer with the correct option from 0 to 1. Only provide the numeric and nothing else 

Answer: 
assistant
1",1,1,grade7,"system
You are a helpful assistant.
user
 QUESTION: In this experiment, which were part of a control group?
OPTIONS:
0: the sections of wall scrubbed with water and baking soda
1: the sections of wall scrubbed with water only

Answer with the correct option from 0 to 1. Only provide the numeric and nothing else 

Answer: 
assistant
0",0,1,grade7
104,389,"system
You are a helpful assistant.
user
 QUESTION: What is the name of the colony shown?
OPTIONS:
0: Georgia
1: New Hampshire
2: South Carolina
3: West Virginia

Answer with the correct option from 0 to 3. Only provide the numeric and nothing else 

Answer: 
assistant
0",0,0,grade5,"system
You are a helpful assistant.
user
 QUESTION: What is the name of the colony shown?
OPTIONS:
0: Georgia
1: New Hampshire
2: South Carolina
3: West Virginia

Answer with the correct option from 0 to 3. Only provide the numeric and nothing else 

Answer: 
assistant
2",2,0,grade5
105,393,"system
You are a helpful assistant.
user
 QUESTION: Which country is highlighted?
OPTIONS:
0: Saint Vincent and the Grenadines
1: Saint Lucia
2: Barbados
3: Grenada

Answer with the correct option from 0 to 3. Only provide the numeric and nothing else 

Answer: 
assistant
3",3,0,grade6,"system
You are a helpful assistant.
user
 QUESTION: Which country is highlighted?
OPTIONS:
0: Saint Vincent and the Grenadines
1: Saint Lucia
2: Barbados
3: Grenada

Answer with the correct option from 0 to 3. Only provide the numeric and nothing else 

Answer: 
assistant
2",2,0,grade6
106,402,"system
You are a helpful assistant.
user
 QUESTION: Which country is highlighted?
OPTIONS:
0: Saint Kitts and Nevis
1: Antigua and Barbuda
2: Saint Vincent and the Grenadines
3: Barbados

Answer with the correct option from 0 to 3. Only provide the numeric and nothing else 

Answer: 
assistant
0",0,1,grade8,"system
You are a helpful assistant.
user
 QUESTION: Which country is highlighted?
OPTIONS:
0: Saint Kitts and Nevis
1: Antigua and Barbuda
2: Saint Vincent and the Grenadines
3: Barbados

Answer with the correct option from 0 to 3. Only provide the numeric and nothing else 

Answer: 
assistant
2",2,1,grade8
107,404,"system
You are a helpful assistant.
user
 QUESTION: What is the name of the colony shown?
OPTIONS:
0: North Carolina
1: Rhode Island
2: Delaware
3: Georgia

Answer with the correct option from 0 to 3. Only provide the numeric and nothing else 

Answer: 
assistant
0",0,3,grade8,"system
You are a helpful assistant.
user
 QUESTION: What is the name of the colony shown?
OPTIONS:
0: North Carolina
1: Rhode Island
2: Delaware
3: Georgia

Answer with the correct option from 0 to 3. Only provide the numeric and nothing else 

Answer: 
assistant
3",3,3,grade8
108,405,"system
You are a helpful assistant.
user
 QUESTION: Which property do these three objects have in common?
OPTIONS:
0: bouncy
1: blue
2: fuzzy

Answer with the correct option from 0 to 2. Only provide the numeric and nothing else 

Answer: 
assistant
1",1,1,grade3,"system
You are a helpful assistant.
user
 QUESTION: Which property do these three objects have in common?
OPTIONS:
0: bouncy
1: blue
2: fuzzy

Answer with the correct option from 0 to 2. Only provide the numeric and nothing else 

Answer: 
assistant
0",0,1,grade3
109,406,"system
You are a helpful assistant.
user
 QUESTION: Which continent is highlighted?
OPTIONS:
0: Africa
1: North America
2: Europe
3: Asia

Answer with the correct option from 0 to 3. Only provide the numeric and nothing else 

Answer: 
assistant
1",1,1,grade7,"system
You are a helpful assistant.
user
 QUESTION: Which continent is highlighted?
OPTIONS:
0: Africa
1: North America
2: Europe
3: Asia

Answer with the correct option from 0 to 3. Only provide the numeric and nothing else 

Answer: 
assistant
0",0,1,grade7
110,407,"system
You are a helpful assistant.
user
 QUESTION: What can Austin and Colin trade to each get what they want?
OPTIONS:
0: Colin can trade his broccoli for Austin's oranges.
1: Colin can trade his almonds for Austin's tomatoes.
2: Austin can trade his tomatoes for Colin's carrots.
3: Austin can trade his tomatoes for Colin's broccoli.

Answer with the correct option from 0 to 3. Only provide the numeric and nothing else 

Answer: 
assistant
0",0,3,grade8,"system
You are a helpful assistant.
user
 QUESTION: What can Austin and Colin trade to each get what they want?
OPTIONS:
0: Colin can trade his broccoli for Austin's oranges.
1: Colin can trade his almonds for Austin's tomatoes.
2: Austin can trade his tomatoes for Colin's carrots.
3: Austin can trade his tomatoes for Colin's broccoli.

Answer with the correct option from 0 to 3. Only provide the numeric and nothing else 

Answer: 
assistant
3",3,3,grade8
111,409,"system
You are a helpful assistant.
user
 QUESTION: Look at the models of molecules below. Select the elementary substance.
OPTIONS:
0: silane
1: nitrogen
2: ethane

Answer with the correct option from 0 to 2. Only provide the numeric and nothing else 

Answer: 
assistant
1",1,1,grade6,"system
You are a helpful assistant.
user
 QUESTION: Look at the models of molecules below. Select the elementary substance.
OPTIONS:
0: silane
1: nitrogen
2: ethane

Answer with the correct option from 0 to 2. Only provide the numeric and nothing else 

Answer: 
assistant
0",0,1,grade6
112,411,"system
You are a helpful assistant.
user
 QUESTION: Identify the question that Ivan's experiment can best answer.
OPTIONS:
0: Can pennies hold more drops of water mixed with dish soap or water mixed with hand soap?
1: Can pennies hold more drops of pure water or water mixed with hand soap?

Answer with the correct option from 0 to 1. Only provide the numeric and nothing else 

Answer: 
assistant
1",1,1,grade6,"system
You are a helpful assistant.
user
 QUESTION: Identify the question that Ivan's experiment can best answer.
OPTIONS:
0: Can pennies hold more drops of water mixed with dish soap or water mixed with hand soap?
1: Can pennies hold more drops of pure water or water mixed with hand soap?

Answer with the correct option from 0 to 1. Only provide the numeric and nothing else 

Answer: 
assistant
0",0,1,grade6
113,412,"system
You are a helpful assistant.
user
 QUESTION: Which property do these three objects have in common?
OPTIONS:
0: sticky
1: opaque
2: blue

Answer with the correct option from 0 to 2. Only provide the numeric and nothing else 

Answer: 
assistant
0",0,0,grade4,"system
You are a helpful assistant.
user
 QUESTION: Which property do these three objects have in common?
OPTIONS:
0: sticky
1: opaque
2: blue

Answer with the correct option from 0 to 2. Only provide the numeric and nothing else 

Answer: 
assistant
1",1,0,grade4
114,416,"system
You are a helpful assistant.
user
 QUESTION: Which animal's skin is better adapted as a warning sign to ward off predators?
OPTIONS:
0: crown-of-thorns sea star
1: peppered moth

Answer with the correct option from 0 to 1. Only provide the numeric and nothing else 

Answer: 
assistant
0",0,0,grade3,"system
You are a helpful assistant.
user
 QUESTION: Which animal's skin is better adapted as a warning sign to ward off predators?
OPTIONS:
0: crown-of-thorns sea star
1: peppered moth

Answer with the correct option from 0 to 1. Only provide the numeric and nothing else 

Answer: 
assistant
1",1,0,grade3
115,418,"system
You are a helpful assistant.
user
 QUESTION: Compare the average kinetic energies of the particles in each sample. Which sample has the higher temperature?
OPTIONS:
0: sample B
1: sample A
2: neither; the samples have the same temperature

Answer with the correct option from 0 to 2. Only provide the numeric and nothing else 

Answer: 
assistant
0",0,0,grade6,"system
You are a helpful assistant.
user
 QUESTION: Compare the average kinetic energies of the particles in each sample. Which sample has the higher temperature?
OPTIONS:
0: sample B
1: sample A
2: neither; the samples have the same temperature

Answer with the correct option from 0 to 2. Only provide the numeric and nothing else 

Answer: 
assistant
1",1,0,grade6
116,419,"system
You are a helpful assistant.
user
 QUESTION: What is the name of the colony shown?
OPTIONS:
0: Iowa
1: New Hampshire
2: Vermont
3: New York

Answer with the correct option from 0 to 3. Only provide the numeric and nothing else 

Answer: 
assistant
1",1,1,grade8,"system
You are a helpful assistant.
user
 QUESTION: What is the name of the colony shown?
OPTIONS:
0: Iowa
1: New Hampshire
2: Vermont
3: New York

Answer with the correct option from 0 to 3. Only provide the numeric and nothing else 

Answer: 
assistant
2",2,1,grade8
117,420,"system
You are a helpful assistant.
user
 QUESTION: Which month is the wettest on average in Christchurch?
OPTIONS:
0: December
1: May
2: April

Answer with the correct option from 0 to 2. Only provide the numeric and nothing else 

Answer: 
assistant
1",1,1,grade3,"system
You are a helpful assistant.
user
 QUESTION: Which month is the wettest on average in Christchurch?
OPTIONS:
0: December
1: May
2: April

Answer with the correct option from 0 to 2. Only provide the numeric and nothing else 

Answer: 
assistant
0",0,1,grade3
118,421,"system
You are a helpful assistant.
user
 QUESTION: Is the following statement about our solar system true or false?
Earth is the largest planet that is made mainly of rock.
OPTIONS:
0: true
1: false

Answer with the correct option from 0 to 1. Only provide the numeric and nothing else 

Answer: 
assistant
0",0,0,grade6,"system
You are a helpful assistant.
user
 QUESTION: Is the following statement about our solar system true or false?
Earth is the largest planet that is made mainly of rock.
OPTIONS:
0: true
1: false

Answer with the correct option from 0 to 1. Only provide the numeric and nothing else 

Answer: 
assistant
1",1,0,grade6
119,423,"system
You are a helpful assistant.
user
 QUESTION: What can Jonah and Cassie trade to each get what they want?
OPTIONS:
0: Cassie can trade her broccoli for Jonah's oranges.
1: Jonah can trade his tomatoes for Cassie's carrots.
2: Cassie can trade her almonds for Jonah's tomatoes.
3: Jonah can trade his tomatoes for Cassie's broccoli.

Answer with the correct option from 0 to 3. Only provide the numeric and nothing else 

Answer: 
assistant
3",3,3,grade7,"system
You are a helpful assistant.
user
 QUESTION: What can Jonah and Cassie trade to each get what they want?
OPTIONS:
0: Cassie can trade her broccoli for Jonah's oranges.
1: Jonah can trade his tomatoes for Cassie's carrots.
2: Cassie can trade her almonds for Jonah's tomatoes.
3: Jonah can trade his tomatoes for Cassie's broccoli.

Answer with the correct option from 0 to 3. Only provide the numeric and nothing else 

Answer: 
assistant
2",2,3,grade7
120,426,"system
You are a helpful assistant.
user
 QUESTION: Select the mammal below.
OPTIONS:
0: Japanese tree frog
1: human

Answer with the correct option from 0 to 1. Only provide the numeric and nothing else 

Answer: 
assistant
0",0,1,grade3,"system
You are a helpful assistant.
user
 QUESTION: Select the mammal below.
OPTIONS:
0: Japanese tree frog
1: human

Answer with the correct option from 0 to 1. Only provide the numeric and nothing else 

Answer: 
assistant
1",1,1,grade3
121,435,"system
You are a helpful assistant.
user
 QUESTION: Which solution has a higher concentration of yellow particles?
OPTIONS:
0: Solution A
1: Solution B
2: neither; their concentrations are the same

Answer with the correct option from 0 to 2. Only provide the numeric and nothing else 

Answer: 
assistant
2",2,1,grade8,"system
You are a helpful assistant.
user
 QUESTION: Which solution has a higher concentration of yellow particles?
OPTIONS:
0: Solution A
1: Solution B
2: neither; their concentrations are the same

Answer with the correct option from 0 to 2. Only provide the numeric and nothing else 

Answer: 
assistant
1",1,1,grade8
122,437,"system
You are a helpful assistant.
user
 QUESTION: Which continent is highlighted?
OPTIONS:
0: Europe
1: South America
2: Africa
3: North America

Answer with the correct option from 0 to 3. Only provide the numeric and nothing else 

Answer: 
assistant
1",1,1,grade3,"system
You are a helpful assistant.
user
 QUESTION: Which continent is highlighted?
OPTIONS:
0: Europe
1: South America
2: Africa
3: North America

Answer with the correct option from 0 to 3. Only provide the numeric and nothing else 

Answer: 
assistant
2",2,1,grade3
123,441,"system
You are a helpful assistant.
user
 QUESTION: Think about the magnetic force between the magnets in each pair. Which of the following statements is true?
OPTIONS:
0: The strength of the magnetic force is the same in both pairs.
1: The magnetic force is stronger in Pair 1.
2: The magnetic force is stronger in Pair 2.

Answer with the correct option from 0 to 2. Only provide the numeric and nothing else 

Answer: 
assistant
0",0,0,grade3,"system
You are a helpful assistant.
user
 QUESTION: Think about the magnetic force between the magnets in each pair. Which of the following statements is true?
OPTIONS:
0: The strength of the magnetic force is the same in both pairs.
1: The magnetic force is stronger in Pair 1.
2: The magnetic force is stronger in Pair 2.

Answer with the correct option from 0 to 2. Only provide the numeric and nothing else 

Answer: 
assistant
2",2,0,grade3
124,444,"system
You are a helpful assistant.
user
 QUESTION: Compare the average kinetic energies of the particles in each sample. Which sample has the higher temperature?
OPTIONS:
0: neither; the samples have the same temperature
1: sample A
2: sample B

Answer with the correct option from 0 to 2. Only provide the numeric and nothing else 

Answer: 
assistant
2",2,2,grade6,"system
You are a helpful assistant.
user
 QUESTION: Compare the average kinetic energies of the particles in each sample. Which sample has the higher temperature?
OPTIONS:
0: neither; the samples have the same temperature
1: sample A
2: sample B

Answer with the correct option from 0 to 2. Only provide the numeric and nothing else 

Answer: 
assistant
1",1,2,grade6
125,448,"system
You are a helpful assistant.
user
 QUESTION: What is the name of the colony shown?
OPTIONS:
0: Virginia
1: New York
2: Delaware
3: Vermont

Answer with the correct option from 0 to 3. Only provide the numeric and nothing else 

Answer: 
assistant
1",1,1,grade7,"system
You are a helpful assistant.
user
 QUESTION: What is the name of the colony shown?
OPTIONS:
0: Virginia
1: New York
2: Delaware
3: Vermont

Answer with the correct option from 0 to 3. Only provide the numeric and nothing else 

Answer: 
assistant
0",0,1,grade7
126,449,"system
You are a helpful assistant.
user
 QUESTION: Think about the magnetic force between the magnets in each pair. Which of the following statements is true?
OPTIONS:
0: The magnitude of the magnetic force is the same in both pairs.
1: The magnitude of the magnetic force is smaller in Pair 1.
2: The magnitude of the magnetic force is smaller in Pair 2.

Answer with the correct option from 0 to 2. Only provide the numeric and nothing else 

Answer: 
assistant
1",1,1,grade5,"system
You are a helpful assistant.
user
 QUESTION: Think about the magnetic force between the magnets in each pair. Which of the following statements is true?
OPTIONS:
0: The magnitude of the magnetic force is the same in both pairs.
1: The magnitude of the magnetic force is smaller in Pair 1.
2: The magnitude of the magnetic force is smaller in Pair 2.

Answer with the correct option from 0 to 2. Only provide the numeric and nothing else 

Answer: 
assistant
2",2,1,grade5
127,450,"system
You are a helpful assistant.
user
 QUESTION: What is the name of the colony shown?
OPTIONS:
0: New York
1: Connecticut
2: New Hampshire
3: Massachusetts

Answer with the correct option from 0 to 3. Only provide the numeric and nothing else 

Answer: 
assistant
1",1,1,grade8,"system
You are a helpful assistant.
user
 QUESTION: What is the name of the colony shown?
OPTIONS:
0: New York
1: Connecticut
2: New Hampshire
3: Massachusetts

Answer with the correct option from 0 to 3. Only provide the numeric and nothing else 

Answer: 
assistant
3",3,1,grade8
128,454,"system
You are a helpful assistant.
user
 QUESTION: Identify the question that Janelle's experiment can best answer.
OPTIONS:
0: Do radish plants grown under bright light have more leaves than radish plants grown under dim light?
1: Do radishes grown under bright light get bigger than radishes grown under dim light?

Answer with the correct option from 0 to 1. Only provide the numeric and nothing else 

Answer: 
assistant
1",1,1,grade8,"system
You are a helpful assistant.
user
 QUESTION: Identify the question that Janelle's experiment can best answer.
OPTIONS:
0: Do radish plants grown under bright light have more leaves than radish plants grown under dim light?
1: Do radishes grown under bright light get bigger than radishes grown under dim light?

Answer with the correct option from 0 to 1. Only provide the numeric and nothing else 

Answer: 
assistant
0",0,1,grade8
129,460,"system
You are a helpful assistant.
user
 QUESTION: Which country is highlighted?
OPTIONS:
0: Saint Kitts and Nevis
1: Barbados
2: Haiti
3: Antigua and Barbuda

Answer with the correct option from 0 to 3. Only provide the numeric and nothing else 

Answer: 
assistant
0",0,3,grade8,"system
You are a helpful assistant.
user
 QUESTION: Which country is highlighted?
OPTIONS:
0: Saint Kitts and Nevis
1: Barbados
2: Haiti
3: Antigua and Barbuda

Answer with the correct option from 0 to 3. Only provide the numeric and nothing else 

Answer: 
assistant
3",3,3,grade8
130,465,"system
You are a helpful assistant.
user
 QUESTION: Which country is highlighted?
OPTIONS:
0: Nauru
1: the Federated States of Micronesia
2: the Marshall Islands
3: Samoa

Answer with the correct option from 0 to 3. Only provide the numeric and nothing else 

Answer: 
assistant
0",0,0,grade6,"system
You are a helpful assistant.
user
 QUESTION: Which country is highlighted?
OPTIONS:
0: Nauru
1: the Federated States of Micronesia
2: the Marshall Islands
3: Samoa

Answer with the correct option from 0 to 3. Only provide the numeric and nothing else 

Answer: 
assistant
2",2,0,grade6
131,468,"system
You are a helpful assistant.
user
 QUESTION: Which rock layer is older?
OPTIONS:
0: the limestone layer
1: the sandstone layer

Answer with the correct option from 0 to 1. Only provide the numeric and nothing else 

Answer: 
assistant
1",1,1,grade5,"system
You are a helpful assistant.
user
 QUESTION: Which rock layer is older?
OPTIONS:
0: the limestone layer
1: the sandstone layer

Answer with the correct option from 0 to 1. Only provide the numeric and nothing else 

Answer: 
assistant
0",0,1,grade5
132,469,"system
You are a helpful assistant.
user
 QUESTION: Which of these states is farthest north?
OPTIONS:
0: New Mexico
1: New York
2: Indiana
3: Delaware

Answer with the correct option from 0 to 3. Only provide the numeric and nothing else 

Answer: 
assistant
2",2,1,grade3,"system
You are a helpful assistant.
user
 QUESTION: Which of these states is farthest north?
OPTIONS:
0: New Mexico
1: New York
2: Indiana
3: Delaware

Answer with the correct option from 0 to 3. Only provide the numeric and nothing else 

Answer: 
assistant
1",1,1,grade3
133,473,"system
You are a helpful assistant.
user
 QUESTION: What is the name of the colony shown?
OPTIONS:
0: Rhode Island
1: Indiana
2: New Hampshire
3: Massachusetts

Answer with the correct option from 0 to 3. Only provide the numeric and nothing else 

Answer: 
assistant
2",2,3,grade4,"system
You are a helpful assistant.
user
 QUESTION: What is the name of the colony shown?
OPTIONS:
0: Rhode Island
1: Indiana
2: New Hampshire
3: Massachusetts

Answer with the correct option from 0 to 3. Only provide the numeric and nothing else 

Answer: 
assistant
3",3,3,grade4
134,476,"system
You are a helpful assistant.
user
 QUESTION: Which country is highlighted?
OPTIONS:
0: Solomon Islands
1: Tonga
2: Fiji
3: Vanuatu

Answer with the correct option from 0 to 3. Only provide the numeric and nothing else 

Answer: 
assistant
0",0,2,grade7,"system
You are a helpful assistant.
user
 QUESTION: Which country is highlighted?
OPTIONS:
0: Solomon Islands
1: Tonga
2: Fiji
3: Vanuatu

Answer with the correct option from 0 to 3. Only provide the numeric and nothing else 

Answer: 
assistant
2",2,2,grade7
135,481,"system
You are a helpful assistant.
user
 QUESTION: What can Maya and Hanson trade to each get what they want?
OPTIONS:
0: Maya can trade her tomatoes for Hanson's carrots.
1: Hanson can trade his almonds for Maya's tomatoes.
2: Hanson can trade his broccoli for Maya's oranges.
3: Maya can trade her tomatoes for Hanson's broccoli.

Answer with the correct option from 0 to 3. Only provide the numeric and nothing else 

Answer: 
assistant
3",3,3,grade8,"system
You are a helpful assistant.
user
 QUESTION: What can Maya and Hanson trade to each get what they want?
OPTIONS:
0: Maya can trade her tomatoes for Hanson's carrots.
1: Hanson can trade his almonds for Maya's tomatoes.
2: Hanson can trade his broccoli for Maya's oranges.
3: Maya can trade her tomatoes for Hanson's broccoli.

Answer with the correct option from 0 to 3. Only provide the numeric and nothing else 

Answer: 
assistant
0",0,3,grade8
136,485,"system
You are a helpful assistant.
user
 QUESTION: Which month has the lowest average precipitation in London?
OPTIONS:
0: July
1: February
2: November

Answer with the correct option from 0 to 2. Only provide the numeric and nothing else 

Answer: 
assistant
0",0,0,grade4,"system
You are a helpful assistant.
user
 QUESTION: Which month has the lowest average precipitation in London?
OPTIONS:
0: July
1: February
2: November

Answer with the correct option from 0 to 2. Only provide the numeric and nothing else 

Answer: 
assistant
1",1,0,grade4
137,495,"system
You are a helpful assistant.
user
 QUESTION: Think about the magnetic force between the magnets in each pair. Which of the following statements is true?
OPTIONS:
0: The magnitude of the magnetic force is the same in both pairs.
1: The magnitude of the magnetic force is greater in Pair 2.
2: The magnitude of the magnetic force is greater in Pair 1.

Answer with the correct option from 0 to 2. Only provide the numeric and nothing else 

Answer: 
assistant
0",0,0,grade5,"system
You are a helpful assistant.
user
 QUESTION: Think about the magnetic force between the magnets in each pair. Which of the following statements is true?
OPTIONS:
0: The magnitude of the magnetic force is the same in both pairs.
1: The magnitude of the magnetic force is greater in Pair 2.
2: The magnitude of the magnetic force is greater in Pair 1.

Answer with the correct option from 0 to 2. Only provide the numeric and nothing else 

Answer: 
assistant
2",2,0,grade5
138,499,"system
You are a helpful assistant.
user
 QUESTION: Which property do these four objects have in common?
OPTIONS:
0: flexible
1: hard
2: slippery

Answer with the correct option from 0 to 2. Only provide the numeric and nothing else 

Answer: 
assistant
2",2,2,grade5,"system
You are a helpful assistant.
user
 QUESTION: Which property do these four objects have in common?
OPTIONS:
0: flexible
1: hard
2: slippery

Answer with the correct option from 0 to 2. Only provide the numeric and nothing else 

Answer: 
assistant
0",0,2,grade5
139,500,"system
You are a helpful assistant.
user
 QUESTION: Which country is highlighted?
OPTIONS:
0: Vanuatu
1: Tuvalu
2: Tonga
3: Fiji

Answer with the correct option from 0 to 3. Only provide the numeric and nothing else 

Answer: 
assistant
1",1,3,grade7,"system
You are a helpful assistant.
user
 QUESTION: Which country is highlighted?
OPTIONS:
0: Vanuatu
1: Tuvalu
2: Tonga
3: Fiji

Answer with the correct option from 0 to 3. Only provide the numeric and nothing else 

Answer: 
assistant
3",3,3,grade7
140,505,"system
You are a helpful assistant.
user
 QUESTION: Which state is highlighted?
OPTIONS:
0: Alabama
1: Texas
2: Mississippi
3: Arkansas

Answer with the correct option from 0 to 3. Only provide the numeric and nothing else 

Answer: 
assistant
0",0,0,grade5,"system
You are a helpful assistant.
user
 QUESTION: Which state is highlighted?
OPTIONS:
0: Alabama
1: Texas
2: Mississippi
3: Arkansas

Answer with the correct option from 0 to 3. Only provide the numeric and nothing else 

Answer: 
assistant
2",2,0,grade5
141,506,"system
You are a helpful assistant.
user
 QUESTION: Which property matches this object?
OPTIONS:
0: bumpy
1: sweet

Answer with the correct option from 0 to 1. Only provide the numeric and nothing else 

Answer: 
assistant
1",1,0,grade2,"system
You are a helpful assistant.
user
 QUESTION: Which property matches this object?
OPTIONS:
0: bumpy
1: sweet

Answer with the correct option from 0 to 1. Only provide the numeric and nothing else 

Answer: 
assistant
0",0,0,grade2
142,509,"system
You are a helpful assistant.
user
 QUESTION: What is the name of the colony shown?
OPTIONS:
0: Massachusetts
1: Rhode Island
2: New Hampshire
3: Vermont

Answer with the correct option from 0 to 3. Only provide the numeric and nothing else 

Answer: 
assistant
2",2,2,grade5,"system
You are a helpful assistant.
user
 QUESTION: What is the name of the colony shown?
OPTIONS:
0: Massachusetts
1: Rhode Island
2: New Hampshire
3: Vermont

Answer with the correct option from 0 to 3. Only provide the numeric and nothing else 

Answer: 
assistant
1",1,2,grade5
143,510,"system
You are a helpful assistant.
user
 QUESTION: Select the mammal below.
OPTIONS:
0: green tree frog
1: human

Answer with the correct option from 0 to 1. Only provide the numeric and nothing else 

Answer: 
assistant
0",0,1,grade3,"system
You are a helpful assistant.
user
 QUESTION: Select the mammal below.
OPTIONS:
0: green tree frog
1: human

Answer with the correct option from 0 to 1. Only provide the numeric and nothing else 

Answer: 
assistant
1",1,1,grade3
144,511,"system
You are a helpful assistant.
user
 QUESTION: Which country is highlighted?
OPTIONS:
0: Trinidad and Tobago
1: Saint Lucia
2: Dominica
3: the Dominican Republic

Answer with the correct option from 0 to 3. Only provide the numeric and nothing else 

Answer: 
assistant
3",3,0,grade8,"system
You are a helpful assistant.
user
 QUESTION: Which country is highlighted?
OPTIONS:
0: Trinidad and Tobago
1: Saint Lucia
2: Dominica
3: the Dominican Republic

Answer with the correct option from 0 to 3. Only provide the numeric and nothing else 

Answer: 
assistant
0",0,0,grade8
145,513,"system
You are a helpful assistant.
user
 QUESTION: Which of the following could Emmy's test show?
OPTIONS:
0: if the blade guards would break in a crash
1: how much the drone weighed with the blade guards
2: if adding the blade guards made the drone fly poorly

Answer with the correct option from 0 to 2. Only provide the numeric and nothing else 

Answer: 
assistant
1",1,2,grade7,"system
You are a helpful assistant.
user
 QUESTION: Which of the following could Emmy's test show?
OPTIONS:
0: if the blade guards would break in a crash
1: how much the drone weighed with the blade guards
2: if adding the blade guards made the drone fly poorly

Answer with the correct option from 0 to 2. Only provide the numeric and nothing else 

Answer: 
assistant
2",2,2,grade7
146,519,"system
You are a helpful assistant.
user
 QUESTION: Which property do these four objects have in common?
OPTIONS:
0: sour
1: soft
2: shiny

Answer with the correct option from 0 to 2. Only provide the numeric and nothing else 

Answer: 
assistant
1",1,1,grade5,"system
You are a helpful assistant.
user
 QUESTION: Which property do these four objects have in common?
OPTIONS:
0: sour
1: soft
2: shiny

Answer with the correct option from 0 to 2. Only provide the numeric and nothing else 

Answer: 
assistant
2",2,1,grade5
147,520,"system
You are a helpful assistant.
user
 QUESTION: Think about the magnetic force between the magnets in each pair. Which of the following statements is true?
OPTIONS:
0: The magnitude of the magnetic force is smaller in Pair 2.
1: The magnitude of the magnetic force is the same in both pairs.
2: The magnitude of the magnetic force is smaller in Pair 1.

Answer with the correct option from 0 to 2. Only provide the numeric and nothing else 

Answer: 
assistant
1",1,0,grade6,"system
You are a helpful assistant.
user
 QUESTION: Think about the magnetic force between the magnets in each pair. Which of the following statements is true?
OPTIONS:
0: The magnitude of the magnetic force is smaller in Pair 2.
1: The magnitude of the magnetic force is the same in both pairs.
2: The magnitude of the magnetic force is smaller in Pair 1.

Answer with the correct option from 0 to 2. Only provide the numeric and nothing else 

Answer: 
assistant
2",2,0,grade6
148,523,"system
You are a helpful assistant.
user
 QUESTION: Which state is highlighted?
OPTIONS:
0: Pennsylvania
1: Vermont
2: Rhode Island
3: New Jersey

Answer with the correct option from 0 to 3. Only provide the numeric and nothing else 

Answer: 
assistant
3",3,3,grade3,"system
You are a helpful assistant.
user
 QUESTION: Which state is highlighted?
OPTIONS:
0: Pennsylvania
1: Vermont
2: Rhode Island
3: New Jersey

Answer with the correct option from 0 to 3. Only provide the numeric and nothing else 

Answer: 
assistant
2",2,3,grade3
149,527,"system
You are a helpful assistant.
user
 QUESTION: What is the direction of this pull?
OPTIONS:
0: toward her hand
1: away from her hand

Answer with the correct option from 0 to 1. Only provide the numeric and nothing else 

Answer: 
assistant
1",1,0,grade5,"system
You are a helpful assistant.
user
 QUESTION: What is the direction of this pull?
OPTIONS:
0: toward her hand
1: away from her hand

Answer with the correct option from 0 to 1. Only provide the numeric and nothing else 

Answer: 
assistant
0",0,0,grade5
150,529,"system
You are a helpful assistant.
user
 QUESTION: Which ocean is highlighted?
OPTIONS:
0: the Indian Ocean
1: the Atlantic Ocean
2: the Arctic Ocean
3: the Southern Ocean

Answer with the correct option from 0 to 3. Only provide the numeric and nothing else 

Answer: 
assistant
2",2,1,grade7,"system
You are a helpful assistant.
user
 QUESTION: Which ocean is highlighted?
OPTIONS:
0: the Indian Ocean
1: the Atlantic Ocean
2: the Arctic Ocean
3: the Southern Ocean

Answer with the correct option from 0 to 3. Only provide the numeric and nothing else 

Answer: 
assistant
0",0,1,grade7
151,530,"system
You are a helpful assistant.
user
 QUESTION: What is the direction of this pull?
OPTIONS:
0: toward the center of Earth
1: away from the center of Earth

Answer with the correct option from 0 to 1. Only provide the numeric and nothing else 

Answer: 
assistant
1",1,0,grade4,"system
You are a helpful assistant.
user
 QUESTION: What is the direction of this pull?
OPTIONS:
0: toward the center of Earth
1: away from the center of Earth

Answer with the correct option from 0 to 1. Only provide the numeric and nothing else 

Answer: 
assistant
0",0,0,grade4
152,535,"system
You are a helpful assistant.
user
 QUESTION: Which country is highlighted?
OPTIONS:
0: the Marshall Islands
1: Papua New Guinea
2: the Federated States of Micronesia
3: Palau

Answer with the correct option from 0 to 3. Only provide the numeric and nothing else 

Answer: 
assistant
0",0,2,grade8,"system
You are a helpful assistant.
user
 QUESTION: Which country is highlighted?
OPTIONS:
0: the Marshall Islands
1: Papua New Guinea
2: the Federated States of Micronesia
3: Palau

Answer with the correct option from 0 to 3. Only provide the numeric and nothing else 

Answer: 
assistant
3",3,2,grade8
153,536,"system
You are a helpful assistant.
user
 QUESTION: What can Monica and Diana trade to each get what they want?
OPTIONS:
0: Monica can trade her tomatoes for Diana's carrots.
1: Diana can trade her almonds for Monica's tomatoes.
2: Diana can trade her broccoli for Monica's oranges.
3: Monica can trade her tomatoes for Diana's broccoli.

Answer with the correct option from 0 to 3. Only provide the numeric and nothing else 

Answer: 
assistant
3",3,3,grade7,"system
You are a helpful assistant.
user
 QUESTION: What can Monica and Diana trade to each get what they want?
OPTIONS:
0: Monica can trade her tomatoes for Diana's carrots.
1: Diana can trade her almonds for Monica's tomatoes.
2: Diana can trade her broccoli for Monica's oranges.
3: Monica can trade her tomatoes for Diana's broccoli.

Answer with the correct option from 0 to 3. Only provide the numeric and nothing else 

Answer: 
assistant
0",0,3,grade7
154,540,"system
You are a helpful assistant.
user
 QUESTION: Think about the magnetic force between the magnets in each pair. Which of the following statements is true?
OPTIONS:
0: The strength of the magnetic force is the same in both pairs.
1: The magnetic force is weaker in Pair 2.
2: The magnetic force is weaker in Pair 1.

Answer with the correct option from 0 to 2. Only provide the numeric and nothing else 

Answer: 
assistant
1",1,2,grade3,"system
You are a helpful assistant.
user
 QUESTION: Think about the magnetic force between the magnets in each pair. Which of the following statements is true?
OPTIONS:
0: The strength of the magnetic force is the same in both pairs.
1: The magnetic force is weaker in Pair 2.
2: The magnetic force is weaker in Pair 1.

Answer with the correct option from 0 to 2. Only provide the numeric and nothing else 

Answer: 
assistant
2",2,2,grade3
155,541,"system
You are a helpful assistant.
user
 QUESTION: Which of these cities is marked on the map?
OPTIONS:
0: San Antonio
1: Chicago
2: San Francisco
3: New York City

Answer with the correct option from 0 to 3. Only provide the numeric and nothing else 

Answer: 
assistant
0",0,0,grade5,"system
You are a helpful assistant.
user
 QUESTION: Which of these cities is marked on the map?
OPTIONS:
0: San Antonio
1: Chicago
2: San Francisco
3: New York City

Answer with the correct option from 0 to 3. Only provide the numeric and nothing else 

Answer: 
assistant
2",2,0,grade5
156,547,"system
You are a helpful assistant.
user
 QUESTION: Which country is highlighted?
OPTIONS:
0: Samoa
1: Nauru
2: Tonga
3: New Zealand

Answer with the correct option from 0 to 3. Only provide the numeric and nothing else 

Answer: 
assistant
1",1,0,grade7,"system
You are a helpful assistant.
user
 QUESTION: Which country is highlighted?
OPTIONS:
0: Samoa
1: Nauru
2: Tonga
3: New Zealand

Answer with the correct option from 0 to 3. Only provide the numeric and nothing else 

Answer: 
assistant
2",2,0,grade7
157,554,"system
You are a helpful assistant.
user
 QUESTION: Which country is highlighted?
OPTIONS:
0: Australia
1: Papua New Guinea
2: Fiji
3: New Zealand

Answer with the correct option from 0 to 3. Only provide the numeric and nothing else 

Answer: 
assistant
3",3,3,grade7,"system
You are a helpful assistant.
user
 QUESTION: Which country is highlighted?
OPTIONS:
0: Australia
1: Papua New Guinea
2: Fiji
3: New Zealand

Answer with the correct option from 0 to 3. Only provide the numeric and nothing else 

Answer: 
assistant
2",2,3,grade7
158,555,"system
You are a helpful assistant.
user
 QUESTION: What is the name of the colony shown?
OPTIONS:
0: Massachusetts
1: Virginia
2: Maryland
3: Rhode Island

Answer with the correct option from 0 to 3. Only provide the numeric and nothing else 

Answer: 
assistant
0",0,0,grade5,"system
You are a helpful assistant.
user
 QUESTION: What is the name of the colony shown?
OPTIONS:
0: Massachusetts
1: Virginia
2: Maryland
3: Rhode Island

Answer with the correct option from 0 to 3. Only provide the numeric and nothing else 

Answer: 
assistant
1",1,0,grade5
159,562,"system
You are a helpful assistant.
user
 QUESTION: Compare the average kinetic energies of the particles in each sample. Which sample has the higher temperature?
OPTIONS:
0: sample B
1: neither; the samples have the same temperature
2: sample A

Answer with the correct option from 0 to 2. Only provide the numeric and nothing else 

Answer: 
assistant
0",0,0,grade6,"system
You are a helpful assistant.
user
 QUESTION: Compare the average kinetic energies of the particles in each sample. Which sample has the higher temperature?
OPTIONS:
0: sample B
1: neither; the samples have the same temperature
2: sample A

Answer with the correct option from 0 to 2. Only provide the numeric and nothing else 

Answer: 
assistant
2",2,0,grade6
160,568,"system
You are a helpful assistant.
user
 QUESTION: What can Kevin and Aaliyah trade to each get what they want?
OPTIONS:
0: Aaliyah can trade her broccoli for Kevin's oranges.
1: Kevin can trade his tomatoes for Aaliyah's broccoli.
2: Kevin can trade his tomatoes for Aaliyah's carrots.
3: Aaliyah can trade her almonds for Kevin's tomatoes.

Answer with the correct option from 0 to 3. Only provide the numeric and nothing else 

Answer: 
assistant
0",0,1,grade8,"system
You are a helpful assistant.
user
 QUESTION: What can Kevin and Aaliyah trade to each get what they want?
OPTIONS:
0: Aaliyah can trade her broccoli for Kevin's oranges.
1: Kevin can trade his tomatoes for Aaliyah's broccoli.
2: Kevin can trade his tomatoes for Aaliyah's carrots.
3: Aaliyah can trade her almonds for Kevin's tomatoes.

Answer with the correct option from 0 to 3. Only provide the numeric and nothing else 

Answer: 
assistant
2",2,1,grade8
161,569,"system
You are a helpful assistant.
user
 QUESTION: Which of the following could Stanley's test show?
OPTIONS:
0: if the sample fabric would absorb one drop of water in less than one second
1: how long it would take the sample fabric to dry after it absorbed one drop of water
2: how much athletes would sweat in the fabric

Answer with the correct option from 0 to 2. Only provide the numeric and nothing else 

Answer: 
assistant
0",0,1,grade7,"system
You are a helpful assistant.
user
 QUESTION: Which of the following could Stanley's test show?
OPTIONS:
0: if the sample fabric would absorb one drop of water in less than one second
1: how long it would take the sample fabric to dry after it absorbed one drop of water
2: how much athletes would sweat in the fabric

Answer with the correct option from 0 to 2. Only provide the numeric and nothing else 

Answer: 
assistant
1",1,1,grade7
162,575,"system
You are a helpful assistant.
user
 QUESTION: Compare the average kinetic energies of the particles in each sample. Which sample has the higher temperature?
OPTIONS:
0: sample A
1: sample B
2: neither; the samples have the same temperature

Answer with the correct option from 0 to 2. Only provide the numeric and nothing else 

Answer: 
assistant
0",0,0,grade6,"system
You are a helpful assistant.
user
 QUESTION: Compare the average kinetic energies of the particles in each sample. Which sample has the higher temperature?
OPTIONS:
0: sample A
1: sample B
2: neither; the samples have the same temperature

Answer with the correct option from 0 to 2. Only provide the numeric and nothing else 

Answer: 
assistant
1",1,0,grade6
163,583,"system
You are a helpful assistant.
user
 QUESTION: Which property do these three objects have in common?
OPTIONS:
0: bouncy
1: transparent
2: slippery

Answer with the correct option from 0 to 2. Only provide the numeric and nothing else 

Answer: 
assistant
2",2,2,grade4,"system
You are a helpful assistant.
user
 QUESTION: Which property do these three objects have in common?
OPTIONS:
0: bouncy
1: transparent
2: slippery

Answer with the correct option from 0 to 2. Only provide the numeric and nothing else 

Answer: 
assistant
0",0,2,grade4
164,587,"system
You are a helpful assistant.
user
 QUESTION: What is the capital of Washington?
OPTIONS:
0: Spokane
1: Seattle
2: Olympia
3: Phoenix

Answer with the correct option from 0 to 3. Only provide the numeric and nothing else 

Answer: 
assistant
2",2,2,grade4,"system
You are a helpful assistant.
user
 QUESTION: What is the capital of Washington?
OPTIONS:
0: Spokane
1: Seattle
2: Olympia
3: Phoenix

Answer with the correct option from 0 to 3. Only provide the numeric and nothing else 

Answer: 
assistant
1",1,2,grade4
165,589,"system
You are a helpful assistant.
user
 QUESTION: Which state is highlighted?
OPTIONS:
0: Missouri
1: Illinois
2: Indiana
3: Michigan

Answer with the correct option from 0 to 3. Only provide the numeric and nothing else 

Answer: 
assistant
0",0,0,grade5,"system
You are a helpful assistant.
user
 QUESTION: Which state is highlighted?
OPTIONS:
0: Missouri
1: Illinois
2: Indiana
3: Michigan

Answer with the correct option from 0 to 3. Only provide the numeric and nothing else 

Answer: 
assistant
2",2,0,grade5
166,590,"system
You are a helpful assistant.
user
 QUESTION: Which of these organisms contains matter that was once part of the lichen?
OPTIONS:
0: grizzly bear
1: bear sedge

Answer with the correct option from 0 to 1. Only provide the numeric and nothing else 

Answer: 
assistant
1",1,0,grade5,"system
You are a helpful assistant.
user
 QUESTION: Which of these organisms contains matter that was once part of the lichen?
OPTIONS:
0: grizzly bear
1: bear sedge

Answer with the correct option from 0 to 1. Only provide the numeric and nothing else 

Answer: 
assistant
0",0,0,grade5
167,596,"system
You are a helpful assistant.
user
 QUESTION: Which solution has a higher concentration of green particles?
OPTIONS:
0: Solution B
1: neither; their concentrations are the same
2: Solution A

Answer with the correct option from 0 to 2. Only provide the numeric and nothing else 

Answer: 
assistant
1",1,0,grade8,"system
You are a helpful assistant.
user
 QUESTION: Which solution has a higher concentration of green particles?
OPTIONS:
0: Solution B
1: neither; their concentrations are the same
2: Solution A

Answer with the correct option from 0 to 2. Only provide the numeric and nothing else 

Answer: 
assistant
2",2,0,grade8
168,598,"system
You are a helpful assistant.
user
 QUESTION: Which month has the lowest average precipitation in London?
OPTIONS:
0: November
1: July
2: May

Answer with the correct option from 0 to 2. Only provide the numeric and nothing else 

Answer: 
assistant
1",1,1,grade3,"system
You are a helpful assistant.
user
 QUESTION: Which month has the lowest average precipitation in London?
OPTIONS:
0: November
1: July
2: May

Answer with the correct option from 0 to 2. Only provide the numeric and nothing else 

Answer: 
assistant
0",0,1,grade3
169,601,"system
You are a helpful assistant.
user
 QUESTION: Which state is highlighted?
OPTIONS:
0: Utah
1: Montana
2: California
3: Idaho

Answer with the correct option from 0 to 3. Only provide the numeric and nothing else 

Answer: 
assistant
0",0,0,grade5,"system
You are a helpful assistant.
user
 QUESTION: Which state is highlighted?
OPTIONS:
0: Utah
1: Montana
2: California
3: Idaho

Answer with the correct option from 0 to 3. Only provide the numeric and nothing else 

Answer: 
assistant
2",2,0,grade5
170,602,"system
You are a helpful assistant.
user
 QUESTION: Select the bird below.
OPTIONS:
0: great white shark
1: white stork

Answer with the correct option from 0 to 1. Only provide the numeric and nothing else 

Answer: 
assistant
0",0,1,grade3,"system
You are a helpful assistant.
user
 QUESTION: Select the bird below.
OPTIONS:
0: great white shark
1: white stork

Answer with the correct option from 0 to 1. Only provide the numeric and nothing else 

Answer: 
assistant
1",1,1,grade3
171,606,"system
You are a helpful assistant.
user
 QUESTION: Which continent is highlighted?
OPTIONS:
0: South America
1: North America
2: Asia
3: Europe

Answer with the correct option from 0 to 3. Only provide the numeric and nothing else 

Answer: 
assistant
1",1,1,grade5,"system
You are a helpful assistant.
user
 QUESTION: Which continent is highlighted?
OPTIONS:
0: South America
1: North America
2: Asia
3: Europe

Answer with the correct option from 0 to 3. Only provide the numeric and nothing else 

Answer: 
assistant
0",0,1,grade5
172,614,"system
You are a helpful assistant.
user
 QUESTION: Which material is this coat made of?
OPTIONS:
0: concrete
1: plastic

Answer with the correct option from 0 to 1. Only provide the numeric and nothing else 

Answer: 
assistant
1",1,1,grade2,"system
You are a helpful assistant.
user
 QUESTION: Which material is this coat made of?
OPTIONS:
0: concrete
1: plastic

Answer with the correct option from 0 to 1. Only provide the numeric and nothing else 

Answer: 
assistant
0",0,1,grade2
173,617,"system
You are a helpful assistant.
user
 QUESTION: Which property do these three objects have in common?
OPTIONS:
0: smooth
1: scratchy
2: slippery

Answer with the correct option from 0 to 2. Only provide the numeric and nothing else 

Answer: 
assistant
1",1,1,grade4,"system
You are a helpful assistant.
user
 QUESTION: Which property do these three objects have in common?
OPTIONS:
0: smooth
1: scratchy
2: slippery

Answer with the correct option from 0 to 2. Only provide the numeric and nothing else 

Answer: 
assistant
0",0,1,grade4
174,618,"system
You are a helpful assistant.
user
 QUESTION: What can Naomi and Emilia trade to each get what they want?
OPTIONS:
0: Emilia can trade her almonds for Naomi's tomatoes.
1: Naomi can trade her tomatoes for Emilia's carrots.
2: Naomi can trade her tomatoes for Emilia's broccoli.
3: Emilia can trade her broccoli for Naomi's oranges.

Answer with the correct option from 0 to 3. Only provide the numeric and nothing else 

Answer: 
assistant
0",0,2,grade7,"system
You are a helpful assistant.
user
 QUESTION: What can Naomi and Emilia trade to each get what they want?
OPTIONS:
0: Emilia can trade her almonds for Naomi's tomatoes.
1: Naomi can trade her tomatoes for Emilia's carrots.
2: Naomi can trade her tomatoes for Emilia's broccoli.
3: Emilia can trade her broccoli for Naomi's oranges.

Answer with the correct option from 0 to 3. Only provide the numeric and nothing else 

Answer: 
assistant
2",2,2,grade7
175,619,"system
You are a helpful assistant.
user
 QUESTION: Which property matches this object?
OPTIONS:
0: scratchy
1: yellow

Answer with the correct option from 0 to 1. Only provide the numeric and nothing else 

Answer: 
assistant
1",1,1,grade3,"system
You are a helpful assistant.
user
 QUESTION: Which property matches this object?
OPTIONS:
0: scratchy
1: yellow

Answer with the correct option from 0 to 1. Only provide the numeric and nothing else 

Answer: 
assistant
0",0,1,grade3
176,622,"system
You are a helpful assistant.
user
 QUESTION: Which animal is also adapted to use its neck to appear large and scary to a predator?
OPTIONS:
0: lace monitor
1: spectacled cobra

Answer with the correct option from 0 to 1. Only provide the numeric and nothing else 

Answer: 
assistant
0",0,1,grade5,"system
You are a helpful assistant.
user
 QUESTION: Which animal is also adapted to use its neck to appear large and scary to a predator?
OPTIONS:
0: lace monitor
1: spectacled cobra

Answer with the correct option from 0 to 1. Only provide the numeric and nothing else 

Answer: 
assistant
1",1,1,grade5
177,627,"system
You are a helpful assistant.
user
 QUESTION: Which of the following could Ernest's test show?
OPTIONS:
0: whether a parachute with a 1 m vent would swing too much at 400 km per hour
1: how steady a parachute with a 1 m vent was at 200 km per hour
2: if the spacecraft was damaged when using a parachute with a 1 m vent going 200 km per hour

Answer with the correct option from 0 to 2. Only provide the numeric and nothing else 

Answer: 
assistant
2",2,1,grade7,"system
You are a helpful assistant.
user
 QUESTION: Which of the following could Ernest's test show?
OPTIONS:
0: whether a parachute with a 1 m vent would swing too much at 400 km per hour
1: how steady a parachute with a 1 m vent was at 200 km per hour
2: if the spacecraft was damaged when using a parachute with a 1 m vent going 200 km per hour

Answer with the correct option from 0 to 2. Only provide the numeric and nothing else 

Answer: 
assistant
1",1,1,grade7
178,632,"system
You are a helpful assistant.
user
 QUESTION: Which continent is highlighted?
OPTIONS:
0: Australia
1: Asia
2: Antarctica

Answer with the correct option from 0 to 2. Only provide the numeric and nothing else 

Answer: 
assistant
0",0,0,grade2,"system
You are a helpful assistant.
user
 QUESTION: Which continent is highlighted?
OPTIONS:
0: Australia
1: Asia
2: Antarctica

Answer with the correct option from 0 to 2. Only provide the numeric and nothing else 

Answer: 
assistant
1",1,0,grade2
179,636,"system
You are a helpful assistant.
user
 QUESTION: What is the name of the colony shown?
OPTIONS:
0: Connecticut
1: Vermont
2: New York
3: Pennsylvania

Answer with the correct option from 0 to 3. Only provide the numeric and nothing else 

Answer: 
assistant
2",2,2,grade8,"system
You are a helpful assistant.
user
 QUESTION: What is the name of the colony shown?
OPTIONS:
0: Connecticut
1: Vermont
2: New York
3: Pennsylvania

Answer with the correct option from 0 to 3. Only provide the numeric and nothing else 

Answer: 
assistant
1",1,2,grade8
180,637,"system
You are a helpful assistant.
user
 QUESTION: What can Tara and Jeremiah trade to each get what they want?
OPTIONS:
0: Jeremiah can trade his almonds for Tara's tomatoes.
1: Jeremiah can trade his broccoli for Tara's oranges.
2: Tara can trade her tomatoes for Jeremiah's carrots.
3: Tara can trade her tomatoes for Jeremiah's broccoli.

Answer with the correct option from 0 to 3. Only provide the numeric and nothing else 

Answer: 
assistant
0",0,3,grade7,"system
You are a helpful assistant.
user
 QUESTION: What can Tara and Jeremiah trade to each get what they want?
OPTIONS:
0: Jeremiah can trade his almonds for Tara's tomatoes.
1: Jeremiah can trade his broccoli for Tara's oranges.
2: Tara can trade her tomatoes for Jeremiah's carrots.
3: Tara can trade her tomatoes for Jeremiah's broccoli.

Answer with the correct option from 0 to 3. Only provide the numeric and nothing else 

Answer: 
assistant
3",3,3,grade7
181,641,"system
You are a helpful assistant.
user
 QUESTION: Why did young Mae look at the stars?
OPTIONS:
0: She wanted to watch the weather.
1: She wanted to travel to outer space.

Answer with the correct option from 0 to 1. Only provide the numeric and nothing else 

Answer: 
assistant
1",1,1,grade2,"system
You are a helpful assistant.
user
 QUESTION: Why did young Mae look at the stars?
OPTIONS:
0: She wanted to watch the weather.
1: She wanted to travel to outer space.

Answer with the correct option from 0 to 1. Only provide the numeric and nothing else 

Answer: 
assistant
0",0,1,grade2
182,647,"system
You are a helpful assistant.
user
 QUESTION: Which country is highlighted?
OPTIONS:
0: Solomon Islands
1: New Zealand
2: Papua New Guinea
3: Australia

Answer with the correct option from 0 to 3. Only provide the numeric and nothing else 

Answer: 
assistant
3",3,3,grade7,"system
You are a helpful assistant.
user
 QUESTION: Which country is highlighted?
OPTIONS:
0: Solomon Islands
1: New Zealand
2: Papua New Guinea
3: Australia

Answer with the correct option from 0 to 3. Only provide the numeric and nothing else 

Answer: 
assistant
2",2,3,grade7
183,656,"system
You are a helpful assistant.
user
 QUESTION: Which country is highlighted?
OPTIONS:
0: Palau
1: Tonga
2: Samoa
3: Papua New Guinea

Answer with the correct option from 0 to 3. Only provide the numeric and nothing else 

Answer: 
assistant
0",0,2,grade8,"system
You are a helpful assistant.
user
 QUESTION: Which country is highlighted?
OPTIONS:
0: Palau
1: Tonga
2: Samoa
3: Papua New Guinea

Answer with the correct option from 0 to 3. Only provide the numeric and nothing else 

Answer: 
assistant
3",3,2,grade8
184,658,"system
You are a helpful assistant.
user
 QUESTION: Think about the magnetic force between the magnets in each pair. Which of the following statements is true?
OPTIONS:
0: The magnitude of the magnetic force is smaller in Pair 1.
1: The magnitude of the magnetic force is smaller in Pair 2.
2: The magnitude of the magnetic force is the same in both pairs.

Answer with the correct option from 0 to 2. Only provide the numeric and nothing else 

Answer: 
assistant
0",0,1,grade6,"system
You are a helpful assistant.
user
 QUESTION: Think about the magnetic force between the magnets in each pair. Which of the following statements is true?
OPTIONS:
0: The magnitude of the magnetic force is smaller in Pair 1.
1: The magnitude of the magnetic force is smaller in Pair 2.
2: The magnitude of the magnetic force is the same in both pairs.

Answer with the correct option from 0 to 2. Only provide the numeric and nothing else 

Answer: 
assistant
1",1,1,grade6
185,661,"system
You are a helpful assistant.
user
 QUESTION: Think about the magnetic force between the magnets in each pair. Which of the following statements is true?
OPTIONS:
0: The magnetic force is weaker in Pair 2.
1: The strength of the magnetic force is the same in both pairs.
2: The magnetic force is weaker in Pair 1.

Answer with the correct option from 0 to 2. Only provide the numeric and nothing else 

Answer: 
assistant
0",0,2,grade4,"system
You are a helpful assistant.
user
 QUESTION: Think about the magnetic force between the magnets in each pair. Which of the following statements is true?
OPTIONS:
0: The magnetic force is weaker in Pair 2.
1: The strength of the magnetic force is the same in both pairs.
2: The magnetic force is weaker in Pair 1.

Answer with the correct option from 0 to 2. Only provide the numeric and nothing else 

Answer: 
assistant
2",2,2,grade4
186,664,"system
You are a helpful assistant.
user
 QUESTION: Which property do these three objects have in common?
OPTIONS:
0: rough
1: shiny
2: transparent

Answer with the correct option from 0 to 2. Only provide the numeric and nothing else 

Answer: 
assistant
1",1,1,grade3,"system
You are a helpful assistant.
user
 QUESTION: Which property do these three objects have in common?
OPTIONS:
0: rough
1: shiny
2: transparent

Answer with the correct option from 0 to 2. Only provide the numeric and nothing else 

Answer: 
assistant
0",0,1,grade3
187,667,"system
You are a helpful assistant.
user
 QUESTION: After the Akkadian Empire ended, many cities and empires tried to control Mesopotamia. Around the 1790s BCE, which empire started controlling Mesopotamia?
OPTIONS:
0: the Elamite Empire
1: the Akkadian Empire
2: the Babylonian Empire
3: the Neo-Sumerian Empire

Answer with the correct option from 0 to 3. Only provide the numeric and nothing else 

Answer: 
assistant
2",2,2,grade6,"system
You are a helpful assistant.
user
 QUESTION: After the Akkadian Empire ended, many cities and empires tried to control Mesopotamia. Around the 1790s BCE, which empire started controlling Mesopotamia?
OPTIONS:
0: the Elamite Empire
1: the Akkadian Empire
2: the Babylonian Empire
3: the Neo-Sumerian Empire

Answer with the correct option from 0 to 3. Only provide the numeric and nothing else 

Answer: 
assistant
3",3,2,grade6
188,670,"system
You are a helpful assistant.
user
 QUESTION: Select the fish below.
OPTIONS:
0: emerald tree boa
1: bison
2: wombat
3: piranha

Answer with the correct option from 0 to 3. Only provide the numeric and nothing else 

Answer: 
assistant
0",0,3,grade4,"system
You are a helpful assistant.
user
 QUESTION: Select the fish below.
OPTIONS:
0: emerald tree boa
1: bison
2: wombat
3: piranha

Answer with the correct option from 0 to 3. Only provide the numeric and nothing else 

Answer: 
assistant
3",3,3,grade4
189,672,"system
You are a helpful assistant.
user
 QUESTION: Which country is highlighted?
OPTIONS:
0: Dominica
1: Haiti
2: Cuba
3: The Bahamas

Answer with the correct option from 0 to 3. Only provide the numeric and nothing else 

Answer: 
assistant
1",1,1,grade6,"system
You are a helpful assistant.
user
 QUESTION: Which country is highlighted?
OPTIONS:
0: Dominica
1: Haiti
2: Cuba
3: The Bahamas

Answer with the correct option from 0 to 3. Only provide the numeric and nothing else 

Answer: 
assistant
3",3,1,grade6
190,678,"system
You are a helpful assistant.
user
 QUESTION: Select the reptile below.
OPTIONS:
0: green tree frog
1: box turtle

Answer with the correct option from 0 to 1. Only provide the numeric and nothing else 

Answer: 
assistant
0",0,1,grade3,"system
You are a helpful assistant.
user
 QUESTION: Select the reptile below.
OPTIONS:
0: green tree frog
1: box turtle

Answer with the correct option from 0 to 1. Only provide the numeric and nothing else 

Answer: 
assistant
1",1,1,grade3
191,683,"system
You are a helpful assistant.
user
 QUESTION: Which is the main persuasive appeal used in this ad?
OPTIONS:
0: logos (reason)
1: pathos (emotion)
2: ethos (character)

Answer with the correct option from 0 to 2. Only provide the numeric and nothing else 

Answer: 
assistant
1",1,1,grade7,"system
You are a helpful assistant.
user
 QUESTION: Which is the main persuasive appeal used in this ad?
OPTIONS:
0: logos (reason)
1: pathos (emotion)
2: ethos (character)

Answer with the correct option from 0 to 2. Only provide the numeric and nothing else 

Answer: 
assistant
0",0,1,grade7
192,699,"system
You are a helpful assistant.
user
 QUESTION: Which property do these four objects have in common?
OPTIONS:
0: sticky
1: translucent
2: sweet

Answer with the correct option from 0 to 2. Only provide the numeric and nothing else 

Answer: 
assistant
2",2,1,grade5,"system
You are a helpful assistant.
user
 QUESTION: Which property do these four objects have in common?
OPTIONS:
0: sticky
1: translucent
2: sweet

Answer with the correct option from 0 to 2. Only provide the numeric and nothing else 

Answer: 
assistant
0",0,1,grade5
193,709,"system
You are a helpful assistant.
user
 QUESTION: Which of the following best describes a population in a forest in the Cascade mountains?
OPTIONS:
0: the western red cedar trees
1: the great horned owls and the northern pygmy owls
2: the Douglas fir trees and the long-eared owls

Answer with the correct option from 0 to 2. Only provide the numeric and nothing else 

Answer: 
assistant
0",0,0,grade7,"system
You are a helpful assistant.
user
 QUESTION: Which of the following best describes a population in a forest in the Cascade mountains?
OPTIONS:
0: the western red cedar trees
1: the great horned owls and the northern pygmy owls
2: the Douglas fir trees and the long-eared owls

Answer with the correct option from 0 to 2. Only provide the numeric and nothing else 

Answer: 
assistant
2",2,0,grade7
194,711,"system
You are a helpful assistant.
user
 QUESTION: Which of these states is farthest north?
OPTIONS:
0: Alabama
1: Oklahoma
2: Arizona
3: West Virginia

Answer with the correct option from 0 to 3. Only provide the numeric and nothing else 

Answer: 
assistant
3",3,3,grade4,"system
You are a helpful assistant.
user
 QUESTION: Which of these states is farthest north?
OPTIONS:
0: Alabama
1: Oklahoma
2: Arizona
3: West Virginia

Answer with the correct option from 0 to 3. Only provide the numeric and nothing else 

Answer: 
assistant
0",0,3,grade4
195,712,"system
You are a helpful assistant.
user
 QUESTION: Based on the text, what was one of the things that made Alex different from most parrots?
OPTIONS:
0: He loved playing with blocks.
1: He was an African grey parrot.
2: He was able to do math.

Answer with the correct option from 0 to 2. Only provide the numeric and nothing else 

Answer: 
assistant
0",0,2,grade3,"system
You are a helpful assistant.
user
 QUESTION: Based on the text, what was one of the things that made Alex different from most parrots?
OPTIONS:
0: He loved playing with blocks.
1: He was an African grey parrot.
2: He was able to do math.

Answer with the correct option from 0 to 2. Only provide the numeric and nothing else 

Answer: 
assistant
2",2,2,grade3
196,713,"system
You are a helpful assistant.
user
 QUESTION: What can Emmet and Kathleen trade to each get what they want?
OPTIONS:
0: Emmet can trade his tomatoes for Kathleen's broccoli.
1: Emmet can trade his tomatoes for Kathleen's sandwich.
2: Kathleen can trade her almonds for Emmet's tomatoes.
3: Kathleen can trade her broccoli for Emmet's oranges.

Answer with the correct option from 0 to 3. Only provide the numeric and nothing else 

Answer: 
assistant
3",3,0,grade6,"system
You are a helpful assistant.
user
 QUESTION: What can Emmet and Kathleen trade to each get what they want?
OPTIONS:
0: Emmet can trade his tomatoes for Kathleen's broccoli.
1: Emmet can trade his tomatoes for Kathleen's sandwich.
2: Kathleen can trade her almonds for Emmet's tomatoes.
3: Kathleen can trade her broccoli for Emmet's oranges.

Answer with the correct option from 0 to 3. Only provide the numeric and nothing else 

Answer: 
assistant
0",0,0,grade6
197,716,"system
You are a helpful assistant.
user
 QUESTION: Which continent is highlighted?
OPTIONS:
0: Antarctica
1: Europe
2: Asia
3: Africa

Answer with the correct option from 0 to 3. Only provide the numeric and nothing else 

Answer: 
assistant
1",1,1,grade3,"system
You are a helpful assistant.
user
 QUESTION: Which continent is highlighted?
OPTIONS:
0: Antarctica
1: Europe
2: Asia
3: Africa

Answer with the correct option from 0 to 3. Only provide the numeric and nothing else 

Answer: 
assistant
2",2,1,grade3
198,720,"system
You are a helpful assistant.
user
 QUESTION: Which statement describes the Steigerwald Forest ecosystem?
OPTIONS:
0: It has soil that is rich in nutrients.
1: It has a small amount of rain or snow.
2: It has soil that is poor in nutrients.

Answer with the correct option from 0 to 2. Only provide the numeric and nothing else 

Answer: 
assistant
0",0,0,grade8,"system
You are a helpful assistant.
user
 QUESTION: Which statement describes the Steigerwald Forest ecosystem?
OPTIONS:
0: It has soil that is rich in nutrients.
1: It has a small amount of rain or snow.
2: It has soil that is poor in nutrients.

Answer with the correct option from 0 to 2. Only provide the numeric and nothing else 

Answer: 
assistant
2",2,0,grade8
199,721,"system
You are a helpful assistant.
user
 QUESTION: How much time passed between the founding of Jamestown, Virginia, and the start of the Revolutionary War?
OPTIONS:
0: 100 to 150 years
1: less than 50 years
2: 50 to 100 years
3: more than 150 years

Answer with the correct option from 0 to 3. Only provide the numeric and nothing else 

Answer: 
assistant
3",3,3,grade4,"system
You are a helpful assistant.
user
 QUESTION: How much time passed between the founding of Jamestown, Virginia, and the start of the Revolutionary War?
OPTIONS:
0: 100 to 150 years
1: less than 50 years
2: 50 to 100 years
3: more than 150 years

Answer with the correct option from 0 to 3. Only provide the numeric and nothing else 

Answer: 
assistant
2",2,3,grade4
200,722,"system
You are a helpful assistant.
user
 QUESTION: Think about the magnetic force between the magnets in each pair. Which of the following statements is true?
OPTIONS:
0: The magnetic force is stronger in Pair 1.
1: The strength of the magnetic force is the same in both pairs.
2: The magnetic force is stronger in Pair 2.

Answer with the correct option from 0 to 2. Only provide the numeric and nothing else 

Answer: 
assistant
0",0,2,grade3,"system
You are a helpful assistant.
user
 QUESTION: Think about the magnetic force between the magnets in each pair. Which of the following statements is true?
OPTIONS:
0: The magnetic force is stronger in Pair 1.
1: The strength of the magnetic force is the same in both pairs.
2: The magnetic force is stronger in Pair 2.

Answer with the correct option from 0 to 2. Only provide the numeric and nothing else 

Answer: 
assistant
1",1,2,grade3
201,727,"system
You are a helpful assistant.
user
 QUESTION: Which property do these two objects have in common?
OPTIONS:
0: smooth
1: rough

Answer with the correct option from 0 to 1. Only provide the numeric and nothing else 

Answer: 
assistant
1",1,1,grade2,"system
You are a helpful assistant.
user
 QUESTION: Which property do these two objects have in common?
OPTIONS:
0: smooth
1: rough

Answer with the correct option from 0 to 1. Only provide the numeric and nothing else 

Answer: 
assistant
0",0,1,grade2
202,731,"system
You are a helpful assistant.
user
 QUESTION: Think about the magnetic force between the magnets in each pair. Which of the following statements is true?
OPTIONS:
0: The magnitude of the magnetic force is the same in both pairs.
1: The magnitude of the magnetic force is greater in Pair 1.
2: The magnitude of the magnetic force is greater in Pair 2.

Answer with the correct option from 0 to 2. Only provide the numeric and nothing else 

Answer: 
assistant
2",2,1,grade6,"system
You are a helpful assistant.
user
 QUESTION: Think about the magnetic force between the magnets in each pair. Which of the following statements is true?
OPTIONS:
0: The magnitude of the magnetic force is the same in both pairs.
1: The magnitude of the magnetic force is greater in Pair 1.
2: The magnitude of the magnetic force is greater in Pair 2.

Answer with the correct option from 0 to 2. Only provide the numeric and nothing else 

Answer: 
assistant
1",1,1,grade6
203,738,"system
You are a helpful assistant.
user
 QUESTION: Which country is highlighted?
OPTIONS:
0: Cuba
1: Haiti
2: Trinidad and Tobago
3: Grenada

Answer with the correct option from 0 to 3. Only provide the numeric and nothing else 

Answer: 
assistant
1",1,1,grade7,"system
You are a helpful assistant.
user
 QUESTION: Which country is highlighted?
OPTIONS:
0: Cuba
1: Haiti
2: Trinidad and Tobago
3: Grenada

Answer with the correct option from 0 to 3. Only provide the numeric and nothing else 

Answer: 
assistant
2",2,1,grade7
204,745,"system
You are a helpful assistant.
user
 QUESTION: Which solution has a higher concentration of purple particles?
OPTIONS:
0: neither; their concentrations are the same
1: Solution B
2: Solution A

Answer with the correct option from 0 to 2. Only provide the numeric and nothing else 

Answer: 
assistant
0",0,2,grade7,"system
You are a helpful assistant.
user
 QUESTION: Which solution has a higher concentration of purple particles?
OPTIONS:
0: neither; their concentrations are the same
1: Solution B
2: Solution A

Answer with the correct option from 0 to 2. Only provide the numeric and nothing else 

Answer: 
assistant
2",2,2,grade7
205,746,"system
You are a helpful assistant.
user
 QUESTION: What can Leo and Caden trade to each get what they want?
OPTIONS:
0: Caden can trade his broccoli for Leo's oranges.
1: Leo can trade his tomatoes for Caden's carrots.
2: Leo can trade his tomatoes for Caden's broccoli.
3: Caden can trade his almonds for Leo's tomatoes.

Answer with the correct option from 0 to 3. Only provide the numeric and nothing else 

Answer: 
assistant
3",3,2,grade8,"system
You are a helpful assistant.
user
 QUESTION: What can Leo and Caden trade to each get what they want?
OPTIONS:
0: Caden can trade his broccoli for Leo's oranges.
1: Leo can trade his tomatoes for Caden's carrots.
2: Leo can trade his tomatoes for Caden's broccoli.
3: Caden can trade his almonds for Leo's tomatoes.

Answer with the correct option from 0 to 3. Only provide the numeric and nothing else 

Answer: 
assistant
2",2,2,grade8
206,748,"system
You are a helpful assistant.
user
 QUESTION: Identify the question that Peter's experiment can best answer.
OPTIONS:
0: Do steel nails take fewer days to rust in water compared to vinegar?
1: Do steel nails rust in fewer days when submerged in a large volume of liquid compared to a small volume?

Answer with the correct option from 0 to 1. Only provide the numeric and nothing else 

Answer: 
assistant
1",1,0,grade6,"system
You are a helpful assistant.
user
 QUESTION: Identify the question that Peter's experiment can best answer.
OPTIONS:
0: Do steel nails take fewer days to rust in water compared to vinegar?
1: Do steel nails rust in fewer days when submerged in a large volume of liquid compared to a small volume?

Answer with the correct option from 0 to 1. Only provide the numeric and nothing else 

Answer: 
assistant
0",0,0,grade6
207,751,"system
You are a helpful assistant.
user
 QUESTION: Based on the Venn diagram, what do Natty Bumppo and Daniel Boone have in common?
OPTIONS:
0: Both fought in the French and Indian War.
1: Both were created by writer James Fenimore Cooper.

Answer with the correct option from 0 to 1. Only provide the numeric and nothing else 

Answer: 
assistant
0",0,0,grade5,"system
You are a helpful assistant.
user
 QUESTION: Based on the Venn diagram, what do Natty Bumppo and Daniel Boone have in common?
OPTIONS:
0: Both fought in the French and Indian War.
1: Both were created by writer James Fenimore Cooper.

Answer with the correct option from 0 to 1. Only provide the numeric and nothing else 

Answer: 
assistant
1",1,0,grade5
208,756,"system
You are a helpful assistant.
user
 QUESTION: Which of these states is farthest east?
OPTIONS:
0: California
1: Idaho
2: New Mexico
3: Nebraska

Answer with the correct option from 0 to 3. Only provide the numeric and nothing else 

Answer: 
assistant
3",3,3,grade3,"system
You are a helpful assistant.
user
 QUESTION: Which of these states is farthest east?
OPTIONS:
0: California
1: Idaho
2: New Mexico
3: Nebraska

Answer with the correct option from 0 to 3. Only provide the numeric and nothing else 

Answer: 
assistant
0",0,3,grade3
209,757,"system
You are a helpful assistant.
user
 QUESTION: Which statement describes the Steigerwald Forest ecosystem?
OPTIONS:
0: It has soil that is poor in nutrients.
1: It has soil that is rich in nutrients.

Answer with the correct option from 0 to 1. Only provide the numeric and nothing else 

Answer: 
assistant
1",1,1,grade8,"system
You are a helpful assistant.
user
 QUESTION: Which statement describes the Steigerwald Forest ecosystem?
OPTIONS:
0: It has soil that is poor in nutrients.
1: It has soil that is rich in nutrients.

Answer with the correct option from 0 to 1. Only provide the numeric and nothing else 

Answer: 
assistant
0",0,1,grade8
210,764,"system
You are a helpful assistant.
user
 QUESTION: Which solution has a higher concentration of blue particles?
OPTIONS:
0: neither; their concentrations are the same
1: Solution A
2: Solution B

Answer with the correct option from 0 to 2. Only provide the numeric and nothing else 

Answer: 
assistant
0",0,2,grade8,"system
You are a helpful assistant.
user
 QUESTION: Which solution has a higher concentration of blue particles?
OPTIONS:
0: neither; their concentrations are the same
1: Solution A
2: Solution B

Answer with the correct option from 0 to 2. Only provide the numeric and nothing else 

Answer: 
assistant
1",1,2,grade8
211,768,"system
You are a helpful assistant.
user
 QUESTION: What can a fern spore grow into?
OPTIONS:
0: a mature fern
1: a heart-shaped plant

Answer with the correct option from 0 to 1. Only provide the numeric and nothing else 

Answer: 
assistant
1",1,1,grade7,"system
You are a helpful assistant.
user
 QUESTION: What can a fern spore grow into?
OPTIONS:
0: a mature fern
1: a heart-shaped plant

Answer with the correct option from 0 to 1. Only provide the numeric and nothing else 

Answer: 
assistant
0",0,1,grade7
212,776,"system
You are a helpful assistant.
user
 QUESTION: What is the name of the colony shown?
OPTIONS:
0: Iowa
1: Connecticut
2: Virginia
3: Maine

Answer with the correct option from 0 to 3. Only provide the numeric and nothing else 

Answer: 
assistant
1",1,1,grade7,"system
You are a helpful assistant.
user
 QUESTION: What is the name of the colony shown?
OPTIONS:
0: Iowa
1: Connecticut
2: Virginia
3: Maine

Answer with the correct option from 0 to 3. Only provide the numeric and nothing else 

Answer: 
assistant
2",2,1,grade7
213,777,"system
You are a helpful assistant.
user
 QUESTION: Which statement is true about seeds?
OPTIONS:
0: A plant's flowers make seeds.
1: A plant's fruit makes seeds.

Answer with the correct option from 0 to 1. Only provide the numeric and nothing else 

Answer: 
assistant
1",1,0,grade4,"system
You are a helpful assistant.
user
 QUESTION: Which statement is true about seeds?
OPTIONS:
0: A plant's flowers make seeds.
1: A plant's fruit makes seeds.

Answer with the correct option from 0 to 1. Only provide the numeric and nothing else 

Answer: 
assistant
0",0,0,grade4
214,780,"system
You are a helpful assistant.
user
 QUESTION: What can Bryce and Victor trade to each get what they want?
OPTIONS:
0: Victor can trade his broccoli for Bryce's oranges.
1: Bryce can trade his tomatoes for Victor's broccoli.
2: Victor can trade his almonds for Bryce's tomatoes.
3: Bryce can trade his tomatoes for Victor's carrots.

Answer with the correct option from 0 to 3. Only provide the numeric and nothing else 

Answer: 
assistant
0",0,1,grade7,"system
You are a helpful assistant.
user
 QUESTION: What can Bryce and Victor trade to each get what they want?
OPTIONS:
0: Victor can trade his broccoli for Bryce's oranges.
1: Bryce can trade his tomatoes for Victor's broccoli.
2: Victor can trade his almonds for Bryce's tomatoes.
3: Bryce can trade his tomatoes for Victor's carrots.

Answer with the correct option from 0 to 3. Only provide the numeric and nothing else 

Answer: 
assistant
1",1,1,grade7
215,784,"system
You are a helpful assistant.
user
 QUESTION: Which trait did Pentasteria have? Select the trait you can observe on the fossil.
OPTIONS:
0: red skin
1: a long tube-shaped body
2: five arms

Answer with the correct option from 0 to 2. Only provide the numeric and nothing else 

Answer: 
assistant
2",2,2,grade3,"system
You are a helpful assistant.
user
 QUESTION: Which trait did Pentasteria have? Select the trait you can observe on the fossil.
OPTIONS:
0: red skin
1: a long tube-shaped body
2: five arms

Answer with the correct option from 0 to 2. Only provide the numeric and nothing else 

Answer: 
assistant
1",1,2,grade3
216,785,"system
You are a helpful assistant.
user
 QUESTION: What can Sadie and Kira trade to each get what they want?
OPTIONS:
0: Kira can trade her almonds for Sadie's tomatoes.
1: Sadie can trade her tomatoes for Kira's broccoli.
2: Kira can trade her broccoli for Sadie's oranges.
3: Sadie can trade her tomatoes for Kira's sandwich.

Answer with the correct option from 0 to 3. Only provide the numeric and nothing else 

Answer: 
assistant
0",0,1,grade6,"system
You are a helpful assistant.
user
 QUESTION: What can Sadie and Kira trade to each get what they want?
OPTIONS:
0: Kira can trade her almonds for Sadie's tomatoes.
1: Sadie can trade her tomatoes for Kira's broccoli.
2: Kira can trade her broccoli for Sadie's oranges.
3: Sadie can trade her tomatoes for Kira's sandwich.

Answer with the correct option from 0 to 3. Only provide the numeric and nothing else 

Answer: 
assistant
1",1,1,grade6
217,787,"system
You are a helpful assistant.
user
 QUESTION: Which property do these three objects have in common?
OPTIONS:
0: shiny
1: bumpy
2: bouncy

Answer with the correct option from 0 to 2. Only provide the numeric and nothing else 

Answer: 
assistant
2",2,2,grade4,"system
You are a helpful assistant.
user
 QUESTION: Which property do these three objects have in common?
OPTIONS:
0: shiny
1: bumpy
2: bouncy

Answer with the correct option from 0 to 2. Only provide the numeric and nothing else 

Answer: 
assistant
0",0,2,grade4
218,792,"system
You are a helpful assistant.
user
 QUESTION: What can Edwin and Brenda trade to each get what they want?
OPTIONS:
0: Brenda can trade her almonds for Edwin's tomatoes.
1: Edwin can trade his tomatoes for Brenda's carrots.
2: Edwin can trade his tomatoes for Brenda's broccoli.
3: Brenda can trade her broccoli for Edwin's oranges.

Answer with the correct option from 0 to 3. Only provide the numeric and nothing else 

Answer: 
assistant
0",0,2,grade7,"system
You are a helpful assistant.
user
 QUESTION: What can Edwin and Brenda trade to each get what they want?
OPTIONS:
0: Brenda can trade her almonds for Edwin's tomatoes.
1: Edwin can trade his tomatoes for Brenda's carrots.
2: Edwin can trade his tomatoes for Brenda's broccoli.
3: Brenda can trade her broccoli for Edwin's oranges.

Answer with the correct option from 0 to 3. Only provide the numeric and nothing else 

Answer: 
assistant
2",2,2,grade7
219,794,"system
You are a helpful assistant.
user
 QUESTION: Which of the following could Camille and Lucy's test show?
OPTIONS:
0: if a new batch of concrete was firm enough to use
1: if the concrete from each batch took the same amount of time to dry

Answer with the correct option from 0 to 1. Only provide the numeric and nothing else 

Answer: 
assistant
0",0,0,grade6,"system
You are a helpful assistant.
user
 QUESTION: Which of the following could Camille and Lucy's test show?
OPTIONS:
0: if a new batch of concrete was firm enough to use
1: if the concrete from each batch took the same amount of time to dry

Answer with the correct option from 0 to 1. Only provide the numeric and nothing else 

Answer: 
assistant
1",1,0,grade6
220,796,"system
You are a helpful assistant.
user
 QUESTION: Which property do these three objects have in common?
OPTIONS:
0: sticky
1: blue
2: bouncy

Answer with the correct option from 0 to 2. Only provide the numeric and nothing else 

Answer: 
assistant
1",1,1,grade3,"system
You are a helpful assistant.
user
 QUESTION: Which property do these three objects have in common?
OPTIONS:
0: sticky
1: blue
2: bouncy

Answer with the correct option from 0 to 2. Only provide the numeric and nothing else 

Answer: 
assistant
0",0,1,grade3
221,797,"system
You are a helpful assistant.
user
 QUESTION: What can Justine and Caleb trade to each get what they want?
OPTIONS:
0: Caleb can trade his almonds for Justine's tomatoes.
1: Justine can trade her tomatoes for Caleb's broccoli.
2: Caleb can trade his broccoli for Justine's oranges.
3: Justine can trade her tomatoes for Caleb's carrots.

Answer with the correct option from 0 to 3. Only provide the numeric and nothing else 

Answer: 
assistant
0",0,1,grade8,"system
You are a helpful assistant.
user
 QUESTION: What can Justine and Caleb trade to each get what they want?
OPTIONS:
0: Caleb can trade his almonds for Justine's tomatoes.
1: Justine can trade her tomatoes for Caleb's broccoli.
2: Caleb can trade his broccoli for Justine's oranges.
3: Justine can trade her tomatoes for Caleb's carrots.

Answer with the correct option from 0 to 3. Only provide the numeric and nothing else 

Answer: 
assistant
1",1,1,grade8
222,802,"system
You are a helpful assistant.
user
 QUESTION: Which ocean is highlighted?
OPTIONS:
0: the Atlantic Ocean
1: the Indian Ocean
2: the Arctic Ocean
3: the Pacific Ocean

Answer with the correct option from 0 to 3. Only provide the numeric and nothing else 

Answer: 
assistant
2",2,0,grade7,"system
You are a helpful assistant.
user
 QUESTION: Which ocean is highlighted?
OPTIONS:
0: the Atlantic Ocean
1: the Indian Ocean
2: the Arctic Ocean
3: the Pacific Ocean

Answer with the correct option from 0 to 3. Only provide the numeric and nothing else 

Answer: 
assistant
3",3,0,grade7
223,806,"system
You are a helpful assistant.
user
 QUESTION: Compare the average kinetic energies of the particles in each sample. Which sample has the higher temperature?
OPTIONS:
0: sample A
1: neither; the samples have the same temperature
2: sample B

Answer with the correct option from 0 to 2. Only provide the numeric and nothing else 

Answer: 
assistant
1",1,1,grade7,"system
You are a helpful assistant.
user
 QUESTION: Compare the average kinetic energies of the particles in each sample. Which sample has the higher temperature?
OPTIONS:
0: sample A
1: neither; the samples have the same temperature
2: sample B

Answer with the correct option from 0 to 2. Only provide the numeric and nothing else 

Answer: 
assistant
2",2,1,grade7
224,807,"system
You are a helpful assistant.
user
 QUESTION: Which is the main persuasive appeal used in this ad?
OPTIONS:
0: logos (reason)
1: ethos (character)
2: pathos (emotion)

Answer with the correct option from 0 to 2. Only provide the numeric and nothing else 

Answer: 
assistant
2",2,2,grade7,"system
You are a helpful assistant.
user
 QUESTION: Which is the main persuasive appeal used in this ad?
OPTIONS:
0: logos (reason)
1: ethos (character)
2: pathos (emotion)

Answer with the correct option from 0 to 2. Only provide the numeric and nothing else 

Answer: 
assistant
0",0,2,grade7
225,808,"system
You are a helpful assistant.
user
 QUESTION: Which continent is highlighted?
OPTIONS:
0: Asia
1: South America
2: North America
3: Australia

Answer with the correct option from 0 to 3. Only provide the numeric and nothing else 

Answer: 
assistant
0",0,0,grade4,"system
You are a helpful assistant.
user
 QUESTION: Which continent is highlighted?
OPTIONS:
0: Asia
1: South America
2: North America
3: Australia

Answer with the correct option from 0 to 3. Only provide the numeric and nothing else 

Answer: 
assistant
1",1,0,grade4
226,811,"system
You are a helpful assistant.
user
 QUESTION: During this time, thermal energy was transferred from () to ().
OPTIONS:
0: the surroundings . . . each battery
1: each battery . . . the surroundings

Answer with the correct option from 0 to 1. Only provide the numeric and nothing else 

Answer: 
assistant
0",0,1,grade7,"system
You are a helpful assistant.
user
 QUESTION: During this time, thermal energy was transferred from () to ().
OPTIONS:
0: the surroundings . . . each battery
1: each battery . . . the surroundings

Answer with the correct option from 0 to 1. Only provide the numeric and nothing else 

Answer: 
assistant
1",1,1,grade7
227,813,"system
You are a helpful assistant.
user
 QUESTION: Which property matches this object?
OPTIONS:
0: scratchy
1: breakable

Answer with the correct option from 0 to 1. Only provide the numeric and nothing else 

Answer: 
assistant
0",0,0,grade2,"system
You are a helpful assistant.
user
 QUESTION: Which property matches this object?
OPTIONS:
0: scratchy
1: breakable

Answer with the correct option from 0 to 1. Only provide the numeric and nothing else 

Answer: 
assistant
1",1,0,grade2
228,817,"system
You are a helpful assistant.
user
 QUESTION: Which country is highlighted?
OPTIONS:
0: Papua New Guinea
1: Australia
2: the Federated States of Micronesia
3: Palau

Answer with the correct option from 0 to 3. Only provide the numeric and nothing else 

Answer: 
assistant
3",3,2,grade6,"system
You are a helpful assistant.
user
 QUESTION: Which country is highlighted?
OPTIONS:
0: Papua New Guinea
1: Australia
2: the Federated States of Micronesia
3: Palau

Answer with the correct option from 0 to 3. Only provide the numeric and nothing else 

Answer: 
assistant
2",2,2,grade6
229,819,"system
You are a helpful assistant.
user
 QUESTION: What is the name of the colony shown?
OPTIONS:
0: New York
1: Pennsylvania
2: Delaware
3: New Jersey

Answer with the correct option from 0 to 3. Only provide the numeric and nothing else 

Answer: 
assistant
1",1,1,grade8,"system
You are a helpful assistant.
user
 QUESTION: What is the name of the colony shown?
OPTIONS:
0: New York
1: Pennsylvania
2: Delaware
3: New Jersey

Answer with the correct option from 0 to 3. Only provide the numeric and nothing else 

Answer: 
assistant
2",2,1,grade8
230,829,"system
You are a helpful assistant.
user
 QUESTION: Which property do these three objects have in common?
OPTIONS:
0: bouncy
1: hard
2: stretchy

Answer with the correct option from 0 to 2. Only provide the numeric and nothing else 

Answer: 
assistant
1",1,1,grade3,"system
You are a helpful assistant.
user
 QUESTION: Which property do these three objects have in common?
OPTIONS:
0: bouncy
1: hard
2: stretchy

Answer with the correct option from 0 to 2. Only provide the numeric and nothing else 

Answer: 
assistant
0",0,1,grade3
231,831,"system
You are a helpful assistant.
user
 QUESTION: Is quartzite a mineral?
OPTIONS:
0: no
1: yes

Answer with the correct option from 0 to 1. Only provide the numeric and nothing else 

Answer: 
assistant
1",1,0,grade6,"system
You are a helpful assistant.
user
 QUESTION: Is quartzite a mineral?
OPTIONS:
0: no
1: yes

Answer with the correct option from 0 to 1. Only provide the numeric and nothing else 

Answer: 
assistant
0",0,0,grade6
232,832,"system
You are a helpful assistant.
user
 QUESTION: Which solution has a higher concentration of blue particles?
OPTIONS:
0: neither; their concentrations are the same
1: Solution B
2: Solution A

Answer with the correct option from 0 to 2. Only provide the numeric and nothing else 

Answer: 
assistant
1",1,1,grade8,"system
You are a helpful assistant.
user
 QUESTION: Which solution has a higher concentration of blue particles?
OPTIONS:
0: neither; their concentrations are the same
1: Solution B
2: Solution A

Answer with the correct option from 0 to 2. Only provide the numeric and nothing else 

Answer: 
assistant
2",2,1,grade8
233,833,"system
You are a helpful assistant.
user
 QUESTION: Which of these cities is marked on the map?
OPTIONS:
0: Oklahoma City
1: Nashville
2: New Orleans
3: Miami

Answer with the correct option from 0 to 3. Only provide the numeric and nothing else 

Answer: 
assistant
3",3,3,grade4,"system
You are a helpful assistant.
user
 QUESTION: Which of these cities is marked on the map?
OPTIONS:
0: Oklahoma City
1: Nashville
2: New Orleans
3: Miami

Answer with the correct option from 0 to 3. Only provide the numeric and nothing else 

Answer: 
assistant
0",0,3,grade4
234,834,"system
You are a helpful assistant.
user
 QUESTION: What is the name of the colony shown?
OPTIONS:
0: Tennessee
1: Virginia
2: Maryland
3: West Virginia

Answer with the correct option from 0 to 3. Only provide the numeric and nothing else 

Answer: 
assistant
1",1,1,grade5,"system
You are a helpful assistant.
user
 QUESTION: What is the name of the colony shown?
OPTIONS:
0: Tennessee
1: Virginia
2: Maryland
3: West Virginia

Answer with the correct option from 0 to 3. Only provide the numeric and nothing else 

Answer: 
assistant
2",2,1,grade5
235,837,"system
You are a helpful assistant.
user
 QUESTION: Think about the magnetic force between the magnets in each pair. Which of the following statements is true?
OPTIONS:
0: The magnitude of the magnetic force is greater in Pair 1.
1: The magnitude of the magnetic force is the same in both pairs.
2: The magnitude of the magnetic force is greater in Pair 2.

Answer with the correct option from 0 to 2. Only provide the numeric and nothing else 

Answer: 
assistant
1",1,2,grade8,"system
You are a helpful assistant.
user
 QUESTION: Think about the magnetic force between the magnets in each pair. Which of the following statements is true?
OPTIONS:
0: The magnitude of the magnetic force is greater in Pair 1.
1: The magnitude of the magnetic force is the same in both pairs.
2: The magnitude of the magnetic force is greater in Pair 2.

Answer with the correct option from 0 to 2. Only provide the numeric and nothing else 

Answer: 
assistant
2",2,2,grade8
236,838,"system
You are a helpful assistant.
user
 QUESTION: Think about the magnetic force between the magnets in each pair. Which of the following statements is true?
OPTIONS:
0: The magnetic force is stronger in Pair 1.
1: The strength of the magnetic force is the same in both pairs.
2: The magnetic force is stronger in Pair 2.

Answer with the correct option from 0 to 2. Only provide the numeric and nothing else 

Answer: 
assistant
1",1,1,grade3,"system
You are a helpful assistant.
user
 QUESTION: Think about the magnetic force between the magnets in each pair. Which of the following statements is true?
OPTIONS:
0: The magnetic force is stronger in Pair 1.
1: The strength of the magnetic force is the same in both pairs.
2: The magnetic force is stronger in Pair 2.

Answer with the correct option from 0 to 2. Only provide the numeric and nothing else 

Answer: 
assistant
2",2,1,grade3
237,840,"system
You are a helpful assistant.
user
 QUESTION: Which continent is highlighted?
OPTIONS:
0: Africa
1: Asia
2: South America
3: Antarctica

Answer with the correct option from 0 to 3. Only provide the numeric and nothing else 

Answer: 
assistant
0",0,0,grade5,"system
You are a helpful assistant.
user
 QUESTION: Which continent is highlighted?
OPTIONS:
0: Africa
1: Asia
2: South America
3: Antarctica

Answer with the correct option from 0 to 3. Only provide the numeric and nothing else 

Answer: 
assistant
2",2,0,grade5
238,844,"system
You are a helpful assistant.
user
 QUESTION: Which property do these four objects have in common?
OPTIONS:
0: salty
1: rough
2: flexible

Answer with the correct option from 0 to 2. Only provide the numeric and nothing else 

Answer: 
assistant
1",1,1,grade5,"system
You are a helpful assistant.
user
 QUESTION: Which property do these four objects have in common?
OPTIONS:
0: salty
1: rough
2: flexible

Answer with the correct option from 0 to 2. Only provide the numeric and nothing else 

Answer: 
assistant
2",2,1,grade5
239,853,"system
You are a helpful assistant.
user
 QUESTION: Which property do these four objects have in common?
OPTIONS:
0: sticky
1: hard
2: stretchy

Answer with the correct option from 0 to 2. Only provide the numeric and nothing else 

Answer: 
assistant
0",0,0,grade5,"system
You are a helpful assistant.
user
 QUESTION: Which property do these four objects have in common?
OPTIONS:
0: sticky
1: hard
2: stretchy

Answer with the correct option from 0 to 2. Only provide the numeric and nothing else 

Answer: 
assistant
1",1,0,grade5
240,854,"system
You are a helpful assistant.
user
 QUESTION: Which statement best describes the average monthly precipitation in Boston?
OPTIONS:
0: March is the month with the highest average precipitation.
1: About the same amount of precipitation falls each month between May and October.
2: Precipitation does not change much from month to month in Boston.

Answer with the correct option from 0 to 2. Only provide the numeric and nothing else 

Answer: 
assistant
2",2,1,grade4,"system
You are a helpful assistant.
user
 QUESTION: Which statement best describes the average monthly precipitation in Boston?
OPTIONS:
0: March is the month with the highest average precipitation.
1: About the same amount of precipitation falls each month between May and October.
2: Precipitation does not change much from month to month in Boston.

Answer with the correct option from 0 to 2. Only provide the numeric and nothing else 

Answer: 
assistant
1",1,1,grade4
241,858,"system
You are a helpful assistant.
user
 QUESTION: Which country is highlighted?
OPTIONS:
0: Haiti
1: Saint Lucia
2: Barbados
3: Saint Vincent and the Grenadines

Answer with the correct option from 0 to 3. Only provide the numeric and nothing else 

Answer: 
assistant
3",3,1,grade7,"system
You are a helpful assistant.
user
 QUESTION: Which country is highlighted?
OPTIONS:
0: Haiti
1: Saint Lucia
2: Barbados
3: Saint Vincent and the Grenadines

Answer with the correct option from 0 to 3. Only provide the numeric and nothing else 

Answer: 
assistant
2",2,1,grade7
242,863,"system
You are a helpful assistant.
user
 QUESTION: Compare the average kinetic energies of the particles in each sample. Which sample has the higher temperature?
OPTIONS:
0: sample A
1: sample B
2: neither; the samples have the same temperature

Answer with the correct option from 0 to 2. Only provide the numeric and nothing else 

Answer: 
assistant
0",0,0,grade6,"system
You are a helpful assistant.
user
 QUESTION: Compare the average kinetic energies of the particles in each sample. Which sample has the higher temperature?
OPTIONS:
0: sample A
1: sample B
2: neither; the samples have the same temperature

Answer with the correct option from 0 to 2. Only provide the numeric and nothing else 

Answer: 
assistant
1",1,0,grade6
243,871,"system
You are a helpful assistant.
user
 QUESTION: Think about the magnetic force between the magnets in each pair. Which of the following statements is true?
OPTIONS:
0: The magnitude of the magnetic force is greater in Pair 2.
1: The magnitude of the magnetic force is greater in Pair 1.
2: The magnitude of the magnetic force is the same in both pairs.

Answer with the correct option from 0 to 2. Only provide the numeric and nothing else 

Answer: 
assistant
2",2,1,grade8,"system
You are a helpful assistant.
user
 QUESTION: Think about the magnetic force between the magnets in each pair. Which of the following statements is true?
OPTIONS:
0: The magnitude of the magnetic force is greater in Pair 2.
1: The magnitude of the magnetic force is greater in Pair 1.
2: The magnitude of the magnetic force is the same in both pairs.

Answer with the correct option from 0 to 2. Only provide the numeric and nothing else 

Answer: 
assistant
1",1,1,grade8
244,877,"system
You are a helpful assistant.
user
 QUESTION: What can Jasmine and Bryan trade to each get what they want?
OPTIONS:
0: Jasmine can trade her tomatoes for Bryan's carrots.
1: Bryan can trade his broccoli for Jasmine's oranges.
2: Bryan can trade his almonds for Jasmine's tomatoes.
3: Jasmine can trade her tomatoes for Bryan's broccoli.

Answer with the correct option from 0 to 3. Only provide the numeric and nothing else 

Answer: 
assistant
3",3,3,grade7,"system
You are a helpful assistant.
user
 QUESTION: What can Jasmine and Bryan trade to each get what they want?
OPTIONS:
0: Jasmine can trade her tomatoes for Bryan's carrots.
1: Bryan can trade his broccoli for Jasmine's oranges.
2: Bryan can trade his almonds for Jasmine's tomatoes.
3: Jasmine can trade her tomatoes for Bryan's broccoli.

Answer with the correct option from 0 to 3. Only provide the numeric and nothing else 

Answer: 
assistant
2",2,3,grade7
245,881,"system
You are a helpful assistant.
user
 QUESTION: In this food web, which organism contains matter that eventually moves to the earthworm?
OPTIONS:
0: barren-ground caribou
1: bilberry

Answer with the correct option from 0 to 1. Only provide the numeric and nothing else 

Answer: 
assistant
1",1,1,grade5,"system
You are a helpful assistant.
user
 QUESTION: In this food web, which organism contains matter that eventually moves to the earthworm?
OPTIONS:
0: barren-ground caribou
1: bilberry

Answer with the correct option from 0 to 1. Only provide the numeric and nothing else 

Answer: 
assistant
0",0,1,grade5
246,882,"system
You are a helpful assistant.
user
 QUESTION: During this time, thermal energy was transferred from () to ().
OPTIONS:
0: each aquarium . . . the surroundings
1: the surroundings . . . each aquarium

Answer with the correct option from 0 to 1. Only provide the numeric and nothing else 

Answer: 
assistant
0",0,0,grade7,"system
You are a helpful assistant.
user
 QUESTION: During this time, thermal energy was transferred from () to ().
OPTIONS:
0: each aquarium . . . the surroundings
1: the surroundings . . . each aquarium

Answer with the correct option from 0 to 1. Only provide the numeric and nothing else 

Answer: 
assistant
1",1,0,grade7
247,891,"system
You are a helpful assistant.
user
 QUESTION: Think about the magnetic force between the magnets in each pair. Which of the following statements is true?
OPTIONS:
0: The magnetic force is weaker in Pair 2.
1: The magnetic force is weaker in Pair 1.
2: The strength of the magnetic force is the same in both pairs.

Answer with the correct option from 0 to 2. Only provide the numeric and nothing else 

Answer: 
assistant
2",2,2,grade4,"system
You are a helpful assistant.
user
 QUESTION: Think about the magnetic force between the magnets in each pair. Which of the following statements is true?
OPTIONS:
0: The magnetic force is weaker in Pair 2.
1: The magnetic force is weaker in Pair 1.
2: The strength of the magnetic force is the same in both pairs.

Answer with the correct option from 0 to 2. Only provide the numeric and nothing else 

Answer: 
assistant
1",1,2,grade4
248,892,"system
You are a helpful assistant.
user
 QUESTION: Which property do these three objects have in common?
OPTIONS:
0: blue
1: fuzzy
2: slippery

Answer with the correct option from 0 to 2. Only provide the numeric and nothing else 

Answer: 
assistant
1",1,1,grade3,"system
You are a helpful assistant.
user
 QUESTION: Which property do these three objects have in common?
OPTIONS:
0: blue
1: fuzzy
2: slippery

Answer with the correct option from 0 to 2. Only provide the numeric and nothing else 

Answer: 
assistant
2",2,1,grade3
249,893,"system
You are a helpful assistant.
user
 QUESTION: Compare the average kinetic energies of the particles in each sample. Which sample has the higher temperature?
OPTIONS:
0: sample A
1: sample B
2: neither; the samples have the same temperature

Answer with the correct option from 0 to 2. Only provide the numeric and nothing else 

Answer: 
assistant
0",0,0,grade6,"system
You are a helpful assistant.
user
 QUESTION: Compare the average kinetic energies of the particles in each sample. Which sample has the higher temperature?
OPTIONS:
0: sample A
1: sample B
2: neither; the samples have the same temperature

Answer with the correct option from 0 to 2. Only provide the numeric and nothing else 

Answer: 
assistant
1",1,0,grade6
250,897,"system
You are a helpful assistant.
user
 QUESTION: Which country is highlighted?
OPTIONS:
0: Haiti
1: Saint Kitts and Nevis
2: the Dominican Republic
3: Dominica

Answer with the correct option from 0 to 3. Only provide the numeric and nothing else 

Answer: 
assistant
3",3,3,grade6,"system
You are a helpful assistant.
user
 QUESTION: Which country is highlighted?
OPTIONS:
0: Haiti
1: Saint Kitts and Nevis
2: the Dominican Republic
3: Dominica

Answer with the correct option from 0 to 3. Only provide the numeric and nothing else 

Answer: 
assistant
2",2,3,grade6
251,898,"system
You are a helpful assistant.
user
 QUESTION: Which property do these four objects have in common?
OPTIONS:
0: salty
1: fuzzy
2: smooth

Answer with the correct option from 0 to 2. Only provide the numeric and nothing else 

Answer: 
assistant
0",0,0,grade5,"system
You are a helpful assistant.
user
 QUESTION: Which property do these four objects have in common?
OPTIONS:
0: salty
1: fuzzy
2: smooth

Answer with the correct option from 0 to 2. Only provide the numeric and nothing else 

Answer: 
assistant
2",2,0,grade5
252,900,"system
You are a helpful assistant.
user
 QUESTION: What can Duncan and Sam trade to each get what they want?
OPTIONS:
0: Duncan can trade his tomatoes for Sam's broccoli.
1: Duncan can trade his tomatoes for Sam's carrots.
2: Sam can trade his almonds for Duncan's tomatoes.
3: Sam can trade his broccoli for Duncan's oranges.

Answer with the correct option from 0 to 3. Only provide the numeric and nothing else 

Answer: 
assistant
3",3,0,grade7,"system
You are a helpful assistant.
user
 QUESTION: What can Duncan and Sam trade to each get what they want?
OPTIONS:
0: Duncan can trade his tomatoes for Sam's broccoli.
1: Duncan can trade his tomatoes for Sam's carrots.
2: Sam can trade his almonds for Duncan's tomatoes.
3: Sam can trade his broccoli for Duncan's oranges.

Answer with the correct option from 0 to 3. Only provide the numeric and nothing else 

Answer: 
assistant
1",1,0,grade7
253,906,"system
You are a helpful assistant.
user
 QUESTION: Which of these organisms contains matter that was once part of the lichen?
OPTIONS:
0: rough-legged hawk
1: parasitic jaeger
2: Arctic fox
3: snowy owl
4: barren-ground caribou

Answer with the correct option from 0 to 4. Only provide the numeric and nothing else 

Answer: 
assistant
4",4,4,grade7,"system
You are a helpful assistant.
user
 QUESTION: Which of these organisms contains matter that was once part of the lichen?
OPTIONS:
0: rough-legged hawk
1: parasitic jaeger
2: Arctic fox
3: snowy owl
4: barren-ground caribou

Answer with the correct option from 0 to 4. Only provide the numeric and nothing else 

Answer: 
assistant
0",0,4,grade7
254,907,"system
You are a helpful assistant.
user
 QUESTION: Which property do these three objects have in common?
OPTIONS:
0: transparent
1: fragile
2: flexible

Answer with the correct option from 0 to 2. Only provide the numeric and nothing else 

Answer: 
assistant
2",2,2,grade3,"system
You are a helpful assistant.
user
 QUESTION: Which property do these three objects have in common?
OPTIONS:
0: transparent
1: fragile
2: flexible

Answer with the correct option from 0 to 2. Only provide the numeric and nothing else 

Answer: 
assistant
0",0,2,grade3
255,915,"system
You are a helpful assistant.
user
 QUESTION: What is the name of the colony shown?
OPTIONS:
0: Rhode Island
1: Michigan
2: Massachusetts
3: New Jersey

Answer with the correct option from 0 to 3. Only provide the numeric and nothing else 

Answer: 
assistant
3",3,3,grade7,"system
You are a helpful assistant.
user
 QUESTION: What is the name of the colony shown?
OPTIONS:
0: Rhode Island
1: Michigan
2: Massachusetts
3: New Jersey

Answer with the correct option from 0 to 3. Only provide the numeric and nothing else 

Answer: 
assistant
2",2,3,grade7
256,916,"system
You are a helpful assistant.
user
 QUESTION: Which ocean is highlighted?
OPTIONS:
0: the Southern Ocean
1: the Atlantic Ocean
2: the Arctic Ocean
3: the Pacific Ocean

Answer with the correct option from 0 to 3. Only provide the numeric and nothing else 

Answer: 
assistant
2",2,1,grade7,"system
You are a helpful assistant.
user
 QUESTION: Which ocean is highlighted?
OPTIONS:
0: the Southern Ocean
1: the Atlantic Ocean
2: the Arctic Ocean
3: the Pacific Ocean

Answer with the correct option from 0 to 3. Only provide the numeric and nothing else 

Answer: 
assistant
0",0,1,grade7
257,918,"system
You are a helpful assistant.
user
 QUESTION: Complete the sentence.
Pollination is what happens when ().
OPTIONS:
0: pollen lands on a female cone
1: sperm fuses with an egg

Answer with the correct option from 0 to 1. Only provide the numeric and nothing else 

Answer: 
assistant
0",0,0,grade4,"system
You are a helpful assistant.
user
 QUESTION: Complete the sentence.
Pollination is what happens when ().
OPTIONS:
0: pollen lands on a female cone
1: sperm fuses with an egg

Answer with the correct option from 0 to 1. Only provide the numeric and nothing else 

Answer: 
assistant
1",1,0,grade4
258,922,"system
You are a helpful assistant.
user
 QUESTION: What is the name of the colony shown?
OPTIONS:
0: Maryland
1: Washington, D.C.
2: Virginia
3: New York

Answer with the correct option from 0 to 3. Only provide the numeric and nothing else 

Answer: 
assistant
0",0,0,grade4,"system
You are a helpful assistant.
user
 QUESTION: What is the name of the colony shown?
OPTIONS:
0: Maryland
1: Washington, D.C.
2: Virginia
3: New York

Answer with the correct option from 0 to 3. Only provide the numeric and nothing else 

Answer: 
assistant
2",2,0,grade4
259,924,"system
You are a helpful assistant.
user
 QUESTION: What is the name of the colony shown?
OPTIONS:
0: New Hampshire
1: Georgia
2: Rhode Island
3: Connecticut

Answer with the correct option from 0 to 3. Only provide the numeric and nothing else 

Answer: 
assistant
0",0,2,grade7,"system
You are a helpful assistant.
user
 QUESTION: What is the name of the colony shown?
OPTIONS:
0: New Hampshire
1: Georgia
2: Rhode Island
3: Connecticut

Answer with the correct option from 0 to 3. Only provide the numeric and nothing else 

Answer: 
assistant
2",2,2,grade7
260,927,"system
You are a helpful assistant.
user
 QUESTION: Which better describes the Jardines de la Reina National Park ecosystem?
OPTIONS:
0: It has bright sunlight. It also has shallow water.
1: It has water with not much salt. It also has only a few types of organisms.

Answer with the correct option from 0 to 1. Only provide the numeric and nothing else 

Answer: 
assistant
0",0,0,grade3,"system
You are a helpful assistant.
user
 QUESTION: Which better describes the Jardines de la Reina National Park ecosystem?
OPTIONS:
0: It has bright sunlight. It also has shallow water.
1: It has water with not much salt. It also has only a few types of organisms.

Answer with the correct option from 0 to 1. Only provide the numeric and nothing else 

Answer: 
assistant
1",1,0,grade3
261,937,"system
You are a helpful assistant.
user
 QUESTION: Identify the question that Kelsey's experiment can best answer.
OPTIONS:
0: Does linen fabric turn darker than cotton fabric when soaked in a mixture of black dye and water?
1: Does fabric turn darker when soaked in a mixture of black dye and water for 15 minutes compared to 30 minutes?

Answer with the correct option from 0 to 1. Only provide the numeric and nothing else 

Answer: 
assistant
0",0,0,grade8,"system
You are a helpful assistant.
user
 QUESTION: Identify the question that Kelsey's experiment can best answer.
OPTIONS:
0: Does linen fabric turn darker than cotton fabric when soaked in a mixture of black dye and water?
1: Does fabric turn darker when soaked in a mixture of black dye and water for 15 minutes compared to 30 minutes?

Answer with the correct option from 0 to 1. Only provide the numeric and nothing else 

Answer: 
assistant
1",1,0,grade8
262,938,"system
You are a helpful assistant.
user
 QUESTION: Think about the magnetic force between the magnets in each pair. Which of the following statements is true?
OPTIONS:
0: The magnitude of the magnetic force is the same in both pairs.
1: The magnitude of the magnetic force is greater in Pair 1.
2: The magnitude of the magnetic force is greater in Pair 2.

Answer with the correct option from 0 to 2. Only provide the numeric and nothing else 

Answer: 
assistant
0",0,0,grade6,"system
You are a helpful assistant.
user
 QUESTION: Think about the magnetic force between the magnets in each pair. Which of the following statements is true?
OPTIONS:
0: The magnitude of the magnetic force is the same in both pairs.
1: The magnitude of the magnetic force is greater in Pair 1.
2: The magnitude of the magnetic force is greater in Pair 2.

Answer with the correct option from 0 to 2. Only provide the numeric and nothing else 

Answer: 
assistant
1",1,0,grade6
263,940,"system
You are a helpful assistant.
user
 QUESTION: Which property do these three objects have in common?
OPTIONS:
0: soft
1: flexible
2: slippery

Answer with the correct option from 0 to 2. Only provide the numeric and nothing else 

Answer: 
assistant
2",2,2,grade4,"system
You are a helpful assistant.
user
 QUESTION: Which property do these three objects have in common?
OPTIONS:
0: soft
1: flexible
2: slippery

Answer with the correct option from 0 to 2. Only provide the numeric and nothing else 

Answer: 
assistant
1",1,2,grade4
264,943,"system
You are a helpful assistant.
user
 QUESTION: Is the following statement about our solar system true or false?
Half of the planets are made mainly of gas or ice.
OPTIONS:
0: true
1: false

Answer with the correct option from 0 to 1. Only provide the numeric and nothing else 

Answer: 
assistant
0",0,0,grade6,"system
You are a helpful assistant.
user
 QUESTION: Is the following statement about our solar system true or false?
Half of the planets are made mainly of gas or ice.
OPTIONS:
0: true
1: false

Answer with the correct option from 0 to 1. Only provide the numeric and nothing else 

Answer: 
assistant
1",1,0,grade6
265,944,"system
You are a helpful assistant.
user
 QUESTION: Think about the magnetic force between the magnets in each pair. Which of the following statements is true?
OPTIONS:
0: The magnitude of the magnetic force is the same in both pairs.
1: The magnitude of the magnetic force is smaller in Pair 1.
2: The magnitude of the magnetic force is smaller in Pair 2.

Answer with the correct option from 0 to 2. Only provide the numeric and nothing else 

Answer: 
assistant
2",2,2,grade5,"system
You are a helpful assistant.
user
 QUESTION: Think about the magnetic force between the magnets in each pair. Which of the following statements is true?
OPTIONS:
0: The magnitude of the magnetic force is the same in both pairs.
1: The magnitude of the magnetic force is smaller in Pair 1.
2: The magnitude of the magnetic force is smaller in Pair 2.

Answer with the correct option from 0 to 2. Only provide the numeric and nothing else 

Answer: 
assistant
1",1,2,grade5
266,947,"system
You are a helpful assistant.
user
 QUESTION: What can Kevin and Lily trade to each get what they want?
OPTIONS:
0: Lily can trade her broccoli for Kevin's oranges.
1: Kevin can trade his tomatoes for Lily's sandwich.
2: Kevin can trade his tomatoes for Lily's broccoli.
3: Lily can trade her almonds for Kevin's tomatoes.

Answer with the correct option from 0 to 3. Only provide the numeric and nothing else 

Answer: 
assistant
3",3,2,grade6,"system
You are a helpful assistant.
user
 QUESTION: What can Kevin and Lily trade to each get what they want?
OPTIONS:
0: Lily can trade her broccoli for Kevin's oranges.
1: Kevin can trade his tomatoes for Lily's sandwich.
2: Kevin can trade his tomatoes for Lily's broccoli.
3: Lily can trade her almonds for Kevin's tomatoes.

Answer with the correct option from 0 to 3. Only provide the numeric and nothing else 

Answer: 
assistant
2",2,2,grade6
267,948,"system
You are a helpful assistant.
user
 QUESTION: During this time, thermal energy was transferred from () to ().
OPTIONS:
0: each battery . . . the surroundings
1: the surroundings . . . each battery

Answer with the correct option from 0 to 1. Only provide the numeric and nothing else 

Answer: 
assistant
0",0,0,grade7,"system
You are a helpful assistant.
user
 QUESTION: During this time, thermal energy was transferred from () to ().
OPTIONS:
0: each battery . . . the surroundings
1: the surroundings . . . each battery

Answer with the correct option from 0 to 1. Only provide the numeric and nothing else 

Answer: 
assistant
1",1,0,grade7
268,953,"system
You are a helpful assistant.
user
 QUESTION: Which ocean is highlighted?
OPTIONS:
0: the Indian Ocean
1: the Southern Ocean
2: the Pacific Ocean
3: the Arctic Ocean

Answer with the correct option from 0 to 3. Only provide the numeric and nothing else 

Answer: 
assistant
3",3,3,grade7,"system
You are a helpful assistant.
user
 QUESTION: Which ocean is highlighted?
OPTIONS:
0: the Indian Ocean
1: the Southern Ocean
2: the Pacific Ocean
3: the Arctic Ocean

Answer with the correct option from 0 to 3. Only provide the numeric and nothing else 

Answer: 
assistant
2",2,3,grade7
269,957,"system
You are a helpful assistant.
user
 QUESTION: What is the expected ratio of offspring with sweet fruit to offspring with sour fruit? Choose the most likely ratio.
OPTIONS:
0: 4:0
1: 0:4
2: 3:1
3: 2:2
4: 1:3

Answer with the correct option from 0 to 4. Only provide the numeric and nothing else 

Answer: 
assistant
1",1,3,grade8,"system
You are a helpful assistant.
user
 QUESTION: What is the expected ratio of offspring with sweet fruit to offspring with sour fruit? Choose the most likely ratio.
OPTIONS:
0: 4:0
1: 0:4
2: 3:1
3: 2:2
4: 1:3

Answer with the correct option from 0 to 4. Only provide the numeric and nothing else 

Answer: 
assistant
2: 3:1",2,3,grade8
270,960,"system
You are a helpful assistant.
user
 QUESTION: Which country is highlighted?
OPTIONS:
0: the Marshall Islands
1: New Zealand
2: Australia
3: Papua New Guinea

Answer with the correct option from 0 to 3. Only provide the numeric and nothing else 

Answer: 
assistant
1",1,1,grade6,"system
You are a helpful assistant.
user
 QUESTION: Which country is highlighted?
OPTIONS:
0: the Marshall Islands
1: New Zealand
2: Australia
3: Papua New Guinea

Answer with the correct option from 0 to 3. Only provide the numeric and nothing else 

Answer: 
assistant
2",2,1,grade6
271,961,"system
You are a helpful assistant.
user
 QUESTION: Which ocean is highlighted?
OPTIONS:
0: the Arctic Ocean
1: the Atlantic Ocean
2: the Indian Ocean
3: the Southern Ocean

Answer with the correct option from 0 to 3. Only provide the numeric and nothing else 

Answer: 
assistant
1",1,0,grade7,"system
You are a helpful assistant.
user
 QUESTION: Which ocean is highlighted?
OPTIONS:
0: the Arctic Ocean
1: the Atlantic Ocean
2: the Indian Ocean
3: the Southern Ocean

Answer with the correct option from 0 to 3. Only provide the numeric and nothing else 

Answer: 
assistant
2",2,0,grade7
272,962,"system
You are a helpful assistant.
user
 QUESTION: Which of the following could Sebastian's test show?
OPTIONS:
0: how steady a parachute with a 1 m vent was at 200 km per hour
1: whether a parachute with a 1 m vent would swing too much at 400 km per hour
2: if the spacecraft was damaged when using a parachute with a 1 m vent going 200 km per hour

Answer with the correct option from 0 to 2. Only provide the numeric and nothing else 

Answer: 
assistant
0",0,0,grade8,"system
You are a helpful assistant.
user
 QUESTION: Which of the following could Sebastian's test show?
OPTIONS:
0: how steady a parachute with a 1 m vent was at 200 km per hour
1: whether a parachute with a 1 m vent would swing too much at 400 km per hour
2: if the spacecraft was damaged when using a parachute with a 1 m vent going 200 km per hour

Answer with the correct option from 0 to 2. Only provide the numeric and nothing else 

Answer: 
assistant
2",2,0,grade8
273,966,"system
You are a helpful assistant.
user
 QUESTION: Think about the magnetic force between the magnets in each pair. Which of the following statements is true?
OPTIONS:
0: The magnitude of the magnetic force is the same in both pairs.
1: The magnitude of the magnetic force is greater in Pair 1.
2: The magnitude of the magnetic force is greater in Pair 2.

Answer with the correct option from 0 to 2. Only provide the numeric and nothing else 

Answer: 
assistant
0",0,2,grade8,"system
You are a helpful assistant.
user
 QUESTION: Think about the magnetic force between the magnets in each pair. Which of the following statements is true?
OPTIONS:
0: The magnitude of the magnetic force is the same in both pairs.
1: The magnitude of the magnetic force is greater in Pair 1.
2: The magnitude of the magnetic force is greater in Pair 2.

Answer with the correct option from 0 to 2. Only provide the numeric and nothing else 

Answer: 
assistant
1",1,2,grade8
274,967,"system
You are a helpful assistant.
user
 QUESTION: Which solution has a higher concentration of green particles?
OPTIONS:
0: Solution A
1: Solution B
2: neither; their concentrations are the same

Answer with the correct option from 0 to 2. Only provide the numeric and nothing else 

Answer: 
assistant
2",2,1,grade6,"system
You are a helpful assistant.
user
 QUESTION: Which solution has a higher concentration of green particles?
OPTIONS:
0: Solution A
1: Solution B
2: neither; their concentrations are the same

Answer with the correct option from 0 to 2. Only provide the numeric and nothing else 

Answer: 
assistant
1",1,1,grade6
275,968,"system
You are a helpful assistant.
user
 QUESTION: What is the name of the colony shown?
OPTIONS:
0: Massachusetts
1: Maryland
2: North Carolina
3: New Hampshire

Answer with the correct option from 0 to 3. Only provide the numeric and nothing else 

Answer: 
assistant
3",3,3,grade5,"system
You are a helpful assistant.
user
 QUESTION: What is the name of the colony shown?
OPTIONS:
0: Massachusetts
1: Maryland
2: North Carolina
3: New Hampshire

Answer with the correct option from 0 to 3. Only provide the numeric and nothing else 

Answer: 
assistant
0",0,3,grade5
276,971,"system
You are a helpful assistant.
user
 QUESTION: Think about the magnetic force between the magnets in each pair. Which of the following statements is true?
OPTIONS:
0: The magnitude of the magnetic force is the same in both pairs.
1: The magnitude of the magnetic force is greater in Pair 1.
2: The magnitude of the magnetic force is greater in Pair 2.

Answer with the correct option from 0 to 2. Only provide the numeric and nothing else 

Answer: 
assistant
2",2,2,grade6,"system
You are a helpful assistant.
user
 QUESTION: Think about the magnetic force between the magnets in each pair. Which of the following statements is true?
OPTIONS:
0: The magnitude of the magnetic force is the same in both pairs.
1: The magnitude of the magnetic force is greater in Pair 1.
2: The magnitude of the magnetic force is greater in Pair 2.

Answer with the correct option from 0 to 2. Only provide the numeric and nothing else 

Answer: 
assistant
1",1,2,grade6
277,973,"system
You are a helpful assistant.
user
 QUESTION: Which continent is highlighted?
OPTIONS:
0: South America
1: North America
2: Asia
3: Antarctica

Answer with the correct option from 0 to 3. Only provide the numeric and nothing else 

Answer: 
assistant
2",2,2,grade8,"system
You are a helpful assistant.
user
 QUESTION: Which continent is highlighted?
OPTIONS:
0: South America
1: North America
2: Asia
3: Antarctica

Answer with the correct option from 0 to 3. Only provide the numeric and nothing else 

Answer: 
assistant
0",0,2,grade8
278,977,"system
You are a helpful assistant.
user
 QUESTION: Think about the magnetic force between the magnets in each pair. Which of the following statements is true?
OPTIONS:
0: The magnitude of the magnetic force is greater in Pair 1.
1: The magnitude of the magnetic force is greater in Pair 2.
2: The magnitude of the magnetic force is the same in both pairs.

Answer with the correct option from 0 to 2. Only provide the numeric and nothing else 

Answer: 
assistant
1",1,0,grade7,"system
You are a helpful assistant.
user
 QUESTION: Think about the magnetic force between the magnets in each pair. Which of the following statements is true?
OPTIONS:
0: The magnitude of the magnetic force is greater in Pair 1.
1: The magnitude of the magnetic force is greater in Pair 2.
2: The magnitude of the magnetic force is the same in both pairs.

Answer with the correct option from 0 to 2. Only provide the numeric and nothing else 

Answer: 
assistant
2",2,0,grade7
279,979,"system
You are a helpful assistant.
user
 QUESTION: Is the following statement about our solar system true or false?
Neptune's volume is more than 100 times as large as Earth's.
OPTIONS:
0: false
1: true

Answer with the correct option from 0 to 1. Only provide the numeric and nothing else 

Answer: 
assistant
0",0,0,grade8,"system
You are a helpful assistant.
user
 QUESTION: Is the following statement about our solar system true or false?
Neptune's volume is more than 100 times as large as Earth's.
OPTIONS:
0: false
1: true

Answer with the correct option from 0 to 1. Only provide the numeric and nothing else 

Answer: 
assistant
1",1,0,grade8
280,981,"system
You are a helpful assistant.
user
 QUESTION: Which continent is highlighted?
OPTIONS:
0: Europe
1: Antarctica
2: North America
3: South America

Answer with the correct option from 0 to 3. Only provide the numeric and nothing else 

Answer: 
assistant
2",2,2,grade7,"system
You are a helpful assistant.
user
 QUESTION: Which continent is highlighted?
OPTIONS:
0: Europe
1: Antarctica
2: North America
3: South America

Answer with the correct option from 0 to 3. Only provide the numeric and nothing else 

Answer: 
assistant
3",3,2,grade7
281,983,"system
You are a helpful assistant.
user
 QUESTION: Select the organism in the same species as the red-billed gull.
OPTIONS:
0: Haliaeetus leucocephalus
1: Chroicocephalus ridibundus
2: Chroicocephalus scopulinus

Answer with the correct option from 0 to 2. Only provide the numeric and nothing else 

Answer: 
assistant
2",2,2,grade8,"system
You are a helpful assistant.
user
 QUESTION: Select the organism in the same species as the red-billed gull.
OPTIONS:
0: Haliaeetus leucocephalus
1: Chroicocephalus ridibundus
2: Chroicocephalus scopulinus

Answer with the correct option from 0 to 2. Only provide the numeric and nothing else 

Answer: 
assistant
1",1,2,grade8
282,988,"system
You are a helpful assistant.
user
 QUESTION: Which of the following could Mason's test show?
OPTIONS:
0: how steady a parachute with a 1 m vent was at 200 km per hour
1: if the spacecraft was damaged when using a parachute with a 1 m vent going 200 km per hour
2: whether a parachute with a 1 m vent would swing too much at 400 km per hour

Answer with the correct option from 0 to 2. Only provide the numeric and nothing else 

Answer: 
assistant
1",1,0,grade7,"system
You are a helpful assistant.
user
 QUESTION: Which of the following could Mason's test show?
OPTIONS:
0: how steady a parachute with a 1 m vent was at 200 km per hour
1: if the spacecraft was damaged when using a parachute with a 1 m vent going 200 km per hour
2: whether a parachute with a 1 m vent would swing too much at 400 km per hour

Answer with the correct option from 0 to 2. Only provide the numeric and nothing else 

Answer: 
assistant
2",2,0,grade7
283,991,"system
You are a helpful assistant.
user
 QUESTION: What is the name of the colony shown?
OPTIONS:
0: Delaware
1: South Carolina
2: Pennsylvania
3: New Jersey

Answer with the correct option from 0 to 3. Only provide the numeric and nothing else 

Answer: 
assistant
0",0,0,grade7,"system
You are a helpful assistant.
user
 QUESTION: What is the name of the colony shown?
OPTIONS:
0: Delaware
1: South Carolina
2: Pennsylvania
3: New Jersey

Answer with the correct option from 0 to 3. Only provide the numeric and nothing else 

Answer: 
assistant
2",2,0,grade7
284,992,"system
You are a helpful assistant.
user
 QUESTION: What is the name of the colony shown?
OPTIONS:
0: New Hampshire
1: West Virginia
2: Virginia
3: New York

Answer with the correct option from 0 to 3. Only provide the numeric and nothing else 

Answer: 
assistant
0",0,0,grade8,"system
You are a helpful assistant.
user
 QUESTION: What is the name of the colony shown?
OPTIONS:
0: New Hampshire
1: West Virginia
2: Virginia
3: New York

Answer with the correct option from 0 to 3. Only provide the numeric and nothing else 

Answer: 
assistant
2",2,0,grade8
285,994,"system
You are a helpful assistant.
user
 QUESTION: What is the name of the colony shown?
OPTIONS:
0: Virginia
1: Connecticut
2: New Hampshire
3: Pennsylvania

Answer with the correct option from 0 to 3. Only provide the numeric and nothing else 

Answer: 
assistant
3",3,3,grade5,"system
You are a helpful assistant.
user
 QUESTION: What is the name of the colony shown?
OPTIONS:
0: Virginia
1: Connecticut
2: New Hampshire
3: Pennsylvania

Answer with the correct option from 0 to 3. Only provide the numeric and nothing else 

Answer: 
assistant
0",0,3,grade5
286,995,"system
You are a helpful assistant.
user
 QUESTION: What can Rosa and Alexandra trade to each get what they want?
OPTIONS:
0: Rosa can trade her tomatoes for Alexandra's broccoli.
1: Rosa can trade her tomatoes for Alexandra's carrots.
2: Alexandra can trade her almonds for Rosa's tomatoes.
3: Alexandra can trade her broccoli for Rosa's oranges.

Answer with the correct option from 0 to 3. Only provide the numeric and nothing else 

Answer: 
assistant
3",3,0,grade8,"system
You are a helpful assistant.
user
 QUESTION: What can Rosa and Alexandra trade to each get what they want?
OPTIONS:
0: Rosa can trade her tomatoes for Alexandra's broccoli.
1: Rosa can trade her tomatoes for Alexandra's carrots.
2: Alexandra can trade her almonds for Rosa's tomatoes.
3: Alexandra can trade her broccoli for Rosa's oranges.

Answer with the correct option from 0 to 3. Only provide the numeric and nothing else 

Answer: 
assistant
0",0,0,grade8
287,996,"system
You are a helpful assistant.
user
 QUESTION: What is the expected ratio of offspring with yellow fruit to offspring with red fruit? Choose the most likely ratio.
OPTIONS:
0: 0:4
1: 2:2
2: 1:3
3: 4:0
4: 3:1

Answer with the correct option from 0 to 4. Only provide the numeric and nothing else 

Answer: 
assistant
2",2,3,grade8,"system
You are a helpful assistant.
user
 QUESTION: What is the expected ratio of offspring with yellow fruit to offspring with red fruit? Choose the most likely ratio.
OPTIONS:
0: 0:4
1: 2:2
2: 1:3
3: 4:0
4: 3:1

Answer with the correct option from 0 to 4. Only provide the numeric and nothing else 

Answer: 
assistant
4",4,3,grade8
288,999,"system
You are a helpful assistant.
user
 QUESTION: Which solution has a higher concentration of yellow particles?
OPTIONS:
0: Solution A
1: neither; their concentrations are the same
2: Solution B

Answer with the correct option from 0 to 2. Only provide the numeric and nothing else 

Answer: 
assistant
1",1,0,grade8,"system
You are a helpful assistant.
user
 QUESTION: Which solution has a higher concentration of yellow particles?
OPTIONS:
0: Solution A
1: neither; their concentrations are the same
2: Solution B

Answer with the correct option from 0 to 2. Only provide the numeric and nothing else 

Answer: 
assistant
2",2,0,grade8
289,1001,"system
You are a helpful assistant.
user
 QUESTION: What is the name of the colony shown?
OPTIONS:
0: New York
1: Rhode Island
2: Delaware
3: Virginia

Answer with the correct option from 0 to 3. Only provide the numeric and nothing else 

Answer: 
assistant
0",0,0,grade4,"system
You are a helpful assistant.
user
 QUESTION: What is the name of the colony shown?
OPTIONS:
0: New York
1: Rhode Island
2: Delaware
3: Virginia

Answer with the correct option from 0 to 3. Only provide the numeric and nothing else 

Answer: 
assistant
2",2,0,grade4
290,1003,"system
You are a helpful assistant.
user
 QUESTION: Which month is the wettest on average in Christchurch?
OPTIONS:
0: April
1: December
2: May

Answer with the correct option from 0 to 2. Only provide the numeric and nothing else 

Answer: 
assistant
2",2,2,grade3,"system
You are a helpful assistant.
user
 QUESTION: Which month is the wettest on average in Christchurch?
OPTIONS:
0: April
1: December
2: May

Answer with the correct option from 0 to 2. Only provide the numeric and nothing else 

Answer: 
assistant
1",1,2,grade3
291,1005,"system
You are a helpful assistant.
user
 QUESTION: Think about the magnetic force between the magnets in each pair. Which of the following statements is true?
OPTIONS:
0: The magnitude of the magnetic force is the same in both pairs.
1: The magnitude of the magnetic force is smaller in Pair 1.
2: The magnitude of the magnetic force is smaller in Pair 2.

Answer with the correct option from 0 to 2. Only provide the numeric and nothing else 

Answer: 
assistant
0",0,2,grade8,"system
You are a helpful assistant.
user
 QUESTION: Think about the magnetic force between the magnets in each pair. Which of the following statements is true?
OPTIONS:
0: The magnitude of the magnetic force is the same in both pairs.
1: The magnitude of the magnetic force is smaller in Pair 1.
2: The magnitude of the magnetic force is smaller in Pair 2.

Answer with the correct option from 0 to 2. Only provide the numeric and nothing else 

Answer: 
assistant
2",2,2,grade8
292,1009,"system
You are a helpful assistant.
user
 QUESTION: Which statement describes the Sonoran Desert ecosystem?
OPTIONS:
0: It has many different types of organisms.
1: It has thick, moist soil.
2: It has only a few types of organisms.

Answer with the correct option from 0 to 2. Only provide the numeric and nothing else 

Answer: 
assistant
0",0,0,grade5,"system
You are a helpful assistant.
user
 QUESTION: Which statement describes the Sonoran Desert ecosystem?
OPTIONS:
0: It has many different types of organisms.
1: It has thick, moist soil.
2: It has only a few types of organisms.

Answer with the correct option from 0 to 2. Only provide the numeric and nothing else 

Answer: 
assistant
2",2,0,grade5
293,1010,"system
You are a helpful assistant.
user
 QUESTION: Which continent is highlighted?
OPTIONS:
0: Australia
1: North America
2: South America
3: Asia

Answer with the correct option from 0 to 3. Only provide the numeric and nothing else 

Answer: 
assistant
3",3,3,grade3,"system
You are a helpful assistant.
user
 QUESTION: Which continent is highlighted?
OPTIONS:
0: Australia
1: North America
2: South America
3: Asia

Answer with the correct option from 0 to 3. Only provide the numeric and nothing else 

Answer: 
assistant
2",2,3,grade3
294,1014,"system
You are a helpful assistant.
user
 QUESTION: What is the name of the colony shown?
OPTIONS:
0: Delaware
1: Georgia
2: Indiana
3: Maryland

Answer with the correct option from 0 to 3. Only provide the numeric and nothing else 

Answer: 
assistant
0",0,1,grade7,"system
You are a helpful assistant.
user
 QUESTION: What is the name of the colony shown?
OPTIONS:
0: Delaware
1: Georgia
2: Indiana
3: Maryland

Answer with the correct option from 0 to 3. Only provide the numeric and nothing else 

Answer: 
assistant
1",1,1,grade7
295,1015,"system
You are a helpful assistant.
user
 QUESTION: Think about the magnetic force between the magnets in each pair. Which of the following statements is true?
OPTIONS:
0: The magnitude of the magnetic force is the same in both pairs.
1: The magnitude of the magnetic force is smaller in Pair 1.
2: The magnitude of the magnetic force is smaller in Pair 2.

Answer with the correct option from 0 to 2. Only provide the numeric and nothing else 

Answer: 
assistant
0",0,0,grade6,"system
You are a helpful assistant.
user
 QUESTION: Think about the magnetic force between the magnets in each pair. Which of the following statements is true?
OPTIONS:
0: The magnitude of the magnetic force is the same in both pairs.
1: The magnitude of the magnetic force is smaller in Pair 1.
2: The magnitude of the magnetic force is smaller in Pair 2.

Answer with the correct option from 0 to 2. Only provide the numeric and nothing else 

Answer: 
assistant
2",2,0,grade6
296,1018,"system
You are a helpful assistant.
user
 QUESTION: What can Nancy and Dominic trade to each get what they want?
OPTIONS:
0: Nancy can trade her tomatoes for Dominic's carrots.
1: Dominic can trade his broccoli for Nancy's oranges.
2: Dominic can trade his almonds for Nancy's tomatoes.
3: Nancy can trade her tomatoes for Dominic's broccoli.

Answer with the correct option from 0 to 3. Only provide the numeric and nothing else 

Answer: 
assistant
3",3,3,grade8,"system
You are a helpful assistant.
user
 QUESTION: What can Nancy and Dominic trade to each get what they want?
OPTIONS:
0: Nancy can trade her tomatoes for Dominic's carrots.
1: Dominic can trade his broccoli for Nancy's oranges.
2: Dominic can trade his almonds for Nancy's tomatoes.
3: Nancy can trade her tomatoes for Dominic's broccoli.

Answer with the correct option from 0 to 3. Only provide the numeric and nothing else 

Answer: 
assistant
0",0,3,grade8
297,1019,"system
You are a helpful assistant.
user
 QUESTION: Which country is highlighted?
OPTIONS:
0: Barbados
1: Saint Vincent and the Grenadines
2: Cuba
3: Saint Lucia

Answer with the correct option from 0 to 3. Only provide the numeric and nothing else 

Answer: 
assistant
0",0,0,grade6,"system
You are a helpful assistant.
user
 QUESTION: Which country is highlighted?
OPTIONS:
0: Barbados
1: Saint Vincent and the Grenadines
2: Cuba
3: Saint Lucia

Answer with the correct option from 0 to 3. Only provide the numeric and nothing else 

Answer: 
assistant
3",3,0,grade6
298,1021,"system
You are a helpful assistant.
user
 QUESTION: Which country is highlighted?
OPTIONS:
0: Australia
1: Palau
2: Papua New Guinea
3: New Zealand

Answer with the correct option from 0 to 3. Only provide the numeric and nothing else 

Answer: 
assistant
3",3,3,grade7,"system
You are a helpful assistant.
user
 QUESTION: Which country is highlighted?
OPTIONS:
0: Australia
1: Palau
2: Papua New Guinea
3: New Zealand

Answer with the correct option from 0 to 3. Only provide the numeric and nothing else 

Answer: 
assistant
2",2,3,grade7
299,1024,"system
You are a helpful assistant.
user
 QUESTION: Select the mammal below.
OPTIONS:
0: common toad
1: human
2: box turtle
3: clownfish

Answer with the correct option from 0 to 3. Only provide the numeric and nothing else 

Answer: 
assistant
0",0,1,grade4,"system
You are a helpful assistant.
user
 QUESTION: Select the mammal below.
OPTIONS:
0: common toad
1: human
2: box turtle
3: clownfish

Answer with the correct option from 0 to 3. Only provide the numeric and nothing else 

Answer: 
assistant
1",1,1,grade4
300,1026,"system
You are a helpful assistant.
user
 QUESTION: In this food web, which organism contains matter that eventually moves to the earthworm?
OPTIONS:
0: barren-ground caribou
1: mushroom
2: grizzly bear
3: bear sedge

Answer with the correct option from 0 to 3. Only provide the numeric and nothing else 

Answer: 
assistant
2",2,3,grade7,"system
You are a helpful assistant.
user
 QUESTION: In this food web, which organism contains matter that eventually moves to the earthworm?
OPTIONS:
0: barren-ground caribou
1: mushroom
2: grizzly bear
3: bear sedge

Answer with the correct option from 0 to 3. Only provide the numeric and nothing else 

Answer: 
assistant
3",3,3,grade7
301,1028,"system
You are a helpful assistant.
user
 QUESTION: Which continent is highlighted?
OPTIONS:
0: Africa
1: Europe
2: South America
3: North America

Answer with the correct option from 0 to 3. Only provide the numeric and nothing else 

Answer: 
assistant
0",0,0,grade5,"system
You are a helpful assistant.
user
 QUESTION: Which continent is highlighted?
OPTIONS:
0: Africa
1: Europe
2: South America
3: North America

Answer with the correct option from 0 to 3. Only provide the numeric and nothing else 

Answer: 
assistant
2",2,0,grade5
302,1031,"system
You are a helpful assistant.
user
 QUESTION: Select the fish below.
OPTIONS:
0: flamingo
1: bull shark

Answer with the correct option from 0 to 1. Only provide the numeric and nothing else 

Answer: 
assistant
0",0,1,grade3,"system
You are a helpful assistant.
user
 QUESTION: Select the fish below.
OPTIONS:
0: flamingo
1: bull shark

Answer with the correct option from 0 to 1. Only provide the numeric and nothing else 

Answer: 
assistant
1",1,1,grade3
303,1034,"system
You are a helpful assistant.
user
 QUESTION: Which better describes the Cape Breton Highlands National Park ecosystem?
OPTIONS:
0: It has short, cool summers. It also has soil that is rich in nutrients.
1: It has many evergreen trees. It also has soil that is poor in nutrients.

Answer with the correct option from 0 to 1. Only provide the numeric and nothing else 

Answer: 
assistant
1",1,1,grade4,"system
You are a helpful assistant.
user
 QUESTION: Which better describes the Cape Breton Highlands National Park ecosystem?
OPTIONS:
0: It has short, cool summers. It also has soil that is rich in nutrients.
1: It has many evergreen trees. It also has soil that is poor in nutrients.

Answer with the correct option from 0 to 1. Only provide the numeric and nothing else 

Answer: 
assistant
0",0,1,grade4
304,1036,"system
You are a helpful assistant.
user
 QUESTION: Which term matches the picture?
OPTIONS:
0: respiratory system
1: circulatory system

Answer with the correct option from 0 to 1. Only provide the numeric and nothing else 

Answer: 
assistant
1",1,1,grade6,"system
You are a helpful assistant.
user
 QUESTION: Which term matches the picture?
OPTIONS:
0: respiratory system
1: circulatory system

Answer with the correct option from 0 to 1. Only provide the numeric and nothing else 

Answer: 
assistant
0",0,1,grade6
305,1037,"system
You are a helpful assistant.
user
 QUESTION: What is the name of the colony shown?
OPTIONS:
0: Virginia
1: South Carolina
2: Georgia
3: North Carolina

Answer with the correct option from 0 to 3. Only provide the numeric and nothing else 

Answer: 
assistant
3",3,3,grade5,"system
You are a helpful assistant.
user
 QUESTION: What is the name of the colony shown?
OPTIONS:
0: Virginia
1: South Carolina
2: Georgia
3: North Carolina

Answer with the correct option from 0 to 3. Only provide the numeric and nothing else 

Answer: 
assistant
0",0,3,grade5
306,1038,"system
You are a helpful assistant.
user
 QUESTION: Which continent is highlighted?
OPTIONS:
0: South America
1: Antarctica
2: Africa
3: North America

Answer with the correct option from 0 to 3. Only provide the numeric and nothing else 

Answer: 
assistant
2",2,2,grade8,"system
You are a helpful assistant.
user
 QUESTION: Which continent is highlighted?
OPTIONS:
0: South America
1: Antarctica
2: Africa
3: North America

Answer with the correct option from 0 to 3. Only provide the numeric and nothing else 

Answer: 
assistant
0",0,2,grade8
307,1042,"system
You are a helpful assistant.
user
 QUESTION: What can Ian and Joseph trade to each get what they want?
OPTIONS:
0: Joseph can trade his almonds for Ian's tomatoes.
1: Ian can trade his tomatoes for Joseph's carrots.
2: Ian can trade his tomatoes for Joseph's broccoli.
3: Joseph can trade his broccoli for Ian's oranges.

Answer with the correct option from 0 to 3. Only provide the numeric and nothing else 

Answer: 
assistant
0",0,2,grade8,"system
You are a helpful assistant.
user
 QUESTION: What can Ian and Joseph trade to each get what they want?
OPTIONS:
0: Joseph can trade his almonds for Ian's tomatoes.
1: Ian can trade his tomatoes for Joseph's carrots.
2: Ian can trade his tomatoes for Joseph's broccoli.
3: Joseph can trade his broccoli for Ian's oranges.

Answer with the correct option from 0 to 3. Only provide the numeric and nothing else 

Answer: 
assistant
2",2,2,grade8
308,1048,"system
You are a helpful assistant.
user
 QUESTION: What can Tristan and Lorenzo trade to each get what they want?
OPTIONS:
0: Lorenzo can trade his broccoli for Tristan's oranges.
1: Tristan can trade his tomatoes for Lorenzo's broccoli.
2: Lorenzo can trade his almonds for Tristan's tomatoes.
3: Tristan can trade his tomatoes for Lorenzo's carrots.

Answer with the correct option from 0 to 3. Only provide the numeric and nothing else 

Answer: 
assistant
0",0,1,grade8,"system
You are a helpful assistant.
user
 QUESTION: What can Tristan and Lorenzo trade to each get what they want?
OPTIONS:
0: Lorenzo can trade his broccoli for Tristan's oranges.
1: Tristan can trade his tomatoes for Lorenzo's broccoli.
2: Lorenzo can trade his almonds for Tristan's tomatoes.
3: Tristan can trade his tomatoes for Lorenzo's carrots.

Answer with the correct option from 0 to 3. Only provide the numeric and nothing else 

Answer: 
assistant
2",2,1,grade8
309,1052,"system
You are a helpful assistant.
user
 QUESTION: Which of these states is farthest east?
OPTIONS:
0: Arkansas
1: Montana
2: Arizona
3: Ohio

Answer with the correct option from 0 to 3. Only provide the numeric and nothing else 

Answer: 
assistant
3",3,3,grade5,"system
You are a helpful assistant.
user
 QUESTION: Which of these states is farthest east?
OPTIONS:
0: Arkansas
1: Montana
2: Arizona
3: Ohio

Answer with the correct option from 0 to 3. Only provide the numeric and nothing else 

Answer: 
assistant
0",0,3,grade5
310,1053,"system
You are a helpful assistant.
user
 QUESTION: Which continent is highlighted?
OPTIONS:
0: Europe
1: Asia
2: Australia
3: South America

Answer with the correct option from 0 to 3. Only provide the numeric and nothing else 

Answer: 
assistant
0",0,0,grade8,"system
You are a helpful assistant.
user
 QUESTION: Which continent is highlighted?
OPTIONS:
0: Europe
1: Asia
2: Australia
3: South America

Answer with the correct option from 0 to 3. Only provide the numeric and nothing else 

Answer: 
assistant
2",2,0,grade8
311,1055,"system
You are a helpful assistant.
user
 QUESTION: Which ocean is highlighted?
OPTIONS:
0: the Arctic Ocean
1: the Atlantic Ocean
2: the Indian Ocean
3: the Southern Ocean

Answer with the correct option from 0 to 3. Only provide the numeric and nothing else 

Answer: 
assistant
1",1,3,grade8,"system
You are a helpful assistant.
user
 QUESTION: Which ocean is highlighted?
OPTIONS:
0: the Arctic Ocean
1: the Atlantic Ocean
2: the Indian Ocean
3: the Southern Ocean

Answer with the correct option from 0 to 3. Only provide the numeric and nothing else 

Answer: 
assistant
2",2,3,grade8
312,1056,"system
You are a helpful assistant.
user
 QUESTION: Which specific humidity level was measured within the outlined area shown?
OPTIONS:
0: 24 grams of water vapor per kilogram of air
1: 13 grams of water vapor per kilogram of air
2: 9 grams of water vapor per kilogram of air

Answer with the correct option from 0 to 2. Only provide the numeric and nothing else 

Answer: 
assistant
1",1,0,grade7,"system
You are a helpful assistant.
user
 QUESTION: Which specific humidity level was measured within the outlined area shown?
OPTIONS:
0: 24 grams of water vapor per kilogram of air
1: 13 grams of water vapor per kilogram of air
2: 9 grams of water vapor per kilogram of air

Answer with the correct option from 0 to 2. Only provide the numeric and nothing else 

Answer: 
assistant
2",2,0,grade7
313,1057,"system
You are a helpful assistant.
user
 QUESTION: Which continent is highlighted?
OPTIONS:
0: Antarctica
1: Asia
2: Australia
3: South America

Answer with the correct option from 0 to 3. Only provide the numeric and nothing else 

Answer: 
assistant
2",2,2,grade5,"system
You are a helpful assistant.
user
 QUESTION: Which continent is highlighted?
OPTIONS:
0: Antarctica
1: Asia
2: Australia
3: South America

Answer with the correct option from 0 to 3. Only provide the numeric and nothing else 

Answer: 
assistant
3",3,2,grade5
314,1058,"system
You are a helpful assistant.
user
 QUESTION: During this time, thermal energy was transferred from () to ().
OPTIONS:
0: each aquarium . . . the surroundings
1: the surroundings . . . each aquarium

Answer with the correct option from 0 to 1. Only provide the numeric and nothing else 

Answer: 
assistant
0",0,0,grade7,"system
You are a helpful assistant.
user
 QUESTION: During this time, thermal energy was transferred from () to ().
OPTIONS:
0: each aquarium . . . the surroundings
1: the surroundings . . . each aquarium

Answer with the correct option from 0 to 1. Only provide the numeric and nothing else 

Answer: 
assistant
1",1,0,grade7
315,1059,"system
You are a helpful assistant.
user
 QUESTION: What can Rosa and Kylie trade to each get what they want?
OPTIONS:
0: Kylie can trade her almonds for Rosa's tomatoes.
1: Rosa can trade her tomatoes for Kylie's broccoli.
2: Rosa can trade her tomatoes for Kylie's carrots.
3: Kylie can trade her broccoli for Rosa's oranges.

Answer with the correct option from 0 to 3. Only provide the numeric and nothing else 

Answer: 
assistant
0",0,1,grade8,"system
You are a helpful assistant.
user
 QUESTION: What can Rosa and Kylie trade to each get what they want?
OPTIONS:
0: Kylie can trade her almonds for Rosa's tomatoes.
1: Rosa can trade her tomatoes for Kylie's broccoli.
2: Rosa can trade her tomatoes for Kylie's carrots.
3: Kylie can trade her broccoli for Rosa's oranges.

Answer with the correct option from 0 to 3. Only provide the numeric and nothing else 

Answer: 
assistant
2",2,1,grade8
316,1061,"system
You are a helpful assistant.
user
 QUESTION: Which property do these three objects have in common?
OPTIONS:
0: translucent
1: transparent
2: sour

Answer with the correct option from 0 to 2. Only provide the numeric and nothing else 

Answer: 
assistant
2",2,2,grade4,"system
You are a helpful assistant.
user
 QUESTION: Which property do these three objects have in common?
OPTIONS:
0: translucent
1: transparent
2: sour

Answer with the correct option from 0 to 2. Only provide the numeric and nothing else 

Answer: 
assistant
0",0,2,grade4
317,1062,"system
You are a helpful assistant.
user
 QUESTION: Which state is highlighted?
OPTIONS:
0: Washington
1: New Mexico
2: California
3: Alaska

Answer with the correct option from 0 to 3. Only provide the numeric and nothing else 

Answer: 
assistant
1",1,1,grade5,"system
You are a helpful assistant.
user
 QUESTION: Which state is highlighted?
OPTIONS:
0: Washington
1: New Mexico
2: California
3: Alaska

Answer with the correct option from 0 to 3. Only provide the numeric and nothing else 

Answer: 
assistant
2",2,1,grade5
318,1063,"system
You are a helpful assistant.
user
 QUESTION: Think about the magnetic force between the magnets in each pair. Which of the following statements is true?
OPTIONS:
0: The magnitude of the magnetic force is greater in Pair 2.
1: The magnitude of the magnetic force is greater in Pair 1.
2: The magnitude of the magnetic force is the same in both pairs.

Answer with the correct option from 0 to 2. Only provide the numeric and nothing else 

Answer: 
assistant
2",2,0,grade5,"system
You are a helpful assistant.
user
 QUESTION: Think about the magnetic force between the magnets in each pair. Which of the following statements is true?
OPTIONS:
0: The magnitude of the magnetic force is greater in Pair 2.
1: The magnitude of the magnetic force is greater in Pair 1.
2: The magnitude of the magnetic force is the same in both pairs.

Answer with the correct option from 0 to 2. Only provide the numeric and nothing else 

Answer: 
assistant
1",1,0,grade5
319,1065,"system
You are a helpful assistant.
user
 QUESTION: Which of these states is farthest north?
OPTIONS:
0: Delaware
1: West Virginia
2: Iowa
3: Alabama

Answer with the correct option from 0 to 3. Only provide the numeric and nothing else 

Answer: 
assistant
2",2,2,grade4,"system
You are a helpful assistant.
user
 QUESTION: Which of these states is farthest north?
OPTIONS:
0: Delaware
1: West Virginia
2: Iowa
3: Alabama

Answer with the correct option from 0 to 3. Only provide the numeric and nothing else 

Answer: 
assistant
0",0,2,grade4
320,1073,"system
You are a helpful assistant.
user
 QUESTION: What is the name of the colony shown?
OPTIONS:
0: Massachusetts
1: Ohio
2: Indiana
3: New Hampshire

Answer with the correct option from 0 to 3. Only provide the numeric and nothing else 

Answer: 
assistant
3",3,0,grade7,"system
You are a helpful assistant.
user
 QUESTION: What is the name of the colony shown?
OPTIONS:
0: Massachusetts
1: Ohio
2: Indiana
3: New Hampshire

Answer with the correct option from 0 to 3. Only provide the numeric and nothing else 

Answer: 
assistant
0",0,0,grade7
321,1079,"system
You are a helpful assistant.
user
 QUESTION: Compare the average kinetic energies of the particles in each sample. Which sample has the higher temperature?
OPTIONS:
0: neither; the samples have the same temperature
1: sample A
2: sample B

Answer with the correct option from 0 to 2. Only provide the numeric and nothing else 

Answer: 
assistant
2",2,2,grade7,"system
You are a helpful assistant.
user
 QUESTION: Compare the average kinetic energies of the particles in each sample. Which sample has the higher temperature?
OPTIONS:
0: neither; the samples have the same temperature
1: sample A
2: sample B

Answer with the correct option from 0 to 2. Only provide the numeric and nothing else 

Answer: 
assistant
1",1,2,grade7
322,1082,"system
You are a helpful assistant.
user
 QUESTION: Which solution has a higher concentration of pink particles?
OPTIONS:
0: neither; their concentrations are the same
1: Solution A
2: Solution B

Answer with the correct option from 0 to 2. Only provide the numeric and nothing else 

Answer: 
assistant
2",2,2,grade6,"system
You are a helpful assistant.
user
 QUESTION: Which solution has a higher concentration of pink particles?
OPTIONS:
0: neither; their concentrations are the same
1: Solution A
2: Solution B

Answer with the correct option from 0 to 2. Only provide the numeric and nothing else 

Answer: 
assistant
1",1,2,grade6
323,1084,"system
You are a helpful assistant.
user
 QUESTION: Which property do these three objects have in common?
OPTIONS:
0: transparent
1: sour
2: opaque

Answer with the correct option from 0 to 2. Only provide the numeric and nothing else 

Answer: 
assistant
0",0,0,grade3,"system
You are a helpful assistant.
user
 QUESTION: Which property do these three objects have in common?
OPTIONS:
0: transparent
1: sour
2: opaque

Answer with the correct option from 0 to 2. Only provide the numeric and nothing else 

Answer: 
assistant
2",2,0,grade3
324,1091,"system
You are a helpful assistant.
user
 QUESTION: Identify the question that Zach's experiment can best answer.
OPTIONS:
0: Can pennies hold more drops of water mixed with dish soap or water mixed with hand soap?
1: Can pennies hold more drops of pure water or water mixed with hand soap?

Answer with the correct option from 0 to 1. Only provide the numeric and nothing else 

Answer: 
assistant
1",1,1,grade6,"system
You are a helpful assistant.
user
 QUESTION: Identify the question that Zach's experiment can best answer.
OPTIONS:
0: Can pennies hold more drops of water mixed with dish soap or water mixed with hand soap?
1: Can pennies hold more drops of pure water or water mixed with hand soap?

Answer with the correct option from 0 to 1. Only provide the numeric and nothing else 

Answer: 
assistant
0",0,1,grade6
325,1099,"system
You are a helpful assistant.
user
 QUESTION: Which animal is also adapted to use its neck to appear large and scary to a predator?
OPTIONS:
0: Madagascar day gecko
1: Mozambique spitting cobra

Answer with the correct option from 0 to 1. Only provide the numeric and nothing else 

Answer: 
assistant
0",0,1,grade5,"system
You are a helpful assistant.
user
 QUESTION: Which animal is also adapted to use its neck to appear large and scary to a predator?
OPTIONS:
0: Madagascar day gecko
1: Mozambique spitting cobra

Answer with the correct option from 0 to 1. Only provide the numeric and nothing else 

Answer: 
assistant
1",1,1,grade5
326,1103,"system
You are a helpful assistant.
user
 QUESTION: Identify the question that Tanvi's experiment can best answer.
OPTIONS:
0: Are eggs more likely to float in fresh water or salty water?
1: Does the amount of water in a glass affect whether eggs sink or float in the water?

Answer with the correct option from 0 to 1. Only provide the numeric and nothing else 

Answer: 
assistant
1",1,0,grade7,"system
You are a helpful assistant.
user
 QUESTION: Identify the question that Tanvi's experiment can best answer.
OPTIONS:
0: Are eggs more likely to float in fresh water or salty water?
1: Does the amount of water in a glass affect whether eggs sink or float in the water?

Answer with the correct option from 0 to 1. Only provide the numeric and nothing else 

Answer: 
assistant
0",0,0,grade7
327,1107,"system
You are a helpful assistant.
user
 QUESTION: Which ocean is highlighted?
OPTIONS:
0: the Atlantic Ocean
1: the Indian Ocean
2: the Southern Ocean
3: the Arctic Ocean

Answer with the correct option from 0 to 3. Only provide the numeric and nothing else 

Answer: 
assistant
3",3,0,grade7,"system
You are a helpful assistant.
user
 QUESTION: Which ocean is highlighted?
OPTIONS:
0: the Atlantic Ocean
1: the Indian Ocean
2: the Southern Ocean
3: the Arctic Ocean

Answer with the correct option from 0 to 3. Only provide the numeric and nothing else 

Answer: 
assistant
0",0,0,grade7
328,1112,"system
You are a helpful assistant.
user
 QUESTION: Which of these states is farthest west?
OPTIONS:
0: Delaware
1: Florida
2: Rhode Island
3: Maine

Answer with the correct option from 0 to 3. Only provide the numeric and nothing else 

Answer: 
assistant
1",1,1,grade5,"system
You are a helpful assistant.
user
 QUESTION: Which of these states is farthest west?
OPTIONS:
0: Delaware
1: Florida
2: Rhode Island
3: Maine

Answer with the correct option from 0 to 3. Only provide the numeric and nothing else 

Answer: 
assistant
3",3,1,grade5
329,1118,"system
You are a helpful assistant.
user
 QUESTION: Which solution has a higher concentration of yellow particles?
OPTIONS:
0: neither; their concentrations are the same
1: Solution A
2: Solution B

Answer with the correct option from 0 to 2. Only provide the numeric and nothing else 

Answer: 
assistant
2",2,2,grade8,"system
You are a helpful assistant.
user
 QUESTION: Which solution has a higher concentration of yellow particles?
OPTIONS:
0: neither; their concentrations are the same
1: Solution A
2: Solution B

Answer with the correct option from 0 to 2. Only provide the numeric and nothing else 

Answer: 
assistant
1",1,2,grade8
330,1121,"system
You are a helpful assistant.
user
 QUESTION: Which country is highlighted?
OPTIONS:
0: Papua New Guinea
1: New Zealand
2: Australia
3: Nauru

Answer with the correct option from 0 to 3. Only provide the numeric and nothing else 

Answer: 
assistant
1",1,1,grade8,"system
You are a helpful assistant.
user
 QUESTION: Which country is highlighted?
OPTIONS:
0: Papua New Guinea
1: New Zealand
2: Australia
3: Nauru

Answer with the correct option from 0 to 3. Only provide the numeric and nothing else 

Answer: 
assistant
2",2,1,grade8
331,1123,"system
You are a helpful assistant.
user
 QUESTION: Which of these states is farthest north?
OPTIONS:
0: Georgia
1: Kentucky
2: New Mexico
3: Arkansas

Answer with the correct option from 0 to 3. Only provide the numeric and nothing else 

Answer: 
assistant
1",1,1,grade4,"system
You are a helpful assistant.
user
 QUESTION: Which of these states is farthest north?
OPTIONS:
0: Georgia
1: Kentucky
2: New Mexico
3: Arkansas

Answer with the correct option from 0 to 3. Only provide the numeric and nothing else 

Answer: 
assistant
0",0,1,grade4
332,1130,"system
You are a helpful assistant.
user
 QUESTION: Which solution has a higher concentration of yellow particles?
OPTIONS:
0: Solution A
1: Solution B
2: neither; their concentrations are the same

Answer with the correct option from 0 to 2. Only provide the numeric and nothing else 

Answer: 
assistant
0",0,0,grade7,"system
You are a helpful assistant.
user
 QUESTION: Which solution has a higher concentration of yellow particles?
OPTIONS:
0: Solution A
1: Solution B
2: neither; their concentrations are the same

Answer with the correct option from 0 to 2. Only provide the numeric and nothing else 

Answer: 
assistant
1",1,0,grade7
333,1137,"system
You are a helpful assistant.
user
 QUESTION: Which country is highlighted?
OPTIONS:
0: Kiribati
1: Solomon Islands
2: the Marshall Islands
3: the Federated States of Micronesia

Answer with the correct option from 0 to 3. Only provide the numeric and nothing else 

Answer: 
assistant
0",0,2,grade8,"system
You are a helpful assistant.
user
 QUESTION: Which country is highlighted?
OPTIONS:
0: Kiribati
1: Solomon Islands
2: the Marshall Islands
3: the Federated States of Micronesia

Answer with the correct option from 0 to 3. Only provide the numeric and nothing else 

Answer: 
assistant
2",2,2,grade8
334,1142,"system
You are a helpful assistant.
user
 QUESTION: What is the capital of Georgia?
OPTIONS:
0: Augusta
1: Lincoln
2: Jackson
3: Atlanta

Answer with the correct option from 0 to 3. Only provide the numeric and nothing else 

Answer: 
assistant
0",0,3,grade3,"system
You are a helpful assistant.
user
 QUESTION: What is the capital of Georgia?
OPTIONS:
0: Augusta
1: Lincoln
2: Jackson
3: Atlanta

Answer with the correct option from 0 to 3. Only provide the numeric and nothing else 

Answer: 
assistant
3",3,3,grade3
335,1144,"system
You are a helpful assistant.
user
 QUESTION: Which property do these two objects have in common?
OPTIONS:
0: sticky
1: salty

Answer with the correct option from 0 to 1. Only provide the numeric and nothing else 

Answer: 
assistant
1",1,1,grade2,"system
You are a helpful assistant.
user
 QUESTION: Which property do these two objects have in common?
OPTIONS:
0: sticky
1: salty

Answer with the correct option from 0 to 1. Only provide the numeric and nothing else 

Answer: 
assistant
0",0,1,grade2
336,1154,"system
You are a helpful assistant.
user
 QUESTION: What is the name of the colony shown?
OPTIONS:
0: Connecticut
1: Georgia
2: Indiana
3: North Carolina

Answer with the correct option from 0 to 3. Only provide the numeric and nothing else 

Answer: 
assistant
3",3,3,grade5,"system
You are a helpful assistant.
user
 QUESTION: What is the name of the colony shown?
OPTIONS:
0: Connecticut
1: Georgia
2: Indiana
3: North Carolina

Answer with the correct option from 0 to 3. Only provide the numeric and nothing else 

Answer: 
assistant
1",1,3,grade5
337,1157,"system
You are a helpful assistant.
user
 QUESTION: Select the bird below.
OPTIONS:
0: ocean sunfish
1: water buffalo
2: penguin
3: common toad

Answer with the correct option from 0 to 3. Only provide the numeric and nothing else 

Answer: 
assistant
0",0,2,grade4,"system
You are a helpful assistant.
user
 QUESTION: Select the bird below.
OPTIONS:
0: ocean sunfish
1: water buffalo
2: penguin
3: common toad

Answer with the correct option from 0 to 3. Only provide the numeric and nothing else 

Answer: 
assistant
2",2,2,grade4
338,1158,"system
You are a helpful assistant.
user
 QUESTION: Which of the following could Bruce's test show?
OPTIONS:
0: which side of the roof got more sun over one day
1: how many solar panels could fit on each side of the roof
2: the amount of sunlight the roof would get throughout the year

Answer with the correct option from 0 to 2. Only provide the numeric and nothing else 

Answer: 
assistant
0",0,0,grade7,"system
You are a helpful assistant.
user
 QUESTION: Which of the following could Bruce's test show?
OPTIONS:
0: which side of the roof got more sun over one day
1: how many solar panels could fit on each side of the roof
2: the amount of sunlight the roof would get throughout the year

Answer with the correct option from 0 to 2. Only provide the numeric and nothing else 

Answer: 
assistant
2",2,0,grade7
339,1159,"system
You are a helpful assistant.
user
 QUESTION: Which solution has a higher concentration of purple particles?
OPTIONS:
0: neither; their concentrations are the same
1: Solution B
2: Solution A

Answer with the correct option from 0 to 2. Only provide the numeric and nothing else 

Answer: 
assistant
1",1,1,grade8,"system
You are a helpful assistant.
user
 QUESTION: Which solution has a higher concentration of purple particles?
OPTIONS:
0: neither; their concentrations are the same
1: Solution B
2: Solution A

Answer with the correct option from 0 to 2. Only provide the numeric and nothing else 

Answer: 
assistant
2",2,1,grade8
340,1160,"system
You are a helpful assistant.
user
 QUESTION: What is the name of the colony shown?
OPTIONS:
0: Maine
1: Connecticut
2: Delaware
3: Pennsylvania

Answer with the correct option from 0 to 3. Only provide the numeric and nothing else 

Answer: 
assistant
2",2,2,grade8,"system
You are a helpful assistant.
user
 QUESTION: What is the name of the colony shown?
OPTIONS:
0: Maine
1: Connecticut
2: Delaware
3: Pennsylvania

Answer with the correct option from 0 to 3. Only provide the numeric and nothing else 

Answer: 
assistant
3",3,2,grade8
341,1165,"system
You are a helpful assistant.
user
 QUESTION: Identify the question that Maya's experiment can best answer.
OPTIONS:
0: Do radish plants grown under bright light have more leaves than radish plants grown under dim light?
1: Do radishes grown under bright light get bigger than radishes grown under dim light?

Answer with the correct option from 0 to 1. Only provide the numeric and nothing else 

Answer: 
assistant
1",1,1,grade7,"system
You are a helpful assistant.
user
 QUESTION: Identify the question that Maya's experiment can best answer.
OPTIONS:
0: Do radish plants grown under bright light have more leaves than radish plants grown under dim light?
1: Do radishes grown under bright light get bigger than radishes grown under dim light?

Answer with the correct option from 0 to 1. Only provide the numeric and nothing else 

Answer: 
assistant
0",0,1,grade7
342,1166,"system
You are a helpful assistant.
user
 QUESTION: Which solution has a higher concentration of yellow particles?
OPTIONS:
0: Solution A
1: neither; their concentrations are the same
2: Solution B

Answer with the correct option from 0 to 2. Only provide the numeric and nothing else 

Answer: 
assistant
1",1,1,grade7,"system
You are a helpful assistant.
user
 QUESTION: Which solution has a higher concentration of yellow particles?
OPTIONS:
0: Solution A
1: neither; their concentrations are the same
2: Solution B

Answer with the correct option from 0 to 2. Only provide the numeric and nothing else 

Answer: 
assistant
2",2,1,grade7
343,1167,"system
You are a helpful assistant.
user
 QUESTION: Which month has the highest average precipitation in Santiago?
OPTIONS:
0: August
1: June
2: March

Answer with the correct option from 0 to 2. Only provide the numeric and nothing else 

Answer: 
assistant
1",1,1,grade3,"system
You are a helpful assistant.
user
 QUESTION: Which month has the highest average precipitation in Santiago?
OPTIONS:
0: August
1: June
2: March

Answer with the correct option from 0 to 2. Only provide the numeric and nothing else 

Answer: 
assistant
0",0,1,grade3
344,1168,"system
You are a helpful assistant.
user
 QUESTION: Which continent is highlighted?
OPTIONS:
0: Asia
1: Antarctica
2: South America
3: Africa

Answer with the correct option from 0 to 3. Only provide the numeric and nothing else 

Answer: 
assistant
3",3,3,grade3,"system
You are a helpful assistant.
user
 QUESTION: Which continent is highlighted?
OPTIONS:
0: Asia
1: Antarctica
2: South America
3: Africa

Answer with the correct option from 0 to 3. Only provide the numeric and nothing else 

Answer: 
assistant
2",2,3,grade3
345,1170,"system
You are a helpful assistant.
user
 QUESTION: Compare the average kinetic energies of the particles in each sample. Which sample has the higher temperature?
OPTIONS:
0: sample B
1: sample A
2: neither; the samples have the same temperature

Answer with the correct option from 0 to 2. Only provide the numeric and nothing else 

Answer: 
assistant
0",0,0,grade8,"system
You are a helpful assistant.
user
 QUESTION: Compare the average kinetic energies of the particles in each sample. Which sample has the higher temperature?
OPTIONS:
0: sample B
1: sample A
2: neither; the samples have the same temperature

Answer with the correct option from 0 to 2. Only provide the numeric and nothing else 

Answer: 
assistant
1",1,0,grade8
346,1171,"system
You are a helpful assistant.
user
 QUESTION: Which country is highlighted?
OPTIONS:
0: New Zealand
1: Palau
2: the Marshall Islands
3: Papua New Guinea

Answer with the correct option from 0 to 3. Only provide the numeric and nothing else 

Answer: 
assistant
0",0,0,grade6,"system
You are a helpful assistant.
user
 QUESTION: Which country is highlighted?
OPTIONS:
0: New Zealand
1: Palau
2: the Marshall Islands
3: Papua New Guinea

Answer with the correct option from 0 to 3. Only provide the numeric and nothing else 

Answer: 
assistant
3",3,0,grade6
347,1172,"system
You are a helpful assistant.
user
 QUESTION: Which state is highlighted?
OPTIONS:
0: Michigan
1: Minnesota
2: North Dakota
3: Iowa

Answer with the correct option from 0 to 3. Only provide the numeric and nothing else 

Answer: 
assistant
0",0,0,grade5,"system
You are a helpful assistant.
user
 QUESTION: Which state is highlighted?
OPTIONS:
0: Michigan
1: Minnesota
2: North Dakota
3: Iowa

Answer with the correct option from 0 to 3. Only provide the numeric and nothing else 

Answer: 
assistant
2",2,0,grade5
348,1174,"system
You are a helpful assistant.
user
 QUESTION: Think about the magnetic force between the magnets in each pair. Which of the following statements is true?
OPTIONS:
0: The magnitude of the magnetic force is greater in Pair 1.
1: The magnitude of the magnetic force is the same in both pairs.
2: The magnitude of the magnetic force is greater in Pair 2.

Answer with the correct option from 0 to 2. Only provide the numeric and nothing else 

Answer: 
assistant
0",0,2,grade5,"system
You are a helpful assistant.
user
 QUESTION: Think about the magnetic force between the magnets in each pair. Which of the following statements is true?
OPTIONS:
0: The magnitude of the magnetic force is greater in Pair 1.
1: The magnitude of the magnetic force is the same in both pairs.
2: The magnitude of the magnetic force is greater in Pair 2.

Answer with the correct option from 0 to 2. Only provide the numeric and nothing else 

Answer: 
assistant
2",2,2,grade5
349,1179,"system
You are a helpful assistant.
user
 QUESTION: Which country is highlighted?
OPTIONS:
0: Saint Kitts and Nevis
1: Haiti
2: Barbados
3: Saint Lucia

Answer with the correct option from 0 to 3. Only provide the numeric and nothing else 

Answer: 
assistant
0",0,3,grade8,"system
You are a helpful assistant.
user
 QUESTION: Which country is highlighted?
OPTIONS:
0: Saint Kitts and Nevis
1: Haiti
2: Barbados
3: Saint Lucia

Answer with the correct option from 0 to 3. Only provide the numeric and nothing else 

Answer: 
assistant
2",2,3,grade8
350,1181,"system
You are a helpful assistant.
user
 QUESTION: Select the true statement.
OPTIONS:
0: Genes affect traits.
1: Eye color is an example of a gene.

Answer with the correct option from 0 to 1. Only provide the numeric and nothing else 

Answer: 
assistant
1",1,0,grade6,"system
You are a helpful assistant.
user
 QUESTION: Select the true statement.
OPTIONS:
0: Genes affect traits.
1: Eye color is an example of a gene.

Answer with the correct option from 0 to 1. Only provide the numeric and nothing else 

Answer: 
assistant
0",0,0,grade6
351,1185,"system
You are a helpful assistant.
user
 QUESTION: Think about the magnetic force between the magnets in each pair. Which of the following statements is true?
OPTIONS:
0: The magnitude of the magnetic force is smaller in Pair 2.
1: The magnitude of the magnetic force is smaller in Pair 1.
2: The magnitude of the magnetic force is the same in both pairs.

Answer with the correct option from 0 to 2. Only provide the numeric and nothing else 

Answer: 
assistant
2",2,1,grade7,"system
You are a helpful assistant.
user
 QUESTION: Think about the magnetic force between the magnets in each pair. Which of the following statements is true?
OPTIONS:
0: The magnitude of the magnetic force is smaller in Pair 2.
1: The magnitude of the magnetic force is smaller in Pair 1.
2: The magnitude of the magnetic force is the same in both pairs.

Answer with the correct option from 0 to 2. Only provide the numeric and nothing else 

Answer: 
assistant
1",1,1,grade7
352,1188,"system
You are a helpful assistant.
user
 QUESTION: Select the mammal below.
OPTIONS:
0: hammerhead shark
1: red-headed poison frog
2: water buffalo
3: woodpecker

Answer with the correct option from 0 to 3. Only provide the numeric and nothing else 

Answer: 
assistant
3",3,2,grade4,"system
You are a helpful assistant.
user
 QUESTION: Select the mammal below.
OPTIONS:
0: hammerhead shark
1: red-headed poison frog
2: water buffalo
3: woodpecker

Answer with the correct option from 0 to 3. Only provide the numeric and nothing else 

Answer: 
assistant
2",2,2,grade4
353,1189,"system
You are a helpful assistant.
user
 QUESTION: Which country is highlighted?
OPTIONS:
0: Haiti
1: the Dominican Republic
2: Cuba
3: The Bahamas

Answer with the correct option from 0 to 3. Only provide the numeric and nothing else 

Answer: 
assistant
3",3,3,grade6,"system
You are a helpful assistant.
user
 QUESTION: Which country is highlighted?
OPTIONS:
0: Haiti
1: the Dominican Republic
2: Cuba
3: The Bahamas

Answer with the correct option from 0 to 3. Only provide the numeric and nothing else 

Answer: 
assistant
2",2,3,grade6
354,1195,"system
You are a helpful assistant.
user
 QUESTION: Which property do these three objects have in common?
OPTIONS:
0: rough
1: salty
2: yellow

Answer with the correct option from 0 to 2. Only provide the numeric and nothing else 

Answer: 
assistant
1",1,1,grade4,"system
You are a helpful assistant.
user
 QUESTION: Which property do these three objects have in common?
OPTIONS:
0: rough
1: salty
2: yellow

Answer with the correct option from 0 to 2. Only provide the numeric and nothing else 

Answer: 
assistant
0",0,1,grade4
355,1196,"system
You are a helpful assistant.
user
 QUESTION: What is the name of the colony shown?
OPTIONS:
0: Georgia
1: North Carolina
2: Tennessee
3: Pennsylvania

Answer with the correct option from 0 to 3. Only provide the numeric and nothing else 

Answer: 
assistant
3",3,3,grade5,"system
You are a helpful assistant.
user
 QUESTION: What is the name of the colony shown?
OPTIONS:
0: Georgia
1: North Carolina
2: Tennessee
3: Pennsylvania

Answer with the correct option from 0 to 3. Only provide the numeric and nothing else 

Answer: 
assistant
0",0,3,grade5
356,1205,"system
You are a helpful assistant.
user
 QUESTION: Which solution has a higher concentration of yellow particles?
OPTIONS:
0: Solution B
1: Solution A
2: neither; their concentrations are the same

Answer with the correct option from 0 to 2. Only provide the numeric and nothing else 

Answer: 
assistant
0",0,0,grade6,"system
You are a helpful assistant.
user
 QUESTION: Which solution has a higher concentration of yellow particles?
OPTIONS:
0: Solution B
1: Solution A
2: neither; their concentrations are the same

Answer with the correct option from 0 to 2. Only provide the numeric and nothing else 

Answer: 
assistant
1",1,0,grade6
357,1207,"system
You are a helpful assistant.
user
 QUESTION: Which of these states is farthest west?
OPTIONS:
0: Illinois
1: Georgia
2: Maryland
3: Ohio

Answer with the correct option from 0 to 3. Only provide the numeric and nothing else 

Answer: 
assistant
1",1,0,grade2,"system
You are a helpful assistant.
user
 QUESTION: Which of these states is farthest west?
OPTIONS:
0: Illinois
1: Georgia
2: Maryland
3: Ohio

Answer with the correct option from 0 to 3. Only provide the numeric and nothing else 

Answer: 
assistant
0",0,0,grade2
358,1208,"system
You are a helpful assistant.
user
 QUESTION: What can Lamar and Jackson trade to each get what they want?
OPTIONS:
0: Jackson can trade his almonds for Lamar's tomatoes.
1: Jackson can trade his broccoli for Lamar's oranges.
2: Lamar can trade his tomatoes for Jackson's carrots.
3: Lamar can trade his tomatoes for Jackson's broccoli.

Answer with the correct option from 0 to 3. Only provide the numeric and nothing else 

Answer: 
assistant
0",0,3,grade7,"system
You are a helpful assistant.
user
 QUESTION: What can Lamar and Jackson trade to each get what they want?
OPTIONS:
0: Jackson can trade his almonds for Lamar's tomatoes.
1: Jackson can trade his broccoli for Lamar's oranges.
2: Lamar can trade his tomatoes for Jackson's carrots.
3: Lamar can trade his tomatoes for Jackson's broccoli.

Answer with the correct option from 0 to 3. Only provide the numeric and nothing else 

Answer: 
assistant
3",3,3,grade7
359,1211,"system
You are a helpful assistant.
user
 QUESTION: Which property do these three objects have in common?
OPTIONS:
0: fragile
1: sticky
2: colorful

Answer with the correct option from 0 to 2. Only provide the numeric and nothing else 

Answer: 
assistant
2",2,2,grade4,"system
You are a helpful assistant.
user
 QUESTION: Which property do these three objects have in common?
OPTIONS:
0: fragile
1: sticky
2: colorful

Answer with the correct option from 0 to 2. Only provide the numeric and nothing else 

Answer: 
assistant
0",0,2,grade4
360,1213,"system
You are a helpful assistant.
user
 QUESTION: Think about the magnetic force between the magnets in each pair. Which of the following statements is true?
OPTIONS:
0: The magnitude of the magnetic force is the same in both pairs.
1: The magnitude of the magnetic force is greater in Pair 2.
2: The magnitude of the magnetic force is greater in Pair 1.

Answer with the correct option from 0 to 2. Only provide the numeric and nothing else 

Answer: 
assistant
0",0,1,grade8,"system
You are a helpful assistant.
user
 QUESTION: Think about the magnetic force between the magnets in each pair. Which of the following statements is true?
OPTIONS:
0: The magnitude of the magnetic force is the same in both pairs.
1: The magnitude of the magnetic force is greater in Pair 2.
2: The magnitude of the magnetic force is greater in Pair 1.

Answer with the correct option from 0 to 2. Only provide the numeric and nothing else 

Answer: 
assistant
2",2,1,grade8
361,1216,"system
You are a helpful assistant.
user
 QUESTION: Which air temperature was measured within the outlined area shown?
OPTIONS:
0: -22°C
1: -1°C
2: 2°C

Answer with the correct option from 0 to 2. Only provide the numeric and nothing else 

Answer: 
assistant
0",0,0,grade6,"system
You are a helpful assistant.
user
 QUESTION: Which air temperature was measured within the outlined area shown?
OPTIONS:
0: -22°C
1: -1°C
2: 2°C

Answer with the correct option from 0 to 2. Only provide the numeric and nothing else 

Answer: 
assistant
1",1,0,grade6
362,1222,"system
You are a helpful assistant.
user
 QUESTION: What is the name of the colony shown?
OPTIONS:
0: New Hampshire
1: Kentucky
2: Georgia
3: Rhode Island

Answer with the correct option from 0 to 3. Only provide the numeric and nothing else 

Answer: 
assistant
0",0,3,grade4,"system
You are a helpful assistant.
user
 QUESTION: What is the name of the colony shown?
OPTIONS:
0: New Hampshire
1: Kentucky
2: Georgia
3: Rhode Island

Answer with the correct option from 0 to 3. Only provide the numeric and nothing else 

Answer: 
assistant
2",2,3,grade4
363,1227,"system
You are a helpful assistant.
user
 QUESTION: What is the name of the colony shown?
OPTIONS:
0: Maine
1: Pennsylvania
2: Delaware
3: Massachusetts

Answer with the correct option from 0 to 3. Only provide the numeric and nothing else 

Answer: 
assistant
1",1,1,grade4,"system
You are a helpful assistant.
user
 QUESTION: What is the name of the colony shown?
OPTIONS:
0: Maine
1: Pennsylvania
2: Delaware
3: Massachusetts

Answer with the correct option from 0 to 3. Only provide the numeric and nothing else 

Answer: 
assistant
2",2,1,grade4
364,1230,"system
You are a helpful assistant.
user
 QUESTION: Compare the average kinetic energies of the particles in each sample. Which sample has the higher temperature?
OPTIONS:
0: neither; the samples have the same temperature
1: sample B
2: sample A

Answer with the correct option from 0 to 2. Only provide the numeric and nothing else 

Answer: 
assistant
1",1,1,grade7,"system
You are a helpful assistant.
user
 QUESTION: Compare the average kinetic energies of the particles in each sample. Which sample has the higher temperature?
OPTIONS:
0: neither; the samples have the same temperature
1: sample B
2: sample A

Answer with the correct option from 0 to 2. Only provide the numeric and nothing else 

Answer: 
assistant
2",2,1,grade7
365,1237,"system
You are a helpful assistant.
user
 QUESTION: Think about the magnetic force between the magnets in each pair. Which of the following statements is true?
OPTIONS:
0: The magnitude of the magnetic force is greater in Pair 1.
1: The magnitude of the magnetic force is the same in both pairs.
2: The magnitude of the magnetic force is greater in Pair 2.

Answer with the correct option from 0 to 2. Only provide the numeric and nothing else 

Answer: 
assistant
1",1,0,grade8,"system
You are a helpful assistant.
user
 QUESTION: Think about the magnetic force between the magnets in each pair. Which of the following statements is true?
OPTIONS:
0: The magnitude of the magnetic force is greater in Pair 1.
1: The magnitude of the magnetic force is the same in both pairs.
2: The magnitude of the magnetic force is greater in Pair 2.

Answer with the correct option from 0 to 2. Only provide the numeric and nothing else 

Answer: 
assistant
2",2,0,grade8
366,1238,"system
You are a helpful assistant.
user
 QUESTION: What can Jenny and Zoe trade to each get what they want?
OPTIONS:
0: Zoe can trade her almonds for Jenny's tomatoes.
1: Jenny can trade her tomatoes for Zoe's carrots.
2: Zoe can trade her broccoli for Jenny's oranges.
3: Jenny can trade her tomatoes for Zoe's broccoli.

Answer with the correct option from 0 to 3. Only provide the numeric and nothing else 

Answer: 
assistant
0",0,3,grade8,"system
You are a helpful assistant.
user
 QUESTION: What can Jenny and Zoe trade to each get what they want?
OPTIONS:
0: Zoe can trade her almonds for Jenny's tomatoes.
1: Jenny can trade her tomatoes for Zoe's carrots.
2: Zoe can trade her broccoli for Jenny's oranges.
3: Jenny can trade her tomatoes for Zoe's broccoli.

Answer with the correct option from 0 to 3. Only provide the numeric and nothing else 

Answer: 
assistant
3",3,3,grade8
367,1239,"system
You are a helpful assistant.
user
 QUESTION: Which solution has a higher concentration of green particles?
OPTIONS:
0: Solution A
1: Solution B
2: neither; their concentrations are the same

Answer with the correct option from 0 to 2. Only provide the numeric and nothing else 

Answer: 
assistant
2",2,1,grade8,"system
You are a helpful assistant.
user
 QUESTION: Which solution has a higher concentration of green particles?
OPTIONS:
0: Solution A
1: Solution B
2: neither; their concentrations are the same

Answer with the correct option from 0 to 2. Only provide the numeric and nothing else 

Answer: 
assistant
1",1,1,grade8
368,1241,"system
You are a helpful assistant.
user
 QUESTION: Which country is highlighted?
OPTIONS:
0: Saint Kitts and Nevis
1: Antigua and Barbuda
2: Jamaica
3: Saint Lucia

Answer with the correct option from 0 to 3. Only provide the numeric and nothing else 

Answer: 
assistant
0",0,0,grade6,"system
You are a helpful assistant.
user
 QUESTION: Which country is highlighted?
OPTIONS:
0: Saint Kitts and Nevis
1: Antigua and Barbuda
2: Jamaica
3: Saint Lucia

Answer with the correct option from 0 to 3. Only provide the numeric and nothing else 

Answer: 
assistant
2",2,0,grade6
369,1243,"system
You are a helpful assistant.
user
 QUESTION: Which state is highlighted?
OPTIONS:
0: Montana
1: Oregon
2: California
3: Washington

Answer with the correct option from 0 to 3. Only provide the numeric and nothing else 

Answer: 
assistant
1",1,1,grade5,"system
You are a helpful assistant.
user
 QUESTION: Which state is highlighted?
OPTIONS:
0: Montana
1: Oregon
2: California
3: Washington

Answer with the correct option from 0 to 3. Only provide the numeric and nothing else 

Answer: 
assistant
2",2,1,grade5
370,1244,"system
You are a helpful assistant.
user
 QUESTION: Which ocean is highlighted?
OPTIONS:
0: the Pacific Ocean
1: the Arctic Ocean
2: the Southern Ocean
3: the Atlantic Ocean

Answer with the correct option from 0 to 3. Only provide the numeric and nothing else 

Answer: 
assistant
1",1,3,grade8,"system
You are a helpful assistant.
user
 QUESTION: Which ocean is highlighted?
OPTIONS:
0: the Pacific Ocean
1: the Arctic Ocean
2: the Southern Ocean
3: the Atlantic Ocean

Answer with the correct option from 0 to 3. Only provide the numeric and nothing else 

Answer: 
assistant
0",0,3,grade8
371,1247,"system
You are a helpful assistant.
user
 QUESTION: Which continent is highlighted?
OPTIONS:
0: Europe
1: Asia
2: Africa
3: South America

Answer with the correct option from 0 to 3. Only provide the numeric and nothing else 

Answer: 
assistant
0",0,0,grade3,"system
You are a helpful assistant.
user
 QUESTION: Which continent is highlighted?
OPTIONS:
0: Europe
1: Asia
2: Africa
3: South America

Answer with the correct option from 0 to 3. Only provide the numeric and nothing else 

Answer: 
assistant
2",2,0,grade3
372,1248,"system
You are a helpful assistant.
user
 QUESTION: Which of the following organisms is the primary consumer in this food web?
OPTIONS:
0: Arctic fox
1: rough-legged hawk
2: mushroom

Answer with the correct option from 0 to 2. Only provide the numeric and nothing else 

Answer: 
assistant
0",0,0,grade6,"system
You are a helpful assistant.
user
 QUESTION: Which of the following organisms is the primary consumer in this food web?
OPTIONS:
0: Arctic fox
1: rough-legged hawk
2: mushroom

Answer with the correct option from 0 to 2. Only provide the numeric and nothing else 

Answer: 
assistant
2",2,0,grade6
373,1256,"system
You are a helpful assistant.
user
 QUESTION: Think about the magnetic force between the magnets in each pair. Which of the following statements is true?
OPTIONS:
0: The magnitude of the magnetic force is greater in Pair 1.
1: The magnitude of the magnetic force is greater in Pair 2.
2: The magnitude of the magnetic force is the same in both pairs.

Answer with the correct option from 0 to 2. Only provide the numeric and nothing else 

Answer: 
assistant
2",2,1,grade7,"system
You are a helpful assistant.
user
 QUESTION: Think about the magnetic force between the magnets in each pair. Which of the following statements is true?
OPTIONS:
0: The magnitude of the magnetic force is greater in Pair 1.
1: The magnitude of the magnetic force is greater in Pair 2.
2: The magnitude of the magnetic force is the same in both pairs.

Answer with the correct option from 0 to 2. Only provide the numeric and nothing else 

Answer: 
assistant
1",1,1,grade7
374,1260,"system
You are a helpful assistant.
user
 QUESTION: Which country is highlighted?
OPTIONS:
0: Dominica
1: Saint Kitts and Nevis
2: Jamaica
3: the Dominican Republic

Answer with the correct option from 0 to 3. Only provide the numeric and nothing else 

Answer: 
assistant
3",3,3,grade7,"system
You are a helpful assistant.
user
 QUESTION: Which country is highlighted?
OPTIONS:
0: Dominica
1: Saint Kitts and Nevis
2: Jamaica
3: the Dominican Republic

Answer with the correct option from 0 to 3. Only provide the numeric and nothing else 

Answer: 
assistant
1",1,3,grade7
375,1268,"system
You are a helpful assistant.
user
 QUESTION: Which country is highlighted?
OPTIONS:
0: Grenada
1: Trinidad and Tobago
2: Saint Lucia
3: Saint Vincent and the Grenadines

Answer with the correct option from 0 to 3. Only provide the numeric and nothing else 

Answer: 
assistant
3",3,0,grade8,"system
You are a helpful assistant.
user
 QUESTION: Which country is highlighted?
OPTIONS:
0: Grenada
1: Trinidad and Tobago
2: Saint Lucia
3: Saint Vincent and the Grenadines

Answer with the correct option from 0 to 3. Only provide the numeric and nothing else 

Answer: 
assistant
2",2,0,grade8
376,1274,"system
You are a helpful assistant.
user
 QUESTION: Select the organism in the same species as the Canada lynx.
OPTIONS:
0: Lynx rufus
1: Macropus agilis
2: Lynx canadensis

Answer with the correct option from 0 to 2. Only provide the numeric and nothing else 

Answer: 
assistant
0",0,2,grade8,"system
You are a helpful assistant.
user
 QUESTION: Select the organism in the same species as the Canada lynx.
OPTIONS:
0: Lynx rufus
1: Macropus agilis
2: Lynx canadensis

Answer with the correct option from 0 to 2. Only provide the numeric and nothing else 

Answer: 
assistant
2",2,2,grade8
377,1276,"system
You are a helpful assistant.
user
 QUESTION: What can Elise and Nolan trade to each get what they want?
OPTIONS:
0: Nolan can trade his broccoli for Elise's oranges.
1: Elise can trade her tomatoes for Nolan's broccoli.
2: Elise can trade her tomatoes for Nolan's carrots.
3: Nolan can trade his almonds for Elise's tomatoes.

Answer with the correct option from 0 to 3. Only provide the numeric and nothing else 

Answer: 
assistant
0",0,1,grade7,"system
You are a helpful assistant.
user
 QUESTION: What can Elise and Nolan trade to each get what they want?
OPTIONS:
0: Nolan can trade his broccoli for Elise's oranges.
1: Elise can trade her tomatoes for Nolan's broccoli.
2: Elise can trade her tomatoes for Nolan's carrots.
3: Nolan can trade his almonds for Elise's tomatoes.

Answer with the correct option from 0 to 3. Only provide the numeric and nothing else 

Answer: 
assistant
2",2,1,grade7
378,1283,"system
You are a helpful assistant.
user
 QUESTION: Identify the question that Edwin's experiment can best answer.
OPTIONS:
0: Does apple juice expand more or less than water when it freezes?
1: Does water freeze more quickly than apple juice?

Answer with the correct option from 0 to 1. Only provide the numeric and nothing else 

Answer: 
assistant
0",0,0,grade8,"system
You are a helpful assistant.
user
 QUESTION: Identify the question that Edwin's experiment can best answer.
OPTIONS:
0: Does apple juice expand more or less than water when it freezes?
1: Does water freeze more quickly than apple juice?

Answer with the correct option from 0 to 1. Only provide the numeric and nothing else 

Answer: 
assistant
1",1,0,grade8
379,1286,"system
You are a helpful assistant.
user
 QUESTION: Which ocean is highlighted?
OPTIONS:
0: the Southern Ocean
1: the Indian Ocean
2: the Arctic Ocean
3: the Pacific Ocean

Answer with the correct option from 0 to 3. Only provide the numeric and nothing else 

Answer: 
assistant
3",3,0,grade6,"system
You are a helpful assistant.
user
 QUESTION: Which ocean is highlighted?
OPTIONS:
0: the Southern Ocean
1: the Indian Ocean
2: the Arctic Ocean
3: the Pacific Ocean

Answer with the correct option from 0 to 3. Only provide the numeric and nothing else 

Answer: 
assistant
2",2,0,grade6
380,1287,"system
You are a helpful assistant.
user
 QUESTION: During this time, thermal energy was transferred from () to ().
OPTIONS:
0: the surroundings . . . each bottle
1: each bottle . . . the surroundings

Answer with the correct option from 0 to 1. Only provide the numeric and nothing else 

Answer: 
assistant
0",0,0,grade7,"system
You are a helpful assistant.
user
 QUESTION: During this time, thermal energy was transferred from () to ().
OPTIONS:
0: the surroundings . . . each bottle
1: each bottle . . . the surroundings

Answer with the correct option from 0 to 1. Only provide the numeric and nothing else 

Answer: 
assistant
1",1,0,grade7
381,1291,"system
You are a helpful assistant.
user
 QUESTION: Which of the following could Katy and Anne's test show?
OPTIONS:
0: if a new batch of concrete was firm enough to use
1: if the concrete from each batch took the same amount of time to dry

Answer with the correct option from 0 to 1. Only provide the numeric and nothing else 

Answer: 
assistant
0",0,0,grade6,"system
You are a helpful assistant.
user
 QUESTION: Which of the following could Katy and Anne's test show?
OPTIONS:
0: if a new batch of concrete was firm enough to use
1: if the concrete from each batch took the same amount of time to dry

Answer with the correct option from 0 to 1. Only provide the numeric and nothing else 

Answer: 
assistant
1",1,0,grade6
382,1292,"system
You are a helpful assistant.
user
 QUESTION: Which property matches this object?
OPTIONS:
0: salty
1: bendable

Answer with the correct option from 0 to 1. Only provide the numeric and nothing else 

Answer: 
assistant
0",0,0,grade2,"system
You are a helpful assistant.
user
 QUESTION: Which property matches this object?
OPTIONS:
0: salty
1: bendable

Answer with the correct option from 0 to 1. Only provide the numeric and nothing else 

Answer: 
assistant
1",1,0,grade2
383,1294,"system
You are a helpful assistant.
user
 QUESTION: Which country is highlighted?
OPTIONS:
0: Tonga
1: Australia
2: Solomon Islands
3: New Zealand

Answer with the correct option from 0 to 3. Only provide the numeric and nothing else 

Answer: 
assistant
1",1,1,grade6,"system
You are a helpful assistant.
user
 QUESTION: Which country is highlighted?
OPTIONS:
0: Tonga
1: Australia
2: Solomon Islands
3: New Zealand

Answer with the correct option from 0 to 3. Only provide the numeric and nothing else 

Answer: 
assistant
2",2,1,grade6
384,1303,"system
You are a helpful assistant.
user
 QUESTION: Which solution has a higher concentration of green particles?
OPTIONS:
0: Solution A
1: neither; their concentrations are the same
2: Solution B

Answer with the correct option from 0 to 2. Only provide the numeric and nothing else 

Answer: 
assistant
1",1,1,grade7,"system
You are a helpful assistant.
user
 QUESTION: Which solution has a higher concentration of green particles?
OPTIONS:
0: Solution A
1: neither; their concentrations are the same
2: Solution B

Answer with the correct option from 0 to 2. Only provide the numeric and nothing else 

Answer: 
assistant
2",2,1,grade7
385,1304,"system
You are a helpful assistant.
user
 QUESTION: Which property matches this object?
OPTIONS:
0: blue
1: scratchy

Answer with the correct option from 0 to 1. Only provide the numeric and nothing else 

Answer: 
assistant
1",1,0,grade3,"system
You are a helpful assistant.
user
 QUESTION: Which property matches this object?
OPTIONS:
0: blue
1: scratchy

Answer with the correct option from 0 to 1. Only provide the numeric and nothing else 

Answer: 
assistant
0",0,0,grade3
386,1307,"system
You are a helpful assistant.
user
 QUESTION: What can Kyle and Tony trade to each get what they want?
OPTIONS:
0: Tony can trade his broccoli for Kyle's oranges.
1: Tony can trade his almonds for Kyle's tomatoes.
2: Kyle can trade his tomatoes for Tony's carrots.
3: Kyle can trade his tomatoes for Tony's broccoli.

Answer with the correct option from 0 to 3. Only provide the numeric and nothing else 

Answer: 
assistant
0",0,3,grade8,"system
You are a helpful assistant.
user
 QUESTION: What can Kyle and Tony trade to each get what they want?
OPTIONS:
0: Tony can trade his broccoli for Kyle's oranges.
1: Tony can trade his almonds for Kyle's tomatoes.
2: Kyle can trade his tomatoes for Tony's carrots.
3: Kyle can trade his tomatoes for Tony's broccoli.

Answer with the correct option from 0 to 3. Only provide the numeric and nothing else 

Answer: 
assistant
3",3,3,grade8
387,1309,"system
You are a helpful assistant.
user
 QUESTION: Think about the magnetic force between the magnets in each pair. Which of the following statements is true?
OPTIONS:
0: The magnitude of the magnetic force is smaller in Pair 2.
1: The magnitude of the magnetic force is smaller in Pair 1.
2: The magnitude of the magnetic force is the same in both pairs.

Answer with the correct option from 0 to 2. Only provide the numeric and nothing else 

Answer: 
assistant
2",2,1,grade7,"system
You are a helpful assistant.
user
 QUESTION: Think about the magnetic force between the magnets in each pair. Which of the following statements is true?
OPTIONS:
0: The magnitude of the magnetic force is smaller in Pair 2.
1: The magnitude of the magnetic force is smaller in Pair 1.
2: The magnitude of the magnetic force is the same in both pairs.

Answer with the correct option from 0 to 2. Only provide the numeric and nothing else 

Answer: 
assistant
1",1,1,grade7
388,1310,"system
You are a helpful assistant.
user
 QUESTION: Select the bird below.
OPTIONS:
0: gray tree frog
1: black howler
2: zebra
3: barn owl

Answer with the correct option from 0 to 3. Only provide the numeric and nothing else 

Answer: 
assistant
0",0,3,grade4,"system
You are a helpful assistant.
user
 QUESTION: Select the bird below.
OPTIONS:
0: gray tree frog
1: black howler
2: zebra
3: barn owl

Answer with the correct option from 0 to 3. Only provide the numeric and nothing else 

Answer: 
assistant
3",3,3,grade4
389,1318,"system
You are a helpful assistant.
user
 QUESTION: Which of these states is farthest south?
OPTIONS:
0: Maine
1: Massachusetts
2: Washington
3: North Dakota

Answer with the correct option from 0 to 3. Only provide the numeric and nothing else 

Answer: 
assistant
2",2,1,grade5,"system
You are a helpful assistant.
user
 QUESTION: Which of these states is farthest south?
OPTIONS:
0: Maine
1: Massachusetts
2: Washington
3: North Dakota

Answer with the correct option from 0 to 3. Only provide the numeric and nothing else 

Answer: 
assistant
3",3,1,grade5
390,1322,"system
You are a helpful assistant.
user
 QUESTION: Which of these cities is marked on the map?
OPTIONS:
0: Omaha
1: Chicago
2: St. Louis
3: Cleveland

Answer with the correct option from 0 to 3. Only provide the numeric and nothing else 

Answer: 
assistant
0",0,2,grade5,"system
You are a helpful assistant.
user
 QUESTION: Which of these cities is marked on the map?
OPTIONS:
0: Omaha
1: Chicago
2: St. Louis
3: Cleveland

Answer with the correct option from 0 to 3. Only provide the numeric and nothing else 

Answer: 
assistant
2",2,2,grade5
391,1324,"system
You are a helpful assistant.
user
 QUESTION: Which property do these four objects have in common?
OPTIONS:
0: soft
1: smooth
2: transparent

Answer with the correct option from 0 to 2. Only provide the numeric and nothing else 

Answer: 
assistant
0",0,0,grade5,"system
You are a helpful assistant.
user
 QUESTION: Which property do these four objects have in common?
OPTIONS:
0: soft
1: smooth
2: transparent

Answer with the correct option from 0 to 2. Only provide the numeric and nothing else 

Answer: 
assistant
2",2,0,grade5
392,1326,"system
You are a helpful assistant.
user
 QUESTION: Which country is highlighted?
OPTIONS:
0: New Zealand
1: Palau
2: the Federated States of Micronesia
3: Fiji

Answer with the correct option from 0 to 3. Only provide the numeric and nothing else 

Answer: 
assistant
2",2,2,grade8,"system
You are a helpful assistant.
user
 QUESTION: Which country is highlighted?
OPTIONS:
0: New Zealand
1: Palau
2: the Federated States of Micronesia
3: Fiji

Answer with the correct option from 0 to 3. Only provide the numeric and nothing else 

Answer: 
assistant
3",3,2,grade8
393,1328,"system
You are a helpful assistant.
user
 QUESTION: Which rhetorical appeal is primarily used in this ad?
OPTIONS:
0: ethos (character)
1: logos (reason)
2: pathos (emotion)

Answer with the correct option from 0 to 2. Only provide the numeric and nothing else 

Answer: 
assistant
0",0,0,grade12,"system
You are a helpful assistant.
user
 QUESTION: Which rhetorical appeal is primarily used in this ad?
OPTIONS:
0: ethos (character)
1: logos (reason)
2: pathos (emotion)

Answer with the correct option from 0 to 2. Only provide the numeric and nothing else 

Answer: 
assistant
2",2,0,grade12
394,1331,"system
You are a helpful assistant.
user
 QUESTION: Which property do these three objects have in common?
OPTIONS:
0: bouncy
1: yellow
2: sticky

Answer with the correct option from 0 to 2. Only provide the numeric and nothing else 

Answer: 
assistant
2",2,2,grade4,"system
You are a helpful assistant.
user
 QUESTION: Which property do these three objects have in common?
OPTIONS:
0: bouncy
1: yellow
2: sticky

Answer with the correct option from 0 to 2. Only provide the numeric and nothing else 

Answer: 
assistant
0",0,2,grade4
395,1335,"system
You are a helpful assistant.
user
 QUESTION: What is the probability that a cow produced by this cross will have solid coloring?
OPTIONS:
0: 4/4
1: 0/4
2: 3/4
3: 1/4
4: 2/4

Answer with the correct option from 0 to 4. Only provide the numeric and nothing else 

Answer: 
assistant
1",1,1,grade8,"system
You are a helpful assistant.
user
 QUESTION: What is the probability that a cow produced by this cross will have solid coloring?
OPTIONS:
0: 4/4
1: 0/4
2: 3/4
3: 1/4
4: 2/4

Answer with the correct option from 0 to 4. Only provide the numeric and nothing else 

Answer: 
assistant
2",2,1,grade8
396,1344,"system
You are a helpful assistant.
user
 QUESTION: Think about the magnetic force between the magnets in each pair. Which of the following statements is true?
OPTIONS:
0: The magnitude of the magnetic force is greater in Pair 1.
1: The magnitude of the magnetic force is the same in both pairs.
2: The magnitude of the magnetic force is greater in Pair 2.

Answer with the correct option from 0 to 2. Only provide the numeric and nothing else 

Answer: 
assistant
1",1,2,grade6,"system
You are a helpful assistant.
user
 QUESTION: Think about the magnetic force between the magnets in each pair. Which of the following statements is true?
OPTIONS:
0: The magnitude of the magnetic force is greater in Pair 1.
1: The magnitude of the magnetic force is the same in both pairs.
2: The magnitude of the magnetic force is greater in Pair 2.

Answer with the correct option from 0 to 2. Only provide the numeric and nothing else 

Answer: 
assistant
2",2,2,grade6
397,1347,"system
You are a helpful assistant.
user
 QUESTION: What can Rob and Carrie trade to each get what they want?
OPTIONS:
0: Rob can trade his tomatoes for Carrie's broccoli.
1: Carrie can trade her broccoli for Rob's oranges.
2: Carrie can trade her almonds for Rob's tomatoes.
3: Rob can trade his tomatoes for Carrie's sandwich.

Answer with the correct option from 0 to 3. Only provide the numeric and nothing else 

Answer: 
assistant
2",2,0,grade6,"system
You are a helpful assistant.
user
 QUESTION: What can Rob and Carrie trade to each get what they want?
OPTIONS:
0: Rob can trade his tomatoes for Carrie's broccoli.
1: Carrie can trade her broccoli for Rob's oranges.
2: Carrie can trade her almonds for Rob's tomatoes.
3: Rob can trade his tomatoes for Carrie's sandwich.

Answer with the correct option from 0 to 3. Only provide the numeric and nothing else 

Answer: 
assistant
0",0,0,grade6
398,1349,"system
You are a helpful assistant.
user
 QUESTION: Which air temperature was measured within the outlined area shown?
OPTIONS:
0: 30°C
1: 14°C
2: 10°C

Answer with the correct option from 0 to 2. Only provide the numeric and nothing else 

Answer: 
assistant
2",2,0,grade6,"system
You are a helpful assistant.
user
 QUESTION: Which air temperature was measured within the outlined area shown?
OPTIONS:
0: 30°C
1: 14°C
2: 10°C

Answer with the correct option from 0 to 2. Only provide the numeric and nothing else 

Answer: 
assistant
1",1,0,grade6
399,1354,"system
You are a helpful assistant.
user
 QUESTION: Select the reptile below.
OPTIONS:
0: California toad
1: Hermann's tortoise

Answer with the correct option from 0 to 1. Only provide the numeric and nothing else 

Answer: 
assistant
0",0,1,grade3,"system
You are a helpful assistant.
user
 QUESTION: Select the reptile below.
OPTIONS:
0: California toad
1: Hermann's tortoise

Answer with the correct option from 0 to 1. Only provide the numeric and nothing else 

Answer: 
assistant
1",1,1,grade3
400,1359,"system
You are a helpful assistant.
user
 QUESTION: What is the expected ratio of offspring with black eyes to offspring with red eyes? Choose the most likely ratio.
OPTIONS:
0: 2:2
1: 0:4
2: 1:3
3: 4:0
4: 3:1

Answer with the correct option from 0 to 4. Only provide the numeric and nothing else 

Answer: 
assistant
1",1,1,grade8,"system
You are a helpful assistant.
user
 QUESTION: What is the expected ratio of offspring with black eyes to offspring with red eyes? Choose the most likely ratio.
OPTIONS:
0: 2:2
1: 0:4
2: 1:3
3: 4:0
4: 3:1

Answer with the correct option from 0 to 4. Only provide the numeric and nothing else 

Answer: 
assistant
2",2,1,grade8
401,1360,"system
You are a helpful assistant.
user
 QUESTION: Identify the question that Annie's experiment can best answer.
OPTIONS:
0: Do radish plants grown under bright light have more leaves than radish plants grown under dim light?
1: Do radishes grown under bright light get bigger than radishes grown under dim light?

Answer with the correct option from 0 to 1. Only provide the numeric and nothing else 

Answer: 
assistant
1",1,1,grade8,"system
You are a helpful assistant.
user
 QUESTION: Identify the question that Annie's experiment can best answer.
OPTIONS:
0: Do radish plants grown under bright light have more leaves than radish plants grown under dim light?
1: Do radishes grown under bright light get bigger than radishes grown under dim light?

Answer with the correct option from 0 to 1. Only provide the numeric and nothing else 

Answer: 
assistant
0",0,1,grade8
402,1361,"system
You are a helpful assistant.
user
 QUESTION: Think about the magnetic force between the magnets in each pair. Which of the following statements is true?
OPTIONS:
0: The magnitude of the magnetic force is the same in both pairs.
1: The magnitude of the magnetic force is smaller in Pair 2.
2: The magnitude of the magnetic force is smaller in Pair 1.

Answer with the correct option from 0 to 2. Only provide the numeric and nothing else 

Answer: 
assistant
1",1,2,grade7,"system
You are a helpful assistant.
user
 QUESTION: Think about the magnetic force between the magnets in each pair. Which of the following statements is true?
OPTIONS:
0: The magnitude of the magnetic force is the same in both pairs.
1: The magnitude of the magnetic force is smaller in Pair 2.
2: The magnitude of the magnetic force is smaller in Pair 1.

Answer with the correct option from 0 to 2. Only provide the numeric and nothing else 

Answer: 
assistant
2",2,2,grade7
403,1362,"system
You are a helpful assistant.
user
 QUESTION: Which country is highlighted?
OPTIONS:
0: Fiji
1: Solomon Islands
2: Vanuatu
3: Tuvalu

Answer with the correct option from 0 to 3. Only provide the numeric and nothing else 

Answer: 
assistant
3",3,0,grade8,"system
You are a helpful assistant.
user
 QUESTION: Which country is highlighted?
OPTIONS:
0: Fiji
1: Solomon Islands
2: Vanuatu
3: Tuvalu

Answer with the correct option from 0 to 3. Only provide the numeric and nothing else 

Answer: 
assistant
0",0,0,grade8
404,1364,"system
You are a helpful assistant.
user
 QUESTION: Which of these cities is marked on the map?
OPTIONS:
0: Pittsburgh
1: Baltimore
2: New York City
3: Boston

Answer with the correct option from 0 to 3. Only provide the numeric and nothing else 

Answer: 
assistant
2",2,2,grade4,"system
You are a helpful assistant.
user
 QUESTION: Which of these cities is marked on the map?
OPTIONS:
0: Pittsburgh
1: Baltimore
2: New York City
3: Boston

Answer with the correct option from 0 to 3. Only provide the numeric and nothing else 

Answer: 
assistant
0",0,2,grade4
405,1371,"system
You are a helpful assistant.
user
 QUESTION: Select the reptile below.
OPTIONS:
0: koala
1: box turtle

Answer with the correct option from 0 to 1. Only provide the numeric and nothing else 

Answer: 
assistant
0",0,1,grade2,"system
You are a helpful assistant.
user
 QUESTION: Select the reptile below.
OPTIONS:
0: koala
1: box turtle

Answer with the correct option from 0 to 1. Only provide the numeric and nothing else 

Answer: 
assistant
1",1,1,grade2
406,1374,"system
You are a helpful assistant.
user
 QUESTION: Think about the magnetic force between the magnets in each pair. Which of the following statements is true?
OPTIONS:
0: The strength of the magnetic force is the same in both pairs.
1: The magnetic force is stronger in Pair 1.
2: The magnetic force is stronger in Pair 2.

Answer with the correct option from 0 to 2. Only provide the numeric and nothing else 

Answer: 
assistant
2",2,1,grade4,"system
You are a helpful assistant.
user
 QUESTION: Think about the magnetic force between the magnets in each pair. Which of the following statements is true?
OPTIONS:
0: The strength of the magnetic force is the same in both pairs.
1: The magnetic force is stronger in Pair 1.
2: The magnetic force is stronger in Pair 2.

Answer with the correct option from 0 to 2. Only provide the numeric and nothing else 

Answer: 
assistant
1",1,1,grade4
407,1384,"system
You are a helpful assistant.
user
 QUESTION: Think about the magnetic force between the magnets in each pair. Which of the following statements is true?
OPTIONS:
0: The magnetic force is stronger in Pair 1.
1: The strength of the magnetic force is the same in both pairs.
2: The magnetic force is stronger in Pair 2.

Answer with the correct option from 0 to 2. Only provide the numeric and nothing else 

Answer: 
assistant
1",1,1,grade3,"system
You are a helpful assistant.
user
 QUESTION: Think about the magnetic force between the magnets in each pair. Which of the following statements is true?
OPTIONS:
0: The magnetic force is stronger in Pair 1.
1: The strength of the magnetic force is the same in both pairs.
2: The magnetic force is stronger in Pair 2.

Answer with the correct option from 0 to 2. Only provide the numeric and nothing else 

Answer: 
assistant
2",2,1,grade3
408,1391,"system
You are a helpful assistant.
user
 QUESTION: Which property do these two objects have in common?
OPTIONS:
0: sour
1: stretchy

Answer with the correct option from 0 to 1. Only provide the numeric and nothing else 

Answer: 
assistant
1",1,1,grade2,"system
You are a helpful assistant.
user
 QUESTION: Which property do these two objects have in common?
OPTIONS:
0: sour
1: stretchy

Answer with the correct option from 0 to 1. Only provide the numeric and nothing else 

Answer: 
assistant
0",0,1,grade2
409,1393,"system
You are a helpful assistant.
user
 QUESTION: What is the expected ratio of offspring with a yellow ground spot to offspring with a white ground spot? Choose the most likely ratio.
OPTIONS:
0: 4:0
1: 3:1
2: 1:3
3: 0:4
4: 2:2

Answer with the correct option from 0 to 4. Only provide the numeric and nothing else 

Answer: 
assistant
1",1,0,grade8,"system
You are a helpful assistant.
user
 QUESTION: What is the expected ratio of offspring with a yellow ground spot to offspring with a white ground spot? Choose the most likely ratio.
OPTIONS:
0: 4:0
1: 3:1
2: 1:3
3: 0:4
4: 2:2

Answer with the correct option from 0 to 4. Only provide the numeric and nothing else 

Answer: 
assistant
2:1:3",2,0,grade8
410,1398,"system
You are a helpful assistant.
user
 QUESTION: Which property do these three objects have in common?
OPTIONS:
0: rough
1: smooth
2: soft

Answer with the correct option from 0 to 2. Only provide the numeric and nothing else 

Answer: 
assistant
1",1,1,grade3,"system
You are a helpful assistant.
user
 QUESTION: Which property do these three objects have in common?
OPTIONS:
0: rough
1: smooth
2: soft

Answer with the correct option from 0 to 2. Only provide the numeric and nothing else 

Answer: 
assistant
0",0,1,grade3
411,1399,"system
You are a helpful assistant.
user
 QUESTION: Think about the magnetic force between the magnets in each pair. Which of the following statements is true?
OPTIONS:
0: The magnitude of the magnetic force is greater in Pair 1.
1: The magnitude of the magnetic force is the same in both pairs.
2: The magnitude of the magnetic force is greater in Pair 2.

Answer with the correct option from 0 to 2. Only provide the numeric and nothing else 

Answer: 
assistant
1",1,0,grade7,"system
You are a helpful assistant.
user
 QUESTION: Think about the magnetic force between the magnets in each pair. Which of the following statements is true?
OPTIONS:
0: The magnitude of the magnetic force is greater in Pair 1.
1: The magnitude of the magnetic force is the same in both pairs.
2: The magnitude of the magnetic force is greater in Pair 2.

Answer with the correct option from 0 to 2. Only provide the numeric and nothing else 

Answer: 
assistant
2",2,0,grade7
412,1401,"system
You are a helpful assistant.
user
 QUESTION: What can Rosa and Isabella trade to each get what they want?
OPTIONS:
0: Isabella can trade her broccoli for Rosa's oranges.
1: Rosa can trade her tomatoes for Isabella's broccoli.
2: Rosa can trade her tomatoes for Isabella's carrots.
3: Isabella can trade her almonds for Rosa's tomatoes.

Answer with the correct option from 0 to 3. Only provide the numeric and nothing else 

Answer: 
assistant
0",0,1,grade7,"system
You are a helpful assistant.
user
 QUESTION: What can Rosa and Isabella trade to each get what they want?
OPTIONS:
0: Isabella can trade her broccoli for Rosa's oranges.
1: Rosa can trade her tomatoes for Isabella's broccoli.
2: Rosa can trade her tomatoes for Isabella's carrots.
3: Isabella can trade her almonds for Rosa's tomatoes.

Answer with the correct option from 0 to 3. Only provide the numeric and nothing else 

Answer: 
assistant
1",1,1,grade7
413,1414,"system
You are a helpful assistant.
user
 QUESTION: Which solution has a higher concentration of blue particles?
OPTIONS:
0: Solution A
1: Solution B
2: neither; their concentrations are the same

Answer with the correct option from 0 to 2. Only provide the numeric and nothing else 

Answer: 
assistant
2",2,2,grade6,"system
You are a helpful assistant.
user
 QUESTION: Which solution has a higher concentration of blue particles?
OPTIONS:
0: Solution A
1: Solution B
2: neither; their concentrations are the same

Answer with the correct option from 0 to 2. Only provide the numeric and nothing else 

Answer: 
assistant
1",1,2,grade6
414,1417,"system
You are a helpful assistant.
user
 QUESTION: Which country is highlighted?
OPTIONS:
0: Tuvalu
1: Solomon Islands
2: Fiji
3: Vanuatu

Answer with the correct option from 0 to 3. Only provide the numeric and nothing else 

Answer: 
assistant
0",0,2,grade8,"system
You are a helpful assistant.
user
 QUESTION: Which country is highlighted?
OPTIONS:
0: Tuvalu
1: Solomon Islands
2: Fiji
3: Vanuatu

Answer with the correct option from 0 to 3. Only provide the numeric and nothing else 

Answer: 
assistant
2",2,2,grade8
415,1418,"system
You are a helpful assistant.
user
 QUESTION: What can Sandeep and Tracy trade to each get what they want?
OPTIONS:
0: Tracy can trade her almonds for Sandeep's tomatoes.
1: Sandeep can trade his tomatoes for Tracy's broccoli.
2: Sandeep can trade his tomatoes for Tracy's carrots.
3: Tracy can trade her broccoli for Sandeep's oranges.

Answer with the correct option from 0 to 3. Only provide the numeric and nothing else 

Answer: 
assistant
0",0,1,grade7,"system
You are a helpful assistant.
user
 QUESTION: What can Sandeep and Tracy trade to each get what they want?
OPTIONS:
0: Tracy can trade her almonds for Sandeep's tomatoes.
1: Sandeep can trade his tomatoes for Tracy's broccoli.
2: Sandeep can trade his tomatoes for Tracy's carrots.
3: Tracy can trade her broccoli for Sandeep's oranges.

Answer with the correct option from 0 to 3. Only provide the numeric and nothing else 

Answer: 
assistant
2",2,1,grade7
416,1419,"system
You are a helpful assistant.
user
 QUESTION: Select the amphibian below.
OPTIONS:
0: koala
1: green moray eel
2: horned frog
3: zebra

Answer with the correct option from 0 to 3. Only provide the numeric and nothing else 

Answer: 
assistant
3",3,2,grade4,"system
You are a helpful assistant.
user
 QUESTION: Select the amphibian below.
OPTIONS:
0: koala
1: green moray eel
2: horned frog
3: zebra

Answer with the correct option from 0 to 3. Only provide the numeric and nothing else 

Answer: 
assistant
2",2,2,grade4
417,1423,"system
You are a helpful assistant.
user
 QUESTION: During this time, thermal energy was transferred from () to ().
OPTIONS:
0: the surroundings . . . each pizza
1: each pizza . . . the surroundings

Answer with the correct option from 0 to 1. Only provide the numeric and nothing else 

Answer: 
assistant
0",0,1,grade8,"system
You are a helpful assistant.
user
 QUESTION: During this time, thermal energy was transferred from () to ().
OPTIONS:
0: the surroundings . . . each pizza
1: each pizza . . . the surroundings

Answer with the correct option from 0 to 1. Only provide the numeric and nothing else 

Answer: 
assistant
1",1,1,grade8
418,1434,"system
You are a helpful assistant.
user
 QUESTION: Which country is highlighted?
OPTIONS:
0: the Marshall Islands
1: New Zealand
2: Vanuatu
3: Nauru

Answer with the correct option from 0 to 3. Only provide the numeric and nothing else 

Answer: 
assistant
2",2,3,grade8,"system
You are a helpful assistant.
user
 QUESTION: Which country is highlighted?
OPTIONS:
0: the Marshall Islands
1: New Zealand
2: Vanuatu
3: Nauru

Answer with the correct option from 0 to 3. Only provide the numeric and nothing else 

Answer: 
assistant
3",3,3,grade8
419,1438,"system
You are a helpful assistant.
user
 QUESTION: What is the name of the colony shown?
OPTIONS:
0: South Carolina
1: Connecticut
2: Massachusetts
3: Georgia

Answer with the correct option from 0 to 3. Only provide the numeric and nothing else 

Answer: 
assistant
1",1,1,grade5,"system
You are a helpful assistant.
user
 QUESTION: What is the name of the colony shown?
OPTIONS:
0: South Carolina
1: Connecticut
2: Massachusetts
3: Georgia

Answer with the correct option from 0 to 3. Only provide the numeric and nothing else 

Answer: 
assistant
2",2,1,grade5
420,1439,"system
You are a helpful assistant.
user
 QUESTION: Which of these states is farthest west?
OPTIONS:
0: Georgia
1: Iowa
2: New York
3: North Dakota

Answer with the correct option from 0 to 3. Only provide the numeric and nothing else 

Answer: 
assistant
3",3,3,grade4,"system
You are a helpful assistant.
user
 QUESTION: Which of these states is farthest west?
OPTIONS:
0: Georgia
1: Iowa
2: New York
3: North Dakota

Answer with the correct option from 0 to 3. Only provide the numeric and nothing else 

Answer: 
assistant
0",0,3,grade4
421,1448,"system
You are a helpful assistant.
user
 QUESTION: Which country is highlighted?
OPTIONS:
0: Dominica
1: the Dominican Republic
2: Jamaica
3: Haiti

Answer with the correct option from 0 to 3. Only provide the numeric and nothing else 

Answer: 
assistant
1",1,1,grade7,"system
You are a helpful assistant.
user
 QUESTION: Which country is highlighted?
OPTIONS:
0: Dominica
1: the Dominican Republic
2: Jamaica
3: Haiti

Answer with the correct option from 0 to 3. Only provide the numeric and nothing else 

Answer: 
assistant
2",2,1,grade7
422,1450,"system
You are a helpful assistant.
user
 QUESTION: Which continent is highlighted?
OPTIONS:
0: Europe
1: North America
2: South America
3: Asia

Answer with the correct option from 0 to 3. Only provide the numeric and nothing else 

Answer: 
assistant
1",1,1,grade8,"system
You are a helpful assistant.
user
 QUESTION: Which continent is highlighted?
OPTIONS:
0: Europe
1: North America
2: South America
3: Asia

Answer with the correct option from 0 to 3. Only provide the numeric and nothing else 

Answer: 
assistant
2",2,1,grade8
423,1451,"system
You are a helpful assistant.
user
 QUESTION: What can Nolan and Dalton trade to each get what they want?
OPTIONS:
0: Nolan can trade his tomatoes for Dalton's broccoli.
1: Nolan can trade his tomatoes for Dalton's carrots.
2: Dalton can trade his broccoli for Nolan's oranges.
3: Dalton can trade his almonds for Nolan's tomatoes.

Answer with the correct option from 0 to 3. Only provide the numeric and nothing else 

Answer: 
assistant
3",3,0,grade8,"system
You are a helpful assistant.
user
 QUESTION: What can Nolan and Dalton trade to each get what they want?
OPTIONS:
0: Nolan can trade his tomatoes for Dalton's broccoli.
1: Nolan can trade his tomatoes for Dalton's carrots.
2: Dalton can trade his broccoli for Nolan's oranges.
3: Dalton can trade his almonds for Nolan's tomatoes.

Answer with the correct option from 0 to 3. Only provide the numeric and nothing else 

Answer: 
assistant
1",1,0,grade8
424,1453,"system
You are a helpful assistant.
user
 QUESTION: Which country is highlighted?
OPTIONS:
0: Cuba
1: the Dominican Republic
2: Saint Lucia
3: Saint Vincent and the Grenadines

Answer with the correct option from 0 to 3. Only provide the numeric and nothing else 

Answer: 
assistant
3",3,2,grade6,"system
You are a helpful assistant.
user
 QUESTION: Which country is highlighted?
OPTIONS:
0: Cuba
1: the Dominican Republic
2: Saint Lucia
3: Saint Vincent and the Grenadines

Answer with the correct option from 0 to 3. Only provide the numeric and nothing else 

Answer: 
assistant
2",2,2,grade6
425,1454,"system
You are a helpful assistant.
user
 QUESTION: In this food web, which organism contains matter that eventually moves to the sea cucumber?
OPTIONS:
0: bat star
1: phytoplankton
2: kelp bass

Answer with the correct option from 0 to 2. Only provide the numeric and nothing else 

Answer: 
assistant
1",1,1,grade6,"system
You are a helpful assistant.
user
 QUESTION: In this food web, which organism contains matter that eventually moves to the sea cucumber?
OPTIONS:
0: bat star
1: phytoplankton
2: kelp bass

Answer with the correct option from 0 to 2. Only provide the numeric and nothing else 

Answer: 
assistant
2",2,1,grade6
426,1457,"system
You are a helpful assistant.
user
 QUESTION: Identify the question that Albert and Tucker's experiment can best answer.
OPTIONS:
0: Do ping pong balls travel farther when launched from a 30° angle compared to a 45° angle?
1: Do ping pong balls stop rolling along the ground sooner after being launched from a 30° angle or a 45° angle?

Answer with the correct option from 0 to 1. Only provide the numeric and nothing else 

Answer: 
assistant
0",0,0,grade8,"system
You are a helpful assistant.
user
 QUESTION: Identify the question that Albert and Tucker's experiment can best answer.
OPTIONS:
0: Do ping pong balls travel farther when launched from a 30° angle compared to a 45° angle?
1: Do ping pong balls stop rolling along the ground sooner after being launched from a 30° angle or a 45° angle?

Answer with the correct option from 0 to 1. Only provide the numeric and nothing else 

Answer: 
assistant
1",1,0,grade8
427,1461,"system
You are a helpful assistant.
user
 QUESTION: Think about the magnetic force between the magnets in each pair. Which of the following statements is true?
OPTIONS:
0: The magnitude of the magnetic force is smaller in Pair 2.
1: The magnitude of the magnetic force is smaller in Pair 1.
2: The magnitude of the magnetic force is the same in both pairs.

Answer with the correct option from 0 to 2. Only provide the numeric and nothing else 

Answer: 
assistant
0",0,1,grade7,"system
You are a helpful assistant.
user
 QUESTION: Think about the magnetic force between the magnets in each pair. Which of the following statements is true?
OPTIONS:
0: The magnitude of the magnetic force is smaller in Pair 2.
1: The magnitude of the magnetic force is smaller in Pair 1.
2: The magnitude of the magnetic force is the same in both pairs.

Answer with the correct option from 0 to 2. Only provide the numeric and nothing else 

Answer: 
assistant
1",1,1,grade7
428,1468,"system
You are a helpful assistant.
user
 QUESTION: Look at the models of molecules below. Select the elementary substance.
OPTIONS:
0: oxygen
1: bromomethane
2: methane

Answer with the correct option from 0 to 2. Only provide the numeric and nothing else 

Answer: 
assistant
0",0,0,grade6,"system
You are a helpful assistant.
user
 QUESTION: Look at the models of molecules below. Select the elementary substance.
OPTIONS:
0: oxygen
1: bromomethane
2: methane

Answer with the correct option from 0 to 2. Only provide the numeric and nothing else 

Answer: 
assistant
2",2,0,grade6
429,1470,"system
You are a helpful assistant.
user
 QUESTION: Compare the average kinetic energies of the particles in each sample. Which sample has the higher temperature?
OPTIONS:
0: sample A
1: sample B
2: neither; the samples have the same temperature

Answer with the correct option from 0 to 2. Only provide the numeric and nothing else 

Answer: 
assistant
0",0,0,grade7,"system
You are a helpful assistant.
user
 QUESTION: Compare the average kinetic energies of the particles in each sample. Which sample has the higher temperature?
OPTIONS:
0: sample A
1: sample B
2: neither; the samples have the same temperature

Answer with the correct option from 0 to 2. Only provide the numeric and nothing else 

Answer: 
assistant
1",1,0,grade7
430,1472,"system
You are a helpful assistant.
user
 QUESTION: What can Clare and Adele trade to each get what they want?
OPTIONS:
0: Clare can trade her tomatoes for Adele's broccoli.
1: Adele can trade her broccoli for Clare's oranges.
2: Adele can trade her almonds for Clare's tomatoes.
3: Clare can trade her tomatoes for Adele's carrots.

Answer with the correct option from 0 to 3. Only provide the numeric and nothing else 

Answer: 
assistant
2",2,0,grade8,"system
You are a helpful assistant.
user
 QUESTION: What can Clare and Adele trade to each get what they want?
OPTIONS:
0: Clare can trade her tomatoes for Adele's broccoli.
1: Adele can trade her broccoli for Clare's oranges.
2: Adele can trade her almonds for Clare's tomatoes.
3: Clare can trade her tomatoes for Adele's carrots.

Answer with the correct option from 0 to 3. Only provide the numeric and nothing else 

Answer: 
assistant
0",0,0,grade8
431,1474,"system
You are a helpful assistant.
user
 QUESTION: What is the name of the colony shown?
OPTIONS:
0: Vermont
1: New Hampshire
2: Massachusetts
3: Connecticut

Answer with the correct option from 0 to 3. Only provide the numeric and nothing else 

Answer: 
assistant
1",1,2,grade4,"system
You are a helpful assistant.
user
 QUESTION: What is the name of the colony shown?
OPTIONS:
0: Vermont
1: New Hampshire
2: Massachusetts
3: Connecticut

Answer with the correct option from 0 to 3. Only provide the numeric and nothing else 

Answer: 
assistant
2",2,2,grade4
432,1479,"system
You are a helpful assistant.
user
 QUESTION: Which continent is highlighted?
OPTIONS:
0: South America
1: North America
2: Asia
3: Africa

Answer with the correct option from 0 to 3. Only provide the numeric and nothing else 

Answer: 
assistant
3",3,3,grade8,"system
You are a helpful assistant.
user
 QUESTION: Which continent is highlighted?
OPTIONS:
0: South America
1: North America
2: Asia
3: Africa

Answer with the correct option from 0 to 3. Only provide the numeric and nothing else 

Answer: 
assistant
0",0,3,grade8
433,1482,"system
You are a helpful assistant.
user
 QUESTION: What is the probability that a scarlet rosemallow plant produced by this cross will have white flowers?
OPTIONS:
0: 4/4
1: 0/4
2: 3/4
3: 1/4
4: 2/4

Answer with the correct option from 0 to 4. Only provide the numeric and nothing else 

Answer: 
assistant
3",3,4,grade8,"system
You are a helpful assistant.
user
 QUESTION: What is the probability that a scarlet rosemallow plant produced by this cross will have white flowers?
OPTIONS:
0: 4/4
1: 0/4
2: 3/4
3: 1/4
4: 2/4

Answer with the correct option from 0 to 4. Only provide the numeric and nothing else 

Answer: 
assistant
1",1,4,grade8
434,1483,"system
You are a helpful assistant.
user
 QUESTION: Which solution has a higher concentration of purple particles?
OPTIONS:
0: Solution A
1: neither; their concentrations are the same
2: Solution B

Answer with the correct option from 0 to 2. Only provide the numeric and nothing else 

Answer: 
assistant
0",0,0,grade6,"system
You are a helpful assistant.
user
 QUESTION: Which solution has a higher concentration of purple particles?
OPTIONS:
0: Solution A
1: neither; their concentrations are the same
2: Solution B

Answer with the correct option from 0 to 2. Only provide the numeric and nothing else 

Answer: 
assistant
2",2,0,grade6
435,1486,"system
You are a helpful assistant.
user
 QUESTION: Which country is highlighted?
OPTIONS:
0: Haiti
1: Jamaica
2: Cuba
3: The Bahamas

Answer with the correct option from 0 to 3. Only provide the numeric and nothing else 

Answer: 
assistant
0",0,0,grade6,"system
You are a helpful assistant.
user
 QUESTION: Which country is highlighted?
OPTIONS:
0: Haiti
1: Jamaica
2: Cuba
3: The Bahamas

Answer with the correct option from 0 to 3. Only provide the numeric and nothing else 

Answer: 
assistant
2",2,0,grade6
436,1494,"system
You are a helpful assistant.
user
 QUESTION: Which of the following could Kenji's test show?
OPTIONS:
0: if the spacecraft was damaged when using a parachute with a 1 m vent going 200 km per hour
1: how steady a parachute with a 1 m vent was at 200 km per hour
2: whether a parachute with a 1 m vent would swing too much at 400 km per hour

Answer with the correct option from 0 to 2. Only provide the numeric and nothing else 

Answer: 
assistant
1",1,1,grade7,"system
You are a helpful assistant.
user
 QUESTION: Which of the following could Kenji's test show?
OPTIONS:
0: if the spacecraft was damaged when using a parachute with a 1 m vent going 200 km per hour
1: how steady a parachute with a 1 m vent was at 200 km per hour
2: whether a parachute with a 1 m vent would swing too much at 400 km per hour

Answer with the correct option from 0 to 2. Only provide the numeric and nothing else 

Answer: 
assistant
2",2,1,grade7
437,1502,"system
You are a helpful assistant.
user
 QUESTION: Which of these states is farthest north?
OPTIONS:
0: New Mexico
1: Missouri
2: Virginia
3: Pennsylvania

Answer with the correct option from 0 to 3. Only provide the numeric and nothing else 

Answer: 
assistant
3",3,3,grade4,"system
You are a helpful assistant.
user
 QUESTION: Which of these states is farthest north?
OPTIONS:
0: New Mexico
1: Missouri
2: Virginia
3: Pennsylvania

Answer with the correct option from 0 to 3. Only provide the numeric and nothing else 

Answer: 
assistant
0",0,3,grade4
438,1503,"system
You are a helpful assistant.
user
 QUESTION: Which country is highlighted?
OPTIONS:
0: Solomon Islands
1: Australia
2: the Marshall Islands
3: Vanuatu

Answer with the correct option from 0 to 3. Only provide the numeric and nothing else 

Answer: 
assistant
0",0,0,grade7,"system
You are a helpful assistant.
user
 QUESTION: Which country is highlighted?
OPTIONS:
0: Solomon Islands
1: Australia
2: the Marshall Islands
3: Vanuatu

Answer with the correct option from 0 to 3. Only provide the numeric and nothing else 

Answer: 
assistant
2",2,0,grade7
439,1504,"system
You are a helpful assistant.
user
 QUESTION: Which country is highlighted?
OPTIONS:
0: Fiji
1: Solomon Islands
2: Australia
3: the Marshall Islands

Answer with the correct option from 0 to 3. Only provide the numeric and nothing else 

Answer: 
assistant
0",0,1,grade8,"system
You are a helpful assistant.
user
 QUESTION: Which country is highlighted?
OPTIONS:
0: Fiji
1: Solomon Islands
2: Australia
3: the Marshall Islands

Answer with the correct option from 0 to 3. Only provide the numeric and nothing else 

Answer: 
assistant
2",2,1,grade8
440,1515,"system
You are a helpful assistant.
user
 QUESTION: During this time, thermal energy was transferred from () to ().
OPTIONS:
0: the surroundings . . . each bottle
1: each bottle . . . the surroundings

Answer with the correct option from 0 to 1. Only provide the numeric and nothing else 

Answer: 
assistant
0",0,0,grade7,"system
You are a helpful assistant.
user
 QUESTION: During this time, thermal energy was transferred from () to ().
OPTIONS:
0: the surroundings . . . each bottle
1: each bottle . . . the surroundings

Answer with the correct option from 0 to 1. Only provide the numeric and nothing else 

Answer: 
assistant
1",1,0,grade7
441,1516,"system
You are a helpful assistant.
user
 QUESTION: What can Shivani and Austin trade to each get what they want?
OPTIONS:
0: Austin can trade his almonds for Shivani's tomatoes.
1: Shivani can trade her tomatoes for Austin's broccoli.
2: Austin can trade his broccoli for Shivani's oranges.
3: Shivani can trade her tomatoes for Austin's carrots.

Answer with the correct option from 0 to 3. Only provide the numeric and nothing else 

Answer: 
assistant
0",0,1,grade8,"system
You are a helpful assistant.
user
 QUESTION: What can Shivani and Austin trade to each get what they want?
OPTIONS:
0: Austin can trade his almonds for Shivani's tomatoes.
1: Shivani can trade her tomatoes for Austin's broccoli.
2: Austin can trade his broccoli for Shivani's oranges.
3: Shivani can trade her tomatoes for Austin's carrots.

Answer with the correct option from 0 to 3. Only provide the numeric and nothing else 

Answer: 
assistant
2",2,1,grade8
442,1519,"system
You are a helpful assistant.
user
 QUESTION: Which continent is highlighted?
OPTIONS:
0: Europe
1: Africa
2: Asia
3: Antarctica

Answer with the correct option from 0 to 3. Only provide the numeric and nothing else 

Answer: 
assistant
2",2,2,grade5,"system
You are a helpful assistant.
user
 QUESTION: Which continent is highlighted?
OPTIONS:
0: Europe
1: Africa
2: Asia
3: Antarctica

Answer with the correct option from 0 to 3. Only provide the numeric and nothing else 

Answer: 
assistant
1",1,2,grade5
443,1523,"system
You are a helpful assistant.
user
 QUESTION: Which solution has a higher concentration of pink particles?
OPTIONS:
0: Solution A
1: Solution B
2: neither; their concentrations are the same

Answer with the correct option from 0 to 2. Only provide the numeric and nothing else 

Answer: 
assistant
2",2,2,grade6,"system
You are a helpful assistant.
user
 QUESTION: Which solution has a higher concentration of pink particles?
OPTIONS:
0: Solution A
1: Solution B
2: neither; their concentrations are the same

Answer with the correct option from 0 to 2. Only provide the numeric and nothing else 

Answer: 
assistant
1",1,2,grade6
444,1524,"system
You are a helpful assistant.
user
 QUESTION: Think about the magnetic force between the magnets in each pair. Which of the following statements is true?
OPTIONS:
0: The magnitude of the magnetic force is the same in both pairs.
1: The magnitude of the magnetic force is smaller in Pair 1.
2: The magnitude of the magnetic force is smaller in Pair 2.

Answer with the correct option from 0 to 2. Only provide the numeric and nothing else 

Answer: 
assistant
1",1,2,grade7,"system
You are a helpful assistant.
user
 QUESTION: Think about the magnetic force between the magnets in each pair. Which of the following statements is true?
OPTIONS:
0: The magnitude of the magnetic force is the same in both pairs.
1: The magnitude of the magnetic force is smaller in Pair 1.
2: The magnitude of the magnetic force is smaller in Pair 2.

Answer with the correct option from 0 to 2. Only provide the numeric and nothing else 

Answer: 
assistant
2",2,2,grade7
445,1525,"system
You are a helpful assistant.
user
 QUESTION: What is the name of the colony shown?
OPTIONS:
0: Delaware
1: New Hampshire
2: Michigan
3: Pennsylvania

Answer with the correct option from 0 to 3. Only provide the numeric and nothing else 

Answer: 
assistant
3",3,3,grade4,"system
You are a helpful assistant.
user
 QUESTION: What is the name of the colony shown?
OPTIONS:
0: Delaware
1: New Hampshire
2: Michigan
3: Pennsylvania

Answer with the correct option from 0 to 3. Only provide the numeric and nothing else 

Answer: 
assistant
0",0,3,grade4
446,1526,"system
You are a helpful assistant.
user
 QUESTION: Which property matches this object?
OPTIONS:
0: blue
1: hard

Answer with the correct option from 0 to 1. Only provide the numeric and nothing else 

Answer: 
assistant
0",0,0,grade2,"system
You are a helpful assistant.
user
 QUESTION: Which property matches this object?
OPTIONS:
0: blue
1: hard

Answer with the correct option from 0 to 1. Only provide the numeric and nothing else 

Answer: 
assistant
1",1,0,grade2
447,1528,"system
You are a helpful assistant.
user
 QUESTION: Which property do these three objects have in common?
OPTIONS:
0: bouncy
1: blue
2: transparent

Answer with the correct option from 0 to 2. Only provide the numeric and nothing else 

Answer: 
assistant
1",1,1,grade4,"system
You are a helpful assistant.
user
 QUESTION: Which property do these three objects have in common?
OPTIONS:
0: bouncy
1: blue
2: transparent

Answer with the correct option from 0 to 2. Only provide the numeric and nothing else 

Answer: 
assistant
0",0,1,grade4
448,1531,"system
You are a helpful assistant.
user
 QUESTION: Which statement best describes the average monthly precipitation in Atlanta?
OPTIONS:
0: Atlanta has a rainy season and a dry season.
1: October has the highest average precipitation.
2: Precipitation does not change much from month to month in Atlanta.

Answer with the correct option from 0 to 2. Only provide the numeric and nothing else 

Answer: 
assistant
0",0,2,grade4,"system
You are a helpful assistant.
user
 QUESTION: Which statement best describes the average monthly precipitation in Atlanta?
OPTIONS:
0: Atlanta has a rainy season and a dry season.
1: October has the highest average precipitation.
2: Precipitation does not change much from month to month in Atlanta.

Answer with the correct option from 0 to 2. Only provide the numeric and nothing else 

Answer: 
assistant
2",2,2,grade4
449,1532,"system
You are a helpful assistant.
user
 QUESTION: Think about the magnetic force between the magnets in each pair. Which of the following statements is true?
OPTIONS:
0: The magnitude of the magnetic force is smaller in Pair 1.
1: The magnitude of the magnetic force is the same in both pairs.
2: The magnitude of the magnetic force is smaller in Pair 2.

Answer with the correct option from 0 to 2. Only provide the numeric and nothing else 

Answer: 
assistant
1",1,1,grade5,"system
You are a helpful assistant.
user
 QUESTION: Think about the magnetic force between the magnets in each pair. Which of the following statements is true?
OPTIONS:
0: The magnitude of the magnetic force is smaller in Pair 1.
1: The magnitude of the magnetic force is the same in both pairs.
2: The magnitude of the magnetic force is smaller in Pair 2.

Answer with the correct option from 0 to 2. Only provide the numeric and nothing else 

Answer: 
assistant
2",2,1,grade5
450,1536,"system
You are a helpful assistant.
user
 QUESTION: Which number marks the New England Colonies?
OPTIONS:
0: 1
1: 3
2: 2

Answer with the correct option from 0 to 2. Only provide the numeric and nothing else 

Answer: 
assistant
0",0,0,grade4,"system
You are a helpful assistant.
user
 QUESTION: Which number marks the New England Colonies?
OPTIONS:
0: 1
1: 3
2: 2

Answer with the correct option from 0 to 2. Only provide the numeric and nothing else 

Answer: 
assistant
2",2,0,grade4
451,1539,"system
You are a helpful assistant.
user
 QUESTION: Which country is highlighted?
OPTIONS:
0: Jamaica
1: Grenada
2: the Dominican Republic
3: Saint Vincent and the Grenadines

Answer with the correct option from 0 to 3. Only provide the numeric and nothing else 

Answer: 
assistant
1",1,3,grade7,"system
You are a helpful assistant.
user
 QUESTION: Which country is highlighted?
OPTIONS:
0: Jamaica
1: Grenada
2: the Dominican Republic
3: Saint Vincent and the Grenadines

Answer with the correct option from 0 to 3. Only provide the numeric and nothing else 

Answer: 
assistant
2",2,3,grade7
452,1546,"system
You are a helpful assistant.
user
 QUESTION: What can Krysta and Malik trade to each get what they want?
OPTIONS:
0: Malik can trade his almonds for Krysta's tomatoes.
1: Krysta can trade her tomatoes for Malik's carrots.
2: Malik can trade his broccoli for Krysta's oranges.
3: Krysta can trade her tomatoes for Malik's broccoli.

Answer with the correct option from 0 to 3. Only provide the numeric and nothing else 

Answer: 
assistant
0",0,3,grade8,"system
You are a helpful assistant.
user
 QUESTION: What can Krysta and Malik trade to each get what they want?
OPTIONS:
0: Malik can trade his almonds for Krysta's tomatoes.
1: Krysta can trade her tomatoes for Malik's carrots.
2: Malik can trade his broccoli for Krysta's oranges.
3: Krysta can trade her tomatoes for Malik's broccoli.

Answer with the correct option from 0 to 3. Only provide the numeric and nothing else 

Answer: 
assistant
3",3,3,grade8
453,1551,"system
You are a helpful assistant.
user
 QUESTION: Based on the text, how are fruit bats different from most other animals?
OPTIONS:
0: They can communicate with many kinds of animals.
1: They can communicate about specific problems.
2: They can understand some human speech.

Answer with the correct option from 0 to 2. Only provide the numeric and nothing else 

Answer: 
assistant
0",0,1,grade5,"system
You are a helpful assistant.
user
 QUESTION: Based on the text, how are fruit bats different from most other animals?
OPTIONS:
0: They can communicate with many kinds of animals.
1: They can communicate about specific problems.
2: They can understand some human speech.

Answer with the correct option from 0 to 2. Only provide the numeric and nothing else 

Answer: 
assistant
2",2,1,grade5
454,1553,"system
You are a helpful assistant.
user
 QUESTION: Which country is highlighted?
OPTIONS:
0: Solomon Islands
1: Samoa
2: Australia
3: the Federated States of Micronesia

Answer with the correct option from 0 to 3. Only provide the numeric and nothing else 

Answer: 
assistant
0",0,3,grade7,"system
You are a helpful assistant.
user
 QUESTION: Which country is highlighted?
OPTIONS:
0: Solomon Islands
1: Samoa
2: Australia
3: the Federated States of Micronesia

Answer with the correct option from 0 to 3. Only provide the numeric and nothing else 

Answer: 
assistant
2",2,3,grade7
455,1558,"system
You are a helpful assistant.
user
 QUESTION: Which of the following fossils is older? Select the more likely answer.
OPTIONS:
0: insect
1: ginkgo leaf

Answer with the correct option from 0 to 1. Only provide the numeric and nothing else 

Answer: 
assistant
0",0,1,grade8,"system
You are a helpful assistant.
user
 QUESTION: Which of the following fossils is older? Select the more likely answer.
OPTIONS:
0: insect
1: ginkgo leaf

Answer with the correct option from 0 to 1. Only provide the numeric and nothing else 

Answer: 
assistant
1",1,1,grade8
456,1562,"system
You are a helpful assistant.
user
 QUESTION: Think about the magnetic force between the magnets in each pair. Which of the following statements is true?
OPTIONS:
0: The magnitude of the magnetic force is the same in both pairs.
1: The magnitude of the magnetic force is greater in Pair 1.
2: The magnitude of the magnetic force is greater in Pair 2.

Answer with the correct option from 0 to 2. Only provide the numeric and nothing else 

Answer: 
assistant
0",0,1,grade8,"system
You are a helpful assistant.
user
 QUESTION: Think about the magnetic force between the magnets in each pair. Which of the following statements is true?
OPTIONS:
0: The magnitude of the magnetic force is the same in both pairs.
1: The magnitude of the magnetic force is greater in Pair 1.
2: The magnitude of the magnetic force is greater in Pair 2.

Answer with the correct option from 0 to 2. Only provide the numeric and nothing else 

Answer: 
assistant
1",1,1,grade8
457,1564,"system
You are a helpful assistant.
user
 QUESTION: Which is the main persuasive appeal used in this ad?
OPTIONS:
0: ethos (character)
1: logos (reason)
2: pathos (emotion)

Answer with the correct option from 0 to 2. Only provide the numeric and nothing else 

Answer: 
assistant
1",1,1,grade7,"system
You are a helpful assistant.
user
 QUESTION: Which is the main persuasive appeal used in this ad?
OPTIONS:
0: ethos (character)
1: logos (reason)
2: pathos (emotion)

Answer with the correct option from 0 to 2. Only provide the numeric and nothing else 

Answer: 
assistant
2",2,1,grade7
458,1568,"system
You are a helpful assistant.
user
 QUESTION: Which ocean is highlighted?
OPTIONS:
0: the Atlantic Ocean
1: the Indian Ocean
2: the Arctic Ocean
3: the Pacific Ocean

Answer with the correct option from 0 to 3. Only provide the numeric and nothing else 

Answer: 
assistant
2",2,0,grade8,"system
You are a helpful assistant.
user
 QUESTION: Which ocean is highlighted?
OPTIONS:
0: the Atlantic Ocean
1: the Indian Ocean
2: the Arctic Ocean
3: the Pacific Ocean

Answer with the correct option from 0 to 3. Only provide the numeric and nothing else 

Answer: 
assistant
3",3,0,grade8
459,1571,"system
You are a helpful assistant.
user
 QUESTION: Which of the following is better evidence that the train's kinetic energy changed?
OPTIONS:
0: The train was stopped, and then it began to move forward and away from the station.
1: Electricity started flowing to the motor when the ride operator flipped the switch.

Answer with the correct option from 0 to 1. Only provide the numeric and nothing else 

Answer: 
assistant
0",0,0,grade6,"system
You are a helpful assistant.
user
 QUESTION: Which of the following is better evidence that the train's kinetic energy changed?
OPTIONS:
0: The train was stopped, and then it began to move forward and away from the station.
1: Electricity started flowing to the motor when the ride operator flipped the switch.

Answer with the correct option from 0 to 1. Only provide the numeric and nothing else 

Answer: 
assistant
1",1,0,grade6
460,1573,"system
You are a helpful assistant.
user
 QUESTION: What is the name of the colony shown?
OPTIONS:
0: West Virginia
1: New Hampshire
2: Massachusetts
3: New Jersey

Answer with the correct option from 0 to 3. Only provide the numeric and nothing else 

Answer: 
assistant
1",1,2,grade7,"system
You are a helpful assistant.
user
 QUESTION: What is the name of the colony shown?
OPTIONS:
0: West Virginia
1: New Hampshire
2: Massachusetts
3: New Jersey

Answer with the correct option from 0 to 3. Only provide the numeric and nothing else 

Answer: 
assistant
2",2,2,grade7
461,1576,"system
You are a helpful assistant.
user
 QUESTION: Which country is highlighted?
OPTIONS:
0: the Dominican Republic
1: Grenada
2: Dominica
3: Haiti

Answer with the correct option from 0 to 3. Only provide the numeric and nothing else 

Answer: 
assistant
0",0,0,grade8,"system
You are a helpful assistant.
user
 QUESTION: Which country is highlighted?
OPTIONS:
0: the Dominican Republic
1: Grenada
2: Dominica
3: Haiti

Answer with the correct option from 0 to 3. Only provide the numeric and nothing else 

Answer: 
assistant
2",2,0,grade8
462,1580,"system
You are a helpful assistant.
user
 QUESTION: Which of the following could Joy's test show?
OPTIONS:
0: if the blade guards would break in a crash
1: how much the drone weighed with the blade guards
2: if adding the blade guards made the drone fly poorly

Answer with the correct option from 0 to 2. Only provide the numeric and nothing else 

Answer: 
assistant
1",1,2,grade8,"system
You are a helpful assistant.
user
 QUESTION: Which of the following could Joy's test show?
OPTIONS:
0: if the blade guards would break in a crash
1: how much the drone weighed with the blade guards
2: if adding the blade guards made the drone fly poorly

Answer with the correct option from 0 to 2. Only provide the numeric and nothing else 

Answer: 
assistant
2",2,2,grade8
463,1582,"system
You are a helpful assistant.
user
 QUESTION: Which month has the lowest average precipitation in London?
OPTIONS:
0: November
1: July
2: February

Answer with the correct option from 0 to 2. Only provide the numeric and nothing else 

Answer: 
assistant
1",1,1,grade3,"system
You are a helpful assistant.
user
 QUESTION: Which month has the lowest average precipitation in London?
OPTIONS:
0: November
1: July
2: February

Answer with the correct option from 0 to 2. Only provide the numeric and nothing else 

Answer: 
assistant
2",2,1,grade3
464,1591,"system
You are a helpful assistant.
user
 QUESTION: Which property do these three objects have in common?
OPTIONS:
0: flexible
1: hard
2: scratchy

Answer with the correct option from 0 to 2. Only provide the numeric and nothing else 

Answer: 
assistant
1",1,2,grade4,"system
You are a helpful assistant.
user
 QUESTION: Which property do these three objects have in common?
OPTIONS:
0: flexible
1: hard
2: scratchy

Answer with the correct option from 0 to 2. Only provide the numeric and nothing else 

Answer: 
assistant
0",0,2,grade4
465,1597,"system
You are a helpful assistant.
user
 QUESTION: Which ocean is highlighted?
OPTIONS:
0: the Atlantic Ocean
1: the Pacific Ocean
2: the Arctic Ocean
3: the Southern Ocean

Answer with the correct option from 0 to 3. Only provide the numeric and nothing else 

Answer: 
assistant
2",2,0,grade8,"system
You are a helpful assistant.
user
 QUESTION: Which ocean is highlighted?
OPTIONS:
0: the Atlantic Ocean
1: the Pacific Ocean
2: the Arctic Ocean
3: the Southern Ocean

Answer with the correct option from 0 to 3. Only provide the numeric and nothing else 

Answer: 
assistant
0",0,0,grade8
466,1605,"system
You are a helpful assistant.
user
 QUESTION: Compare the average kinetic energies of the particles in each sample. Which sample has the higher temperature?
OPTIONS:
0: sample A
1: neither; the samples have the same temperature
2: sample B

Answer with the correct option from 0 to 2. Only provide the numeric and nothing else 

Answer: 
assistant
1",1,1,grade8,"system
You are a helpful assistant.
user
 QUESTION: Compare the average kinetic energies of the particles in each sample. Which sample has the higher temperature?
OPTIONS:
0: sample A
1: neither; the samples have the same temperature
2: sample B

Answer with the correct option from 0 to 2. Only provide the numeric and nothing else 

Answer: 
assistant
2",2,1,grade8
467,1608,"system
You are a helpful assistant.
user
 QUESTION: Which continent is highlighted?
OPTIONS:
0: Europe
1: South America
2: Asia
3: Australia

Answer with the correct option from 0 to 3. Only provide the numeric and nothing else 

Answer: 
assistant
0",0,0,grade8,"system
You are a helpful assistant.
user
 QUESTION: Which continent is highlighted?
OPTIONS:
0: Europe
1: South America
2: Asia
3: Australia

Answer with the correct option from 0 to 3. Only provide the numeric and nothing else 

Answer: 
assistant
1",1,0,grade8
468,1609,"system
You are a helpful assistant.
user
 QUESTION: Which of these organisms contains matter that was once part of the kelp?
OPTIONS:
0: plainfin midshipman
1: sea cucumber
2: zooplankton

Answer with the correct option from 0 to 2. Only provide the numeric and nothing else 

Answer: 
assistant
0",0,1,grade6,"system
You are a helpful assistant.
user
 QUESTION: Which of these organisms contains matter that was once part of the kelp?
OPTIONS:
0: plainfin midshipman
1: sea cucumber
2: zooplankton

Answer with the correct option from 0 to 2. Only provide the numeric and nothing else 

Answer: 
assistant
2",2,1,grade6
469,1610,"system
You are a helpful assistant.
user
 QUESTION: Which country is highlighted?
OPTIONS:
0: Tuvalu
1: Tonga
2: Fiji
3: Australia

Answer with the correct option from 0 to 3. Only provide the numeric and nothing else 

Answer: 
assistant
0",0,1,grade7,"system
You are a helpful assistant.
user
 QUESTION: Which country is highlighted?
OPTIONS:
0: Tuvalu
1: Tonga
2: Fiji
3: Australia

Answer with the correct option from 0 to 3. Only provide the numeric and nothing else 

Answer: 
assistant
2",2,1,grade7
470,1619,"system
You are a helpful assistant.
user
 QUESTION: Which state is highlighted?
OPTIONS:
0: California
1: Washington
2: Colorado
3: Hawaii

Answer with the correct option from 0 to 3. Only provide the numeric and nothing else 

Answer: 
assistant
1",1,1,grade5,"system
You are a helpful assistant.
user
 QUESTION: Which state is highlighted?
OPTIONS:
0: California
1: Washington
2: Colorado
3: Hawaii

Answer with the correct option from 0 to 3. Only provide the numeric and nothing else 

Answer: 
assistant
2",2,1,grade5
471,1622,"system
You are a helpful assistant.
user
 QUESTION: What is the name of the colony shown?
OPTIONS:
0: West Virginia
1: Maryland
2: Washington, D.C.
3: Massachusetts

Answer with the correct option from 0 to 3. Only provide the numeric and nothing else 

Answer: 
assistant
1",1,1,grade7,"system
You are a helpful assistant.
user
 QUESTION: What is the name of the colony shown?
OPTIONS:
0: West Virginia
1: Maryland
2: Washington, D.C.
3: Massachusetts

Answer with the correct option from 0 to 3. Only provide the numeric and nothing else 

Answer: 
assistant
0",0,1,grade7
472,1627,"system
You are a helpful assistant.
user
 QUESTION: Which property matches this object?
OPTIONS:
0: translucent
1: colorful

Answer with the correct option from 0 to 1. Only provide the numeric and nothing else 

Answer: 
assistant
1",1,1,grade3,"system
You are a helpful assistant.
user
 QUESTION: Which property matches this object?
OPTIONS:
0: translucent
1: colorful

Answer with the correct option from 0 to 1. Only provide the numeric and nothing else 

Answer: 
assistant
0",0,1,grade3
473,1629,"system
You are a helpful assistant.
user
 QUESTION: What is the probability that a Syrian hamster produced by this cross will have wavy fur?
OPTIONS:
0: 3/4
1: 2/4
2: 4/4
3: 0/4
4: 1/4

Answer with the correct option from 0 to 4. Only provide the numeric and nothing else 

Answer: 
assistant
3",3,4,grade8,"system
You are a helpful assistant.
user
 QUESTION: What is the probability that a Syrian hamster produced by this cross will have wavy fur?
OPTIONS:
0: 3/4
1: 2/4
2: 4/4
3: 0/4
4: 1/4

Answer with the correct option from 0 to 4. Only provide the numeric and nothing else 

Answer: 
assistant
0",0,4,grade8
474,1631,"system
You are a helpful assistant.
user
 QUESTION: Which animal's legs are also adapted for wading?
OPTIONS:
0: demoiselle crane
1: African penguin

Answer with the correct option from 0 to 1. Only provide the numeric and nothing else 

Answer: 
assistant
1",1,0,grade3,"system
You are a helpful assistant.
user
 QUESTION: Which animal's legs are also adapted for wading?
OPTIONS:
0: demoiselle crane
1: African penguin

Answer with the correct option from 0 to 1. Only provide the numeric and nothing else 

Answer: 
assistant
0",0,0,grade3
475,1632,"system
You are a helpful assistant.
user
 QUESTION: What is the name of the colony shown?
OPTIONS:
0: New Jersey
1: Virginia
2: North Carolina
3: South Carolina

Answer with the correct option from 0 to 3. Only provide the numeric and nothing else 

Answer: 
assistant
1",1,1,grade8,"system
You are a helpful assistant.
user
 QUESTION: What is the name of the colony shown?
OPTIONS:
0: New Jersey
1: Virginia
2: North Carolina
3: South Carolina

Answer with the correct option from 0 to 3. Only provide the numeric and nothing else 

Answer: 
assistant
0",0,1,grade8
476,1634,"system
You are a helpful assistant.
user
 QUESTION: Select the fish below.
OPTIONS:
0: bison
1: salmon

Answer with the correct option from 0 to 1. Only provide the numeric and nothing else 

Answer: 
assistant
0",0,1,grade2,"system
You are a helpful assistant.
user
 QUESTION: Select the fish below.
OPTIONS:
0: bison
1: salmon

Answer with the correct option from 0 to 1. Only provide the numeric and nothing else 

Answer: 
assistant
1",1,1,grade2
477,1636,"system
You are a helpful assistant.
user
 QUESTION: What is the probability that a koi fish produced by this cross will have Bekko patterning?
OPTIONS:
0: 4/4
1: 3/4
2: 2/4
3: 0/4
4: 1/4

Answer with the correct option from 0 to 4. Only provide the numeric and nothing else 

Answer: 
assistant
2",2,0,grade8,"system
You are a helpful assistant.
user
 QUESTION: What is the probability that a koi fish produced by this cross will have Bekko patterning?
OPTIONS:
0: 4/4
1: 3/4
2: 2/4
3: 0/4
4: 1/4

Answer with the correct option from 0 to 4. Only provide the numeric and nothing else 

Answer: 
assistant
1",1,0,grade8
478,1639,"system
You are a helpful assistant.
user
 QUESTION: What can Ling and Maria trade to each get what they want?
OPTIONS:
0: Maria can trade her almonds for Ling's tomatoes.
1: Ling can trade her tomatoes for Maria's broccoli.
2: Ling can trade her tomatoes for Maria's carrots.
3: Maria can trade her broccoli for Ling's oranges.

Answer with the correct option from 0 to 3. Only provide the numeric and nothing else 

Answer: 
assistant
0",0,1,grade7,"system
You are a helpful assistant.
user
 QUESTION: What can Ling and Maria trade to each get what they want?
OPTIONS:
0: Maria can trade her almonds for Ling's tomatoes.
1: Ling can trade her tomatoes for Maria's broccoli.
2: Ling can trade her tomatoes for Maria's carrots.
3: Maria can trade her broccoli for Ling's oranges.

Answer with the correct option from 0 to 3. Only provide the numeric and nothing else 

Answer: 
assistant
2",2,1,grade7
479,1647,"system
You are a helpful assistant.
user
 QUESTION: Which country is highlighted?
OPTIONS:
0: Solomon Islands
1: Australia
2: Nauru
3: Papua New Guinea

Answer with the correct option from 0 to 3. Only provide the numeric and nothing else 

Answer: 
assistant
1",1,1,grade6,"system
You are a helpful assistant.
user
 QUESTION: Which country is highlighted?
OPTIONS:
0: Solomon Islands
1: Australia
2: Nauru
3: Papua New Guinea

Answer with the correct option from 0 to 3. Only provide the numeric and nothing else 

Answer: 
assistant
3",3,1,grade6
480,1649,"system
You are a helpful assistant.
user
 QUESTION: Which country is highlighted?
OPTIONS:
0: the Marshall Islands
1: Vanuatu
2: Nauru
3: New Zealand

Answer with the correct option from 0 to 3. Only provide the numeric and nothing else 

Answer: 
assistant
1",1,2,grade6,"system
You are a helpful assistant.
user
 QUESTION: Which country is highlighted?
OPTIONS:
0: the Marshall Islands
1: Vanuatu
2: Nauru
3: New Zealand

Answer with the correct option from 0 to 3. Only provide the numeric and nothing else 

Answer: 
assistant
2",2,2,grade6
481,1650,"system
You are a helpful assistant.
user
 QUESTION: Which of the following could Caden's test show?
OPTIONS:
0: how well the weather station would work when it was windy
1: if the weather station would work when the temperature was 50°C

Answer with the correct option from 0 to 1. Only provide the numeric and nothing else 

Answer: 
assistant
0",0,1,grade6,"system
You are a helpful assistant.
user
 QUESTION: Which of the following could Caden's test show?
OPTIONS:
0: how well the weather station would work when it was windy
1: if the weather station would work when the temperature was 50°C

Answer with the correct option from 0 to 1. Only provide the numeric and nothing else 

Answer: 
assistant
1",1,1,grade6
482,1651,"system
You are a helpful assistant.
user
 QUESTION: Does this passage describe the weather or the climate?
OPTIONS:
0: weather
1: climate

Answer with the correct option from 0 to 1. Only provide the numeric and nothing else 

Answer: 
assistant
1",1,0,grade6,"system
You are a helpful assistant.
user
 QUESTION: Does this passage describe the weather or the climate?
OPTIONS:
0: weather
1: climate

Answer with the correct option from 0 to 1. Only provide the numeric and nothing else 

Answer: 
assistant
0",0,0,grade6
483,1654,"system
You are a helpful assistant.
user
 QUESTION: Which country is highlighted?
OPTIONS:
0: Vanuatu
1: Kiribati
2: Papua New Guinea
3: Nauru

Answer with the correct option from 0 to 3. Only provide the numeric and nothing else 

Answer: 
assistant
1",1,3,grade8,"system
You are a helpful assistant.
user
 QUESTION: Which country is highlighted?
OPTIONS:
0: Vanuatu
1: Kiribati
2: Papua New Guinea
3: Nauru

Answer with the correct option from 0 to 3. Only provide the numeric and nothing else 

Answer: 
assistant
2",2,3,grade8
484,1656,"system
You are a helpful assistant.
user
 QUESTION: Think about the magnetic force between the magnets in each pair. Which of the following statements is true?
OPTIONS:
0: The magnitude of the magnetic force is smaller in Pair 2.
1: The magnitude of the magnetic force is smaller in Pair 1.
2: The magnitude of the magnetic force is the same in both pairs.

Answer with the correct option from 0 to 2. Only provide the numeric and nothing else 

Answer: 
assistant
2",2,1,grade8,"system
You are a helpful assistant.
user
 QUESTION: Think about the magnetic force between the magnets in each pair. Which of the following statements is true?
OPTIONS:
0: The magnitude of the magnetic force is smaller in Pair 2.
1: The magnitude of the magnetic force is smaller in Pair 1.
2: The magnitude of the magnetic force is the same in both pairs.

Answer with the correct option from 0 to 2. Only provide the numeric and nothing else 

Answer: 
assistant
1",1,1,grade8
485,1659,"system
You are a helpful assistant.
user
 QUESTION: Which country is highlighted?
OPTIONS:
0: Solomon Islands
1: Kiribati
2: the Federated States of Micronesia
3: the Marshall Islands

Answer with the correct option from 0 to 3. Only provide the numeric and nothing else 

Answer: 
assistant
1",1,2,grade6,"system
You are a helpful assistant.
user
 QUESTION: Which country is highlighted?
OPTIONS:
0: Solomon Islands
1: Kiribati
2: the Federated States of Micronesia
3: the Marshall Islands

Answer with the correct option from 0 to 3. Only provide the numeric and nothing else 

Answer: 
assistant
2",2,2,grade6
486,1661,"system
You are a helpful assistant.
user
 QUESTION: Is the following statement about our solar system true or false?
Neptune's volume is more than 50 times as great as that of Earth.
OPTIONS:
0: true
1: false

Answer with the correct option from 0 to 1. Only provide the numeric and nothing else 

Answer: 
assistant
1",1,0,grade6,"system
You are a helpful assistant.
user
 QUESTION: Is the following statement about our solar system true or false?
Neptune's volume is more than 50 times as great as that of Earth.
OPTIONS:
0: true
1: false

Answer with the correct option from 0 to 1. Only provide the numeric and nothing else 

Answer: 
assistant
0",0,0,grade6
487,1663,"system
You are a helpful assistant.
user
 QUESTION: What is the name of the colony shown?
OPTIONS:
0: Wisconsin
1: South Carolina
2: Alabama
3: Vermont

Answer with the correct option from 0 to 3. Only provide the numeric and nothing else 

Answer: 
assistant
1",1,1,grade7,"system
You are a helpful assistant.
user
 QUESTION: What is the name of the colony shown?
OPTIONS:
0: Wisconsin
1: South Carolina
2: Alabama
3: Vermont

Answer with the correct option from 0 to 3. Only provide the numeric and nothing else 

Answer: 
assistant
3",3,1,grade7
488,1669,"system
You are a helpful assistant.
user
 QUESTION: Which rhetorical appeal is primarily used in this ad?
OPTIONS:
0: ethos (character)
1: pathos (emotion)
2: logos (reason)

Answer with the correct option from 0 to 2. Only provide the numeric and nothing else 

Answer: 
assistant
2",2,2,grade12,"system
You are a helpful assistant.
user
 QUESTION: Which rhetorical appeal is primarily used in this ad?
OPTIONS:
0: ethos (character)
1: pathos (emotion)
2: logos (reason)

Answer with the correct option from 0 to 2. Only provide the numeric and nothing else 

Answer: 
assistant
1",1,2,grade12
489,1670,"system
You are a helpful assistant.
user
 QUESTION: Which of these states is farthest west?
OPTIONS:
0: Maine
1: Rhode Island
2: Wisconsin
3: North Dakota

Answer with the correct option from 0 to 3. Only provide the numeric and nothing else 

Answer: 
assistant
3",3,3,grade4,"system
You are a helpful assistant.
user
 QUESTION: Which of these states is farthest west?
OPTIONS:
0: Maine
1: Rhode Island
2: Wisconsin
3: North Dakota

Answer with the correct option from 0 to 3. Only provide the numeric and nothing else 

Answer: 
assistant
0",0,3,grade4
490,1673,"system
You are a helpful assistant.
user
 QUESTION: Think about the magnetic force between the magnets in each pair. Which of the following statements is true?
OPTIONS:
0: The strength of the magnetic force is the same in both pairs.
1: The magnetic force is stronger in Pair 1.
2: The magnetic force is stronger in Pair 2.

Answer with the correct option from 0 to 2. Only provide the numeric and nothing else 

Answer: 
assistant
0",0,0,grade3,"system
You are a helpful assistant.
user
 QUESTION: Think about the magnetic force between the magnets in each pair. Which of the following statements is true?
OPTIONS:
0: The strength of the magnetic force is the same in both pairs.
1: The magnetic force is stronger in Pair 1.
2: The magnetic force is stronger in Pair 2.

Answer with the correct option from 0 to 2. Only provide the numeric and nothing else 

Answer: 
assistant
2",2,0,grade3
491,1676,"system
You are a helpful assistant.
user
 QUESTION: Select the bird below.
OPTIONS:
0: western toad
1: barn owl

Answer with the correct option from 0 to 1. Only provide the numeric and nothing else 

Answer: 
assistant
0",0,1,grade2,"system
You are a helpful assistant.
user
 QUESTION: Select the bird below.
OPTIONS:
0: western toad
1: barn owl

Answer with the correct option from 0 to 1. Only provide the numeric and nothing else 

Answer: 
assistant
1",1,1,grade2
492,1681,"system
You are a helpful assistant.
user
 QUESTION: Compare the average kinetic energies of the particles in each sample. Which sample has the higher temperature?
OPTIONS:
0: sample B
1: sample A
2: neither; the samples have the same temperature

Answer with the correct option from 0 to 2. Only provide the numeric and nothing else 

Answer: 
assistant
0",0,0,grade6,"system
You are a helpful assistant.
user
 QUESTION: Compare the average kinetic energies of the particles in each sample. Which sample has the higher temperature?
OPTIONS:
0: sample B
1: sample A
2: neither; the samples have the same temperature

Answer with the correct option from 0 to 2. Only provide the numeric and nothing else 

Answer: 
assistant
1",1,0,grade6
493,1687,"system
You are a helpful assistant.
user
 QUESTION: Which continent is highlighted?
OPTIONS:
0: Asia
1: Antarctica
2: Australia

Answer with the correct option from 0 to 2. Only provide the numeric and nothing else 

Answer: 
assistant
0",0,0,grade2,"system
You are a helpful assistant.
user
 QUESTION: Which continent is highlighted?
OPTIONS:
0: Asia
1: Antarctica
2: Australia

Answer with the correct option from 0 to 2. Only provide the numeric and nothing else 

Answer: 
assistant
2",2,0,grade2
494,1690,"system
You are a helpful assistant.
user
 QUESTION: Select the bird below.
OPTIONS:
0: sea otter
1: white stork

Answer with the correct option from 0 to 1. Only provide the numeric and nothing else 

Answer: 
assistant
0",0,1,grade3,"system
You are a helpful assistant.
user
 QUESTION: Select the bird below.
OPTIONS:
0: sea otter
1: white stork

Answer with the correct option from 0 to 1. Only provide the numeric and nothing else 

Answer: 
assistant
1",1,1,grade3
495,1691,"system
You are a helpful assistant.
user
 QUESTION: Think about the magnetic force between the magnets in each pair. Which of the following statements is true?
OPTIONS:
0: The magnetic force is stronger in Pair 2.
1: The strength of the magnetic force is the same in both pairs.
2: The magnetic force is stronger in Pair 1.

Answer with the correct option from 0 to 2. Only provide the numeric and nothing else 

Answer: 
assistant
1",1,1,grade3,"system
You are a helpful assistant.
user
 QUESTION: Think about the magnetic force between the magnets in each pair. Which of the following statements is true?
OPTIONS:
0: The magnetic force is stronger in Pair 2.
1: The strength of the magnetic force is the same in both pairs.
2: The magnetic force is stronger in Pair 1.

Answer with the correct option from 0 to 2. Only provide the numeric and nothing else 

Answer: 
assistant
2",2,1,grade3
496,1694,"system
You are a helpful assistant.
user
 QUESTION: Which property do these four objects have in common?
OPTIONS:
0: sticky
1: stretchy
2: slippery

Answer with the correct option from 0 to 2. Only provide the numeric and nothing else 

Answer: 
assistant
0",0,0,grade5,"system
You are a helpful assistant.
user
 QUESTION: Which property do these four objects have in common?
OPTIONS:
0: sticky
1: stretchy
2: slippery

Answer with the correct option from 0 to 2. Only provide the numeric and nothing else 

Answer: 
assistant
2",2,0,grade5
497,1695,"system
You are a helpful assistant.
user
 QUESTION: What can Mandy and Troy trade to each get what they want?
OPTIONS:
0: Troy can trade his broccoli for Mandy's oranges.
1: Mandy can trade her tomatoes for Troy's carrots.
2: Troy can trade his almonds for Mandy's tomatoes.
3: Mandy can trade her tomatoes for Troy's broccoli.

Answer with the correct option from 0 to 3. Only provide the numeric and nothing else 

Answer: 
assistant
3",3,3,grade7,"system
You are a helpful assistant.
user
 QUESTION: What can Mandy and Troy trade to each get what they want?
OPTIONS:
0: Troy can trade his broccoli for Mandy's oranges.
1: Mandy can trade her tomatoes for Troy's carrots.
2: Troy can trade his almonds for Mandy's tomatoes.
3: Mandy can trade her tomatoes for Troy's broccoli.

Answer with the correct option from 0 to 3. Only provide the numeric and nothing else 

Answer: 
assistant
2",2,3,grade7
498,1697,"system
You are a helpful assistant.
user
 QUESTION: Which three months have over 200millimeters of precipitation in Singapore?
OPTIONS:
0: May, June, and July
1: August, September, and October
2: November, December, and January

Answer with the correct option from 0 to 2. Only provide the numeric and nothing else 

Answer: 
assistant
2",2,2,grade4,"system
You are a helpful assistant.
user
 QUESTION: Which three months have over 200millimeters of precipitation in Singapore?
OPTIONS:
0: May, June, and July
1: August, September, and October
2: November, December, and January

Answer with the correct option from 0 to 2. Only provide the numeric and nothing else 

Answer: 
assistant
0",0,2,grade4
499,1699,"system
You are a helpful assistant.
user
 QUESTION: Think about the magnetic force between the magnets in each pair. Which of the following statements is true?
OPTIONS:
0: The magnitude of the magnetic force is the same in both pairs.
1: The magnitude of the magnetic force is smaller in Pair 2.
2: The magnitude of the magnetic force is smaller in Pair 1.

Answer with the correct option from 0 to 2. Only provide the numeric and nothing else 

Answer: 
assistant
1",1,2,grade5,"system
You are a helpful assistant.
user
 QUESTION: Think about the magnetic force between the magnets in each pair. Which of the following statements is true?
OPTIONS:
0: The magnitude of the magnetic force is the same in both pairs.
1: The magnitude of the magnetic force is smaller in Pair 2.
2: The magnitude of the magnetic force is smaller in Pair 1.

Answer with the correct option from 0 to 2. Only provide the numeric and nothing else 

Answer: 
assistant
2",2,2,grade5
500,1701,"system
You are a helpful assistant.
user
 QUESTION: Which continent is highlighted?
OPTIONS:
0: Africa
1: Asia
2: Australia
3: North America

Answer with the correct option from 0 to 3. Only provide the numeric and nothing else 

Answer: 
assistant
3",3,3,grade5,"system
You are a helpful assistant.
user
 QUESTION: Which continent is highlighted?
OPTIONS:
0: Africa
1: Asia
2: Australia
3: North America

Answer with the correct option from 0 to 3. Only provide the numeric and nothing else 

Answer: 
assistant
0",0,3,grade5
501,1705,"system
You are a helpful assistant.
user
 QUESTION: What is the name of the colony shown?
OPTIONS:
0: Delaware
1: Kentucky
2: New York
3: Vermont

Answer with the correct option from 0 to 3. Only provide the numeric and nothing else 

Answer: 
assistant
2",2,2,grade4,"system
You are a helpful assistant.
user
 QUESTION: What is the name of the colony shown?
OPTIONS:
0: Delaware
1: Kentucky
2: New York
3: Vermont

Answer with the correct option from 0 to 3. Only provide the numeric and nothing else 

Answer: 
assistant
0",0,2,grade4
502,1710,"system
You are a helpful assistant.
user
 QUESTION: Which state is highlighted?
OPTIONS:
0: Idaho
1: Wyoming
2: Colorado
3: Nevada

Answer with the correct option from 0 to 3. Only provide the numeric and nothing else 

Answer: 
assistant
1",1,1,grade5,"system
You are a helpful assistant.
user
 QUESTION: Which state is highlighted?
OPTIONS:
0: Idaho
1: Wyoming
2: Colorado
3: Nevada

Answer with the correct option from 0 to 3. Only provide the numeric and nothing else 

Answer: 
assistant
2",2,1,grade5
503,1711,"system
You are a helpful assistant.
user
 QUESTION: What can Pedro and Oliver trade to each get what they want?
OPTIONS:
0: Oliver can trade his almonds for Pedro's tomatoes.
1: Oliver can trade his broccoli for Pedro's oranges.
2: Pedro can trade his tomatoes for Oliver's carrots.
3: Pedro can trade his tomatoes for Oliver's broccoli.

Answer with the correct option from 0 to 3. Only provide the numeric and nothing else 

Answer: 
assistant
0",0,3,grade8,"system
You are a helpful assistant.
user
 QUESTION: What can Pedro and Oliver trade to each get what they want?
OPTIONS:
0: Oliver can trade his almonds for Pedro's tomatoes.
1: Oliver can trade his broccoli for Pedro's oranges.
2: Pedro can trade his tomatoes for Oliver's carrots.
3: Pedro can trade his tomatoes for Oliver's broccoli.

Answer with the correct option from 0 to 3. Only provide the numeric and nothing else 

Answer: 
assistant
3",3,3,grade8
504,1728,"system
You are a helpful assistant.
user
 QUESTION: Think about the magnetic force between the magnets in each pair. Which of the following statements is true?
OPTIONS:
0: The magnitude of the magnetic force is the same in both pairs.
1: The magnitude of the magnetic force is greater in Pair 2.
2: The magnitude of the magnetic force is greater in Pair 1.

Answer with the correct option from 0 to 2. Only provide the numeric and nothing else 

Answer: 
assistant
0",0,1,grade6,"system
You are a helpful assistant.
user
 QUESTION: Think about the magnetic force between the magnets in each pair. Which of the following statements is true?
OPTIONS:
0: The magnitude of the magnetic force is the same in both pairs.
1: The magnitude of the magnetic force is greater in Pair 2.
2: The magnitude of the magnetic force is greater in Pair 1.

Answer with the correct option from 0 to 2. Only provide the numeric and nothing else 

Answer: 
assistant
2",2,1,grade6
505,1735,"system
You are a helpful assistant.
user
 QUESTION: Which solution has a higher concentration of blue particles?
OPTIONS:
0: neither; their concentrations are the same
1: Solution B
2: Solution A

Answer with the correct option from 0 to 2. Only provide the numeric and nothing else 

Answer: 
assistant
1",1,1,grade7,"system
You are a helpful assistant.
user
 QUESTION: Which solution has a higher concentration of blue particles?
OPTIONS:
0: neither; their concentrations are the same
1: Solution B
2: Solution A

Answer with the correct option from 0 to 2. Only provide the numeric and nothing else 

Answer: 
assistant
2",2,1,grade7
506,1746,"system
You are a helpful assistant.
user
 QUESTION: Think about the magnetic force between the magnets in each pair. Which of the following statements is true?
OPTIONS:
0: The strength of the magnetic force is the same in both pairs.
1: The magnetic force is weaker in Pair 2.
2: The magnetic force is weaker in Pair 1.

Answer with the correct option from 0 to 2. Only provide the numeric and nothing else 

Answer: 
assistant
1",1,2,grade4,"system
You are a helpful assistant.
user
 QUESTION: Think about the magnetic force between the magnets in each pair. Which of the following statements is true?
OPTIONS:
0: The strength of the magnetic force is the same in both pairs.
1: The magnetic force is weaker in Pair 2.
2: The magnetic force is weaker in Pair 1.

Answer with the correct option from 0 to 2. Only provide the numeric and nothing else 

Answer: 
assistant
2",2,2,grade4
507,1749,"system
You are a helpful assistant.
user
 QUESTION: Which of these cities is marked on the map?
OPTIONS:
0: New York City
1: San Antonio
2: Denver
3: St. Louis

Answer with the correct option from 0 to 3. Only provide the numeric and nothing else 

Answer: 
assistant
3",3,3,grade5,"system
You are a helpful assistant.
user
 QUESTION: Which of these cities is marked on the map?
OPTIONS:
0: New York City
1: San Antonio
2: Denver
3: St. Louis

Answer with the correct option from 0 to 3. Only provide the numeric and nothing else 

Answer: 
assistant
0",0,3,grade5
508,1756,"system
You are a helpful assistant.
user
 QUESTION: Which country is highlighted?
OPTIONS:
0: Antigua and Barbuda
1: Jamaica
2: Saint Lucia
3: Saint Kitts and Nevis

Answer with the correct option from 0 to 3. Only provide the numeric and nothing else 

Answer: 
assistant
0",0,3,grade7,"system
You are a helpful assistant.
user
 QUESTION: Which country is highlighted?
OPTIONS:
0: Antigua and Barbuda
1: Jamaica
2: Saint Lucia
3: Saint Kitts and Nevis

Answer with the correct option from 0 to 3. Only provide the numeric and nothing else 

Answer: 
assistant
2",2,3,grade7
509,1761,"system
You are a helpful assistant.
user
 QUESTION: What can happen to spores after they are released?
OPTIONS:
0: They can fuse and form a fertilized egg.
1: They can grow into a heart-shaped plant.

Answer with the correct option from 0 to 1. Only provide the numeric and nothing else 

Answer: 
assistant
1",1,1,grade7,"system
You are a helpful assistant.
user
 QUESTION: What can happen to spores after they are released?
OPTIONS:
0: They can fuse and form a fertilized egg.
1: They can grow into a heart-shaped plant.

Answer with the correct option from 0 to 1. Only provide the numeric and nothing else 

Answer: 
assistant
0",0,1,grade7
510,1764,"system
You are a helpful assistant.
user
 QUESTION: Which continent is highlighted?
OPTIONS:
0: Australia
1: Asia
2: Africa
3: North America

Answer with the correct option from 0 to 3. Only provide the numeric and nothing else 

Answer: 
assistant
2",2,2,grade7,"system
You are a helpful assistant.
user
 QUESTION: Which continent is highlighted?
OPTIONS:
0: Australia
1: Asia
2: Africa
3: North America

Answer with the correct option from 0 to 3. Only provide the numeric and nothing else 

Answer: 
assistant
0",0,2,grade7
511,1766,"system
You are a helpful assistant.
user
 QUESTION: Think about the magnetic force between the magnets in each pair. Which of the following statements is true?
OPTIONS:
0: The strength of the magnetic force is the same in both pairs.
1: The magnetic force is stronger in Pair 1.
2: The magnetic force is stronger in Pair 2.

Answer with the correct option from 0 to 2. Only provide the numeric and nothing else 

Answer: 
assistant
0",0,0,grade4,"system
You are a helpful assistant.
user
 QUESTION: Think about the magnetic force between the magnets in each pair. Which of the following statements is true?
OPTIONS:
0: The strength of the magnetic force is the same in both pairs.
1: The magnetic force is stronger in Pair 1.
2: The magnetic force is stronger in Pair 2.

Answer with the correct option from 0 to 2. Only provide the numeric and nothing else 

Answer: 
assistant
2",2,0,grade4
512,1769,"system
You are a helpful assistant.
user
 QUESTION: Is the following statement about our solar system true or false?
Jupiter's volume is more than 1,000 times that of Earth.
OPTIONS:
0: false
1: true

Answer with the correct option from 0 to 1. Only provide the numeric and nothing else 

Answer: 
assistant
0",0,1,grade8,"system
You are a helpful assistant.
user
 QUESTION: Is the following statement about our solar system true or false?
Jupiter's volume is more than 1,000 times that of Earth.
OPTIONS:
0: false
1: true

Answer with the correct option from 0 to 1. Only provide the numeric and nothing else 

Answer: 
assistant
1",1,1,grade8
513,1770,"system
You are a helpful assistant.
user
 QUESTION: What is the name of the colony shown?
OPTIONS:
0: Vermont
1: Maine
2: Alabama
3: Pennsylvania

Answer with the correct option from 0 to 3. Only provide the numeric and nothing else 

Answer: 
assistant
3",3,3,grade4,"system
You are a helpful assistant.
user
 QUESTION: What is the name of the colony shown?
OPTIONS:
0: Vermont
1: Maine
2: Alabama
3: Pennsylvania

Answer with the correct option from 0 to 3. Only provide the numeric and nothing else 

Answer: 
assistant
0",0,3,grade4
514,1772,"system
You are a helpful assistant.
user
 QUESTION: Which property do these four objects have in common?
OPTIONS:
0: salty
1: stretchy
2: transparent

Answer with the correct option from 0 to 2. Only provide the numeric and nothing else 

Answer: 
assistant
0",0,0,grade5,"system
You are a helpful assistant.
user
 QUESTION: Which property do these four objects have in common?
OPTIONS:
0: salty
1: stretchy
2: transparent

Answer with the correct option from 0 to 2. Only provide the numeric and nothing else 

Answer: 
assistant
2",2,0,grade5
515,1774,"system
You are a helpful assistant.
user
 QUESTION: Which of these cities is marked on the map?
OPTIONS:
0: New York City
1: Washington, D.C.
2: Philadelphia
3: Boston

Answer with the correct option from 0 to 3. Only provide the numeric and nothing else 

Answer: 
assistant
3",3,2,grade4,"system
You are a helpful assistant.
user
 QUESTION: Which of these cities is marked on the map?
OPTIONS:
0: New York City
1: Washington, D.C.
2: Philadelphia
3: Boston

Answer with the correct option from 0 to 3. Only provide the numeric and nothing else 

Answer: 
assistant
1",1,2,grade4
516,1775,"system
You are a helpful assistant.
user
 QUESTION: What is the name of the colony shown?
OPTIONS:
0: Maryland
1: North Carolina
2: Delaware
3: Virginia

Answer with the correct option from 0 to 3. Only provide the numeric and nothing else 

Answer: 
assistant
2",2,3,grade4,"system
You are a helpful assistant.
user
 QUESTION: What is the name of the colony shown?
OPTIONS:
0: Maryland
1: North Carolina
2: Delaware
3: Virginia

Answer with the correct option from 0 to 3. Only provide the numeric and nothing else 

Answer: 
assistant
3",3,3,grade4
517,1780,"system
You are a helpful assistant.
user
 QUESTION: What can Bella and Darnell trade to each get what they want?
OPTIONS:
0: Darnell can trade his broccoli for Bella's oranges.
1: Darnell can trade his almonds for Bella's tomatoes.
2: Bella can trade her tomatoes for Darnell's carrots.
3: Bella can trade her tomatoes for Darnell's broccoli.

Answer with the correct option from 0 to 3. Only provide the numeric and nothing else 

Answer: 
assistant
0",0,3,grade8,"system
You are a helpful assistant.
user
 QUESTION: What can Bella and Darnell trade to each get what they want?
OPTIONS:
0: Darnell can trade his broccoli for Bella's oranges.
1: Darnell can trade his almonds for Bella's tomatoes.
2: Bella can trade her tomatoes for Darnell's carrots.
3: Bella can trade her tomatoes for Darnell's broccoli.

Answer with the correct option from 0 to 3. Only provide the numeric and nothing else 

Answer: 
assistant
3",3,3,grade8
518,1781,"system
You are a helpful assistant.
user
 QUESTION: Which continent is highlighted?
OPTIONS:
0: Asia
1: Africa
2: Antarctica
3: Australia

Answer with the correct option from 0 to 3. Only provide the numeric and nothing else 

Answer: 
assistant
1",1,1,grade3,"system
You are a helpful assistant.
user
 QUESTION: Which continent is highlighted?
OPTIONS:
0: Asia
1: Africa
2: Antarctica
3: Australia

Answer with the correct option from 0 to 3. Only provide the numeric and nothing else 

Answer: 
assistant
0",0,1,grade3
519,1784,"system
You are a helpful assistant.
user
 QUESTION: Which property matches this object?
OPTIONS:
0: colorful
1: transparent

Answer with the correct option from 0 to 1. Only provide the numeric and nothing else 

Answer: 
assistant
1",1,1,grade3,"system
You are a helpful assistant.
user
 QUESTION: Which property matches this object?
OPTIONS:
0: colorful
1: transparent

Answer with the correct option from 0 to 1. Only provide the numeric and nothing else 

Answer: 
assistant
0",0,1,grade3
520,1792,"system
You are a helpful assistant.
user
 QUESTION: Which better describes the Cape Breton Highlands National Park ecosystem?
OPTIONS:
0: It has short, cool summers. It also has soil that is rich in nutrients.
1: It has many evergreen trees. It also has soil that is poor in nutrients.

Answer with the correct option from 0 to 1. Only provide the numeric and nothing else 

Answer: 
assistant
1",1,1,grade4,"system
You are a helpful assistant.
user
 QUESTION: Which better describes the Cape Breton Highlands National Park ecosystem?
OPTIONS:
0: It has short, cool summers. It also has soil that is rich in nutrients.
1: It has many evergreen trees. It also has soil that is poor in nutrients.

Answer with the correct option from 0 to 1. Only provide the numeric and nothing else 

Answer: 
assistant
0",0,1,grade4
521,1795,"system
You are a helpful assistant.
user
 QUESTION: Which property do these two objects have in common?
OPTIONS:
0: bouncy
1: colorful

Answer with the correct option from 0 to 1. Only provide the numeric and nothing else 

Answer: 
assistant
0",0,0,grade2,"system
You are a helpful assistant.
user
 QUESTION: Which property do these two objects have in common?
OPTIONS:
0: bouncy
1: colorful

Answer with the correct option from 0 to 1. Only provide the numeric and nothing else 

Answer: 
assistant
1",1,0,grade2
522,1799,"system
You are a helpful assistant.
user
 QUESTION: Which country is highlighted?
OPTIONS:
0: Saint Kitts and Nevis
1: Saint Lucia
2: Trinidad and Tobago
3: Antigua and Barbuda

Answer with the correct option from 0 to 3. Only provide the numeric and nothing else 

Answer: 
assistant
0",0,0,grade6,"system
You are a helpful assistant.
user
 QUESTION: Which country is highlighted?
OPTIONS:
0: Saint Kitts and Nevis
1: Saint Lucia
2: Trinidad and Tobago
3: Antigua and Barbuda

Answer with the correct option from 0 to 3. Only provide the numeric and nothing else 

Answer: 
assistant
2",2,0,grade6
523,1800,"system
You are a helpful assistant.
user
 QUESTION: Think about the magnetic force between the magnets in each pair. Which of the following statements is true?
OPTIONS:
0: The magnitude of the magnetic force is the same in both pairs.
1: The magnitude of the magnetic force is smaller in Pair 2.
2: The magnitude of the magnetic force is smaller in Pair 1.

Answer with the correct option from 0 to 2. Only provide the numeric and nothing else 

Answer: 
assistant
1",1,2,grade7,"system
You are a helpful assistant.
user
 QUESTION: Think about the magnetic force between the magnets in each pair. Which of the following statements is true?
OPTIONS:
0: The magnitude of the magnetic force is the same in both pairs.
1: The magnitude of the magnetic force is smaller in Pair 2.
2: The magnitude of the magnetic force is smaller in Pair 1.

Answer with the correct option from 0 to 2. Only provide the numeric and nothing else 

Answer: 
assistant
2",2,2,grade7
524,1811,"system
You are a helpful assistant.
user
 QUESTION: Identify the question that Preston's experiment can best answer.
OPTIONS:
0: Do steel nails take fewer days to rust in water compared to vinegar?
1: Do steel nails rust in fewer days when submerged in a large volume of liquid compared to a small volume?

Answer with the correct option from 0 to 1. Only provide the numeric and nothing else 

Answer: 
assistant
1",1,0,grade6,"system
You are a helpful assistant.
user
 QUESTION: Identify the question that Preston's experiment can best answer.
OPTIONS:
0: Do steel nails take fewer days to rust in water compared to vinegar?
1: Do steel nails rust in fewer days when submerged in a large volume of liquid compared to a small volume?

Answer with the correct option from 0 to 1. Only provide the numeric and nothing else 

Answer: 
assistant
0",0,0,grade6
525,1818,"system
You are a helpful assistant.
user
 QUESTION: Which property do these three objects have in common?
OPTIONS:
0: translucent
1: hard
2: soft

Answer with the correct option from 0 to 2. Only provide the numeric and nothing else 

Answer: 
assistant
2",2,1,grade3,"system
You are a helpful assistant.
user
 QUESTION: Which property do these three objects have in common?
OPTIONS:
0: translucent
1: hard
2: soft

Answer with the correct option from 0 to 2. Only provide the numeric and nothing else 

Answer: 
assistant
0",0,1,grade3
526,1819,"system
You are a helpful assistant.
user
 QUESTION: Which country is highlighted?
OPTIONS:
0: Saint Lucia
1: Cuba
2: Trinidad and Tobago
3: Jamaica

Answer with the correct option from 0 to 3. Only provide the numeric and nothing else 

Answer: 
assistant
1",1,1,grade7,"system
You are a helpful assistant.
user
 QUESTION: Which country is highlighted?
OPTIONS:
0: Saint Lucia
1: Cuba
2: Trinidad and Tobago
3: Jamaica

Answer with the correct option from 0 to 3. Only provide the numeric and nothing else 

Answer: 
assistant
2",2,1,grade7
527,1820,"system
You are a helpful assistant.
user
 QUESTION: Which continent is highlighted?
OPTIONS:
0: Antarctica
1: South America
2: Africa
3: Europe

Answer with the correct option from 0 to 3. Only provide the numeric and nothing else 

Answer: 
assistant
2",2,2,grade7,"system
You are a helpful assistant.
user
 QUESTION: Which continent is highlighted?
OPTIONS:
0: Antarctica
1: South America
2: Africa
3: Europe

Answer with the correct option from 0 to 3. Only provide the numeric and nothing else 

Answer: 
assistant
1",1,2,grade7
528,1821,"system
You are a helpful assistant.
user
 QUESTION: Which i in column 2?
OPTIONS:
0: the pond
1: the fast-food restaurant
2: the police department
3: the grocery store

Answer with the correct option from 0 to 3. Only provide the numeric and nothing else 

Answer: 
assistant
1",1,1,grade2,"system
You are a helpful assistant.
user
 QUESTION: Which i in column 2?
OPTIONS:
0: the pond
1: the fast-food restaurant
2: the police department
3: the grocery store

Answer with the correct option from 0 to 3. Only provide the numeric and nothing else 

Answer: 
assistant
2",2,1,grade2
529,1825,"system
You are a helpful assistant.
user
 QUESTION: Which ocean is highlighted?
OPTIONS:
0: the Indian Ocean
1: the Southern Ocean
2: the Arctic Ocean
3: the Atlantic Ocean

Answer with the correct option from 0 to 3. Only provide the numeric and nothing else 

Answer: 
assistant
0",0,0,grade7,"system
You are a helpful assistant.
user
 QUESTION: Which ocean is highlighted?
OPTIONS:
0: the Indian Ocean
1: the Southern Ocean
2: the Arctic Ocean
3: the Atlantic Ocean

Answer with the correct option from 0 to 3. Only provide the numeric and nothing else 

Answer: 
assistant
3",3,0,grade7
530,1828,"system
You are a helpful assistant.
user
 QUESTION: Compare the average kinetic energies of the particles in each sample. Which sample has the higher temperature?
OPTIONS:
0: sample B
1: sample A
2: neither; the samples have the same temperature

Answer with the correct option from 0 to 2. Only provide the numeric and nothing else 

Answer: 
assistant
0",0,0,grade7,"system
You are a helpful assistant.
user
 QUESTION: Compare the average kinetic energies of the particles in each sample. Which sample has the higher temperature?
OPTIONS:
0: sample B
1: sample A
2: neither; the samples have the same temperature

Answer with the correct option from 0 to 2. Only provide the numeric and nothing else 

Answer: 
assistant
1",1,0,grade7
531,1829,"system
You are a helpful assistant.
user
 QUESTION: Which property do these three objects have in common?
OPTIONS:
0: bouncy
1: blue
2: fragile

Answer with the correct option from 0 to 2. Only provide the numeric and nothing else 

Answer: 
assistant
0",0,0,grade3,"system
You are a helpful assistant.
user
 QUESTION: Which property do these three objects have in common?
OPTIONS:
0: bouncy
1: blue
2: fragile

Answer with the correct option from 0 to 2. Only provide the numeric and nothing else 

Answer: 
assistant
2",2,0,grade3
532,1834,"system
You are a helpful assistant.
user
 QUESTION: Which better describes the Mount Rainier National Park ecosystem?
OPTIONS:
0: It has long, cold winters. It also has soil that is poor in nutrients.
1: It has short, cool summers. It also has soil that is rich in nutrients.

Answer with the correct option from 0 to 1. Only provide the numeric and nothing else 

Answer: 
assistant
0",0,0,grade4,"system
You are a helpful assistant.
user
 QUESTION: Which better describes the Mount Rainier National Park ecosystem?
OPTIONS:
0: It has long, cold winters. It also has soil that is poor in nutrients.
1: It has short, cool summers. It also has soil that is rich in nutrients.

Answer with the correct option from 0 to 1. Only provide the numeric and nothing else 

Answer: 
assistant
1",1,0,grade4
533,1836,"system
You are a helpful assistant.
user
 QUESTION: What is the name of the colony shown?
OPTIONS:
0: New Jersey
1: Pennsylvania
2: Virginia
3: New York

Answer with the correct option from 0 to 3. Only provide the numeric and nothing else 

Answer: 
assistant
1",1,1,grade8,"system
You are a helpful assistant.
user
 QUESTION: What is the name of the colony shown?
OPTIONS:
0: New Jersey
1: Pennsylvania
2: Virginia
3: New York

Answer with the correct option from 0 to 3. Only provide the numeric and nothing else 

Answer: 
assistant
0",0,1,grade8
534,1838,"system
You are a helpful assistant.
user
 QUESTION: Does this passage describe the weather or the climate?
OPTIONS:
0: climate
1: weather

Answer with the correct option from 0 to 1. Only provide the numeric and nothing else 

Answer: 
assistant
1",1,0,grade6,"system
You are a helpful assistant.
user
 QUESTION: Does this passage describe the weather or the climate?
OPTIONS:
0: climate
1: weather

Answer with the correct option from 0 to 1. Only provide the numeric and nothing else 

Answer: 
assistant
0",0,0,grade6
535,1840,"system
You are a helpful assistant.
user
 QUESTION: Is the following statement about our solar system true or false?
Earth is the largest planet that is made mainly of rock.
OPTIONS:
0: true
1: false

Answer with the correct option from 0 to 1. Only provide the numeric and nothing else 

Answer: 
assistant
0",0,0,grade8,"system
You are a helpful assistant.
user
 QUESTION: Is the following statement about our solar system true or false?
Earth is the largest planet that is made mainly of rock.
OPTIONS:
0: true
1: false

Answer with the correct option from 0 to 1. Only provide the numeric and nothing else 

Answer: 
assistant
1",1,0,grade8
536,1844,"system
You are a helpful assistant.
user
 QUESTION: Which solution has a higher concentration of green particles?
OPTIONS:
0: Solution B
1: Solution A
2: neither; their concentrations are the same

Answer with the correct option from 0 to 2. Only provide the numeric and nothing else 

Answer: 
assistant
0",0,0,grade7,"system
You are a helpful assistant.
user
 QUESTION: Which solution has a higher concentration of green particles?
OPTIONS:
0: Solution B
1: Solution A
2: neither; their concentrations are the same

Answer with the correct option from 0 to 2. Only provide the numeric and nothing else 

Answer: 
assistant
1",1,0,grade7
537,1846,"system
You are a helpful assistant.
user
 QUESTION: Which animal is also adapted to be camouflaged in a sandy desert?
OPTIONS:
0: horned viper
1: European green lizard

Answer with the correct option from 0 to 1. Only provide the numeric and nothing else 

Answer: 
assistant
0",0,0,grade5,"system
You are a helpful assistant.
user
 QUESTION: Which animal is also adapted to be camouflaged in a sandy desert?
OPTIONS:
0: horned viper
1: European green lizard

Answer with the correct option from 0 to 1. Only provide the numeric and nothing else 

Answer: 
assistant
1",1,0,grade5
538,1848,"system
You are a helpful assistant.
user
 QUESTION: Which of the following was an independent variable in this experiment?
OPTIONS:
0: the number of earthworms
1: the number of leaves

Answer with the correct option from 0 to 1. Only provide the numeric and nothing else 

Answer: 
assistant
0",0,0,grade6,"system
You are a helpful assistant.
user
 QUESTION: Which of the following was an independent variable in this experiment?
OPTIONS:
0: the number of earthworms
1: the number of leaves

Answer with the correct option from 0 to 1. Only provide the numeric and nothing else 

Answer: 
assistant
1",1,0,grade6
539,1851,"system
You are a helpful assistant.
user
 QUESTION: Which solution has a higher concentration of blue particles?
OPTIONS:
0: neither; their concentrations are the same
1: Solution B
2: Solution A

Answer with the correct option from 0 to 2. Only provide the numeric and nothing else 

Answer: 
assistant
1",1,0,grade6,"system
You are a helpful assistant.
user
 QUESTION: Which solution has a higher concentration of blue particles?
OPTIONS:
0: neither; their concentrations are the same
1: Solution B
2: Solution A

Answer with the correct option from 0 to 2. Only provide the numeric and nothing else 

Answer: 
assistant
2",2,0,grade6
540,1853,"system
You are a helpful assistant.
user
 QUESTION: Think about the magnetic force between the magnets in each pair. Which of the following statements is true?
OPTIONS:
0: The magnitude of the magnetic force is the same in both pairs.
1: The magnitude of the magnetic force is greater in Pair 2.
2: The magnitude of the magnetic force is greater in Pair 1.

Answer with the correct option from 0 to 2. Only provide the numeric and nothing else 

Answer: 
assistant
0",0,2,grade6,"system
You are a helpful assistant.
user
 QUESTION: Think about the magnetic force between the magnets in each pair. Which of the following statements is true?
OPTIONS:
0: The magnitude of the magnetic force is the same in both pairs.
1: The magnitude of the magnetic force is greater in Pair 2.
2: The magnitude of the magnetic force is greater in Pair 1.

Answer with the correct option from 0 to 2. Only provide the numeric and nothing else 

Answer: 
assistant
2",2,2,grade6
541,1854,"system
You are a helpful assistant.
user
 QUESTION: Think about the magnetic force between the magnets in each pair. Which of the following statements is true?
OPTIONS:
0: The strength of the magnetic force is the same in both pairs.
1: The magnetic force is stronger in Pair 1.
2: The magnetic force is stronger in Pair 2.

Answer with the correct option from 0 to 2. Only provide the numeric and nothing else 

Answer: 
assistant
0",0,0,grade4,"system
You are a helpful assistant.
user
 QUESTION: Think about the magnetic force between the magnets in each pair. Which of the following statements is true?
OPTIONS:
0: The strength of the magnetic force is the same in both pairs.
1: The magnetic force is stronger in Pair 1.
2: The magnetic force is stronger in Pair 2.

Answer with the correct option from 0 to 2. Only provide the numeric and nothing else 

Answer: 
assistant
1",1,0,grade4
542,1856,"system
You are a helpful assistant.
user
 QUESTION: What is the name of the colony shown?
OPTIONS:
0: Virginia
1: Massachusetts
2: Rhode Island
3: Maryland

Answer with the correct option from 0 to 3. Only provide the numeric and nothing else 

Answer: 
assistant
1",1,2,grade8,"system
You are a helpful assistant.
user
 QUESTION: What is the name of the colony shown?
OPTIONS:
0: Virginia
1: Massachusetts
2: Rhode Island
3: Maryland

Answer with the correct option from 0 to 3. Only provide the numeric and nothing else 

Answer: 
assistant
2",2,2,grade8
543,1860,"system
You are a helpful assistant.
user
 QUESTION: Identify the question that Austen's experiment can best answer.
OPTIONS:
0: Do bananas develop more brown spots if they are kept in bags with holes compared to bags without holes?
1: Do bananas develop more brown spots when they are kept at room temperature compared to in a cold refrigerator?

Answer with the correct option from 0 to 1. Only provide the numeric and nothing else 

Answer: 
assistant
0",0,0,grade6,"system
You are a helpful assistant.
user
 QUESTION: Identify the question that Austen's experiment can best answer.
OPTIONS:
0: Do bananas develop more brown spots if they are kept in bags with holes compared to bags without holes?
1: Do bananas develop more brown spots when they are kept at room temperature compared to in a cold refrigerator?

Answer with the correct option from 0 to 1. Only provide the numeric and nothing else 

Answer: 
assistant
1",1,0,grade6
544,1862,"system
You are a helpful assistant.
user
 QUESTION: Which country is highlighted?
OPTIONS:
0: Kiribati
1: the Federated States of Micronesia
2: Samoa
3: Palau

Answer with the correct option from 0 to 3. Only provide the numeric and nothing else 

Answer: 
assistant
0",0,3,grade6,"system
You are a helpful assistant.
user
 QUESTION: Which country is highlighted?
OPTIONS:
0: Kiribati
1: the Federated States of Micronesia
2: Samoa
3: Palau

Answer with the correct option from 0 to 3. Only provide the numeric and nothing else 

Answer: 
assistant
2",2,3,grade6
545,1866,"system
You are a helpful assistant.
user
 QUESTION: Which property do these three objects have in common?
OPTIONS:
0: transparent
1: soft
2: bumpy

Answer with the correct option from 0 to 2. Only provide the numeric and nothing else 

Answer: 
assistant
2",2,2,grade4,"system
You are a helpful assistant.
user
 QUESTION: Which property do these three objects have in common?
OPTIONS:
0: transparent
1: soft
2: bumpy

Answer with the correct option from 0 to 2. Only provide the numeric and nothing else 

Answer: 
assistant
0",0,2,grade4
546,1867,"system
You are a helpful assistant.
user
 QUESTION: Think about the magnetic force between the magnets in each pair. Which of the following statements is true?
OPTIONS:
0: The magnetic force is stronger in Pair 2.
1: The magnetic force is stronger in Pair 1.
2: The strength of the magnetic force is the same in both pairs.

Answer with the correct option from 0 to 2. Only provide the numeric and nothing else 

Answer: 
assistant
2",2,2,grade4,"system
You are a helpful assistant.
user
 QUESTION: Think about the magnetic force between the magnets in each pair. Which of the following statements is true?
OPTIONS:
0: The magnetic force is stronger in Pair 2.
1: The magnetic force is stronger in Pair 1.
2: The strength of the magnetic force is the same in both pairs.

Answer with the correct option from 0 to 2. Only provide the numeric and nothing else 

Answer: 
assistant
1",1,2,grade4
547,1868,"system
You are a helpful assistant.
user
 QUESTION: Which property do these four objects have in common?
OPTIONS:
0: fragile
1: transparent
2: sweet

Answer with the correct option from 0 to 2. Only provide the numeric and nothing else 

Answer: 
assistant
1",1,0,grade5,"system
You are a helpful assistant.
user
 QUESTION: Which property do these four objects have in common?
OPTIONS:
0: fragile
1: transparent
2: sweet

Answer with the correct option from 0 to 2. Only provide the numeric and nothing else 

Answer: 
assistant
0",0,0,grade5
548,1870,"system
You are a helpful assistant.
user
 QUESTION: Which of the following could Manny's test show?
OPTIONS:
0: if the spacecraft was damaged when using a parachute with a 1 m vent going 200 km per hour
1: how steady a parachute with a 1 m vent was at 200 km per hour
2: whether a parachute with a 1 m vent would swing too much at 400 km per hour

Answer with the correct option from 0 to 2. Only provide the numeric and nothing else 

Answer: 
assistant
1",1,1,grade8,"system
You are a helpful assistant.
user
 QUESTION: Which of the following could Manny's test show?
OPTIONS:
0: if the spacecraft was damaged when using a parachute with a 1 m vent going 200 km per hour
1: how steady a parachute with a 1 m vent was at 200 km per hour
2: whether a parachute with a 1 m vent would swing too much at 400 km per hour

Answer with the correct option from 0 to 2. Only provide the numeric and nothing else 

Answer: 
assistant
2",2,1,grade8
549,1871,"system
You are a helpful assistant.
user
 QUESTION: Which of these states is farthest west?
OPTIONS:
0: Illinois
1: Ohio
2: Arkansas
3: South Carolina

Answer with the correct option from 0 to 3. Only provide the numeric and nothing else 

Answer: 
assistant
2",2,2,grade5,"system
You are a helpful assistant.
user
 QUESTION: Which of these states is farthest west?
OPTIONS:
0: Illinois
1: Ohio
2: Arkansas
3: South Carolina

Answer with the correct option from 0 to 3. Only provide the numeric and nothing else 

Answer: 
assistant
3",3,2,grade5
550,1872,"system
You are a helpful assistant.
user
 QUESTION: Which statement describes the Buffalo Gap National Grassland ecosystem?
OPTIONS:
0: It has heavy rain.
1: It has a medium amount of rain.
2: It has cold winters and cool summers.

Answer with the correct option from 0 to 2. Only provide the numeric and nothing else 

Answer: 
assistant
1",1,1,grade8,"system
You are a helpful assistant.
user
 QUESTION: Which statement describes the Buffalo Gap National Grassland ecosystem?
OPTIONS:
0: It has heavy rain.
1: It has a medium amount of rain.
2: It has cold winters and cool summers.

Answer with the correct option from 0 to 2. Only provide the numeric and nothing else 

Answer: 
assistant
2",2,1,grade8
551,1876,"system
You are a helpful assistant.
user
 QUESTION: Which continent is highlighted?
OPTIONS:
0: Europe
1: Africa
2: Asia
3: South America

Answer with the correct option from 0 to 3. Only provide the numeric and nothing else 

Answer: 
assistant
1",1,1,grade8,"system
You are a helpful assistant.
user
 QUESTION: Which continent is highlighted?
OPTIONS:
0: Europe
1: Africa
2: Asia
3: South America

Answer with the correct option from 0 to 3. Only provide the numeric and nothing else 

Answer: 
assistant
2",2,1,grade8
552,1880,"system
You are a helpful assistant.
user
 QUESTION: Think about the magnetic force between the magnets in each pair. Which of the following statements is true?
OPTIONS:
0: The magnetic force is weaker in Pair 1.
1: The strength of the magnetic force is the same in both pairs.
2: The magnetic force is weaker in Pair 2.

Answer with the correct option from 0 to 2. Only provide the numeric and nothing else 

Answer: 
assistant
0",0,2,grade3,"system
You are a helpful assistant.
user
 QUESTION: Think about the magnetic force between the magnets in each pair. Which of the following statements is true?
OPTIONS:
0: The magnetic force is weaker in Pair 1.
1: The strength of the magnetic force is the same in both pairs.
2: The magnetic force is weaker in Pair 2.

Answer with the correct option from 0 to 2. Only provide the numeric and nothing else 

Answer: 
assistant
2",2,2,grade3
553,1883,"system
You are a helpful assistant.
user
 QUESTION: Which animal's mouth is also adapted to eat plant matter?
OPTIONS:
0: zebra
1: silky anteater

Answer with the correct option from 0 to 1. Only provide the numeric and nothing else 

Answer: 
assistant
0",0,0,grade5,"system
You are a helpful assistant.
user
 QUESTION: Which animal's mouth is also adapted to eat plant matter?
OPTIONS:
0: zebra
1: silky anteater

Answer with the correct option from 0 to 1. Only provide the numeric and nothing else 

Answer: 
assistant
1",1,0,grade5
554,1890,"system
You are a helpful assistant.
user
 QUESTION: Which property do these four objects have in common?
OPTIONS:
0: transparent
1: smooth
2: flexible

Answer with the correct option from 0 to 2. Only provide the numeric and nothing else 

Answer: 
assistant
2",2,1,grade5,"system
You are a helpful assistant.
user
 QUESTION: Which property do these four objects have in common?
OPTIONS:
0: transparent
1: smooth
2: flexible

Answer with the correct option from 0 to 2. Only provide the numeric and nothing else 

Answer: 
assistant
0",0,1,grade5
555,1895,"system
You are a helpful assistant.
user
 QUESTION: Which of the following could Darnell's test show?
OPTIONS:
0: whether an inexpensive filter would become clogged more often
1: whether the filter was clogged
2: the amount of bacteria in the water before it was filtered

Answer with the correct option from 0 to 2. Only provide the numeric and nothing else 

Answer: 
assistant
2",2,1,grade8,"system
You are a helpful assistant.
user
 QUESTION: Which of the following could Darnell's test show?
OPTIONS:
0: whether an inexpensive filter would become clogged more often
1: whether the filter was clogged
2: the amount of bacteria in the water before it was filtered

Answer with the correct option from 0 to 2. Only provide the numeric and nothing else 

Answer: 
assistant
1",1,1,grade8
556,1896,"system
You are a helpful assistant.
user
 QUESTION: Which continent is highlighted?
OPTIONS:
0: North America
1: Australia
2: Antarctica
3: South America

Answer with the correct option from 0 to 3. Only provide the numeric and nothing else 

Answer: 
assistant
1",1,1,grade5,"system
You are a helpful assistant.
user
 QUESTION: Which continent is highlighted?
OPTIONS:
0: North America
1: Australia
2: Antarctica
3: South America

Answer with the correct option from 0 to 3. Only provide the numeric and nothing else 

Answer: 
assistant
3",3,1,grade5
557,1897,"system
You are a helpful assistant.
user
 QUESTION: Which country is highlighted?
OPTIONS:
0: Kiribati
1: Nauru
2: the Federated States of Micronesia
3: the Marshall Islands

Answer with the correct option from 0 to 3. Only provide the numeric and nothing else 

Answer: 
assistant
0",0,3,grade7,"system
You are a helpful assistant.
user
 QUESTION: Which country is highlighted?
OPTIONS:
0: Kiribati
1: Nauru
2: the Federated States of Micronesia
3: the Marshall Islands

Answer with the correct option from 0 to 3. Only provide the numeric and nothing else 

Answer: 
assistant
3",3,3,grade7
558,1905,"system
You are a helpful assistant.
user
 QUESTION: Which of the following fossils is younger? Select the more likely answer.
OPTIONS:
0: feather
1: ginkgo leaf

Answer with the correct option from 0 to 1. Only provide the numeric and nothing else 

Answer: 
assistant
0",0,0,grade8,"system
You are a helpful assistant.
user
 QUESTION: Which of the following fossils is younger? Select the more likely answer.
OPTIONS:
0: feather
1: ginkgo leaf

Answer with the correct option from 0 to 1. Only provide the numeric and nothing else 

Answer: 
assistant
1",1,0,grade8
559,1906,"system
You are a helpful assistant.
user
 QUESTION: Which solution has a higher concentration of green particles?
OPTIONS:
0: neither; their concentrations are the same
1: Solution A
2: Solution B

Answer with the correct option from 0 to 2. Only provide the numeric and nothing else 

Answer: 
assistant
0",0,1,grade7,"system
You are a helpful assistant.
user
 QUESTION: Which solution has a higher concentration of green particles?
OPTIONS:
0: neither; their concentrations are the same
1: Solution A
2: Solution B

Answer with the correct option from 0 to 2. Only provide the numeric and nothing else 

Answer: 
assistant
1",1,1,grade7
560,1909,"system
You are a helpful assistant.
user
 QUESTION: Think about the magnetic force between the magnets in each pair. Which of the following statements is true?
OPTIONS:
0: The magnetic force is stronger in Pair 1.
1: The strength of the magnetic force is the same in both pairs.
2: The magnetic force is stronger in Pair 2.

Answer with the correct option from 0 to 2. Only provide the numeric and nothing else 

Answer: 
assistant
0",0,2,grade3,"system
You are a helpful assistant.
user
 QUESTION: Think about the magnetic force between the magnets in each pair. Which of the following statements is true?
OPTIONS:
0: The magnetic force is stronger in Pair 1.
1: The strength of the magnetic force is the same in both pairs.
2: The magnetic force is stronger in Pair 2.

Answer with the correct option from 0 to 2. Only provide the numeric and nothing else 

Answer: 
assistant
1",1,2,grade3
561,1923,"system
You are a helpful assistant.
user
 QUESTION: Which of these organisms contains matter that was once part of the bilberry?
OPTIONS:
0: collared lemming
1: earthworm
2: lichen
3: bear sedge

Answer with the correct option from 0 to 3. Only provide the numeric and nothing else 

Answer: 
assistant
3",3,1,grade5,"system
You are a helpful assistant.
user
 QUESTION: Which of these organisms contains matter that was once part of the bilberry?
OPTIONS:
0: collared lemming
1: earthworm
2: lichen
3: bear sedge

Answer with the correct option from 0 to 3. Only provide the numeric and nothing else 

Answer: 
assistant
2",2,1,grade5
562,1926,"system
You are a helpful assistant.
user
 QUESTION: What is the name of the colony shown?
OPTIONS:
0: Virginia
1: New Jersey
2: Kentucky
3: Massachusetts

Answer with the correct option from 0 to 3. Only provide the numeric and nothing else 

Answer: 
assistant
3",3,3,grade7,"system
You are a helpful assistant.
user
 QUESTION: What is the name of the colony shown?
OPTIONS:
0: Virginia
1: New Jersey
2: Kentucky
3: Massachusetts

Answer with the correct option from 0 to 3. Only provide the numeric and nothing else 

Answer: 
assistant
0",0,3,grade7
563,1929,"system
You are a helpful assistant.
user
 QUESTION: Think about the magnetic force between the magnets in each pair. Which of the following statements is true?
OPTIONS:
0: The magnitude of the magnetic force is greater in Pair 2.
1: The magnitude of the magnetic force is the same in both pairs.
2: The magnitude of the magnetic force is greater in Pair 1.

Answer with the correct option from 0 to 2. Only provide the numeric and nothing else 

Answer: 
assistant
1",1,1,grade8,"system
You are a helpful assistant.
user
 QUESTION: Think about the magnetic force between the magnets in each pair. Which of the following statements is true?
OPTIONS:
0: The magnitude of the magnetic force is greater in Pair 2.
1: The magnitude of the magnetic force is the same in both pairs.
2: The magnitude of the magnetic force is greater in Pair 1.

Answer with the correct option from 0 to 2. Only provide the numeric and nothing else 

Answer: 
assistant
2",2,1,grade8
564,1930,"system
You are a helpful assistant.
user
 QUESTION: Think about the magnetic force between the magnets in each pair. Which of the following statements is true?
OPTIONS:
0: The magnetic force is weaker in Pair 2.
1: The magnetic force is weaker in Pair 1.
2: The strength of the magnetic force is the same in both pairs.

Answer with the correct option from 0 to 2. Only provide the numeric and nothing else 

Answer: 
assistant
2",2,2,grade3,"system
You are a helpful assistant.
user
 QUESTION: Think about the magnetic force between the magnets in each pair. Which of the following statements is true?
OPTIONS:
0: The magnetic force is weaker in Pair 2.
1: The magnetic force is weaker in Pair 1.
2: The strength of the magnetic force is the same in both pairs.

Answer with the correct option from 0 to 2. Only provide the numeric and nothing else 

Answer: 
assistant
1",1,2,grade3
565,1931,"system
You are a helpful assistant.
user
 QUESTION: Think about the magnetic force between the magnets in each pair. Which of the following statements is true?
OPTIONS:
0: The strength of the magnetic force is the same in both pairs.
1: The magnetic force is weaker in Pair 1.
2: The magnetic force is weaker in Pair 2.

Answer with the correct option from 0 to 2. Only provide the numeric and nothing else 

Answer: 
assistant
2",2,1,grade4,"system
You are a helpful assistant.
user
 QUESTION: Think about the magnetic force between the magnets in each pair. Which of the following statements is true?
OPTIONS:
0: The strength of the magnetic force is the same in both pairs.
1: The magnetic force is weaker in Pair 1.
2: The magnetic force is weaker in Pair 2.

Answer with the correct option from 0 to 2. Only provide the numeric and nothing else 

Answer: 
assistant
1",1,1,grade4
566,1932,"system
You are a helpful assistant.
user
 QUESTION: Which of these states is farthest west?
OPTIONS:
0: Virginia
1: Rhode Island
2: Mississippi
3: Minnesota

Answer with the correct option from 0 to 3. Only provide the numeric and nothing else 

Answer: 
assistant
3",3,3,grade2,"system
You are a helpful assistant.
user
 QUESTION: Which of these states is farthest west?
OPTIONS:
0: Virginia
1: Rhode Island
2: Mississippi
3: Minnesota

Answer with the correct option from 0 to 3. Only provide the numeric and nothing else 

Answer: 
assistant
0",0,3,grade2
567,1937,"system
You are a helpful assistant.
user
 QUESTION: Which letter marks ancient Egypt?
OPTIONS:
0: B
1: C
2: D
3: A

Answer with the correct option from 0 to 3. Only provide the numeric and nothing else 

Answer: 
assistant
3",3,3,grade7,"system
You are a helpful assistant.
user
 QUESTION: Which letter marks ancient Egypt?
OPTIONS:
0: B
1: C
2: D
3: A

Answer with the correct option from 0 to 3. Only provide the numeric and nothing else 

Answer: 
assistant
2",2,3,grade7
568,1943,"system
You are a helpful assistant.
user
 QUESTION: Think about the magnetic force between the magnets in each pair. Which of the following statements is true?
OPTIONS:
0: The magnitude of the magnetic force is smaller in Pair 2.
1: The magnitude of the magnetic force is the same in both pairs.
2: The magnitude of the magnetic force is smaller in Pair 1.

Answer with the correct option from 0 to 2. Only provide the numeric and nothing else 

Answer: 
assistant
1",1,2,grade5,"system
You are a helpful assistant.
user
 QUESTION: Think about the magnetic force between the magnets in each pair. Which of the following statements is true?
OPTIONS:
0: The magnitude of the magnetic force is smaller in Pair 2.
1: The magnitude of the magnetic force is the same in both pairs.
2: The magnitude of the magnetic force is smaller in Pair 1.

Answer with the correct option from 0 to 2. Only provide the numeric and nothing else 

Answer: 
assistant
2",2,2,grade5
569,1946,"system
You are a helpful assistant.
user
 QUESTION: Which property matches this object?
OPTIONS:
0: rough
1: soft

Answer with the correct option from 0 to 1. Only provide the numeric and nothing else 

Answer: 
assistant
1",1,1,grade3,"system
You are a helpful assistant.
user
 QUESTION: Which property matches this object?
OPTIONS:
0: rough
1: soft

Answer with the correct option from 0 to 1. Only provide the numeric and nothing else 

Answer: 
assistant
0",0,1,grade3
570,1949,"system
You are a helpful assistant.
user
 QUESTION: Compare the average kinetic energies of the particles in each sample. Which sample has the higher temperature?
OPTIONS:
0: sample B
1: neither; the samples have the same temperature
2: sample A

Answer with the correct option from 0 to 2. Only provide the numeric and nothing else 

Answer: 
assistant
0",0,0,grade8,"system
You are a helpful assistant.
user
 QUESTION: Compare the average kinetic energies of the particles in each sample. Which sample has the higher temperature?
OPTIONS:
0: sample B
1: neither; the samples have the same temperature
2: sample A

Answer with the correct option from 0 to 2. Only provide the numeric and nothing else 

Answer: 
assistant
2",2,0,grade8
571,1951,"system
You are a helpful assistant.
user
 QUESTION: What is the name of the colony shown?
OPTIONS:
0: Rhode Island
1: South Carolina
2: Pennsylvania
3: Tennessee

Answer with the correct option from 0 to 3. Only provide the numeric and nothing else 

Answer: 
assistant
2",2,2,grade5,"system
You are a helpful assistant.
user
 QUESTION: What is the name of the colony shown?
OPTIONS:
0: Rhode Island
1: South Carolina
2: Pennsylvania
3: Tennessee

Answer with the correct option from 0 to 3. Only provide the numeric and nothing else 

Answer: 
assistant
0",0,2,grade5
572,1954,"system
You are a helpful assistant.
user
 QUESTION: Which of these states is farthest south?
OPTIONS:
0: Maine
1: Virginia
2: Arkansas
3: Oregon

Answer with the correct option from 0 to 3. Only provide the numeric and nothing else 

Answer: 
assistant
2",2,2,grade3,"system
You are a helpful assistant.
user
 QUESTION: Which of these states is farthest south?
OPTIONS:
0: Maine
1: Virginia
2: Arkansas
3: Oregon

Answer with the correct option from 0 to 3. Only provide the numeric and nothing else 

Answer: 
assistant
0",0,2,grade3
573,1957,"system
You are a helpful assistant.
user
 QUESTION: Select the mammal below.
OPTIONS:
0: barn owl
1: sea otter

Answer with the correct option from 0 to 1. Only provide the numeric and nothing else 

Answer: 
assistant
0",0,1,grade2,"system
You are a helpful assistant.
user
 QUESTION: Select the mammal below.
OPTIONS:
0: barn owl
1: sea otter

Answer with the correct option from 0 to 1. Only provide the numeric and nothing else 

Answer: 
assistant
1",1,1,grade2
574,1958,"system
You are a helpful assistant.
user
 QUESTION: Which property do these three objects have in common?
OPTIONS:
0: bumpy
1: bouncy
2: shiny

Answer with the correct option from 0 to 2. Only provide the numeric and nothing else 

Answer: 
assistant
0",0,0,grade3,"system
You are a helpful assistant.
user
 QUESTION: Which property do these three objects have in common?
OPTIONS:
0: bumpy
1: bouncy
2: shiny

Answer with the correct option from 0 to 2. Only provide the numeric and nothing else 

Answer: 
assistant
2",2,0,grade3
575,1961,"system
You are a helpful assistant.
user
 QUESTION: Which continent is highlighted?
OPTIONS:
0: Africa
1: North America
2: South America
3: Europe

Answer with the correct option from 0 to 3. Only provide the numeric and nothing else 

Answer: 
assistant
0",0,0,grade7,"system
You are a helpful assistant.
user
 QUESTION: Which continent is highlighted?
OPTIONS:
0: Africa
1: North America
2: South America
3: Europe

Answer with the correct option from 0 to 3. Only provide the numeric and nothing else 

Answer: 
assistant
2",2,0,grade7
576,1964,"system
You are a helpful assistant.
user
 QUESTION: Which state is highlighted?
OPTIONS:
0: Texas
1: Oklahoma
2: Virginia
3: Georgia

Answer with the correct option from 0 to 3. Only provide the numeric and nothing else 

Answer: 
assistant
2",2,2,grade5,"system
You are a helpful assistant.
user
 QUESTION: Which state is highlighted?
OPTIONS:
0: Texas
1: Oklahoma
2: Virginia
3: Georgia

Answer with the correct option from 0 to 3. Only provide the numeric and nothing else 

Answer: 
assistant
1",1,2,grade5
577,1967,"system
You are a helpful assistant.
user
 QUESTION: Which of the following could Kenny's test show?
OPTIONS:
0: if at least 20% of the park would be shaded by trees in each design
1: which design would have the greatest distance between the concert area and the road
2: which design would have the least traffic noise in the concert area

Answer with the correct option from 0 to 2. Only provide the numeric and nothing else 

Answer: 
assistant
2",2,1,grade7,"system
You are a helpful assistant.
user
 QUESTION: Which of the following could Kenny's test show?
OPTIONS:
0: if at least 20% of the park would be shaded by trees in each design
1: which design would have the greatest distance between the concert area and the road
2: which design would have the least traffic noise in the concert area

Answer with the correct option from 0 to 2. Only provide the numeric and nothing else 

Answer: 
assistant
0",0,1,grade7
578,1972,"system
You are a helpful assistant.
user
 QUESTION: Think about the magnetic force between the magnets in each pair. Which of the following statements is true?
OPTIONS:
0: The magnitude of the magnetic force is smaller in Pair 1.
1: The magnitude of the magnetic force is the same in both pairs.
2: The magnitude of the magnetic force is smaller in Pair 2.

Answer with the correct option from 0 to 2. Only provide the numeric and nothing else 

Answer: 
assistant
1",1,1,grade5,"system
You are a helpful assistant.
user
 QUESTION: Think about the magnetic force between the magnets in each pair. Which of the following statements is true?
OPTIONS:
0: The magnitude of the magnetic force is smaller in Pair 1.
1: The magnitude of the magnetic force is the same in both pairs.
2: The magnitude of the magnetic force is smaller in Pair 2.

Answer with the correct option from 0 to 2. Only provide the numeric and nothing else 

Answer: 
assistant
2",2,1,grade5
579,1978,"system
You are a helpful assistant.
user
 QUESTION: Which continent is highlighted?
OPTIONS:
0: Africa
1: Australia
2: Antarctica
3: Asia

Answer with the correct option from 0 to 3. Only provide the numeric and nothing else 

Answer: 
assistant
2",2,2,grade7,"system
You are a helpful assistant.
user
 QUESTION: Which continent is highlighted?
OPTIONS:
0: Africa
1: Australia
2: Antarctica
3: Asia

Answer with the correct option from 0 to 3. Only provide the numeric and nothing else 

Answer: 
assistant
0",0,2,grade7
580,1987,"system
You are a helpful assistant.
user
 QUESTION: Which month is the wettest on average in Cairo?
OPTIONS:
0: July
1: January
2: September

Answer with the correct option from 0 to 2. Only provide the numeric and nothing else 

Answer: 
assistant
1",1,1,grade4,"system
You are a helpful assistant.
user
 QUESTION: Which month is the wettest on average in Cairo?
OPTIONS:
0: July
1: January
2: September

Answer with the correct option from 0 to 2. Only provide the numeric and nothing else 

Answer: 
assistant
2",2,1,grade4
581,1988,"system
You are a helpful assistant.
user
 QUESTION: Which ocean is highlighted?
OPTIONS:
0: the Pacific Ocean
1: the Southern Ocean
2: the Atlantic Ocean
3: the Indian Ocean

Answer with the correct option from 0 to 3. Only provide the numeric and nothing else 

Answer: 
assistant
2",2,2,grade6,"system
You are a helpful assistant.
user
 QUESTION: Which ocean is highlighted?
OPTIONS:
0: the Pacific Ocean
1: the Southern Ocean
2: the Atlantic Ocean
3: the Indian Ocean

Answer with the correct option from 0 to 3. Only provide the numeric and nothing else 

Answer: 
assistant
0",0,2,grade6
582,1989,"system
You are a helpful assistant.
user
 QUESTION: Think about the magnetic force between the magnets in each pair. Which of the following statements is true?
OPTIONS:
0: The magnitude of the magnetic force is smaller in Pair 1.
1: The magnitude of the magnetic force is smaller in Pair 2.
2: The magnitude of the magnetic force is the same in both pairs.

Answer with the correct option from 0 to 2. Only provide the numeric and nothing else 

Answer: 
assistant
2",2,2,grade5,"system
You are a helpful assistant.
user
 QUESTION: Think about the magnetic force between the magnets in each pair. Which of the following statements is true?
OPTIONS:
0: The magnitude of the magnetic force is smaller in Pair 1.
1: The magnitude of the magnetic force is smaller in Pair 2.
2: The magnitude of the magnetic force is the same in both pairs.

Answer with the correct option from 0 to 2. Only provide the numeric and nothing else 

Answer: 
assistant
1",1,2,grade5
583,1997,"system
You are a helpful assistant.
user
 QUESTION: Which country is highlighted?
OPTIONS:
0: the Dominican Republic
1: Saint Lucia
2: Grenada
3: Dominica

Answer with the correct option from 0 to 3. Only provide the numeric and nothing else 

Answer: 
assistant
3",3,3,grade7,"system
You are a helpful assistant.
user
 QUESTION: Which country is highlighted?
OPTIONS:
0: the Dominican Republic
1: Saint Lucia
2: Grenada
3: Dominica

Answer with the correct option from 0 to 3. Only provide the numeric and nothing else 

Answer: 
assistant
2",2,3,grade7
584,2005,"system
You are a helpful assistant.
user
 QUESTION: Think about the magnetic force between the magnets in each pair. Which of the following statements is true?
OPTIONS:
0: The magnitude of the magnetic force is greater in Pair 2.
1: The magnitude of the magnetic force is greater in Pair 1.
2: The magnitude of the magnetic force is the same in both pairs.

Answer with the correct option from 0 to 2. Only provide the numeric and nothing else 

Answer: 
assistant
2",2,1,grade6,"system
You are a helpful assistant.
user
 QUESTION: Think about the magnetic force between the magnets in each pair. Which of the following statements is true?
OPTIONS:
0: The magnitude of the magnetic force is greater in Pair 2.
1: The magnitude of the magnetic force is greater in Pair 1.
2: The magnitude of the magnetic force is the same in both pairs.

Answer with the correct option from 0 to 2. Only provide the numeric and nothing else 

Answer: 
assistant
1",1,1,grade6
585,2011,"system
You are a helpful assistant.
user
 QUESTION: Which country is highlighted?
OPTIONS:
0: Antigua and Barbuda
1: Saint Kitts and Nevis
2: Grenada
3: Saint Lucia

Answer with the correct option from 0 to 3. Only provide the numeric and nothing else 

Answer: 
assistant
0",0,1,grade7,"system
You are a helpful assistant.
user
 QUESTION: Which country is highlighted?
OPTIONS:
0: Antigua and Barbuda
1: Saint Kitts and Nevis
2: Grenada
3: Saint Lucia

Answer with the correct option from 0 to 3. Only provide the numeric and nothing else 

Answer: 
assistant
2",2,1,grade7
586,2012,"system
You are a helpful assistant.
user
 QUESTION: Which continent is highlighted?
OPTIONS:
0: North America
1: South America
2: Antarctica
3: Australia

Answer with the correct option from 0 to 3. Only provide the numeric and nothing else 

Answer: 
assistant
0",0,0,grade3,"system
You are a helpful assistant.
user
 QUESTION: Which continent is highlighted?
OPTIONS:
0: North America
1: South America
2: Antarctica
3: Australia

Answer with the correct option from 0 to 3. Only provide the numeric and nothing else 

Answer: 
assistant
1",1,0,grade3
587,2014,"system
You are a helpful assistant.
user
 QUESTION: Which of these states is farthest west?
OPTIONS:
0: Alabama
1: Illinois
2: South Carolina
3: Connecticut

Answer with the correct option from 0 to 3. Only provide the numeric and nothing else 

Answer: 
assistant
1",1,1,grade3,"system
You are a helpful assistant.
user
 QUESTION: Which of these states is farthest west?
OPTIONS:
0: Alabama
1: Illinois
2: South Carolina
3: Connecticut

Answer with the correct option from 0 to 3. Only provide the numeric and nothing else 

Answer: 
assistant
0",0,1,grade3
588,2015,"system
You are a helpful assistant.
user
 QUESTION: Which continent is highlighted?
OPTIONS:
0: Asia
1: Europe
2: Australia
3: North America

Answer with the correct option from 0 to 3. Only provide the numeric and nothing else 

Answer: 
assistant
1",1,1,grade5,"system
You are a helpful assistant.
user
 QUESTION: Which continent is highlighted?
OPTIONS:
0: Asia
1: Europe
2: Australia
3: North America

Answer with the correct option from 0 to 3. Only provide the numeric and nothing else 

Answer: 
assistant
0",0,1,grade5
