,output,prediction,gold_reference,tag
0,"system
You are a helpful assistant.
user
 QUESTION: How many blue floats are there?
OPTIONS:
0: 0
1: 3
2: 2
3: 1

Answer with the correct option from 0 to 3. Only provide the numeric and nothing else 


Answer: 
assistant
2",2,3,Counting
1,"system
You are a helpful assistant.
user
 QUESTION: How many black toilets are there?
OPTIONS:
0: 3
1: 1
2: 2
3: 0

Answer with the correct option from 0 to 3. Only provide the numeric and nothing else 


Answer: 
assistant
0",0,3,Counting
2,"system
You are a helpful assistant.
user
 QUESTION: How many tvs are hung up on the wall?
OPTIONS:
0: 1
1: 0
2: 2
3: 3

Answer with the correct option from 0 to 3. Only provide the numeric and nothing else 


Answer: 
assistant
0",0,1,Counting
3,"system
You are a helpful assistant.
user
 QUESTION: How many people are in purple?
OPTIONS:
0: 0
1: 1
2: 3
3: 2

Answer with the correct option from 0 to 3. Only provide the numeric and nothing else 


Answer: 
assistant
1",1,1,Counting
4,"system
You are a helpful assistant.
user
 QUESTION: How many colored tiles are above the sink?
OPTIONS:
0: 6
1: 3
2: 4
3: 5

Answer with the correct option from 0 to 3. Only provide the numeric and nothing else 


Answer: 
assistant
3",3,0,Counting
5,"system
You are a helpful assistant.
user
 QUESTION: How many big nuts are in the green bowl?
OPTIONS:
0: 3
1: 5
2: 2
3: 4

Answer with the correct option from 0 to 3. Only provide the numeric and nothing else 


Answer: 
assistant
3",3,0,Counting
6,"system
You are a helpful assistant.
user
 QUESTION: How many baseball players are looking towards the camera?
OPTIONS:
0: 3
1: 2
2: 1
3: 0

Answer with the correct option from 0 to 3. Only provide the numeric and nothing else 


Answer: 
assistant
2",2,2,Counting
7,"system
You are a helpful assistant.
user
 QUESTION: How many people are wearing red shirt?
OPTIONS:
0: 0
1: 1
2: 3
3: 2

Answer with the correct option from 0 to 3. Only provide the numeric and nothing else 


Answer: 
assistant
1",1,1,Counting
8,"system
You are a helpful assistant.
user
 QUESTION: How many black suitcases are pulled in the image?
OPTIONS:
0: 2
1: 4
2: 1
3: 3

Answer with the correct option from 0 to 3. Only provide the numeric and nothing else 


Answer: 
assistant
3",3,0,Counting
9,"system
You are a helpful assistant.
user
 QUESTION: How many tall buildings have a flat top?
OPTIONS:
0: 2
1: 1
2: 0
3: 3

Answer with the correct option from 0 to 3. Only provide the numeric and nothing else 


Answer: 
assistant
1",1,2,Counting
10,"system
You are a helpful assistant.
user
 QUESTION: How many people are eating food?
OPTIONS:
0: 1
1: 0
2: 3
3: 2

Answer with the correct option from 0 to 3. Only provide the numeric and nothing else 


Answer: 
assistant
1",1,1,Counting
11,"system
You are a helpful assistant.
user
 QUESTION: How many glasses are filled with water?
OPTIONS:
0: 5
1: 3
2: 4
3: 2

Answer with the correct option from 0 to 3. Only provide the numeric and nothing else 


Answer: 
assistant
3",3,1,Counting
12,"system
You are a helpful assistant.
user
 QUESTION: How many people are wearing hat?
OPTIONS:
0: 1
1: 3
2: 0
3: 2

Answer with the correct option from 0 to 3. Only provide the numeric and nothing else 


Answer: 
assistant
1",1,0,Counting
13,"system
You are a helpful assistant.
user
 QUESTION: How many motors near the wood horse?
OPTIONS:
0: 1
1: 0
2: 3
3: 2

Answer with the correct option from 0 to 3. Only provide the numeric and nothing else 


Answer: 
assistant
0",0,1,Counting
14,"system
You are a helpful assistant.
user
 QUESTION: How many people are wearing glasses?
OPTIONS:
0: 3
1: 2
2: 0
3: 1

Answer with the correct option from 0 to 3. Only provide the numeric and nothing else 


Answer: 
assistant
3",3,3,Counting
15,"system
You are a helpful assistant.
user
 QUESTION: How many kids are infront of the yellow schoolbus?
OPTIONS:
0: 5
1: 4
2: 3
3: 6

Answer with the correct option from 0 to 3. Only provide the numeric and nothing else 


Answer: 
assistant
2",2,1,Counting
16,"system
You are a helpful assistant.
user
 QUESTION: How many people are wearing a red coat?
OPTIONS:
0: 3
1: 2
2: 1
3: 0

Answer with the correct option from 0 to 3. Only provide the numeric and nothing else 


Answer: 
assistant
2",2,2,Counting
17,"system
You are a helpful assistant.
user
 QUESTION: How many fingers are in front of the bathtub?
OPTIONS:
0: 4
1: 3
2: 2
3: 5

Answer with the correct option from 0 to 3. Only provide the numeric and nothing else 


Answer: 
assistant
2",2,1,Counting
18,"system
You are a helpful assistant.
user
 QUESTION: How many green tiles are on the wall?
OPTIONS:
0: 6
1: 4
2: 5
3: 3

Answer with the correct option from 0 to 3. Only provide the numeric and nothing else 


Answer: 
assistant
2",2,0,Counting
19,"system
You are a helpful assistant.
user
 QUESTION: How many toilets are to the left of the basins?
OPTIONS:
0: 6
1: 3
2: 4
3: 5

Answer with the correct option from 0 to 3. Only provide the numeric and nothing else 


Answer: 
assistant
3",3,0,Counting
20,"system
You are a helpful assistant.
user
 QUESTION: How many red buses are there?
OPTIONS:
0: 1
1: 2
2: 0
3: 3

Answer with the correct option from 0 to 3. Only provide the numeric and nothing else 


Answer: 
assistant
1",1,0,Counting
21,"system
You are a helpful assistant.
user
 QUESTION: How many people are drinking water?
OPTIONS:
0: 1
1: 3
2: 0
3: 2

Answer with the correct option from 0 to 3. Only provide the numeric and nothing else 


Answer: 
assistant
2",2,2,Counting
22,"system
You are a helpful assistant.
user
 QUESTION: How many bananas are on the plate?
OPTIONS:
0: 3
1: 4
2: 6
3: 5

Answer with the correct option from 0 to 3. Only provide the numeric and nothing else 


Answer: 
assistant
2",2,2,Counting
23,"system
You are a helpful assistant.
user
 QUESTION: How many windows are on the front and not the sides of the bus?
OPTIONS:
0: 4
1: 2
2: 3
3: 1

Answer with the correct option from 0 to 3. Only provide the numeric and nothing else 


Answer: 
assistant
2",2,1,Counting
24,"system
You are a helpful assistant.
user
 QUESTION: How many slices of tomatoes are on the plate?
OPTIONS:
0: 4
1: 2
2: 3
3: 1

Answer with the correct option from 0 to 3. Only provide the numeric and nothing else 


Answer: 
assistant
2",2,1,Counting
25,"system
You are a helpful assistant.
user
 QUESTION: How many yellow buses are there?
OPTIONS:
0: 2
1: 0
2: 1
3: 3

Answer with the correct option from 0 to 3. Only provide the numeric and nothing else 


Answer: 
assistant
0",0,1,Counting
26,"system
You are a helpful assistant.
user
 QUESTION: How many people are laying down?
OPTIONS:
0: 2
1: 1
2: 3
3: 0

Answer with the correct option from 0 to 3. Only provide the numeric and nothing else 


Answer: 
assistant
1",1,1,Counting
27,"system
You are a helpful assistant.
user
 QUESTION: How many people are sitting on the bed?
OPTIONS:
0: 3
1: 1
2: 2
3: 0

Answer with the correct option from 0 to 3. Only provide the numeric and nothing else 


Answer: 
assistant
1",1,1,Counting
28,"system
You are a helpful assistant.
user
 QUESTION: How many red cars are there?
OPTIONS:
0: 1
1: 2
2: 3
3: 0

Answer with the correct option from 0 to 3. Only provide the numeric and nothing else 


Answer: 
assistant
0",0,3,Counting
29,"system
You are a helpful assistant.
user
 QUESTION: How many people are wearing a green jacket?
OPTIONS:
0: 3
1: 2
2: 0
3: 1

Answer with the correct option from 0 to 3. Only provide the numeric and nothing else 


Answer: 
assistant
2",2,2,Counting
30,"system
You are a helpful assistant.
user
 QUESTION: How many green train carts are in the picture?
OPTIONS:
0: 1
1: 0
2: 3
3: 2

Answer with the correct option from 0 to 3. Only provide the numeric and nothing else 


Answer: 
assistant
0",0,0,Counting
31,"system
You are a helpful assistant.
user
 QUESTION: How many green frogs are under the table?
OPTIONS:
0: 0
1: 2
2: 3
3: 1

Answer with the correct option from 0 to 3. Only provide the numeric and nothing else 


Answer: 
assistant
0",0,0,Counting
32,"system
You are a helpful assistant.
user
 QUESTION: How many white pillows are in this image?
OPTIONS:
0: 5
1: 3
2: 4
3: 6

Answer with the correct option from 0 to 3. Only provide the numeric and nothing else 


Answer: 
assistant
2",2,2,Counting
33,"system
You are a helpful assistant.
user
 QUESTION: How many ""one way"" signs are pointing to the left in the image?
OPTIONS:
0: 3
1: 5
2: 2
3: 4

Answer with the correct option from 0 to 3. Only provide the numeric and nothing else 


Answer: 
assistant
2",2,0,Counting
34,"system
You are a helpful assistant.
user
 QUESTION: How many kids are sitting on the bench in the image?
OPTIONS:
0: 5
1: 6
2: 3
3: 4

Answer with the correct option from 0 to 3. Only provide the numeric and nothing else 


Answer: 
assistant
4",4,3,Counting
35,"system
You are a helpful assistant.
user
 QUESTION: How many wooden beams are on top of the person?
OPTIONS:
0: 6
1: 5
2: 3
3: 4

Answer with the correct option from 0 to 3. Only provide the numeric and nothing else 


Answer: 
assistant
3",3,1,Counting
36,"system
You are a helpful assistant.
user
 QUESTION: How many people are wearing a white uniform?
OPTIONS:
0: 3
1: 2
2: 0
3: 1

Answer with the correct option from 0 to 3. Only provide the numeric and nothing else 


Answer: 
assistant
1",1,3,Counting
37,"system
You are a helpful assistant.
user
 QUESTION: How many blue collars are in this photo?
OPTIONS:
0: 1
1: 2
2: 3
3: 0

Answer with the correct option from 0 to 3. Only provide the numeric and nothing else 


Answer: 
assistant
1",1,0,Counting
38,"system
You are a helpful assistant.
user
 QUESTION: How many blue buses are there?
OPTIONS:
0: 0
1: 1
2: 3
3: 2

Answer with the correct option from 0 to 3. Only provide the numeric and nothing else 


Answer: 
assistant
3",3,1,Counting
39,"system
You are a helpful assistant.
user
 QUESTION: How many skiers are wearing red?
OPTIONS:
0: 2
1: 3
2: 0
3: 1

Answer with the correct option from 0 to 3. Only provide the numeric and nothing else 


Answer: 
assistant
2",2,2,Counting
40,"system
You are a helpful assistant.
user
 QUESTION: How many parking meters are there in the garden?
OPTIONS:
0: 2
1: 0
2: 1
3: 3

Answer with the correct option from 0 to 3. Only provide the numeric and nothing else 


Answer: 
assistant
1",1,2,Counting
41,"system
You are a helpful assistant.
user
 QUESTION: How many flower pots have flowers in them?
OPTIONS:
0: 5
1: 4
2: 6
3: 3

Answer with the correct option from 0 to 3. Only provide the numeric and nothing else 


Answer: 
assistant
3",3,2,Counting
42,"system
You are a helpful assistant.
user
 QUESTION: How many elephants have their trunks in the water?
OPTIONS:
0: 3
1: 1
2: 0
3: 2

Answer with the correct option from 0 to 3. Only provide the numeric and nothing else 


Answer: 
assistant
1",1,1,Counting
43,"system
You are a helpful assistant.
user
 QUESTION: How many skiers are doing a flip?
OPTIONS:
0: 0
1: 1
2: 3
3: 2

Answer with the correct option from 0 to 3. Only provide the numeric and nothing else 


Answer: 
assistant
0",0,0,Counting
44,"system
You are a helpful assistant.
user
 QUESTION: How many motors are driving near the bus?
OPTIONS:
0: 0
1: 2
2: 3
3: 1

Answer with the correct option from 0 to 3. Only provide the numeric and nothing else 


Answer: 
assistant
0",0,0,Counting
45,"system
You are a helpful assistant.
user
 QUESTION: How many blue circles are on this building?
OPTIONS:
0: 0
1: 3
2: 2
3: 1

Answer with the correct option from 0 to 3. Only provide the numeric and nothing else 


Answer: 
assistant
2",2,3,Counting
46,"system
You are a helpful assistant.
user
 QUESTION: How many people are reading book?
OPTIONS:
0: 1
1: 3
2: 2
3: 0

Answer with the correct option from 0 to 3. Only provide the numeric and nothing else 


Answer: 
assistant
3",3,3,Counting
47,"system
You are a helpful assistant.
user
 QUESTION: How many toilets have lids?
OPTIONS:
0: 4
1: 1
2: 3
3: 2

Answer with the correct option from 0 to 3. Only provide the numeric and nothing else 


Answer: 
assistant
1",1,3,Counting
48,"system
You are a helpful assistant.
user
 QUESTION: How many people are standing in the picture?
OPTIONS:
0: 2
1: 4
2: 1
3: 3

Answer with the correct option from 0 to 3. Only provide the numeric and nothing else 


Answer: 
assistant
2",2,0,Counting
49,"system
You are a helpful assistant.
user
 QUESTION: How many blue towels are in the picture?
OPTIONS:
0: 3
1: 0
2: 2
3: 1

Answer with the correct option from 0 to 3. Only provide the numeric and nothing else 


Answer: 
assistant
2",2,3,Counting
50,"system
You are a helpful assistant.
user
 QUESTION: How many people are eating sandwich?
OPTIONS:
0: 3
1: 2
2: 0
3: 1

Answer with the correct option from 0 to 3. Only provide the numeric and nothing else 


Answer: 
assistant
0",0,2,Counting
51,"system
You are a helpful assistant.
user
 QUESTION: How many red motorcycles are in the picture?
OPTIONS:
0: 2
1: 1
2: 0
3: 3

Answer with the correct option from 0 to 3. Only provide the numeric and nothing else 


Answer: 
assistant
1",1,1,Counting
52,"system
You are a helpful assistant.
user
 QUESTION: How many clear bottles of wine are on the table?
OPTIONS:
0: 1
1: 3
2: 2
3: 0

Answer with the correct option from 0 to 3. Only provide the numeric and nothing else 


Answer: 
assistant
2",2,0,Counting
53,"system
You are a helpful assistant.
user
 QUESTION: How many knobs are on the stove?
OPTIONS:
0: 5
1: 4
2: 6
3: 3

Answer with the correct option from 0 to 3. Only provide the numeric and nothing else 


Answer: 
assistant
2",2,2,Counting
54,"system
You are a helpful assistant.
user
 QUESTION: How many pieces of chicken nuggets are there?
OPTIONS:
0: 5
1: 6
2: 3
3: 4

Answer with the correct option from 0 to 3. Only provide the numeric and nothing else 


Answer: 
assistant
3",3,3,Counting
55,"system
You are a helpful assistant.
user
 QUESTION: How many candlights are to the right of the television?
OPTIONS:
0: 2
1: 5
2: 4
3: 3

Answer with the correct option from 0 to 3. Only provide the numeric and nothing else 


Answer: 
assistant
2",2,3,Counting
56,"system
You are a helpful assistant.
user
 QUESTION: How many players are wearing face guards in the image?
OPTIONS:
0: 1
1: 4
2: 3
3: 2

Answer with the correct option from 0 to 3. Only provide the numeric and nothing else 


Answer: 
assistant
3",3,3,Counting
57,"system
You are a helpful assistant.
user
 QUESTION: How many drive wheels are on the engine?
OPTIONS:
0: 5
1: 4
2: 2
3: 3

Answer with the correct option from 0 to 3. Only provide the numeric and nothing else 


Answer: 
assistant
2",2,3,Counting
58,"system
You are a helpful assistant.
user
 QUESTION: How many people are wearing white hats?
OPTIONS:
0: 5
1: 6
2: 4
3: 3

Answer with the correct option from 0 to 3. Only provide the numeric and nothing else 


Answer: 
assistant
2",2,2,Counting
59,"system
You are a helpful assistant.
user
 QUESTION: How many plates are holding sandwiches?
OPTIONS:
0: 2
1: 4
2: 5
3: 3

Answer with the correct option from 0 to 3. Only provide the numeric and nothing else 


Answer: 
assistant
3",3,3,Counting
60,"system
You are a helpful assistant.
user
 QUESTION: How many people are sitting near motor?
OPTIONS:
0: 1
1: 3
2: 0
3: 2

Answer with the correct option from 0 to 3. Only provide the numeric and nothing else 


Answer: 
assistant
1",1,2,Counting
61,"system
You are a helpful assistant.
user
 QUESTION: How many men are looking through a camera?
OPTIONS:
0: 2
1: 0
2: 3
3: 1

Answer with the correct option from 0 to 3. Only provide the numeric and nothing else 


Answer: 
assistant
3",3,3,Counting
62,"system
You are a helpful assistant.
user
 QUESTION: How many cows are on the train?
OPTIONS:
0: 3
1: 1
2: 2
3: 0

Answer with the correct option from 0 to 3. Only provide the numeric and nothing else 


Answer: 
assistant
0",0,3,Counting
63,"system
You are a helpful assistant.
user
 QUESTION: How many burners are on the stove?
OPTIONS:
0: 5
1: 4
2: 3
3: 6

Answer with the correct option from 0 to 3. Only provide the numeric and nothing else 


Answer: 
assistant
1",1,1,Counting
64,"system
You are a helpful assistant.
user
 QUESTION: How many red letters are on the front of the train?
OPTIONS:
0: 6
1: 3
2: 5
3: 4

Answer with the correct option from 0 to 3. Only provide the numeric and nothing else 


Answer: 
assistant
3",3,2,Counting
65,"system
You are a helpful assistant.
user
 QUESTION: How many gloves on the woman's hands are showing more than one color?
OPTIONS:
0: 3
1: 1
2: 0
3: 2

Answer with the correct option from 0 to 3. Only provide the numeric and nothing else 


Answer: 
assistant
2",2,1,Counting
66,"system
You are a helpful assistant.
user
 QUESTION: How many white umbrellas are there on the left side?
OPTIONS:
0: 2
1: 5
2: 4
3: 3

Answer with the correct option from 0 to 3. Only provide the numeric and nothing else 


Answer: 
assistant
3",3,3,Counting
67,"system
You are a helpful assistant.
user
 QUESTION: How many people are holding a baseball bat?
OPTIONS:
0: 2
1: 0
2: 3
3: 1

Answer with the correct option from 0 to 3. Only provide the numeric and nothing else 


Answer: 
assistant
3",3,3,Counting
68,"system
You are a helpful assistant.
user
 QUESTION: How many of the glowing letters in the image are common vowels?
OPTIONS:
0: 5
1: 4
2: 3
3: 6

Answer with the correct option from 0 to 3. Only provide the numeric and nothing else 


Answer: 
assistant
2",2,1,Counting
69,"system
You are a helpful assistant.
user
 QUESTION: How many doors with red line are on the train?
OPTIONS:
0: 2
1: 4
2: 3
3: 1

Answer with the correct option from 0 to 3. Only provide the numeric and nothing else 


Answer: 
assistant
2",2,0,Counting
70,"system
You are a helpful assistant.
user
 QUESTION: How many yellow stars are on a colorful bridge?
OPTIONS:
0: 4
1: 3
2: 2
3: 1

Answer with the correct option from 0 to 3. Only provide the numeric and nothing else 


Answer: 
assistant
2",2,2,Counting
71,"system
You are a helpful assistant.
user
 QUESTION: How many purple planes are there?
OPTIONS:
0: 1
1: 2
2: 0
3: 3

Answer with the correct option from 0 to 3. Only provide the numeric and nothing else 


Answer: 
assistant
0",0,2,Counting
72,"system
You are a helpful assistant.
user
 QUESTION: How many elephants are in the water?
OPTIONS:
0: 3
1: 2
2: 1
3: 4

Answer with the correct option from 0 to 3. Only provide the numeric and nothing else 


Answer: 
assistant
2",2,1,Counting
73,"system
You are a helpful assistant.
user
 QUESTION: How many of the glasses are empty?
OPTIONS:
0: 0
1: 2
2: 3
3: 1

Answer with the correct option from 0 to 3. Only provide the numeric and nothing else 


Answer: 
assistant
0",0,3,Counting
74,"system
You are a helpful assistant.
user
 QUESTION: How many people are reflected in the mirror?
OPTIONS:
0: 2
1: 1
2: 3
3: 4

Answer with the correct option from 0 to 3. Only provide the numeric and nothing else 


Answer: 
assistant
2",2,0,Counting
75,"system
You are a helpful assistant.
user
 QUESTION: How many people ski on the mountain?
OPTIONS:
0: 2
1: 3
2: 1
3: 0

Answer with the correct option from 0 to 3. Only provide the numeric and nothing else 


Answer: 
assistant
2",2,2,Counting
76,"system
You are a helpful assistant.
user
 QUESTION: How many people are wearing suit?
OPTIONS:
0: 3
1: 1
2: 0
3: 2

Answer with the correct option from 0 to 3. Only provide the numeric and nothing else 


Answer: 
assistant
1",1,1,Counting
77,"system
You are a helpful assistant.
user
 QUESTION: How many people are climbing on the wall?
OPTIONS:
0: 1
1: 3
2: 0
3: 2

Answer with the correct option from 0 to 3. Only provide the numeric and nothing else 


Answer: 
assistant
2",2,2,Counting
78,"system
You are a helpful assistant.
user
 QUESTION: How many of the letters printed on the climber's snowboard are consonants?
OPTIONS:
0: 2
1: 5
2: 4
3: 3

Answer with the correct option from 0 to 3. Only provide the numeric and nothing else 


Answer: 
assistant
2",2,3,Counting
79,"system
You are a helpful assistant.
user
 QUESTION: How many empty blue seats are in the picture?
OPTIONS:
0: 3
1: 5
2: 2
3: 4

Answer with the correct option from 0 to 3. Only provide the numeric and nothing else 


Answer: 
assistant
2",2,0,Counting
80,"system
You are a helpful assistant.
user
 QUESTION: How many players are wearing red shirts?
OPTIONS:
0: 1
1: 4
2: 2
3: 3

Answer with the correct option from 0 to 3. Only provide the numeric and nothing else 


Answer: 
assistant
2",2,2,Counting
81,"system
You are a helpful assistant.
user
 QUESTION: How many people are in the water?
OPTIONS:
0: 4
1: 3
2: 5
3: 6

Answer with the correct option from 0 to 3. Only provide the numeric and nothing else 


Answer: 
assistant
3",3,0,Counting
82,"system
You are a helpful assistant.
user
 QUESTION: How many person in the images is wearing cap?
OPTIONS:
0: 4
1: 5
2: 3
3: 2

Answer with the correct option from 0 to 3. Only provide the numeric and nothing else 


Answer: 
assistant
3",3,2,Counting
83,"system
You are a helpful assistant.
user
 QUESTION: How many people are wearing a white hat?
OPTIONS:
0: 4
1: 3
2: 5
3: 6

Answer with the correct option from 0 to 3. Only provide the numeric and nothing else 


Answer: 
assistant
3",3,0,Counting
84,"system
You are a helpful assistant.
user
 QUESTION: How many telephone poles are to the right of the truck?
OPTIONS:
0: 5
1: 2
2: 4
3: 3

Answer with the correct option from 0 to 3. Only provide the numeric and nothing else 


Answer: 
assistant
2",2,3,Counting
85,"system
You are a helpful assistant.
user
 QUESTION: How many banners do you see in the awning?
OPTIONS:
0: 6
1: 5
2: 3
3: 4

Answer with the correct option from 0 to 3. Only provide the numeric and nothing else 


Answer: 
assistant
3",3,0,Counting
86,"system
You are a helpful assistant.
user
 QUESTION: How many people are eating apples?
OPTIONS:
0: 0
1: 1
2: 3
3: 2

Answer with the correct option from 0 to 3. Only provide the numeric and nothing else 


Answer: 
assistant
0",0,0,Counting
87,"system
You are a helpful assistant.
user
 QUESTION: How many of the bears are yellow?
OPTIONS:
0: 4
1: 3
2: 5
3: 6

Answer with the correct option from 0 to 3. Only provide the numeric and nothing else 


Answer: 
assistant
0",0,2,Counting
88,"system
You are a helpful assistant.
user
 QUESTION: How many plates on the counter?
OPTIONS:
0: 4
1: 5
2: 3
3: 6

Answer with the correct option from 0 to 3. Only provide the numeric and nothing else 


Answer: 
assistant
2",2,0,Counting
89,"system
You are a helpful assistant.
user
 QUESTION: How many signs have black letters?
OPTIONS:
0: 2
1: 1
2: 4
3: 3

Answer with the correct option from 0 to 3. Only provide the numeric and nothing else 


Answer: 
assistant
1",1,0,Counting
90,"system
You are a helpful assistant.
user
 QUESTION: How many words on the sign in this image have the letter ""i"" in them?
OPTIONS:
0: 4
1: 3
2: 5
3: 2

Answer with the correct option from 0 to 3. Only provide the numeric and nothing else 


Answer: 
assistant
3",3,1,Counting
91,"system
You are a helpful assistant.
user
 QUESTION: How many people are carrying tennis rackets?
OPTIONS:
0: 1
1: 4
2: 2
3: 3

Answer with the correct option from 0 to 3. Only provide the numeric and nothing else 


Answer: 
assistant
2",2,2,Counting
92,"system
You are a helpful assistant.
user
 QUESTION: How many people are washing hand?
OPTIONS:
0: 1
1: 3
2: 2
3: 0

Answer with the correct option from 0 to 3. Only provide the numeric and nothing else 


Answer: 
assistant
3",3,3,Counting
93,"system
You are a helpful assistant.
user
 QUESTION: How many people are driving white motor on the street?
OPTIONS:
0: 1
1: 3
2: 0
3: 2

Answer with the correct option from 0 to 3. Only provide the numeric and nothing else 


Answer: 
assistant
2",2,2,Counting
94,"system
You are a helpful assistant.
user
 QUESTION: How many people without hats are there?
OPTIONS:
0: 0
1: 3
2: 1
3: 2

Answer with the correct option from 0 to 3. Only provide the numeric and nothing else 


Answer: 
assistant
0",0,0,Counting
95,"system
You are a helpful assistant.
user
 QUESTION: How many sinking boats are there?
OPTIONS:
0: 3
1: 2
2: 1
3: 0

Answer with the correct option from 0 to 3. Only provide the numeric and nothing else 


Answer: 
assistant
3",3,3,Counting
96,"system
You are a helpful assistant.
user
 QUESTION: How many people in this image are wearing solid red shirts?
OPTIONS:
0: 2
1: 5
2: 3
3: 4

Answer with the correct option from 0 to 3. Only provide the numeric and nothing else 


Answer: 
assistant
2",2,2,Counting
97,"system
You are a helpful assistant.
user
 QUESTION: How many trains are stopped at a station?
OPTIONS:
0: 2
1: 1
2: 3
3: 0

Answer with the correct option from 0 to 3. Only provide the numeric and nothing else 


Answer: 
assistant
3",3,3,Counting
98,"system
You are a helpful assistant.
user
 QUESTION: How many people are driving red car front of the train?
OPTIONS:
0: 0
1: 1
2: 3
3: 2

Answer with the correct option from 0 to 3. Only provide the numeric and nothing else 


Answer: 
assistant
0",0,0,Counting
99,"system
You are a helpful assistant.
user
 QUESTION: How many white fridges are there in the image ?
OPTIONS:
0: 3
1: 2
2: 0
3: 1

Answer with the correct option from 0 to 3. Only provide the numeric and nothing else 


Answer: 
assistant
1",1,3,Counting
100,"system
You are a helpful assistant.
user
 QUESTION: How many red buildings are there?
OPTIONS:
0: 3
1: 0
2: 1
3: 2

Answer with the correct option from 0 to 3. Only provide the numeric and nothing else 


Answer: 
assistant
1",1,1,Counting
101,"system
You are a helpful assistant.
user
 QUESTION: How many people are wearing blue shirt?
OPTIONS:
0: 2
1: 4
2: 3
3: 1

Answer with the correct option from 0 to 3. Only provide the numeric and nothing else 


Answer: 
assistant
2",2,0,Counting
102,"system
You are a helpful assistant.
user
 QUESTION: How many people are wearing yellow jacket?
OPTIONS:
0: 3
1: 0
2: 1
3: 2

Answer with the correct option from 0 to 3. Only provide the numeric and nothing else 


Answer: 
assistant
2",2,2,Counting
103,"system
You are a helpful assistant.
user
 QUESTION: How many signs have faces on them?
OPTIONS:
0: 2
1: 3
2: 4
3: 1

Answer with the correct option from 0 to 3. Only provide the numeric and nothing else 


Answer: 
assistant
3",3,0,Counting
104,"system
You are a helpful assistant.
user
 QUESTION: How many signs with arrows are in the picture?
OPTIONS:
0: 4
1: 1
2: 2
3: 3

Answer with the correct option from 0 to 3. Only provide the numeric and nothing else 


Answer: 
assistant
1",1,2,Counting
105,"system
You are a helpful assistant.
user
 QUESTION: How many white vertical lines are drawn on the ground?
OPTIONS:
0: 3
1: 6
2: 5
3: 4

Answer with the correct option from 0 to 3. Only provide the numeric and nothing else 


Answer: 
assistant
3",3,2,Counting
106,"system
You are a helpful assistant.
user
 QUESTION: How many people are sitting in the image?
OPTIONS:
0: 5
1: 4
2: 3
3: 2

Answer with the correct option from 0 to 3. Only provide the numeric and nothing else 


Answer: 
assistant
2",2,2,Counting
107,"system
You are a helpful assistant.
user
 QUESTION: How many words written in white chalk are on the chalkboard?
OPTIONS:
0: 2
1: 4
2: 3
3: 5

Answer with the correct option from 0 to 3. Only provide the numeric and nothing else 


Answer: 
assistant
2",2,2,Counting
108,"system
You are a helpful assistant.
user
 QUESTION: How many people are wearing glasses?
OPTIONS:
0: 2
1: 1
2: 3
3: 0

Answer with the correct option from 0 to 3. Only provide the numeric and nothing else 


Answer: 
assistant
1",1,1,Counting
109,"system
You are a helpful assistant.
user
 QUESTION: How many red bikes are in the picture?
OPTIONS:
0: 4
1: 2
2: 3
3: 1

Answer with the correct option from 0 to 3. Only provide the numeric and nothing else 


Answer: 
assistant
2",2,1,Counting
110,"system
You are a helpful assistant.
user
 QUESTION: How many tigers are running near the sheep?
OPTIONS:
0: 1
1: 2
2: 3
3: 0

Answer with the correct option from 0 to 3. Only provide the numeric and nothing else 


Answer: 
assistant
3",3,3,Counting
111,"system
You are a helpful assistant.
user
 QUESTION: How many bottles are on the round table at the bottom of the photo?
OPTIONS:
0: 1
1: 2
2: 3
3: 4

Answer with the correct option from 0 to 3. Only provide the numeric and nothing else 


Answer: 
assistant
2",2,1,Counting
112,"system
You are a helpful assistant.
user
 QUESTION: How many of the cars a black?
OPTIONS:
0: 2
1: 1
2: 0
3: 3

Answer with the correct option from 0 to 3. Only provide the numeric and nothing else 


Answer: 
assistant
1",1,1,Counting
113,"system
You are a helpful assistant.
user
 QUESTION: How many people are standing near the right of the giraffe ?
OPTIONS:
0: 0
1: 1
2: 2
3: 3

Answer with the correct option from 0 to 3. Only provide the numeric and nothing else 


Answer: 
assistant
0",0,0,Counting
114,"system
You are a helpful assistant.
user
 QUESTION: How many birds are facing the right of frame?
OPTIONS:
0: 3
1: 2
2: 0
3: 1

Answer with the correct option from 0 to 3. Only provide the numeric and nothing else 


Answer: 
assistant
2",2,3,Counting
115,"system
You are a helpful assistant.
user
 QUESTION: How many people are playing in tennis?
OPTIONS:
0: 4
1: 5
2: 6
3: 3

Answer with the correct option from 0 to 3. Only provide the numeric and nothing else 


Answer: 
assistant
3",3,0,Counting
116,"system
You are a helpful assistant.
user
 QUESTION: How many yellow cars are in the picture?
OPTIONS:
0: 0
1: 3
2: 2
3: 1

Answer with the correct option from 0 to 3. Only provide the numeric and nothing else 


Answer: 
assistant
3",3,3,Counting
117,"system
You are a helpful assistant.
user
 QUESTION: How many people are not wearing a blue hat?
OPTIONS:
0: 2
1: 3
2: 0
3: 1

Answer with the correct option from 0 to 3. Only provide the numeric and nothing else 


Answer: 
assistant
2",2,3,Counting
118,"system
You are a helpful assistant.
user
 QUESTION: How many people are wearing yellow shirt?
OPTIONS:
0: 1
1: 3
2: 0
3: 2

Answer with the correct option from 0 to 3. Only provide the numeric and nothing else 


Answer: 
assistant
2",2,2,Counting
119,"system
You are a helpful assistant.
user
 QUESTION: How many small signs say ""kumquat"" on them?
OPTIONS:
0: 1
1: 3
2: 2
3: 0

Answer with the correct option from 0 to 3. Only provide the numeric and nothing else 


Answer: 
assistant
1",1,0,Counting
120,"system
You are a helpful assistant.
user
 QUESTION: Which one picture follows the same pattern or rule established by the previous pictures?
OPTIONS:
0: Picture A
1: Picture B
2: Picture C
3: Picture D

Answer with the correct option from 0 to 3. Only provide the numeric and nothing else 


Answer: 
assistant
2",2,2,IQ Test
121,"system
You are a helpful assistant.
user
 QUESTION: Which one picture follows the same pattern or rule established by the previous pictures?
OPTIONS:
0: Picture A
1: Picture B
2: Picture C
3: Picture D

Answer with the correct option from 0 to 3. Only provide the numeric and nothing else 


Answer: 
assistant
2",2,3,IQ Test
122,"system
You are a helpful assistant.
user
 QUESTION: Which one picture follows the same pattern or rule established by the previous pictures?
OPTIONS:
0: Picture A
1: Picture B
2: Picture C
3: Picture D

Answer with the correct option from 0 to 3. Only provide the numeric and nothing else 


Answer: 
assistant
2",2,0,IQ Test
123,"system
You are a helpful assistant.
user
 QUESTION: Which one picture follows the same pattern or rule established by the previous pictures?
OPTIONS:
0: Picture A
1: Picture B
2: Picture C
3: Picture D

Answer with the correct option from 0 to 3. Only provide the numeric and nothing else 


Answer: 
assistant
2",2,3,IQ Test
124,"system
You are a helpful assistant.
user
 QUESTION: Which one picture can be folded from the outer surface displayed on the left?
OPTIONS:
0: Picture A
1: Picture B
2: Picture C
3: Picture D

Answer with the correct option from 0 to 3. Only provide the numeric and nothing else 


Answer: 
assistant
2",2,0,IQ Test
125,"system
You are a helpful assistant.
user
 QUESTION: Which one picture follows the same pattern or rule established by the previous pictures?
OPTIONS:
0: Picture A
1: Picture B
2: Picture C
3: Picture D

Answer with the correct option from 0 to 3. Only provide the numeric and nothing else 


Answer: 
assistant
2",2,3,IQ Test
126,"system
You are a helpful assistant.
user
 QUESTION: Which one picture follows the same pattern or rule established by the previous pictures?
OPTIONS:
0: Picture A
1: Picture B
2: Picture C
3: Picture D

Answer with the correct option from 0 to 3. Only provide the numeric and nothing else 


Answer: 
assistant
2",2,0,IQ Test
127,"system
You are a helpful assistant.
user
 QUESTION: Which one picture follows the same pattern or rule established by the previous pictures?
OPTIONS:
0: Picture A
1: Picture B
2: Picture C
3: Picture D

Answer with the correct option from 0 to 3. Only provide the numeric and nothing else 


Answer: 
assistant
2",2,1,IQ Test
128,"system
You are a helpful assistant.
user
 QUESTION: Which one picture follows the same pattern or rule established by the previous pictures?
OPTIONS:
0: Picture A
1: Picture B
2: Picture C
3: Picture D

Answer with the correct option from 0 to 3. Only provide the numeric and nothing else 


Answer: 
assistant
2",2,3,IQ Test
129,"system
You are a helpful assistant.
user
 QUESTION: Which one picture follows the same pattern or rule established by the previous pictures?
OPTIONS:
0: Picture A
1: Picture B
2: Picture C
3: Picture D

Answer with the correct option from 0 to 3. Only provide the numeric and nothing else 


Answer: 
assistant
1",1,1,IQ Test
130,"system
You are a helpful assistant.
user
 QUESTION: Which one picture follows the same pattern or rule established by the previous pictures?
OPTIONS:
0: Picture A
1: Picture B
2: Picture C
3: Picture D

Answer with the correct option from 0 to 3. Only provide the numeric and nothing else 


Answer: 
assistant
2",2,2,IQ Test
131,"system
You are a helpful assistant.
user
 QUESTION: Which one picture follows the same pattern or rule established by the previous pictures?
OPTIONS:
0: Picture A
1: Picture B
2: Picture C
3: Picture D

Answer with the correct option from 0 to 3. Only provide the numeric and nothing else 


Answer: 
assistant
2",2,3,IQ Test
132,"system
You are a helpful assistant.
user
 QUESTION: Which one picture follows the same pattern or rule established by the previous pictures?
OPTIONS:
0: Picture A
1: Picture B
2: Picture C
3: Picture D

Answer with the correct option from 0 to 3. Only provide the numeric and nothing else 


Answer: 
assistant
2",2,2,IQ Test
133,"system
You are a helpful assistant.
user
 QUESTION: Which one picture follows the same pattern or rule established by the previous pictures?
OPTIONS:
0: Picture A
1: Picture B
2: Picture C
3: Picture D

Answer with the correct option from 0 to 3. Only provide the numeric and nothing else 


Answer: 
assistant
2",2,2,IQ Test
134,"system
You are a helpful assistant.
user
 QUESTION: Which one picture follows the same pattern or rule established by the previous pictures?
OPTIONS:
0: Picture A
1: Picture B
2: Picture C
3: Picture D

Answer with the correct option from 0 to 3. Only provide the numeric and nothing else 


Answer: 
assistant
2",2,0,IQ Test
135,"system
You are a helpful assistant.
user
 QUESTION: Which one picture follows the same pattern or rule established by the previous pictures?
OPTIONS:
0: Picture A
1: Picture B
2: Picture C
3: Picture D

Answer with the correct option from 0 to 3. Only provide the numeric and nothing else 


Answer: 
assistant
3",3,2,IQ Test
136,"system
You are a helpful assistant.
user
 QUESTION: Which one picture follows the same pattern or rule established by the previous pictures?
OPTIONS:
0: Picture A
1: Picture B
2: Picture C
3: Picture D

Answer with the correct option from 0 to 3. Only provide the numeric and nothing else 


Answer: 
assistant
2",2,3,IQ Test
137,"system
You are a helpful assistant.
user
 QUESTION: Which one picture can be folded from the outer surface displayed on the left?
OPTIONS:
0: Picture A
1: Picture B
2: Picture C
3: Picture D

Answer with the correct option from 0 to 3. Only provide the numeric and nothing else 


Answer: 
assistant
2",2,3,IQ Test
138,"system
You are a helpful assistant.
user
 QUESTION: Which one picture follows the same pattern or rule established by the previous pictures?
OPTIONS:
0: Picture A
1: Picture B
2: Picture C
3: Picture D

Answer with the correct option from 0 to 3. Only provide the numeric and nothing else 


Answer: 
assistant
3",3,3,IQ Test
139,"system
You are a helpful assistant.
user
 QUESTION: Which one picture follows the same pattern or rule established by the previous pictures?
OPTIONS:
0: Picture A
1: Picture B
2: Picture C
3: Picture D

Answer with the correct option from 0 to 3. Only provide the numeric and nothing else 


Answer: 
assistant
2",2,2,IQ Test
140,"system
You are a helpful assistant.
user
 QUESTION: Which one picture follows the same pattern or rule established by the previous pictures?
OPTIONS:
0: Picture A
1: Picture B
2: Picture C
3: Picture D

Answer with the correct option from 0 to 3. Only provide the numeric and nothing else 


Answer: 
assistant
1",1,1,IQ Test
141,"system
You are a helpful assistant.
user
 QUESTION: Which one picture follows the same pattern or rule established by the previous pictures?
OPTIONS:
0: Picture A
1: Picture B
2: Picture C
3: Picture D

Answer with the correct option from 0 to 3. Only provide the numeric and nothing else 


Answer: 
assistant
2",2,3,IQ Test
142,"system
You are a helpful assistant.
user
 QUESTION: Which one picture follows the same pattern or rule established by the previous pictures?
OPTIONS:
0: Picture A
1: Picture B
2: Picture C
3: Picture D

Answer with the correct option from 0 to 3. Only provide the numeric and nothing else 


Answer: 
assistant
2",2,3,IQ Test
143,"system
You are a helpful assistant.
user
 QUESTION: Which one picture can be folded from the outer surface displayed on the left?
OPTIONS:
0: Picture A
1: Picture B
2: Picture C
3: Picture D

Answer with the correct option from 0 to 3. Only provide the numeric and nothing else 


Answer: 
assistant
2",2,1,IQ Test
144,"system
You are a helpful assistant.
user
 QUESTION: Which one picture follows the same pattern or rule established by the previous pictures?
OPTIONS:
0: Picture A
1: Picture B
2: Picture C
3: Picture D

Answer with the correct option from 0 to 3. Only provide the numeric and nothing else 


Answer: 
assistant
2",2,0,IQ Test
145,"system
You are a helpful assistant.
user
 QUESTION: Which one picture follows the same pattern or rule established by the previous pictures?
OPTIONS:
0: Picture A
1: Picture B
2: Picture C
3: Picture D

Answer with the correct option from 0 to 3. Only provide the numeric and nothing else 


Answer: 
assistant
2",2,1,IQ Test
146,"system
You are a helpful assistant.
user
 QUESTION: Which one picture follows the same pattern or rule established by the previous pictures?
OPTIONS:
0: Picture A
1: Picture B
2: Picture C
3: Picture D

Answer with the correct option from 0 to 3. Only provide the numeric and nothing else 


Answer: 
assistant
2",2,1,IQ Test
147,"system
You are a helpful assistant.
user
 QUESTION: Which one picture can be folded from the outer surface displayed on the left?
OPTIONS:
0: Picture A
1: Picture B
2: Picture C
3: Picture D

Answer with the correct option from 0 to 3. Only provide the numeric and nothing else 


Answer: 
assistant
1",1,0,IQ Test
148,"system
You are a helpful assistant.
user
 QUESTION: Which one picture follows the same pattern or rule established by the previous pictures?
OPTIONS:
0: Picture A
1: Picture B
2: Picture C
3: Picture D

Answer with the correct option from 0 to 3. Only provide the numeric and nothing else 


Answer: 
assistant
2",2,1,IQ Test
149,"system
You are a helpful assistant.
user
 QUESTION: Which one picture follows the same pattern or rule established by the previous pictures?
OPTIONS:
0: Picture A
1: Picture B
2: Picture C
3: Picture D

Answer with the correct option from 0 to 3. Only provide the numeric and nothing else 


Answer: 
assistant
2",2,2,IQ Test
150,"system
You are a helpful assistant.
user
 QUESTION: Which one picture follows the same pattern or rule established by the previous pictures?
OPTIONS:
0: Picture A
1: Picture B
2: Picture C
3: Picture D

Answer with the correct option from 0 to 3. Only provide the numeric and nothing else 


Answer: 
assistant
2",2,2,IQ Test
151,"system
You are a helpful assistant.
user
 QUESTION: Which one picture follows the same pattern or rule established by the previous pictures?
OPTIONS:
0: Picture A
1: Picture B
2: Picture C
3: Picture D

Answer with the correct option from 0 to 3. Only provide the numeric and nothing else 


Answer: 
assistant
2",2,2,IQ Test
152,"system
You are a helpful assistant.
user
 QUESTION: Which one picture follows the same pattern or rule established by the previous pictures?
OPTIONS:
0: Picture A
1: Picture B
2: Picture C
3: Picture D

Answer with the correct option from 0 to 3. Only provide the numeric and nothing else 


Answer: 
assistant
3",3,3,IQ Test
153,"system
You are a helpful assistant.
user
 QUESTION: Which one picture follows the same pattern or rule established by the previous pictures?
OPTIONS:
0: Picture A
1: Picture B
2: Picture C
3: Picture D

Answer with the correct option from 0 to 3. Only provide the numeric and nothing else 


Answer: 
assistant
2",2,0,IQ Test
154,"system
You are a helpful assistant.
user
 QUESTION: Which one picture follows the same pattern or rule established by the previous pictures?
OPTIONS:
0: Picture A
1: Picture B
2: Picture C
3: Picture D

Answer with the correct option from 0 to 3. Only provide the numeric and nothing else 


Answer: 
assistant
2",2,1,IQ Test
155,"system
You are a helpful assistant.
user
 QUESTION: Which one picture follows the same pattern or rule established by the previous pictures?
OPTIONS:
0: Picture A
1: Picture B
2: Picture C
3: Picture D

Answer with the correct option from 0 to 3. Only provide the numeric and nothing else 


Answer: 
assistant
2",2,0,IQ Test
156,"system
You are a helpful assistant.
user
 QUESTION: Which one picture follows the same pattern or rule established by the previous pictures?
OPTIONS:
0: Picture A
1: Picture B
2: Picture C
3: Picture D

Answer with the correct option from 0 to 3. Only provide the numeric and nothing else 


Answer: 
assistant
3",3,2,IQ Test
157,"system
You are a helpful assistant.
user
 QUESTION: Which one picture follows the same pattern or rule established by the previous pictures?
OPTIONS:
0: Picture A
1: Picture B
2: Picture C
3: Picture D

Answer with the correct option from 0 to 3. Only provide the numeric and nothing else 


Answer: 
assistant
2",2,3,IQ Test
158,"system
You are a helpful assistant.
user
 QUESTION: Which one picture follows the same pattern or rule established by the previous pictures?
OPTIONS:
0: Picture A
1: Picture B
2: Picture C
3: Picture D

Answer with the correct option from 0 to 3. Only provide the numeric and nothing else 


Answer: 
assistant
2",2,2,IQ Test
159,"system
You are a helpful assistant.
user
 QUESTION: Which one picture follows the same pattern or rule established by the previous pictures?
OPTIONS:
0: Picture A
1: Picture B
2: Picture C
3: Picture D

Answer with the correct option from 0 to 3. Only provide the numeric and nothing else 


Answer: 
assistant
1",1,3,IQ Test
160,"system
You are a helpful assistant.
user
 QUESTION: Which one picture follows the same pattern or rule established by the previous pictures?
OPTIONS:
0: Picture A
1: Picture B
2: Picture C
3: Picture D

Answer with the correct option from 0 to 3. Only provide the numeric and nothing else 


Answer: 
assistant
2",2,1,IQ Test
161,"system
You are a helpful assistant.
user
 QUESTION: Which one picture follows the same pattern or rule established by the previous pictures?
OPTIONS:
0: Picture A
1: Picture B
2: Picture C
3: Picture D

Answer with the correct option from 0 to 3. Only provide the numeric and nothing else 


Answer: 
assistant
2",2,3,IQ Test
162,"system
You are a helpful assistant.
user
 QUESTION: Which one picture follows the same pattern or rule established by the previous pictures?
OPTIONS:
0: Picture A
1: Picture B
2: Picture C
3: Picture D

Answer with the correct option from 0 to 3. Only provide the numeric and nothing else 


Answer: 
assistant
2",2,1,IQ Test
163,"system
You are a helpful assistant.
user
 QUESTION: Which one picture follows the same pattern or rule established by the previous pictures?
OPTIONS:
0: Picture A
1: Picture B
2: Picture C
3: Picture D

Answer with the correct option from 0 to 3. Only provide the numeric and nothing else 


Answer: 
assistant
2",2,2,IQ Test
164,"system
You are a helpful assistant.
user
 QUESTION: Which one picture follows the same pattern or rule established by the previous pictures?
OPTIONS:
0: Picture A
1: Picture B
2: Picture C
3: Picture D

Answer with the correct option from 0 to 3. Only provide the numeric and nothing else 


Answer: 
assistant
3",3,0,IQ Test
165,"system
You are a helpful assistant.
user
 QUESTION: Which one picture follows the same pattern or rule established by the previous pictures?
OPTIONS:
0: Picture A
1: Picture B
2: Picture C
3: Picture D

Answer with the correct option from 0 to 3. Only provide the numeric and nothing else 


Answer: 
assistant
2",2,1,IQ Test
166,"system
You are a helpful assistant.
user
 QUESTION: Which one picture follows the same pattern or rule established by the previous pictures?
OPTIONS:
0: Picture A
1: Picture B
2: Picture C
3: Picture D

Answer with the correct option from 0 to 3. Only provide the numeric and nothing else 


Answer: 
assistant
2",2,3,IQ Test
167,"system
You are a helpful assistant.
user
 QUESTION: Which one picture follows the same pattern or rule established by the previous pictures?
OPTIONS:
0: Picture A
1: Picture B
2: Picture C
3: Picture D

Answer with the correct option from 0 to 3. Only provide the numeric and nothing else 


Answer: 
assistant
2",2,1,IQ Test
168,"system
You are a helpful assistant.
user
 QUESTION: Which one picture follows the same pattern or rule established by the previous pictures?
OPTIONS:
0: Picture A
1: Picture B
2: Picture C
3: Picture D

Answer with the correct option from 0 to 3. Only provide the numeric and nothing else 


Answer: 
assistant
3",3,1,IQ Test
169,"system
You are a helpful assistant.
user
 QUESTION: Which one picture follows the same pattern or rule established by the previous pictures?
OPTIONS:
0: Picture A
1: Picture B
2: Picture C
3: Picture D

Answer with the correct option from 0 to 3. Only provide the numeric and nothing else 


Answer: 
assistant
2",2,0,IQ Test
170,"system
You are a helpful assistant.
user
 QUESTION: Which one picture follows the same pattern or rule established by the previous pictures?
OPTIONS:
0: Picture A
1: Picture B
2: Picture C
3: Picture D

Answer with the correct option from 0 to 3. Only provide the numeric and nothing else 


Answer: 
assistant
2",2,1,IQ Test
171,"system
You are a helpful assistant.
user
 QUESTION: Which one picture follows the same pattern or rule established by the previous pictures?
OPTIONS:
0: Picture A
1: Picture B
2: Picture C
3: Picture D

Answer with the correct option from 0 to 3. Only provide the numeric and nothing else 


Answer: 
assistant
2",2,2,IQ Test
172,"system
You are a helpful assistant.
user
 QUESTION: Which one picture follows the same pattern or rule established by the previous pictures?
OPTIONS:
0: Picture A
1: Picture B
2: Picture C
3: Picture D

Answer with the correct option from 0 to 3. Only provide the numeric and nothing else 


Answer: 
assistant
2",2,2,IQ Test
173,"system
You are a helpful assistant.
user
 QUESTION: Which one picture follows the same pattern or rule established by the previous pictures?
OPTIONS:
0: Picture A
1: Picture B
2: Picture C
3: Picture D

Answer with the correct option from 0 to 3. Only provide the numeric and nothing else 


Answer: 
assistant
2",2,2,IQ Test
174,"system
You are a helpful assistant.
user
 QUESTION: Which one picture follows the same pattern or rule established by the previous pictures?
OPTIONS:
0: Picture A
1: Picture B
2: Picture C
3: Picture D

Answer with the correct option from 0 to 3. Only provide the numeric and nothing else 


Answer: 
assistant
2",2,1,IQ Test
175,"system
You are a helpful assistant.
user
 QUESTION: Which one picture follows the same pattern or rule established by the previous pictures?
OPTIONS:
0: Picture A
1: Picture B
2: Picture C
3: Picture D

Answer with the correct option from 0 to 3. Only provide the numeric and nothing else 


Answer: 
assistant
2",2,1,IQ Test
176,"system
You are a helpful assistant.
user
 QUESTION: Which one picture follows the same pattern or rule established by the previous pictures?
OPTIONS:
0: Picture A
1: Picture B
2: Picture C
3: Picture D

Answer with the correct option from 0 to 3. Only provide the numeric and nothing else 


Answer: 
assistant
2",2,2,IQ Test
177,"system
You are a helpful assistant.
user
 QUESTION: Which one picture follows the same pattern or rule established by the previous pictures?
OPTIONS:
0: Picture A
1: Picture B
2: Picture C
3: Picture D

Answer with the correct option from 0 to 3. Only provide the numeric and nothing else 


Answer: 
assistant
2",2,0,IQ Test
178,"system
You are a helpful assistant.
user
 QUESTION: Which one picture follows the same pattern or rule established by the previous pictures?
OPTIONS:
0: Picture A
1: Picture B
2: Picture C
3: Picture D

Answer with the correct option from 0 to 3. Only provide the numeric and nothing else 


Answer: 
assistant
2",2,3,IQ Test
179,"system
You are a helpful assistant.
user
 QUESTION: Which one picture follows the same pattern or rule established by the previous pictures?
OPTIONS:
0: Picture A
1: Picture B
2: Picture C
3: Picture D

Answer with the correct option from 0 to 3. Only provide the numeric and nothing else 


Answer: 
assistant
2",2,1,IQ Test
180,"system
You are a helpful assistant.
user
 QUESTION: Which one picture follows the same pattern or rule established by the previous pictures?
OPTIONS:
0: Picture A
1: Picture B
2: Picture C
3: Picture D

Answer with the correct option from 0 to 3. Only provide the numeric and nothing else 


Answer: 
assistant
2",2,3,IQ Test
181,"system
You are a helpful assistant.
user
 QUESTION: Which one picture follows the same pattern or rule established by the previous pictures?
OPTIONS:
0: Picture A
1: Picture B
2: Picture C
3: Picture D

Answer with the correct option from 0 to 3. Only provide the numeric and nothing else 


Answer: 
assistant
2",2,0,IQ Test
182,"system
You are a helpful assistant.
user
 QUESTION: Which one picture follows the same pattern or rule established by the previous pictures?
OPTIONS:
0: Picture A
1: Picture B
2: Picture C
3: Picture D

Answer with the correct option from 0 to 3. Only provide the numeric and nothing else 


Answer: 
assistant
2",2,1,IQ Test
183,"system
You are a helpful assistant.
user
 QUESTION: Which one picture can be folded from the outer surface displayed on the left?
OPTIONS:
0: Picture A
1: Picture B
2: Picture C
3: Picture D

Answer with the correct option from 0 to 3. Only provide the numeric and nothing else 


Answer: 
assistant
2",2,1,IQ Test
184,"system
You are a helpful assistant.
user
 QUESTION: Which one picture follows the same pattern or rule established by the previous pictures?
OPTIONS:
0: Picture A
1: Picture B
2: Picture C
3: Picture D

Answer with the correct option from 0 to 3. Only provide the numeric and nothing else 


Answer: 
assistant
1",1,3,IQ Test
185,"system
You are a helpful assistant.
user
 QUESTION: Which one picture follows the same pattern or rule established by the previous pictures?
OPTIONS:
0: Picture A
1: Picture B
2: Picture C
3: Picture D

Answer with the correct option from 0 to 3. Only provide the numeric and nothing else 


Answer: 
assistant
2",2,0,IQ Test
186,"system
You are a helpful assistant.
user
 QUESTION: Which one picture follows the same pattern or rule established by the previous pictures?
OPTIONS:
0: Picture A
1: Picture B
2: Picture C
3: Picture D

Answer with the correct option from 0 to 3. Only provide the numeric and nothing else 


Answer: 
assistant
2",2,1,IQ Test
187,"system
You are a helpful assistant.
user
 QUESTION: Which one picture follows the same pattern or rule established by the previous pictures?
OPTIONS:
0: Picture A
1: Picture B
2: Picture C
3: Picture D

Answer with the correct option from 0 to 3. Only provide the numeric and nothing else 


Answer: 
assistant
2",2,3,IQ Test
188,"system
You are a helpful assistant.
user
 QUESTION: Which one picture can be folded from the outer surface displayed on the left?
OPTIONS:
0: Picture A
1: Picture B
2: Picture C
3: Picture D

Answer with the correct option from 0 to 3. Only provide the numeric and nothing else 


Answer: 
assistant
2",2,1,IQ Test
189,"system
You are a helpful assistant.
user
 QUESTION: Which one picture follows the same pattern or rule established by the previous pictures?
OPTIONS:
0: Picture A
1: Picture B
2: Picture C
3: Picture D

Answer with the correct option from 0 to 3. Only provide the numeric and nothing else 


Answer: 
assistant
2",2,1,IQ Test
190,"system
You are a helpful assistant.
user
 QUESTION: Which one picture follows the same pattern or rule established by the previous pictures?
OPTIONS:
0: Picture A
1: Picture B
2: Picture C
3: Picture D

Answer with the correct option from 0 to 3. Only provide the numeric and nothing else 


Answer: 
assistant
2",2,2,IQ Test
191,"system
You are a helpful assistant.
user
 QUESTION: Which one picture follows the same pattern or rule established by the previous pictures?
OPTIONS:
0: Picture A
1: Picture B
2: Picture C
3: Picture D

Answer with the correct option from 0 to 3. Only provide the numeric and nothing else 


Answer: 
assistant
1",1,3,IQ Test
192,"system
You are a helpful assistant.
user
 QUESTION: Which one picture follows the same pattern or rule established by the previous pictures?
OPTIONS:
0: Picture A
1: Picture B
2: Picture C
3: Picture D

Answer with the correct option from 0 to 3. Only provide the numeric and nothing else 


Answer: 
assistant
2",2,3,IQ Test
193,"system
You are a helpful assistant.
user
 QUESTION: Which one picture follows the same pattern or rule established by the previous pictures?
OPTIONS:
0: Picture A
1: Picture B
2: Picture C
3: Picture D

Answer with the correct option from 0 to 3. Only provide the numeric and nothing else 


Answer: 
assistant
2",2,2,IQ Test
194,"system
You are a helpful assistant.
user
 QUESTION: Which one picture follows the same pattern or rule established by the previous pictures?
OPTIONS:
0: Picture A
1: Picture B
2: Picture C
3: Picture D

Answer with the correct option from 0 to 3. Only provide the numeric and nothing else 


Answer: 
assistant
2",2,0,IQ Test
195,"system
You are a helpful assistant.
user
 QUESTION: Which one picture follows the same pattern or rule established by the previous pictures?
OPTIONS:
0: Picture A
1: Picture B
2: Picture C
3: Picture D

Answer with the correct option from 0 to 3. Only provide the numeric and nothing else 


Answer: 
assistant
2",2,1,IQ Test
196,"system
You are a helpful assistant.
user
 QUESTION: Which one picture follows the same pattern or rule established by the previous pictures?
OPTIONS:
0: Picture A
1: Picture B
2: Picture C
3: Picture D

Answer with the correct option from 0 to 3. Only provide the numeric and nothing else 


Answer: 
assistant
2",2,1,IQ Test
197,"system
You are a helpful assistant.
user
 QUESTION: Which one picture follows the same pattern or rule established by the previous pictures?
OPTIONS:
0: Picture A
1: Picture B
2: Picture C
3: Picture D

Answer with the correct option from 0 to 3. Only provide the numeric and nothing else 


Answer: 
assistant
2",2,0,IQ Test
198,"system
You are a helpful assistant.
user
 QUESTION: Which one picture follows the same pattern or rule established by the previous pictures?
OPTIONS:
0: Picture A
1: Picture B
2: Picture C
3: Picture D

Answer with the correct option from 0 to 3. Only provide the numeric and nothing else 


Answer: 
assistant
2",2,3,IQ Test
199,"system
You are a helpful assistant.
user
 QUESTION: Which one picture follows the same pattern or rule established by the previous pictures?
OPTIONS:
0: Picture A
1: Picture B
2: Picture C
3: Picture D

Answer with the correct option from 0 to 3. Only provide the numeric and nothing else 


Answer: 
assistant
2",2,2,IQ Test
200,"system
You are a helpful assistant.
user
 QUESTION: Which one picture follows the same pattern or rule established by the previous pictures?
OPTIONS:
0: Picture A
1: Picture B
2: Picture C
3: Picture D

Answer with the correct option from 0 to 3. Only provide the numeric and nothing else 


Answer: 
assistant
2",2,3,IQ Test
201,"system
You are a helpful assistant.
user
 QUESTION: Which one picture follows the same pattern or rule established by the previous pictures?
OPTIONS:
0: Picture A
1: Picture B
2: Picture C
3: Picture D

Answer with the correct option from 0 to 3. Only provide the numeric and nothing else 


Answer: 
assistant
2",2,1,IQ Test
202,"system
You are a helpful assistant.
user
 QUESTION: Which one picture follows the same pattern or rule established by the previous pictures?
OPTIONS:
0: Picture A
1: Picture B
2: Picture C
3: Picture D

Answer with the correct option from 0 to 3. Only provide the numeric and nothing else 


Answer: 
assistant
2",2,1,IQ Test
203,"system
You are a helpful assistant.
user
 QUESTION: Which one picture follows the same pattern or rule established by the previous pictures?
OPTIONS:
0: Picture A
1: Picture B
2: Picture C
3: Picture D

Answer with the correct option from 0 to 3. Only provide the numeric and nothing else 


Answer: 
assistant
2",2,1,IQ Test
204,"system
You are a helpful assistant.
user
 QUESTION: Which one picture follows the same pattern or rule established by the previous pictures?
OPTIONS:
0: Picture A
1: Picture B
2: Picture C
3: Picture D

Answer with the correct option from 0 to 3. Only provide the numeric and nothing else 


Answer: 
assistant
2",2,3,IQ Test
205,"system
You are a helpful assistant.
user
 QUESTION: Which one picture follows the same pattern or rule established by the previous pictures?
OPTIONS:
0: Picture A
1: Picture B
2: Picture C
3: Picture D

Answer with the correct option from 0 to 3. Only provide the numeric and nothing else 


Answer: 
assistant
2",2,2,IQ Test
206,"system
You are a helpful assistant.
user
 QUESTION: Which one picture follows the same pattern or rule established by the previous pictures?
OPTIONS:
0: Picture A
1: Picture B
2: Picture C
3: Picture D

Answer with the correct option from 0 to 3. Only provide the numeric and nothing else 


Answer: 
assistant
2",2,0,IQ Test
207,"system
You are a helpful assistant.
user
 QUESTION: Which one picture follows the same pattern or rule established by the previous pictures?
OPTIONS:
0: Picture A
1: Picture B
2: Picture C
3: Picture D

Answer with the correct option from 0 to 3. Only provide the numeric and nothing else 


Answer: 
assistant
2",2,2,IQ Test
208,"system
You are a helpful assistant.
user
 QUESTION: Which one picture follows the same pattern or rule established by the previous pictures?
OPTIONS:
0: Picture A
1: Picture B
2: Picture C
3: Picture D

Answer with the correct option from 0 to 3. Only provide the numeric and nothing else 


Answer: 
assistant
2",2,3,IQ Test
209,"system
You are a helpful assistant.
user
 QUESTION: Which one picture follows the same pattern or rule established by the previous pictures?
OPTIONS:
0: Picture A
1: Picture B
2: Picture C
3: Picture D

Answer with the correct option from 0 to 3. Only provide the numeric and nothing else 


Answer: 
assistant
2",2,0,IQ Test
210,"system
You are a helpful assistant.
user
 QUESTION: Which one picture follows the same pattern or rule established by the previous pictures?
OPTIONS:
0: Picture A
1: Picture B
2: Picture C
3: Picture D

Answer with the correct option from 0 to 3. Only provide the numeric and nothing else 


Answer: 
assistant
2",2,0,IQ Test
211,"system
You are a helpful assistant.
user
 QUESTION: Which one picture follows the same pattern or rule established by the previous pictures?
OPTIONS:
0: Picture A
1: Picture B
2: Picture C
3: Picture D

Answer with the correct option from 0 to 3. Only provide the numeric and nothing else 


Answer: 
assistant
3",3,2,IQ Test
212,"system
You are a helpful assistant.
user
 QUESTION: Which one picture follows the same pattern or rule established by the previous pictures?
OPTIONS:
0: Picture A
1: Picture B
2: Picture C
3: Picture D

Answer with the correct option from 0 to 3. Only provide the numeric and nothing else 


Answer: 
assistant
1",1,0,IQ Test
213,"system
You are a helpful assistant.
user
 QUESTION: Which one picture follows the same pattern or rule established by the previous pictures?
OPTIONS:
0: Picture A
1: Picture B
2: Picture C
3: Picture D

Answer with the correct option from 0 to 3. Only provide the numeric and nothing else 


Answer: 
assistant
3",3,1,IQ Test
214,"system
You are a helpful assistant.
user
 QUESTION: Which one picture follows the same pattern or rule established by the previous pictures?
OPTIONS:
0: Picture A
1: Picture B
2: Picture C
3: Picture D

Answer with the correct option from 0 to 3. Only provide the numeric and nothing else 


Answer: 
assistant
2",2,2,IQ Test
215,"system
You are a helpful assistant.
user
 QUESTION: Which one picture follows the same pattern or rule established by the previous pictures?
OPTIONS:
0: Picture A
1: Picture B
2: Picture C
3: Picture D

Answer with the correct option from 0 to 3. Only provide the numeric and nothing else 


Answer: 
assistant
2",2,3,IQ Test
216,"system
You are a helpful assistant.
user
 QUESTION: Which one picture follows the same pattern or rule established by the previous pictures?
OPTIONS:
0: Picture A
1: Picture B
2: Picture C
3: Picture D

Answer with the correct option from 0 to 3. Only provide the numeric and nothing else 


Answer: 
assistant
2",2,3,IQ Test
217,"system
You are a helpful assistant.
user
 QUESTION: Which one picture follows the same pattern or rule established by the previous pictures?
OPTIONS:
0: Picture A
1: Picture B
2: Picture C
3: Picture D

Answer with the correct option from 0 to 3. Only provide the numeric and nothing else 


Answer: 
assistant
2",2,3,IQ Test
218,"system
You are a helpful assistant.
user
 QUESTION: Which one picture follows the same pattern or rule established by the previous pictures?
OPTIONS:
0: Picture A
1: Picture B
2: Picture C
3: Picture D

Answer with the correct option from 0 to 3. Only provide the numeric and nothing else 


Answer: 
assistant
2",2,1,IQ Test
219,"system
You are a helpful assistant.
user
 QUESTION: Which one picture follows the same pattern or rule established by the previous pictures?
OPTIONS:
0: Picture A
1: Picture B
2: Picture C
3: Picture D

Answer with the correct option from 0 to 3. Only provide the numeric and nothing else 


Answer: 
assistant
2",2,3,IQ Test
220,"system
You are a helpful assistant.
user
 QUESTION: Which one picture follows the same pattern or rule established by the previous pictures?
OPTIONS:
0: Picture A
1: Picture B
2: Picture C
3: Picture D

Answer with the correct option from 0 to 3. Only provide the numeric and nothing else 


Answer: 
assistant
3",3,3,IQ Test
221,"system
You are a helpful assistant.
user
 QUESTION: Which one picture can be folded from the outer surface displayed on the left?
OPTIONS:
0: Picture A
1: Picture B
2: Picture C
3: Picture D

Answer with the correct option from 0 to 3. Only provide the numeric and nothing else 


Answer: 
assistant
2",2,3,IQ Test
222,"system
You are a helpful assistant.
user
 QUESTION: Which one picture follows the same pattern or rule established by the previous pictures?
OPTIONS:
0: Picture A
1: Picture B
2: Picture C
3: Picture D

Answer with the correct option from 0 to 3. Only provide the numeric and nothing else 


Answer: 
assistant
2",2,0,IQ Test
223,"system
You are a helpful assistant.
user
 QUESTION: Which one picture follows the same pattern or rule established by the previous pictures?
OPTIONS:
0: Picture A
1: Picture B
2: Picture C
3: Picture D

Answer with the correct option from 0 to 3. Only provide the numeric and nothing else 


Answer: 
assistant
2",2,3,IQ Test
224,"system
You are a helpful assistant.
user
 QUESTION: Which one picture follows the same pattern or rule established by the previous pictures?
OPTIONS:
0: Picture A
1: Picture B
2: Picture C
3: Picture D

Answer with the correct option from 0 to 3. Only provide the numeric and nothing else 


Answer: 
assistant
2",2,2,IQ Test
225,"system
You are a helpful assistant.
user
 QUESTION: Which one picture follows the same pattern or rule established by the previous pictures?
OPTIONS:
0: Picture A
1: Picture B
2: Picture C
3: Picture D

Answer with the correct option from 0 to 3. Only provide the numeric and nothing else 


Answer: 
assistant
2",2,0,IQ Test
226,"system
You are a helpful assistant.
user
 QUESTION: Which one picture follows the same pattern or rule established by the previous pictures?
OPTIONS:
0: Picture A
1: Picture B
2: Picture C
3: Picture D

Answer with the correct option from 0 to 3. Only provide the numeric and nothing else 


Answer: 
assistant
2",2,0,IQ Test
227,"system
You are a helpful assistant.
user
 QUESTION: Which one picture follows the same pattern or rule established by the previous pictures?
OPTIONS:
0: Picture A
1: Picture B
2: Picture C
3: Picture D

Answer with the correct option from 0 to 3. Only provide the numeric and nothing else 


Answer: 
assistant
2",2,3,IQ Test
228,"system
You are a helpful assistant.
user
 QUESTION: Which one picture follows the same pattern or rule established by the previous pictures?
OPTIONS:
0: Picture A
1: Picture B
2: Picture C
3: Picture D

Answer with the correct option from 0 to 3. Only provide the numeric and nothing else 


Answer: 
assistant
1",1,1,IQ Test
229,"system
You are a helpful assistant.
user
 QUESTION: Which one picture follows the same pattern or rule established by the previous pictures?
OPTIONS:
0: Picture A
1: Picture B
2: Picture C
3: Picture D

Answer with the correct option from 0 to 3. Only provide the numeric and nothing else 


Answer: 
assistant
2",2,2,IQ Test
230,"system
You are a helpful assistant.
user
 QUESTION: Which one picture follows the same pattern or rule established by the previous pictures?
OPTIONS:
0: Picture A
1: Picture B
2: Picture C
3: Picture D

Answer with the correct option from 0 to 3. Only provide the numeric and nothing else 


Answer: 
assistant
2",2,3,IQ Test
231,"system
You are a helpful assistant.
user
 QUESTION: Which one picture follows the same pattern or rule established by the previous pictures?
OPTIONS:
0: Picture A
1: Picture B
2: Picture C
3: Picture D

Answer with the correct option from 0 to 3. Only provide the numeric and nothing else 


Answer: 
assistant
1",1,2,IQ Test
232,"system
You are a helpful assistant.
user
 QUESTION: Which one picture follows the same pattern or rule established by the previous pictures?
OPTIONS:
0: Picture A
1: Picture B
2: Picture C
3: Picture D

Answer with the correct option from 0 to 3. Only provide the numeric and nothing else 


Answer: 
assistant
1",1,3,IQ Test
233,"system
You are a helpful assistant.
user
 QUESTION: Which one picture follows the same pattern or rule established by the previous pictures?
OPTIONS:
0: Picture A
1: Picture B
2: Picture C
3: Picture D

Answer with the correct option from 0 to 3. Only provide the numeric and nothing else 


Answer: 
assistant
2",2,0,IQ Test
234,"system
You are a helpful assistant.
user
 QUESTION: Which one picture follows the same pattern or rule established by the previous pictures?
OPTIONS:
0: Picture A
1: Picture B
2: Picture C
3: Picture D

Answer with the correct option from 0 to 3. Only provide the numeric and nothing else 


Answer: 
assistant
2",2,2,IQ Test
235,"system
You are a helpful assistant.
user
 QUESTION: Which one picture follows the same pattern or rule established by the previous pictures?
OPTIONS:
0: Picture A
1: Picture B
2: Picture C
3: Picture D

Answer with the correct option from 0 to 3. Only provide the numeric and nothing else 


Answer: 
assistant
2",2,1,IQ Test
236,"system
You are a helpful assistant.
user
 QUESTION: Which one picture follows the same pattern or rule established by the previous pictures?
OPTIONS:
0: Picture A
1: Picture B
2: Picture C
3: Picture D

Answer with the correct option from 0 to 3. Only provide the numeric and nothing else 


Answer: 
assistant
2",2,2,IQ Test
237,"system
You are a helpful assistant.
user
 QUESTION: Which one picture follows the same pattern or rule established by the previous pictures?
OPTIONS:
0: Picture A
1: Picture B
2: Picture C
3: Picture D

Answer with the correct option from 0 to 3. Only provide the numeric and nothing else 


Answer: 
assistant
2",2,0,IQ Test
238,"system
You are a helpful assistant.
user
 QUESTION: Which one picture follows the same pattern or rule established by the previous pictures?
OPTIONS:
0: Picture A
1: Picture B
2: Picture C
3: Picture D

Answer with the correct option from 0 to 3. Only provide the numeric and nothing else 


Answer: 
assistant
1",1,2,IQ Test
239,"system
You are a helpful assistant.
user
 QUESTION: Which one picture follows the same pattern or rule established by the previous pictures?
OPTIONS:
0: Picture A
1: Picture B
2: Picture C
3: Picture D

Answer with the correct option from 0 to 3. Only provide the numeric and nothing else 


Answer: 
assistant
2",2,3,IQ Test
240,"system
You are a helpful assistant.
user
 QUESTION: Which one picture follows the same pattern or rule established by the previous pictures?
OPTIONS:
0: Picture A
1: Picture B
2: Picture C
3: Picture D

Answer with the correct option from 0 to 3. Only provide the numeric and nothing else 


Answer: 
assistant
2",2,3,IQ Test
241,"system
You are a helpful assistant.
user
 QUESTION: Which one picture follows the same pattern or rule established by the previous pictures?
OPTIONS:
0: Picture A
1: Picture B
2: Picture C
3: Picture D

Answer with the correct option from 0 to 3. Only provide the numeric and nothing else 


Answer: 
assistant
1",1,2,IQ Test
242,"system
You are a helpful assistant.
user
 QUESTION: Which one picture follows the same pattern or rule established by the previous pictures?
OPTIONS:
0: Picture A
1: Picture B
2: Picture C
3: Picture D

Answer with the correct option from 0 to 3. Only provide the numeric and nothing else 


Answer: 
assistant
2",2,3,IQ Test
243,"system
You are a helpful assistant.
user
 QUESTION: Which one picture follows the same pattern or rule established by the previous pictures?
OPTIONS:
0: Picture A
1: Picture B
2: Picture C
3: Picture D

Answer with the correct option from 0 to 3. Only provide the numeric and nothing else 


Answer: 
assistant
2",2,1,IQ Test
244,"system
You are a helpful assistant.
user
 QUESTION: Which one picture follows the same pattern or rule established by the previous pictures?
OPTIONS:
0: Picture A
1: Picture B
2: Picture C
3: Picture D

Answer with the correct option from 0 to 3. Only provide the numeric and nothing else 


Answer: 
assistant
2",2,0,IQ Test
245,"system
You are a helpful assistant.
user
 QUESTION: Which one picture follows the same pattern or rule established by the previous pictures?
OPTIONS:
0: Picture A
1: Picture B
2: Picture C
3: Picture D

Answer with the correct option from 0 to 3. Only provide the numeric and nothing else 


Answer: 
assistant
3",3,0,IQ Test
246,"system
You are a helpful assistant.
user
 QUESTION: Which one picture follows the same pattern or rule established by the previous pictures?
OPTIONS:
0: Picture A
1: Picture B
2: Picture C
3: Picture D

Answer with the correct option from 0 to 3. Only provide the numeric and nothing else 


Answer: 
assistant
2",2,2,IQ Test
247,"system
You are a helpful assistant.
user
 QUESTION: Which one picture follows the same pattern or rule established by the previous pictures?
OPTIONS:
0: Picture A
1: Picture B
2: Picture C
3: Picture D

Answer with the correct option from 0 to 3. Only provide the numeric and nothing else 


Answer: 
assistant
2",2,2,IQ Test
248,"system
You are a helpful assistant.
user
 QUESTION: Which one picture follows the same pattern or rule established by the previous pictures?
OPTIONS:
0: Picture A
1: Picture B
2: Picture C
3: Picture D

Answer with the correct option from 0 to 3. Only provide the numeric and nothing else 


Answer: 
assistant
2",2,0,IQ Test
249,"system
You are a helpful assistant.
user
 QUESTION: Which one picture follows the same pattern or rule established by the previous pictures?
OPTIONS:
0: Picture A
1: Picture B
2: Picture C
3: Picture D

Answer with the correct option from 0 to 3. Only provide the numeric and nothing else 


Answer: 
assistant
2",2,3,IQ Test
250,"system
You are a helpful assistant.
user
 QUESTION: Which one picture follows the same pattern or rule established by the previous pictures?
OPTIONS:
0: Picture A
1: Picture B
2: Picture C
3: Picture D

Answer with the correct option from 0 to 3. Only provide the numeric and nothing else 


Answer: 
assistant
2",2,0,IQ Test
251,"system
You are a helpful assistant.
user
 QUESTION: Which one picture follows the same pattern or rule established by the previous pictures?
OPTIONS:
0: Picture A
1: Picture B
2: Picture C
3: Picture D

Answer with the correct option from 0 to 3. Only provide the numeric and nothing else 


Answer: 
assistant
2",2,2,IQ Test
252,"system
You are a helpful assistant.
user
 QUESTION: Which one picture follows the same pattern or rule established by the previous pictures?
OPTIONS:
0: Picture A
1: Picture B
2: Picture C
3: Picture D

Answer with the correct option from 0 to 3. Only provide the numeric and nothing else 


Answer: 
assistant
2",2,1,IQ Test
253,"system
You are a helpful assistant.
user
 QUESTION: Which one picture follows the same pattern or rule established by the previous pictures?
OPTIONS:
0: Picture A
1: Picture B
2: Picture C
3: Picture D

Answer with the correct option from 0 to 3. Only provide the numeric and nothing else 


Answer: 
assistant
1",1,2,IQ Test
254,"system
You are a helpful assistant.
user
 QUESTION: Which one picture follows the same pattern or rule established by the previous pictures?
OPTIONS:
0: Picture A
1: Picture B
2: Picture C
3: Picture D

Answer with the correct option from 0 to 3. Only provide the numeric and nothing else 


Answer: 
assistant
2",2,1,IQ Test
255,"system
You are a helpful assistant.
user
 QUESTION: Which one picture follows the same pattern or rule established by the previous pictures?
OPTIONS:
0: Picture A
1: Picture B
2: Picture C
3: Picture D

Answer with the correct option from 0 to 3. Only provide the numeric and nothing else 


Answer: 
assistant
2",2,1,IQ Test
256,"system
You are a helpful assistant.
user
 QUESTION: Which one picture follows the same pattern or rule established by the previous pictures?
OPTIONS:
0: Picture A
1: Picture B
2: Picture C
3: Picture D

Answer with the correct option from 0 to 3. Only provide the numeric and nothing else 


Answer: 
assistant
2",2,2,IQ Test
257,"system
You are a helpful assistant.
user
 QUESTION: Which one picture follows the same pattern or rule established by the previous pictures?
OPTIONS:
0: Picture A
1: Picture B
2: Picture C
3: Picture D

Answer with the correct option from 0 to 3. Only provide the numeric and nothing else 


Answer: 
assistant
2",2,2,IQ Test
258,"system
You are a helpful assistant.
user
 QUESTION: Which one picture follows the same pattern or rule established by the previous pictures?
OPTIONS:
0: Picture A
1: Picture B
2: Picture C
3: Picture D

Answer with the correct option from 0 to 3. Only provide the numeric and nothing else 


Answer: 
assistant
2",2,0,IQ Test
259,"system
You are a helpful assistant.
user
 QUESTION: Which one picture follows the same pattern or rule established by the previous pictures?
OPTIONS:
0: Picture A
1: Picture B
2: Picture C
3: Picture D

Answer with the correct option from 0 to 3. Only provide the numeric and nothing else 


Answer: 
assistant
2",2,2,IQ Test
260,"system
You are a helpful assistant.
user
 QUESTION: Which one picture follows the same pattern or rule established by the previous pictures?
OPTIONS:
0: Picture A
1: Picture B
2: Picture C
3: Picture D

Answer with the correct option from 0 to 3. Only provide the numeric and nothing else 


Answer: 
assistant
2",2,2,IQ Test
261,"system
You are a helpful assistant.
user
 QUESTION: Which one picture can be folded from the outer surface displayed on the left?
OPTIONS:
0: Picture A
1: Picture B
2: Picture C
3: Picture D

Answer with the correct option from 0 to 3. Only provide the numeric and nothing else 


Answer: 
assistant
2",2,1,IQ Test
262,"system
You are a helpful assistant.
user
 QUESTION: Which one picture can be folded from the outer surface displayed on the left?
OPTIONS:
0: Picture A
1: Picture B
2: Picture C
3: Picture D

Answer with the correct option from 0 to 3. Only provide the numeric and nothing else 


Answer: 
assistant
2",2,1,IQ Test
263,"system
You are a helpful assistant.
user
 QUESTION: Which one picture can be folded from the outer surface displayed on the left?
OPTIONS:
0: Picture A
1: Picture B
2: Picture C
3: Picture D

Answer with the correct option from 0 to 3. Only provide the numeric and nothing else 


Answer: 
assistant
2",2,2,IQ Test
264,"system
You are a helpful assistant.
user
 QUESTION: Which one picture can be folded from the outer surface displayed on the left?
OPTIONS:
0: Picture A
1: Picture B
2: Picture C
3: Picture D

Answer with the correct option from 0 to 3. Only provide the numeric and nothing else 


Answer: 
assistant
2",2,1,IQ Test
265,"system
You are a helpful assistant.
user
 QUESTION: Which one picture can be folded from the outer surface displayed on the left?
OPTIONS:
0: Picture A
1: Picture B
2: Picture C
3: Picture D

Answer with the correct option from 0 to 3. Only provide the numeric and nothing else 


Answer: 
assistant
2",2,3,IQ Test
266,"system
You are a helpful assistant.
user
 QUESTION: Which one picture can be folded from the outer surface displayed on the left?
OPTIONS:
0: Picture A
1: Picture B
2: Picture C
3: Picture D

Answer with the correct option from 0 to 3. Only provide the numeric and nothing else 


Answer: 
assistant
2",2,0,IQ Test
267,"system
You are a helpful assistant.
user
 QUESTION: Which one picture can be folded from the outer surface displayed on the left?
OPTIONS:
0: Picture A
1: Picture B
2: Picture C
3: Picture D

Answer with the correct option from 0 to 3. Only provide the numeric and nothing else 


Answer: 
assistant
2",2,2,IQ Test
268,"system
You are a helpful assistant.
user
 QUESTION: Which bounding box more accurately localizes and encloses the tank top (clothing)?
OPTIONS:
0: Box A
1: Box B

Answer with the correct option from 0 to 1. Only provide the numeric and nothing else 


Answer: 
assistant
1",1,1,Object Localization
269,"system
You are a helpful assistant.
user
 QUESTION: Which bounding box more accurately localizes and encloses the refrigerator?
OPTIONS:
0: Box A
1: Box B

Answer with the correct option from 0 to 1. Only provide the numeric and nothing else 


Answer: 
assistant
1",1,1,Object Localization
270,"system
You are a helpful assistant.
user
 QUESTION: Which bounding box more accurately localizes and encloses the fireplug?
OPTIONS:
0: Box A
1: Box B

Answer with the correct option from 0 to 1. Only provide the numeric and nothing else 


Answer: 
assistant
1",1,0,Object Localization
271,"system
You are a helpful assistant.
user
 QUESTION: Which bounding box more accurately localizes and encloses the sandwich?
OPTIONS:
0: Box A
1: Box B

Answer with the correct option from 0 to 1. Only provide the numeric and nothing else 


Answer: 
assistant
1",1,1,Object Localization
272,"system
You are a helpful assistant.
user
 QUESTION: Which bounding box more accurately localizes and encloses the pizza?
OPTIONS:
0: Box A
1: Box B

Answer with the correct option from 0 to 1. Only provide the numeric and nothing else 


Answer: 
assistant
1",1,0,Object Localization
273,"system
You are a helpful assistant.
user
 QUESTION: Which bounding box more accurately localizes and encloses the hat?
OPTIONS:
0: Box A
1: Box B

Answer with the correct option from 0 to 1. Only provide the numeric and nothing else 


Answer: 
assistant
1",1,1,Object Localization
274,"system
You are a helpful assistant.
user
 QUESTION: Which bounding box more accurately localizes and encloses the flower arrangement?
OPTIONS:
0: Box A
1: Box B

Answer with the correct option from 0 to 1. Only provide the numeric and nothing else 


Answer: 
assistant
1",1,1,Object Localization
275,"system
You are a helpful assistant.
user
 QUESTION: Which bounding box more accurately localizes and encloses the train (railroad vehicle)?
OPTIONS:
0: Box A
1: Box B

Answer with the correct option from 0 to 1. Only provide the numeric and nothing else 


Answer: 
assistant
1",1,0,Object Localization
276,"system
You are a helpful assistant.
user
 QUESTION: Which bounding box more accurately localizes and encloses the cake?
OPTIONS:
0: Box A
1: Box B

Answer with the correct option from 0 to 1. Only provide the numeric and nothing else 


Answer: 
assistant
1",1,0,Object Localization
277,"system
You are a helpful assistant.
user
 QUESTION: Which bounding box more accurately localizes and encloses the computer keyboard?
OPTIONS:
0: Box A
1: Box B

Answer with the correct option from 0 to 1. Only provide the numeric and nothing else 


Answer: 
assistant
1",1,1,Object Localization
278,"system
You are a helpful assistant.
user
 QUESTION: Which bounding box more accurately localizes and encloses the bottle?
OPTIONS:
0: Box A
1: Box B

Answer with the correct option from 0 to 1. Only provide the numeric and nothing else 


Answer: 
assistant
0",0,1,Object Localization
279,"system
You are a helpful assistant.
user
 QUESTION: Which bounding box more accurately localizes and encloses the cat?
OPTIONS:
0: Box A
1: Box B

Answer with the correct option from 0 to 1. Only provide the numeric and nothing else 


Answer: 
assistant
1",1,1,Object Localization
280,"system
You are a helpful assistant.
user
 QUESTION: Which bounding box more accurately localizes and encloses the sweater?
OPTIONS:
0: Box A
1: Box B

Answer with the correct option from 0 to 1. Only provide the numeric and nothing else 


Answer: 
assistant
1",1,1,Object Localization
281,"system
You are a helpful assistant.
user
 QUESTION: Which bounding box more accurately localizes and encloses the airplane?
OPTIONS:
0: Box A
1: Box B

Answer with the correct option from 0 to 1. Only provide the numeric and nothing else 


Answer: 
assistant
1",1,1,Object Localization
282,"system
You are a helpful assistant.
user
 QUESTION: Which bounding box more accurately localizes and encloses the fork?
OPTIONS:
0: Box A
1: Box B

Answer with the correct option from 0 to 1. Only provide the numeric and nothing else 


Answer: 
assistant
0",0,1,Object Localization
283,"system
You are a helpful assistant.
user
 QUESTION: Which bounding box more accurately localizes and encloses the pizza?
OPTIONS:
0: Box A
1: Box B

Answer with the correct option from 0 to 1. Only provide the numeric and nothing else 


Answer: 
assistant
1",1,0,Object Localization
284,"system
You are a helpful assistant.
user
 QUESTION: Which bounding box more accurately localizes and encloses the horse?
OPTIONS:
0: Box A
1: Box B

Answer with the correct option from 0 to 1. Only provide the numeric and nothing else 


Answer: 
assistant
1",1,1,Object Localization
285,"system
You are a helpful assistant.
user
 QUESTION: Which bounding box more accurately localizes and encloses the kite?
OPTIONS:
0: Box A
1: Box B

Answer with the correct option from 0 to 1. Only provide the numeric and nothing else 


Answer: 
assistant
1",1,0,Object Localization
286,"system
You are a helpful assistant.
user
 QUESTION: Which bounding box more accurately localizes and encloses the bullet train?
OPTIONS:
0: Box A
1: Box B

Answer with the correct option from 0 to 1. Only provide the numeric and nothing else 


Answer: 
assistant
1",1,0,Object Localization
287,"system
You are a helpful assistant.
user
 QUESTION: Which bounding box more accurately localizes and encloses the pillow?
OPTIONS:
0: Box A
1: Box B

Answer with the correct option from 0 to 1. Only provide the numeric and nothing else 


Answer: 
assistant
1",1,0,Object Localization
288,"system
You are a helpful assistant.
user
 QUESTION: Which bounding box more accurately localizes and encloses the oven?
OPTIONS:
0: Box A
1: Box B

Answer with the correct option from 0 to 1. Only provide the numeric and nothing else 


Answer: 
assistant
1",1,0,Object Localization
289,"system
You are a helpful assistant.
user
 QUESTION: Which bounding box more accurately localizes and encloses the broccoli?
OPTIONS:
0: Box A
1: Box B

Answer with the correct option from 0 to 1. Only provide the numeric and nothing else 


Answer: 
assistant
1",1,0,Object Localization
290,"system
You are a helpful assistant.
user
 QUESTION: Which bounding box more accurately localizes and encloses the signboard?
OPTIONS:
0: Box A
1: Box B

Answer with the correct option from 0 to 1. Only provide the numeric and nothing else 


Answer: 
assistant
1",1,0,Object Localization
291,"system
You are a helpful assistant.
user
 QUESTION: Which bounding box more accurately localizes and encloses the jet plane?
OPTIONS:
0: Box A
1: Box B

Answer with the correct option from 0 to 1. Only provide the numeric and nothing else 


Answer: 
assistant
1",1,1,Object Localization
292,"system
You are a helpful assistant.
user
 QUESTION: Which bounding box more accurately localizes and encloses the bird?
OPTIONS:
0: Box A
1: Box B

Answer with the correct option from 0 to 1. Only provide the numeric and nothing else 


Answer: 
assistant
1",1,1,Object Localization
293,"system
You are a helpful assistant.
user
 QUESTION: Which bounding box more accurately localizes and encloses the laptop computer?
OPTIONS:
0: Box A
1: Box B

Answer with the correct option from 0 to 1. Only provide the numeric and nothing else 


Answer: 
assistant
1",1,0,Object Localization
294,"system
You are a helpful assistant.
user
 QUESTION: Which bounding box more accurately localizes and encloses the remote control?
OPTIONS:
0: Box A
1: Box B

Answer with the correct option from 0 to 1. Only provide the numeric and nothing else 


Answer: 
assistant
1",1,1,Object Localization
295,"system
You are a helpful assistant.
user
 QUESTION: Which bounding box more accurately localizes and encloses the telephone?
OPTIONS:
0: Box A
1: Box B

Answer with the correct option from 0 to 1. Only provide the numeric and nothing else 


Answer: 
assistant
1",1,0,Object Localization
296,"system
You are a helpful assistant.
user
 QUESTION: Which bounding box more accurately localizes and encloses the airplane?
OPTIONS:
0: Box A
1: Box B

Answer with the correct option from 0 to 1. Only provide the numeric and nothing else 


Answer: 
assistant
1",1,0,Object Localization
297,"system
You are a helpful assistant.
user
 QUESTION: Which bounding box more accurately localizes and encloses the train (railroad vehicle)?
OPTIONS:
0: Box A
1: Box B

Answer with the correct option from 0 to 1. Only provide the numeric and nothing else 


Answer: 
assistant
1",1,1,Object Localization
298,"system
You are a helpful assistant.
user
 QUESTION: Which bounding box more accurately localizes and encloses the table?
OPTIONS:
0: Box A
1: Box B

Answer with the correct option from 0 to 1. Only provide the numeric and nothing else 


Answer: 
assistant
1",1,0,Object Localization
299,"system
You are a helpful assistant.
user
 QUESTION: Which bounding box more accurately localizes and encloses the suitcase?
OPTIONS:
0: Box A
1: Box B

Answer with the correct option from 0 to 1. Only provide the numeric and nothing else 


Answer: 
assistant
1",1,1,Object Localization
300,"system
You are a helpful assistant.
user
 QUESTION: Which bounding box more accurately localizes and encloses the dress?
OPTIONS:
0: Box A
1: Box B

Answer with the correct option from 0 to 1. Only provide the numeric and nothing else 


Answer: 
assistant
1",1,1,Object Localization
301,"system
You are a helpful assistant.
user
 QUESTION: Which bounding box more accurately localizes and encloses the shower curtain?
OPTIONS:
0: Box A
1: Box B

Answer with the correct option from 0 to 1. Only provide the numeric and nothing else 


Answer: 
assistant
1",1,0,Object Localization
302,"system
You are a helpful assistant.
user
 QUESTION: Which bounding box more accurately localizes and encloses the train (railroad vehicle)?
OPTIONS:
0: Box A
1: Box B

Answer with the correct option from 0 to 1. Only provide the numeric and nothing else 


Answer: 
assistant
1",1,1,Object Localization
303,"system
You are a helpful assistant.
user
 QUESTION: Which bounding box more accurately localizes and encloses the flowerpot?
OPTIONS:
0: Box A
1: Box B

Answer with the correct option from 0 to 1. Only provide the numeric and nothing else 


Answer: 
assistant
1",1,1,Object Localization
304,"system
You are a helpful assistant.
user
 QUESTION: Which bounding box more accurately localizes and encloses the bus (vehicle)?
OPTIONS:
0: Box A
1: Box B

Answer with the correct option from 0 to 1. Only provide the numeric and nothing else 


Answer: 
assistant
1",1,1,Object Localization
305,"system
You are a helpful assistant.
user
 QUESTION: Which bounding box more accurately localizes and encloses the teddy bear?
OPTIONS:
0: Box A
1: Box B

Answer with the correct option from 0 to 1. Only provide the numeric and nothing else 


Answer: 
assistant
1",1,1,Object Localization
306,"system
You are a helpful assistant.
user
 QUESTION: Which bounding box more accurately localizes and encloses the bullet train?
OPTIONS:
0: Box A
1: Box B

Answer with the correct option from 0 to 1. Only provide the numeric and nothing else 


Answer: 
assistant
1",1,1,Object Localization
307,"system
You are a helpful assistant.
user
 QUESTION: Which bounding box more accurately localizes and encloses the tarp?
OPTIONS:
0: Box A
1: Box B

Answer with the correct option from 0 to 1. Only provide the numeric and nothing else 


Answer: 
assistant
1",1,1,Object Localization
308,"system
You are a helpful assistant.
user
 QUESTION: Which bounding box more accurately localizes and encloses the horse?
OPTIONS:
0: Box A
1: Box B

Answer with the correct option from 0 to 1. Only provide the numeric and nothing else 


Answer: 
assistant
1",1,0,Object Localization
309,"system
You are a helpful assistant.
user
 QUESTION: Which bounding box more accurately localizes and encloses the knife?
OPTIONS:
0: Box A
1: Box B

Answer with the correct option from 0 to 1. Only provide the numeric and nothing else 


Answer: 
assistant
1",1,1,Object Localization
310,"system
You are a helpful assistant.
user
 QUESTION: Which bounding box more accurately localizes and encloses the table?
OPTIONS:
0: Box A
1: Box B

Answer with the correct option from 0 to 1. Only provide the numeric and nothing else 


Answer: 
assistant
0",0,0,Object Localization
311,"system
You are a helpful assistant.
user
 QUESTION: Which bounding box more accurately localizes and encloses the zebra?
OPTIONS:
0: Box A
1: Box B

Answer with the correct option from 0 to 1. Only provide the numeric and nothing else 


Answer: 
assistant
1",1,0,Object Localization
312,"system
You are a helpful assistant.
user
 QUESTION: Which bounding box more accurately localizes and encloses the vending machine?
OPTIONS:
0: Box A
1: Box B

Answer with the correct option from 0 to 1. Only provide the numeric and nothing else 


Answer: 
assistant
1",1,0,Object Localization
313,"system
You are a helpful assistant.
user
 QUESTION: Which bounding box more accurately localizes and encloses the airplane?
OPTIONS:
0: Box A
1: Box B

Answer with the correct option from 0 to 1. Only provide the numeric and nothing else 


Answer: 
assistant
1",1,1,Object Localization
314,"system
You are a helpful assistant.
user
 QUESTION: Which bounding box more accurately localizes and encloses the bun?
OPTIONS:
0: Box A
1: Box B

Answer with the correct option from 0 to 1. Only provide the numeric and nothing else 


Answer: 
assistant
1",1,0,Object Localization
315,"system
You are a helpful assistant.
user
 QUESTION: Which bounding box more accurately localizes and encloses the toilet?
OPTIONS:
0: Box A
1: Box B

Answer with the correct option from 0 to 1. Only provide the numeric and nothing else 


Answer: 
assistant
1",1,1,Object Localization
316,"system
You are a helpful assistant.
user
 QUESTION: Which bounding box more accurately localizes and encloses the necktie?
OPTIONS:
0: Box A
1: Box B

Answer with the correct option from 0 to 1. Only provide the numeric and nothing else 


Answer: 
assistant
1",1,1,Object Localization
317,"system
You are a helpful assistant.
user
 QUESTION: Which bounding box more accurately localizes and encloses the bench?
OPTIONS:
0: Box A
1: Box B

Answer with the correct option from 0 to 1. Only provide the numeric and nothing else 


Answer: 
assistant
1",1,0,Object Localization
318,"system
You are a helpful assistant.
user
 QUESTION: Which bounding box more accurately localizes and encloses the umbrella?
OPTIONS:
0: Box A
1: Box B

Answer with the correct option from 0 to 1. Only provide the numeric and nothing else 


Answer: 
assistant
1",1,1,Object Localization
319,"system
You are a helpful assistant.
user
 QUESTION: Which bounding box more accurately localizes and encloses the cabinet?
OPTIONS:
0: Box A
1: Box B

Answer with the correct option from 0 to 1. Only provide the numeric and nothing else 


Answer: 
assistant
1",1,1,Object Localization
320,"system
You are a helpful assistant.
user
 QUESTION: Which bounding box more accurately localizes and encloses the cat?
OPTIONS:
0: Box A
1: Box B

Answer with the correct option from 0 to 1. Only provide the numeric and nothing else 


Answer: 
assistant
1",1,1,Object Localization
321,"system
You are a helpful assistant.
user
 QUESTION: Which bounding box more accurately localizes and encloses the sweater?
OPTIONS:
0: Box A
1: Box B

Answer with the correct option from 0 to 1. Only provide the numeric and nothing else 


Answer: 
assistant
1",1,0,Object Localization
322,"system
You are a helpful assistant.
user
 QUESTION: Which bounding box more accurately localizes and encloses the baseball glove?
OPTIONS:
0: Box A
1: Box B

Answer with the correct option from 0 to 1. Only provide the numeric and nothing else 


Answer: 
assistant
0",0,1,Object Localization
323,"system
You are a helpful assistant.
user
 QUESTION: Which bounding box more accurately localizes and encloses the motorcycle?
OPTIONS:
0: Box A
1: Box B

Answer with the correct option from 0 to 1. Only provide the numeric and nothing else 


Answer: 
assistant
1",1,0,Object Localization
324,"system
You are a helpful assistant.
user
 QUESTION: Which bounding box more accurately localizes and encloses the wineglass?
OPTIONS:
0: Box A
1: Box B

Answer with the correct option from 0 to 1. Only provide the numeric and nothing else 


Answer: 
assistant
1",1,1,Object Localization
325,"system
You are a helpful assistant.
user
 QUESTION: Which bounding box more accurately localizes and encloses the quilt?
OPTIONS:
0: Box A
1: Box B

Answer with the correct option from 0 to 1. Only provide the numeric and nothing else 


Answer: 
assistant
1",1,1,Object Localization
326,"system
You are a helpful assistant.
user
 QUESTION: Which bounding box more accurately localizes and encloses the bowl?
OPTIONS:
0: Box A
1: Box B

Answer with the correct option from 0 to 1. Only provide the numeric and nothing else 


Answer: 
assistant
1",1,0,Object Localization
327,"system
You are a helpful assistant.
user
 QUESTION: Which bounding box more accurately localizes and encloses the carrot?
OPTIONS:
0: Box A
1: Box B

Answer with the correct option from 0 to 1. Only provide the numeric and nothing else 


Answer: 
assistant
1",1,1,Object Localization
328,"system
You are a helpful assistant.
user
 QUESTION: Which bounding box more accurately localizes and encloses the basket?
OPTIONS:
0: Box A
1: Box B

Answer with the correct option from 0 to 1. Only provide the numeric and nothing else 


Answer: 
assistant
1",1,1,Object Localization
329,"system
You are a helpful assistant.
user
 QUESTION: Which bounding box more accurately localizes and encloses the book?
OPTIONS:
0: Box A
1: Box B

Answer with the correct option from 0 to 1. Only provide the numeric and nothing else 


Answer: 
assistant
0",0,1,Object Localization
330,"system
You are a helpful assistant.
user
 QUESTION: Which bounding box more accurately localizes and encloses the bun?
OPTIONS:
0: Box A
1: Box B

Answer with the correct option from 0 to 1. Only provide the numeric and nothing else 


Answer: 
assistant
1",1,0,Object Localization
331,"system
You are a helpful assistant.
user
 QUESTION: Which bounding box more accurately localizes and encloses the blanket?
OPTIONS:
0: Box A
1: Box B

Answer with the correct option from 0 to 1. Only provide the numeric and nothing else 


Answer: 
assistant
0",0,0,Object Localization
332,"system
You are a helpful assistant.
user
 QUESTION: Which bounding box more accurately localizes and encloses the cover?
OPTIONS:
0: Box A
1: Box B

Answer with the correct option from 0 to 1. Only provide the numeric and nothing else 


Answer: 
assistant
0",0,0,Object Localization
333,"system
You are a helpful assistant.
user
 QUESTION: Which bounding box more accurately localizes and encloses the tablecloth?
OPTIONS:
0: Box A
1: Box B

Answer with the correct option from 0 to 1. Only provide the numeric and nothing else 


Answer: 
assistant
1",1,1,Object Localization
334,"system
You are a helpful assistant.
user
 QUESTION: Which bounding box more accurately localizes and encloses the bus (vehicle)?
OPTIONS:
0: Box A
1: Box B

Answer with the correct option from 0 to 1. Only provide the numeric and nothing else 


Answer: 
assistant
0",0,0,Object Localization
335,"system
You are a helpful assistant.
user
 QUESTION: Which bounding box more accurately localizes and encloses the wok?
OPTIONS:
0: Box A
1: Box B

Answer with the correct option from 0 to 1. Only provide the numeric and nothing else 


Answer: 
assistant
1",1,1,Object Localization
336,"system
You are a helpful assistant.
user
 QUESTION: Which bounding box more accurately localizes and encloses the onion?
OPTIONS:
0: Box A
1: Box B

Answer with the correct option from 0 to 1. Only provide the numeric and nothing else 


Answer: 
assistant
1",1,1,Object Localization
337,"system
You are a helpful assistant.
user
 QUESTION: Which bounding box more accurately localizes and encloses the computer keyboard?
OPTIONS:
0: Box A
1: Box B

Answer with the correct option from 0 to 1. Only provide the numeric and nothing else 


Answer: 
assistant
1",1,0,Object Localization
338,"system
You are a helpful assistant.
user
 QUESTION: Which bounding box more accurately localizes and encloses the vase?
OPTIONS:
0: Box A
1: Box B

Answer with the correct option from 0 to 1. Only provide the numeric and nothing else 


Answer: 
assistant
1",1,1,Object Localization
339,"system
You are a helpful assistant.
user
 QUESTION: Which bounding box more accurately localizes and encloses the giraffe?
OPTIONS:
0: Box A
1: Box B

Answer with the correct option from 0 to 1. Only provide the numeric and nothing else 


Answer: 
assistant
1",1,1,Object Localization
340,"system
You are a helpful assistant.
user
 QUESTION: Which bounding box more accurately localizes and encloses the pizza?
OPTIONS:
0: Box A
1: Box B

Answer with the correct option from 0 to 1. Only provide the numeric and nothing else 


Answer: 
assistant
1",1,0,Object Localization
341,"system
You are a helpful assistant.
user
 QUESTION: Which bounding box more accurately localizes and encloses the parking meter?
OPTIONS:
0: Box A
1: Box B

Answer with the correct option from 0 to 1. Only provide the numeric and nothing else 


Answer: 
assistant
1",1,1,Object Localization
342,"system
You are a helpful assistant.
user
 QUESTION: Which bounding box more accurately localizes and encloses the jersey?
OPTIONS:
0: Box A
1: Box B

Answer with the correct option from 0 to 1. Only provide the numeric and nothing else 


Answer: 
assistant
1",1,0,Object Localization
343,"system
You are a helpful assistant.
user
 QUESTION: Which bounding box more accurately localizes and encloses the kite?
OPTIONS:
0: Box A
1: Box B

Answer with the correct option from 0 to 1. Only provide the numeric and nothing else 


Answer: 
assistant
1",1,1,Object Localization
344,"system
You are a helpful assistant.
user
 QUESTION: Which bounding box more accurately localizes and encloses the tablecloth?
OPTIONS:
0: Box A
1: Box B

Answer with the correct option from 0 to 1. Only provide the numeric and nothing else 


Answer: 
assistant
1",1,0,Object Localization
345,"system
You are a helpful assistant.
user
 QUESTION: Which bounding box more accurately localizes and encloses the knife?
OPTIONS:
0: Box A
1: Box B

Answer with the correct option from 0 to 1. Only provide the numeric and nothing else 


Answer: 
assistant
1",1,1,Object Localization
346,"system
You are a helpful assistant.
user
 QUESTION: Which bounding box more accurately localizes and encloses the sofa?
OPTIONS:
0: Box A
1: Box B

Answer with the correct option from 0 to 1. Only provide the numeric and nothing else 


Answer: 
assistant
0",0,0,Object Localization
347,"system
You are a helpful assistant.
user
 QUESTION: Which bounding box more accurately localizes and encloses the banana?
OPTIONS:
0: Box A
1: Box B

Answer with the correct option from 0 to 1. Only provide the numeric and nothing else 


Answer: 
assistant
1",1,1,Object Localization
348,"system
You are a helpful assistant.
user
 QUESTION: Which bounding box more accurately localizes and encloses the nightshirt?
OPTIONS:
0: Box A
1: Box B

Answer with the correct option from 0 to 1. Only provide the numeric and nothing else 


Answer: 
assistant
0",0,1,Object Localization
349,"system
You are a helpful assistant.
user
 QUESTION: Which bounding box more accurately localizes and encloses the cow?
OPTIONS:
0: Box A
1: Box B

Answer with the correct option from 0 to 1. Only provide the numeric and nothing else 


Answer: 
assistant
1",1,0,Object Localization
350,"system
You are a helpful assistant.
user
 QUESTION: Which bounding box more accurately localizes and encloses the plate?
OPTIONS:
0: Box A
1: Box B

Answer with the correct option from 0 to 1. Only provide the numeric and nothing else 


Answer: 
assistant
1",1,1,Object Localization
351,"system
You are a helpful assistant.
user
 QUESTION: Which bounding box more accurately localizes and encloses the duffel bag?
OPTIONS:
0: Box A
1: Box B

Answer with the correct option from 0 to 1. Only provide the numeric and nothing else 


Answer: 
assistant
1",1,1,Object Localization
352,"system
You are a helpful assistant.
user
 QUESTION: Which bounding box more accurately localizes and encloses the control?
OPTIONS:
0: Box A
1: Box B

Answer with the correct option from 0 to 1. Only provide the numeric and nothing else 


Answer: 
assistant
1",1,1,Object Localization
353,"system
You are a helpful assistant.
user
 QUESTION: Which bounding box more accurately localizes and encloses the pizza?
OPTIONS:
0: Box A
1: Box B

Answer with the correct option from 0 to 1. Only provide the numeric and nothing else 


Answer: 
assistant
1",1,0,Object Localization
354,"system
You are a helpful assistant.
user
 QUESTION: Which bounding box more accurately localizes and encloses the dresser?
OPTIONS:
0: Box A
1: Box B

Answer with the correct option from 0 to 1. Only provide the numeric and nothing else 


Answer: 
assistant
0",0,0,Object Localization
355,"system
You are a helpful assistant.
user
 QUESTION: Which bounding box more accurately localizes and encloses the airplane?
OPTIONS:
0: Box A
1: Box B

Answer with the correct option from 0 to 1. Only provide the numeric and nothing else 


Answer: 
assistant
1",1,1,Object Localization
356,"system
You are a helpful assistant.
user
 QUESTION: Which bounding box more accurately localizes and encloses the toilet?
OPTIONS:
0: Box A
1: Box B

Answer with the correct option from 0 to 1. Only provide the numeric and nothing else 


Answer: 
assistant
1",1,1,Object Localization
357,"system
You are a helpful assistant.
user
 QUESTION: Which bounding box more accurately localizes and encloses the bed?
OPTIONS:
0: Box A
1: Box B

Answer with the correct option from 0 to 1. Only provide the numeric and nothing else 


Answer: 
assistant
1",1,1,Object Localization
358,"system
You are a helpful assistant.
user
 QUESTION: Which bounding box more accurately localizes and encloses the zebra?
OPTIONS:
0: Box A
1: Box B

Answer with the correct option from 0 to 1. Only provide the numeric and nothing else 


Answer: 
assistant
1",1,0,Object Localization
359,"system
You are a helpful assistant.
user
 QUESTION: Which bounding box more accurately localizes and encloses the sandwich?
OPTIONS:
0: Box A
1: Box B

Answer with the correct option from 0 to 1. Only provide the numeric and nothing else 


Answer: 
assistant
1",1,1,Object Localization
360,"system
You are a helpful assistant.
user
 QUESTION: Which bounding box more accurately localizes and encloses the bowl?
OPTIONS:
0: Box A
1: Box B

Answer with the correct option from 0 to 1. Only provide the numeric and nothing else 


Answer: 
assistant
1",1,1,Object Localization
361,"system
You are a helpful assistant.
user
 QUESTION: Which bounding box more accurately localizes and encloses the knife?
OPTIONS:
0: Box A
1: Box B

Answer with the correct option from 0 to 1. Only provide the numeric and nothing else 


Answer: 
assistant
1",1,1,Object Localization
362,"system
You are a helpful assistant.
user
 QUESTION: Which bounding box more accurately localizes and encloses the polo shirt?
OPTIONS:
0: Box A
1: Box B

Answer with the correct option from 0 to 1. Only provide the numeric and nothing else 


Answer: 
assistant
1",1,0,Object Localization
363,"system
You are a helpful assistant.
user
 QUESTION: Which bounding box more accurately localizes and encloses the horse?
OPTIONS:
0: Box A
1: Box B

Answer with the correct option from 0 to 1. Only provide the numeric and nothing else 


Answer: 
assistant
1",1,1,Object Localization
364,"system
You are a helpful assistant.
user
 QUESTION: Which bounding box more accurately localizes and encloses the umbrella?
OPTIONS:
0: Box A
1: Box B

Answer with the correct option from 0 to 1. Only provide the numeric and nothing else 


Answer: 
assistant
1",1,0,Object Localization
365,"system
You are a helpful assistant.
user
 QUESTION: Which bounding box more accurately localizes and encloses the telephone?
OPTIONS:
0: Box A
1: Box B

Answer with the correct option from 0 to 1. Only provide the numeric and nothing else 


Answer: 
assistant
1",1,1,Object Localization
366,"system
You are a helpful assistant.
user
 QUESTION: Which bounding box more accurately localizes and encloses the pillow?
OPTIONS:
0: Box A
1: Box B

Answer with the correct option from 0 to 1. Only provide the numeric and nothing else 


Answer: 
assistant
1",1,0,Object Localization
367,"system
You are a helpful assistant.
user
 QUESTION: Which bounding box more accurately localizes and encloses the computer keyboard?
OPTIONS:
0: Box A
1: Box B

Answer with the correct option from 0 to 1. Only provide the numeric and nothing else 


Answer: 
assistant
1",1,0,Object Localization
368,"system
You are a helpful assistant.
user
 QUESTION: Which bounding box more accurately localizes and encloses the bed?
OPTIONS:
0: Box A
1: Box B

Answer with the correct option from 0 to 1. Only provide the numeric and nothing else 


Answer: 
assistant
1",1,0,Object Localization
369,"system
You are a helpful assistant.
user
 QUESTION: Which bounding box more accurately localizes and encloses the tray?
OPTIONS:
0: Box A
1: Box B

Answer with the correct option from 0 to 1. Only provide the numeric and nothing else 


Answer: 
assistant
1",1,0,Object Localization
370,"system
You are a helpful assistant.
user
 QUESTION: Which bounding box more accurately localizes and encloses the knife?
OPTIONS:
0: Box A
1: Box B

Answer with the correct option from 0 to 1. Only provide the numeric and nothing else 


Answer: 
assistant
1",1,1,Object Localization
371,"system
You are a helpful assistant.
user
 QUESTION: Which bounding box more accurately localizes and encloses the jean?
OPTIONS:
0: Box A
1: Box B

Answer with the correct option from 0 to 1. Only provide the numeric and nothing else 


Answer: 
assistant
0",0,1,Object Localization
372,"system
You are a helpful assistant.
user
 QUESTION: Which bounding box more accurately localizes and encloses the bird?
OPTIONS:
0: Box A
1: Box B

Answer with the correct option from 0 to 1. Only provide the numeric and nothing else 


Answer: 
assistant
1",1,0,Object Localization
373,"system
You are a helpful assistant.
user
 QUESTION: Which bounding box more accurately localizes and encloses the book?
OPTIONS:
0: Box A
1: Box B

Answer with the correct option from 0 to 1. Only provide the numeric and nothing else 


Answer: 
assistant
1",1,0,Object Localization
374,"system
You are a helpful assistant.
user
 QUESTION: Which bounding box more accurately localizes and encloses the bear?
OPTIONS:
0: Box A
1: Box B

Answer with the correct option from 0 to 1. Only provide the numeric and nothing else 


Answer: 
assistant
1",1,1,Object Localization
375,"system
You are a helpful assistant.
user
 QUESTION: Which bounding box more accurately localizes and encloses the chandelier?
OPTIONS:
0: Box A
1: Box B

Answer with the correct option from 0 to 1. Only provide the numeric and nothing else 


Answer: 
assistant
1",1,1,Object Localization
376,"system
You are a helpful assistant.
user
 QUESTION: Which bounding box more accurately localizes and encloses the cat?
OPTIONS:
0: Box A
1: Box B

Answer with the correct option from 0 to 1. Only provide the numeric and nothing else 


Answer: 
assistant
1",1,0,Object Localization
377,"system
You are a helpful assistant.
user
 QUESTION: Which bounding box more accurately localizes and encloses the cellular telephone?
OPTIONS:
0: Box A
1: Box B

Answer with the correct option from 0 to 1. Only provide the numeric and nothing else 


Answer: 
assistant
1",1,0,Object Localization
378,"system
You are a helpful assistant.
user
 QUESTION: Which bounding box more accurately localizes and encloses the bath towel?
OPTIONS:
0: Box A
1: Box B

Answer with the correct option from 0 to 1. Only provide the numeric and nothing else 


Answer: 
assistant
1",1,0,Object Localization
379,"system
You are a helpful assistant.
user
 QUESTION: Which bounding box more accurately localizes and encloses the train (railroad vehicle)?
OPTIONS:
0: Box A
1: Box B

Answer with the correct option from 0 to 1. Only provide the numeric and nothing else 


Answer: 
assistant
1",1,1,Object Localization
380,"system
You are a helpful assistant.
user
 QUESTION: Which bounding box more accurately localizes and encloses the lamp?
OPTIONS:
0: Box A
1: Box B

Answer with the correct option from 0 to 1. Only provide the numeric and nothing else 


Answer: 
assistant
1",1,1,Object Localization
381,"system
You are a helpful assistant.
user
 QUESTION: Which bounding box more accurately localizes and encloses the jersey?
OPTIONS:
0: Box A
1: Box B

Answer with the correct option from 0 to 1. Only provide the numeric and nothing else 


Answer: 
assistant
0",0,1,Object Localization
382,"system
You are a helpful assistant.
user
 QUESTION: Which bounding box more accurately localizes and encloses the dog?
OPTIONS:
0: Box A
1: Box B

Answer with the correct option from 0 to 1. Only provide the numeric and nothing else 


Answer: 
assistant
1",1,1,Object Localization
383,"system
You are a helpful assistant.
user
 QUESTION: Which bounding box more accurately localizes and encloses the person?
OPTIONS:
0: Box A
1: Box B

Answer with the correct option from 0 to 1. Only provide the numeric and nothing else 


Answer: 
assistant
1",1,1,Object Localization
384,"system
You are a helpful assistant.
user
 QUESTION: Which bounding box more accurately localizes and encloses the refrigerator?
OPTIONS:
0: Box A
1: Box B

Answer with the correct option from 0 to 1. Only provide the numeric and nothing else 


Answer: 
assistant
1",1,0,Object Localization
385,"system
You are a helpful assistant.
user
 QUESTION: Which bounding box more accurately localizes and encloses the plate?
OPTIONS:
0: Box A
1: Box B

Answer with the correct option from 0 to 1. Only provide the numeric and nothing else 


Answer: 
assistant
1",1,1,Object Localization
386,"system
You are a helpful assistant.
user
 QUESTION: Which bounding box more accurately localizes and encloses the dish?
OPTIONS:
0: Box A
1: Box B

Answer with the correct option from 0 to 1. Only provide the numeric and nothing else 


Answer: 
assistant
1",1,0,Object Localization
387,"system
You are a helpful assistant.
user
 QUESTION: Which bounding box more accurately localizes and encloses the shower curtain?
OPTIONS:
0: Box A
1: Box B

Answer with the correct option from 0 to 1. Only provide the numeric and nothing else 


Answer: 
assistant
1",1,1,Object Localization
388,"system
You are a helpful assistant.
user
 QUESTION: Which bounding box more accurately localizes and encloses the jacket?
OPTIONS:
0: Box A
1: Box B

Answer with the correct option from 0 to 1. Only provide the numeric and nothing else 


Answer: 
assistant
1",1,0,Object Localization
389,"system
You are a helpful assistant.
user
 QUESTION: Which bounding box more accurately localizes and encloses the chair?
OPTIONS:
0: Box A
1: Box B

Answer with the correct option from 0 to 1. Only provide the numeric and nothing else 


Answer: 
assistant
1",1,0,Object Localization
390,"system
You are a helpful assistant.
user
 QUESTION: Which point is closer to the camera?
OPTIONS:
0: A is closer
1: B is closer

Answer with the correct option from 0 to 1. Only provide the numeric and nothing else 


Answer: 
assistant
1",1,1,Relative Depth
391,"system
You are a helpful assistant.
user
 QUESTION: Which point is closer to the camera?
OPTIONS:
0: A is closer
1: B is closer

Answer with the correct option from 0 to 1. Only provide the numeric and nothing else 


Answer: 
assistant
1",1,1,Relative Depth
392,"system
You are a helpful assistant.
user
 QUESTION: Which point is closer to the camera?
OPTIONS:
0: A is closer
1: B is closer

Answer with the correct option from 0 to 1. Only provide the numeric and nothing else 


Answer: 
assistant
1",1,1,Relative Depth
393,"system
You are a helpful assistant.
user
 QUESTION: Which point is closer to the camera?
OPTIONS:
0: A is closer
1: B is closer

Answer with the correct option from 0 to 1. Only provide the numeric and nothing else 


Answer: 
assistant
0",0,0,Relative Depth
394,"system
You are a helpful assistant.
user
 QUESTION: Which point is closer to the camera?
OPTIONS:
0: A is closer
1: B is closer

Answer with the correct option from 0 to 1. Only provide the numeric and nothing else 


Answer: 
assistant
0",0,0,Relative Depth
395,"system
You are a helpful assistant.
user
 QUESTION: Which point is closer to the camera?
OPTIONS:
0: A is closer
1: B is closer

Answer with the correct option from 0 to 1. Only provide the numeric and nothing else 


Answer: 
assistant
0",0,0,Relative Depth
396,"system
You are a helpful assistant.
user
 QUESTION: Which point is closer to the camera?
OPTIONS:
0: A is closer
1: B is closer

Answer with the correct option from 0 to 1. Only provide the numeric and nothing else 


Answer: 
assistant
0",0,0,Relative Depth
397,"system
You are a helpful assistant.
user
 QUESTION: Which point is closer to the camera?
OPTIONS:
0: A is closer
1: B is closer

Answer with the correct option from 0 to 1. Only provide the numeric and nothing else 


Answer: 
assistant
0",0,1,Relative Depth
398,"system
You are a helpful assistant.
user
 QUESTION: Which point is closer to the camera?
OPTIONS:
0: A is closer
1: B is closer

Answer with the correct option from 0 to 1. Only provide the numeric and nothing else 


Answer: 
assistant
1",1,1,Relative Depth
399,"system
You are a helpful assistant.
user
 QUESTION: Which point is closer to the camera?
OPTIONS:
0: A is closer
1: B is closer

Answer with the correct option from 0 to 1. Only provide the numeric and nothing else 


Answer: 
assistant
0",0,0,Relative Depth
400,"system
You are a helpful assistant.
user
 QUESTION: Which point is closer to the camera?
OPTIONS:
0: A is closer
1: B is closer

Answer with the correct option from 0 to 1. Only provide the numeric and nothing else 


Answer: 
assistant
1",1,1,Relative Depth
401,"system
You are a helpful assistant.
user
 QUESTION: Which point is closer to the camera?
OPTIONS:
0: A is closer
1: B is closer

Answer with the correct option from 0 to 1. Only provide the numeric and nothing else 


Answer: 
assistant
0",0,0,Relative Depth
402,"system
You are a helpful assistant.
user
 QUESTION: Which point is closer to the camera?
OPTIONS:
0: A is closer
1: B is closer

Answer with the correct option from 0 to 1. Only provide the numeric and nothing else 


Answer: 
assistant
0",0,1,Relative Depth
403,"system
You are a helpful assistant.
user
 QUESTION: Which point is closer to the camera?
OPTIONS:
0: A is closer
1: B is closer

Answer with the correct option from 0 to 1. Only provide the numeric and nothing else 


Answer: 
assistant
0",0,0,Relative Depth
404,"system
You are a helpful assistant.
user
 QUESTION: Which point is closer to the camera?
OPTIONS:
0: A is closer
1: B is closer

Answer with the correct option from 0 to 1. Only provide the numeric and nothing else 


Answer: 
assistant
1",1,1,Relative Depth
405,"system
You are a helpful assistant.
user
 QUESTION: Which point is closer to the camera?
OPTIONS:
0: A is closer
1: B is closer

Answer with the correct option from 0 to 1. Only provide the numeric and nothing else 


Answer: 
assistant
0",0,1,Relative Depth
406,"system
You are a helpful assistant.
user
 QUESTION: Which point is closer to the camera?
OPTIONS:
0: A is closer
1: B is closer

Answer with the correct option from 0 to 1. Only provide the numeric and nothing else 


Answer: 
assistant
1",1,1,Relative Depth
407,"system
You are a helpful assistant.
user
 QUESTION: Which point is closer to the camera?
OPTIONS:
0: A is closer
1: B is closer

Answer with the correct option from 0 to 1. Only provide the numeric and nothing else 


Answer: 
assistant
0",0,0,Relative Depth
408,"system
You are a helpful assistant.
user
 QUESTION: Which point is closer to the camera?
OPTIONS:
0: A is closer
1: B is closer

Answer with the correct option from 0 to 1. Only provide the numeric and nothing else 


Answer: 
assistant
0",0,1,Relative Depth
409,"system
You are a helpful assistant.
user
 QUESTION: Which point is closer to the camera?
OPTIONS:
0: A is closer
1: B is closer

Answer with the correct option from 0 to 1. Only provide the numeric and nothing else 


Answer: 
assistant
1",1,1,Relative Depth
410,"system
You are a helpful assistant.
user
 QUESTION: Which point is closer to the camera?
OPTIONS:
0: A is closer
1: B is closer

Answer with the correct option from 0 to 1. Only provide the numeric and nothing else 


Answer: 
assistant
0",0,1,Relative Depth
411,"system
You are a helpful assistant.
user
 QUESTION: Which point is closer to the camera?
OPTIONS:
0: A is closer
1: B is closer

Answer with the correct option from 0 to 1. Only provide the numeric and nothing else 


Answer: 
assistant
1",1,1,Relative Depth
412,"system
You are a helpful assistant.
user
 QUESTION: Which point is closer to the camera?
OPTIONS:
0: A is closer
1: B is closer

Answer with the correct option from 0 to 1. Only provide the numeric and nothing else 


Answer: 
assistant
1",1,1,Relative Depth
413,"system
You are a helpful assistant.
user
 QUESTION: Which point is closer to the camera?
OPTIONS:
0: A is closer
1: B is closer

Answer with the correct option from 0 to 1. Only provide the numeric and nothing else 


Answer: 
assistant
0",0,0,Relative Depth
414,"system
You are a helpful assistant.
user
 QUESTION: Which point is closer to the camera?
OPTIONS:
0: A is closer
1: B is closer

Answer with the correct option from 0 to 1. Only provide the numeric and nothing else 


Answer: 
assistant
0",0,0,Relative Depth
415,"system
You are a helpful assistant.
user
 QUESTION: Which point is closer to the camera?
OPTIONS:
0: A is closer
1: B is closer

Answer with the correct option from 0 to 1. Only provide the numeric and nothing else 


Answer: 
assistant
0",0,0,Relative Depth
416,"system
You are a helpful assistant.
user
 QUESTION: Which point is closer to the camera?
OPTIONS:
0: A is closer
1: B is closer

Answer with the correct option from 0 to 1. Only provide the numeric and nothing else 


Answer: 
assistant
1",1,0,Relative Depth
417,"system
You are a helpful assistant.
user
 QUESTION: Which point is closer to the camera?
OPTIONS:
0: A is closer
1: B is closer

Answer with the correct option from 0 to 1. Only provide the numeric and nothing else 


Answer: 
assistant
0",0,0,Relative Depth
418,"system
You are a helpful assistant.
user
 QUESTION: Which point is closer to the camera?
OPTIONS:
0: A is closer
1: B is closer

Answer with the correct option from 0 to 1. Only provide the numeric and nothing else 


Answer: 
assistant
0",0,0,Relative Depth
419,"system
You are a helpful assistant.
user
 QUESTION: Which point is closer to the camera?
OPTIONS:
0: A is closer
1: B is closer

Answer with the correct option from 0 to 1. Only provide the numeric and nothing else 


Answer: 
assistant
0",0,0,Relative Depth
420,"system
You are a helpful assistant.
user
 QUESTION: Which point is closer to the camera?
OPTIONS:
0: A is closer
1: B is closer

Answer with the correct option from 0 to 1. Only provide the numeric and nothing else 


Answer: 
assistant
0",0,0,Relative Depth
421,"system
You are a helpful assistant.
user
 QUESTION: Which point is closer to the camera?
OPTIONS:
0: A is closer
1: B is closer

Answer with the correct option from 0 to 1. Only provide the numeric and nothing else 


Answer: 
assistant
0",0,1,Relative Depth
422,"system
You are a helpful assistant.
user
 QUESTION: Which point is closer to the camera?
OPTIONS:
0: A is closer
1: B is closer

Answer with the correct option from 0 to 1. Only provide the numeric and nothing else 


Answer: 
assistant
0",0,1,Relative Depth
423,"system
You are a helpful assistant.
user
 QUESTION: Which point is closer to the camera?
OPTIONS:
0: A is closer
1: B is closer

Answer with the correct option from 0 to 1. Only provide the numeric and nothing else 


Answer: 
assistant
0",0,0,Relative Depth
424,"system
You are a helpful assistant.
user
 QUESTION: Which point is closer to the camera?
OPTIONS:
0: A is closer
1: B is closer

Answer with the correct option from 0 to 1. Only provide the numeric and nothing else 


Answer: 
assistant
0",0,0,Relative Depth
425,"system
You are a helpful assistant.
user
 QUESTION: Which point is closer to the camera?
OPTIONS:
0: A is closer
1: B is closer

Answer with the correct option from 0 to 1. Only provide the numeric and nothing else 


Answer: 
assistant
0",0,0,Relative Depth
426,"system
You are a helpful assistant.
user
 QUESTION: Which point is closer to the camera?
OPTIONS:
0: A is closer
1: B is closer

Answer with the correct option from 0 to 1. Only provide the numeric and nothing else 


Answer: 
assistant
0",0,0,Relative Depth
427,"system
You are a helpful assistant.
user
 QUESTION: Which point is closer to the camera?
OPTIONS:
0: A is closer
1: B is closer

Answer with the correct option from 0 to 1. Only provide the numeric and nothing else 


Answer: 
assistant
1",1,1,Relative Depth
428,"system
You are a helpful assistant.
user
 QUESTION: Which point is closer to the camera?
OPTIONS:
0: A is closer
1: B is closer

Answer with the correct option from 0 to 1. Only provide the numeric and nothing else 


Answer: 
assistant
0",0,0,Relative Depth
429,"system
You are a helpful assistant.
user
 QUESTION: Which point is closer to the camera?
OPTIONS:
0: A is closer
1: B is closer

Answer with the correct option from 0 to 1. Only provide the numeric and nothing else 


Answer: 
assistant
0",0,0,Relative Depth
430,"system
You are a helpful assistant.
user
 QUESTION: Which point is closer to the camera?
OPTIONS:
0: A is closer
1: B is closer

Answer with the correct option from 0 to 1. Only provide the numeric and nothing else 


Answer: 
assistant
1",1,1,Relative Depth
431,"system
You are a helpful assistant.
user
 QUESTION: Which point is closer to the camera?
OPTIONS:
0: A is closer
1: B is closer

Answer with the correct option from 0 to 1. Only provide the numeric and nothing else 


Answer: 
assistant
1",1,0,Relative Depth
432,"system
You are a helpful assistant.
user
 QUESTION: Which point is closer to the camera?
OPTIONS:
0: A is closer
1: B is closer

Answer with the correct option from 0 to 1. Only provide the numeric and nothing else 


Answer: 
assistant
0",0,1,Relative Depth
433,"system
You are a helpful assistant.
user
 QUESTION: Which point is closer to the camera?
OPTIONS:
0: A is closer
1: B is closer

Answer with the correct option from 0 to 1. Only provide the numeric and nothing else 


Answer: 
assistant
0",0,0,Relative Depth
434,"system
You are a helpful assistant.
user
 QUESTION: Which point is closer to the camera?
OPTIONS:
0: A is closer
1: B is closer

Answer with the correct option from 0 to 1. Only provide the numeric and nothing else 


Answer: 
assistant
0",0,0,Relative Depth
435,"system
You are a helpful assistant.
user
 QUESTION: Which point is closer to the camera?
OPTIONS:
0: A is closer
1: B is closer

Answer with the correct option from 0 to 1. Only provide the numeric and nothing else 


Answer: 
assistant
0",0,0,Relative Depth
436,"system
You are a helpful assistant.
user
 QUESTION: Which point is closer to the camera?
OPTIONS:
0: A is closer
1: B is closer

Answer with the correct option from 0 to 1. Only provide the numeric and nothing else 


Answer: 
assistant
0",0,1,Relative Depth
437,"system
You are a helpful assistant.
user
 QUESTION: Which point is closer to the camera?
OPTIONS:
0: A is closer
1: B is closer

Answer with the correct option from 0 to 1. Only provide the numeric and nothing else 


Answer: 
assistant
1",1,1,Relative Depth
438,"system
You are a helpful assistant.
user
 QUESTION: Which point is closer to the camera?
OPTIONS:
0: A is closer
1: B is closer

Answer with the correct option from 0 to 1. Only provide the numeric and nothing else 


Answer: 
assistant
1",1,1,Relative Depth
439,"system
You are a helpful assistant.
user
 QUESTION: Which point is closer to the camera?
OPTIONS:
0: A is closer
1: B is closer

Answer with the correct option from 0 to 1. Only provide the numeric and nothing else 


Answer: 
assistant
0",0,1,Relative Depth
440,"system
You are a helpful assistant.
user
 QUESTION: Which point is closer to the camera?
OPTIONS:
0: A is closer
1: B is closer

Answer with the correct option from 0 to 1. Only provide the numeric and nothing else 


Answer: 
assistant
0",0,1,Relative Depth
441,"system
You are a helpful assistant.
user
 QUESTION: Which point is closer to the camera?
OPTIONS:
0: A is closer
1: B is closer

Answer with the correct option from 0 to 1. Only provide the numeric and nothing else 


Answer: 
assistant
0",0,0,Relative Depth
442,"system
You are a helpful assistant.
user
 QUESTION: Which point is closer to the camera?
OPTIONS:
0: A is closer
1: B is closer

Answer with the correct option from 0 to 1. Only provide the numeric and nothing else 


Answer: 
assistant
1",1,1,Relative Depth
443,"system
You are a helpful assistant.
user
 QUESTION: Which point is closer to the camera?
OPTIONS:
0: A is closer
1: B is closer

Answer with the correct option from 0 to 1. Only provide the numeric and nothing else 


Answer: 
assistant
0",0,0,Relative Depth
444,"system
You are a helpful assistant.
user
 QUESTION: Which point is closer to the camera?
OPTIONS:
0: A is closer
1: B is closer

Answer with the correct option from 0 to 1. Only provide the numeric and nothing else 


Answer: 
assistant
0",0,1,Relative Depth
445,"system
You are a helpful assistant.
user
 QUESTION: Which point is closer to the camera?
OPTIONS:
0: A is closer
1: B is closer

Answer with the correct option from 0 to 1. Only provide the numeric and nothing else 


Answer: 
assistant
0",0,1,Relative Depth
446,"system
You are a helpful assistant.
user
 QUESTION: Which point is closer to the camera?
OPTIONS:
0: A is closer
1: B is closer

Answer with the correct option from 0 to 1. Only provide the numeric and nothing else 


Answer: 
assistant
0",0,1,Relative Depth
447,"system
You are a helpful assistant.
user
 QUESTION: Which point is closer to the camera?
OPTIONS:
0: A is closer
1: B is closer

Answer with the correct option from 0 to 1. Only provide the numeric and nothing else 


Answer: 
assistant
0",0,1,Relative Depth
448,"system
You are a helpful assistant.
user
 QUESTION: Which point is closer to the camera?
OPTIONS:
0: A is closer
1: B is closer

Answer with the correct option from 0 to 1. Only provide the numeric and nothing else 


Answer: 
assistant
1",1,1,Relative Depth
449,"system
You are a helpful assistant.
user
 QUESTION: Which point is closer to the camera?
OPTIONS:
0: A is closer
1: B is closer

Answer with the correct option from 0 to 1. Only provide the numeric and nothing else 


Answer: 
assistant
0",0,0,Relative Depth
450,"system
You are a helpful assistant.
user
 QUESTION: Which point is closer to the camera?
OPTIONS:
0: A is closer
1: B is closer

Answer with the correct option from 0 to 1. Only provide the numeric and nothing else 


Answer: 
assistant
0",0,0,Relative Depth
451,"system
You are a helpful assistant.
user
 QUESTION: Which point is closer to the camera?
OPTIONS:
0: A is closer
1: B is closer

Answer with the correct option from 0 to 1. Only provide the numeric and nothing else 


Answer: 
assistant
0",0,0,Relative Depth
452,"system
You are a helpful assistant.
user
 QUESTION: Which point is closer to the camera?
OPTIONS:
0: A is closer
1: B is closer

Answer with the correct option from 0 to 1. Only provide the numeric and nothing else 


Answer: 
assistant
1",1,1,Relative Depth
453,"system
You are a helpful assistant.
user
 QUESTION: Which point is closer to the camera?
OPTIONS:
0: A is closer
1: B is closer

Answer with the correct option from 0 to 1. Only provide the numeric and nothing else 


Answer: 
assistant
0",0,0,Relative Depth
454,"system
You are a helpful assistant.
user
 QUESTION: Which point is closer to the camera?
OPTIONS:
0: A is closer
1: B is closer

Answer with the correct option from 0 to 1. Only provide the numeric and nothing else 


Answer: 
assistant
0",0,0,Relative Depth
455,"system
You are a helpful assistant.
user
 QUESTION: Which point is closer to the camera?
OPTIONS:
0: A is closer
1: B is closer

Answer with the correct option from 0 to 1. Only provide the numeric and nothing else 


Answer: 
assistant
0",0,0,Relative Depth
456,"system
You are a helpful assistant.
user
 QUESTION: Which point is closer to the camera?
OPTIONS:
0: A is closer
1: B is closer

Answer with the correct option from 0 to 1. Only provide the numeric and nothing else 


Answer: 
assistant
1",1,1,Relative Depth
457,"system
You are a helpful assistant.
user
 QUESTION: Which point is closer to the camera?
OPTIONS:
0: A is closer
1: B is closer

Answer with the correct option from 0 to 1. Only provide the numeric and nothing else 


Answer: 
assistant
1",1,1,Relative Depth
458,"system
You are a helpful assistant.
user
 QUESTION: Which point is closer to the camera?
OPTIONS:
0: A is closer
1: B is closer

Answer with the correct option from 0 to 1. Only provide the numeric and nothing else 


Answer: 
assistant
0",0,0,Relative Depth
459,"system
You are a helpful assistant.
user
 QUESTION: Which point is closer to the camera?
OPTIONS:
0: A is closer
1: B is closer

Answer with the correct option from 0 to 1. Only provide the numeric and nothing else 


Answer: 
assistant
1",1,1,Relative Depth
460,"system
You are a helpful assistant.
user
 QUESTION: Which point is closer to the camera?
OPTIONS:
0: A is closer
1: B is closer

Answer with the correct option from 0 to 1. Only provide the numeric and nothing else 


Answer: 
assistant
1",1,1,Relative Depth
461,"system
You are a helpful assistant.
user
 QUESTION: Which point is closer to the camera?
OPTIONS:
0: A is closer
1: B is closer

Answer with the correct option from 0 to 1. Only provide the numeric and nothing else 


Answer: 
assistant
0",0,0,Relative Depth
462,"system
You are a helpful assistant.
user
 QUESTION: Which point is closer to the camera?
OPTIONS:
0: A is closer
1: B is closer

Answer with the correct option from 0 to 1. Only provide the numeric and nothing else 


Answer: 
assistant
0",0,0,Relative Depth
463,"system
You are a helpful assistant.
user
 QUESTION: Which point is closer to the camera?
OPTIONS:
0: A is closer
1: B is closer

Answer with the correct option from 0 to 1. Only provide the numeric and nothing else 


Answer: 
assistant
0",0,0,Relative Depth
464,"system
You are a helpful assistant.
user
 QUESTION: Which point is closer to the camera?
OPTIONS:
0: A is closer
1: B is closer

Answer with the correct option from 0 to 1. Only provide the numeric and nothing else 


Answer: 
assistant
1",1,1,Relative Depth
465,"system
You are a helpful assistant.
user
 QUESTION: Which point is closer to the camera?
OPTIONS:
0: A is closer
1: B is closer

Answer with the correct option from 0 to 1. Only provide the numeric and nothing else 


Answer: 
assistant
0",0,1,Relative Depth
466,"system
You are a helpful assistant.
user
 QUESTION: Which point is closer to the camera?
OPTIONS:
0: A is closer
1: B is closer

Answer with the correct option from 0 to 1. Only provide the numeric and nothing else 


Answer: 
assistant
0",0,1,Relative Depth
467,"system
You are a helpful assistant.
user
 QUESTION: Which point is closer to the camera?
OPTIONS:
0: A is closer
1: B is closer

Answer with the correct option from 0 to 1. Only provide the numeric and nothing else 


Answer: 
assistant
1",1,0,Relative Depth
468,"system
You are a helpful assistant.
user
 QUESTION: Which point is closer to the camera?
OPTIONS:
0: A is closer
1: B is closer

Answer with the correct option from 0 to 1. Only provide the numeric and nothing else 


Answer: 
assistant
0",0,1,Relative Depth
469,"system
You are a helpful assistant.
user
 QUESTION: Which point is closer to the camera?
OPTIONS:
0: A is closer
1: B is closer

Answer with the correct option from 0 to 1. Only provide the numeric and nothing else 


Answer: 
assistant
0",0,1,Relative Depth
470,"system
You are a helpful assistant.
user
 QUESTION: Which point is closer to the camera?
OPTIONS:
0: A is closer
1: B is closer

Answer with the correct option from 0 to 1. Only provide the numeric and nothing else 


Answer: 
assistant
0",0,1,Relative Depth
471,"system
You are a helpful assistant.
user
 QUESTION: Which point is closer to the camera?
OPTIONS:
0: A is closer
1: B is closer

Answer with the correct option from 0 to 1. Only provide the numeric and nothing else 


Answer: 
assistant
0",0,0,Relative Depth
472,"system
You are a helpful assistant.
user
 QUESTION: Which point is closer to the camera?
OPTIONS:
0: A is closer
1: B is closer

Answer with the correct option from 0 to 1. Only provide the numeric and nothing else 


Answer: 
assistant
1",1,1,Relative Depth
473,"system
You are a helpful assistant.
user
 QUESTION: Which point is closer to the camera?
OPTIONS:
0: A is closer
1: B is closer

Answer with the correct option from 0 to 1. Only provide the numeric and nothing else 


Answer: 
assistant
0",0,0,Relative Depth
474,"system
You are a helpful assistant.
user
 QUESTION: Which point is closer to the camera?
OPTIONS:
0: A is closer
1: B is closer

Answer with the correct option from 0 to 1. Only provide the numeric and nothing else 


Answer: 
assistant
0",0,1,Relative Depth
475,"system
You are a helpful assistant.
user
 QUESTION: Which point is closer to the camera?
OPTIONS:
0: A is closer
1: B is closer

Answer with the correct option from 0 to 1. Only provide the numeric and nothing else 


Answer: 
assistant
1",1,1,Relative Depth
476,"system
You are a helpful assistant.
user
 QUESTION: Which point is closer to the camera?
OPTIONS:
0: A is closer
1: B is closer

Answer with the correct option from 0 to 1. Only provide the numeric and nothing else 


Answer: 
assistant
0",0,0,Relative Depth
477,"system
You are a helpful assistant.
user
 QUESTION: Which point is closer to the camera?
OPTIONS:
0: A is closer
1: B is closer

Answer with the correct option from 0 to 1. Only provide the numeric and nothing else 


Answer: 
assistant
0",0,0,Relative Depth
478,"system
You are a helpful assistant.
user
 QUESTION: Which point is closer to the camera?
OPTIONS:
0: A is closer
1: B is closer

Answer with the correct option from 0 to 1. Only provide the numeric and nothing else 


Answer: 
assistant
1",1,1,Relative Depth
479,"system
You are a helpful assistant.
user
 QUESTION: Which point is closer to the camera?
OPTIONS:
0: A is closer
1: B is closer

Answer with the correct option from 0 to 1. Only provide the numeric and nothing else 


Answer: 
assistant
0",0,0,Relative Depth
480,"system
You are a helpful assistant.
user
 QUESTION: Which point is closer to the camera?
OPTIONS:
0: A is closer
1: B is closer

Answer with the correct option from 0 to 1. Only provide the numeric and nothing else 


Answer: 
assistant
0",0,0,Relative Depth
481,"system
You are a helpful assistant.
user
 QUESTION: Which point is closer to the camera?
OPTIONS:
0: A is closer
1: B is closer

Answer with the correct option from 0 to 1. Only provide the numeric and nothing else 


Answer: 
assistant
0",0,1,Relative Depth
482,"system
You are a helpful assistant.
user
 QUESTION: Which point is closer to the camera?
OPTIONS:
0: A is closer
1: B is closer

Answer with the correct option from 0 to 1. Only provide the numeric and nothing else 


Answer: 
assistant
0",0,0,Relative Depth
483,"system
You are a helpful assistant.
user
 QUESTION: Which point is closer to the camera?
OPTIONS:
0: A is closer
1: B is closer

Answer with the correct option from 0 to 1. Only provide the numeric and nothing else 


Answer: 
assistant
0",0,1,Relative Depth
484,"system
You are a helpful assistant.
user
 QUESTION: Which point is closer to the camera?
OPTIONS:
0: A is closer
1: B is closer

Answer with the correct option from 0 to 1. Only provide the numeric and nothing else 


Answer: 
assistant
1",1,1,Relative Depth
485,"system
You are a helpful assistant.
user
 QUESTION: Which point is closer to the camera?
OPTIONS:
0: A is closer
1: B is closer

Answer with the correct option from 0 to 1. Only provide the numeric and nothing else 


Answer: 
assistant
0",0,0,Relative Depth
486,"system
You are a helpful assistant.
user
 QUESTION: Which point is closer to the camera?
OPTIONS:
0: A is closer
1: B is closer

Answer with the correct option from 0 to 1. Only provide the numeric and nothing else 


Answer: 
assistant
0",0,0,Relative Depth
487,"system
You are a helpful assistant.
user
 QUESTION: Which point is closer to the camera?
OPTIONS:
0: A is closer
1: B is closer

Answer with the correct option from 0 to 1. Only provide the numeric and nothing else 


Answer: 
assistant
0",0,1,Relative Depth
488,"system
You are a helpful assistant.
user
 QUESTION: Which point is closer to the camera?
OPTIONS:
0: A is closer
1: B is closer

Answer with the correct option from 0 to 1. Only provide the numeric and nothing else 


Answer: 
assistant
0",0,0,Relative Depth
489,"system
You are a helpful assistant.
user
 QUESTION: Which point is closer to the camera?
OPTIONS:
0: A is closer
1: B is closer

Answer with the correct option from 0 to 1. Only provide the numeric and nothing else 


Answer: 
assistant
0",0,0,Relative Depth
490,"system
You are a helpful assistant.
user
 QUESTION: Which point is closer to the camera?
OPTIONS:
0: A is closer
1: B is closer

Answer with the correct option from 0 to 1. Only provide the numeric and nothing else 


Answer: 
assistant
0",0,0,Relative Depth
491,"system
You are a helpful assistant.
user
 QUESTION: Which point is closer to the camera?
OPTIONS:
0: A is closer
1: B is closer

Answer with the correct option from 0 to 1. Only provide the numeric and nothing else 


Answer: 
assistant
0",0,1,Relative Depth
492,"system
You are a helpful assistant.
user
 QUESTION: Which point is closer to the camera?
OPTIONS:
0: A is closer
1: B is closer

Answer with the correct option from 0 to 1. Only provide the numeric and nothing else 


Answer: 
assistant
1",1,1,Relative Depth
493,"system
You are a helpful assistant.
user
 QUESTION: Which point is closer to the camera?
OPTIONS:
0: A is closer
1: B is closer

Answer with the correct option from 0 to 1. Only provide the numeric and nothing else 


Answer: 
assistant
0",0,1,Relative Depth
494,"system
You are a helpful assistant.
user
 QUESTION: Which point is closer to the camera?
OPTIONS:
0: A is closer
1: B is closer

Answer with the correct option from 0 to 1. Only provide the numeric and nothing else 


Answer: 
assistant
1",1,1,Relative Depth
495,"system
You are a helpful assistant.
user
 QUESTION: Which point is closer to the camera?
OPTIONS:
0: A is closer
1: B is closer

Answer with the correct option from 0 to 1. Only provide the numeric and nothing else 


Answer: 
assistant
1",1,1,Relative Depth
496,"system
You are a helpful assistant.
user
 QUESTION: Which point is closer to the camera?
OPTIONS:
0: A is closer
1: B is closer

Answer with the correct option from 0 to 1. Only provide the numeric and nothing else 


Answer: 
assistant
0",0,0,Relative Depth
497,"system
You are a helpful assistant.
user
 QUESTION: Which point is closer to the camera?
OPTIONS:
0: A is closer
1: B is closer

Answer with the correct option from 0 to 1. Only provide the numeric and nothing else 


Answer: 
assistant
1",1,1,Relative Depth
498,"system
You are a helpful assistant.
user
 QUESTION: Which point is closer to the camera?
OPTIONS:
0: A is closer
1: B is closer

Answer with the correct option from 0 to 1. Only provide the numeric and nothing else 


Answer: 
assistant
1",1,1,Relative Depth
499,"system
You are a helpful assistant.
user
 QUESTION: Which point is closer to the camera?
OPTIONS:
0: A is closer
1: B is closer

Answer with the correct option from 0 to 1. Only provide the numeric and nothing else 


Answer: 
assistant
0",0,0,Relative Depth
500,"system
You are a helpful assistant.
user
 QUESTION: Which point is closer to the camera?
OPTIONS:
0: A is closer
1: B is closer

Answer with the correct option from 0 to 1. Only provide the numeric and nothing else 


Answer: 
assistant
1",1,0,Relative Depth
501,"system
You are a helpful assistant.
user
 QUESTION: Which point is closer to the camera?
OPTIONS:
0: A is closer
1: B is closer

Answer with the correct option from 0 to 1. Only provide the numeric and nothing else 


Answer: 
assistant
0",0,0,Relative Depth
502,"system
You are a helpful assistant.
user
 QUESTION: Which point is closer to the camera?
OPTIONS:
0: A is closer
1: B is closer

Answer with the correct option from 0 to 1. Only provide the numeric and nothing else 


Answer: 
assistant
0",0,0,Relative Depth
503,"system
You are a helpful assistant.
user
 QUESTION: Which point is closer to the camera?
OPTIONS:
0: A is closer
1: B is closer

Answer with the correct option from 0 to 1. Only provide the numeric and nothing else 


Answer: 
assistant
1",1,1,Relative Depth
504,"system
You are a helpful assistant.
user
 QUESTION: Which point is closer to the camera?
OPTIONS:
0: A is closer
1: B is closer

Answer with the correct option from 0 to 1. Only provide the numeric and nothing else 


Answer: 
assistant
0",0,0,Relative Depth
505,"system
You are a helpful assistant.
user
 QUESTION: Which point is closer to the camera?
OPTIONS:
0: A is closer
1: B is closer

Answer with the correct option from 0 to 1. Only provide the numeric and nothing else 


Answer: 
assistant
1",1,1,Relative Depth
506,"system
You are a helpful assistant.
user
 QUESTION: Which point is closer to the camera?
OPTIONS:
0: A is closer
1: B is closer

Answer with the correct option from 0 to 1. Only provide the numeric and nothing else 


Answer: 
assistant
0",0,0,Relative Depth
507,"system
You are a helpful assistant.
user
 QUESTION: Which point is closer to the camera?
OPTIONS:
0: A is closer
1: B is closer

Answer with the correct option from 0 to 1. Only provide the numeric and nothing else 


Answer: 
assistant
0",0,0,Relative Depth
508,"system
You are a helpful assistant.
user
 QUESTION: Which point is closer to the camera?
OPTIONS:
0: A is closer
1: B is closer

Answer with the correct option from 0 to 1. Only provide the numeric and nothing else 


Answer: 
assistant
0",0,0,Relative Depth
509,"system
You are a helpful assistant.
user
 QUESTION: Which point is closer to the camera?
OPTIONS:
0: A is closer
1: B is closer

Answer with the correct option from 0 to 1. Only provide the numeric and nothing else 


Answer: 
assistant
0",0,0,Relative Depth
510,"system
You are a helpful assistant.
user
 QUESTION: Which point is closer to the camera?
OPTIONS:
0: A is closer
1: B is closer

Answer with the correct option from 0 to 1. Only provide the numeric and nothing else 


Answer: 
assistant
1",1,1,Relative Depth
511,"system
You are a helpful assistant.
user
 QUESTION: Which point is closer to the camera?
OPTIONS:
0: A is closer
1: B is closer

Answer with the correct option from 0 to 1. Only provide the numeric and nothing else 


Answer: 
assistant
0",0,0,Relative Depth
512,"system
You are a helpful assistant.
user
 QUESTION: Which point is closer to the camera?
OPTIONS:
0: A is closer
1: B is closer

Answer with the correct option from 0 to 1. Only provide the numeric and nothing else 


Answer: 
assistant
0",0,0,Relative Depth
513,"system
You are a helpful assistant.
user
 QUESTION: Which point is closer to the camera?
OPTIONS:
0: A is closer
1: B is closer

Answer with the correct option from 0 to 1. Only provide the numeric and nothing else 


Answer: 
assistant
0",0,0,Relative Depth
514,"system
You are a helpful assistant.
user
 QUESTION: Consider the surface color (color without shading) of the two points in the image. Which one is darker, or the color is about the same?
OPTIONS:
0: A is darker
1: B is darker
2: About the same

Answer with the correct option from 0 to 2. Only provide the numeric and nothing else 


Answer: 
assistant
2",2,2,Relative Reflectance
515,"system
You are a helpful assistant.
user
 QUESTION: Consider the surface color (color without shading) of the two points in the image. Which one is darker, or the color is about the same?
OPTIONS:
0: A is darker
1: B is darker
2: About the same

Answer with the correct option from 0 to 2. Only provide the numeric and nothing else 


Answer: 
assistant
2",2,1,Relative Reflectance
516,"system
You are a helpful assistant.
user
 QUESTION: Consider the surface color (color without shading) of the two points in the image. Which one is darker, or the color is about the same?
OPTIONS:
0: A is darker
1: B is darker
2: About the same

Answer with the correct option from 0 to 2. Only provide the numeric and nothing else 


Answer: 
assistant
1",1,2,Relative Reflectance
517,"system
You are a helpful assistant.
user
 QUESTION: Consider the surface color (color without shading) of the two points in the image. Which one is darker, or the color is about the same?
OPTIONS:
0: A is darker
1: B is darker
2: About the same

Answer with the correct option from 0 to 2. Only provide the numeric and nothing else 


Answer: 
assistant
2",2,0,Relative Reflectance
518,"system
You are a helpful assistant.
user
 QUESTION: Consider the surface color (color without shading) of the two points in the image. Which one is darker, or the color is about the same?
OPTIONS:
0: A is darker
1: B is darker
2: About the same

Answer with the correct option from 0 to 2. Only provide the numeric and nothing else 


Answer: 
assistant
2",2,2,Relative Reflectance
519,"system
You are a helpful assistant.
user
 QUESTION: Consider the surface color (color without shading) of the two points in the image. Which one is darker, or the color is about the same?
OPTIONS:
0: A is darker
1: B is darker
2: About the same

Answer with the correct option from 0 to 2. Only provide the numeric and nothing else 


Answer: 
assistant
1",1,1,Relative Reflectance
520,"system
You are a helpful assistant.
user
 QUESTION: Consider the surface color (color without shading) of the two points in the image. Which one is darker, or the color is about the same?
OPTIONS:
0: A is darker
1: B is darker
2: About the same

Answer with the correct option from 0 to 2. Only provide the numeric and nothing else 


Answer: 
assistant
2",2,2,Relative Reflectance
521,"system
You are a helpful assistant.
user
 QUESTION: Consider the surface color (color without shading) of the two points in the image. Which one is darker, or the color is about the same?
OPTIONS:
0: A is darker
1: B is darker
2: About the same

Answer with the correct option from 0 to 2. Only provide the numeric and nothing else 


Answer: 
assistant
2",2,2,Relative Reflectance
522,"system
You are a helpful assistant.
user
 QUESTION: Consider the surface color (color without shading) of the two points in the image. Which one is darker, or the color is about the same?
OPTIONS:
0: A is darker
1: B is darker
2: About the same

Answer with the correct option from 0 to 2. Only provide the numeric and nothing else 


Answer: 
assistant
2",2,1,Relative Reflectance
523,"system
You are a helpful assistant.
user
 QUESTION: Consider the surface color (color without shading) of the two points in the image. Which one is darker, or the color is about the same?
OPTIONS:
0: A is darker
1: B is darker
2: About the same

Answer with the correct option from 0 to 2. Only provide the numeric and nothing else 


Answer: 
assistant
2",2,1,Relative Reflectance
524,"system
You are a helpful assistant.
user
 QUESTION: Consider the surface color (color without shading) of the two points in the image. Which one is darker, or the color is about the same?
OPTIONS:
0: A is darker
1: B is darker
2: About the same

Answer with the correct option from 0 to 2. Only provide the numeric and nothing else 


Answer: 
assistant
1",1,2,Relative Reflectance
525,"system
You are a helpful assistant.
user
 QUESTION: Consider the surface color (color without shading) of the two points in the image. Which one is darker, or the color is about the same?
OPTIONS:
0: A is darker
1: B is darker
2: About the same

Answer with the correct option from 0 to 2. Only provide the numeric and nothing else 


Answer: 
assistant
1",1,0,Relative Reflectance
526,"system
You are a helpful assistant.
user
 QUESTION: Consider the surface color (color without shading) of the two points in the image. Which one is darker, or the color is about the same?
OPTIONS:
0: A is darker
1: B is darker
2: About the same

Answer with the correct option from 0 to 2. Only provide the numeric and nothing else 


Answer: 
assistant
2",2,1,Relative Reflectance
527,"system
You are a helpful assistant.
user
 QUESTION: Consider the surface color (color without shading) of the two points in the image. Which one is darker, or the color is about the same?
OPTIONS:
0: A is darker
1: B is darker
2: About the same

Answer with the correct option from 0 to 2. Only provide the numeric and nothing else 


Answer: 
assistant
2",2,2,Relative Reflectance
528,"system
You are a helpful assistant.
user
 QUESTION: Consider the surface color (color without shading) of the two points in the image. Which one is darker, or the color is about the same?
OPTIONS:
0: A is darker
1: B is darker
2: About the same

Answer with the correct option from 0 to 2. Only provide the numeric and nothing else 


Answer: 
assistant
2",2,2,Relative Reflectance
529,"system
You are a helpful assistant.
user
 QUESTION: Consider the surface color (color without shading) of the two points in the image. Which one is darker, or the color is about the same?
OPTIONS:
0: A is darker
1: B is darker
2: About the same

Answer with the correct option from 0 to 2. Only provide the numeric and nothing else 


Answer: 
assistant
2",2,2,Relative Reflectance
530,"system
You are a helpful assistant.
user
 QUESTION: Consider the surface color (color without shading) of the two points in the image. Which one is darker, or the color is about the same?
OPTIONS:
0: A is darker
1: B is darker
2: About the same

Answer with the correct option from 0 to 2. Only provide the numeric and nothing else 


Answer: 
assistant
2",2,1,Relative Reflectance
531,"system
You are a helpful assistant.
user
 QUESTION: Consider the surface color (color without shading) of the two points in the image. Which one is darker, or the color is about the same?
OPTIONS:
0: A is darker
1: B is darker
2: About the same

Answer with the correct option from 0 to 2. Only provide the numeric and nothing else 


Answer: 
assistant
1",1,1,Relative Reflectance
532,"system
You are a helpful assistant.
user
 QUESTION: Consider the surface color (color without shading) of the two points in the image. Which one is darker, or the color is about the same?
OPTIONS:
0: A is darker
1: B is darker
2: About the same

Answer with the correct option from 0 to 2. Only provide the numeric and nothing else 


Answer: 
assistant
2",2,2,Relative Reflectance
533,"system
You are a helpful assistant.
user
 QUESTION: Consider the surface color (color without shading) of the two points in the image. Which one is darker, or the color is about the same?
OPTIONS:
0: A is darker
1: B is darker
2: About the same

Answer with the correct option from 0 to 2. Only provide the numeric and nothing else 


Answer: 
assistant
1",1,1,Relative Reflectance
534,"system
You are a helpful assistant.
user
 QUESTION: Consider the surface color (color without shading) of the two points in the image. Which one is darker, or the color is about the same?
OPTIONS:
0: A is darker
1: B is darker
2: About the same

Answer with the correct option from 0 to 2. Only provide the numeric and nothing else 


Answer: 
assistant
1",1,0,Relative Reflectance
535,"system
You are a helpful assistant.
user
 QUESTION: Consider the surface color (color without shading) of the two points in the image. Which one is darker, or the color is about the same?
OPTIONS:
0: A is darker
1: B is darker
2: About the same

Answer with the correct option from 0 to 2. Only provide the numeric and nothing else 


Answer: 
assistant
2",2,2,Relative Reflectance
536,"system
You are a helpful assistant.
user
 QUESTION: Consider the surface color (color without shading) of the two points in the image. Which one is darker, or the color is about the same?
OPTIONS:
0: A is darker
1: B is darker
2: About the same

Answer with the correct option from 0 to 2. Only provide the numeric and nothing else 


Answer: 
assistant
1",1,1,Relative Reflectance
537,"system
You are a helpful assistant.
user
 QUESTION: Consider the surface color (color without shading) of the two points in the image. Which one is darker, or the color is about the same?
OPTIONS:
0: A is darker
1: B is darker
2: About the same

Answer with the correct option from 0 to 2. Only provide the numeric and nothing else 


Answer: 
assistant
2",2,0,Relative Reflectance
538,"system
You are a helpful assistant.
user
 QUESTION: Consider the surface color (color without shading) of the two points in the image. Which one is darker, or the color is about the same?
OPTIONS:
0: A is darker
1: B is darker
2: About the same

Answer with the correct option from 0 to 2. Only provide the numeric and nothing else 


Answer: 
assistant
2",2,2,Relative Reflectance
539,"system
You are a helpful assistant.
user
 QUESTION: Consider the surface color (color without shading) of the two points in the image. Which one is darker, or the color is about the same?
OPTIONS:
0: A is darker
1: B is darker
2: About the same

Answer with the correct option from 0 to 2. Only provide the numeric and nothing else 


Answer: 
assistant
2",2,2,Relative Reflectance
540,"system
You are a helpful assistant.
user
 QUESTION: Consider the surface color (color without shading) of the two points in the image. Which one is darker, or the color is about the same?
OPTIONS:
0: A is darker
1: B is darker
2: About the same

Answer with the correct option from 0 to 2. Only provide the numeric and nothing else 


Answer: 
assistant
2",2,2,Relative Reflectance
541,"system
You are a helpful assistant.
user
 QUESTION: Consider the surface color (color without shading) of the two points in the image. Which one is darker, or the color is about the same?
OPTIONS:
0: A is darker
1: B is darker
2: About the same

Answer with the correct option from 0 to 2. Only provide the numeric and nothing else 


Answer: 
assistant
2",2,2,Relative Reflectance
542,"system
You are a helpful assistant.
user
 QUESTION: Consider the surface color (color without shading) of the two points in the image. Which one is darker, or the color is about the same?
OPTIONS:
0: A is darker
1: B is darker
2: About the same

Answer with the correct option from 0 to 2. Only provide the numeric and nothing else 


Answer: 
assistant
1",1,1,Relative Reflectance
543,"system
You are a helpful assistant.
user
 QUESTION: Consider the surface color (color without shading) of the two points in the image. Which one is darker, or the color is about the same?
OPTIONS:
0: A is darker
1: B is darker
2: About the same

Answer with the correct option from 0 to 2. Only provide the numeric and nothing else 


Answer: 
assistant
1",1,2,Relative Reflectance
544,"system
You are a helpful assistant.
user
 QUESTION: Consider the surface color (color without shading) of the two points in the image. Which one is darker, or the color is about the same?
OPTIONS:
0: A is darker
1: B is darker
2: About the same

Answer with the correct option from 0 to 2. Only provide the numeric and nothing else 


Answer: 
assistant
1",1,2,Relative Reflectance
545,"system
You are a helpful assistant.
user
 QUESTION: Consider the surface color (color without shading) of the two points in the image. Which one is darker, or the color is about the same?
OPTIONS:
0: A is darker
1: B is darker
2: About the same

Answer with the correct option from 0 to 2. Only provide the numeric and nothing else 


Answer: 
assistant
1",1,2,Relative Reflectance
546,"system
You are a helpful assistant.
user
 QUESTION: Consider the surface color (color without shading) of the two points in the image. Which one is darker, or the color is about the same?
OPTIONS:
0: A is darker
1: B is darker
2: About the same

Answer with the correct option from 0 to 2. Only provide the numeric and nothing else 


Answer: 
assistant
2",2,0,Relative Reflectance
547,"system
You are a helpful assistant.
user
 QUESTION: Consider the surface color (color without shading) of the two points in the image. Which one is darker, or the color is about the same?
OPTIONS:
0: A is darker
1: B is darker
2: About the same

Answer with the correct option from 0 to 2. Only provide the numeric and nothing else 


Answer: 
assistant
2",2,2,Relative Reflectance
548,"system
You are a helpful assistant.
user
 QUESTION: Consider the surface color (color without shading) of the two points in the image. Which one is darker, or the color is about the same?
OPTIONS:
0: A is darker
1: B is darker
2: About the same

Answer with the correct option from 0 to 2. Only provide the numeric and nothing else 


Answer: 
assistant
2",2,0,Relative Reflectance
549,"system
You are a helpful assistant.
user
 QUESTION: Consider the surface color (color without shading) of the two points in the image. Which one is darker, or the color is about the same?
OPTIONS:
0: A is darker
1: B is darker
2: About the same

Answer with the correct option from 0 to 2. Only provide the numeric and nothing else 


Answer: 
assistant
1",1,2,Relative Reflectance
550,"system
You are a helpful assistant.
user
 QUESTION: Consider the surface color (color without shading) of the two points in the image. Which one is darker, or the color is about the same?
OPTIONS:
0: A is darker
1: B is darker
2: About the same

Answer with the correct option from 0 to 2. Only provide the numeric and nothing else 


Answer: 
assistant
2",2,1,Relative Reflectance
551,"system
You are a helpful assistant.
user
 QUESTION: Consider the surface color (color without shading) of the two points in the image. Which one is darker, or the color is about the same?
OPTIONS:
0: A is darker
1: B is darker
2: About the same

Answer with the correct option from 0 to 2. Only provide the numeric and nothing else 


Answer: 
assistant
1",1,2,Relative Reflectance
552,"system
You are a helpful assistant.
user
 QUESTION: Consider the surface color (color without shading) of the two points in the image. Which one is darker, or the color is about the same?
OPTIONS:
0: A is darker
1: B is darker
2: About the same

Answer with the correct option from 0 to 2. Only provide the numeric and nothing else 


Answer: 
assistant
1",1,2,Relative Reflectance
553,"system
You are a helpful assistant.
user
 QUESTION: Consider the surface color (color without shading) of the two points in the image. Which one is darker, or the color is about the same?
OPTIONS:
0: A is darker
1: B is darker
2: About the same

Answer with the correct option from 0 to 2. Only provide the numeric and nothing else 


Answer: 
assistant
2",2,1,Relative Reflectance
554,"system
You are a helpful assistant.
user
 QUESTION: Consider the surface color (color without shading) of the two points in the image. Which one is darker, or the color is about the same?
OPTIONS:
0: A is darker
1: B is darker
2: About the same

Answer with the correct option from 0 to 2. Only provide the numeric and nothing else 


Answer: 
assistant
2",2,0,Relative Reflectance
555,"system
You are a helpful assistant.
user
 QUESTION: Consider the surface color (color without shading) of the two points in the image. Which one is darker, or the color is about the same?
OPTIONS:
0: A is darker
1: B is darker
2: About the same

Answer with the correct option from 0 to 2. Only provide the numeric and nothing else 


Answer: 
assistant
1",1,1,Relative Reflectance
556,"system
You are a helpful assistant.
user
 QUESTION: Consider the surface color (color without shading) of the two points in the image. Which one is darker, or the color is about the same?
OPTIONS:
0: A is darker
1: B is darker
2: About the same

Answer with the correct option from 0 to 2. Only provide the numeric and nothing else 


Answer: 
assistant
2",2,1,Relative Reflectance
557,"system
You are a helpful assistant.
user
 QUESTION: Consider the surface color (color without shading) of the two points in the image. Which one is darker, or the color is about the same?
OPTIONS:
0: A is darker
1: B is darker
2: About the same

Answer with the correct option from 0 to 2. Only provide the numeric and nothing else 


Answer: 
assistant
2",2,0,Relative Reflectance
558,"system
You are a helpful assistant.
user
 QUESTION: Consider the surface color (color without shading) of the two points in the image. Which one is darker, or the color is about the same?
OPTIONS:
0: A is darker
1: B is darker
2: About the same

Answer with the correct option from 0 to 2. Only provide the numeric and nothing else 


Answer: 
assistant
2",2,2,Relative Reflectance
559,"system
You are a helpful assistant.
user
 QUESTION: Consider the surface color (color without shading) of the two points in the image. Which one is darker, or the color is about the same?
OPTIONS:
0: A is darker
1: B is darker
2: About the same

Answer with the correct option from 0 to 2. Only provide the numeric and nothing else 


Answer: 
assistant
2",2,2,Relative Reflectance
560,"system
You are a helpful assistant.
user
 QUESTION: Consider the surface color (color without shading) of the two points in the image. Which one is darker, or the color is about the same?
OPTIONS:
0: A is darker
1: B is darker
2: About the same

Answer with the correct option from 0 to 2. Only provide the numeric and nothing else 


Answer: 
assistant
2",2,2,Relative Reflectance
561,"system
You are a helpful assistant.
user
 QUESTION: Consider the surface color (color without shading) of the two points in the image. Which one is darker, or the color is about the same?
OPTIONS:
0: A is darker
1: B is darker
2: About the same

Answer with the correct option from 0 to 2. Only provide the numeric and nothing else 


Answer: 
assistant
2",2,2,Relative Reflectance
562,"system
You are a helpful assistant.
user
 QUESTION: Consider the surface color (color without shading) of the two points in the image. Which one is darker, or the color is about the same?
OPTIONS:
0: A is darker
1: B is darker
2: About the same

Answer with the correct option from 0 to 2. Only provide the numeric and nothing else 


Answer: 
assistant
2",2,2,Relative Reflectance
563,"system
You are a helpful assistant.
user
 QUESTION: Consider the surface color (color without shading) of the two points in the image. Which one is darker, or the color is about the same?
OPTIONS:
0: A is darker
1: B is darker
2: About the same

Answer with the correct option from 0 to 2. Only provide the numeric and nothing else 


Answer: 
assistant
2",2,2,Relative Reflectance
564,"system
You are a helpful assistant.
user
 QUESTION: Consider the surface color (color without shading) of the two points in the image. Which one is darker, or the color is about the same?
OPTIONS:
0: A is darker
1: B is darker
2: About the same

Answer with the correct option from 0 to 2. Only provide the numeric and nothing else 


Answer: 
assistant
2",2,1,Relative Reflectance
565,"system
You are a helpful assistant.
user
 QUESTION: Consider the surface color (color without shading) of the two points in the image. Which one is darker, or the color is about the same?
OPTIONS:
0: A is darker
1: B is darker
2: About the same

Answer with the correct option from 0 to 2. Only provide the numeric and nothing else 


Answer: 
assistant
2",2,0,Relative Reflectance
566,"system
You are a helpful assistant.
user
 QUESTION: Consider the surface color (color without shading) of the two points in the image. Which one is darker, or the color is about the same?
OPTIONS:
0: A is darker
1: B is darker
2: About the same

Answer with the correct option from 0 to 2. Only provide the numeric and nothing else 


Answer: 
assistant
2",2,2,Relative Reflectance
567,"system
You are a helpful assistant.
user
 QUESTION: Consider the surface color (color without shading) of the two points in the image. Which one is darker, or the color is about the same?
OPTIONS:
0: A is darker
1: B is darker
2: About the same

Answer with the correct option from 0 to 2. Only provide the numeric and nothing else 


Answer: 
assistant
2",2,0,Relative Reflectance
568,"system
You are a helpful assistant.
user
 QUESTION: Consider the surface color (color without shading) of the two points in the image. Which one is darker, or the color is about the same?
OPTIONS:
0: A is darker
1: B is darker
2: About the same

Answer with the correct option from 0 to 2. Only provide the numeric and nothing else 


Answer: 
assistant
2",2,2,Relative Reflectance
569,"system
You are a helpful assistant.
user
 QUESTION: Consider the surface color (color without shading) of the two points in the image. Which one is darker, or the color is about the same?
OPTIONS:
0: A is darker
1: B is darker
2: About the same

Answer with the correct option from 0 to 2. Only provide the numeric and nothing else 


Answer: 
assistant
2",2,2,Relative Reflectance
570,"system
You are a helpful assistant.
user
 QUESTION: Consider the surface color (color without shading) of the two points in the image. Which one is darker, or the color is about the same?
OPTIONS:
0: A is darker
1: B is darker
2: About the same

Answer with the correct option from 0 to 2. Only provide the numeric and nothing else 


Answer: 
assistant
2",2,1,Relative Reflectance
571,"system
You are a helpful assistant.
user
 QUESTION: Consider the surface color (color without shading) of the two points in the image. Which one is darker, or the color is about the same?
OPTIONS:
0: A is darker
1: B is darker
2: About the same

Answer with the correct option from 0 to 2. Only provide the numeric and nothing else 


Answer: 
assistant
2",2,2,Relative Reflectance
572,"system
You are a helpful assistant.
user
 QUESTION: Consider the surface color (color without shading) of the two points in the image. Which one is darker, or the color is about the same?
OPTIONS:
0: A is darker
1: B is darker
2: About the same

Answer with the correct option from 0 to 2. Only provide the numeric and nothing else 


Answer: 
assistant
2",2,1,Relative Reflectance
573,"system
You are a helpful assistant.
user
 QUESTION: Consider the surface color (color without shading) of the two points in the image. Which one is darker, or the color is about the same?
OPTIONS:
0: A is darker
1: B is darker
2: About the same

Answer with the correct option from 0 to 2. Only provide the numeric and nothing else 


Answer: 
assistant
1",1,1,Relative Reflectance
574,"system
You are a helpful assistant.
user
 QUESTION: Consider the surface color (color without shading) of the two points in the image. Which one is darker, or the color is about the same?
OPTIONS:
0: A is darker
1: B is darker
2: About the same

Answer with the correct option from 0 to 2. Only provide the numeric and nothing else 


Answer: 
assistant
1",1,2,Relative Reflectance
575,"system
You are a helpful assistant.
user
 QUESTION: Consider the surface color (color without shading) of the two points in the image. Which one is darker, or the color is about the same?
OPTIONS:
0: A is darker
1: B is darker
2: About the same

Answer with the correct option from 0 to 2. Only provide the numeric and nothing else 


Answer: 
assistant
1",1,2,Relative Reflectance
576,"system
You are a helpful assistant.
user
 QUESTION: Consider the surface color (color without shading) of the two points in the image. Which one is darker, or the color is about the same?
OPTIONS:
0: A is darker
1: B is darker
2: About the same

Answer with the correct option from 0 to 2. Only provide the numeric and nothing else 


Answer: 
assistant
2",2,1,Relative Reflectance
577,"system
You are a helpful assistant.
user
 QUESTION: Consider the surface color (color without shading) of the two points in the image. Which one is darker, or the color is about the same?
OPTIONS:
0: A is darker
1: B is darker
2: About the same

Answer with the correct option from 0 to 2. Only provide the numeric and nothing else 


Answer: 
assistant
2",2,2,Relative Reflectance
578,"system
You are a helpful assistant.
user
 QUESTION: Consider the surface color (color without shading) of the two points in the image. Which one is darker, or the color is about the same?
OPTIONS:
0: A is darker
1: B is darker
2: About the same

Answer with the correct option from 0 to 2. Only provide the numeric and nothing else 


Answer: 
assistant
1",1,2,Relative Reflectance
579,"system
You are a helpful assistant.
user
 QUESTION: Consider the surface color (color without shading) of the two points in the image. Which one is darker, or the color is about the same?
OPTIONS:
0: A is darker
1: B is darker
2: About the same

Answer with the correct option from 0 to 2. Only provide the numeric and nothing else 


Answer: 
assistant
2",2,0,Relative Reflectance
580,"system
You are a helpful assistant.
user
 QUESTION: Consider the surface color (color without shading) of the two points in the image. Which one is darker, or the color is about the same?
OPTIONS:
0: A is darker
1: B is darker
2: About the same

Answer with the correct option from 0 to 2. Only provide the numeric and nothing else 


Answer: 
assistant
2",2,0,Relative Reflectance
581,"system
You are a helpful assistant.
user
 QUESTION: Consider the surface color (color without shading) of the two points in the image. Which one is darker, or the color is about the same?
OPTIONS:
0: A is darker
1: B is darker
2: About the same

Answer with the correct option from 0 to 2. Only provide the numeric and nothing else 


Answer: 
assistant
2",2,2,Relative Reflectance
582,"system
You are a helpful assistant.
user
 QUESTION: Consider the surface color (color without shading) of the two points in the image. Which one is darker, or the color is about the same?
OPTIONS:
0: A is darker
1: B is darker
2: About the same

Answer with the correct option from 0 to 2. Only provide the numeric and nothing else 


Answer: 
assistant
1",1,0,Relative Reflectance
583,"system
You are a helpful assistant.
user
 QUESTION: Consider the surface color (color without shading) of the two points in the image. Which one is darker, or the color is about the same?
OPTIONS:
0: A is darker
1: B is darker
2: About the same

Answer with the correct option from 0 to 2. Only provide the numeric and nothing else 


Answer: 
assistant
2",2,0,Relative Reflectance
584,"system
You are a helpful assistant.
user
 QUESTION: Consider the surface color (color without shading) of the two points in the image. Which one is darker, or the color is about the same?
OPTIONS:
0: A is darker
1: B is darker
2: About the same

Answer with the correct option from 0 to 2. Only provide the numeric and nothing else 


Answer: 
assistant
1",1,0,Relative Reflectance
585,"system
You are a helpful assistant.
user
 QUESTION: Consider the surface color (color without shading) of the two points in the image. Which one is darker, or the color is about the same?
OPTIONS:
0: A is darker
1: B is darker
2: About the same

Answer with the correct option from 0 to 2. Only provide the numeric and nothing else 


Answer: 
assistant
2",2,0,Relative Reflectance
586,"system
You are a helpful assistant.
user
 QUESTION: Consider the surface color (color without shading) of the two points in the image. Which one is darker, or the color is about the same?
OPTIONS:
0: A is darker
1: B is darker
2: About the same

Answer with the correct option from 0 to 2. Only provide the numeric and nothing else 


Answer: 
assistant
2",2,1,Relative Reflectance
587,"system
You are a helpful assistant.
user
 QUESTION: Consider the surface color (color without shading) of the two points in the image. Which one is darker, or the color is about the same?
OPTIONS:
0: A is darker
1: B is darker
2: About the same

Answer with the correct option from 0 to 2. Only provide the numeric and nothing else 


Answer: 
assistant
1",1,1,Relative Reflectance
588,"system
You are a helpful assistant.
user
 QUESTION: Consider the surface color (color without shading) of the two points in the image. Which one is darker, or the color is about the same?
OPTIONS:
0: A is darker
1: B is darker
2: About the same

Answer with the correct option from 0 to 2. Only provide the numeric and nothing else 


Answer: 
assistant
1",1,2,Relative Reflectance
589,"system
You are a helpful assistant.
user
 QUESTION: Consider the surface color (color without shading) of the two points in the image. Which one is darker, or the color is about the same?
OPTIONS:
0: A is darker
1: B is darker
2: About the same

Answer with the correct option from 0 to 2. Only provide the numeric and nothing else 


Answer: 
assistant
2",2,2,Relative Reflectance
590,"system
You are a helpful assistant.
user
 QUESTION: Consider the surface color (color without shading) of the two points in the image. Which one is darker, or the color is about the same?
OPTIONS:
0: A is darker
1: B is darker
2: About the same

Answer with the correct option from 0 to 2. Only provide the numeric and nothing else 


Answer: 
assistant
2",2,2,Relative Reflectance
591,"system
You are a helpful assistant.
user
 QUESTION: Consider the surface color (color without shading) of the two points in the image. Which one is darker, or the color is about the same?
OPTIONS:
0: A is darker
1: B is darker
2: About the same

Answer with the correct option from 0 to 2. Only provide the numeric and nothing else 


Answer: 
assistant
1",1,1,Relative Reflectance
592,"system
You are a helpful assistant.
user
 QUESTION: Consider the surface color (color without shading) of the two points in the image. Which one is darker, or the color is about the same?
OPTIONS:
0: A is darker
1: B is darker
2: About the same

Answer with the correct option from 0 to 2. Only provide the numeric and nothing else 


Answer: 
assistant
2",2,1,Relative Reflectance
593,"system
You are a helpful assistant.
user
 QUESTION: Consider the surface color (color without shading) of the two points in the image. Which one is darker, or the color is about the same?
OPTIONS:
0: A is darker
1: B is darker
2: About the same

Answer with the correct option from 0 to 2. Only provide the numeric and nothing else 


Answer: 
assistant
2",2,1,Relative Reflectance
594,"system
You are a helpful assistant.
user
 QUESTION: Consider the surface color (color without shading) of the two points in the image. Which one is darker, or the color is about the same?
OPTIONS:
0: A is darker
1: B is darker
2: About the same

Answer with the correct option from 0 to 2. Only provide the numeric and nothing else 


Answer: 
assistant
1",1,1,Relative Reflectance
595,"system
You are a helpful assistant.
user
 QUESTION: Consider the surface color (color without shading) of the two points in the image. Which one is darker, or the color is about the same?
OPTIONS:
0: A is darker
1: B is darker
2: About the same

Answer with the correct option from 0 to 2. Only provide the numeric and nothing else 


Answer: 
assistant
2",2,1,Relative Reflectance
596,"system
You are a helpful assistant.
user
 QUESTION: Consider the surface color (color without shading) of the two points in the image. Which one is darker, or the color is about the same?
OPTIONS:
0: A is darker
1: B is darker
2: About the same

Answer with the correct option from 0 to 2. Only provide the numeric and nothing else 


Answer: 
assistant
1",1,2,Relative Reflectance
597,"system
You are a helpful assistant.
user
 QUESTION: Consider the surface color (color without shading) of the two points in the image. Which one is darker, or the color is about the same?
OPTIONS:
0: A is darker
1: B is darker
2: About the same

Answer with the correct option from 0 to 2. Only provide the numeric and nothing else 


Answer: 
assistant
1",1,1,Relative Reflectance
598,"system
You are a helpful assistant.
user
 QUESTION: Consider the surface color (color without shading) of the two points in the image. Which one is darker, or the color is about the same?
OPTIONS:
0: A is darker
1: B is darker
2: About the same

Answer with the correct option from 0 to 2. Only provide the numeric and nothing else 


Answer: 
assistant
2",2,0,Relative Reflectance
599,"system
You are a helpful assistant.
user
 QUESTION: Consider the surface color (color without shading) of the two points in the image. Which one is darker, or the color is about the same?
OPTIONS:
0: A is darker
1: B is darker
2: About the same

Answer with the correct option from 0 to 2. Only provide the numeric and nothing else 


Answer: 
assistant
2",2,1,Relative Reflectance
600,"system
You are a helpful assistant.
user
 QUESTION: Consider the surface color (color without shading) of the two points in the image. Which one is darker, or the color is about the same?
OPTIONS:
0: A is darker
1: B is darker
2: About the same

Answer with the correct option from 0 to 2. Only provide the numeric and nothing else 


Answer: 
assistant
2",2,2,Relative Reflectance
601,"system
You are a helpful assistant.
user
 QUESTION: Consider the surface color (color without shading) of the two points in the image. Which one is darker, or the color is about the same?
OPTIONS:
0: A is darker
1: B is darker
2: About the same

Answer with the correct option from 0 to 2. Only provide the numeric and nothing else 


Answer: 
assistant
1",1,1,Relative Reflectance
602,"system
You are a helpful assistant.
user
 QUESTION: Consider the surface color (color without shading) of the two points in the image. Which one is darker, or the color is about the same?
OPTIONS:
0: A is darker
1: B is darker
2: About the same

Answer with the correct option from 0 to 2. Only provide the numeric and nothing else 


Answer: 
assistant
2",2,0,Relative Reflectance
603,"system
You are a helpful assistant.
user
 QUESTION: Consider the surface color (color without shading) of the two points in the image. Which one is darker, or the color is about the same?
OPTIONS:
0: A is darker
1: B is darker
2: About the same

Answer with the correct option from 0 to 2. Only provide the numeric and nothing else 


Answer: 
assistant
2",2,2,Relative Reflectance
604,"system
You are a helpful assistant.
user
 QUESTION: Consider the surface color (color without shading) of the two points in the image. Which one is darker, or the color is about the same?
OPTIONS:
0: A is darker
1: B is darker
2: About the same

Answer with the correct option from 0 to 2. Only provide the numeric and nothing else 


Answer: 
assistant
2",2,2,Relative Reflectance
605,"system
You are a helpful assistant.
user
 QUESTION: Consider the surface color (color without shading) of the two points in the image. Which one is darker, or the color is about the same?
OPTIONS:
0: A is darker
1: B is darker
2: About the same

Answer with the correct option from 0 to 2. Only provide the numeric and nothing else 


Answer: 
assistant
2",2,0,Relative Reflectance
606,"system
You are a helpful assistant.
user
 QUESTION: Consider the surface color (color without shading) of the two points in the image. Which one is darker, or the color is about the same?
OPTIONS:
0: A is darker
1: B is darker
2: About the same

Answer with the correct option from 0 to 2. Only provide the numeric and nothing else 


Answer: 
assistant
2",2,0,Relative Reflectance
607,"system
You are a helpful assistant.
user
 QUESTION: Consider the surface color (color without shading) of the two points in the image. Which one is darker, or the color is about the same?
OPTIONS:
0: A is darker
1: B is darker
2: About the same

Answer with the correct option from 0 to 2. Only provide the numeric and nothing else 


Answer: 
assistant
2",2,0,Relative Reflectance
608,"system
You are a helpful assistant.
user
 QUESTION: Consider the surface color (color without shading) of the two points in the image. Which one is darker, or the color is about the same?
OPTIONS:
0: A is darker
1: B is darker
2: About the same

Answer with the correct option from 0 to 2. Only provide the numeric and nothing else 


Answer: 
assistant
1",1,2,Relative Reflectance
609,"system
You are a helpful assistant.
user
 QUESTION: Consider the surface color (color without shading) of the two points in the image. Which one is darker, or the color is about the same?
OPTIONS:
0: A is darker
1: B is darker
2: About the same

Answer with the correct option from 0 to 2. Only provide the numeric and nothing else 


Answer: 
assistant
1",1,1,Relative Reflectance
610,"system
You are a helpful assistant.
user
 QUESTION: Consider the surface color (color without shading) of the two points in the image. Which one is darker, or the color is about the same?
OPTIONS:
0: A is darker
1: B is darker
2: About the same

Answer with the correct option from 0 to 2. Only provide the numeric and nothing else 


Answer: 
assistant
2",2,0,Relative Reflectance
611,"system
You are a helpful assistant.
user
 QUESTION: Consider the surface color (color without shading) of the two points in the image. Which one is darker, or the color is about the same?
OPTIONS:
0: A is darker
1: B is darker
2: About the same

Answer with the correct option from 0 to 2. Only provide the numeric and nothing else 


Answer: 
assistant
2",2,2,Relative Reflectance
612,"system
You are a helpful assistant.
user
 QUESTION: Consider the surface color (color without shading) of the two points in the image. Which one is darker, or the color is about the same?
OPTIONS:
0: A is darker
1: B is darker
2: About the same

Answer with the correct option from 0 to 2. Only provide the numeric and nothing else 


Answer: 
assistant
2",2,1,Relative Reflectance
613,"system
You are a helpful assistant.
user
 QUESTION: Consider the surface color (color without shading) of the two points in the image. Which one is darker, or the color is about the same?
OPTIONS:
0: A is darker
1: B is darker
2: About the same

Answer with the correct option from 0 to 2. Only provide the numeric and nothing else 


Answer: 
assistant
1",1,2,Relative Reflectance
614,"system
You are a helpful assistant.
user
 QUESTION: Consider the surface color (color without shading) of the two points in the image. Which one is darker, or the color is about the same?
OPTIONS:
0: A is darker
1: B is darker
2: About the same

Answer with the correct option from 0 to 2. Only provide the numeric and nothing else 


Answer: 
assistant
1",1,2,Relative Reflectance
615,"system
You are a helpful assistant.
user
 QUESTION: Consider the surface color (color without shading) of the two points in the image. Which one is darker, or the color is about the same?
OPTIONS:
0: A is darker
1: B is darker
2: About the same

Answer with the correct option from 0 to 2. Only provide the numeric and nothing else 


Answer: 
assistant
1",1,2,Relative Reflectance
616,"system
You are a helpful assistant.
user
 QUESTION: Consider the surface color (color without shading) of the two points in the image. Which one is darker, or the color is about the same?
OPTIONS:
0: A is darker
1: B is darker
2: About the same

Answer with the correct option from 0 to 2. Only provide the numeric and nothing else 


Answer: 
assistant
2",2,1,Relative Reflectance
617,"system
You are a helpful assistant.
user
 QUESTION: Consider the surface color (color without shading) of the two points in the image. Which one is darker, or the color is about the same?
OPTIONS:
0: A is darker
1: B is darker
2: About the same

Answer with the correct option from 0 to 2. Only provide the numeric and nothing else 


Answer: 
assistant
2",2,0,Relative Reflectance
618,"system
You are a helpful assistant.
user
 QUESTION: Consider the surface color (color without shading) of the two points in the image. Which one is darker, or the color is about the same?
OPTIONS:
0: A is darker
1: B is darker
2: About the same

Answer with the correct option from 0 to 2. Only provide the numeric and nothing else 


Answer: 
assistant
1",1,0,Relative Reflectance
619,"system
You are a helpful assistant.
user
 QUESTION: Consider the surface color (color without shading) of the two points in the image. Which one is darker, or the color is about the same?
OPTIONS:
0: A is darker
1: B is darker
2: About the same

Answer with the correct option from 0 to 2. Only provide the numeric and nothing else 


Answer: 
assistant
2",2,0,Relative Reflectance
620,"system
You are a helpful assistant.
user
 QUESTION: Consider the surface color (color without shading) of the two points in the image. Which one is darker, or the color is about the same?
OPTIONS:
0: A is darker
1: B is darker
2: About the same

Answer with the correct option from 0 to 2. Only provide the numeric and nothing else 


Answer: 
assistant
2",2,1,Relative Reflectance
621,"system
You are a helpful assistant.
user
 QUESTION: Consider the surface color (color without shading) of the two points in the image. Which one is darker, or the color is about the same?
OPTIONS:
0: A is darker
1: B is darker
2: About the same

Answer with the correct option from 0 to 2. Only provide the numeric and nothing else 


Answer: 
assistant
2",2,1,Relative Reflectance
622,"system
You are a helpful assistant.
user
 QUESTION: Consider the surface color (color without shading) of the two points in the image. Which one is darker, or the color is about the same?
OPTIONS:
0: A is darker
1: B is darker
2: About the same

Answer with the correct option from 0 to 2. Only provide the numeric and nothing else 


Answer: 
assistant
2",2,1,Relative Reflectance
623,"system
You are a helpful assistant.
user
 QUESTION: Consider the surface color (color without shading) of the two points in the image. Which one is darker, or the color is about the same?
OPTIONS:
0: A is darker
1: B is darker
2: About the same

Answer with the correct option from 0 to 2. Only provide the numeric and nothing else 


Answer: 
assistant
2",2,2,Relative Reflectance
624,"system
You are a helpful assistant.
user
 QUESTION: Consider the surface color (color without shading) of the two points in the image. Which one is darker, or the color is about the same?
OPTIONS:
0: A is darker
1: B is darker
2: About the same

Answer with the correct option from 0 to 2. Only provide the numeric and nothing else 


Answer: 
assistant
2",2,1,Relative Reflectance
625,"system
You are a helpful assistant.
user
 QUESTION: Consider the surface color (color without shading) of the two points in the image. Which one is darker, or the color is about the same?
OPTIONS:
0: A is darker
1: B is darker
2: About the same

Answer with the correct option from 0 to 2. Only provide the numeric and nothing else 


Answer: 
assistant
2",2,0,Relative Reflectance
626,"system
You are a helpful assistant.
user
 QUESTION: Consider the surface color (color without shading) of the two points in the image. Which one is darker, or the color is about the same?
OPTIONS:
0: A is darker
1: B is darker
2: About the same

Answer with the correct option from 0 to 2. Only provide the numeric and nothing else 


Answer: 
assistant
2",2,2,Relative Reflectance
627,"system
You are a helpful assistant.
user
 QUESTION: Consider the surface color (color without shading) of the two points in the image. Which one is darker, or the color is about the same?
OPTIONS:
0: A is darker
1: B is darker
2: About the same

Answer with the correct option from 0 to 2. Only provide the numeric and nothing else 


Answer: 
assistant
1",1,1,Relative Reflectance
628,"system
You are a helpful assistant.
user
 QUESTION: Consider the surface color (color without shading) of the two points in the image. Which one is darker, or the color is about the same?
OPTIONS:
0: A is darker
1: B is darker
2: About the same

Answer with the correct option from 0 to 2. Only provide the numeric and nothing else 


Answer: 
assistant
1",1,2,Relative Reflectance
629,"system
You are a helpful assistant.
user
 QUESTION: Consider the surface color (color without shading) of the two points in the image. Which one is darker, or the color is about the same?
OPTIONS:
0: A is darker
1: B is darker
2: About the same

Answer with the correct option from 0 to 2. Only provide the numeric and nothing else 


Answer: 
assistant
2",2,0,Relative Reflectance
630,"system
You are a helpful assistant.
user
 QUESTION: Consider the surface color (color without shading) of the two points in the image. Which one is darker, or the color is about the same?
OPTIONS:
0: A is darker
1: B is darker
2: About the same

Answer with the correct option from 0 to 2. Only provide the numeric and nothing else 


Answer: 
assistant
2",2,1,Relative Reflectance
631,"system
You are a helpful assistant.
user
 QUESTION: Consider the surface color (color without shading) of the two points in the image. Which one is darker, or the color is about the same?
OPTIONS:
0: A is darker
1: B is darker
2: About the same

Answer with the correct option from 0 to 2. Only provide the numeric and nothing else 


Answer: 
assistant
0",0,0,Relative Reflectance
632,"system
You are a helpful assistant.
user
 QUESTION: Consider the surface color (color without shading) of the two points in the image. Which one is darker, or the color is about the same?
OPTIONS:
0: A is darker
1: B is darker
2: About the same

Answer with the correct option from 0 to 2. Only provide the numeric and nothing else 


Answer: 
assistant
1",1,0,Relative Reflectance
633,"system
You are a helpful assistant.
user
 QUESTION: Consider the surface color (color without shading) of the two points in the image. Which one is darker, or the color is about the same?
OPTIONS:
0: A is darker
1: B is darker
2: About the same

Answer with the correct option from 0 to 2. Only provide the numeric and nothing else 


Answer: 
assistant
2",2,1,Relative Reflectance
634,"system
You are a helpful assistant.
user
 QUESTION: Consider the surface color (color without shading) of the two points in the image. Which one is darker, or the color is about the same?
OPTIONS:
0: A is darker
1: B is darker
2: About the same

Answer with the correct option from 0 to 2. Only provide the numeric and nothing else 


Answer: 
assistant
2",2,1,Relative Reflectance
635,"system
You are a helpful assistant.
user
 QUESTION: Consider the surface color (color without shading) of the two points in the image. Which one is darker, or the color is about the same?
OPTIONS:
0: A is darker
1: B is darker
2: About the same

Answer with the correct option from 0 to 2. Only provide the numeric and nothing else 


Answer: 
assistant
2",2,2,Relative Reflectance
636,"system
You are a helpful assistant.
user
 QUESTION: Consider the surface color (color without shading) of the two points in the image. Which one is darker, or the color is about the same?
OPTIONS:
0: A is darker
1: B is darker
2: About the same

Answer with the correct option from 0 to 2. Only provide the numeric and nothing else 


Answer: 
assistant
0",0,2,Relative Reflectance
637,"system
You are a helpful assistant.
user
 QUESTION: Consider the surface color (color without shading) of the two points in the image. Which one is darker, or the color is about the same?
OPTIONS:
0: A is darker
1: B is darker
2: About the same

Answer with the correct option from 0 to 2. Only provide the numeric and nothing else 


Answer: 
assistant
1",1,2,Relative Reflectance
638,"system
You are a helpful assistant.
user
 QUESTION: Consider the surface color (color without shading) of the two points in the image. Which one is darker, or the color is about the same?
OPTIONS:
0: A is darker
1: B is darker
2: About the same

Answer with the correct option from 0 to 2. Only provide the numeric and nothing else 


Answer: 
assistant
1",1,2,Relative Reflectance
639,"system
You are a helpful assistant.
user
 QUESTION: Consider the surface color (color without shading) of the two points in the image. Which one is darker, or the color is about the same?
OPTIONS:
0: A is darker
1: B is darker
2: About the same

Answer with the correct option from 0 to 2. Only provide the numeric and nothing else 


Answer: 
assistant
2",2,2,Relative Reflectance
640,"system
You are a helpful assistant.
user
 QUESTION: Consider the surface color (color without shading) of the two points in the image. Which one is darker, or the color is about the same?
OPTIONS:
0: A is darker
1: B is darker
2: About the same

Answer with the correct option from 0 to 2. Only provide the numeric and nothing else 


Answer: 
assistant
2",2,0,Relative Reflectance
641,"system
You are a helpful assistant.
user
 QUESTION: Consider the surface color (color without shading) of the two points in the image. Which one is darker, or the color is about the same?
OPTIONS:
0: A is darker
1: B is darker
2: About the same

Answer with the correct option from 0 to 2. Only provide the numeric and nothing else 


Answer: 
assistant
2",2,1,Relative Reflectance
642,"system
You are a helpful assistant.
user
 QUESTION: Consider the surface color (color without shading) of the two points in the image. Which one is darker, or the color is about the same?
OPTIONS:
0: A is darker
1: B is darker
2: About the same

Answer with the correct option from 0 to 2. Only provide the numeric and nothing else 


Answer: 
assistant
2",2,0,Relative Reflectance
643,"system
You are a helpful assistant.
user
 QUESTION: Consider the surface color (color without shading) of the two points in the image. Which one is darker, or the color is about the same?
OPTIONS:
0: A is darker
1: B is darker
2: About the same

Answer with the correct option from 0 to 2. Only provide the numeric and nothing else 


Answer: 
assistant
2",2,0,Relative Reflectance
644,"system
You are a helpful assistant.
user
 QUESTION: Consider the surface color (color without shading) of the two points in the image. Which one is darker, or the color is about the same?
OPTIONS:
0: A is darker
1: B is darker
2: About the same

Answer with the correct option from 0 to 2. Only provide the numeric and nothing else 


Answer: 
assistant
2",2,0,Relative Reflectance
645,"system
You are a helpful assistant.
user
 QUESTION: Consider the surface color (color without shading) of the two points in the image. Which one is darker, or the color is about the same?
OPTIONS:
0: A is darker
1: B is darker
2: About the same

Answer with the correct option from 0 to 2. Only provide the numeric and nothing else 


Answer: 
assistant
1",1,0,Relative Reflectance
646,"system
You are a helpful assistant.
user
 QUESTION: Consider the surface color (color without shading) of the two points in the image. Which one is darker, or the color is about the same?
OPTIONS:
0: A is darker
1: B is darker
2: About the same

Answer with the correct option from 0 to 2. Only provide the numeric and nothing else 


Answer: 
assistant
2",2,0,Relative Reflectance
647,"system
You are a helpful assistant.
user
 QUESTION: Consider the surface color (color without shading) of the two points in the image. Which one is darker, or the color is about the same?
OPTIONS:
0: A is darker
1: B is darker
2: About the same

Answer with the correct option from 0 to 2. Only provide the numeric and nothing else 


Answer: 
assistant
2",2,0,Relative Reflectance
648,"system
You are a helpful assistant.
user
 QUESTION: Is the car beneath the cat?
OPTIONS:
0: yes
1: no

Answer with the correct option from 0 to 1. Only provide the numeric and nothing else 


Answer: 
assistant
1",1,1,Spatial Relation
649,"system
You are a helpful assistant.
user
 QUESTION: Is the car under the cat?
OPTIONS:
0: yes
1: no

Answer with the correct option from 0 to 1. Only provide the numeric and nothing else 


Answer: 
assistant
1",1,0,Spatial Relation
650,"system
You are a helpful assistant.
user
 QUESTION: Is the bed at the right side of the dining table?
OPTIONS:
0: yes
1: no

Answer with the correct option from 0 to 1. Only provide the numeric and nothing else 


Answer: 
assistant
1",1,0,Spatial Relation
651,"system
You are a helpful assistant.
user
 QUESTION: Is the bowl in front of the apple?
OPTIONS:
0: yes
1: no

Answer with the correct option from 0 to 1. Only provide the numeric and nothing else 


Answer: 
assistant
0",0,0,Spatial Relation
652,"system
You are a helpful assistant.
user
 QUESTION: Is the person on top of the bed?
OPTIONS:
0: yes
1: no

Answer with the correct option from 0 to 1. Only provide the numeric and nothing else 


Answer: 
assistant
0",0,0,Spatial Relation
653,"system
You are a helpful assistant.
user
 QUESTION: Is the bicycle on the bus?
OPTIONS:
0: yes
1: no

Answer with the correct option from 0 to 1. Only provide the numeric and nothing else 


Answer: 
assistant
1",1,0,Spatial Relation
654,"system
You are a helpful assistant.
user
 QUESTION: Is the person next to the banana?
OPTIONS:
0: yes
1: no

Answer with the correct option from 0 to 1. Only provide the numeric and nothing else 


Answer: 
assistant
0",0,0,Spatial Relation
655,"system
You are a helpful assistant.
user
 QUESTION: Is the person touching the kite?
OPTIONS:
0: yes
1: no

Answer with the correct option from 0 to 1. Only provide the numeric and nothing else 


Answer: 
assistant
0",0,0,Spatial Relation
656,"system
You are a helpful assistant.
user
 QUESTION: Is the hair drier left of the person?
OPTIONS:
0: yes
1: no

Answer with the correct option from 0 to 1. Only provide the numeric and nothing else 


Answer: 
assistant
0",0,0,Spatial Relation
657,"system
You are a helpful assistant.
user
 QUESTION: Is the laptop touching the person?
OPTIONS:
0: yes
1: no

Answer with the correct option from 0 to 1. Only provide the numeric and nothing else 


Answer: 
assistant
0",0,0,Spatial Relation
658,"system
You are a helpful assistant.
user
 QUESTION: Is the person on top of the elephant?
OPTIONS:
0: yes
1: no

Answer with the correct option from 0 to 1. Only provide the numeric and nothing else 


Answer: 
assistant
0",0,0,Spatial Relation
659,"system
You are a helpful assistant.
user
 QUESTION: Does the suitcase contain the cat?
OPTIONS:
0: yes
1: no

Answer with the correct option from 0 to 1. Only provide the numeric and nothing else 


Answer: 
assistant
0",0,0,Spatial Relation
660,"system
You are a helpful assistant.
user
 QUESTION: Is the cat touching the wine glass?
OPTIONS:
0: yes
1: no

Answer with the correct option from 0 to 1. Only provide the numeric and nothing else 


Answer: 
assistant
1",1,1,Spatial Relation
661,"system
You are a helpful assistant.
user
 QUESTION: Is the person touching the donut?
OPTIONS:
0: yes
1: no

Answer with the correct option from 0 to 1. Only provide the numeric and nothing else 


Answer: 
assistant
0",0,0,Spatial Relation
662,"system
You are a helpful assistant.
user
 QUESTION: Is the vase behind the cat?
OPTIONS:
0: yes
1: no

Answer with the correct option from 0 to 1. Only provide the numeric and nothing else 


Answer: 
assistant
1",1,1,Spatial Relation
663,"system
You are a helpful assistant.
user
 QUESTION: Is the bus parallel to the motorcycle?
OPTIONS:
0: yes
1: no

Answer with the correct option from 0 to 1. Only provide the numeric and nothing else 


Answer: 
assistant
0",0,0,Spatial Relation
664,"system
You are a helpful assistant.
user
 QUESTION: Is the dog on the motorcycle?
OPTIONS:
0: yes
1: no

Answer with the correct option from 0 to 1. Only provide the numeric and nothing else 


Answer: 
assistant
1",1,1,Spatial Relation
665,"system
You are a helpful assistant.
user
 QUESTION: Is the dining table in front of the person?
OPTIONS:
0: yes
1: no

Answer with the correct option from 0 to 1. Only provide the numeric and nothing else 


Answer: 
assistant
0",0,0,Spatial Relation
666,"system
You are a helpful assistant.
user
 QUESTION: Is the laptop facing the chair?
OPTIONS:
0: yes
1: no

Answer with the correct option from 0 to 1. Only provide the numeric and nothing else 


Answer: 
assistant
0",0,0,Spatial Relation
667,"system
You are a helpful assistant.
user
 QUESTION: Is the laptop touching the teddy bear?
OPTIONS:
0: yes
1: no

Answer with the correct option from 0 to 1. Only provide the numeric and nothing else 


Answer: 
assistant
0",0,0,Spatial Relation
668,"system
You are a helpful assistant.
user
 QUESTION: Is the dining table under the cat?
OPTIONS:
0: yes
1: no

Answer with the correct option from 0 to 1. Only provide the numeric and nothing else 


Answer: 
assistant
0",0,0,Spatial Relation
669,"system
You are a helpful assistant.
user
 QUESTION: Is the pizza touching the person?
OPTIONS:
0: yes
1: no

Answer with the correct option from 0 to 1. Only provide the numeric and nothing else 


Answer: 
assistant
0",0,0,Spatial Relation
670,"system
You are a helpful assistant.
user
 QUESTION: Is the umbrella on top of the cat?
OPTIONS:
0: yes
1: no

Answer with the correct option from 0 to 1. Only provide the numeric and nothing else 


Answer: 
assistant
1",1,1,Spatial Relation
671,"system
You are a helpful assistant.
user
 QUESTION: Is the cat surrounding the teddy bear?
OPTIONS:
0: yes
1: no

Answer with the correct option from 0 to 1. Only provide the numeric and nothing else 


Answer: 
assistant
0",0,0,Spatial Relation
672,"system
You are a helpful assistant.
user
 QUESTION: Is the sheep outside the bottle?
OPTIONS:
0: yes
1: no

Answer with the correct option from 0 to 1. Only provide the numeric and nothing else 


Answer: 
assistant
0",0,0,Spatial Relation
673,"system
You are a helpful assistant.
user
 QUESTION: Is the motorcycle at the left side of the train?
OPTIONS:
0: yes
1: no

Answer with the correct option from 0 to 1. Only provide the numeric and nothing else 


Answer: 
assistant
1",1,1,Spatial Relation
674,"system
You are a helpful assistant.
user
 QUESTION: Is the truck inside the dog?
OPTIONS:
0: yes
1: no

Answer with the correct option from 0 to 1. Only provide the numeric and nothing else 


Answer: 
assistant
1",1,1,Spatial Relation
675,"system
You are a helpful assistant.
user
 QUESTION: Is the person facing away from the horse?
OPTIONS:
0: yes
1: no

Answer with the correct option from 0 to 1. Only provide the numeric and nothing else 


Answer: 
assistant
0",0,0,Spatial Relation
676,"system
You are a helpful assistant.
user
 QUESTION: Is the cat facing the teddy bear?
OPTIONS:
0: yes
1: no

Answer with the correct option from 0 to 1. Only provide the numeric and nothing else 


Answer: 
assistant
1",1,1,Spatial Relation
677,"system
You are a helpful assistant.
user
 QUESTION: Does the car contain the donut?
OPTIONS:
0: yes
1: no

Answer with the correct option from 0 to 1. Only provide the numeric and nothing else 


Answer: 
assistant
0",0,0,Spatial Relation
678,"system
You are a helpful assistant.
user
 QUESTION: Is the airplane far away from the bicycle?
OPTIONS:
0: yes
1: no

Answer with the correct option from 0 to 1. Only provide the numeric and nothing else 


Answer: 
assistant
0",0,0,Spatial Relation
679,"system
You are a helpful assistant.
user
 QUESTION: Is the surfboard left of the bed?
OPTIONS:
0: yes
1: no

Answer with the correct option from 0 to 1. Only provide the numeric and nothing else 


Answer: 
assistant
0",0,0,Spatial Relation
680,"system
You are a helpful assistant.
user
 QUESTION: Is the car alongside the bus?
OPTIONS:
0: yes
1: no

Answer with the correct option from 0 to 1. Only provide the numeric and nothing else 


Answer: 
assistant
1",1,0,Spatial Relation
681,"system
You are a helpful assistant.
user
 QUESTION: Is the horse far away from the potted plant?
OPTIONS:
0: yes
1: no

Answer with the correct option from 0 to 1. Only provide the numeric and nothing else 


Answer: 
assistant
0",0,0,Spatial Relation
682,"system
You are a helpful assistant.
user
 QUESTION: Is the car away from the truck?
OPTIONS:
0: yes
1: no

Answer with the correct option from 0 to 1. Only provide the numeric and nothing else 


Answer: 
assistant
1",1,0,Spatial Relation
683,"system
You are a helpful assistant.
user
 QUESTION: Is the boat in the tv?
OPTIONS:
0: yes
1: no

Answer with the correct option from 0 to 1. Only provide the numeric and nothing else 


Answer: 
assistant
1",1,1,Spatial Relation
684,"system
You are a helpful assistant.
user
 QUESTION: Is the person facing the book?
OPTIONS:
0: yes
1: no

Answer with the correct option from 0 to 1. Only provide the numeric and nothing else 


Answer: 
assistant
0",0,0,Spatial Relation
685,"system
You are a helpful assistant.
user
 QUESTION: Is the bowl on top of the cat?
OPTIONS:
0: yes
1: no

Answer with the correct option from 0 to 1. Only provide the numeric and nothing else 


Answer: 
assistant
1",1,0,Spatial Relation
686,"system
You are a helpful assistant.
user
 QUESTION: Is the bench right of the bed?
OPTIONS:
0: yes
1: no

Answer with the correct option from 0 to 1. Only provide the numeric and nothing else 


Answer: 
assistant
0",0,0,Spatial Relation
687,"system
You are a helpful assistant.
user
 QUESTION: Is the laptop at the right side of the sandwich?
OPTIONS:
0: yes
1: no

Answer with the correct option from 0 to 1. Only provide the numeric and nothing else 


Answer: 
assistant
1",1,0,Spatial Relation
688,"system
You are a helpful assistant.
user
 QUESTION: Is the orange at the right side of the umbrella?
OPTIONS:
0: yes
1: no

Answer with the correct option from 0 to 1. Only provide the numeric and nothing else 


Answer: 
assistant
1",1,1,Spatial Relation
689,"system
You are a helpful assistant.
user
 QUESTION: Is the cat on the chair?
OPTIONS:
0: yes
1: no

Answer with the correct option from 0 to 1. Only provide the numeric and nothing else 


Answer: 
assistant
1",1,1,Spatial Relation
690,"system
You are a helpful assistant.
user
 QUESTION: Is the cat in the sink?
OPTIONS:
0: yes
1: no

Answer with the correct option from 0 to 1. Only provide the numeric and nothing else 


Answer: 
assistant
0",0,0,Spatial Relation
691,"system
You are a helpful assistant.
user
 QUESTION: Is the refrigerator behind the dining table?
OPTIONS:
0: yes
1: no

Answer with the correct option from 0 to 1. Only provide the numeric and nothing else 


Answer: 
assistant
1",1,1,Spatial Relation
692,"system
You are a helpful assistant.
user
 QUESTION: Does the cake consist of the truck?
OPTIONS:
0: yes
1: no

Answer with the correct option from 0 to 1. Only provide the numeric and nothing else 


Answer: 
assistant
1",1,1,Spatial Relation
693,"system
You are a helpful assistant.
user
 QUESTION: Is the dog on the motorcycle?
OPTIONS:
0: yes
1: no

Answer with the correct option from 0 to 1. Only provide the numeric and nothing else 


Answer: 
assistant
1",1,1,Spatial Relation
694,"system
You are a helpful assistant.
user
 QUESTION: Is the microwave above the laptop?
OPTIONS:
0: yes
1: no

Answer with the correct option from 0 to 1. Only provide the numeric and nothing else 


Answer: 
assistant
1",1,1,Spatial Relation
695,"system
You are a helpful assistant.
user
 QUESTION: Is the broccoli beside the bowl?
OPTIONS:
0: yes
1: no

Answer with the correct option from 0 to 1. Only provide the numeric and nothing else 


Answer: 
assistant
1",1,1,Spatial Relation
696,"system
You are a helpful assistant.
user
 QUESTION: Is the dog on top of the motorcycle?
OPTIONS:
0: yes
1: no

Answer with the correct option from 0 to 1. Only provide the numeric and nothing else 


Answer: 
assistant
0",0,0,Spatial Relation
697,"system
You are a helpful assistant.
user
 QUESTION: Is the sandwich at the left side of the laptop?
OPTIONS:
0: yes
1: no

Answer with the correct option from 0 to 1. Only provide the numeric and nothing else 


Answer: 
assistant
0",0,1,Spatial Relation
698,"system
You are a helpful assistant.
user
 QUESTION: Is the car at the back of the bicycle?
OPTIONS:
0: yes
1: no

Answer with the correct option from 0 to 1. Only provide the numeric and nothing else 


Answer: 
assistant
1",1,1,Spatial Relation
699,"system
You are a helpful assistant.
user
 QUESTION: Is the train far away from the stop sign?
OPTIONS:
0: yes
1: no

Answer with the correct option from 0 to 1. Only provide the numeric and nothing else 


Answer: 
assistant
0",0,0,Spatial Relation
700,"system
You are a helpful assistant.
user
 QUESTION: Is the orange behind the apple?
OPTIONS:
0: yes
1: no

Answer with the correct option from 0 to 1. Only provide the numeric and nothing else 


Answer: 
assistant
0",0,1,Spatial Relation
701,"system
You are a helpful assistant.
user
 QUESTION: Is the teddy bear beside the bottle?
OPTIONS:
0: yes
1: no

Answer with the correct option from 0 to 1. Only provide the numeric and nothing else 


Answer: 
assistant
0",0,0,Spatial Relation
702,"system
You are a helpful assistant.
user
 QUESTION: Is the potted plant behind the person?
OPTIONS:
0: yes
1: no

Answer with the correct option from 0 to 1. Only provide the numeric and nothing else 


Answer: 
assistant
1",1,0,Spatial Relation
703,"system
You are a helpful assistant.
user
 QUESTION: Does the cup contain the cat?
OPTIONS:
0: yes
1: no

Answer with the correct option from 0 to 1. Only provide the numeric and nothing else 


Answer: 
assistant
1",1,1,Spatial Relation
704,"system
You are a helpful assistant.
user
 QUESTION: Is the oven behind the cake?
OPTIONS:
0: yes
1: no

Answer with the correct option from 0 to 1. Only provide the numeric and nothing else 


Answer: 
assistant
1",1,1,Spatial Relation
705,"system
You are a helpful assistant.
user
 QUESTION: Is the cat on the backpack?
OPTIONS:
0: yes
1: no

Answer with the correct option from 0 to 1. Only provide the numeric and nothing else 


Answer: 
assistant
0",0,1,Spatial Relation
706,"system
You are a helpful assistant.
user
 QUESTION: Is the teddy bear on top of the dining table?
OPTIONS:
0: yes
1: no

Answer with the correct option from 0 to 1. Only provide the numeric and nothing else 


Answer: 
assistant
0",0,0,Spatial Relation
707,"system
You are a helpful assistant.
user
 QUESTION: Is the sandwich touching the dining table?
OPTIONS:
0: yes
1: no

Answer with the correct option from 0 to 1. Only provide the numeric and nothing else 


Answer: 
assistant
0",0,0,Spatial Relation
708,"system
You are a helpful assistant.
user
 QUESTION: Is the person left of the refrigerator?
OPTIONS:
0: yes
1: no

Answer with the correct option from 0 to 1. Only provide the numeric and nothing else 


Answer: 
assistant
0",0,0,Spatial Relation
709,"system
You are a helpful assistant.
user
 QUESTION: Is the boat on the truck?
OPTIONS:
0: yes
1: no

Answer with the correct option from 0 to 1. Only provide the numeric and nothing else 


Answer: 
assistant
0",0,0,Spatial Relation
710,"system
You are a helpful assistant.
user
 QUESTION: Is the teddy bear facing the book?
OPTIONS:
0: yes
1: no

Answer with the correct option from 0 to 1. Only provide the numeric and nothing else 


Answer: 
assistant
1",1,1,Spatial Relation
711,"system
You are a helpful assistant.
user
 QUESTION: Is the hair drier on the chair?
OPTIONS:
0: yes
1: no

Answer with the correct option from 0 to 1. Only provide the numeric and nothing else 


Answer: 
assistant
1",1,1,Spatial Relation
712,"system
You are a helpful assistant.
user
 QUESTION: Is the hot dog far away from the person?
OPTIONS:
0: yes
1: no

Answer with the correct option from 0 to 1. Only provide the numeric and nothing else 


Answer: 
assistant
1",1,0,Spatial Relation
713,"system
You are a helpful assistant.
user
 QUESTION: Is the umbrella behind the cat?
OPTIONS:
0: yes
1: no

Answer with the correct option from 0 to 1. Only provide the numeric and nothing else 


Answer: 
assistant
0",0,0,Spatial Relation
714,"system
You are a helpful assistant.
user
 QUESTION: Is the bicycle under the cat?
OPTIONS:
0: yes
1: no

Answer with the correct option from 0 to 1. Only provide the numeric and nothing else 


Answer: 
assistant
1",1,1,Spatial Relation
715,"system
You are a helpful assistant.
user
 QUESTION: Is the person facing the bear?
OPTIONS:
0: yes
1: no

Answer with the correct option from 0 to 1. Only provide the numeric and nothing else 


Answer: 
assistant
1",1,1,Spatial Relation
716,"system
You are a helpful assistant.
user
 QUESTION: Does the sink contain the cat?
OPTIONS:
0: yes
1: no

Answer with the correct option from 0 to 1. Only provide the numeric and nothing else 


Answer: 
assistant
0",0,0,Spatial Relation
717,"system
You are a helpful assistant.
user
 QUESTION: Does the car contain the dog?
OPTIONS:
0: yes
1: no

Answer with the correct option from 0 to 1. Only provide the numeric and nothing else 


Answer: 
assistant
1",1,1,Spatial Relation
718,"system
You are a helpful assistant.
user
 QUESTION: Is the laptop opposite to the couch?
OPTIONS:
0: yes
1: no

Answer with the correct option from 0 to 1. Only provide the numeric and nothing else 


Answer: 
assistant
0",0,0,Spatial Relation
719,"system
You are a helpful assistant.
user
 QUESTION: Is the cup under the cow?
OPTIONS:
0: yes
1: no

Answer with the correct option from 0 to 1. Only provide the numeric and nothing else 


Answer: 
assistant
1",1,1,Spatial Relation
720,"system
You are a helpful assistant.
user
 QUESTION: Is the surfboard beside the dining table?
OPTIONS:
0: yes
1: no

Answer with the correct option from 0 to 1. Only provide the numeric and nothing else 


Answer: 
assistant
0",0,0,Spatial Relation
721,"system
You are a helpful assistant.
user
 QUESTION: Is the fire hydrant touching the teddy bear?
OPTIONS:
0: yes
1: no

Answer with the correct option from 0 to 1. Only provide the numeric and nothing else 


Answer: 
assistant
1",1,0,Spatial Relation
722,"system
You are a helpful assistant.
user
 QUESTION: Is the person touching the zebra?
OPTIONS:
0: yes
1: no

Answer with the correct option from 0 to 1. Only provide the numeric and nothing else 


Answer: 
assistant
1",1,1,Spatial Relation
723,"system
You are a helpful assistant.
user
 QUESTION: Is the cat facing away from the toilet?
OPTIONS:
0: yes
1: no

Answer with the correct option from 0 to 1. Only provide the numeric and nothing else 


Answer: 
assistant
1",1,1,Spatial Relation
724,"system
You are a helpful assistant.
user
 QUESTION: Is the laptop a part of the cake?
OPTIONS:
0: yes
1: no

Answer with the correct option from 0 to 1. Only provide the numeric and nothing else 


Answer: 
assistant
1",1,1,Spatial Relation
725,"system
You are a helpful assistant.
user
 QUESTION: Is the backpack on top of the cat?
OPTIONS:
0: yes
1: no

Answer with the correct option from 0 to 1. Only provide the numeric and nothing else 


Answer: 
assistant
1",1,1,Spatial Relation
726,"system
You are a helpful assistant.
user
 QUESTION: Is the sandwich inside the person?
OPTIONS:
0: yes
1: no

Answer with the correct option from 0 to 1. Only provide the numeric and nothing else 


Answer: 
assistant
1",1,1,Spatial Relation
727,"system
You are a helpful assistant.
user
 QUESTION: Is the bicycle in the train?
OPTIONS:
0: yes
1: no

Answer with the correct option from 0 to 1. Only provide the numeric and nothing else 


Answer: 
assistant
1",1,1,Spatial Relation
728,"system
You are a helpful assistant.
user
 QUESTION: Is the person touching the pizza?
OPTIONS:
0: yes
1: no

Answer with the correct option from 0 to 1. Only provide the numeric and nothing else 


Answer: 
assistant
0",0,0,Spatial Relation
729,"system
You are a helpful assistant.
user
 QUESTION: Is the sandwich touching the person?
OPTIONS:
0: yes
1: no

Answer with the correct option from 0 to 1. Only provide the numeric and nothing else 


Answer: 
assistant
1",1,1,Spatial Relation
730,"system
You are a helpful assistant.
user
 QUESTION: Is the cat next to the bed?
OPTIONS:
0: yes
1: no

Answer with the correct option from 0 to 1. Only provide the numeric and nothing else 


Answer: 
assistant
0",0,0,Spatial Relation
731,"system
You are a helpful assistant.
user
 QUESTION: Is the truck below the boat?
OPTIONS:
0: yes
1: no

Answer with the correct option from 0 to 1. Only provide the numeric and nothing else 


Answer: 
assistant
0",0,0,Spatial Relation
732,"system
You are a helpful assistant.
user
 QUESTION: Is the truck in front of the boat?
OPTIONS:
0: yes
1: no

Answer with the correct option from 0 to 1. Only provide the numeric and nothing else 


Answer: 
assistant
1",1,0,Spatial Relation
733,"system
You are a helpful assistant.
user
 QUESTION: Is the person at the left side of the bed?
OPTIONS:
0: yes
1: no

Answer with the correct option from 0 to 1. Only provide the numeric and nothing else 


Answer: 
assistant
0",0,1,Spatial Relation
734,"system
You are a helpful assistant.
user
 QUESTION: Is the truck over the cat?
OPTIONS:
0: yes
1: no

Answer with the correct option from 0 to 1. Only provide the numeric and nothing else 


Answer: 
assistant
0",0,0,Spatial Relation
735,"system
You are a helpful assistant.
user
 QUESTION: Is the cup at the left side of the bowl?
OPTIONS:
0: yes
1: no

Answer with the correct option from 0 to 1. Only provide the numeric and nothing else 


Answer: 
assistant
0",0,0,Spatial Relation
736,"system
You are a helpful assistant.
user
 QUESTION: Is the dining table beneath the cat?
OPTIONS:
0: yes
1: no

Answer with the correct option from 0 to 1. Only provide the numeric and nothing else 


Answer: 
assistant
0",0,0,Spatial Relation
737,"system
You are a helpful assistant.
user
 QUESTION: Is the cat with the teddy bear?
OPTIONS:
0: yes
1: no

Answer with the correct option from 0 to 1. Only provide the numeric and nothing else 


Answer: 
assistant
1",1,1,Spatial Relation
738,"system
You are a helpful assistant.
user
 QUESTION: Is the teddy bear touching the cat?
OPTIONS:
0: yes
1: no

Answer with the correct option from 0 to 1. Only provide the numeric and nothing else 


Answer: 
assistant
1",1,1,Spatial Relation
739,"system
You are a helpful assistant.
user
 QUESTION: Is the tv under the cat?
OPTIONS:
0: yes
1: no

Answer with the correct option from 0 to 1. Only provide the numeric and nothing else 


Answer: 
assistant
1",1,0,Spatial Relation
740,"system
You are a helpful assistant.
user
 QUESTION: Is the cat at the left side of the pizza?
OPTIONS:
0: yes
1: no

Answer with the correct option from 0 to 1. Only provide the numeric and nothing else 


Answer: 
assistant
0",0,0,Spatial Relation
741,"system
You are a helpful assistant.
user
 QUESTION: Does the backpack contain the cat?
OPTIONS:
0: yes
1: no

Answer with the correct option from 0 to 1. Only provide the numeric and nothing else 


Answer: 
assistant
0",0,0,Spatial Relation
742,"system
You are a helpful assistant.
user
 QUESTION: Is the cat on top of the handbag?
OPTIONS:
0: yes
1: no

Answer with the correct option from 0 to 1. Only provide the numeric and nothing else 


Answer: 
assistant
0",0,0,Spatial Relation
743,"system
You are a helpful assistant.
user
 QUESTION: Is the donut inside the bowl?
OPTIONS:
0: yes
1: no

Answer with the correct option from 0 to 1. Only provide the numeric and nothing else 


Answer: 
assistant
1",1,1,Spatial Relation
744,"system
You are a helpful assistant.
user
 QUESTION: Is the cup beside the laptop?
OPTIONS:
0: yes
1: no

Answer with the correct option from 0 to 1. Only provide the numeric and nothing else 


Answer: 
assistant
0",0,0,Spatial Relation
745,"system
You are a helpful assistant.
user
 QUESTION: Is the horse on the cake?
OPTIONS:
0: yes
1: no

Answer with the correct option from 0 to 1. Only provide the numeric and nothing else 


Answer: 
assistant
0",0,0,Spatial Relation
746,"system
You are a helpful assistant.
user
 QUESTION: Is the bicycle in front of the umbrella?
OPTIONS:
0: yes
1: no

Answer with the correct option from 0 to 1. Only provide the numeric and nothing else 


Answer: 
assistant
1",1,0,Spatial Relation
747,"system
You are a helpful assistant.
user
 QUESTION: Is the car perpendicular to the motorcycle?
OPTIONS:
0: yes
1: no

Answer with the correct option from 0 to 1. Only provide the numeric and nothing else 


Answer: 
assistant
1",1,0,Spatial Relation
748,"system
You are a helpful assistant.
user
 QUESTION: Is the chair under the person?
OPTIONS:
0: yes
1: no

Answer with the correct option from 0 to 1. Only provide the numeric and nothing else 


Answer: 
assistant
0",0,0,Spatial Relation
749,"system
You are a helpful assistant.
user
 QUESTION: Is the couch under the suitcase?
OPTIONS:
0: yes
1: no

Answer with the correct option from 0 to 1. Only provide the numeric and nothing else 


Answer: 
assistant
0",0,0,Spatial Relation
750,"system
You are a helpful assistant.
user
 QUESTION: Is the dog touching the cat?
OPTIONS:
0: yes
1: no

Answer with the correct option from 0 to 1. Only provide the numeric and nothing else 


Answer: 
assistant
0",0,0,Spatial Relation
751,"system
You are a helpful assistant.
user
 QUESTION: Is the pizza left of the person?
OPTIONS:
0: yes
1: no

Answer with the correct option from 0 to 1. Only provide the numeric and nothing else 


Answer: 
assistant
1",1,1,Spatial Relation
752,"system
You are a helpful assistant.
user
 QUESTION: Is the couch under the truck?
OPTIONS:
0: yes
1: no

Answer with the correct option from 0 to 1. Only provide the numeric and nothing else 


Answer: 
assistant
1",1,1,Spatial Relation
753,"system
You are a helpful assistant.
user
 QUESTION: Is the laptop touching the bed?
OPTIONS:
0: yes
1: no

Answer with the correct option from 0 to 1. Only provide the numeric and nothing else 


Answer: 
assistant
0",0,0,Spatial Relation
754,"system
You are a helpful assistant.
user
 QUESTION: Is the bed beside the person?
OPTIONS:
0: yes
1: no

Answer with the correct option from 0 to 1. Only provide the numeric and nothing else 


Answer: 
assistant
1",1,0,Spatial Relation
755,"system
You are a helpful assistant.
user
 QUESTION: Is the dining table touching the cat?
OPTIONS:
0: yes
1: no

Answer with the correct option from 0 to 1. Only provide the numeric and nothing else 


Answer: 
assistant
0",0,0,Spatial Relation
756,"system
You are a helpful assistant.
user
 QUESTION: Is the sandwich touching the person?
OPTIONS:
0: yes
1: no

Answer with the correct option from 0 to 1. Only provide the numeric and nothing else 


Answer: 
assistant
0",0,0,Spatial Relation
757,"system
You are a helpful assistant.
user
 QUESTION: Is the boat on the tv?
OPTIONS:
0: yes
1: no

Answer with the correct option from 0 to 1. Only provide the numeric and nothing else 


Answer: 
assistant
1",1,1,Spatial Relation
758,"system
You are a helpful assistant.
user
 QUESTION: Is the dining table at the right side of the person?
OPTIONS:
0: yes
1: no

Answer with the correct option from 0 to 1. Only provide the numeric and nothing else 


Answer: 
assistant
1",1,1,Spatial Relation
759,"system
You are a helpful assistant.
user
 QUESTION: Is the bed under the suitcase?
OPTIONS:
0: yes
1: no

Answer with the correct option from 0 to 1. Only provide the numeric and nothing else 


Answer: 
assistant
1",1,1,Spatial Relation
760,"system
You are a helpful assistant.
user
 QUESTION: Is the dining table touching the donut?
OPTIONS:
0: yes
1: no

Answer with the correct option from 0 to 1. Only provide the numeric and nothing else 


Answer: 
assistant
0",0,0,Spatial Relation
761,"system
You are a helpful assistant.
user
 QUESTION: Is the teddy bear under the dog?
OPTIONS:
0: yes
1: no

Answer with the correct option from 0 to 1. Only provide the numeric and nothing else 


Answer: 
assistant
0",0,1,Spatial Relation
762,"system
You are a helpful assistant.
user
 QUESTION: Is the chair under the horse?
OPTIONS:
0: yes
1: no

Answer with the correct option from 0 to 1. Only provide the numeric and nothing else 


Answer: 
assistant
1",1,1,Spatial Relation
763,"system
You are a helpful assistant.
user
 QUESTION: Is the person below the hair drier?
OPTIONS:
0: yes
1: no

Answer with the correct option from 0 to 1. Only provide the numeric and nothing else 


Answer: 
assistant
1",1,1,Spatial Relation
764,"system
You are a helpful assistant.
user
 QUESTION: Is the refrigerator far from the cat?
OPTIONS:
0: yes
1: no

Answer with the correct option from 0 to 1. Only provide the numeric and nothing else 


Answer: 
assistant
0",0,1,Spatial Relation
765,"system
You are a helpful assistant.
user
 QUESTION: Is the dog on the left side of the car?
OPTIONS:
0: yes
1: no

Answer with the correct option from 0 to 1. Only provide the numeric and nothing else 


Answer: 
assistant
1",1,1,Spatial Relation
766,"system
You are a helpful assistant.
user
 QUESTION: Is the cat facing the keyboard?
OPTIONS:
0: yes
1: no

Answer with the correct option from 0 to 1. Only provide the numeric and nothing else 


Answer: 
assistant
1",1,1,Spatial Relation
767,"system
You are a helpful assistant.
user
 QUESTION: Is the bed touching the book?
OPTIONS:
0: yes
1: no

Answer with the correct option from 0 to 1. Only provide the numeric and nothing else 


Answer: 
assistant
1",1,1,Spatial Relation
768,"system
You are a helpful assistant.
user
 QUESTION: Is the dining table away from the potted plant?
OPTIONS:
0: yes
1: no

Answer with the correct option from 0 to 1. Only provide the numeric and nothing else 


Answer: 
assistant
0",0,1,Spatial Relation
769,"system
You are a helpful assistant.
user
 QUESTION: Is the bench at the left side of the cat?
OPTIONS:
0: yes
1: no

Answer with the correct option from 0 to 1. Only provide the numeric and nothing else 


Answer: 
assistant
0",0,1,Spatial Relation
770,"system
You are a helpful assistant.
user
 QUESTION: Is the bed beneath the dog?
OPTIONS:
0: yes
1: no

Answer with the correct option from 0 to 1. Only provide the numeric and nothing else 


Answer: 
assistant
1",1,1,Spatial Relation
771,"system
You are a helpful assistant.
user
 QUESTION: Is the person at the right side of the laptop?
OPTIONS:
0: yes
1: no

Answer with the correct option from 0 to 1. Only provide the numeric and nothing else 


Answer: 
assistant
1",1,1,Spatial Relation
772,"system
You are a helpful assistant.
user
 QUESTION: Is the person beneath the remote?
OPTIONS:
0: yes
1: no

Answer with the correct option from 0 to 1. Only provide the numeric and nothing else 


Answer: 
assistant
0",0,1,Spatial Relation
773,"system
You are a helpful assistant.
user
 QUESTION: Does the oven contain the pizza?
OPTIONS:
0: yes
1: no

Answer with the correct option from 0 to 1. Only provide the numeric and nothing else 


Answer: 
assistant
1",1,1,Spatial Relation
774,"system
You are a helpful assistant.
user
 QUESTION: Is the truck far away from the suitcase?
OPTIONS:
0: yes
1: no

Answer with the correct option from 0 to 1. Only provide the numeric and nothing else 


Answer: 
assistant
1",1,0,Spatial Relation
775,"system
You are a helpful assistant.
user
 QUESTION: Is the donut on the dining table?
OPTIONS:
0: yes
1: no

Answer with the correct option from 0 to 1. Only provide the numeric and nothing else 


Answer: 
assistant
0",0,0,Spatial Relation
776,"system
You are a helpful assistant.
user
 QUESTION: Is the bowl over the sandwich?
OPTIONS:
0: yes
1: no

Answer with the correct option from 0 to 1. Only provide the numeric and nothing else 


Answer: 
assistant
1",1,1,Spatial Relation
777,"system
You are a helpful assistant.
user
 QUESTION: Is the cat facing away from the suitcase?
OPTIONS:
0: yes
1: no

Answer with the correct option from 0 to 1. Only provide the numeric and nothing else 


Answer: 
assistant
0",0,0,Spatial Relation
778,"system
You are a helpful assistant.
user
 QUESTION: Is the suitcase beside the cat?
OPTIONS:
0: yes
1: no

Answer with the correct option from 0 to 1. Only provide the numeric and nothing else 


Answer: 
assistant
1",1,0,Spatial Relation
779,"system
You are a helpful assistant.
user
 QUESTION: Is the cat facing the refrigerator?
OPTIONS:
0: yes
1: no

Answer with the correct option from 0 to 1. Only provide the numeric and nothing else 


Answer: 
assistant
0",0,0,Spatial Relation
780,"system
You are a helpful assistant.
user
 QUESTION: Is the banana behind the orange?
OPTIONS:
0: yes
1: no

Answer with the correct option from 0 to 1. Only provide the numeric and nothing else 


Answer: 
assistant
0",0,0,Spatial Relation
781,"system
You are a helpful assistant.
user
 QUESTION: Is the car under the dog?
OPTIONS:
0: yes
1: no

Answer with the correct option from 0 to 1. Only provide the numeric and nothing else 


Answer: 
assistant
1",1,1,Spatial Relation
782,"system
You are a helpful assistant.
user
 QUESTION: Is the couch at the right side of the person?
OPTIONS:
0: yes
1: no

Answer with the correct option from 0 to 1. Only provide the numeric and nothing else 


Answer: 
assistant
1",1,1,Spatial Relation
783,"system
You are a helpful assistant.
user
 QUESTION: Is the teddy bear on top of the cake?
OPTIONS:
0: yes
1: no

Answer with the correct option from 0 to 1. Only provide the numeric and nothing else 


Answer: 
assistant
0",0,0,Spatial Relation
784,"system
You are a helpful assistant.
user
 QUESTION: Is the apple above the orange?
OPTIONS:
0: yes
1: no

Answer with the correct option from 0 to 1. Only provide the numeric and nothing else 


Answer: 
assistant
1",1,1,Spatial Relation
785,"system
You are a helpful assistant.
user
 QUESTION: Is the bear touching the person?
OPTIONS:
0: yes
1: no

Answer with the correct option from 0 to 1. Only provide the numeric and nothing else 


Answer: 
assistant
1",1,1,Spatial Relation
786,"system
You are a helpful assistant.
user
 QUESTION: Is the dining table touching the dog?
OPTIONS:
0: yes
1: no

Answer with the correct option from 0 to 1. Only provide the numeric and nothing else 


Answer: 
assistant
1",1,1,Spatial Relation
787,"system
You are a helpful assistant.
user
 QUESTION: Is the zebra by the person?
OPTIONS:
0: yes
1: no

Answer with the correct option from 0 to 1. Only provide the numeric and nothing else 


Answer: 
assistant
0",0,0,Spatial Relation
788,"system
You are a helpful assistant.
user
 QUESTION: Is the person facing the frisbee?
OPTIONS:
0: yes
1: no

Answer with the correct option from 0 to 1. Only provide the numeric and nothing else 


Answer: 
assistant
0",0,1,Spatial Relation
789,"system
You are a helpful assistant.
user
 QUESTION: Is the cat on top of the laptop?
OPTIONS:
0: yes
1: no

Answer with the correct option from 0 to 1. Only provide the numeric and nothing else 


Answer: 
assistant
1",1,1,Spatial Relation
790,"system
You are a helpful assistant.
user
 QUESTION: Is the person behind the cup?
OPTIONS:
0: yes
1: no

Answer with the correct option from 0 to 1. Only provide the numeric and nothing else 


Answer: 
assistant
1",1,1,Spatial Relation
