,0,1,2,3,4,5,6,7,8,9,10,11,12,13,14,15,16,17,18,19,20,21,22,23,24,25,26,27,28,29,30,31,32,33,34,35,36,Mean over,idx_corrected,idx_main,outputwImg,predictionwImg,gold_referencewImg,tagwImg,outputwoImg,predictionwoImg,gold_referencewoImg,tagwoImg
0,23.391624,33.797787,33.865185,33.636414,35.049587,37.4464,41.2262,45.65849,48.298103,51.32705,51.29398,49.434513,50.720108,50.399513,51.773834,53.992355,60.38967,67.357796,67.85926,68.49932,64.79182,60.0553,62.87431,67.48688,72.66353,77.04928,75.302414,78.17073,84.11943,86.72125,90.968056,80.52721,84.97982,84.81279,79.204956,76.161255,60.59939,All tokens,163,430,"system
You are a helpful assistant.
user
 QUESTION: Which point is closer to the camera?
OPTIONS:
0: A is closer
1: B is closer

Answer with the correct option from 0 to 1. Only provide the numeric and nothing else 


Answer: 
assistant
1",1,1,Relative Depth,"system
You are a helpful assistant.
user
 QUESTION: Which point is closer to the camera?
OPTIONS:
0: A is closer
1: B is closer

Answer with the correct option from 0 to 1. Only provide the numeric and nothing else 


Answer: 
assistant
0",0,1,Relative Depth
1,27.235884,35.09242,34.763153,35.30274,36.206154,38.086075,40.07331,42.601357,44.39323,46.593113,46.33298,46.19515,47.83408,46.153214,47.430523,50.73819,57.412113,64.28374,65.947525,66.173416,63.106728,59.16194,60.725094,63.729515,67.54647,71.73726,70.60662,74.80939,79.963615,84.29141,88.834694,82.26278,86.07371,84.48669,79.886406,75.48311,58.559124,All tokens,28,49,"system
You are a helpful assistant.
user
 QUESTION: How many blue towels are in the picture?
OPTIONS:
0: 3
1: 0
2: 2
3: 1

Answer with the correct option from 0 to 3. Only provide the numeric and nothing else 


Answer: 
assistant
3",3,3,Counting,"system
You are a helpful assistant.
user
 QUESTION: How many blue towels are in the picture?
OPTIONS:
0: 3
1: 0
2: 2
3: 1

Answer with the correct option from 0 to 3. Only provide the numeric and nothing else 


Answer: 
assistant
0",0,3,Counting
2,23.908382,32.48398,32.176613,31.83903,32.79457,34.240433,36.617504,39.547165,41.324776,43.770573,43.0248,42.680717,43.648464,42.028122,43.05877,45.72024,52.788673,60.53928,62.798325,63.821903,60.10816,55.870758,58.393272,62.034595,66.495514,71.5172,69.330536,74.16357,78.33925,81.68725,86.38415,77.05627,82.22761,79.18196,72.40588,67.3253,49.05872,All tokens,6,10,"system
You are a helpful assistant.
user
 QUESTION: How many people are eating food?
OPTIONS:
0: 1
1: 0
2: 3
3: 2

Answer with the correct option from 0 to 3. Only provide the numeric and nothing else 


Answer: 
assistant
0",0,1,Counting,"system
You are a helpful assistant.
user
 QUESTION: How many people are eating food?
OPTIONS:
0: 1
1: 0
2: 3
3: 2

Answer with the correct option from 0 to 3. Only provide the numeric and nothing else 


Answer: 
assistant
1",1,1,Counting
3,41.14506,50.110138,49.37485,49.81513,50.638165,51.937,53.86679,56.48812,57.800217,59.669437,59.946815,59.605312,60.683586,58.33861,58.71226,62.212864,69.58151,78.149635,80.3761,80.07759,76.57734,70.96525,73.631134,78.375824,82.99907,87.33255,86.771,89.92966,98.24238,105.254295,113.6903,113.873955,124.467026,126.26011,126.37227,122.65632,100.333626,All tokens,189,657,"system
You are a helpful assistant.
user
 QUESTION: Is the laptop touching the person?
OPTIONS:
0: yes
1: no

Answer with the correct option from 0 to 1. Only provide the numeric and nothing else 


Answer: 
assistant
0",0,0,Spatial Relation,"system
You are a helpful assistant.
user
 QUESTION: Is the laptop touching the person?
OPTIONS:
0: yes
1: no

Answer with the correct option from 0 to 1. Only provide the numeric and nothing else 


Answer: 
assistant
1",1,0,Spatial Relation
4,4.2370896,27.031311,28.254604,12.286167,12.526815,14.150031,16.405664,19.059048,21.470127,23.90242,25.30756,25.418995,26.808931,27.04024,28.559525,29.520521,31.162275,31.751102,33.292984,34.151516,35.1775,34.386036,35.867893,37.516735,39.30066,40.513218,42.35377,43.463154,44.292847,45.856617,47.121765,26.236656,30.383247,33.224037,30.76795,30.583183,25.2803,All tokens,70,124,"system
You are a helpful assistant.
user
 QUESTION: Which one picture can be folded from the outer surface displayed on the left?
OPTIONS:
0: Picture A
1: Picture B
2: Picture C
3: Picture D

Answer with the correct option from 0 to 3. Only provide the numeric and nothing else 


Answer: 
assistant
0",0,0,IQ Test,"system
You are a helpful assistant.
user
 QUESTION: Which one picture can be folded from the outer surface displayed on the left?
OPTIONS:
0: Picture A
1: Picture B
2: Picture C
3: Picture D

Answer with the correct option from 0 to 3. Only provide the numeric and nothing else 


Answer: 
assistant
2",2,0,IQ Test
5,25.064117,33.90016,33.726307,34.512093,35.695515,37.419865,39.78829,43.330116,45.26722,48.328014,48.683044,48.69994,51.056965,49.931293,50.848164,54.430874,60.858326,66.828545,67.98605,67.85796,65.52434,61.374763,63.613842,67.22525,71.13281,75.828125,74.76801,77.33429,80.928734,84.52529,88.341896,80.281296,83.60398,80.28849,73.82365,68.85233,52.811523,All tokens,62,113,"system
You are a helpful assistant.
user
 QUESTION: How many people are standing near the right of the giraffe ?
OPTIONS:
0: 0
1: 1
2: 2
3: 3

Answer with the correct option from 0 to 3. Only provide the numeric and nothing else 


Answer: 
assistant
0",0,0,Counting,"system
You are a helpful assistant.
user
 QUESTION: How many people are standing near the right of the giraffe ?
OPTIONS:
0: 0
1: 1
2: 2
3: 3

Answer with the correct option from 0 to 3. Only provide the numeric and nothing else 


Answer: 
assistant
1",1,0,Counting
6,27.637178,35.74882,35.814426,36.242737,37.235188,38.546074,40.515167,43.314552,45.21384,47.479412,47.2119,47.0808,47.82649,46.23382,47.49231,50.45958,58.248108,66.919106,69.276474,70.27094,65.93719,61.32424,63.606075,66.98679,70.70126,74.7405,73.34436,77.33786,82.78366,88.12258,92.27169,85.70752,89.930984,87.71078,80.45539,74.65466,62.013832,All tokens,57,101,"system
You are a helpful assistant.
user
 QUESTION: How many people are wearing blue shirt?
OPTIONS:
0: 2
1: 4
2: 3
3: 1

Answer with the correct option from 0 to 3. Only provide the numeric and nothing else 


Answer: 
assistant
1",1,0,Counting,"system
You are a helpful assistant.
user
 QUESTION: How many people are wearing blue shirt?
OPTIONS:
0: 2
1: 4
2: 3
3: 1

Answer with the correct option from 0 to 3. Only provide the numeric and nothing else 


Answer: 
assistant
2",2,0,Counting
7,26.336637,32.378128,32.64361,33.785984,35.24904,36.371838,37.99121,40.262653,41.781715,43.555748,43.915207,43.387493,43.86,42.310204,43.194027,45.610893,51.50184,58.4888,59.983955,60.544884,56.186985,51.01334,52.484924,54.92843,58.12738,61.976025,60.19234,64.42702,72.69191,77.17588,82.70021,77.6953,83.162575,80.68125,75.577675,71.45472,57.08606,All tokens,35,59,"system
You are a helpful assistant.
user
 QUESTION: How many plates are holding sandwiches?
OPTIONS:
0: 2
1: 4
2: 5
3: 3

Answer with the correct option from 0 to 3. Only provide the numeric and nothing else 


Answer: 
assistant
3",3,3,Counting,"system
You are a helpful assistant.
user
 QUESTION: How many plates are holding sandwiches?
OPTIONS:
0: 2
1: 4
2: 5
3: 3

Answer with the correct option from 0 to 3. Only provide the numeric and nothing else 


Answer: 
assistant
2",2,3,Counting
8,38.71704,46.202877,46.095104,46.931686,47.73605,49.030987,50.759098,53.008373,54.845676,56.439583,56.5674,56.464935,57.589863,54.97145,56.04987,60.51293,68.48789,76.38176,78.11149,78.94313,74.17142,68.31161,70.85486,75.09681,78.99747,83.19259,82.73122,86.14368,95.524414,102.76609,110.09845,109.275734,116.83166,116.917656,116.67166,112.797806,95.35057,All tokens,188,653,"system
You are a helpful assistant.
user
 QUESTION: Is the bicycle on the bus?
OPTIONS:
0: yes
1: no

Answer with the correct option from 0 to 1. Only provide the numeric and nothing else 


Answer: 
assistant
0",0,0,Spatial Relation,"system
You are a helpful assistant.
user
 QUESTION: Is the bicycle on the bus?
OPTIONS:
0: yes
1: no

Answer with the correct option from 0 to 1. Only provide the numeric and nothing else 


Answer: 
assistant
1",1,0,Spatial Relation
9,25.130007,31.7814,32.247643,33.42885,34.502174,36.003708,37.88059,40.320934,42.147602,44.284138,44.155178,42.92743,43.54716,42.18148,42.254715,44.147903,49.759636,57.277195,58.52816,59.727966,55.13694,50.18787,51.164303,53.67984,57.43774,60.732513,59.65672,65.33125,70.90768,75.20901,79.42791,71.68016,75.928246,73.6462,68.649994,65.872856,53.12386,All tokens,26,47,"system
You are a helpful assistant.
user
 QUESTION: How many toilets have lids?
OPTIONS:
0: 4
1: 1
2: 3
3: 2

Answer with the correct option from 0 to 3. Only provide the numeric and nothing else 


Answer: 
assistant
1",1,3,Counting,"system
You are a helpful assistant.
user
 QUESTION: How many toilets have lids?
OPTIONS:
0: 4
1: 1
2: 3
3: 2

Answer with the correct option from 0 to 3. Only provide the numeric and nothing else 


Answer: 
assistant
2",2,3,Counting
10,25.058884,32.9267,32.98897,33.383266,34.39702,36.016716,38.67282,42.00095,43.889324,46.316483,46.753437,46.43899,47.79145,47.05641,47.97746,50.728138,56.811493,63.342693,64.58937,65.84482,62.308464,58.10646,60.00484,63.351124,66.83929,70.36792,68.53242,71.14968,75.64088,80.782616,84.90201,78.18229,83.43035,82.58877,77.20109,74.76409,58.137108,All tokens,173,472,"system
You are a helpful assistant.
user
 QUESTION: Which point is closer to the camera?
OPTIONS:
0: A is closer
1: B is closer

Answer with the correct option from 0 to 1. Only provide the numeric and nothing else 


Answer: 
assistant
1",1,1,Relative Depth,"system
You are a helpful assistant.
user
 QUESTION: Which point is closer to the camera?
OPTIONS:
0: A is closer
1: B is closer

Answer with the correct option from 0 to 1. Only provide the numeric and nothing else 


Answer: 
assistant
0",0,1,Relative Depth
11,32.811684,40.779564,39.906242,40.102253,40.789505,41.580807,43.431725,45.526375,46.868534,48.382385,48.80904,48.84006,51.41207,50.434216,51.413956,55.50689,62.85149,69.96121,71.81221,73.345894,70.61077,66.871735,70.03631,74.46594,78.982216,83.37336,83.01867,85.37497,89.802124,96.328636,102.70627,100.28791,107.012276,102.83741,100.10707,92.71024,86.34263,All tokens,235,782,"system
You are a helpful assistant.
user
 QUESTION: Is the couch at the right side of the person?
OPTIONS:
0: yes
1: no

Answer with the correct option from 0 to 1. Only provide the numeric and nothing else 


Answer: 
assistant
1",1,1,Spatial Relation,"system
You are a helpful assistant.
user
 QUESTION: Is the couch at the right side of the person?
OPTIONS:
0: yes
1: no

Answer with the correct option from 0 to 1. Only provide the numeric and nothing else 


Answer: 
assistant
0",0,1,Spatial Relation
12,32.807842,42.281403,41.264,41.75044,43.137623,44.38599,46.419365,49.31621,50.674805,52.388622,52.165447,51.25484,52.772575,50.469868,51.394627,54.6331,61.85931,70.22559,71.77798,72.08248,66.51466,60.861748,63.581364,67.83428,72.74361,77.19966,76.67032,80.659256,88.78616,95.32458,102.08749,101.678825,110.1057,108.02479,106.55859,101.90495,84.27392,All tokens,139,359,"system
You are a helpful assistant.
user
 QUESTION: Which bounding box more accurately localizes and encloses the sandwich?
OPTIONS:
0: Box A
1: Box B

Answer with the correct option from 0 to 1. Only provide the numeric and nothing else 


Answer: 
assistant
1",1,1,Object Localization,"system
You are a helpful assistant.
user
 QUESTION: Which bounding box more accurately localizes and encloses the sandwich?
OPTIONS:
0: Box A
1: Box B

Answer with the correct option from 0 to 1. Only provide the numeric and nothing else 


Answer: 
assistant
0",0,1,Object Localization
13,25.10639,31.590008,31.851877,32.611187,33.510902,34.767513,36.69279,39.172592,40.873047,43.196396,43.88611,44.554783,46.62373,45.825336,46.871853,49.80863,55.578476,62.39998,64.0331,64.806526,62.0159,57.53722,58.977024,62.03282,65.4074,69.40662,68.532875,72.34677,77.60835,81.919495,85.8721,78.32812,82.9049,80.39434,74.97676,70.46567,53.098232,All tokens,22,41,"system
You are a helpful assistant.
user
 QUESTION: How many flower pots have flowers in them?
OPTIONS:
0: 5
1: 4
2: 6
3: 3

Answer with the correct option from 0 to 3. Only provide the numeric and nothing else 


Answer: 
assistant
3",3,2,Counting,"system
You are a helpful assistant.
user
 QUESTION: How many flower pots have flowers in them?
OPTIONS:
0: 5
1: 4
2: 6
3: 3

Answer with the correct option from 0 to 3. Only provide the numeric and nothing else 


Answer: 
assistant
1",1,2,Counting
14,38.909702,52.285355,50.18415,49.99744,51.45807,53.646675,56.82637,62.31152,63.65632,67.04712,65.69757,62.83876,62.321327,60.952164,62.169506,64.14397,72.0809,79.03002,80.37817,82.50406,78.76963,73.063675,76.41877,81.94367,87.03286,91.93352,91.932076,94.41445,98.81113,104.06078,108.90671,108.666595,115.03785,111.18202,110.37195,104.34555,80.63184,All tokens,151,385,"system
You are a helpful assistant.
user
 QUESTION: Which bounding box more accurately localizes and encloses the plate?
OPTIONS:
0: Box A
1: Box B

Answer with the correct option from 0 to 1. Only provide the numeric and nothing else 


Answer: 
assistant
0",0,1,Object Localization,"system
You are a helpful assistant.
user
 QUESTION: Which bounding box more accurately localizes and encloses the plate?
OPTIONS:
0: Box A
1: Box B

Answer with the correct option from 0 to 1. Only provide the numeric and nothing else 


Answer: 
assistant
1",1,1,Object Localization
15,35.90091,47.464314,46.52152,46.284534,47.932262,50.290176,53.646675,58.12397,60.649483,64.43123,64.825874,64.17201,64.12506,64.08777,63.48787,65.48774,71.54214,77.85899,79.25047,81.47784,79.92474,75.84671,78.86385,84.345245,89.35061,94.0696,92.7722,94.49692,98.1097,103.894394,107.89326,102.330345,109.7287,110.43165,108.93039,104.61686,71.19213,All tokens,108,284,"system
You are a helpful assistant.
user
 QUESTION: Which bounding box more accurately localizes and encloses the horse?
OPTIONS:
0: Box A
1: Box B

Answer with the correct option from 0 to 1. Only provide the numeric and nothing else 


Answer: 
assistant
1",1,1,Object Localization,"system
You are a helpful assistant.
user
 QUESTION: Which bounding box more accurately localizes and encloses the horse?
OPTIONS:
0: Box A
1: Box B

Answer with the correct option from 0 to 1. Only provide the numeric and nothing else 


Answer: 
assistant
0",0,1,Object Localization
16,24.918993,34.213634,33.653076,33.010815,33.961655,35.69298,38.10943,40.95275,42.993225,45.3455,44.97887,45.241467,47.121315,45.697536,47.669754,51.56885,58.06331,65.02686,67.775185,68.85949,66.16436,61.127148,63.534203,68.07166,71.68016,77.00135,75.7354,79.20019,84.179985,88.13842,92.595505,83.922676,88.32016,85.673485,76.21898,69.885826,62.22699,All tokens,8,17,"system
You are a helpful assistant.
user
 QUESTION: How many fingers are in front of the bathtub?
OPTIONS:
0: 4
1: 3
2: 2
3: 5

Answer with the correct option from 0 to 3. Only provide the numeric and nothing else 


Answer: 
assistant
2",2,1,Counting,"system
You are a helpful assistant.
user
 QUESTION: How many fingers are in front of the bathtub?
OPTIONS:
0: 4
1: 3
2: 2
3: 5

Answer with the correct option from 0 to 3. Only provide the numeric and nothing else 


Answer: 
assistant
1",1,1,Counting
17,49.699547,58.966057,57.189945,57.01359,57.62519,58.580265,59.841515,61.48082,62.040184,63.66798,63.393967,63.995575,66.35877,64.3056,65.255905,70.09646,79.59735,90.730835,94.6354,93.33714,89.02912,81.69425,84.90039,90.28628,95.94308,100.727234,102.53813,103.955,116.656975,130.09528,145.44492,157.86902,180.9412,188.63875,202.21153,184.8071,184.88661,All tokens,7,14,"system
You are a helpful assistant.
user
 QUESTION: How many people are wearing glasses?
OPTIONS:
0: 3
1: 2
2: 0
3: 1

Answer with the correct option from 0 to 3. Only provide the numeric and nothing else 


Answer: 
assistant
3",3,3,Counting,"system
You are a helpful assistant.
user
 QUESTION: How many people are wearing glasses?
OPTIONS:
0: 3
1: 2
2: 0
3: 1

Answer with the correct option from 0 to 3. Only provide the numeric and nothing else 


Answer: 
assistant
1",1,3,Counting
18,25.365358,32.364666,32.675323,33.450836,34.501743,36.032524,38.153774,41.06866,43.24687,45.779175,46.59277,46.653282,47.708187,46.90747,48.173714,51.234364,57.818657,64.468414,65.776505,65.78192,62.72772,57.580452,59.47381,62.553818,66.34355,70.57639,69.40539,73.397675,80.41075,84.620186,89.00837,80.5552,85.176414,82.21322,76.95246,73.96967,58.355278,All tokens,23,44,"system
You are a helpful assistant.
user
 QUESTION: How many motors are driving near the bus?
OPTIONS:
0: 0
1: 2
2: 3
3: 1

Answer with the correct option from 0 to 3. Only provide the numeric and nothing else 


Answer: 
assistant
0",0,0,Counting,"system
You are a helpful assistant.
user
 QUESTION: How many motors are driving near the bus?
OPTIONS:
0: 0
1: 2
2: 3
3: 1

Answer with the correct option from 0 to 3. Only provide the numeric and nothing else 


Answer: 
assistant
2",2,0,Counting
19,24.344166,31.53725,31.676874,32.283592,33.30616,34.71615,36.93953,39.67361,42.08043,44.38271,44.879295,44.63722,46.265415,45.209984,46.418327,49.955162,57.13742,64.57705,65.71138,66.47275,63.100193,58.70781,60.242996,63.44281,67.531494,72.07495,70.47911,74.14051,80.63737,84.48258,88.69988,80.01813,83.31161,78.140434,72.17026,67.78931,58.53643,All tokens,55,98,"system
You are a helpful assistant.
user
 QUESTION: How many people are driving red car front of the train?
OPTIONS:
0: 0
1: 1
2: 3
3: 2

Answer with the correct option from 0 to 3. Only provide the numeric and nothing else 


Answer: 
assistant
0",0,0,Counting,"system
You are a helpful assistant.
user
 QUESTION: How many people are driving red car front of the train?
OPTIONS:
0: 0
1: 1
2: 3
3: 2

Answer with the correct option from 0 to 3. Only provide the numeric and nothing else 


Answer: 
assistant
1",1,0,Counting
20,17.381405,24.321232,24.050781,23.986637,24.856379,26.123226,27.747755,29.981005,31.658892,34.021675,33.429443,33.607445,34.662094,32.962746,33.793274,36.35946,42.008896,50.144047,52.86731,53.590786,50.690563,46.51152,48.693714,52.255592,56.213703,61.359802,60.025387,64.9257,71.8991,76.46932,81.89512,75.74302,78.89996,77.1097,71.634125,68.37414,58.7782,All tokens,59,105,"system
You are a helpful assistant.
user
 QUESTION: How many white vertical lines are drawn on the ground?
OPTIONS:
0: 3
1: 6
2: 5
3: 4

Answer with the correct option from 0 to 3. Only provide the numeric and nothing else 


Answer: 
assistant
2",2,2,Counting,"system
You are a helpful assistant.
user
 QUESTION: How many white vertical lines are drawn on the ground?
OPTIONS:
0: 3
1: 6
2: 5
3: 4

Answer with the correct option from 0 to 3. Only provide the numeric and nothing else 


Answer: 
assistant
1",1,2,Counting
21,26.215715,41.4855,41.05372,39.98042,41.615185,43.98184,47.71822,52.7223,55.527905,59.05337,58.377735,55.664463,56.165764,54.844753,56.10685,56.023228,62.043854,68.2347,69.29282,70.34202,66.974106,61.721775,65.04581,69.55815,74.769226,79.78473,77.8838,82.26275,85.58782,88.75912,92.28585,80.13707,84.27598,82.352585,76.43197,72.77303,60.47881,All tokens,129,330,"system
You are a helpful assistant.
user
 QUESTION: Which bounding box more accurately localizes and encloses the bun?
OPTIONS:
0: Box A
1: Box B

Answer with the correct option from 0 to 1. Only provide the numeric and nothing else 


Answer: 
assistant
1",1,0,Object Localization,"system
You are a helpful assistant.
user
 QUESTION: Which bounding box more accurately localizes and encloses the bun?
OPTIONS:
0: Box A
1: Box B

Answer with the correct option from 0 to 1. Only provide the numeric and nothing else 


Answer: 
assistant
0",0,0,Object Localization
22,25.337133,35.399746,35.153004,35.416313,36.678192,38.793335,42.43973,46.303703,49.22508,52.38012,51.890106,50.72433,52.24213,50.856102,52.146507,54.59362,61.475075,68.94442,69.90506,70.39228,66.38682,61.01561,63.79266,68.71609,72.87137,76.83003,74.41611,77.38703,83.64634,88.241325,93.62081,83.8782,88.75789,87.477715,80.43603,77.18585,61.690174,All tokens,154,392,"system
You are a helpful assistant.
user
 QUESTION: Which point is closer to the camera?
OPTIONS:
0: A is closer
1: B is closer

Answer with the correct option from 0 to 1. Only provide the numeric and nothing else 


Answer: 
assistant
1",1,1,Relative Depth,"system
You are a helpful assistant.
user
 QUESTION: Which point is closer to the camera?
OPTIONS:
0: A is closer
1: B is closer

Answer with the correct option from 0 to 1. Only provide the numeric and nothing else 


Answer: 
assistant
0",0,1,Relative Depth
23,38.420696,46.38778,45.439808,45.68287,46.26315,46.86688,48.49007,51.71025,52.890076,54.547886,53.75667,53.22437,53.034702,50.91663,51.626656,54.387783,60.56914,65.94993,67.05783,67.414154,65.56463,61.57007,64.61669,69.71275,74.87305,79.921425,79.90411,83.12315,87.63757,91.07006,95.28045,91.45793,96.87402,92.26499,86.70847,85.90551,78.3944,All tokens,236,784,"system
You are a helpful assistant.
user
 QUESTION: Is the apple above the orange?
OPTIONS:
0: yes
1: no

Answer with the correct option from 0 to 1. Only provide the numeric and nothing else 


Answer: 
assistant
1",1,1,Spatial Relation,"system
You are a helpful assistant.
user
 QUESTION: Is the apple above the orange?
OPTIONS:
0: yes
1: no

Answer with the correct option from 0 to 1. Only provide the numeric and nothing else 


Answer: 
assistant
0",0,1,Spatial Relation
24,36.57039,45.44252,44.61276,45.159523,46.159763,47.316063,49.98019,52.83748,54.634167,56.889652,56.16076,55.112705,55.600822,53.99694,55.175396,58.645943,66.40293,74.50554,76.294914,76.48625,72.03919,66.561844,69.867035,74.25935,79.42193,84.14403,83.91487,87.5297,94.9395,101.65457,108.38181,106.56688,115.395454,112.73565,111.55641,105.46187,91.37777,All tokens,143,368,"system
You are a helpful assistant.
user
 QUESTION: Which bounding box more accurately localizes and encloses the bed?
OPTIONS:
0: Box A
1: Box B

Answer with the correct option from 0 to 1. Only provide the numeric and nothing else 


Answer: 
assistant
1",1,0,Object Localization,"system
You are a helpful assistant.
user
 QUESTION: Which bounding box more accurately localizes and encloses the bed?
OPTIONS:
0: Box A
1: Box B

Answer with the correct option from 0 to 1. Only provide the numeric and nothing else 


Answer: 
assistant
0",0,0,Object Localization
25,25.11109,32.94609,32.591446,32.97147,33.824978,35.253002,37.29875,40.429,42.242153,45.062813,45.08916,44.89517,46.689693,45.767525,47.278694,49.61151,55.451603,60.88747,62.677883,63.205658,60.912502,57.064262,59.002647,62.721085,67.413765,71.782875,71.06908,74.43928,78.168945,81.606346,84.58654,76.6926,79.96908,76.564926,70.772156,67.27222,51.942688,All tokens,50,92,"system
You are a helpful assistant.
user
 QUESTION: How many people are washing hand?
OPTIONS:
0: 1
1: 3
2: 2
3: 0

Answer with the correct option from 0 to 3. Only provide the numeric and nothing else 


Answer: 
assistant
3",3,3,Counting,"system
You are a helpful assistant.
user
 QUESTION: How many people are washing hand?
OPTIONS:
0: 1
1: 3
2: 2
3: 0

Answer with the correct option from 0 to 3. Only provide the numeric and nothing else 


Answer: 
assistant
2",2,3,Counting
26,62.574112,83.54038,79.01973,78.97976,81.85261,85.31323,88.264175,94.06986,95.57736,99.20325,99.93551,95.73248,92.745125,92.417694,95.28972,99.1112,111.10349,123.523575,128.90466,128.17761,129.50117,117.9581,128.92397,142.37035,156.01677,167.08014,168.01968,165.41667,170.74123,184.38364,193.78716,200.1037,211.46738,213.57945,208.17863,180.60123,144.20772,All tokens,183,606,"system
You are a helpful assistant.
user
 QUESTION: Consider the surface color (color without shading) of the two points in the image. Which one is darker, or the color is about the same?
OPTIONS:
0: A is darker
1: B is darker
2: About the same

Answer with the correct option from 0 to 2. Only provide the numeric and nothing else 


Answer: 
assistant
0",0,0,Relative Reflectance,"system
You are a helpful assistant.
user
 QUESTION: Consider the surface color (color without shading) of the two points in the image. Which one is darker, or the color is about the same?
OPTIONS:
0: A is darker
1: B is darker
2: About the same

Answer with the correct option from 0 to 2. Only provide the numeric and nothing else 


Answer: 
assistant
2",2,0,Relative Reflectance
27,21.79794,26.793808,26.923075,27.318842,27.821098,28.715197,30.211046,32.679913,34.109707,35.729507,36.4442,37.31506,39.01085,40.08618,41.544098,43.226078,47.081203,50.63182,51.9266,53.53605,53.556248,51.53865,54.48711,58.75981,63.218796,66.099754,66.04336,67.31239,71.2572,75.26279,77.760635,73.728065,80.74125,79.67653,75.55945,73.59032,61.233658,All tokens,166,445,"system
You are a helpful assistant.
user
 QUESTION: Which point is closer to the camera?
OPTIONS:
0: A is closer
1: B is closer

Answer with the correct option from 0 to 1. Only provide the numeric and nothing else 


Answer: 
assistant
1",1,1,Relative Depth,"system
You are a helpful assistant.
user
 QUESTION: Which point is closer to the camera?
OPTIONS:
0: A is closer
1: B is closer

Answer with the correct option from 0 to 1. Only provide the numeric and nothing else 


Answer: 
assistant
0",0,1,Relative Depth
28,23.197403,32.928844,32.962856,32.65024,33.8668,35.863346,38.70586,42.12326,44.5776,47.3366,47.321175,46.90329,48.53236,48.55877,50.105244,52.014393,56.920387,62.3846,63.663277,63.517426,60.446743,56.206837,58.1148,62.582436,66.697136,70.424576,69.246185,71.9322,77.08629,80.41601,84.40144,73.13436,78.61452,78.39623,73.2751,70.61198,52.196163,All tokens,179,495,"system
You are a helpful assistant.
user
 QUESTION: Which point is closer to the camera?
OPTIONS:
0: A is closer
1: B is closer

Answer with the correct option from 0 to 1. Only provide the numeric and nothing else 


Answer: 
assistant
1",1,1,Relative Depth,"system
You are a helpful assistant.
user
 QUESTION: Which point is closer to the camera?
OPTIONS:
0: A is closer
1: B is closer

Answer with the correct option from 0 to 1. Only provide the numeric and nothing else 


Answer: 
assistant
0",0,1,Relative Depth
29,35.54167,44.496864,44.250626,44.44912,45.215305,46.84867,49.013405,52.06262,53.7391,55.869537,56.384384,56.50857,56.79765,56.80483,57.51538,58.87304,65.043076,70.71198,72.57941,73.46998,71.52197,67.42177,70.907005,74.58509,79.01928,83.383865,83.303665,86.17749,88.87101,94.110245,97.9002,91.70444,96.40506,92.37773,90.59293,87.79442,63.771835,All tokens,226,761,"system
You are a helpful assistant.
user
 QUESTION: Is the teddy bear under the dog?
OPTIONS:
0: yes
1: no

Answer with the correct option from 0 to 1. Only provide the numeric and nothing else 


Answer: 
assistant
0",0,1,Spatial Relation,"system
You are a helpful assistant.
user
 QUESTION: Is the teddy bear under the dog?
OPTIONS:
0: yes
1: no

Answer with the correct option from 0 to 1. Only provide the numeric and nothing else 


Answer: 
assistant
1",1,1,Spatial Relation
30,27.139353,37.282482,36.957035,37.199924,38.35537,40.08109,42.581356,45.72674,47.737858,50.19157,51.56371,51.034107,52.834267,50.835724,51.47456,54.46611,62.954556,72.757454,73.426346,74.420364,68.8459,63.459328,66.7143,70.33032,76.180725,80.717735,78.696724,83.86987,92.29919,98.110916,104.339226,100.99584,106.286285,104.41299,100.10277,96.8787,77.43901,All tokens,107,281,"system
You are a helpful assistant.
user
 QUESTION: Which bounding box more accurately localizes and encloses the airplane?
OPTIONS:
0: Box A
1: Box B

Answer with the correct option from 0 to 1. Only provide the numeric and nothing else 


Answer: 
assistant
0",0,1,Object Localization,"system
You are a helpful assistant.
user
 QUESTION: Which bounding box more accurately localizes and encloses the airplane?
OPTIONS:
0: Box A
1: Box B

Answer with the correct option from 0 to 1. Only provide the numeric and nothing else 


Answer: 
assistant
1",1,1,Object Localization
31,23.911432,30.319876,29.547869,29.930016,30.76231,31.787127,33.465736,35.624825,37.876846,40.0224,39.766937,39.67834,41.230793,40.217262,41.913876,45.456028,51.81534,58.28164,59.89972,60.378418,57.95341,53.804035,55.225723,58.47658,62.424145,66.433846,65.27309,69.05517,74.62953,79.25834,84.03889,78.56205,83.286705,79.81094,73.96233,70.463844,64.21747,All tokens,56,99,"system
You are a helpful assistant.
user
 QUESTION: How many white fridges are there in the image ?
OPTIONS:
0: 3
1: 2
2: 0
3: 1

Answer with the correct option from 0 to 3. Only provide the numeric and nothing else 


Answer: 
assistant
3",3,3,Counting,"system
You are a helpful assistant.
user
 QUESTION: How many white fridges are there in the image ?
OPTIONS:
0: 3
1: 2
2: 0
3: 1

Answer with the correct option from 0 to 3. Only provide the numeric and nothing else 


Answer: 
assistant
2",2,3,Counting
32,31.97632,43.90372,42.89836,42.14011,43.390274,45.451054,48.63058,52.681805,54.288517,57.013645,55.82041,54.776516,54.830063,52.046547,52.621033,56.82174,66.70617,77.75392,79.56873,81.2042,76.31797,69.83256,73.23357,78.6807,83.96763,88.999245,86.571396,90.62603,98.30184,104.28794,111.028755,107.57285,110.29334,109.09257,104.354095,99.448586,81.769745,All tokens,114,296,"system
You are a helpful assistant.
user
 QUESTION: Which bounding box more accurately localizes and encloses the airplane?
OPTIONS:
0: Box A
1: Box B

Answer with the correct option from 0 to 1. Only provide the numeric and nothing else 


Answer: 
assistant
1",1,0,Object Localization,"system
You are a helpful assistant.
user
 QUESTION: Which bounding box more accurately localizes and encloses the airplane?
OPTIONS:
0: Box A
1: Box B

Answer with the correct option from 0 to 1. Only provide the numeric and nothing else 


Answer: 
assistant
0",0,0,Object Localization
33,22.382593,33.01636,32.616814,32.321148,33.470753,35.140343,38.014454,41.344448,43.462025,46.03436,45.592278,44.158337,45.735638,43.849243,45.308735,48.250427,55.1084,63.73742,65.06265,66.97609,62.33116,57.462643,59.849876,63.303318,67.67648,72.04781,69.70043,75.50949,82.60673,87.22089,92.95539,82.393,88.71346,88.52922,83.31769,79.35742,65.279526,All tokens,150,384,"system
You are a helpful assistant.
user
 QUESTION: Which bounding box more accurately localizes and encloses the refrigerator?
OPTIONS:
0: Box A
1: Box B

Answer with the correct option from 0 to 1. Only provide the numeric and nothing else 


Answer: 
assistant
1",1,0,Object Localization,"system
You are a helpful assistant.
user
 QUESTION: Which bounding box more accurately localizes and encloses the refrigerator?
OPTIONS:
0: Box A
1: Box B

Answer with the correct option from 0 to 1. Only provide the numeric and nothing else 


Answer: 
assistant
0",0,0,Object Localization
34,4.1504292,29.503237,31.19692,12.713398,12.977637,14.776781,17.429665,20.289967,22.947777,25.185358,26.45507,26.416622,27.45114,27.566357,29.094883,29.916603,31.926542,32.528683,33.9895,35.266716,35.697693,35.362686,36.89995,37.57251,39.43445,40.577118,41.843304,42.988235,44.037315,43.780285,45.68605,25.082554,27.9778,31.103361,28.839928,28.226822,25.816967,All tokens,71,125,"system
You are a helpful assistant.
user
 QUESTION: Which one picture follows the same pattern or rule established by the previous pictures?
OPTIONS:
0: Picture A
1: Picture B
2: Picture C
3: Picture D

Answer with the correct option from 0 to 3. Only provide the numeric and nothing else 


Answer: 
assistant
1",1,3,IQ Test,"system
You are a helpful assistant.
user
 QUESTION: Which one picture follows the same pattern or rule established by the previous pictures?
OPTIONS:
0: Picture A
1: Picture B
2: Picture C
3: Picture D

Answer with the correct option from 0 to 3. Only provide the numeric and nothing else 


Answer: 
assistant
2",2,3,IQ Test
35,26.116283,33.455326,33.477993,34.073204,35.08007,36.473606,38.64954,41.792866,43.69985,46.367012,46.267696,46.10877,47.759956,46.692497,47.681087,50.774807,57.64286,64.8085,66.71902,67.36939,64.135735,59.784245,61.373474,64.24982,67.65149,71.81125,70.48774,73.99584,78.836105,83.167015,88.1773,82.29523,86.13152,84.11478,79.33748,75.219376,55.85483,All tokens,1,2,"system
You are a helpful assistant.
user
 QUESTION: How many tvs are hung up on the wall?
OPTIONS:
0: 1
1: 0
2: 2
3: 3

Answer with the correct option from 0 to 3. Only provide the numeric and nothing else 


Answer: 
assistant
0",0,1,Counting,"system
You are a helpful assistant.
user
 QUESTION: How many tvs are hung up on the wall?
OPTIONS:
0: 1
1: 0
2: 2
3: 3

Answer with the correct option from 0 to 3. Only provide the numeric and nothing else 


Answer: 
assistant
1",1,1,Counting
36,38.17652,48.949024,47.433826,47.52715,48.494476,49.622234,51.659348,55.15909,56.66775,59.29804,59.07762,57.824448,58.34598,58.162983,58.443195,61.054085,68.40479,76.06217,77.78923,79.162025,75.70334,70.442375,74.10068,80.155945,85.6538,90.9054,90.068184,94.47173,99.2828,106.32501,113.14596,109.81642,118.775375,118.64331,113.772354,108.70391,85.68553,All tokens,194,666,"system
You are a helpful assistant.
user
 QUESTION: Is the laptop facing the chair?
OPTIONS:
0: yes
1: no

Answer with the correct option from 0 to 1. Only provide the numeric and nothing else 


Answer: 
assistant
1",1,0,Spatial Relation,"system
You are a helpful assistant.
user
 QUESTION: Is the laptop facing the chair?
OPTIONS:
0: yes
1: no

Answer with the correct option from 0 to 1. Only provide the numeric and nothing else 


Answer: 
assistant
0",0,0,Spatial Relation
37,27.152014,38.33935,38.10225,37.6884,39.04839,41.563007,45.66563,49.790775,52.66417,57.04217,57.4177,57.155243,58.600796,57.178192,58.65061,62.193977,68.79343,75.47284,77.471146,77.70537,74.30069,68.90981,71.89958,76.442245,80.45647,85.17085,83.60825,87.279175,91.62847,93.894775,98.51234,89.89698,95.69758,94.56689,89.13498,83.70319,52.679165,All tokens,40,73,"system
You are a helpful assistant.
user
 QUESTION: How many of the glasses are empty?
OPTIONS:
0: 0
1: 2
2: 3
3: 1

Answer with the correct option from 0 to 3. Only provide the numeric and nothing else 


Answer: 
assistant
0",0,3,Counting,"system
You are a helpful assistant.
user
 QUESTION: How many of the glasses are empty?
OPTIONS:
0: 0
1: 2
2: 3
3: 1

Answer with the correct option from 0 to 3. Only provide the numeric and nothing else 


Answer: 
assistant
2",2,3,Counting
38,21.959772,30.34217,30.327446,30.28849,31.329819,32.990772,35.448803,38.738663,41.035706,43.539154,44.49383,43.804794,45.489017,44.70115,45.973038,47.263668,51.533688,56.31455,56.853523,57.993523,56.237537,52.60313,55.89219,59.912323,63.8705,67.39651,66.44876,67.58242,70.57058,74.8254,77.461426,69.62973,74.361336,72.45776,66.65831,64.51691,50.141087,All tokens,178,492,"system
You are a helpful assistant.
user
 QUESTION: Which point is closer to the camera?
OPTIONS:
0: A is closer
1: B is closer

Answer with the correct option from 0 to 1. Only provide the numeric and nothing else 


Answer: 
assistant
1",1,1,Relative Depth,"system
You are a helpful assistant.
user
 QUESTION: Which point is closer to the camera?
OPTIONS:
0: A is closer
1: B is closer

Answer with the correct option from 0 to 1. Only provide the numeric and nothing else 


Answer: 
assistant
0",0,1,Relative Depth
39,37.738922,47.180832,46.824665,46.77812,47.879395,48.840275,50.527527,52.886734,54.312725,55.84378,56.1542,56.2366,58.238968,56.749165,57.653996,60.86657,67.94927,76.27705,77.20986,79.07827,74.34726,69.29444,73.18066,78.57966,83.63664,88.44622,88.02855,91.5524,97.867195,104.87139,111.64178,110.935616,120.27659,117.57098,112.39121,106.92068,92.24233,All tokens,223,756,"system
You are a helpful assistant.
user
 QUESTION: Is the sandwich touching the person?
OPTIONS:
0: yes
1: no

Answer with the correct option from 0 to 1. Only provide the numeric and nothing else 


Answer: 
assistant
0",0,0,Spatial Relation,"system
You are a helpful assistant.
user
 QUESTION: Is the sandwich touching the person?
OPTIONS:
0: yes
1: no

Answer with the correct option from 0 to 1. Only provide the numeric and nothing else 


Answer: 
assistant
1",1,0,Spatial Relation
40,56.30316,65.90339,64.65805,65.605156,66.09203,67.113815,70.3058,74.034134,76.1076,81.3009,86.936874,88.33803,81.698105,79.24817,77.80822,78.23566,88.51503,94.38564,99.18121,103.47375,112.27574,106.28156,118.3109,129.47005,138.2191,145.80426,152.19342,147.9924,145.68076,150.98541,156.93428,161.21962,154.87868,156.63516,153.44043,136.1843,139.93718,All tokens,87,221,"system
You are a helpful assistant.
user
 QUESTION: Which one picture can be folded from the outer surface displayed on the left?
OPTIONS:
0: Picture A
1: Picture B
2: Picture C
3: Picture D

Answer with the correct option from 0 to 3. Only provide the numeric and nothing else 


Answer: 
assistant
0",0,3,IQ Test,"system
You are a helpful assistant.
user
 QUESTION: Which one picture can be folded from the outer surface displayed on the left?
OPTIONS:
0: Picture A
1: Picture B
2: Picture C
3: Picture D

Answer with the correct option from 0 to 3. Only provide the numeric and nothing else 


Answer: 
assistant
2",2,3,IQ Test
41,34.376575,42.980682,42.331493,42.451794,43.23913,44.26654,46.12426,48.57154,49.885635,51.75065,50.86408,50.936497,52.931187,50.953365,52.33631,56.833656,64.64705,73.572556,75.63738,76.078354,71.50591,65.55153,67.60198,72.57907,77.00366,81.47586,80.23403,84.59586,93.94986,101.598076,110.161575,109.13259,119.46595,119.562325,115.424,112.163734,91.002686,All tokens,204,694,"system
You are a helpful assistant.
user
 QUESTION: Is the microwave above the laptop?
OPTIONS:
0: yes
1: no

Answer with the correct option from 0 to 1. Only provide the numeric and nothing else 


Answer: 
assistant
0",0,1,Spatial Relation,"system
You are a helpful assistant.
user
 QUESTION: Is the microwave above the laptop?
OPTIONS:
0: yes
1: no

Answer with the correct option from 0 to 1. Only provide the numeric and nothing else 


Answer: 
assistant
1",1,1,Spatial Relation
42,15.5943165,22.241184,22.835342,23.519295,24.503408,26.063961,28.215237,31.003988,33.12177,36.159122,36.381527,35.747833,36.92132,36.41775,36.821285,38.71488,43.553772,49.056675,49.88191,50.624763,47.866116,43.794003,46.020313,48.52553,52.074474,55.891415,53.36614,57.15505,62.02791,64.91601,68.65864,52.736496,56.13599,53.694542,48.173367,45.1471,33.057274,All tokens,39,71,"system
You are a helpful assistant.
user
 QUESTION: How many purple planes are there?
OPTIONS:
0: 1
1: 2
2: 0
3: 3

Answer with the correct option from 0 to 3. Only provide the numeric and nothing else 


Answer: 
assistant
2",2,2,Counting,"system
You are a helpful assistant.
user
 QUESTION: How many purple planes are there?
OPTIONS:
0: 1
1: 2
2: 0
3: 3

Answer with the correct option from 0 to 3. Only provide the numeric and nothing else 


Answer: 
assistant
0",0,2,Counting
43,37.04048,45.251266,44.594746,44.946854,45.852715,46.858185,48.711655,51.0086,52.70301,54.566826,54.325886,53.460144,54.805126,52.011166,53.531593,57.143063,64.92217,72.86355,74.83029,74.71544,69.70292,64.77035,67.40413,71.42439,75.906555,80.55789,80.01637,83.80759,92.99014,99.44874,106.29546,106.10931,115.9421,114.86919,116.101974,114.54374,92.87923,All tokens,219,743,"system
You are a helpful assistant.
user
 QUESTION: Is the donut inside the bowl?
OPTIONS:
0: yes
1: no

Answer with the correct option from 0 to 1. Only provide the numeric and nothing else 


Answer: 
assistant
1",1,1,Spatial Relation,"system
You are a helpful assistant.
user
 QUESTION: Is the donut inside the bowl?
OPTIONS:
0: yes
1: no

Answer with the correct option from 0 to 1. Only provide the numeric and nothing else 


Answer: 
assistant
0",0,1,Spatial Relation
44,57.33953,69.72,68.64924,69.908424,70.71002,72.00976,74.9432,78.146286,81.45853,83.28313,86.930954,87.24643,82.2558,70.38594,69.247406,67.91063,72.24128,76.88072,80.50828,85.56836,92.72869,89.17881,96.28805,102.30244,109.01779,114.480515,119.23012,118.58437,115.13158,125.202774,128.85448,132.04358,136.68459,138.9111,139.19594,125.07973,115.48512,All tokens,86,213,"system
You are a helpful assistant.
user
 QUESTION: Which one picture follows the same pattern or rule established by the previous pictures?
OPTIONS:
0: Picture A
1: Picture B
2: Picture C
3: Picture D

Answer with the correct option from 0 to 3. Only provide the numeric and nothing else 


Answer: 
assistant
3",3,1,IQ Test,"system
You are a helpful assistant.
user
 QUESTION: Which one picture follows the same pattern or rule established by the previous pictures?
OPTIONS:
0: Picture A
1: Picture B
2: Picture C
3: Picture D

Answer with the correct option from 0 to 3. Only provide the numeric and nothing else 


Answer: 
assistant
2",2,1,IQ Test
45,38.695656,47.850704,46.73075,46.785522,47.608337,48.948467,51.045097,54.88546,56.61859,59.285152,59.39247,58.457047,58.315773,56.739616,58.181652,60.268887,67.327675,74.15649,76.40296,77.01431,74.06373,69.84895,72.96828,78.17375,82.898285,87.155,87.50107,89.301926,93.668365,99.27589,105.08318,105.725716,112.24881,110.65941,109.665504,104.35634,91.71792,All tokens,229,768,"system
You are a helpful assistant.
user
 QUESTION: Is the dining table away from the potted plant?
OPTIONS:
0: yes
1: no

Answer with the correct option from 0 to 1. Only provide the numeric and nothing else 


Answer: 
assistant
1",1,1,Spatial Relation,"system
You are a helpful assistant.
user
 QUESTION: Is the dining table away from the potted plant?
OPTIONS:
0: yes
1: no

Answer with the correct option from 0 to 1. Only provide the numeric and nothing else 


Answer: 
assistant
0",0,1,Spatial Relation
46,39.28056,48.340343,47.70072,47.55847,48.35188,49.675854,51.44257,53.577675,54.859795,56.51466,55.958565,55.50069,56.810738,54.271618,55.548885,60.196014,69.35577,80.10703,83.48225,83.54127,79.09856,72.38173,76.33323,82.20498,88.30707,93.19688,93.02031,96.60044,107.45709,116.43596,126.97938,129.85178,141.27602,143.6775,141.64499,130.48456,118.45225,All tokens,220,746,"system
You are a helpful assistant.
user
 QUESTION: Is the bicycle in front of the umbrella?
OPTIONS:
0: yes
1: no

Answer with the correct option from 0 to 1. Only provide the numeric and nothing else 


Answer: 
assistant
1",1,0,Spatial Relation,"system
You are a helpful assistant.
user
 QUESTION: Is the bicycle in front of the umbrella?
OPTIONS:
0: yes
1: no

Answer with the correct option from 0 to 1. Only provide the numeric and nothing else 


Answer: 
assistant
0",0,0,Spatial Relation
47,11.969859,29.032671,30.256754,24.579344,25.180387,27.70367,30.687248,34.264416,36.909355,39.291008,40.457172,40.98653,41.69623,41.839943,43.835644,44.472282,46.756645,48.030758,49.873386,51.506298,53.135933,52.088593,54.596638,57.361843,59.590588,60.55435,62.481625,63.245785,62.4482,64.295204,63.598194,46.132446,49.247314,49.186275,44.404907,41.719322,36.248547,All tokens,97,261,"system
You are a helpful assistant.
user
 QUESTION: Which one picture can be folded from the outer surface displayed on the left?
OPTIONS:
0: Picture A
1: Picture B
2: Picture C
3: Picture D

Answer with the correct option from 0 to 3. Only provide the numeric and nothing else 


Answer: 
assistant
0",0,1,IQ Test,"system
You are a helpful assistant.
user
 QUESTION: Which one picture can be folded from the outer surface displayed on the left?
OPTIONS:
0: Picture A
1: Picture B
2: Picture C
3: Picture D

Answer with the correct option from 0 to 3. Only provide the numeric and nothing else 


Answer: 
assistant
1",1,1,IQ Test
48,22.398645,27.909332,28.45358,29.140676,29.928175,31.918144,33.885853,36.62151,38.664894,41.287636,42.96272,43.42525,46.399937,46.465374,47.974052,50.664417,55.579987,60.137085,61.25153,62.37505,60.864307,56.60774,58.423573,61.641773,64.855835,68.00068,67.09359,69.00675,73.067825,77.00139,80.44861,73.31502,76.42755,74.073235,68.74113,63.993805,47.262848,All tokens,24,45,"system
You are a helpful assistant.
user
 QUESTION: How many blue circles are on this building?
OPTIONS:
0: 0
1: 3
2: 2
3: 1

Answer with the correct option from 0 to 3. Only provide the numeric and nothing else 


Answer: 
assistant
3",3,3,Counting,"system
You are a helpful assistant.
user
 QUESTION: How many blue circles are on this building?
OPTIONS:
0: 0
1: 3
2: 2
3: 1

Answer with the correct option from 0 to 3. Only provide the numeric and nothing else 


Answer: 
assistant
2",2,3,Counting
49,10.92533,33.173946,34.35152,25.101276,25.859865,28.733488,31.879414,34.886776,37.909416,40.406803,41.29898,41.34843,41.842873,41.449974,42.988327,43.288895,45.129753,46.76876,48.34234,49.623535,50.768112,49.36079,51.652428,53.53379,55.788555,56.30639,57.62519,59.07046,58.422375,60.038754,60.462574,41.980755,45.354797,46.767834,40.799404,37.081078,35.315754,All tokens,91,234,"system
You are a helpful assistant.
user
 QUESTION: Which one picture follows the same pattern or rule established by the previous pictures?
OPTIONS:
0: Picture A
1: Picture B
2: Picture C
3: Picture D

Answer with the correct option from 0 to 3. Only provide the numeric and nothing else 


Answer: 
assistant
1",1,2,IQ Test,"system
You are a helpful assistant.
user
 QUESTION: Which one picture follows the same pattern or rule established by the previous pictures?
OPTIONS:
0: Picture A
1: Picture B
2: Picture C
3: Picture D

Answer with the correct option from 0 to 3. Only provide the numeric and nothing else 


Answer: 
assistant
2",2,2,IQ Test
0,36.647125,39.769154,39.37467,39.829117,40.40011,41.186993,42.837643,44.88045,45.453915,46.291683,46.60141,46.1524,46.21625,45.60131,46.168312,46.830074,50.623013,54.83302,54.939556,55.57127,53.43778,52.238155,53.631966,56.409447,59.22457,61.390774,61.840206,63.89111,66.53821,68.885994,70.92753,73.12485,75.942505,76.81099,79.076195,78.56107,60.218204,Img tokens,163,430,"system
You are a helpful assistant.
user
 QUESTION: Which point is closer to the camera?
OPTIONS:
0: A is closer
1: B is closer

Answer with the correct option from 0 to 1. Only provide the numeric and nothing else 


Answer: 
assistant
1",1,1,Relative Depth,"system
You are a helpful assistant.
user
 QUESTION: Which point is closer to the camera?
OPTIONS:
0: A is closer
1: B is closer

Answer with the correct option from 0 to 1. Only provide the numeric and nothing else 


Answer: 
assistant
0",0,1,Relative Depth
1,44.091164,46.71791,46.238647,46.545845,46.65089,47.389954,47.597378,48.046623,47.76797,47.986626,47.715885,48.099365,48.41615,46.776257,47.37507,48.503056,51.683693,54.84719,56.037014,55.897625,54.834606,53.52899,54.14821,55.864235,57.565758,58.84693,59.869827,61.793747,64.43205,68.13977,71.37901,74.4286,78.63409,80.10154,86.52769,88.395035,73.72417,Img tokens,28,49,"system
You are a helpful assistant.
user
 QUESTION: How many blue towels are in the picture?
OPTIONS:
0: 3
1: 0
2: 2
3: 1

Answer with the correct option from 0 to 3. Only provide the numeric and nothing else 


Answer: 
assistant
3",3,3,Counting,"system
You are a helpful assistant.
user
 QUESTION: How many blue towels are in the picture?
OPTIONS:
0: 3
1: 0
2: 2
3: 1

Answer with the correct option from 0 to 3. Only provide the numeric and nothing else 


Answer: 
assistant
0",0,3,Counting
2,37.038727,40.04481,39.274895,39.45619,39.617558,39.651844,40.344208,41.081734,40.928898,41.234085,40.486717,40.619827,40.644745,39.23098,39.79968,41.01256,45.175842,49.18971,51.027355,51.05605,49.320248,47.691807,48.896503,51.697567,53.74497,55.91519,56.13152,58.972748,61.21941,64.389915,68.08631,71.57434,76.69117,77.13989,79.61215,79.53934,57.588276,Img tokens,6,10,"system
You are a helpful assistant.
user
 QUESTION: How many people are eating food?
OPTIONS:
0: 1
1: 0
2: 3
3: 2

Answer with the correct option from 0 to 3. Only provide the numeric and nothing else 


Answer: 
assistant
0",0,1,Counting,"system
You are a helpful assistant.
user
 QUESTION: How many people are eating food?
OPTIONS:
0: 1
1: 0
2: 3
3: 2

Answer with the correct option from 0 to 3. Only provide the numeric and nothing else 


Answer: 
assistant
1",1,1,Counting
3,53.381157,57.743332,56.925003,57.165165,57.293175,57.53889,57.98191,58.78832,58.480988,58.708817,59.09368,59.212147,59.437263,57.557224,57.471138,59.374687,63.744385,68.709236,70.79862,70.24981,68.73021,65.46285,67.17049,70.5765,73.5532,75.91376,77.31058,78.76043,84.18444,90.35497,97.648026,104.600204,115.80181,120.271706,129.45523,127.8238,104.10779,Img tokens,189,657,"system
You are a helpful assistant.
user
 QUESTION: Is the laptop touching the person?
OPTIONS:
0: yes
1: no

Answer with the correct option from 0 to 1. Only provide the numeric and nothing else 


Answer: 
assistant
0",0,0,Spatial Relation,"system
You are a helpful assistant.
user
 QUESTION: Is the laptop touching the person?
OPTIONS:
0: yes
1: no

Answer with the correct option from 0 to 1. Only provide the numeric and nothing else 


Answer: 
assistant
1",1,0,Spatial Relation
4,13.96168,15.216802,15.057976,15.184938,15.510062,15.967167,16.476513,17.208921,17.518578,18.119312,18.409407,18.71954,18.633532,18.507198,18.760057,18.928253,19.529652,20.55233,20.797295,21.684727,22.496012,22.141867,22.687946,23.30824,23.952997,24.116438,24.323511,24.455906,23.396143,24.082436,24.345528,24.943428,24.597197,24.22688,24.472063,24.64248,23.122324,Img tokens,70,124,"system
You are a helpful assistant.
user
 QUESTION: Which one picture can be folded from the outer surface displayed on the left?
OPTIONS:
0: Picture A
1: Picture B
2: Picture C
3: Picture D

Answer with the correct option from 0 to 3. Only provide the numeric and nothing else 


Answer: 
assistant
0",0,0,IQ Test,"system
You are a helpful assistant.
user
 QUESTION: Which one picture can be folded from the outer surface displayed on the left?
OPTIONS:
0: Picture A
1: Picture B
2: Picture C
3: Picture D

Answer with the correct option from 0 to 3. Only provide the numeric and nothing else 


Answer: 
assistant
2",2,0,IQ Test
5,42.79447,44.830753,44.420143,44.73819,44.752453,44.805237,44.92503,45.961292,45.37679,46.16305,46.157097,46.54019,47.026737,45.72439,45.790398,46.93117,49.801365,52.7999,53.56345,53.56202,52.748817,51.971676,52.829243,55.125828,57.170834,58.90825,60.122925,61.343395,63.166397,66.36463,68.5587,70.77796,73.78652,73.10382,74.43747,74.39358,60.249283,Img tokens,62,113,"system
You are a helpful assistant.
user
 QUESTION: How many people are standing near the right of the giraffe ?
OPTIONS:
0: 0
1: 1
2: 2
3: 3

Answer with the correct option from 0 to 3. Only provide the numeric and nothing else 


Answer: 
assistant
0",0,0,Counting,"system
You are a helpful assistant.
user
 QUESTION: How many people are standing near the right of the giraffe ?
OPTIONS:
0: 0
1: 1
2: 2
3: 3

Answer with the correct option from 0 to 3. Only provide the numeric and nothing else 


Answer: 
assistant
1",1,0,Counting
6,46.3107,48.68115,48.66882,48.65346,48.71341,48.615925,48.69215,49.36594,49.175648,49.142963,48.500904,48.854153,48.525925,47.102795,47.59529,48.4527,52.442596,56.662292,58.04058,58.07704,56.119423,54.91374,55.844368,57.83316,59.425926,60.497673,61.402367,62.919056,65.06576,70.05766,73.248344,76.088295,80.73956,82.7822,88.24439,89.0411,67.93628,Img tokens,57,101,"system
You are a helpful assistant.
user
 QUESTION: How many people are wearing blue shirt?
OPTIONS:
0: 2
1: 4
2: 3
3: 1

Answer with the correct option from 0 to 3. Only provide the numeric and nothing else 


Answer: 
assistant
1",1,0,Counting,"system
You are a helpful assistant.
user
 QUESTION: How many people are wearing blue shirt?
OPTIONS:
0: 2
1: 4
2: 3
3: 1

Answer with the correct option from 0 to 3. Only provide the numeric and nothing else 


Answer: 
assistant
2",2,0,Counting
7,47.59174,49.61957,49.856213,50.061573,50.971138,51.066483,51.083908,51.35818,50.99617,50.88158,50.985897,50.86572,50.53374,48.974754,49.441433,50.36125,52.229683,54.148712,55.418873,54.37234,53.355614,50.698624,51.098537,52.381317,53.595272,54.668983,55.377007,55.781452,60.03861,63.312767,67.75431,73.538055,80.57664,82.192955,90.07208,92.57313,74.0483,Img tokens,35,59,"system
You are a helpful assistant.
user
 QUESTION: How many plates are holding sandwiches?
OPTIONS:
0: 2
1: 4
2: 5
3: 3

Answer with the correct option from 0 to 3. Only provide the numeric and nothing else 


Answer: 
assistant
3",3,3,Counting,"system
You are a helpful assistant.
user
 QUESTION: How many plates are holding sandwiches?
OPTIONS:
0: 2
1: 4
2: 5
3: 3

Answer with the correct option from 0 to 3. Only provide the numeric and nothing else 


Answer: 
assistant
2",2,3,Counting
8,50.933872,54.378963,54.126217,54.625385,54.838924,55.22462,55.629276,56.181625,56.46117,56.464993,56.46327,56.790936,57.00522,54.742493,55.317097,58.02708,63.000626,67.76633,69.494576,69.527916,66.86629,63.08642,64.66348,67.62307,70.15387,72.67801,73.893875,75.938774,82.3952,88.8374,95.1614,100.9892,108.945305,112.00613,121.01299,119.2722,99.78776,Img tokens,188,653,"system
You are a helpful assistant.
user
 QUESTION: Is the bicycle on the bus?
OPTIONS:
0: yes
1: no

Answer with the correct option from 0 to 1. Only provide the numeric and nothing else 


Answer: 
assistant
0",0,0,Spatial Relation,"system
You are a helpful assistant.
user
 QUESTION: Is the bicycle on the bus?
OPTIONS:
0: yes
1: no

Answer with the correct option from 0 to 1. Only provide the numeric and nothing else 


Answer: 
assistant
1",1,0,Spatial Relation
9,47.361324,49.058407,49.349705,49.43359,49.570934,49.792133,49.73689,49.873287,49.354893,49.257298,48.822056,48.327393,47.95834,46.21719,46.01982,46.54228,48.528282,51.25056,52.16778,51.510803,49.995068,47.83966,48.173527,49.41741,50.969696,51.828915,52.539036,53.925262,56.785248,60.59817,63.785885,68.60399,73.94216,74.95174,83.03343,86.189285,69.62336,Img tokens,26,47,"system
You are a helpful assistant.
user
 QUESTION: How many toilets have lids?
OPTIONS:
0: 4
1: 1
2: 3
3: 2

Answer with the correct option from 0 to 3. Only provide the numeric and nothing else 


Answer: 
assistant
1",1,3,Counting,"system
You are a helpful assistant.
user
 QUESTION: How many toilets have lids?
OPTIONS:
0: 4
1: 1
2: 3
3: 2

Answer with the correct option from 0 to 3. Only provide the numeric and nothing else 


Answer: 
assistant
2",2,3,Counting
10,39.579937,42.308327,42.401794,42.520473,42.771397,43.029343,43.901398,44.96714,44.88449,45.21119,45.24163,45.590168,46.152477,45.30651,45.89921,46.709023,50.748894,54.508343,55.278282,55.95264,53.751247,52.5209,53.614494,55.38709,57.00875,58.224693,58.263107,59.898354,61.12493,65.14687,66.87598,68.40241,72.76234,73.01418,76.85605,79.31214,60.185055,Img tokens,173,472,"system
You are a helpful assistant.
user
 QUESTION: Which point is closer to the camera?
OPTIONS:
0: A is closer
1: B is closer

Answer with the correct option from 0 to 1. Only provide the numeric and nothing else 


Answer: 
assistant
1",1,1,Relative Depth,"system
You are a helpful assistant.
user
 QUESTION: Which point is closer to the camera?
OPTIONS:
0: A is closer
1: B is closer

Answer with the correct option from 0 to 1. Only provide the numeric and nothing else 


Answer: 
assistant
0",0,1,Relative Depth
11,41.562996,45.087173,44.10598,44.18336,44.247643,43.945663,44.427483,44.819115,44.82076,44.83538,44.973885,45.19286,46.688316,45.762833,46.088703,48.22274,53.125965,57.932583,59.627743,60.88776,59.724808,58.137302,60.13878,63.352512,66.64378,69.50736,70.97351,72.28928,74.21992,79.9058,84.82622,88.57212,95.6858,93.88153,98.42036,93.67372,87.14332,Img tokens,235,782,"system
You are a helpful assistant.
user
 QUESTION: Is the couch at the right side of the person?
OPTIONS:
0: yes
1: no

Answer with the correct option from 0 to 1. Only provide the numeric and nothing else 


Answer: 
assistant
1",1,1,Spatial Relation,"system
You are a helpful assistant.
user
 QUESTION: Is the couch at the right side of the person?
OPTIONS:
0: yes
1: no

Answer with the correct option from 0 to 1. Only provide the numeric and nothing else 


Answer: 
assistant
0",0,1,Spatial Relation
12,44.74756,49.074047,47.94503,48.091785,48.74387,48.752888,48.902096,49.54017,49.262627,49.34448,49.19296,48.952843,49.79276,47.848923,48.271416,50.231888,54.71721,59.51006,60.868336,60.808807,57.61843,54.38646,56.18958,58.940758,62.048058,64.44469,65.80022,67.86645,73.06681,78.82378,84.71978,91.438225,100.64419,101.27299,109.88693,108.58646,85.16565,Img tokens,139,359,"system
You are a helpful assistant.
user
 QUESTION: Which bounding box more accurately localizes and encloses the sandwich?
OPTIONS:
0: Box A
1: Box B

Answer with the correct option from 0 to 1. Only provide the numeric and nothing else 


Answer: 
assistant
1",1,1,Object Localization,"system
You are a helpful assistant.
user
 QUESTION: Which bounding box more accurately localizes and encloses the sandwich?
OPTIONS:
0: Box A
1: Box B

Answer with the correct option from 0 to 1. Only provide the numeric and nothing else 


Answer: 
assistant
0",0,1,Object Localization
13,44.562122,46.482105,46.63233,46.791237,46.866344,46.954002,47.173767,47.602688,47.33485,47.73101,47.617958,48.432163,49.089634,48.32086,48.53408,49.344826,51.491127,53.849262,54.929157,55.11897,54.64162,53.568356,54.15929,55.77733,57.16097,58.10696,59.097115,60.33329,62.894215,66.629616,69.130745,72.014496,76.06823,76.099365,80.54898,82.36675,64.81344,Img tokens,22,41,"system
You are a helpful assistant.
user
 QUESTION: How many flower pots have flowers in them?
OPTIONS:
0: 5
1: 4
2: 6
3: 3

Answer with the correct option from 0 to 3. Only provide the numeric and nothing else 


Answer: 
assistant
3",3,2,Counting,"system
You are a helpful assistant.
user
 QUESTION: How many flower pots have flowers in them?
OPTIONS:
0: 5
1: 4
2: 6
3: 3

Answer with the correct option from 0 to 3. Only provide the numeric and nothing else 


Answer: 
assistant
1",1,2,Counting
14,47.616016,53.368477,51.040943,51.120308,51.432884,51.94291,52.992626,55.973186,55.70341,57.2979,56.1932,54.444805,53.474194,52.104603,52.698032,53.69979,59.774094,64.81076,66.06251,68.18053,65.81455,62.628407,65.16362,69.497154,73.240074,76.796745,78.08899,79.60077,82.579155,87.46803,91.53502,96.63177,102.63429,100.29795,105.59295,102.68163,79.03111,Img tokens,151,385,"system
You are a helpful assistant.
user
 QUESTION: Which bounding box more accurately localizes and encloses the plate?
OPTIONS:
0: Box A
1: Box B

Answer with the correct option from 0 to 1. Only provide the numeric and nothing else 


Answer: 
assistant
0",0,1,Object Localization,"system
You are a helpful assistant.
user
 QUESTION: Which bounding box more accurately localizes and encloses the plate?
OPTIONS:
0: Box A
1: Box B

Answer with the correct option from 0 to 1. Only provide the numeric and nothing else 


Answer: 
assistant
1",1,1,Object Localization
15,49.537357,54.351955,53.029144,53.24465,53.970314,54.326557,55.256752,56.697018,56.979454,58.277695,58.43182,58.74567,58.58155,58.74606,57.425037,58.274414,62.129646,66.3914,67.059784,68.935936,67.66545,66.14373,68.449295,72.47283,76.01728,78.59285,78.89349,80.169205,81.630356,86.27761,88.427124,89.6948,95.77052,97.30815,103.952324,104.89164,66.73407,Img tokens,108,284,"system
You are a helpful assistant.
user
 QUESTION: Which bounding box more accurately localizes and encloses the horse?
OPTIONS:
0: Box A
1: Box B

Answer with the correct option from 0 to 1. Only provide the numeric and nothing else 


Answer: 
assistant
1",1,1,Object Localization,"system
You are a helpful assistant.
user
 QUESTION: Which bounding box more accurately localizes and encloses the horse?
OPTIONS:
0: Box A
1: Box B

Answer with the correct option from 0 to 1. Only provide the numeric and nothing else 


Answer: 
assistant
0",0,1,Object Localization
16,38.328136,41.736286,40.81256,40.73704,40.739372,41.077316,41.62693,42.16853,42.06315,42.28446,42.001106,42.9673,43.86164,42.235443,43.569042,45.291237,48.739166,52.59146,54.608093,55.624134,54.21807,53.021664,54.124176,56.96598,58.97328,61.05024,61.467075,63.334602,65.95989,68.87824,72.04087,74.94463,79.57002,79.91598,82.1439,80.028694,70.29701,Img tokens,8,17,"system
You are a helpful assistant.
user
 QUESTION: How many fingers are in front of the bathtub?
OPTIONS:
0: 4
1: 3
2: 2
3: 5

Answer with the correct option from 0 to 3. Only provide the numeric and nothing else 


Answer: 
assistant
2",2,1,Counting,"system
You are a helpful assistant.
user
 QUESTION: How many fingers are in front of the bathtub?
OPTIONS:
0: 4
1: 3
2: 2
3: 5

Answer with the correct option from 0 to 3. Only provide the numeric and nothing else 


Answer: 
assistant
1",1,1,Counting
17,55.681934,62.707863,60.887295,60.652546,60.891678,61.270393,61.656647,62.269794,61.96686,62.66258,62.200172,62.967945,64.98167,63.21159,64.17501,67.73586,75.164406,83.318954,87.08196,85.3051,82.406044,76.484535,79.10811,83.64155,88.30964,91.6353,94.119225,94.55556,105.3063,118.03625,133.36272,149.02515,174.03352,186.16655,210.81444,196.73167,192.30502,Img tokens,7,14,"system
You are a helpful assistant.
user
 QUESTION: How many people are wearing glasses?
OPTIONS:
0: 3
1: 2
2: 0
3: 1

Answer with the correct option from 0 to 3. Only provide the numeric and nothing else 


Answer: 
assistant
3",3,3,Counting,"system
You are a helpful assistant.
user
 QUESTION: How many people are wearing glasses?
OPTIONS:
0: 3
1: 2
2: 0
3: 1

Answer with the correct option from 0 to 3. Only provide the numeric and nothing else 


Answer: 
assistant
1",1,3,Counting
18,45.004406,47.276848,47.48521,47.663784,47.862453,48.161472,48.481083,49.149803,49.48379,50.001144,50.138836,50.584297,50.46249,49.492016,50.00147,50.849945,53.866287,56.22826,57.23283,56.762566,55.66027,53.44204,54.109715,55.84599,57.165684,58.21895,59.139797,61.12624,64.7848,68.42149,71.78428,74.79719,79.578865,80.59382,86.493126,89.14587,69.103134,Img tokens,23,44,"system
You are a helpful assistant.
user
 QUESTION: How many motors are driving near the bus?
OPTIONS:
0: 0
1: 2
2: 3
3: 1

Answer with the correct option from 0 to 3. Only provide the numeric and nothing else 


Answer: 
assistant
0",0,0,Counting,"system
You are a helpful assistant.
user
 QUESTION: How many motors are driving near the bus?
OPTIONS:
0: 0
1: 2
2: 3
3: 1

Answer with the correct option from 0 to 3. Only provide the numeric and nothing else 


Answer: 
assistant
2",2,0,Counting
19,42.853455,44.8803,44.80295,44.951183,45.136078,45.2066,45.4673,45.968742,46.496647,46.49033,46.622906,46.711876,47.16523,46.26831,46.992195,48.170532,51.519016,54.6343,55.502285,55.461227,54.42058,53.20607,53.560192,55.31327,56.863804,57.989292,58.765423,60.514114,63.577602,67.03766,69.8688,73.097755,77.03153,76.368835,82.00387,83.061554,71.72002,Img tokens,55,98,"system
You are a helpful assistant.
user
 QUESTION: How many people are driving red car front of the train?
OPTIONS:
0: 0
1: 1
2: 3
3: 2

Answer with the correct option from 0 to 3. Only provide the numeric and nothing else 


Answer: 
assistant
0",0,0,Counting,"system
You are a helpful assistant.
user
 QUESTION: How many people are driving red car front of the train?
OPTIONS:
0: 0
1: 1
2: 3
3: 2

Answer with the correct option from 0 to 3. Only provide the numeric and nothing else 


Answer: 
assistant
1",1,0,Counting
20,27.224615,30.073204,29.574278,29.535112,29.744762,30.060932,30.224865,30.6918,30.741869,31.043444,30.552696,31.107946,31.50369,29.755554,30.303038,31.618158,34.64561,38.960155,40.8741,41.22769,39.975224,38.58381,39.449684,41.38721,43.43248,45.339058,45.986042,48.53053,52.352455,55.99091,60.134884,65.03436,68.81124,70.69661,74.595436,76.4157,62.03921,Img tokens,59,105,"system
You are a helpful assistant.
user
 QUESTION: How many white vertical lines are drawn on the ground?
OPTIONS:
0: 3
1: 6
2: 5
3: 4

Answer with the correct option from 0 to 3. Only provide the numeric and nothing else 


Answer: 
assistant
2",2,2,Counting,"system
You are a helpful assistant.
user
 QUESTION: How many white vertical lines are drawn on the ground?
OPTIONS:
0: 3
1: 6
2: 5
3: 4

Answer with the correct option from 0 to 3. Only provide the numeric and nothing else 


Answer: 
assistant
1",1,2,Counting
21,40.454395,44.773907,43.62309,43.9779,44.267365,44.103485,44.778786,46.40672,46.571712,47.45007,47.446037,46.536827,46.763737,45.546906,45.97101,45.382652,49.222595,53.31522,53.919598,55.287163,53.1529,51.172573,53.046593,56.069996,59.110813,61.91205,62.23447,64.89342,66.13745,69.04088,71.700294,73.71864,76.07995,74.50916,75.687675,74.499504,58.381912,Img tokens,129,330,"system
You are a helpful assistant.
user
 QUESTION: Which bounding box more accurately localizes and encloses the bun?
OPTIONS:
0: Box A
1: Box B

Answer with the correct option from 0 to 1. Only provide the numeric and nothing else 


Answer: 
assistant
1",1,0,Object Localization,"system
You are a helpful assistant.
user
 QUESTION: Which bounding box more accurately localizes and encloses the bun?
OPTIONS:
0: Box A
1: Box B

Answer with the correct option from 0 to 1. Only provide the numeric and nothing else 


Answer: 
assistant
0",0,0,Object Localization
22,41.4314,44.579796,44.12489,44.67011,44.944656,45.394287,46.89284,48.083477,48.748783,49.51903,49.360348,49.221943,49.57475,48.272545,48.70745,49.598103,53.60792,57.697235,58.173046,58.846283,56.552,54.778084,56.22595,59.271324,61.04367,62.761265,62.765358,64.51878,67.37058,70.88655,73.870026,77.06963,80.604195,79.79059,80.897606,80.88434,62.085876,Img tokens,154,392,"system
You are a helpful assistant.
user
 QUESTION: Which point is closer to the camera?
OPTIONS:
0: A is closer
1: B is closer

Answer with the correct option from 0 to 1. Only provide the numeric and nothing else 


Answer: 
assistant
1",1,1,Relative Depth,"system
You are a helpful assistant.
user
 QUESTION: Which point is closer to the camera?
OPTIONS:
0: A is closer
1: B is closer

Answer with the correct option from 0 to 1. Only provide the numeric and nothing else 


Answer: 
assistant
0",0,1,Relative Depth
23,48.64409,51.40384,50.276936,50.306854,50.153698,49.487305,49.60599,51.037807,50.55318,50.640263,49.312477,48.950672,47.868706,45.520836,45.516647,47.13496,51.374718,55.16956,56.05088,56.06248,55.516235,53.180634,55.494904,59.4828,63.687477,67.38064,68.61583,70.52396,73.36842,76.20041,79.782936,82.81264,87.38066,84.28819,85.17816,86.31987,82.38762,Img tokens,236,784,"system
You are a helpful assistant.
user
 QUESTION: Is the apple above the orange?
OPTIONS:
0: yes
1: no

Answer with the correct option from 0 to 1. Only provide the numeric and nothing else 


Answer: 
assistant
1",1,1,Spatial Relation,"system
You are a helpful assistant.
user
 QUESTION: Is the apple above the orange?
OPTIONS:
0: yes
1: no

Answer with the correct option from 0 to 1. Only provide the numeric and nothing else 


Answer: 
assistant
0",0,1,Spatial Relation
24,48.866013,52.57387,51.48931,51.673267,51.79739,51.66631,52.455887,53.122204,53.414112,54.04472,53.22154,52.858612,52.380066,50.96951,51.46052,53.35175,58.266945,63.027428,64.93586,64.60496,62.483437,59.294277,61.59691,64.83944,68.4968,71.3605,72.81419,74.457245,79.49304,85.292694,91.61065,98.047455,107.60774,108.15987,114.79007,110.901505,95.066284,Img tokens,143,368,"system
You are a helpful assistant.
user
 QUESTION: Which bounding box more accurately localizes and encloses the bed?
OPTIONS:
0: Box A
1: Box B

Answer with the correct option from 0 to 1. Only provide the numeric and nothing else 


Answer: 
assistant
1",1,0,Object Localization,"system
You are a helpful assistant.
user
 QUESTION: Which bounding box more accurately localizes and encloses the bed?
OPTIONS:
0: Box A
1: Box B

Answer with the correct option from 0 to 1. Only provide the numeric and nothing else 


Answer: 
assistant
0",0,0,Object Localization
25,40.151493,42.4106,41.890728,41.97673,41.953693,42.081093,42.26356,43.228214,43.036774,43.90327,43.808125,44.27117,44.619194,43.23632,43.98356,44.46291,47.127205,49.802467,51.05618,51.338383,50.663315,49.47401,50.673203,53.17508,55.849693,57.806282,58.89266,60.34448,62.28725,65.58739,67.518005,69.66208,72.715965,71.66006,74.27175,75.30852,63.870556,Img tokens,50,92,"system
You are a helpful assistant.
user
 QUESTION: How many people are washing hand?
OPTIONS:
0: 1
1: 3
2: 2
3: 0

Answer with the correct option from 0 to 3. Only provide the numeric and nothing else 


Answer: 
assistant
3",3,3,Counting,"system
You are a helpful assistant.
user
 QUESTION: How many people are washing hand?
OPTIONS:
0: 1
1: 3
2: 2
3: 0

Answer with the correct option from 0 to 3. Only provide the numeric and nothing else 


Answer: 
assistant
2",2,3,Counting
26,65.91069,81.232,76.55237,76.67051,78.70288,80.876274,82.78161,87.23158,87.77282,90.33736,90.99144,87.82914,85.28029,85.137024,87.87014,91.12514,102.08505,113.420975,118.455185,117.76241,119.33416,108.86954,119.32181,132.08627,145.2582,156.0766,157.03976,154.54759,159.80238,172.96611,182.99431,191.52496,203.61264,207.09666,208.83803,184.33539,144.2274,Img tokens,183,606,"system
You are a helpful assistant.
user
 QUESTION: Consider the surface color (color without shading) of the two points in the image. Which one is darker, or the color is about the same?
OPTIONS:
0: A is darker
1: B is darker
2: About the same

Answer with the correct option from 0 to 2. Only provide the numeric and nothing else 


Answer: 
assistant
0",0,0,Relative Reflectance,"system
You are a helpful assistant.
user
 QUESTION: Consider the surface color (color without shading) of the two points in the image. Which one is darker, or the color is about the same?
OPTIONS:
0: A is darker
1: B is darker
2: About the same

Answer with the correct option from 0 to 2. Only provide the numeric and nothing else 


Answer: 
assistant
2",2,0,Relative Reflectance
27,28.628721,30.708971,30.752052,30.780966,30.791647,30.865252,31.256193,32.347233,32.448727,32.813087,32.955727,33.928932,34.627857,35.01682,35.70978,36.19957,38.581116,40.487453,41.10948,41.885334,42.56762,42.406982,44.39554,47.664845,51.25496,53.072765,53.370403,54.111225,56.47945,59.469494,61.189205,63.310146,69.58645,69.33744,71.02181,71.60192,60.940098,Img tokens,166,445,"system
You are a helpful assistant.
user
 QUESTION: Which point is closer to the camera?
OPTIONS:
0: A is closer
1: B is closer

Answer with the correct option from 0 to 1. Only provide the numeric and nothing else 


Answer: 
assistant
1",1,1,Relative Depth,"system
You are a helpful assistant.
user
 QUESTION: Which point is closer to the camera?
OPTIONS:
0: A is closer
1: B is closer

Answer with the correct option from 0 to 1. Only provide the numeric and nothing else 


Answer: 
assistant
0",0,1,Relative Depth
28,40.34186,42.78744,42.612785,42.748806,43.02995,43.345016,43.740494,44.40844,44.542015,44.85067,44.647118,45.21475,45.792572,46.002216,46.593212,46.779514,49.018936,51.52709,52.3621,52.551937,50.845978,49.541176,50.23729,52.85991,54.72125,55.926662,56.662395,58.28317,60.615055,62.795357,64.36054,66.98273,69.65218,69.68066,72.67077,72.92097,53.04097,Img tokens,179,495,"system
You are a helpful assistant.
user
 QUESTION: Which point is closer to the camera?
OPTIONS:
0: A is closer
1: B is closer

Answer with the correct option from 0 to 1. Only provide the numeric and nothing else 


Answer: 
assistant
1",1,1,Relative Depth,"system
You are a helpful assistant.
user
 QUESTION: Which point is closer to the camera?
OPTIONS:
0: A is closer
1: B is closer

Answer with the correct option from 0 to 1. Only provide the numeric and nothing else 


Answer: 
assistant
0",0,1,Relative Depth
29,47.59327,50.661995,49.673275,49.807194,49.735744,49.96137,50.362587,51.173813,50.929268,51.259468,51.37389,51.830734,50.812798,50.58109,50.593655,50.673912,54.669006,58.661385,60.13084,60.691723,60.07094,57.947636,60.32708,63.239597,66.4066,69.30115,70.46761,72.59354,73.76503,78.08971,81.24599,84.12401,88.61601,86.026566,89.81064,89.2636,66.078636,Img tokens,226,761,"system
You are a helpful assistant.
user
 QUESTION: Is the teddy bear under the dog?
OPTIONS:
0: yes
1: no

Answer with the correct option from 0 to 1. Only provide the numeric and nothing else 


Answer: 
assistant
0",0,1,Spatial Relation,"system
You are a helpful assistant.
user
 QUESTION: Is the teddy bear under the dog?
OPTIONS:
0: yes
1: no

Answer with the correct option from 0 to 1. Only provide the numeric and nothing else 


Answer: 
assistant
1",1,1,Spatial Relation
30,38.29738,43.289825,42.871033,43.037983,43.32084,43.713722,44.30288,45.0023,45.337944,46.01557,47.40867,47.69846,48.775433,47.380463,47.329796,49.254932,54.845146,60.84547,61.74774,62.494644,59.004562,56.355114,58.591606,61.021786,64.79664,67.15367,67.44287,70.765274,75.92523,81.209114,86.653824,92.66061,97.85866,98.57014,101.78665,101.40882,81.386086,Img tokens,107,281,"system
You are a helpful assistant.
user
 QUESTION: Which bounding box more accurately localizes and encloses the airplane?
OPTIONS:
0: Box A
1: Box B

Answer with the correct option from 0 to 1. Only provide the numeric and nothing else 


Answer: 
assistant
0",0,1,Object Localization,"system
You are a helpful assistant.
user
 QUESTION: Which bounding box more accurately localizes and encloses the airplane?
OPTIONS:
0: Box A
1: Box B

Answer with the correct option from 0 to 1. Only provide the numeric and nothing else 


Answer: 
assistant
1",1,1,Object Localization
31,38.56515,40.963955,40.047092,40.010292,40.1676,40.131042,40.248085,40.515816,41.240623,41.53446,41.01925,41.257694,41.813057,40.84036,42.085014,43.624638,46.677784,49.285522,50.57595,50.730724,50.244247,48.609596,49.146385,50.950836,52.69474,53.838013,54.92686,56.396023,59.11132,62.69869,66.031105,69.40039,75.61892,76.21342,81.9572,84.864204,79.22705,Img tokens,56,99,"system
You are a helpful assistant.
user
 QUESTION: How many white fridges are there in the image ?
OPTIONS:
0: 3
1: 2
2: 0
3: 1

Answer with the correct option from 0 to 3. Only provide the numeric and nothing else 


Answer: 
assistant
3",3,3,Counting,"system
You are a helpful assistant.
user
 QUESTION: How many white fridges are there in the image ?
OPTIONS:
0: 3
1: 2
2: 0
3: 1

Answer with the correct option from 0 to 3. Only provide the numeric and nothing else 


Answer: 
assistant
2",2,3,Counting
32,41.55402,47.42099,46.032066,46.207584,46.631966,47.19489,48.299774,49.860878,49.663292,50.497997,49.489243,49.409943,49.448997,47.312702,47.47155,50.53727,57.765747,65.38021,66.92074,68.138596,65.07391,61.60572,63.819016,67.81672,71.21305,74.01095,73.65863,76.25533,80.62645,86.37311,91.740875,96.68643,99.81011,100.80018,103.995255,101.43005,81.55806,Img tokens,114,296,"system
You are a helpful assistant.
user
 QUESTION: Which bounding box more accurately localizes and encloses the airplane?
OPTIONS:
0: Box A
1: Box B

Answer with the correct option from 0 to 1. Only provide the numeric and nothing else 


Answer: 
assistant
1",1,0,Object Localization,"system
You are a helpful assistant.
user
 QUESTION: Which bounding box more accurately localizes and encloses the airplane?
OPTIONS:
0: Box A
1: Box B

Answer with the correct option from 0 to 1. Only provide the numeric and nothing else 


Answer: 
assistant
0",0,0,Object Localization
33,36.908188,40.66122,40.02995,40.247902,40.437145,40.469425,40.976818,41.29145,41.00595,41.27783,41.041546,40.6143,41.392284,39.955956,40.81044,42.402485,46.301716,51.222015,52.27167,53.770912,51.167915,49.50815,50.646206,52.63742,54.73354,56.723763,56.95074,60.008926,63.45948,67.25913,71.17089,74.99053,80.41122,81.75208,85.54897,85.26853,68.387474,Img tokens,150,384,"system
You are a helpful assistant.
user
 QUESTION: Which bounding box more accurately localizes and encloses the refrigerator?
OPTIONS:
0: Box A
1: Box B

Answer with the correct option from 0 to 1. Only provide the numeric and nothing else 


Answer: 
assistant
1",1,0,Object Localization,"system
You are a helpful assistant.
user
 QUESTION: Which bounding box more accurately localizes and encloses the refrigerator?
OPTIONS:
0: Box A
1: Box B

Answer with the correct option from 0 to 1. Only provide the numeric and nothing else 


Answer: 
assistant
0",0,0,Object Localization
34,19.567818,20.615322,20.65211,20.799913,20.974794,21.1616,21.269464,21.751917,21.768736,21.949621,21.9334,21.83287,21.366589,21.388351,21.122534,20.85158,21.093763,21.25832,21.904825,22.479664,22.908665,22.929747,23.41707,23.791557,23.716381,23.412268,23.241236,22.614399,22.16684,21.473286,21.839258,23.128002,23.446993,24.52235,23.67974,23.344643,24.258024,Img tokens,71,125,"system
You are a helpful assistant.
user
 QUESTION: Which one picture follows the same pattern or rule established by the previous pictures?
OPTIONS:
0: Picture A
1: Picture B
2: Picture C
3: Picture D

Answer with the correct option from 0 to 3. Only provide the numeric and nothing else 


Answer: 
assistant
1",1,3,IQ Test,"system
You are a helpful assistant.
user
 QUESTION: Which one picture follows the same pattern or rule established by the previous pictures?
OPTIONS:
0: Picture A
1: Picture B
2: Picture C
3: Picture D

Answer with the correct option from 0 to 3. Only provide the numeric and nothing else 


Answer: 
assistant
2",2,3,IQ Test
35,43.480003,45.719917,45.53295,45.64518,45.769966,45.798676,46.14167,47.072536,47.018623,47.521122,47.46473,47.771866,47.929214,46.958843,46.88328,47.881523,50.776337,53.72762,55.025375,55.17214,54.222157,52.77482,53.382717,55.17221,56.692265,57.825714,58.93907,60.212986,62.495,66.04033,69.19819,72.89907,76.581825,77.877365,83.51589,85.567505,64.5586,Img tokens,1,2,"system
You are a helpful assistant.
user
 QUESTION: How many tvs are hung up on the wall?
OPTIONS:
0: 1
1: 0
2: 2
3: 3

Answer with the correct option from 0 to 3. Only provide the numeric and nothing else 


Answer: 
assistant
0",0,1,Counting,"system
You are a helpful assistant.
user
 QUESTION: How many tvs are hung up on the wall?
OPTIONS:
0: 1
1: 0
2: 2
3: 3

Answer with the correct option from 0 to 3. Only provide the numeric and nothing else 


Answer: 
assistant
1",1,1,Counting
36,48.18142,52.962444,51.143333,51.40352,51.524487,51.17655,51.550117,52.9124,52.75979,53.541225,53.307095,52.625275,52.298008,52.411015,52.192627,53.485695,58.60762,64.02897,65.64931,66.7928,64.58715,61.30857,64.141396,68.85976,73.18048,76.911194,77.82184,81.14336,84.02049,90.25042,96.03232,100.546135,109.22323,111.01897,112.50832,109.3117,85.49653,Img tokens,194,666,"system
You are a helpful assistant.
user
 QUESTION: Is the laptop facing the chair?
OPTIONS:
0: yes
1: no

Answer with the correct option from 0 to 1. Only provide the numeric and nothing else 


Answer: 
assistant
1",1,0,Spatial Relation,"system
You are a helpful assistant.
user
 QUESTION: Is the laptop facing the chair?
OPTIONS:
0: yes
1: no

Answer with the correct option from 0 to 1. Only provide the numeric and nothing else 


Answer: 
assistant
0",0,0,Spatial Relation
37,44.098583,48.211044,47.283234,47.709106,48.05941,48.8297,50.77627,52.294502,52.693375,54.112984,54.402252,54.759098,54.502594,53.49369,54.019577,55.822166,59.307205,63.228806,64.57609,64.63468,62.252155,59.484615,61.423183,64.97466,66.974754,68.83943,69.37673,71.63249,74.71905,76.74553,80.02236,82.97133,87.98724,90.06268,94.885544,96.257416,57.93385,Img tokens,40,73,"system
You are a helpful assistant.
user
 QUESTION: How many of the glasses are empty?
OPTIONS:
0: 0
1: 2
2: 3
3: 1

Answer with the correct option from 0 to 3. Only provide the numeric and nothing else 


Answer: 
assistant
0",0,3,Counting,"system
You are a helpful assistant.
user
 QUESTION: How many of the glasses are empty?
OPTIONS:
0: 0
1: 2
2: 3
3: 1

Answer with the correct option from 0 to 3. Only provide the numeric and nothing else 


Answer: 
assistant
2",2,3,Counting
38,34.897953,37.28453,36.844864,36.955994,37.153046,37.173542,37.591568,38.436237,38.739044,39.143353,39.53518,39.307133,40.0332,38.57946,38.611774,38.392784,40.733234,44.01572,44.400536,45.413456,44.18771,43.51762,45.54039,48.076286,50.67292,52.476604,52.77836,53.742584,55.057446,58.158268,59.240303,60.956345,64.200165,61.874096,63.302715,64.371,50.64764,Img tokens,178,492,"system
You are a helpful assistant.
user
 QUESTION: Which point is closer to the camera?
OPTIONS:
0: A is closer
1: B is closer

Answer with the correct option from 0 to 1. Only provide the numeric and nothing else 


Answer: 
assistant
1",1,1,Relative Depth,"system
You are a helpful assistant.
user
 QUESTION: Which point is closer to the camera?
OPTIONS:
0: A is closer
1: B is closer

Answer with the correct option from 0 to 1. Only provide the numeric and nothing else 


Answer: 
assistant
0",0,1,Relative Depth
39,47.493565,52.09049,51.56841,51.585403,51.96424,51.792446,51.95971,52.53409,52.399864,52.31449,52.29958,52.702053,53.82075,52.806675,53.26276,54.818874,59.058582,64.38801,65.44038,67.031456,64.29879,61.28264,64.05401,68.16014,71.670654,74.75311,76.12171,78.397766,82.08951,88.44196,94.4529,101.238464,110.98652,110.65013,114.797676,112.22526,93.30888,Img tokens,223,756,"system
You are a helpful assistant.
user
 QUESTION: Is the sandwich touching the person?
OPTIONS:
0: yes
1: no

Answer with the correct option from 0 to 1. Only provide the numeric and nothing else 


Answer: 
assistant
0",0,0,Spatial Relation,"system
You are a helpful assistant.
user
 QUESTION: Is the sandwich touching the person?
OPTIONS:
0: yes
1: no

Answer with the correct option from 0 to 1. Only provide the numeric and nothing else 


Answer: 
assistant
1",1,0,Spatial Relation
40,57.282684,63.488056,62.043617,62.868343,63.166332,63.707188,66.57594,69.7121,71.51577,76.298615,81.37851,82.88414,76.68071,74.58512,73.087715,73.55748,83.56421,89.361984,94.108765,98.46866,107.22098,101.50573,113.41048,124.34329,133.24353,141.04193,146.89372,142.59673,140.44342,145.329,151.52036,156.26015,149.81473,152.05864,152.03943,136.43083,139.94585,Img tokens,87,221,"system
You are a helpful assistant.
user
 QUESTION: Which one picture can be folded from the outer surface displayed on the left?
OPTIONS:
0: Picture A
1: Picture B
2: Picture C
3: Picture D

Answer with the correct option from 0 to 3. Only provide the numeric and nothing else 


Answer: 
assistant
0",0,3,IQ Test,"system
You are a helpful assistant.
user
 QUESTION: Which one picture can be folded from the outer surface displayed on the left?
OPTIONS:
0: Picture A
1: Picture B
2: Picture C
3: Picture D

Answer with the correct option from 0 to 3. Only provide the numeric and nothing else 


Answer: 
assistant
2",2,3,IQ Test
41,45.327103,49.899994,49.138718,49.266552,49.486443,49.486774,49.924095,50.54721,50.308067,50.634254,49.73527,49.980934,51.374577,49.842796,50.624065,53.564575,58.42221,63.648945,65.557594,65.307144,62.961403,59.241936,60.67037,63.987675,66.65888,69.306145,70.07677,72.941666,78.964355,85.65266,93.315735,101.44143,112.73274,116.82865,122.57919,120.33561,95.209595,Img tokens,204,694,"system
You are a helpful assistant.
user
 QUESTION: Is the microwave above the laptop?
OPTIONS:
0: yes
1: no

Answer with the correct option from 0 to 1. Only provide the numeric and nothing else 


Answer: 
assistant
0",0,1,Spatial Relation,"system
You are a helpful assistant.
user
 QUESTION: Is the microwave above the laptop?
OPTIONS:
0: yes
1: no

Answer with the correct option from 0 to 1. Only provide the numeric and nothing else 


Answer: 
assistant
1",1,1,Spatial Relation
42,38.427147,39.43567,39.804028,39.91688,39.920887,39.953262,40.133366,40.565765,40.727535,41.306408,40.98832,41.10791,40.55326,39.394978,39.408356,39.597385,41.55248,43.949257,44.45034,44.40894,43.776466,42.81338,43.393456,44.45598,45.4902,46.183792,46.165375,47.77739,48.990776,51.163486,53.038826,54.478577,56.7963,55.86093,58.80413,60.444298,48.298126,Img tokens,39,71,"system
You are a helpful assistant.
user
 QUESTION: How many purple planes are there?
OPTIONS:
0: 1
1: 2
2: 0
3: 3

Answer with the correct option from 0 to 3. Only provide the numeric and nothing else 


Answer: 
assistant
2",2,2,Counting,"system
You are a helpful assistant.
user
 QUESTION: How many purple planes are there?
OPTIONS:
0: 1
1: 2
2: 0
3: 3

Answer with the correct option from 0 to 3. Only provide the numeric and nothing else 


Answer: 
assistant
0",0,2,Counting
43,47.348007,51.079094,50.31302,50.55172,50.87918,50.88264,51.328007,51.967934,52.145985,52.61368,52.32472,51.875683,52.331985,49.899063,50.81875,52.982204,57.814606,62.529007,64.38012,63.7404,61.0978,58.12827,59.972176,62.679012,65.64449,68.61622,69.740395,71.88293,78.21313,83.935165,89.84453,96.80665,107.540794,109.647255,120.40644,121.54017,97.05134,Img tokens,219,743,"system
You are a helpful assistant.
user
 QUESTION: Is the donut inside the bowl?
OPTIONS:
0: yes
1: no

Answer with the correct option from 0 to 1. Only provide the numeric and nothing else 


Answer: 
assistant
1",1,1,Spatial Relation,"system
You are a helpful assistant.
user
 QUESTION: Is the donut inside the bowl?
OPTIONS:
0: yes
1: no

Answer with the correct option from 0 to 1. Only provide the numeric and nothing else 


Answer: 
assistant
0",0,1,Spatial Relation
44,59.3244,66.17474,64.80776,65.70647,65.88508,66.370636,68.6588,71.07945,73.76376,75.04855,78.14591,78.737,74.559814,63.995724,62.67898,61.551456,65.676735,70.11443,73.55442,78.514786,85.37945,82.33472,89.219315,94.88695,101.621475,106.96259,111.400566,110.81456,107.6666,117.18506,121.19623,126.06207,130.8286,133.3751,137.64394,125.60407,114.755745,Img tokens,86,213,"system
You are a helpful assistant.
user
 QUESTION: Which one picture follows the same pattern or rule established by the previous pictures?
OPTIONS:
0: Picture A
1: Picture B
2: Picture C
3: Picture D

Answer with the correct option from 0 to 3. Only provide the numeric and nothing else 


Answer: 
assistant
3",3,1,IQ Test,"system
You are a helpful assistant.
user
 QUESTION: Which one picture follows the same pattern or rule established by the previous pictures?
OPTIONS:
0: Picture A
1: Picture B
2: Picture C
3: Picture D

Answer with the correct option from 0 to 3. Only provide the numeric and nothing else 


Answer: 
assistant
2",2,1,IQ Test
45,46.18694,50.266888,49.00391,48.952923,49.042385,49.17069,49.778145,51.90748,52.256428,53.486866,53.423916,53.010143,52.04771,50.67768,51.54916,52.64298,57.603924,62.215385,64.43798,65.07078,63.44456,60.90347,63.19921,67.328156,70.83144,73.81302,75.42978,76.2717,79.00507,83.89579,88.94906,93.55548,99.74451,100.3622,105.87297,103.35383,93.213806,Img tokens,229,768,"system
You are a helpful assistant.
user
 QUESTION: Is the dining table away from the potted plant?
OPTIONS:
0: yes
1: no

Answer with the correct option from 0 to 1. Only provide the numeric and nothing else 


Answer: 
assistant
1",1,1,Spatial Relation,"system
You are a helpful assistant.
user
 QUESTION: Is the dining table away from the potted plant?
OPTIONS:
0: yes
1: no

Answer with the correct option from 0 to 1. Only provide the numeric and nothing else 


Answer: 
assistant
0",0,1,Spatial Relation
46,47.516747,52.82486,52.102154,52.119114,52.382164,52.7604,53.27703,53.91669,53.859585,54.183285,53.719685,53.49476,54.138206,52.12723,52.92952,56.121647,62.696,70.33682,73.3998,73.111626,70.21113,65.529526,68.60294,73.153824,77.84117,81.10482,82.44247,85.23175,93.31649,101.60616,110.99085,119.57316,131.81163,137.54001,144.96474,135.92569,121.105644,Img tokens,220,746,"system
You are a helpful assistant.
user
 QUESTION: Is the bicycle in front of the umbrella?
OPTIONS:
0: yes
1: no

Answer with the correct option from 0 to 1. Only provide the numeric and nothing else 


Answer: 
assistant
1",1,0,Spatial Relation,"system
You are a helpful assistant.
user
 QUESTION: Is the bicycle in front of the umbrella?
OPTIONS:
0: yes
1: no

Answer with the correct option from 0 to 1. Only provide the numeric and nothing else 


Answer: 
assistant
0",0,0,Spatial Relation
47,24.340479,25.389252,25.491976,25.67926,25.567415,26.072136,26.693447,27.649048,28.230827,29.384272,29.784166,30.276186,29.817438,30.048311,30.983107,30.822983,32.020874,33.475616,34.755596,36.35792,38.37069,37.40346,39.035107,40.858433,42.485382,43.368763,44.10213,44.398605,43.013264,44.71582,44.907604,45.838535,46.90778,46.02536,46.84602,45.04079,40.162807,Img tokens,97,261,"system
You are a helpful assistant.
user
 QUESTION: Which one picture can be folded from the outer surface displayed on the left?
OPTIONS:
0: Picture A
1: Picture B
2: Picture C
3: Picture D

Answer with the correct option from 0 to 3. Only provide the numeric and nothing else 


Answer: 
assistant
0",0,1,IQ Test,"system
You are a helpful assistant.
user
 QUESTION: Which one picture can be folded from the outer surface displayed on the left?
OPTIONS:
0: Picture A
1: Picture B
2: Picture C
3: Picture D

Answer with the correct option from 0 to 3. Only provide the numeric and nothing else 


Answer: 
assistant
1",1,1,IQ Test
48,37.256413,38.98269,39.262917,39.474464,39.542244,40.33831,40.847134,41.537712,41.776424,42.299442,42.944565,43.160877,44.729286,44.084404,44.969177,45.258747,47.829857,49.737206,50.27677,50.830647,50.140377,48.613564,49.64673,51.91451,53.821423,54.908447,55.239708,56.269077,58.694317,61.4783,63.318893,64.5258,67.43602,67.12083,70.81804,71.634575,52.66729,Img tokens,24,45,"system
You are a helpful assistant.
user
 QUESTION: How many blue circles are on this building?
OPTIONS:
0: 0
1: 3
2: 2
3: 1

Answer with the correct option from 0 to 3. Only provide the numeric and nothing else 


Answer: 
assistant
3",3,3,Counting,"system
You are a helpful assistant.
user
 QUESTION: How many blue circles are on this building?
OPTIONS:
0: 0
1: 3
2: 2
3: 1

Answer with the correct option from 0 to 3. Only provide the numeric and nothing else 


Answer: 
assistant
2",2,3,Counting
49,25.769392,28.10145,28.071367,28.348291,28.553608,29.156128,29.581392,30.386953,30.907751,31.608284,31.837603,31.86158,31.498697,31.29053,31.766241,31.403875,32.360283,33.65943,34.352524,35.78881,37.03024,36.30284,37.775093,38.983067,39.893883,40.022182,40.131508,40.74358,39.385674,40.911777,41.283653,43.468304,45.933212,46.08537,47.273857,45.288387,36.91613,Img tokens,91,234,"system
You are a helpful assistant.
user
 QUESTION: Which one picture follows the same pattern or rule established by the previous pictures?
OPTIONS:
0: Picture A
1: Picture B
2: Picture C
3: Picture D

Answer with the correct option from 0 to 3. Only provide the numeric and nothing else 


Answer: 
assistant
1",1,2,IQ Test,"system
You are a helpful assistant.
user
 QUESTION: Which one picture follows the same pattern or rule established by the previous pictures?
OPTIONS:
0: Picture A
1: Picture B
2: Picture C
3: Picture D

Answer with the correct option from 0 to 3. Only provide the numeric and nothing else 


Answer: 
assistant
2",2,2,IQ Test
0,22.569977,35.27811,37.2874,38.70795,40.40436,41.31515,41.219044,41.38261,41.140728,41.318214,41.026535,40.405903,37.403984,36.8642,37.131668,36.78273,37.128918,36.573982,36.81318,36.244724,36.641422,36.08461,35.511166,36.032555,36.102585,35.374245,36.435642,36.475082,36.65508,36.796288,37.34212,5.963898,7.6571198,9.766305,11.269506,14.75482,24.075348,Text tokens,163,430,"system
You are a helpful assistant.
user
 QUESTION: Which point is closer to the camera?
OPTIONS:
0: A is closer
1: B is closer

Answer with the correct option from 0 to 1. Only provide the numeric and nothing else 


Answer: 
assistant
1",1,1,Relative Depth,"system
You are a helpful assistant.
user
 QUESTION: Which point is closer to the camera?
OPTIONS:
0: A is closer
1: B is closer

Answer with the correct option from 0 to 1. Only provide the numeric and nothing else 


Answer: 
assistant
0",0,1,Relative Depth
1,18.933027,33.970688,36.38962,37.748123,39.83285,41.21829,41.33263,41.800568,41.305214,41.305687,41.433556,40.696533,37.460514,37.06492,37.500595,37.265926,37.68742,37.044926,37.27358,36.756325,37.134254,36.95875,36.689884,37.40356,38.0161,37.817383,38.87977,39.00514,39.392754,39.287926,39.725563,6.8709173,8.592316,10.743654,11.922733,15.095781,23.442844,Text tokens,28,49,"system
You are a helpful assistant.
user
 QUESTION: How many blue towels are in the picture?
OPTIONS:
0: 3
1: 0
2: 2
3: 1

Answer with the correct option from 0 to 3. Only provide the numeric and nothing else 


Answer: 
assistant
3",3,3,Counting,"system
You are a helpful assistant.
user
 QUESTION: How many blue towels are in the picture?
OPTIONS:
0: 3
1: 0
2: 2
3: 1

Answer with the correct option from 0 to 3. Only provide the numeric and nothing else 


Answer: 
assistant
0",0,3,Counting
2,18.432373,32.836468,35.17964,36.65216,38.76897,40.14399,40.225483,40.737686,40.08017,40.257698,40.298492,39.519512,36.43732,35.96469,36.45215,36.388878,36.57323,35.94272,36.12611,35.59233,36.082134,35.783707,35.564754,36.202564,36.780243,36.66595,37.8557,38.24796,38.388367,38.37556,38.45524,6.3419013,7.9890347,10.007556,11.27332,14.405199,23.15947,Text tokens,6,10,"system
You are a helpful assistant.
user
 QUESTION: How many people are eating food?
OPTIONS:
0: 1
1: 0
2: 3
3: 2

Answer with the correct option from 0 to 3. Only provide the numeric and nothing else 


Answer: 
assistant
0",0,1,Counting,"system
You are a helpful assistant.
user
 QUESTION: How many people are eating food?
OPTIONS:
0: 1
1: 0
2: 3
3: 2

Answer with the correct option from 0 to 3. Only provide the numeric and nothing else 


Answer: 
assistant
1",1,1,Counting
3,21.681501,34.844116,36.554245,37.609676,38.98287,39.713196,39.79985,40.129395,39.54617,39.81179,39.622463,39.070366,36.30324,35.823402,35.98871,35.73558,35.88243,35.238026,35.436398,34.74566,34.905396,34.53328,34.02501,34.56974,34.6669,34.27316,34.924305,34.770935,34.748062,35.178364,35.448315,4.9888186,6.3089952,7.9677362,9.430525,12.556275,23.640919,Text tokens,189,657,"system
You are a helpful assistant.
user
 QUESTION: Is the laptop touching the person?
OPTIONS:
0: yes
1: no

Answer with the correct option from 0 to 1. Only provide the numeric and nothing else 


Answer: 
assistant
0",0,0,Spatial Relation,"system
You are a helpful assistant.
user
 QUESTION: Is the laptop touching the person?
OPTIONS:
0: yes
1: no

Answer with the correct option from 0 to 1. Only provide the numeric and nothing else 


Answer: 
assistant
1",1,0,Spatial Relation
4,25.871824,39.162983,41.34003,42.37738,44.62029,45.795826,45.954277,46.535442,45.60415,45.59195,45.514744,44.85619,41.949207,40.646942,41.22731,40.68753,41.21125,40.232162,40.355347,39.219494,39.57788,38.94181,38.769726,39.500248,39.534733,38.47889,39.904484,40.0781,40.51429,40.179333,40.78813,9.439273,12.0493965,14.860663,16.121634,19.857954,25.36454,Text tokens,70,124,"system
You are a helpful assistant.
user
 QUESTION: Which one picture can be folded from the outer surface displayed on the left?
OPTIONS:
0: Picture A
1: Picture B
2: Picture C
3: Picture D

Answer with the correct option from 0 to 3. Only provide the numeric and nothing else 


Answer: 
assistant
0",0,0,IQ Test,"system
You are a helpful assistant.
user
 QUESTION: Which one picture can be folded from the outer surface displayed on the left?
OPTIONS:
0: Picture A
1: Picture B
2: Picture C
3: Picture D

Answer with the correct option from 0 to 3. Only provide the numeric and nothing else 


Answer: 
assistant
2",2,0,IQ Test
5,20.541136,36.521423,38.894497,40.14309,42.29302,43.65194,43.721172,43.9373,43.488583,43.585518,43.658447,42.85322,39.539104,39.02083,39.516724,39.349106,39.5113,38.889755,39.177505,38.684597,39.315926,39.137173,39.03486,39.68862,40.148785,39.86276,40.833183,41.087875,41.044384,40.808125,41.234516,7.9295306,9.994711,12.353049,13.655481,16.904345,23.252188,Text tokens,62,113,"system
You are a helpful assistant.
user
 QUESTION: How many people are standing near the right of the giraffe ?
OPTIONS:
0: 0
1: 1
2: 2
3: 3

Answer with the correct option from 0 to 3. Only provide the numeric and nothing else 


Answer: 
assistant
0",0,0,Counting,"system
You are a helpful assistant.
user
 QUESTION: How many people are standing near the right of the giraffe ?
OPTIONS:
0: 0
1: 1
2: 2
3: 3

Answer with the correct option from 0 to 3. Only provide the numeric and nothing else 


Answer: 
assistant
1",1,0,Counting
6,19.203526,33.92662,36.11699,37.38858,39.482105,40.69236,40.784595,41.26411,40.813095,41.04823,40.91433,40.190304,37.196537,36.678745,37.23831,37.09726,37.452515,36.76218,36.90453,36.602165,37.04602,36.569126,36.1992,36.840153,37.10136,36.710354,37.437847,37.791164,38.34188,38.249264,38.421135,6.554605,8.155349,10.226471,11.419563,14.553842,23.295189,Text tokens,57,101,"system
You are a helpful assistant.
user
 QUESTION: How many people are wearing blue shirt?
OPTIONS:
0: 2
1: 4
2: 3
3: 1

Answer with the correct option from 0 to 3. Only provide the numeric and nothing else 


Answer: 
assistant
1",1,0,Counting,"system
You are a helpful assistant.
user
 QUESTION: How many people are wearing blue shirt?
OPTIONS:
0: 2
1: 4
2: 3
3: 1

Answer with the correct option from 0 to 3. Only provide the numeric and nothing else 


Answer: 
assistant
2",2,0,Counting
7,18.777496,33.413864,35.611343,36.828335,39.06722,40.29862,40.36905,41.033173,40.51374,40.613834,40.560234,39.949432,37.246464,36.569324,36.957253,36.672222,37.137676,36.405148,36.576527,36.078484,36.417274,35.95867,35.724003,36.17368,36.622192,36.393734,37.38055,37.531,38.102352,37.768806,37.974422,6.4423885,8.093079,10.220233,11.460273,14.795355,22.607428,Text tokens,35,59,"system
You are a helpful assistant.
user
 QUESTION: How many plates are holding sandwiches?
OPTIONS:
0: 2
1: 4
2: 5
3: 3

Answer with the correct option from 0 to 3. Only provide the numeric and nothing else 


Answer: 
assistant
3",3,3,Counting,"system
You are a helpful assistant.
user
 QUESTION: How many plates are holding sandwiches?
OPTIONS:
0: 2
1: 4
2: 5
3: 3

Answer with the correct option from 0 to 3. Only provide the numeric and nothing else 


Answer: 
assistant
2",2,3,Counting
8,21.643353,34.90846,36.644905,37.630527,38.914825,39.608643,39.711987,40.009922,39.54598,39.804447,39.662357,39.239727,36.548183,36.103714,36.28853,35.968204,36.02755,35.32816,35.642925,34.890026,35.129124,34.681408,34.265938,34.776302,34.815556,34.41214,35.04848,34.736683,34.84807,35.19491,35.48645,4.951456,6.239582,7.8746085,9.261488,12.338181,23.34253,Text tokens,188,653,"system
You are a helpful assistant.
user
 QUESTION: Is the bicycle on the bus?
OPTIONS:
0: yes
1: no

Answer with the correct option from 0 to 1. Only provide the numeric and nothing else 


Answer: 
assistant
0",0,0,Spatial Relation,"system
You are a helpful assistant.
user
 QUESTION: Is the bicycle on the bus?
OPTIONS:
0: yes
1: no

Answer with the correct option from 0 to 1. Only provide the numeric and nothing else 


Answer: 
assistant
1",1,0,Spatial Relation
9,18.200846,32.670742,34.89576,36.300037,38.36936,39.684753,39.694103,40.204647,39.646786,39.80952,39.71368,39.118958,36.19914,35.898575,36.317528,36.093086,36.372948,35.700386,35.77306,35.335266,35.796722,35.555584,35.203163,35.73137,36.355923,36.307247,37.454308,37.814743,38.261803,38.261547,38.59068,6.2931323,7.926508,10.044507,11.312752,14.494278,22.494009,Text tokens,26,47,"system
You are a helpful assistant.
user
 QUESTION: How many toilets have lids?
OPTIONS:
0: 4
1: 1
2: 3
3: 2

Answer with the correct option from 0 to 3. Only provide the numeric and nothing else 


Answer: 
assistant
1",1,3,Counting,"system
You are a helpful assistant.
user
 QUESTION: How many toilets have lids?
OPTIONS:
0: 4
1: 1
2: 3
3: 2

Answer with the correct option from 0 to 3. Only provide the numeric and nothing else 


Answer: 
assistant
2",2,3,Counting
10,22.569977,35.354877,37.328728,38.729347,40.392628,41.319675,41.28022,41.42666,41.228794,41.40321,41.036476,40.38657,37.47787,36.896313,37.157097,36.827454,37.098946,36.564228,36.7802,36.139446,36.56676,36.046852,35.40886,36.00783,36.13102,35.538315,36.505108,36.392075,36.441612,36.691498,37.360405,5.973238,7.594685,9.739133,11.238329,14.670959,24.518135,Text tokens,173,472,"system
You are a helpful assistant.
user
 QUESTION: Which point is closer to the camera?
OPTIONS:
0: A is closer
1: B is closer

Answer with the correct option from 0 to 1. Only provide the numeric and nothing else 


Answer: 
assistant
1",1,1,Relative Depth,"system
You are a helpful assistant.
user
 QUESTION: Which point is closer to the camera?
OPTIONS:
0: A is closer
1: B is closer

Answer with the correct option from 0 to 1. Only provide the numeric and nothing else 


Answer: 
assistant
0",0,1,Relative Depth
11,23.566221,37.11775,38.94811,39.855896,41.144394,41.963818,42.04695,42.348835,41.70237,42.047024,41.84428,41.195488,38.512524,37.859802,38.11127,37.97625,38.074787,37.37956,37.558662,36.888645,37.17096,36.648396,36.156647,36.73123,36.734035,36.471756,37.042885,36.990074,37.077724,37.8562,38.148205,5.9659777,7.551212,9.526587,11.071647,14.585616,24.891275,Text tokens,235,782,"system
You are a helpful assistant.
user
 QUESTION: Is the couch at the right side of the person?
OPTIONS:
0: yes
1: no

Answer with the correct option from 0 to 1. Only provide the numeric and nothing else 


Answer: 
assistant
1",1,1,Spatial Relation,"system
You are a helpful assistant.
user
 QUESTION: Is the couch at the right side of the person?
OPTIONS:
0: yes
1: no

Answer with the correct option from 0 to 1. Only provide the numeric and nothing else 


Answer: 
assistant
0",0,1,Spatial Relation
12,25.565697,39.05579,40.88682,41.920563,43.50176,44.366188,44.882374,44.777275,44.63667,44.78122,44.563454,43.693577,40.82821,39.784008,40.03565,39.49302,39.72353,39.285217,39.51856,38.87502,39.071747,38.420498,37.78691,38.244076,38.567043,37.782932,38.69979,38.885025,38.610085,38.60177,38.968433,6.915537,9.043814,11.490546,13.149717,16.669771,25.566744,Text tokens,139,359,"system
You are a helpful assistant.
user
 QUESTION: Which bounding box more accurately localizes and encloses the sandwich?
OPTIONS:
0: Box A
1: Box B

Answer with the correct option from 0 to 1. Only provide the numeric and nothing else 


Answer: 
assistant
1",1,1,Object Localization,"system
You are a helpful assistant.
user
 QUESTION: Which bounding box more accurately localizes and encloses the sandwich?
OPTIONS:
0: Box A
1: Box B

Answer with the correct option from 0 to 1. Only provide the numeric and nothing else 


Answer: 
assistant
0",0,1,Object Localization
13,20.276403,34.962757,37.103054,38.23061,40.365005,41.610493,41.727184,42.2221,41.781227,41.859577,41.833996,41.24326,38.31131,37.73114,38.16607,37.8693,38.13854,37.301456,37.42399,36.908287,37.191456,36.692207,36.312813,36.778988,37.170486,37.11809,38.04214,37.86565,38.852108,38.610126,39.022842,6.77392,8.478212,10.714478,12.000489,15.404455,23.483744,Text tokens,22,41,"system
You are a helpful assistant.
user
 QUESTION: How many flower pots have flowers in them?
OPTIONS:
0: 5
1: 4
2: 6
3: 3

Answer with the correct option from 0 to 3. Only provide the numeric and nothing else 


Answer: 
assistant
3",3,2,Counting,"system
You are a helpful assistant.
user
 QUESTION: How many flower pots have flowers in them?
OPTIONS:
0: 5
1: 4
2: 6
3: 3

Answer with the correct option from 0 to 3. Only provide the numeric and nothing else 


Answer: 
assistant
1",1,2,Counting
14,25.635977,39.014328,40.870174,41.92446,43.42273,44.3214,44.839134,44.813953,44.669262,44.736134,44.45531,43.670773,40.83408,39.923363,40.11255,39.620384,39.818623,39.444675,39.626156,39.077835,39.386204,38.758724,38.08681,38.46746,38.843693,38.185417,39.058624,39.16097,39.06879,39.326744,39.75415,6.9845743,9.108168,11.564959,13.224237,16.84507,26.105392,Text tokens,151,385,"system
You are a helpful assistant.
user
 QUESTION: Which bounding box more accurately localizes and encloses the plate?
OPTIONS:
0: Box A
1: Box B

Answer with the correct option from 0 to 1. Only provide the numeric and nothing else 


Answer: 
assistant
0",0,1,Object Localization,"system
You are a helpful assistant.
user
 QUESTION: Which bounding box more accurately localizes and encloses the plate?
OPTIONS:
0: Box A
1: Box B

Answer with the correct option from 0 to 1. Only provide the numeric and nothing else 


Answer: 
assistant
1",1,1,Object Localization
15,25.594202,39.19863,41.030636,42.101215,43.602608,44.462845,44.906803,44.805058,44.65673,44.841133,44.60445,43.77318,40.997066,39.8365,40.065975,39.46604,39.69385,39.269604,39.42477,38.794674,39.071198,38.424126,37.69233,37.975636,38.34317,37.74108,38.62798,38.684822,38.613075,38.729122,39.296024,7.038937,9.220879,11.706034,13.338485,16.720339,24.922598,Text tokens,108,284,"system
You are a helpful assistant.
user
 QUESTION: Which bounding box more accurately localizes and encloses the horse?
OPTIONS:
0: Box A
1: Box B

Answer with the correct option from 0 to 1. Only provide the numeric and nothing else 


Answer: 
assistant
1",1,1,Object Localization,"system
You are a helpful assistant.
user
 QUESTION: Which bounding box more accurately localizes and encloses the horse?
OPTIONS:
0: Box A
1: Box B

Answer with the correct option from 0 to 1. Only provide the numeric and nothing else 


Answer: 
assistant
0",0,1,Object Localization
16,19.98655,35.153236,37.40158,38.57244,40.737686,42.03324,42.07396,42.41616,41.753746,41.891697,41.946953,41.319378,38.27506,37.68616,38.152702,37.8764,38.245686,37.553864,37.68103,37.357403,37.846725,37.719402,37.65943,38.134914,38.390682,37.741238,39.032127,39.437687,39.726673,39.394737,39.672344,7.1296215,8.987649,11.302404,12.504963,16.000658,24.019808,Text tokens,8,17,"system
You are a helpful assistant.
user
 QUESTION: How many fingers are in front of the bathtub?
OPTIONS:
0: 4
1: 3
2: 2
3: 5

Answer with the correct option from 0 to 3. Only provide the numeric and nothing else 


Answer: 
assistant
2",2,1,Counting,"system
You are a helpful assistant.
user
 QUESTION: How many fingers are in front of the bathtub?
OPTIONS:
0: 4
1: 3
2: 2
3: 5

Answer with the correct option from 0 to 3. Only provide the numeric and nothing else 


Answer: 
assistant
1",1,1,Counting
17,18.39956,32.925682,35.21467,36.49751,38.475403,39.752434,40.10901,40.549866,40.124134,40.26755,40.17364,39.421803,36.51875,35.908855,36.27867,36.166115,36.756744,36.17567,36.36258,36.049652,36.602036,36.586857,36.30035,36.927723,37.593227,37.353973,38.523888,38.94411,38.92648,38.836372,38.85825,6.555407,8.151514,10.231802,11.442789,14.675423,23.997934,Text tokens,7,14,"system
You are a helpful assistant.
user
 QUESTION: How many people are wearing glasses?
OPTIONS:
0: 3
1: 2
2: 0
3: 1

Answer with the correct option from 0 to 3. Only provide the numeric and nothing else 


Answer: 
assistant
3",3,3,Counting,"system
You are a helpful assistant.
user
 QUESTION: How many people are wearing glasses?
OPTIONS:
0: 3
1: 2
2: 0
3: 1

Answer with the correct option from 0 to 3. Only provide the numeric and nothing else 


Answer: 
assistant
1",1,3,Counting
18,18.9313,34.01064,36.418983,37.749714,39.903957,41.29906,41.360363,41.834972,41.35393,41.414623,41.56658,40.84146,37.608414,37.202126,37.83011,37.650677,37.910194,37.15029,37.294395,36.774155,37.25022,36.90012,36.669415,37.25977,37.73284,37.554214,38.684956,38.812828,39.082542,39.062336,39.199825,6.757507,8.519905,10.623287,11.929159,15.112103,23.33617,Text tokens,23,44,"system
You are a helpful assistant.
user
 QUESTION: How many motors are driving near the bus?
OPTIONS:
0: 0
1: 2
2: 3
3: 1

Answer with the correct option from 0 to 3. Only provide the numeric and nothing else 


Answer: 
assistant
0",0,0,Counting,"system
You are a helpful assistant.
user
 QUESTION: How many motors are driving near the bus?
OPTIONS:
0: 0
1: 2
2: 3
3: 1

Answer with the correct option from 0 to 3. Only provide the numeric and nothing else 


Answer: 
assistant
2",2,0,Counting
19,20.881475,36.011116,38.425076,39.772427,41.942673,43.23584,43.30969,43.661633,43.089092,43.29007,43.231457,42.430912,39.018616,38.595108,39.267975,39.10993,39.45933,38.781315,39.14996,38.62079,39.065372,38.781967,38.539505,39.31109,39.862625,39.85732,40.88585,41.22353,41.072163,41.02682,41.27713,7.6918483,9.654914,11.961715,13.1837225,16.601469,23.77751,Text tokens,55,98,"system
You are a helpful assistant.
user
 QUESTION: How many people are driving red car front of the train?
OPTIONS:
0: 0
1: 1
2: 3
3: 2

Answer with the correct option from 0 to 3. Only provide the numeric and nothing else 


Answer: 
assistant
0",0,0,Counting,"system
You are a helpful assistant.
user
 QUESTION: How many people are driving red car front of the train?
OPTIONS:
0: 0
1: 1
2: 3
3: 2

Answer with the correct option from 0 to 3. Only provide the numeric and nothing else 


Answer: 
assistant
1",1,0,Counting
20,20.896996,36.16183,38.33805,39.343166,41.473175,42.68307,42.7552,43.05313,42.771736,42.888054,42.776455,42.10066,39.036026,38.46042,38.978905,38.67853,39.15232,38.333744,38.48933,38.038406,38.519745,38.15552,38.093266,38.651188,38.966713,38.4958,39.727905,39.876217,40.03974,39.90455,40.22341,7.721081,9.832173,12.37746,13.482062,16.706715,22.777102,Text tokens,59,105,"system
You are a helpful assistant.
user
 QUESTION: How many white vertical lines are drawn on the ground?
OPTIONS:
0: 3
1: 6
2: 5
3: 4

Answer with the correct option from 0 to 3. Only provide the numeric and nothing else 


Answer: 
assistant
2",2,2,Counting,"system
You are a helpful assistant.
user
 QUESTION: How many white vertical lines are drawn on the ground?
OPTIONS:
0: 3
1: 6
2: 5
3: 4

Answer with the correct option from 0 to 3. Only provide the numeric and nothing else 


Answer: 
assistant
1",1,2,Counting
21,25.568878,39.148384,41.014595,42.052185,43.49477,44.361004,44.810333,44.78265,44.668243,44.801113,44.589405,43.71151,40.749622,39.74758,40.01013,39.333374,39.56665,39.0897,39.27815,38.583893,38.885784,38.273716,37.58481,37.95083,38.140278,37.27141,38.094494,38.169006,38.061836,37.91609,38.403297,6.8879285,8.981249,11.361685,12.928268,16.502932,25.175447,Text tokens,129,330,"system
You are a helpful assistant.
user
 QUESTION: Which bounding box more accurately localizes and encloses the bun?
OPTIONS:
0: Box A
1: Box B

Answer with the correct option from 0 to 1. Only provide the numeric and nothing else 


Answer: 
assistant
1",1,0,Object Localization,"system
You are a helpful assistant.
user
 QUESTION: Which bounding box more accurately localizes and encloses the bun?
OPTIONS:
0: Box A
1: Box B

Answer with the correct option from 0 to 1. Only provide the numeric and nothing else 


Answer: 
assistant
0",0,0,Object Localization
22,22.569977,35.30455,37.29712,38.714996,40.43967,41.32579,41.24374,41.438347,41.24442,41.455173,41.127155,40.515553,37.487865,36.998177,37.24769,36.979553,37.217525,36.629448,36.915104,36.39185,36.81664,36.33863,35.856804,36.44447,36.548096,35.962563,36.83283,36.7521,36.797466,37.07227,37.709133,6.0213633,7.6888695,9.819671,11.319381,14.887641,24.96005,Text tokens,154,392,"system
You are a helpful assistant.
user
 QUESTION: Which point is closer to the camera?
OPTIONS:
0: A is closer
1: B is closer

Answer with the correct option from 0 to 1. Only provide the numeric and nothing else 


Answer: 
assistant
1",1,1,Relative Depth,"system
You are a helpful assistant.
user
 QUESTION: Which point is closer to the camera?
OPTIONS:
0: A is closer
1: B is closer

Answer with the correct option from 0 to 1. Only provide the numeric and nothing else 


Answer: 
assistant
0",0,1,Relative Depth
23,21.730873,35.03963,36.741665,37.77893,39.024815,39.701363,39.914635,40.237713,39.600006,39.81954,39.771015,39.26373,36.45596,35.876564,36.045624,35.82653,35.994045,35.338947,35.608322,34.85392,35.080666,34.646046,34.24546,34.762566,34.89605,34.524597,35.138622,34.982944,34.84725,35.245014,35.44679,4.949602,6.253214,7.924465,9.33387,12.435709,23.130268,Text tokens,236,784,"system
You are a helpful assistant.
user
 QUESTION: Is the apple above the orange?
OPTIONS:
0: yes
1: no

Answer with the correct option from 0 to 1. Only provide the numeric and nothing else 


Answer: 
assistant
1",1,1,Spatial Relation,"system
You are a helpful assistant.
user
 QUESTION: Is the apple above the orange?
OPTIONS:
0: yes
1: no

Answer with the correct option from 0 to 1. Only provide the numeric and nothing else 


Answer: 
assistant
0",0,1,Spatial Relation
24,25.670443,39.147938,40.98615,41.992935,43.48792,44.360497,44.903187,44.767,44.65328,44.806553,44.622234,43.837994,40.919685,40.05582,40.301678,39.680706,39.85255,39.475204,39.691578,39.077305,39.381607,38.80264,38.197407,38.570824,38.904594,38.193,39.034306,39.093307,39.04152,39.144314,39.588154,6.9003863,8.990174,11.43175,13.085311,16.699566,25.706396,Text tokens,143,368,"system
You are a helpful assistant.
user
 QUESTION: Which bounding box more accurately localizes and encloses the bed?
OPTIONS:
0: Box A
1: Box B

Answer with the correct option from 0 to 1. Only provide the numeric and nothing else 


Answer: 
assistant
1",1,0,Object Localization,"system
You are a helpful assistant.
user
 QUESTION: Which bounding box more accurately localizes and encloses the bed?
OPTIONS:
0: Box A
1: Box B

Answer with the correct option from 0 to 1. Only provide the numeric and nothing else 


Answer: 
assistant
0",0,0,Object Localization
25,18.490664,32.913445,35.21431,36.643948,38.71911,40.091427,40.110817,40.53077,39.99377,40.304974,40.313583,39.673462,36.60631,36.16109,36.58587,36.519035,36.65661,35.943577,36.14784,35.807793,36.4432,35.995583,35.785812,36.280804,36.83089,36.608006,37.47176,37.644684,38.23399,38.27257,38.448124,6.4642944,8.152769,10.233739,11.455509,14.6573305,23.393063,Text tokens,50,92,"system
You are a helpful assistant.
user
 QUESTION: How many people are washing hand?
OPTIONS:
0: 1
1: 3
2: 2
3: 0

Answer with the correct option from 0 to 3. Only provide the numeric and nothing else 


Answer: 
assistant
3",3,3,Counting,"system
You are a helpful assistant.
user
 QUESTION: How many people are washing hand?
OPTIONS:
0: 1
1: 3
2: 2
3: 0

Answer with the correct option from 0 to 3. Only provide the numeric and nothing else 


Answer: 
assistant
2",2,3,Counting
26,29.039316,46.867928,50.029884,51.660862,53.297718,54.96388,55.517212,55.842693,55.630814,55.957363,55.80609,54.76709,51.46722,49.93815,50.605396,50.256195,50.696003,49.866722,50.482166,49.481117,50.140514,49.35761,49.153137,50.02257,49.927895,48.351826,49.46407,49.612778,48.782948,48.037067,48.399124,13.309012,16.590479,20.148998,21.17568,24.500809,25.684336,Text tokens,183,606,"system
You are a helpful assistant.
user
 QUESTION: Consider the surface color (color without shading) of the two points in the image. Which one is darker, or the color is about the same?
OPTIONS:
0: A is darker
1: B is darker
2: About the same

Answer with the correct option from 0 to 2. Only provide the numeric and nothing else 


Answer: 
assistant
0",0,0,Relative Reflectance,"system
You are a helpful assistant.
user
 QUESTION: Consider the surface color (color without shading) of the two points in the image. Which one is darker, or the color is about the same?
OPTIONS:
0: A is darker
1: B is darker
2: About the same

Answer with the correct option from 0 to 2. Only provide the numeric and nothing else 


Answer: 
assistant
2",2,0,Relative Reflectance
27,22.569977,35.378387,37.330612,38.74536,40.436893,41.372017,41.348076,41.502544,41.277985,41.42736,41.095974,40.47102,37.64199,37.008827,37.208355,36.968807,37.233395,36.690983,36.943264,36.355686,36.749516,36.193157,35.64868,36.111393,36.147175,35.4055,36.35197,36.333454,36.28905,36.481354,37.10981,5.994145,7.618791,9.772115,11.288436,14.807413,24.889626,Text tokens,166,445,"system
You are a helpful assistant.
user
 QUESTION: Which point is closer to the camera?
OPTIONS:
0: A is closer
1: B is closer

Answer with the correct option from 0 to 1. Only provide the numeric and nothing else 


Answer: 
assistant
1",1,1,Relative Depth,"system
You are a helpful assistant.
user
 QUESTION: Which point is closer to the camera?
OPTIONS:
0: A is closer
1: B is closer

Answer with the correct option from 0 to 1. Only provide the numeric and nothing else 


Answer: 
assistant
0",0,1,Relative Depth
28,22.569977,35.271645,37.268265,38.699368,40.3765,41.29563,41.212677,41.387684,41.187855,41.40935,41.087715,40.446064,37.50796,37.018135,37.308945,36.99954,37.25553,36.69087,36.922676,36.30615,36.678246,36.11086,35.555717,36.10646,36.264053,35.76623,36.51551,36.417976,36.517723,36.761124,37.363594,6.1325645,7.814748,9.960591,11.440817,14.95352,24.64419,Text tokens,179,495,"system
You are a helpful assistant.
user
 QUESTION: Which point is closer to the camera?
OPTIONS:
0: A is closer
1: B is closer

Answer with the correct option from 0 to 1. Only provide the numeric and nothing else 


Answer: 
assistant
1",1,1,Relative Depth,"system
You are a helpful assistant.
user
 QUESTION: Which point is closer to the camera?
OPTIONS:
0: A is closer
1: B is closer

Answer with the correct option from 0 to 1. Only provide the numeric and nothing else 


Answer: 
assistant
0",0,1,Relative Depth
29,23.152977,36.535454,38.235806,39.193497,40.473595,41.091343,41.21043,41.566723,40.92325,41.22328,41.04368,40.3562,37.60384,36.947105,37.122692,36.833965,36.995224,36.323334,36.565403,35.78857,36.073154,35.60952,35.12972,35.640537,35.688087,35.273544,35.768192,35.66125,35.569817,35.964153,36.18621,5.3834453,6.8366528,8.635551,10.042685,13.319134,23.608536,Text tokens,226,761,"system
You are a helpful assistant.
user
 QUESTION: Is the teddy bear under the dog?
OPTIONS:
0: yes
1: no

Answer with the correct option from 0 to 1. Only provide the numeric and nothing else 


Answer: 
assistant
0",0,1,Spatial Relation,"system
You are a helpful assistant.
user
 QUESTION: Is the teddy bear under the dog?
OPTIONS:
0: yes
1: no

Answer with the correct option from 0 to 1. Only provide the numeric and nothing else 


Answer: 
assistant
1",1,1,Spatial Relation
30,25.487103,39.08763,40.942074,41.972443,43.55116,44.439804,44.92404,44.86636,44.704647,44.82435,44.582115,43.67181,40.812286,39.792374,40.07161,39.51043,39.697895,39.295357,39.565796,38.92949,39.157597,38.502457,37.83653,38.18335,38.46018,37.756958,38.563534,38.654213,38.466633,38.388393,38.807682,6.718493,8.764614,11.097013,12.642888,16.048857,24.284264,Text tokens,107,281,"system
You are a helpful assistant.
user
 QUESTION: Which bounding box more accurately localizes and encloses the airplane?
OPTIONS:
0: Box A
1: Box B

Answer with the correct option from 0 to 1. Only provide the numeric and nothing else 


Answer: 
assistant
0",0,1,Object Localization,"system
You are a helpful assistant.
user
 QUESTION: Which bounding box more accurately localizes and encloses the airplane?
OPTIONS:
0: Box A
1: Box B

Answer with the correct option from 0 to 1. Only provide the numeric and nothing else 


Answer: 
assistant
1",1,1,Object Localization
31,19.987911,35.55709,37.8613,39.170605,41.35693,42.643105,42.960243,43.225655,42.631424,42.676537,42.651672,41.88384,38.74486,38.124645,38.600933,38.425312,38.847313,38.054234,38.302456,38.00393,38.503464,38.198784,37.760433,38.452705,38.999714,38.855637,39.830425,39.694984,40.049778,39.966198,40.37599,7.5094085,9.403896,11.702125,13.048318,16.394001,24.250032,Text tokens,56,99,"system
You are a helpful assistant.
user
 QUESTION: How many white fridges are there in the image ?
OPTIONS:
0: 3
1: 2
2: 0
3: 1

Answer with the correct option from 0 to 3. Only provide the numeric and nothing else 


Answer: 
assistant
3",3,3,Counting,"system
You are a helpful assistant.
user
 QUESTION: How many white fridges are there in the image ?
OPTIONS:
0: 3
1: 2
2: 0
3: 1

Answer with the correct option from 0 to 3. Only provide the numeric and nothing else 


Answer: 
assistant
2",2,3,Counting
32,25.487103,39.07128,40.912537,41.92274,43.475754,44.358,44.937656,44.85469,44.701706,44.84218,44.558163,43.691277,40.90897,39.88183,40.149216,39.596066,39.853138,39.519184,39.81008,39.27784,39.495075,38.902718,38.325912,38.761234,39.195435,38.846775,39.58056,39.84162,39.772144,39.977654,40.488846,6.864296,8.897001,11.289027,12.968948,16.7763,26.266054,Text tokens,114,296,"system
You are a helpful assistant.
user
 QUESTION: Which bounding box more accurately localizes and encloses the airplane?
OPTIONS:
0: Box A
1: Box B

Answer with the correct option from 0 to 1. Only provide the numeric and nothing else 


Answer: 
assistant
1",1,0,Object Localization,"system
You are a helpful assistant.
user
 QUESTION: Which bounding box more accurately localizes and encloses the airplane?
OPTIONS:
0: Box A
1: Box B

Answer with the correct option from 0 to 1. Only provide the numeric and nothing else 


Answer: 
assistant
0",0,0,Object Localization
33,25.47049,39.12752,41.00903,42.034344,43.57756,44.509342,44.95055,44.901825,44.796104,44.924202,44.66298,43.875053,40.93775,40.170883,40.43027,39.899387,40.03227,39.583336,39.790134,39.215996,39.61672,39.113316,38.591568,38.90821,39.366756,38.821545,39.573956,39.44998,39.565254,39.98954,40.497833,6.8822064,8.890199,11.347127,12.971686,16.658564,26.580454,Text tokens,150,384,"system
You are a helpful assistant.
user
 QUESTION: Which bounding box more accurately localizes and encloses the refrigerator?
OPTIONS:
0: Box A
1: Box B

Answer with the correct option from 0 to 1. Only provide the numeric and nothing else 


Answer: 
assistant
1",1,0,Object Localization,"system
You are a helpful assistant.
user
 QUESTION: Which bounding box more accurately localizes and encloses the refrigerator?
OPTIONS:
0: Box A
1: Box B

Answer with the correct option from 0 to 1. Only provide the numeric and nothing else 


Answer: 
assistant
0",0,0,Object Localization
34,26.000858,38.787968,40.974415,42.113693,44.233284,45.602215,45.885883,46.342823,45.753273,45.86421,45.705513,44.700615,41.741707,40.337433,40.677498,40.11195,40.672604,39.99695,40.263016,39.578968,39.944786,39.405968,38.929024,39.479225,39.475704,38.697243,39.898136,39.926296,40.37737,39.975815,40.495335,9.223238,11.758574,14.524675,15.644634,19.33015,24.98241,Text tokens,71,125,"system
You are a helpful assistant.
user
 QUESTION: Which one picture follows the same pattern or rule established by the previous pictures?
OPTIONS:
0: Picture A
1: Picture B
2: Picture C
3: Picture D

Answer with the correct option from 0 to 3. Only provide the numeric and nothing else 


Answer: 
assistant
1",1,3,IQ Test,"system
You are a helpful assistant.
user
 QUESTION: Which one picture follows the same pattern or rule established by the previous pictures?
OPTIONS:
0: Picture A
1: Picture B
2: Picture C
3: Picture D

Answer with the correct option from 0 to 3. Only provide the numeric and nothing else 


Answer: 
assistant
2",2,3,IQ Test
35,20.207493,35.3347,37.77623,39.097893,41.247074,42.606255,42.69344,42.89379,42.38335,42.42751,42.475983,41.78271,38.16554,37.680836,37.90005,37.77583,38.025284,37.36781,37.69507,37.093082,37.651207,37.40667,37.200283,38.05182,38.911987,38.934544,39.92023,40.27223,40.25673,40.357464,40.523464,7.6113076,9.382639,11.642906,12.910453,16.197453,23.522638,Text tokens,1,2,"system
You are a helpful assistant.
user
 QUESTION: How many tvs are hung up on the wall?
OPTIONS:
0: 1
1: 0
2: 2
3: 3

Answer with the correct option from 0 to 3. Only provide the numeric and nothing else 


Answer: 
assistant
0",0,1,Counting,"system
You are a helpful assistant.
user
 QUESTION: How many tvs are hung up on the wall?
OPTIONS:
0: 1
1: 0
2: 2
3: 3

Answer with the correct option from 0 to 3. Only provide the numeric and nothing else 


Answer: 
assistant
1",1,1,Counting
36,21.632872,34.89252,36.567295,37.655113,39.00581,39.7473,39.824142,40.151615,39.509403,39.82966,39.668,39.101078,36.331722,35.78289,35.958794,35.707466,35.867416,35.193214,35.4683,34.737175,34.950935,34.598057,34.1633,34.63949,34.74989,34.356453,34.96503,34.865406,34.831005,35.357433,35.644104,5.0920296,6.478377,8.164838,9.597391,12.69975,23.494747,Text tokens,194,666,"system
You are a helpful assistant.
user
 QUESTION: Is the laptop facing the chair?
OPTIONS:
0: yes
1: no

Answer with the correct option from 0 to 1. Only provide the numeric and nothing else 


Answer: 
assistant
1",1,0,Spatial Relation,"system
You are a helpful assistant.
user
 QUESTION: Is the laptop facing the chair?
OPTIONS:
0: yes
1: no

Answer with the correct option from 0 to 1. Only provide the numeric and nothing else 


Answer: 
assistant
0",0,0,Spatial Relation
37,18.501389,33.288647,35.794052,37.25226,39.441048,40.79212,40.85557,41.313408,40.789543,40.99203,41.008427,40.37011,37.262905,36.818314,37.386135,37.180454,37.477703,36.863182,37.036915,36.456276,37.014957,36.60673,36.146477,36.593285,37.135788,36.880642,38.161724,38.24225,38.59149,38.521408,38.894527,6.5922008,8.270953,10.2874775,11.480081,14.6223345,22.34878,Text tokens,40,73,"system
You are a helpful assistant.
user
 QUESTION: How many of the glasses are empty?
OPTIONS:
0: 0
1: 2
2: 3
3: 1

Answer with the correct option from 0 to 3. Only provide the numeric and nothing else 


Answer: 
assistant
0",0,3,Counting,"system
You are a helpful assistant.
user
 QUESTION: How many of the glasses are empty?
OPTIONS:
0: 0
1: 2
2: 3
3: 1

Answer with the correct option from 0 to 3. Only provide the numeric and nothing else 


Answer: 
assistant
2",2,3,Counting
38,22.569977,35.35375,37.33774,38.75053,40.406757,41.303352,41.296463,41.424957,41.24087,41.3909,41.0601,40.422577,37.542393,36.91228,37.14062,36.78784,37.097786,36.539818,36.809486,36.169247,36.54561,36.000877,35.537575,35.947365,36.137905,35.44221,36.434727,36.38775,36.31525,36.562683,37.136692,6.0022216,7.657201,9.780966,11.247354,14.64597,24.205692,Text tokens,178,492,"system
You are a helpful assistant.
user
 QUESTION: Which point is closer to the camera?
OPTIONS:
0: A is closer
1: B is closer

Answer with the correct option from 0 to 1. Only provide the numeric and nothing else 


Answer: 
assistant
1",1,1,Relative Depth,"system
You are a helpful assistant.
user
 QUESTION: Which point is closer to the camera?
OPTIONS:
0: A is closer
1: B is closer

Answer with the correct option from 0 to 1. Only provide the numeric and nothing else 


Answer: 
assistant
0",0,1,Relative Depth
39,21.723309,34.80304,36.522274,37.57787,38.935234,39.638607,39.71573,40.088306,39.502396,39.80078,39.66403,39.167747,36.33498,35.873657,35.98768,35.72249,35.8836,35.214775,35.502274,34.84502,35.012615,34.67335,34.1547,34.637722,34.722477,34.36784,35.183563,35.09917,35.16167,35.52943,35.779903,4.946624,6.2678666,7.937451,9.331881,12.483277,23.755499,Text tokens,223,756,"system
You are a helpful assistant.
user
 QUESTION: Is the sandwich touching the person?
OPTIONS:
0: yes
1: no

Answer with the correct option from 0 to 1. Only provide the numeric and nothing else 


Answer: 
assistant
0",0,0,Spatial Relation,"system
You are a helpful assistant.
user
 QUESTION: Is the sandwich touching the person?
OPTIONS:
0: yes
1: no

Answer with the correct option from 0 to 1. Only provide the numeric and nothing else 


Answer: 
assistant
1",1,0,Spatial Relation
40,25.871824,39.257256,41.40758,42.415195,44.633675,45.833305,45.912914,46.316303,45.25219,45.37666,45.29044,44.65625,41.585133,40.399956,40.929794,40.506966,40.96637,40.070656,40.12242,39.197163,39.656113,39.1234,38.984806,39.599567,39.772217,38.624775,40.055794,40.358147,40.629513,40.550266,41.3712,9.678734,12.294246,15.151566,16.49179,20.105152,26.162464,Text tokens,87,221,"system
You are a helpful assistant.
user
 QUESTION: Which one picture can be folded from the outer surface displayed on the left?
OPTIONS:
0: Picture A
1: Picture B
2: Picture C
3: Picture D

Answer with the correct option from 0 to 3. Only provide the numeric and nothing else 


Answer: 
assistant
0",0,3,IQ Test,"system
You are a helpful assistant.
user
 QUESTION: Which one picture can be folded from the outer surface displayed on the left?
OPTIONS:
0: Picture A
1: Picture B
2: Picture C
3: Picture D

Answer with the correct option from 0 to 3. Only provide the numeric and nothing else 


Answer: 
assistant
2",2,3,IQ Test
41,21.57298,34.949883,36.654552,37.673515,39.038464,39.75451,39.90018,40.213486,39.628452,39.88827,39.742645,39.189312,36.464016,35.982635,36.132114,35.94225,36.128963,35.5125,35.75454,35.027954,35.286953,34.87969,34.436954,34.854485,34.997417,34.641087,35.174915,34.87282,34.726353,35.15033,35.35423,4.93276,6.2373815,7.8977537,9.300314,12.328774,22.750292,Text tokens,204,694,"system
You are a helpful assistant.
user
 QUESTION: Is the microwave above the laptop?
OPTIONS:
0: yes
1: no

Answer with the correct option from 0 to 1. Only provide the numeric and nothing else 


Answer: 
assistant
0",0,1,Spatial Relation,"system
You are a helpful assistant.
user
 QUESTION: Is the microwave above the laptop?
OPTIONS:
0: yes
1: no

Answer with the correct option from 0 to 1. Only provide the numeric and nothing else 


Answer: 
assistant
1",1,1,Spatial Relation
42,18.320261,32.826447,35.15761,36.701077,38.786167,40.082504,40.18461,40.671013,40.02134,40.169537,40.2776,39.524044,36.317944,36.15832,36.693733,36.479034,36.74289,36.07311,36.424828,36.066917,36.48742,36.162598,35.941643,36.608196,37.295197,37.201458,38.43178,38.737743,39.051098,39.1332,39.204445,6.517373,8.149514,10.204972,11.351491,14.467984,22.098986,Text tokens,39,71,"system
You are a helpful assistant.
user
 QUESTION: How many purple planes are there?
OPTIONS:
0: 1
1: 2
2: 0
3: 3

Answer with the correct option from 0 to 3. Only provide the numeric and nothing else 


Answer: 
assistant
2",2,2,Counting,"system
You are a helpful assistant.
user
 QUESTION: How many purple planes are there?
OPTIONS:
0: 1
1: 2
2: 0
3: 3

Answer with the correct option from 0 to 3. Only provide the numeric and nothing else 


Answer: 
assistant
0",0,2,Counting
43,22.549505,36.0702,37.70792,38.6243,39.79933,40.48377,40.672302,40.9832,40.484097,40.719185,40.473446,39.942707,37.29686,36.755875,36.950745,36.642838,36.77532,36.105797,36.32704,35.558895,35.753723,35.256256,34.828415,35.33875,35.46555,35.09918,35.635933,35.6343,35.62245,36.11159,36.371586,5.244916,6.660282,8.4458275,9.929329,13.067236,23.6719,Text tokens,219,743,"system
You are a helpful assistant.
user
 QUESTION: Is the donut inside the bowl?
OPTIONS:
0: yes
1: no

Answer with the correct option from 0 to 1. Only provide the numeric and nothing else 


Answer: 
assistant
1",1,1,Spatial Relation,"system
You are a helpful assistant.
user
 QUESTION: Is the donut inside the bowl?
OPTIONS:
0: yes
1: no

Answer with the correct option from 0 to 1. Only provide the numeric and nothing else 


Answer: 
assistant
0",0,1,Spatial Relation
44,26.000858,38.777096,40.98733,42.085945,44.286755,45.74561,45.975765,46.305748,45.542793,45.681576,45.51561,44.552002,41.463142,39.798275,40.15179,39.639732,40.085503,39.51893,39.747494,39.32419,39.65391,39.30291,38.92237,39.34944,39.67154,38.84861,40.150352,40.457745,40.94635,40.917416,41.646866,9.328604,11.774595,14.544729,15.746881,19.663063,27.014128,Text tokens,86,213,"system
You are a helpful assistant.
user
 QUESTION: Which one picture follows the same pattern or rule established by the previous pictures?
OPTIONS:
0: Picture A
1: Picture B
2: Picture C
3: Picture D

Answer with the correct option from 0 to 3. Only provide the numeric and nothing else 


Answer: 
assistant
3",3,1,IQ Test,"system
You are a helpful assistant.
user
 QUESTION: Which one picture follows the same pattern or rule established by the previous pictures?
OPTIONS:
0: Picture A
1: Picture B
2: Picture C
3: Picture D

Answer with the correct option from 0 to 3. Only provide the numeric and nothing else 


Answer: 
assistant
2",2,1,IQ Test
45,23.90958,37.797283,39.53246,40.545635,41.871357,42.63755,42.901638,43.213715,42.647842,42.862274,42.467487,41.96045,39.189053,38.53597,38.68733,38.25838,38.44519,37.702454,37.917904,37.162334,37.421497,36.922794,36.467857,37.103058,37.146286,36.800095,37.53555,37.238678,37.184196,37.593945,37.859303,5.8792653,7.4822135,9.472703,10.972748,14.406343,24.707487,Text tokens,229,768,"system
You are a helpful assistant.
user
 QUESTION: Is the dining table away from the potted plant?
OPTIONS:
0: yes
1: no

Answer with the correct option from 0 to 1. Only provide the numeric and nothing else 


Answer: 
assistant
1",1,1,Spatial Relation,"system
You are a helpful assistant.
user
 QUESTION: Is the dining table away from the potted plant?
OPTIONS:
0: yes
1: no

Answer with the correct option from 0 to 1. Only provide the numeric and nothing else 


Answer: 
assistant
0",0,1,Spatial Relation
46,22.78286,36.256454,37.967976,38.94537,40.245117,40.97039,41.12718,41.392017,40.950928,41.136715,40.949757,40.391933,37.68801,37.09971,37.368,37.12942,37.246937,36.47904,36.762783,35.954422,36.21843,35.72933,35.21421,35.71146,35.868927,35.54231,36.164165,35.95687,35.842426,36.32722,36.58109,5.451357,6.916309,8.738288,10.219938,13.389982,23.33076,Text tokens,220,746,"system
You are a helpful assistant.
user
 QUESTION: Is the bicycle in front of the umbrella?
OPTIONS:
0: yes
1: no

Answer with the correct option from 0 to 1. Only provide the numeric and nothing else 


Answer: 
assistant
1",1,0,Spatial Relation,"system
You are a helpful assistant.
user
 QUESTION: Is the bicycle in front of the umbrella?
OPTIONS:
0: yes
1: no

Answer with the correct option from 0 to 1. Only provide the numeric and nothing else 


Answer: 
assistant
0",0,0,Spatial Relation
47,25.871824,39.156216,41.34918,42.377136,44.589207,45.8165,45.983593,46.547245,45.644474,45.63163,45.546024,44.853077,41.824493,40.612766,41.165176,40.703636,41.255856,40.3452,40.44425,39.364735,39.74188,39.15294,38.908333,39.55163,39.550987,38.541073,39.930492,40.293835,40.705406,40.35139,40.921093,9.578176,12.272602,15.098873,16.29663,19.951456,25.190516,Text tokens,97,261,"system
You are a helpful assistant.
user
 QUESTION: Which one picture can be folded from the outer surface displayed on the left?
OPTIONS:
0: Picture A
1: Picture B
2: Picture C
3: Picture D

Answer with the correct option from 0 to 3. Only provide the numeric and nothing else 


Answer: 
assistant
0",0,1,IQ Test,"system
You are a helpful assistant.
user
 QUESTION: Which one picture can be folded from the outer surface displayed on the left?
OPTIONS:
0: Picture A
1: Picture B
2: Picture C
3: Picture D

Answer with the correct option from 0 to 3. Only provide the numeric and nothing else 


Answer: 
assistant
1",1,1,IQ Test
48,19.472212,34.368958,36.75773,38.142735,40.345493,41.612495,41.71403,42.15937,41.627438,41.85925,41.72552,41.062912,37.974895,37.635395,38.184933,37.89175,38.210815,37.281364,37.42697,36.832848,37.23742,36.91817,36.561157,37.181686,37.58355,37.26231,38.37026,38.396484,38.829758,38.775112,39.030167,6.829143,8.548918,10.705056,11.924536,15.124093,23.080563,Text tokens,24,45,"system
You are a helpful assistant.
user
 QUESTION: How many blue circles are on this building?
OPTIONS:
0: 0
1: 3
2: 2
3: 1

Answer with the correct option from 0 to 3. Only provide the numeric and nothing else 


Answer: 
assistant
3",3,3,Counting,"system
You are a helpful assistant.
user
 QUESTION: How many blue circles are on this building?
OPTIONS:
0: 0
1: 3
2: 2
3: 1

Answer with the correct option from 0 to 3. Only provide the numeric and nothing else 


Answer: 
assistant
2",2,3,Counting
49,26.000858,38.83042,41.056774,42.17199,44.339478,45.696747,45.96005,46.272602,45.54849,45.64539,45.469276,44.42899,41.409645,40.03557,40.396584,39.822044,40.326206,39.71277,39.9613,39.323208,39.684593,39.186474,38.745926,39.10945,39.177677,38.400604,39.642048,39.659332,39.987225,39.800343,40.47645,9.060494,11.584206,14.3396,15.397226,18.920918,24.786167,Text tokens,91,234,"system
You are a helpful assistant.
user
 QUESTION: Which one picture follows the same pattern or rule established by the previous pictures?
OPTIONS:
0: Picture A
1: Picture B
2: Picture C
3: Picture D

Answer with the correct option from 0 to 3. Only provide the numeric and nothing else 


Answer: 
assistant
1",1,2,IQ Test,"system
You are a helpful assistant.
user
 QUESTION: Which one picture follows the same pattern or rule established by the previous pictures?
OPTIONS:
0: Picture A
1: Picture B
2: Picture C
3: Picture D

Answer with the correct option from 0 to 3. Only provide the numeric and nothing else 


Answer: 
assistant
2",2,2,IQ Test
0,22.569977,35.20408,37.233616,38.72653,40.434414,41.411087,41.370026,41.667046,41.47431,41.694305,41.4421,40.764236,37.733074,37.14058,37.240536,36.847855,37.047337,36.406204,36.631874,35.991863,36.360508,35.679493,35.13121,35.73841,35.693134,35.000828,35.906967,35.817226,35.997574,35.905293,36.34697,6.2756515,8.060744,10.276162,11.700504,15.255172,23.499664,Text only tokens,163,430,"system
You are a helpful assistant.
user
 QUESTION: Which point is closer to the camera?
OPTIONS:
0: A is closer
1: B is closer

Answer with the correct option from 0 to 1. Only provide the numeric and nothing else 


Answer: 
assistant
1",1,1,Relative Depth,"system
You are a helpful assistant.
user
 QUESTION: Which point is closer to the camera?
OPTIONS:
0: A is closer
1: B is closer

Answer with the correct option from 0 to 1. Only provide the numeric and nothing else 


Answer: 
assistant
0",0,1,Relative Depth
1,18.933027,33.85867,36.33502,37.94686,39.918118,41.317204,41.369236,42.01876,41.438137,41.59041,41.573074,40.76802,37.338943,37.199615,37.362453,36.93201,37.22049,36.667747,36.927334,36.408913,36.786484,36.066265,35.713383,36.700657,36.884598,36.303482,37.33597,37.23834,37.70474,37.32154,37.667416,7.09114,8.974461,11.198881,12.315985,15.560175,21.688387,Text only tokens,28,49,"system
You are a helpful assistant.
user
 QUESTION: How many blue towels are in the picture?
OPTIONS:
0: 3
1: 0
2: 2
3: 1

Answer with the correct option from 0 to 3. Only provide the numeric and nothing else 


Answer: 
assistant
3",3,3,Counting,"system
You are a helpful assistant.
user
 QUESTION: How many blue towels are in the picture?
OPTIONS:
0: 3
1: 0
2: 2
3: 1

Answer with the correct option from 0 to 3. Only provide the numeric and nothing else 


Answer: 
assistant
0",0,3,Counting
2,18.432373,32.703568,35.10656,36.767525,38.73907,40.125263,40.138714,40.86807,40.176617,40.482502,40.2927,39.551296,36.475414,36.15277,36.38257,36.052464,36.30104,35.877842,36.14536,35.886097,36.398705,35.68266,35.365105,36.230343,36.407063,35.605453,36.57407,36.674793,37.014343,36.50631,36.75816,6.748353,8.63736,10.880043,12.145803,15.651832,22.117624,Text only tokens,6,10,"system
You are a helpful assistant.
user
 QUESTION: How many people are eating food?
OPTIONS:
0: 1
1: 0
2: 3
3: 2

Answer with the correct option from 0 to 3. Only provide the numeric and nothing else 


Answer: 
assistant
0",0,1,Counting,"system
You are a helpful assistant.
user
 QUESTION: How many people are eating food?
OPTIONS:
0: 1
1: 0
2: 3
3: 2

Answer with the correct option from 0 to 3. Only provide the numeric and nothing else 


Answer: 
assistant
1",1,1,Counting
3,21.681501,34.707336,36.460117,37.72561,39.139133,39.85287,39.797375,40.147427,39.48314,39.765022,39.63981,39.011353,36.00746,35.566544,35.591576,35.21862,35.191837,34.338814,34.641045,33.726837,34.00549,33.461136,33.07211,33.704376,33.75525,33.236004,33.89314,33.790684,34.07712,34.447685,34.832855,5.0958576,6.5227866,8.232569,9.568713,12.797977,22.292238,Text only tokens,189,657,"system
You are a helpful assistant.
user
 QUESTION: Is the laptop touching the person?
OPTIONS:
0: yes
1: no

Answer with the correct option from 0 to 1. Only provide the numeric and nothing else 


Answer: 
assistant
0",0,0,Spatial Relation,"system
You are a helpful assistant.
user
 QUESTION: Is the laptop touching the person?
OPTIONS:
0: yes
1: no

Answer with the correct option from 0 to 1. Only provide the numeric and nothing else 


Answer: 
assistant
1",1,0,Spatial Relation
4,25.871824,39.120296,41.327744,42.530067,44.86908,45.99703,45.943035,46.554615,45.485485,45.775352,45.70429,45.126842,42.13211,41.412045,41.609776,40.882816,41.30543,40.136837,40.22558,39.260883,39.59012,38.580467,38.46375,39.411156,39.40826,38.169346,39.420467,39.365215,39.94895,39.451805,39.95193,9.515007,12.115612,14.994202,16.072498,19.51383,23.120764,Text only tokens,70,124,"system
You are a helpful assistant.
user
 QUESTION: Which one picture can be folded from the outer surface displayed on the left?
OPTIONS:
0: Picture A
1: Picture B
2: Picture C
3: Picture D

Answer with the correct option from 0 to 3. Only provide the numeric and nothing else 


Answer: 
assistant
0",0,0,IQ Test,"system
You are a helpful assistant.
user
 QUESTION: Which one picture can be folded from the outer surface displayed on the left?
OPTIONS:
0: Picture A
1: Picture B
2: Picture C
3: Picture D

Answer with the correct option from 0 to 3. Only provide the numeric and nothing else 


Answer: 
assistant
2",2,0,IQ Test
5,20.541136,36.41704,38.851116,40.328526,42.373386,43.78615,43.683468,44.014965,43.4137,43.581215,43.556274,42.81857,39.518307,39.38161,39.550247,39.326057,39.442844,39.00597,39.400288,39.00409,39.507442,38.771366,38.702713,39.717693,39.90422,39.287365,40.107243,39.907867,40.130264,39.803486,40.38642,8.4126835,10.67575,13.214246,14.478008,18.102438,23.862328,Text only tokens,62,113,"system
You are a helpful assistant.
user
 QUESTION: How many people are standing near the right of the giraffe ?
OPTIONS:
0: 0
1: 1
2: 2
3: 3

Answer with the correct option from 0 to 3. Only provide the numeric and nothing else 


Answer: 
assistant
0",0,0,Counting,"system
You are a helpful assistant.
user
 QUESTION: How many people are standing near the right of the giraffe ?
OPTIONS:
0: 0
1: 1
2: 2
3: 3

Answer with the correct option from 0 to 3. Only provide the numeric and nothing else 


Answer: 
assistant
1",1,0,Counting
6,19.203526,33.927803,36.165897,37.69293,39.553917,40.82937,40.81078,41.510616,41.005867,41.380314,41.177723,40.410282,37.304665,37.079,37.280537,36.863163,37.04103,36.3445,36.41972,36.162373,36.648647,36.10002,35.898846,36.686836,36.876816,36.17391,37.060417,37.03598,37.559765,37.05254,37.36313,7.011093,8.864549,11.177715,12.335955,15.673819,21.565107,Text only tokens,57,101,"system
You are a helpful assistant.
user
 QUESTION: How many people are wearing blue shirt?
OPTIONS:
0: 2
1: 4
2: 3
3: 1

Answer with the correct option from 0 to 3. Only provide the numeric and nothing else 


Answer: 
assistant
1",1,0,Counting,"system
You are a helpful assistant.
user
 QUESTION: How many people are wearing blue shirt?
OPTIONS:
0: 2
1: 4
2: 3
3: 1

Answer with the correct option from 0 to 3. Only provide the numeric and nothing else 


Answer: 
assistant
2",2,0,Counting
7,18.777496,33.220894,35.49521,36.98303,39.06174,40.29905,40.307747,41.23194,40.704624,40.988564,40.84369,40.19248,37.527218,37.07002,37.155865,36.5765,36.83926,36.179966,36.354897,35.889793,36.26739,35.957874,36.002197,36.59178,36.838715,35.919086,36.8716,36.818027,37.428772,36.6464,36.977753,6.862939,8.655754,10.867749,11.972723,15.3309355,21.311584,Text only tokens,35,59,"system
You are a helpful assistant.
user
 QUESTION: How many plates are holding sandwiches?
OPTIONS:
0: 2
1: 4
2: 5
3: 3

Answer with the correct option from 0 to 3. Only provide the numeric and nothing else 


Answer: 
assistant
3",3,3,Counting,"system
You are a helpful assistant.
user
 QUESTION: How many plates are holding sandwiches?
OPTIONS:
0: 2
1: 4
2: 5
3: 3

Answer with the correct option from 0 to 3. Only provide the numeric and nothing else 


Answer: 
assistant
2",2,3,Counting
8,21.643353,34.775356,36.561726,37.739048,39.13184,39.853302,39.771687,40.065098,39.50979,39.79118,39.638863,39.079758,36.066765,35.718807,35.645264,35.338375,35.370197,34.522713,34.82214,33.867554,34.142677,33.55636,33.10939,33.658684,33.69734,33.19192,33.796707,33.69372,33.96887,34.31297,34.694008,5.067128,6.485203,8.184303,9.486302,12.616868,21.707632,Text only tokens,188,653,"system
You are a helpful assistant.
user
 QUESTION: Is the bicycle on the bus?
OPTIONS:
0: yes
1: no

Answer with the correct option from 0 to 1. Only provide the numeric and nothing else 


Answer: 
assistant
0",0,0,Spatial Relation,"system
You are a helpful assistant.
user
 QUESTION: Is the bicycle on the bus?
OPTIONS:
0: yes
1: no

Answer with the correct option from 0 to 1. Only provide the numeric and nothing else 


Answer: 
assistant
1",1,0,Spatial Relation
9,18.200846,32.577118,34.85622,36.439083,38.348297,39.7303,39.652504,40.307198,39.75756,40.004856,39.7748,39.225292,36.261696,36.06144,36.357906,35.957428,36.233955,35.578136,35.783607,35.28313,35.730976,35.349552,35.04174,35.74869,36.016838,35.527973,36.433636,36.56843,37.072014,36.43967,36.773205,6.5923204,8.362965,10.602983,11.833814,15.13339,21.446352,Text only tokens,26,47,"system
You are a helpful assistant.
user
 QUESTION: How many toilets have lids?
OPTIONS:
0: 4
1: 1
2: 3
3: 2

Answer with the correct option from 0 to 3. Only provide the numeric and nothing else 


Answer: 
assistant
1",1,3,Counting,"system
You are a helpful assistant.
user
 QUESTION: How many toilets have lids?
OPTIONS:
0: 4
1: 1
2: 3
3: 2

Answer with the correct option from 0 to 3. Only provide the numeric and nothing else 


Answer: 
assistant
2",2,3,Counting
10,22.569977,35.20408,37.233616,38.72653,40.434414,41.411087,41.370026,41.667046,41.47431,41.694305,41.4421,40.764236,37.733074,37.14058,37.240536,36.847855,37.047337,36.406204,36.631874,35.991863,36.360508,35.679493,35.13121,35.73841,35.693134,35.000828,35.906967,35.817226,35.997574,35.905293,36.34697,6.2756515,8.060744,10.276162,11.700504,15.255172,23.499664,Text only tokens,173,472,"system
You are a helpful assistant.
user
 QUESTION: Which point is closer to the camera?
OPTIONS:
0: A is closer
1: B is closer

Answer with the correct option from 0 to 1. Only provide the numeric and nothing else 


Answer: 
assistant
1",1,1,Relative Depth,"system
You are a helpful assistant.
user
 QUESTION: Which point is closer to the camera?
OPTIONS:
0: A is closer
1: B is closer

Answer with the correct option from 0 to 1. Only provide the numeric and nothing else 


Answer: 
assistant
0",0,1,Relative Depth
11,23.566221,36.92149,38.806812,39.889225,41.290993,42.171917,42.10298,42.324257,41.51831,41.909466,41.76597,41.139236,38.083153,37.422977,37.460373,37.114704,37.082127,36.209106,36.49524,35.446133,35.756554,34.962265,34.493244,35.248646,35.159145,34.658054,35.19256,35.178524,35.347385,35.776516,36.367355,5.9903126,7.6997733,9.697136,11.052678,14.390676,22.159418,Text only tokens,235,782,"system
You are a helpful assistant.
user
 QUESTION: Is the couch at the right side of the person?
OPTIONS:
0: yes
1: no

Answer with the correct option from 0 to 1. Only provide the numeric and nothing else 


Answer: 
assistant
1",1,1,Spatial Relation,"system
You are a helpful assistant.
user
 QUESTION: Is the couch at the right side of the person?
OPTIONS:
0: yes
1: no

Answer with the correct option from 0 to 1. Only provide the numeric and nothing else 


Answer: 
assistant
0",0,1,Spatial Relation
12,25.565697,39.03863,40.91265,42.083107,43.630196,44.48931,44.904854,44.91929,44.75145,45.005367,44.742992,43.958397,40.99765,40.077362,40.17888,39.536537,39.60363,38.74169,38.858105,37.77238,37.8895,37.165157,36.604805,37.55361,37.57131,36.612423,37.453255,37.261127,37.540813,37.303734,37.85462,7.0835714,9.203585,11.670315,13.066553,16.569633,23.790382,Text only tokens,139,359,"system
You are a helpful assistant.
user
 QUESTION: Which bounding box more accurately localizes and encloses the sandwich?
OPTIONS:
0: Box A
1: Box B

Answer with the correct option from 0 to 1. Only provide the numeric and nothing else 


Answer: 
assistant
1",1,1,Object Localization,"system
You are a helpful assistant.
user
 QUESTION: Which bounding box more accurately localizes and encloses the sandwich?
OPTIONS:
0: Box A
1: Box B

Answer with the correct option from 0 to 1. Only provide the numeric and nothing else 


Answer: 
assistant
0",0,1,Object Localization
13,20.276403,34.895626,37.082294,38.45552,40.508007,41.729637,41.695686,42.356823,41.86023,42.137062,41.91885,41.334248,38.48848,38.11125,38.195065,37.68974,37.853527,37.079025,37.181065,36.73675,37.036358,36.352116,36.099342,36.939426,37.16477,36.43037,37.501488,37.456306,38.08937,37.36691,37.84094,7.265172,9.187469,11.5765,12.713119,16.145819,22.074114,Text only tokens,22,41,"system
You are a helpful assistant.
user
 QUESTION: How many flower pots have flowers in them?
OPTIONS:
0: 5
1: 4
2: 6
3: 3

Answer with the correct option from 0 to 3. Only provide the numeric and nothing else 


Answer: 
assistant
3",3,2,Counting,"system
You are a helpful assistant.
user
 QUESTION: How many flower pots have flowers in them?
OPTIONS:
0: 5
1: 4
2: 6
3: 3

Answer with the correct option from 0 to 3. Only provide the numeric and nothing else 


Answer: 
assistant
1",1,2,Counting
14,25.635977,39.106693,40.97892,42.110027,43.587555,44.473427,44.903236,44.94566,44.7763,44.998436,44.719803,43.914097,40.973114,40.005646,40.087025,39.416615,39.499523,38.681736,38.837254,37.80124,37.908848,37.198643,36.58249,37.560116,37.564,36.61306,37.473434,37.296513,37.555557,37.3244,37.87078,7.075743,9.197543,11.65844,13.050372,16.565102,23.798887,Text only tokens,151,385,"system
You are a helpful assistant.
user
 QUESTION: Which bounding box more accurately localizes and encloses the plate?
OPTIONS:
0: Box A
1: Box B

Answer with the correct option from 0 to 1. Only provide the numeric and nothing else 


Answer: 
assistant
0",0,1,Object Localization,"system
You are a helpful assistant.
user
 QUESTION: Which bounding box more accurately localizes and encloses the plate?
OPTIONS:
0: Box A
1: Box B

Answer with the correct option from 0 to 1. Only provide the numeric and nothing else 


Answer: 
assistant
1",1,1,Object Localization
15,25.594202,39.129322,41.001827,42.169144,43.664005,44.539444,44.934357,44.968887,44.802822,45.01715,44.7422,43.92041,40.915627,39.979942,40.079483,39.421013,39.47757,38.660645,38.83236,37.756058,37.86366,37.065834,36.481117,37.505013,37.525406,36.603477,37.424603,37.21859,37.542908,37.299316,37.8723,7.073169,9.178534,11.643698,13.053851,16.54661,23.740831,Text only tokens,108,284,"system
You are a helpful assistant.
user
 QUESTION: Which bounding box more accurately localizes and encloses the horse?
OPTIONS:
0: Box A
1: Box B

Answer with the correct option from 0 to 1. Only provide the numeric and nothing else 


Answer: 
assistant
1",1,1,Object Localization,"system
You are a helpful assistant.
user
 QUESTION: Which bounding box more accurately localizes and encloses the horse?
OPTIONS:
0: Box A
1: Box B

Answer with the correct option from 0 to 1. Only provide the numeric and nothing else 


Answer: 
assistant
0",0,1,Object Localization
16,19.98655,35.06261,37.370388,38.758595,40.691147,42.00566,41.940437,42.41866,41.711678,41.92868,42.009506,41.41256,38.394836,37.831253,38.073826,37.597897,37.79929,37.17829,37.16927,36.735657,37.057735,36.72761,36.606068,37.32788,37.445007,36.697918,37.70257,37.803543,38.347412,37.769375,38.279854,7.5191674,9.50615,11.972516,13.127995,16.507092,22.05505,Text only tokens,8,17,"system
You are a helpful assistant.
user
 QUESTION: How many fingers are in front of the bathtub?
OPTIONS:
0: 4
1: 3
2: 2
3: 5

Answer with the correct option from 0 to 3. Only provide the numeric and nothing else 


Answer: 
assistant
2",2,1,Counting,"system
You are a helpful assistant.
user
 QUESTION: How many fingers are in front of the bathtub?
OPTIONS:
0: 4
1: 3
2: 2
3: 5

Answer with the correct option from 0 to 3. Only provide the numeric and nothing else 


Answer: 
assistant
1",1,1,Counting
17,18.39956,32.73657,35.12183,36.804474,38.726696,39.919067,40.071163,40.714535,40.167416,40.492096,40.286552,39.526352,36.45126,36.04346,36.254242,35.901054,36.149174,35.54525,35.591732,35.325092,35.815434,35.403107,35.151093,35.87004,36.10231,35.4587,36.611835,36.72195,37.21826,36.73464,37.012623,6.755188,8.575633,10.805406,12.025413,15.447609,21.818386,Text only tokens,7,14,"system
You are a helpful assistant.
user
 QUESTION: How many people are wearing glasses?
OPTIONS:
0: 3
1: 2
2: 0
3: 1

Answer with the correct option from 0 to 3. Only provide the numeric and nothing else 


Answer: 
assistant
3",3,3,Counting,"system
You are a helpful assistant.
user
 QUESTION: How many people are wearing glasses?
OPTIONS:
0: 3
1: 2
2: 0
3: 1

Answer with the correct option from 0 to 3. Only provide the numeric and nothing else 


Answer: 
assistant
1",1,3,Counting
18,18.9313,33.955544,36.410908,38.0292,40.13619,41.581074,41.533337,42.194496,41.613216,41.786587,41.709858,41.07315,37.7231,37.69759,37.925808,37.55779,37.821793,37.211475,37.53729,36.956512,37.420105,36.8172,36.725777,37.491196,37.651684,37.027626,37.915394,37.794155,38.316822,37.789425,38.08764,7.333556,9.348803,11.675402,12.948231,16.43458,22.454859,Text only tokens,23,44,"system
You are a helpful assistant.
user
 QUESTION: How many motors are driving near the bus?
OPTIONS:
0: 0
1: 2
2: 3
3: 1

Answer with the correct option from 0 to 3. Only provide the numeric and nothing else 


Answer: 
assistant
0",0,0,Counting,"system
You are a helpful assistant.
user
 QUESTION: How many motors are driving near the bus?
OPTIONS:
0: 0
1: 2
2: 3
3: 1

Answer with the correct option from 0 to 3. Only provide the numeric and nothing else 


Answer: 
assistant
2",2,0,Counting
19,20.881475,35.928055,38.42538,40.040077,42.08293,43.475185,43.458336,44.019352,43.24256,43.480606,43.243313,42.49224,39.1045,39.147953,39.573803,39.488495,39.742313,39.140984,39.460583,38.946175,39.320858,38.583874,38.37283,39.366024,39.582134,38.979008,39.78951,39.526016,39.81123,39.407085,39.934357,8.234311,10.482318,13.069015,14.339387,17.90289,23.396568,Text only tokens,55,98,"system
You are a helpful assistant.
user
 QUESTION: How many people are driving red car front of the train?
OPTIONS:
0: 0
1: 1
2: 3
3: 2

Answer with the correct option from 0 to 3. Only provide the numeric and nothing else 


Answer: 
assistant
0",0,0,Counting,"system
You are a helpful assistant.
user
 QUESTION: How many people are driving red car front of the train?
OPTIONS:
0: 0
1: 1
2: 3
3: 2

Answer with the correct option from 0 to 3. Only provide the numeric and nothing else 


Answer: 
assistant
1",1,0,Counting
20,20.896996,36.08171,38.333443,39.624638,41.622963,42.734898,42.636116,43.07778,42.70253,42.934574,42.78125,42.241623,39.179802,38.89787,39.076534,38.43304,38.716534,37.912334,38.094,37.54607,37.839996,37.388428,37.38785,38.32269,38.399567,37.579998,38.802956,38.839237,39.324585,38.672367,39.12697,7.891486,10.015739,12.523107,13.573805,16.946861,22.174147,Text only tokens,59,105,"system
You are a helpful assistant.
user
 QUESTION: How many white vertical lines are drawn on the ground?
OPTIONS:
0: 3
1: 6
2: 5
3: 4

Answer with the correct option from 0 to 3. Only provide the numeric and nothing else 


Answer: 
assistant
2",2,2,Counting,"system
You are a helpful assistant.
user
 QUESTION: How many white vertical lines are drawn on the ground?
OPTIONS:
0: 3
1: 6
2: 5
3: 4

Answer with the correct option from 0 to 3. Only provide the numeric and nothing else 


Answer: 
assistant
1",1,2,Counting
21,25.568878,39.11883,40.98775,42.150368,43.594715,44.497562,44.91453,44.935238,44.828465,45.070072,44.789074,43.986958,40.98226,40.07345,40.14102,39.473804,39.541706,38.705273,38.832005,37.779076,37.868984,37.132706,36.564827,37.548763,37.582954,36.63315,37.4649,37.30356,37.62784,37.437576,37.99543,7.0795693,9.21665,11.684033,13.104962,16.611906,23.856964,Text only tokens,129,330,"system
You are a helpful assistant.
user
 QUESTION: Which bounding box more accurately localizes and encloses the bun?
OPTIONS:
0: Box A
1: Box B

Answer with the correct option from 0 to 1. Only provide the numeric and nothing else 


Answer: 
assistant
1",1,0,Object Localization,"system
You are a helpful assistant.
user
 QUESTION: Which bounding box more accurately localizes and encloses the bun?
OPTIONS:
0: Box A
1: Box B

Answer with the correct option from 0 to 1. Only provide the numeric and nothing else 


Answer: 
assistant
0",0,0,Object Localization
22,22.569977,35.20408,37.233616,38.72653,40.434414,41.411087,41.370026,41.667046,41.47431,41.694305,41.4421,40.764236,37.733074,37.14058,37.240536,36.847855,37.047337,36.406204,36.631874,35.991863,36.360508,35.679493,35.13121,35.73841,35.693134,35.000828,35.906967,35.817226,35.997574,35.905293,36.34697,6.2756515,8.060744,10.276162,11.700504,15.255172,23.499664,Text only tokens,154,392,"system
You are a helpful assistant.
user
 QUESTION: Which point is closer to the camera?
OPTIONS:
0: A is closer
1: B is closer

Answer with the correct option from 0 to 1. Only provide the numeric and nothing else 


Answer: 
assistant
1",1,1,Relative Depth,"system
You are a helpful assistant.
user
 QUESTION: Which point is closer to the camera?
OPTIONS:
0: A is closer
1: B is closer

Answer with the correct option from 0 to 1. Only provide the numeric and nothing else 


Answer: 
assistant
0",0,1,Relative Depth
23,21.730873,34.857143,36.617416,37.820053,39.13197,39.792866,39.89707,40.284977,39.586334,39.817146,39.788067,39.181637,36.22338,35.726448,35.71208,35.37072,35.38953,34.532993,34.799526,33.883987,34.15121,33.52625,33.172203,33.695297,33.76485,33.25974,33.885105,33.85285,34.035866,34.38475,34.617065,5.042949,6.4270954,8.122451,9.398753,12.515191,21.530426,Text only tokens,236,784,"system
You are a helpful assistant.
user
 QUESTION: Is the apple above the orange?
OPTIONS:
0: yes
1: no

Answer with the correct option from 0 to 1. Only provide the numeric and nothing else 


Answer: 
assistant
1",1,1,Spatial Relation,"system
You are a helpful assistant.
user
 QUESTION: Is the apple above the orange?
OPTIONS:
0: yes
1: no

Answer with the correct option from 0 to 1. Only provide the numeric and nothing else 


Answer: 
assistant
0",0,1,Spatial Relation
24,25.670443,39.090214,40.95673,42.098343,43.567783,44.45418,44.936115,44.915615,44.741924,44.96425,44.704475,43.934254,40.975746,40.12595,40.22396,39.558765,39.616898,38.774082,38.945187,37.903996,38.01458,37.278927,36.65994,37.575844,37.62287,36.67364,37.54963,37.42944,37.73392,37.48993,38.05664,7.078369,9.21773,11.685137,13.110299,16.646492,23.975492,Text only tokens,143,368,"system
You are a helpful assistant.
user
 QUESTION: Which bounding box more accurately localizes and encloses the bed?
OPTIONS:
0: Box A
1: Box B

Answer with the correct option from 0 to 1. Only provide the numeric and nothing else 


Answer: 
assistant
1",1,0,Object Localization,"system
You are a helpful assistant.
user
 QUESTION: Which bounding box more accurately localizes and encloses the bed?
OPTIONS:
0: Box A
1: Box B

Answer with the correct option from 0 to 1. Only provide the numeric and nothing else 


Answer: 
assistant
0",0,0,Object Localization
25,18.490664,32.787754,35.167362,36.812187,38.75976,40.11508,40.03807,40.628933,40.00687,40.470314,40.322704,39.70487,36.758705,36.521423,36.681114,36.454876,36.71615,36.14235,36.30678,36.00644,36.53443,36.008354,35.819347,36.49047,36.674957,36.018246,36.776207,36.812805,37.33435,36.8285,37.07791,6.7441072,8.566887,10.754839,11.986873,15.325191,21.963213,Text only tokens,50,92,"system
You are a helpful assistant.
user
 QUESTION: How many people are washing hand?
OPTIONS:
0: 1
1: 3
2: 2
3: 0

Answer with the correct option from 0 to 3. Only provide the numeric and nothing else 


Answer: 
assistant
3",3,3,Counting,"system
You are a helpful assistant.
user
 QUESTION: How many people are washing hand?
OPTIONS:
0: 1
1: 3
2: 2
3: 0

Answer with the correct option from 0 to 3. Only provide the numeric and nothing else 


Answer: 
assistant
2",2,3,Counting
26,29.039316,46.854595,50.087948,51.922962,53.896683,55.68379,56.16014,56.44168,56.145123,56.40146,56.402863,55.26908,51.710644,50.033752,50.268993,49.671932,49.82943,48.75267,49.33977,48.031445,48.28176,47.101692,46.67599,48.10868,47.75664,46.338207,47.218086,46.908947,46.3165,45.37352,45.93952,14.540381,18.198307,21.773735,22.494638,25.378925,24.834139,Text only tokens,183,606,"system
You are a helpful assistant.
user
 QUESTION: Consider the surface color (color without shading) of the two points in the image. Which one is darker, or the color is about the same?
OPTIONS:
0: A is darker
1: B is darker
2: About the same

Answer with the correct option from 0 to 2. Only provide the numeric and nothing else 


Answer: 
assistant
0",0,0,Relative Reflectance,"system
You are a helpful assistant.
user
 QUESTION: Consider the surface color (color without shading) of the two points in the image. Which one is darker, or the color is about the same?
OPTIONS:
0: A is darker
1: B is darker
2: About the same

Answer with the correct option from 0 to 2. Only provide the numeric and nothing else 


Answer: 
assistant
2",2,0,Relative Reflectance
27,22.569977,35.20408,37.233616,38.72653,40.434414,41.411087,41.370026,41.667046,41.47431,41.694305,41.4421,40.764236,37.733074,37.14058,37.240536,36.847855,37.047337,36.406204,36.631874,35.991863,36.360508,35.679493,35.13121,35.73841,35.693134,35.000828,35.906967,35.817226,35.997574,35.905293,36.34697,6.2756515,8.060744,10.276162,11.700504,15.255172,23.499664,Text only tokens,166,445,"system
You are a helpful assistant.
user
 QUESTION: Which point is closer to the camera?
OPTIONS:
0: A is closer
1: B is closer

Answer with the correct option from 0 to 1. Only provide the numeric and nothing else 


Answer: 
assistant
1",1,1,Relative Depth,"system
You are a helpful assistant.
user
 QUESTION: Which point is closer to the camera?
OPTIONS:
0: A is closer
1: B is closer

Answer with the correct option from 0 to 1. Only provide the numeric and nothing else 


Answer: 
assistant
0",0,1,Relative Depth
28,22.569977,35.20408,37.233616,38.72653,40.434414,41.411087,41.370026,41.667046,41.47431,41.694305,41.4421,40.764236,37.733074,37.14058,37.240536,36.847855,37.047337,36.406204,36.631874,35.991863,36.360508,35.679493,35.13121,35.73841,35.693134,35.000828,35.906967,35.817226,35.997574,35.905293,36.34697,6.2756515,8.060744,10.276162,11.700504,15.255172,23.499664,Text only tokens,179,495,"system
You are a helpful assistant.
user
 QUESTION: Which point is closer to the camera?
OPTIONS:
0: A is closer
1: B is closer

Answer with the correct option from 0 to 1. Only provide the numeric and nothing else 


Answer: 
assistant
1",1,1,Relative Depth,"system
You are a helpful assistant.
user
 QUESTION: Which point is closer to the camera?
OPTIONS:
0: A is closer
1: B is closer

Answer with the correct option from 0 to 1. Only provide the numeric and nothing else 


Answer: 
assistant
0",0,1,Relative Depth
29,23.152977,36.509335,38.240044,39.333878,40.65776,41.29443,41.31133,41.65338,40.880554,41.254745,41.0904,40.36852,37.472225,36.89658,36.886208,36.512222,36.459106,35.594765,35.872982,34.90904,35.148746,34.447826,34.10613,34.68972,34.747707,34.23269,34.815174,34.741642,35.004738,35.43079,35.74123,5.6410036,7.2942057,9.195462,10.579448,13.933749,22.609892,Text only tokens,226,761,"system
You are a helpful assistant.
user
 QUESTION: Is the teddy bear under the dog?
OPTIONS:
0: yes
1: no

Answer with the correct option from 0 to 1. Only provide the numeric and nothing else 


Answer: 
assistant
0",0,1,Spatial Relation,"system
You are a helpful assistant.
user
 QUESTION: Is the teddy bear under the dog?
OPTIONS:
0: yes
1: no

Answer with the correct option from 0 to 1. Only provide the numeric and nothing else 


Answer: 
assistant
1",1,1,Spatial Relation
30,25.487103,39.112354,40.987907,42.142746,43.629787,44.51762,44.93544,44.945316,44.730812,44.953175,44.657005,43.826992,40.875904,39.930847,40.023182,39.380966,39.469276,38.66895,38.791668,37.718063,37.80376,37.04743,36.458694,37.468616,37.498695,36.555412,37.404095,37.190376,37.511147,37.268433,37.852573,7.091533,9.2063675,11.65854,13.06204,16.55912,23.631893,Text only tokens,107,281,"system
You are a helpful assistant.
user
 QUESTION: Which bounding box more accurately localizes and encloses the airplane?
OPTIONS:
0: Box A
1: Box B

Answer with the correct option from 0 to 1. Only provide the numeric and nothing else 


Answer: 
assistant
0",0,1,Object Localization,"system
You are a helpful assistant.
user
 QUESTION: Which bounding box more accurately localizes and encloses the airplane?
OPTIONS:
0: Box A
1: Box B

Answer with the correct option from 0 to 1. Only provide the numeric and nothing else 


Answer: 
assistant
1",1,1,Object Localization
31,19.987911,35.46192,37.843468,39.373066,41.364265,42.63007,42.878082,43.335754,42.677032,42.85616,42.69563,41.908386,38.633774,38.271183,38.438416,38.03914,38.348545,37.590126,37.892483,37.48495,37.99038,37.41596,37.08793,38.15664,38.439342,37.757446,38.859985,38.597805,39.118027,38.641487,39.02084,7.7558036,9.898077,12.317929,13.494093,16.922607,22.025686,Text only tokens,56,99,"system
You are a helpful assistant.
user
 QUESTION: How many white fridges are there in the image ?
OPTIONS:
0: 3
1: 2
2: 0
3: 1

Answer with the correct option from 0 to 3. Only provide the numeric and nothing else 


Answer: 
assistant
3",3,3,Counting,"system
You are a helpful assistant.
user
 QUESTION: How many white fridges are there in the image ?
OPTIONS:
0: 3
1: 2
2: 0
3: 1

Answer with the correct option from 0 to 3. Only provide the numeric and nothing else 


Answer: 
assistant
2",2,3,Counting
32,25.487103,39.112354,40.987907,42.142746,43.629787,44.51762,44.93544,44.945316,44.730812,44.953175,44.657005,43.826992,40.875904,39.930847,40.023182,39.380966,39.469276,38.66895,38.791668,37.718063,37.80376,37.04743,36.458694,37.468616,37.498695,36.555412,37.404095,37.190376,37.511147,37.268433,37.852573,7.091533,9.2063675,11.65854,13.06204,16.55912,23.631893,Text only tokens,114,296,"system
You are a helpful assistant.
user
 QUESTION: Which bounding box more accurately localizes and encloses the airplane?
OPTIONS:
0: Box A
1: Box B

Answer with the correct option from 0 to 1. Only provide the numeric and nothing else 


Answer: 
assistant
1",1,0,Object Localization,"system
You are a helpful assistant.
user
 QUESTION: Which bounding box more accurately localizes and encloses the airplane?
OPTIONS:
0: Box A
1: Box B

Answer with the correct option from 0 to 1. Only provide the numeric and nothing else 


Answer: 
assistant
0",0,0,Object Localization
33,25.47049,39.045185,40.92975,42.098392,43.59484,44.497025,44.920135,44.91799,44.80155,45.01934,44.72723,43.930904,41.02462,40.091393,40.16919,39.5123,39.545414,38.734867,38.911827,37.87357,38.001762,37.266434,36.662838,37.621513,37.662735,36.739773,37.60451,37.40249,37.68981,37.417946,38.001854,7.1013455,9.229734,11.699909,13.100684,16.620474,23.723783,Text only tokens,150,384,"system
You are a helpful assistant.
user
 QUESTION: Which bounding box more accurately localizes and encloses the refrigerator?
OPTIONS:
0: Box A
1: Box B

Answer with the correct option from 0 to 1. Only provide the numeric and nothing else 


Answer: 
assistant
1",1,0,Object Localization,"system
You are a helpful assistant.
user
 QUESTION: Which bounding box more accurately localizes and encloses the refrigerator?
OPTIONS:
0: Box A
1: Box B

Answer with the correct option from 0 to 1. Only provide the numeric and nothing else 


Answer: 
assistant
0",0,0,Object Localization
34,26.000858,38.707317,40.955967,42.25747,44.553,45.88063,45.957783,46.434246,45.71656,46.049946,45.89534,45.075554,42.137897,41.401493,41.508987,40.666187,41.059113,40.171017,40.432343,39.856018,40.091335,39.04634,38.926563,39.786747,39.809483,38.66576,39.88962,39.60514,40.017338,39.42014,39.903984,9.384769,11.920297,14.806604,15.777423,19.238188,22.735596,Text only tokens,71,125,"system
You are a helpful assistant.
user
 QUESTION: Which one picture follows the same pattern or rule established by the previous pictures?
OPTIONS:
0: Picture A
1: Picture B
2: Picture C
3: Picture D

Answer with the correct option from 0 to 3. Only provide the numeric and nothing else 


Answer: 
assistant
1",1,3,IQ Test,"system
You are a helpful assistant.
user
 QUESTION: Which one picture follows the same pattern or rule established by the previous pictures?
OPTIONS:
0: Picture A
1: Picture B
2: Picture C
3: Picture D

Answer with the correct option from 0 to 3. Only provide the numeric and nothing else 


Answer: 
assistant
2",2,3,IQ Test
35,20.207493,35.272957,37.759686,39.32097,41.30788,42.6697,42.639465,43.05726,42.430355,42.629997,42.5319,41.982185,38.411777,38.48502,38.616673,38.42539,38.594494,38.246517,38.779263,38.26259,38.768787,37.98464,37.668556,38.826702,39.037155,38.149853,39.04724,38.77448,39.175037,38.509846,38.816257,7.817137,9.86764,12.239317,13.477711,17.018026,22.56905,Text only tokens,1,2,"system
You are a helpful assistant.
user
 QUESTION: How many tvs are hung up on the wall?
OPTIONS:
0: 1
1: 0
2: 2
3: 3

Answer with the correct option from 0 to 3. Only provide the numeric and nothing else 


Answer: 
assistant
0",0,1,Counting,"system
You are a helpful assistant.
user
 QUESTION: How many tvs are hung up on the wall?
OPTIONS:
0: 1
1: 0
2: 2
3: 3

Answer with the correct option from 0 to 3. Only provide the numeric and nothing else 


Answer: 
assistant
1",1,1,Counting
36,21.632872,34.74063,36.472588,37.715134,39.123123,39.817924,39.74396,40.088757,39.374302,39.69861,39.60778,38.98056,36.035805,35.585434,35.60715,35.305374,35.336777,34.442932,34.729015,33.864967,34.065674,33.41091,33.080826,33.721184,33.788273,33.330204,33.933544,33.876526,34.201042,34.61752,35.059288,5.0817623,6.497818,8.19628,9.495201,12.714574,22.145342,Text only tokens,194,666,"system
You are a helpful assistant.
user
 QUESTION: Is the laptop facing the chair?
OPTIONS:
0: yes
1: no

Answer with the correct option from 0 to 1. Only provide the numeric and nothing else 


Answer: 
assistant
1",1,0,Spatial Relation,"system
You are a helpful assistant.
user
 QUESTION: Is the laptop facing the chair?
OPTIONS:
0: yes
1: no

Answer with the correct option from 0 to 1. Only provide the numeric and nothing else 


Answer: 
assistant
0",0,0,Spatial Relation
37,18.501389,33.24756,35.803345,37.441185,39.434925,40.895382,40.895065,41.55376,41.1019,41.39555,41.260334,40.659,37.559677,37.3329,37.586227,37.11173,37.35271,36.776527,36.940983,36.540016,37.029003,36.565613,36.227947,36.79379,36.89304,36.2903,37.3778,37.306705,37.71729,37.32506,37.69298,7.1557956,9.081542,11.398284,12.62346,15.933553,21.259619,Text only tokens,40,73,"system
You are a helpful assistant.
user
 QUESTION: How many of the glasses are empty?
OPTIONS:
0: 0
1: 2
2: 3
3: 1

Answer with the correct option from 0 to 3. Only provide the numeric and nothing else 


Answer: 
assistant
0",0,3,Counting,"system
You are a helpful assistant.
user
 QUESTION: How many of the glasses are empty?
OPTIONS:
0: 0
1: 2
2: 3
3: 1

Answer with the correct option from 0 to 3. Only provide the numeric and nothing else 


Answer: 
assistant
2",2,3,Counting
38,22.569977,35.20408,37.233616,38.72653,40.434414,41.411087,41.370026,41.667046,41.47431,41.694305,41.4421,40.764236,37.733074,37.14058,37.240536,36.847855,37.047337,36.406204,36.631874,35.991863,36.360508,35.679493,35.13121,35.73841,35.693134,35.000828,35.906967,35.817226,35.997574,35.905293,36.34697,6.2756515,8.060744,10.276162,11.700504,15.255172,23.499664,Text only tokens,178,492,"system
You are a helpful assistant.
user
 QUESTION: Which point is closer to the camera?
OPTIONS:
0: A is closer
1: B is closer

Answer with the correct option from 0 to 1. Only provide the numeric and nothing else 


Answer: 
assistant
1",1,1,Relative Depth,"system
You are a helpful assistant.
user
 QUESTION: Which point is closer to the camera?
OPTIONS:
0: A is closer
1: B is closer

Answer with the correct option from 0 to 1. Only provide the numeric and nothing else 


Answer: 
assistant
0",0,1,Relative Depth
39,21.723309,34.661003,36.449883,37.70311,39.179413,39.916016,39.84223,40.203514,39.559635,39.841396,39.732056,39.15778,36.128685,35.68386,35.70693,35.311962,35.343803,34.454147,34.728027,33.77346,34.061142,33.552715,33.13732,33.784775,33.76552,33.272984,33.94356,33.868855,34.11191,34.48821,34.88822,5.1162014,6.546622,8.261823,9.612707,12.836015,22.449617,Text only tokens,223,756,"system
You are a helpful assistant.
user
 QUESTION: Is the sandwich touching the person?
OPTIONS:
0: yes
1: no

Answer with the correct option from 0 to 1. Only provide the numeric and nothing else 


Answer: 
assistant
0",0,0,Spatial Relation,"system
You are a helpful assistant.
user
 QUESTION: Is the sandwich touching the person?
OPTIONS:
0: yes
1: no

Answer with the correct option from 0 to 1. Only provide the numeric and nothing else 


Answer: 
assistant
1",1,0,Spatial Relation
40,25.871824,39.120296,41.327744,42.530067,44.86908,45.99703,45.943035,46.554615,45.485485,45.775352,45.70429,45.126842,42.13211,41.412045,41.609776,40.882816,41.30543,40.136837,40.22558,39.260883,39.59012,38.580467,38.46375,39.411156,39.40826,38.169346,39.420467,39.365215,39.94895,39.451805,39.95193,9.515007,12.115612,14.994202,16.072498,19.51383,23.120764,Text only tokens,87,221,"system
You are a helpful assistant.
user
 QUESTION: Which one picture can be folded from the outer surface displayed on the left?
OPTIONS:
0: Picture A
1: Picture B
2: Picture C
3: Picture D

Answer with the correct option from 0 to 3. Only provide the numeric and nothing else 


Answer: 
assistant
0",0,3,IQ Test,"system
You are a helpful assistant.
user
 QUESTION: Which one picture can be folded from the outer surface displayed on the left?
OPTIONS:
0: Picture A
1: Picture B
2: Picture C
3: Picture D

Answer with the correct option from 0 to 3. Only provide the numeric and nothing else 


Answer: 
assistant
2",2,3,IQ Test
41,21.57298,34.910004,36.66702,37.906925,39.27065,39.98362,39.961433,40.290165,39.605236,39.89893,39.73177,39.11641,36.1408,35.72253,35.715183,35.405605,35.44411,34.532913,34.81627,33.89063,34.172817,33.651783,33.30102,33.79155,33.894703,33.428932,34.05252,33.93446,34.15749,34.642704,34.919666,5.118609,6.550816,8.2594595,9.569092,12.711518,22.092384,Text only tokens,204,694,"system
You are a helpful assistant.
user
 QUESTION: Is the microwave above the laptop?
OPTIONS:
0: yes
1: no

Answer with the correct option from 0 to 1. Only provide the numeric and nothing else 


Answer: 
assistant
0",0,1,Spatial Relation,"system
You are a helpful assistant.
user
 QUESTION: Is the microwave above the laptop?
OPTIONS:
0: yes
1: no

Answer with the correct option from 0 to 1. Only provide the numeric and nothing else 


Answer: 
assistant
1",1,1,Spatial Relation
42,18.320261,32.77552,35.18317,36.927742,38.792686,40.10705,40.197556,40.80426,40.17006,40.450855,40.444336,39.77967,36.50891,36.28372,36.56214,36.13225,36.355713,35.812805,36.166294,35.907295,36.327335,35.859978,35.676918,36.486397,36.74342,36.117584,37.130836,37.13189,37.54401,37.03273,37.284214,6.631514,8.38651,10.54574,11.777761,15.17162,21.411337,Text only tokens,39,71,"system
You are a helpful assistant.
user
 QUESTION: How many purple planes are there?
OPTIONS:
0: 1
1: 2
2: 0
3: 3

Answer with the correct option from 0 to 3. Only provide the numeric and nothing else 


Answer: 
assistant
2",2,2,Counting,"system
You are a helpful assistant.
user
 QUESTION: How many purple planes are there?
OPTIONS:
0: 1
1: 2
2: 0
3: 3

Answer with the correct option from 0 to 3. Only provide the numeric and nothing else 


Answer: 
assistant
0",0,2,Counting
43,22.549505,35.82641,37.549343,38.722744,39.980274,40.715633,40.71672,41.05699,40.454945,40.804974,40.567383,39.94906,36.982307,36.47076,36.441956,36.04435,36.066505,35.178307,35.451508,34.47959,34.748604,34.154522,33.775635,34.34848,34.41021,33.885914,34.488144,34.45686,34.6387,35.057217,35.40758,5.382626,6.9386916,8.730592,10.036121,13.254571,21.917807,Text only tokens,219,743,"system
You are a helpful assistant.
user
 QUESTION: Is the donut inside the bowl?
OPTIONS:
0: yes
1: no

Answer with the correct option from 0 to 1. Only provide the numeric and nothing else 


Answer: 
assistant
1",1,1,Spatial Relation,"system
You are a helpful assistant.
user
 QUESTION: Is the donut inside the bowl?
OPTIONS:
0: yes
1: no

Answer with the correct option from 0 to 1. Only provide the numeric and nothing else 


Answer: 
assistant
0",0,1,Spatial Relation
44,26.000858,38.707317,40.955967,42.25747,44.553,45.88063,45.957783,46.434246,45.71656,46.049946,45.89534,45.075554,42.137897,41.401493,41.508987,40.666187,41.059113,40.171017,40.432343,39.856018,40.091335,39.04634,38.926563,39.786747,39.809483,38.66576,39.88962,39.60514,40.017338,39.42014,39.903984,9.384769,11.920297,14.806604,15.777423,19.238188,22.735596,Text only tokens,86,213,"system
You are a helpful assistant.
user
 QUESTION: Which one picture follows the same pattern or rule established by the previous pictures?
OPTIONS:
0: Picture A
1: Picture B
2: Picture C
3: Picture D

Answer with the correct option from 0 to 3. Only provide the numeric and nothing else 


Answer: 
assistant
3",3,1,IQ Test,"system
You are a helpful assistant.
user
 QUESTION: Which one picture follows the same pattern or rule established by the previous pictures?
OPTIONS:
0: Picture A
1: Picture B
2: Picture C
3: Picture D

Answer with the correct option from 0 to 3. Only provide the numeric and nothing else 


Answer: 
assistant
2",2,1,IQ Test
45,23.90958,37.698303,39.514755,40.672867,42.075325,42.796165,42.84581,43.167034,42.47811,42.8314,42.526352,41.92078,38.707016,38.180798,38.179253,37.704353,37.64341,36.69895,36.947556,35.867756,36.0349,35.24876,34.946346,35.73594,35.714417,35.21051,35.894302,35.75896,35.91747,36.311794,36.864307,6.15753,7.929491,10.0272455,11.4500265,14.998638,23.380524,Text only tokens,229,768,"system
You are a helpful assistant.
user
 QUESTION: Is the dining table away from the potted plant?
OPTIONS:
0: yes
1: no

Answer with the correct option from 0 to 1. Only provide the numeric and nothing else 


Answer: 
assistant
1",1,1,Spatial Relation,"system
You are a helpful assistant.
user
 QUESTION: Is the dining table away from the potted plant?
OPTIONS:
0: yes
1: no

Answer with the correct option from 0 to 1. Only provide the numeric and nothing else 


Answer: 
assistant
0",0,1,Spatial Relation
46,22.78286,36.259792,38.0195,39.1598,40.53864,41.269913,41.204033,41.44639,40.8194,41.0732,40.947666,40.268757,37.125713,36.706802,36.76196,36.473858,36.436466,35.573193,35.90044,34.905334,35.17647,34.462006,34.07404,34.684273,34.70689,34.168995,34.757847,34.688614,34.92848,35.318913,35.74065,5.5749774,7.152407,9.020514,10.338431,13.636507,21.763018,Text only tokens,220,746,"system
You are a helpful assistant.
user
 QUESTION: Is the bicycle in front of the umbrella?
OPTIONS:
0: yes
1: no

Answer with the correct option from 0 to 1. Only provide the numeric and nothing else 


Answer: 
assistant
1",1,0,Spatial Relation,"system
You are a helpful assistant.
user
 QUESTION: Is the bicycle in front of the umbrella?
OPTIONS:
0: yes
1: no

Answer with the correct option from 0 to 1. Only provide the numeric and nothing else 


Answer: 
assistant
0",0,0,Spatial Relation
47,25.871824,39.120296,41.327744,42.530067,44.86908,45.99703,45.943035,46.554615,45.485485,45.775352,45.70429,45.126842,42.13211,41.412045,41.609776,40.882816,41.30543,40.136837,40.22558,39.260883,39.59012,38.580467,38.46375,39.411156,39.40826,38.169346,39.420467,39.365215,39.94895,39.451805,39.95193,9.515007,12.115612,14.994202,16.072498,19.51383,23.120764,Text only tokens,97,261,"system
You are a helpful assistant.
user
 QUESTION: Which one picture can be folded from the outer surface displayed on the left?
OPTIONS:
0: Picture A
1: Picture B
2: Picture C
3: Picture D

Answer with the correct option from 0 to 3. Only provide the numeric and nothing else 


Answer: 
assistant
0",0,1,IQ Test,"system
You are a helpful assistant.
user
 QUESTION: Which one picture can be folded from the outer surface displayed on the left?
OPTIONS:
0: Picture A
1: Picture B
2: Picture C
3: Picture D

Answer with the correct option from 0 to 3. Only provide the numeric and nothing else 


Answer: 
assistant
1",1,1,IQ Test
48,19.472212,34.285736,36.694893,38.27965,40.3081,41.65922,41.616634,42.258766,41.61474,41.99903,41.804104,41.080383,37.767517,37.68414,38.054035,37.571697,37.90078,37.293713,37.58329,37.073975,37.45735,36.84684,36.786053,37.73551,38.05847,37.411533,38.496536,38.478558,38.92094,38.435867,38.66742,7.3034654,9.278125,11.657911,12.917488,16.29502,21.808191,Text only tokens,24,45,"system
You are a helpful assistant.
user
 QUESTION: How many blue circles are on this building?
OPTIONS:
0: 0
1: 3
2: 2
3: 1

Answer with the correct option from 0 to 3. Only provide the numeric and nothing else 


Answer: 
assistant
3",3,3,Counting,"system
You are a helpful assistant.
user
 QUESTION: How many blue circles are on this building?
OPTIONS:
0: 0
1: 3
2: 2
3: 1

Answer with the correct option from 0 to 3. Only provide the numeric and nothing else 


Answer: 
assistant
2",2,3,Counting
49,26.000858,38.707317,40.955967,42.25747,44.553,45.88063,45.957783,46.434246,45.71656,46.049946,45.89534,45.075554,42.137897,41.401493,41.508987,40.666187,41.059113,40.171017,40.432343,39.856018,40.091335,39.04634,38.926563,39.786747,39.809483,38.66576,39.88962,39.60514,40.017338,39.42014,39.903984,9.384769,11.920297,14.806604,15.777423,19.238188,22.735596,Text only tokens,91,234,"system
You are a helpful assistant.
user
 QUESTION: Which one picture follows the same pattern or rule established by the previous pictures?
OPTIONS:
0: Picture A
1: Picture B
2: Picture C
3: Picture D

Answer with the correct option from 0 to 3. Only provide the numeric and nothing else 


Answer: 
assistant
1",1,2,IQ Test,"system
You are a helpful assistant.
user
 QUESTION: Which one picture follows the same pattern or rule established by the previous pictures?
OPTIONS:
0: Picture A
1: Picture B
2: Picture C
3: Picture D

Answer with the correct option from 0 to 3. Only provide the numeric and nothing else 


Answer: 
assistant
2",2,2,IQ Test
