,0,1,2,3,4,5,6,7,8,9,10,11,12,13,14,15,16,17,18,19,20,21,22,23,24,25,26,27,28,29,30,31,32,33,34,35,36,Mean over,idx_corrected,idx_main,outputwImg,predictionwImg,gold_referencewImg,tagwImg,outputwoImg,predictionwoImg,gold_referencewoImg,tagwoImg
0,2.9892926,21.60641,22.43256,15.507114,17.613504,22.453465,27.432238,33.781723,38.45961,44.334347,45.03265,43.541336,44.72697,46.0034,48.470745,51.09005,53.873466,55.49313,56.847534,57.59415,57.997395,53.78419,55.719036,58.19064,60.406696,63.14005,62.21029,63.26325,65.16772,66.97555,70.20269,51.192017,56.128716,56.883,49.731358,46.108547,37.348446,All tokens,114,416,"system
You are a helpful assistant.
user
 QUESTION: Which animal's skin is better adapted as a warning sign to ward off predators?
OPTIONS:
0: crown-of-thorns sea star
1: peppered moth

Answer with the correct option from 0 to 1. Only provide the numeric and nothing else 

Answer: 
assistant
0",0,0,grade3,"system
You are a helpful assistant.
user
 QUESTION: Which animal's skin is better adapted as a warning sign to ward off predators?
OPTIONS:
0: crown-of-thorns sea star
1: peppered moth

Answer with the correct option from 0 to 1. Only provide the numeric and nothing else 

Answer: 
assistant
1",1,0,grade3
1,3.299399,30.309513,31.727879,27.374235,33.67458,43.394672,51.35971,62.243576,70.56937,78.652565,80.49627,78.40973,78.191536,76.169785,77.802025,81.974,86.15238,89.8316,91.7982,92.7519,93.82143,87.64543,91.37349,95.281265,96.18974,100.450584,99.52065,99.67676,100.39024,102.06992,105.002045,95.195526,96.68403,91.50739,76.98105,66.21581,42.83245,All tokens,25,124,"system
You are a helpful assistant.
user
 QUESTION: Identify the question that Kira's experiment can best answer.
OPTIONS:
0: Does linen fabric turn darker than cotton fabric when soaked in a mixture of black dye and water?
1: Does fabric turn darker when soaked in a mixture of black dye and water for 15 minutes compared to 30 minutes?

Answer with the correct option from 0 to 1. Only provide the numeric and nothing else 

Answer: 
assistant
0",0,0,grade6,"system
You are a helpful assistant.
user
 QUESTION: Identify the question that Kira's experiment can best answer.
OPTIONS:
0: Does linen fabric turn darker than cotton fabric when soaked in a mixture of black dye and water?
1: Does fabric turn darker when soaked in a mixture of black dye and water for 15 minutes compared to 30 minutes?

Answer with the correct option from 0 to 1. Only provide the numeric and nothing else 

Answer: 
assistant
1",1,0,grade6
2,2.3040447,16.367659,17.886076,11.77279,13.524402,17.56118,21.620785,26.797432,30.571852,35.19391,36.58197,36.86122,38.51069,38.70073,40.78216,42.316185,44.212593,45.3146,46.998287,47.95417,48.77056,46.124382,48.046497,50.720978,52.440033,55.27467,55.167664,56.887936,58.826397,60.271355,62.3796,41.665615,47.244846,50.76056,48.802666,47.900036,35.065434,All tokens,281,983,"system
You are a helpful assistant.
user
 QUESTION: Select the organism in the same species as the red-billed gull.
OPTIONS:
0: Haliaeetus leucocephalus
1: Chroicocephalus ridibundus
2: Chroicocephalus scopulinus

Answer with the correct option from 0 to 2. Only provide the numeric and nothing else 

Answer: 
assistant
2",2,2,grade8,"system
You are a helpful assistant.
user
 QUESTION: Select the organism in the same species as the red-billed gull.
OPTIONS:
0: Haliaeetus leucocephalus
1: Chroicocephalus ridibundus
2: Chroicocephalus scopulinus

Answer with the correct option from 0 to 2. Only provide the numeric and nothing else 

Answer: 
assistant
1",1,2,grade8
3,51.529682,70.080215,69.92529,69.38715,71.387695,74.90876,77.44289,83.347885,85.16703,84.104996,87.391785,80.06133,74.36091,69.899864,70.880264,70.87199,74.75472,77.72627,80.22228,83.767876,89.575806,87.03236,90.601524,97.12968,101.471275,105.007645,106.87352,103.35397,102.03366,104.1002,106.13961,101.26695,96.804535,96.886406,87.922325,88.66652,82.655304,All tokens,250,897,"system
You are a helpful assistant.
user
 QUESTION: Which country is highlighted?
OPTIONS:
0: Haiti
1: Saint Kitts and Nevis
2: the Dominican Republic
3: Dominica

Answer with the correct option from 0 to 3. Only provide the numeric and nothing else 

Answer: 
assistant
3",3,3,grade6,"system
You are a helpful assistant.
user
 QUESTION: Which country is highlighted?
OPTIONS:
0: Haiti
1: Saint Kitts and Nevis
2: the Dominican Republic
3: Dominica

Answer with the correct option from 0 to 3. Only provide the numeric and nothing else 

Answer: 
assistant
2",2,3,grade6
4,53.146275,71.39423,70.74513,70.00767,72.12721,75.69118,78.92017,85.2626,87.79589,88.504524,91.99885,85.52161,78.50262,80.082436,80.59862,79.853424,83.40437,85.5396,88.555565,90.58192,97.85134,94.29482,98.7587,106.182495,111.61899,114.905396,116.076836,110.96007,110.54877,111.16051,112.76257,107.66122,109.74957,99.92912,97.633675,98.94087,87.742775,All tokens,228,817,"system
You are a helpful assistant.
user
 QUESTION: Which country is highlighted?
OPTIONS:
0: Papua New Guinea
1: Australia
2: the Federated States of Micronesia
3: Palau

Answer with the correct option from 0 to 3. Only provide the numeric and nothing else 

Answer: 
assistant
3",3,2,grade6,"system
You are a helpful assistant.
user
 QUESTION: Which country is highlighted?
OPTIONS:
0: Papua New Guinea
1: Australia
2: the Federated States of Micronesia
3: Palau

Answer with the correct option from 0 to 3. Only provide the numeric and nothing else 

Answer: 
assistant
2",2,2,grade6
5,37.79758,52.87579,53.18124,52.16944,53.228878,56.336304,57.347157,63.62816,67.04345,70.54604,66.665146,66.17133,61.388893,59.406124,59.07717,58.761074,61.191425,62.53602,64.40137,65.824005,69.97199,67.811356,71.65579,76.61171,79.561676,82.679985,83.93161,81.86783,83.04155,86.21324,86.101166,80.05606,81.491554,77.00157,70.98875,70.09879,76.52886,All tokens,142,509,"system
You are a helpful assistant.
user
 QUESTION: What is the name of the colony shown?
OPTIONS:
0: Massachusetts
1: Rhode Island
2: New Hampshire
3: Vermont

Answer with the correct option from 0 to 3. Only provide the numeric and nothing else 

Answer: 
assistant
2",2,2,grade5,"system
You are a helpful assistant.
user
 QUESTION: What is the name of the colony shown?
OPTIONS:
0: Massachusetts
1: Rhode Island
2: New Hampshire
3: Vermont

Answer with the correct option from 0 to 3. Only provide the numeric and nothing else 

Answer: 
assistant
1",1,2,grade5
6,36.576984,51.782288,52.045254,51.244144,52.4372,55.611427,57.05101,63.160316,66.64207,70.07577,67.56538,66.87723,62.44358,60.758553,60.47592,60.00212,62.358162,63.818768,65.05545,66.37321,69.9078,67.48781,70.92266,75.65899,78.07515,80.59655,82.24858,80.53965,81.3718,85.457245,85.52361,79.74974,81.00147,77.1025,72.35021,70.42959,75.395874,All tokens,104,389,"system
You are a helpful assistant.
user
 QUESTION: What is the name of the colony shown?
OPTIONS:
0: Georgia
1: New Hampshire
2: South Carolina
3: West Virginia

Answer with the correct option from 0 to 3. Only provide the numeric and nothing else 

Answer: 
assistant
0",0,0,grade5,"system
You are a helpful assistant.
user
 QUESTION: What is the name of the colony shown?
OPTIONS:
0: Georgia
1: New Hampshire
2: South Carolina
3: West Virginia

Answer with the correct option from 0 to 3. Only provide the numeric and nothing else 

Answer: 
assistant
2",2,0,grade5
7,15.615336,40.164547,41.747204,36.40853,38.77241,43.965294,48.694714,54.505936,58.363907,61.986546,63.677605,63.91476,63.722595,63.169743,65.1584,64.781654,66.036964,66.94419,68.86336,69.387985,71.69383,69.36495,71.3555,74.19982,76.39939,77.08776,77.54735,76.90294,76.308556,77.73753,78.764,62.393436,68.23546,68.64145,62.189705,58.769085,46.110703,All tokens,558,1905,"system
You are a helpful assistant.
user
 QUESTION: Which of the following fossils is younger? Select the more likely answer.
OPTIONS:
0: feather
1: ginkgo leaf

Answer with the correct option from 0 to 1. Only provide the numeric and nothing else 

Answer: 
assistant
0",0,0,grade8,"system
You are a helpful assistant.
user
 QUESTION: Which of the following fossils is younger? Select the more likely answer.
OPTIONS:
0: feather
1: ginkgo leaf

Answer with the correct option from 0 to 1. Only provide the numeric and nothing else 

Answer: 
assistant
1",1,0,grade8
8,4.013453,21.216017,21.827812,9.848583,9.903093,11.009927,13.079606,15.330775,17.223354,19.307463,20.619368,20.137356,21.990383,21.942574,23.611315,24.612164,26.024775,27.020943,28.135977,29.126127,29.873512,28.938353,30.186596,32.078243,34.263557,35.97172,37.007732,38.949883,40.657734,42.02286,45.138283,21.59497,25.995169,29.363365,29.304884,31.422585,33.125996,All tokens,89,346,"system
You are a helpful assistant.
user
 QUESTION: Which property matches this object?
OPTIONS:
0: transparent
1: smooth

Answer with the correct option from 0 to 1. Only provide the numeric and nothing else 

Answer: 
assistant
1",1,1,grade3,"system
You are a helpful assistant.
user
 QUESTION: Which property matches this object?
OPTIONS:
0: transparent
1: smooth

Answer with the correct option from 0 to 1. Only provide the numeric and nothing else 

Answer: 
assistant
0",0,1,grade3
9,33.822712,48.8353,49.387897,48.799934,50.486656,53.506065,55.940823,60.654057,63.25079,66.81526,67.22239,64.28622,60.668663,60.986755,62.07327,61.426846,64.12754,66.41759,67.91497,69.980835,73.612495,70.94025,74.06839,78.42454,81.67688,84.22732,85.545135,83.366684,84.6042,86.70161,87.70706,81.53754,83.233376,80.47454,74.24753,72.766815,66.77258,All tokens,432,1479,"system
You are a helpful assistant.
user
 QUESTION: Which continent is highlighted?
OPTIONS:
0: South America
1: North America
2: Asia
3: Africa

Answer with the correct option from 0 to 3. Only provide the numeric and nothing else 

Answer: 
assistant
3",3,3,grade8,"system
You are a helpful assistant.
user
 QUESTION: Which continent is highlighted?
OPTIONS:
0: South America
1: North America
2: Asia
3: Africa

Answer with the correct option from 0 to 3. Only provide the numeric and nothing else 

Answer: 
assistant
0",0,3,grade8
10,32.26947,61.34155,60.116188,61.557884,67.3219,76.53211,85.11166,94.65413,99.81135,106.813,106.40556,97.57438,95.692924,90.65732,91.74713,90.035416,98.94177,106.2765,105.320015,105.76595,105.431305,98.7969,102.71425,107.76538,111.742065,116.369514,115.73865,117.03162,117.461754,122.13065,122.547516,119.28016,123.01354,117.172646,110.12502,102.50274,76.71556,All tokens,32,153,"system
You are a helpful assistant.
user
 QUESTION: In this food web, which organism contains matter that eventually moves to the bat star?
OPTIONS:
0: sea cucumber
1: sea otter
2: phytoplankton

Answer with the correct option from 0 to 2. Only provide the numeric and nothing else 

Answer: 
assistant
0",0,2,grade6,"system
You are a helpful assistant.
user
 QUESTION: In this food web, which organism contains matter that eventually moves to the bat star?
OPTIONS:
0: sea cucumber
1: sea otter
2: phytoplankton

Answer with the correct option from 0 to 2. Only provide the numeric and nothing else 

Answer: 
assistant
2",2,2,grade6
11,17.25768,35.49442,36.493107,34.956913,37.111057,41.649796,46.109295,50.573204,54.341713,57.766632,58.464767,56.77312,57.54817,56.526363,57.902172,59.154434,62.345882,64.252914,66.68124,67.98648,69.83387,66.9313,69.069756,71.96685,74.6075,75.25023,74.56373,73.00364,74.09029,73.48011,72.61704,61.22627,64.148056,64.212265,55.472805,52.98188,49.8824,All tokens,30,146,"system
You are a helpful assistant.
user
 QUESTION: Which month is the wettest on average in Christchurch?
OPTIONS:
0: August
1: April
2: May

Answer with the correct option from 0 to 2. Only provide the numeric and nothing else 

Answer: 
assistant
2",2,2,grade3,"system
You are a helpful assistant.
user
 QUESTION: Which month is the wettest on average in Christchurch?
OPTIONS:
0: August
1: April
2: May

Answer with the correct option from 0 to 2. Only provide the numeric and nothing else 

Answer: 
assistant
0",0,2,grade3
12,11.268516,37.473755,38.80317,24.042654,24.871775,28.202263,32.373928,36.828438,39.766056,42.99667,43.61005,42.960583,43.623554,44.333546,45.49159,46.209476,47.66604,48.546654,50.40267,51.857307,53.72115,52.67261,54.136517,55.9559,58.046722,58.77637,59.465218,60.575436,61.023525,61.647537,62.441055,40.830273,45.954044,48.725212,43.655376,42.228973,37.524937,All tokens,95,368,"system
You are a helpful assistant.
user
 QUESTION: Which i in column 3?
OPTIONS:
0: the school
1: the park
2: the pond
3: the gas station

Answer with the correct option from 0 to 3. Only provide the numeric and nothing else 

Answer: 
assistant
0",0,0,grade3,"system
You are a helpful assistant.
user
 QUESTION: Which i in column 3?
OPTIONS:
0: the school
1: the park
2: the pond
3: the gas station

Answer with the correct option from 0 to 3. Only provide the numeric and nothing else 

Answer: 
assistant
3",3,0,grade3
13,20.05299,54.37417,55.715473,51.334503,55.4175,61.989265,67.196175,74.015114,77.659256,80.3863,82.623825,81.19932,77.36253,76.52503,77.76601,76.692,79.51719,81.23901,84.57545,86.1705,90.66795,86.50343,89.038635,93.78676,95.59149,97.44122,98.42646,96.33581,95.0048,95.60011,94.89007,86.0415,87.056885,82.78125,73.7767,65.58617,58.89061,All tokens,223,806,"system
You are a helpful assistant.
user
 QUESTION: Compare the average kinetic energies of the particles in each sample. Which sample has the higher temperature?
OPTIONS:
0: sample A
1: neither; the samples have the same temperature
2: sample B

Answer with the correct option from 0 to 2. Only provide the numeric and nothing else 

Answer: 
assistant
1",1,1,grade7,"system
You are a helpful assistant.
user
 QUESTION: Compare the average kinetic energies of the particles in each sample. Which sample has the higher temperature?
OPTIONS:
0: sample A
1: neither; the samples have the same temperature
2: sample B

Answer with the correct option from 0 to 2. Only provide the numeric and nothing else 

Answer: 
assistant
2",2,1,grade7
14,19.869915,41.54651,42.055077,37.82943,40.34494,45.020363,48.848167,54.709583,57.984097,60.44297,60.917347,59.339756,59.637554,59.721985,60.964428,60.54284,62.829617,64.27822,64.80866,65.40934,67.56106,65.14066,66.7382,70.47494,72.22303,73.38144,73.55748,73.883766,73.51831,74.399956,74.84,61.622112,65.95499,65.94891,62.71785,58.9977,52.1804,All tokens,238,844,"system
You are a helpful assistant.
user
 QUESTION: Which property do these four objects have in common?
OPTIONS:
0: salty
1: rough
2: flexible

Answer with the correct option from 0 to 2. Only provide the numeric and nothing else 

Answer: 
assistant
1",1,1,grade5,"system
You are a helpful assistant.
user
 QUESTION: Which property do these four objects have in common?
OPTIONS:
0: salty
1: rough
2: flexible

Answer with the correct option from 0 to 2. Only provide the numeric and nothing else 

Answer: 
assistant
2",2,1,grade5
15,7.787661,81.664696,83.25672,65.42094,69.40393,77.78366,85.195755,92.35805,97.21404,99.82592,101.37315,98.56125,93.352005,90.57544,92.28423,92.98008,95.43308,96.5682,99.578606,101.472534,104.05135,99.24006,100.78701,103.82422,105.38973,103.46024,104.61377,103.00819,101.29443,96.90383,97.720215,90.47755,92.88825,89.89947,73.61667,65.0934,42.391544,All tokens,517,1780,"system
You are a helpful assistant.
user
 QUESTION: What can Bella and Darnell trade to each get what they want?
OPTIONS:
0: Darnell can trade his broccoli for Bella's oranges.
1: Darnell can trade his almonds for Bella's tomatoes.
2: Bella can trade her tomatoes for Darnell's carrots.
3: Bella can trade her tomatoes for Darnell's broccoli.

Answer with the correct option from 0 to 3. Only provide the numeric and nothing else 

Answer: 
assistant
0",0,3,grade8,"system
You are a helpful assistant.
user
 QUESTION: What can Bella and Darnell trade to each get what they want?
OPTIONS:
0: Darnell can trade his broccoli for Bella's oranges.
1: Darnell can trade his almonds for Bella's tomatoes.
2: Bella can trade her tomatoes for Darnell's carrots.
3: Bella can trade her tomatoes for Darnell's broccoli.

Answer with the correct option from 0 to 3. Only provide the numeric and nothing else 

Answer: 
assistant
3",3,3,grade8
16,55.158455,70.573975,70.37651,69.19258,70.2888,73.52437,75.474174,81.84577,83.14766,82.67707,85.39696,78.63719,72.34049,66.60776,66.803696,67.06247,70.934975,73.47072,76.78945,79.55504,85.654495,83.77582,87.59893,94.671555,100.01841,103.31855,104.7006,100.81657,99.43682,100.77779,102.334236,98.65021,96.36761,92.846855,84.83289,84.95859,80.25684,All tokens,27,129,"system
You are a helpful assistant.
user
 QUESTION: Which country is highlighted?
OPTIONS:
0: The Bahamas
1: Cuba
2: Jamaica
3: Haiti

Answer with the correct option from 0 to 3. Only provide the numeric and nothing else 

Answer: 
assistant
1",1,1,grade6,"system
You are a helpful assistant.
user
 QUESTION: Which country is highlighted?
OPTIONS:
0: The Bahamas
1: Cuba
2: Jamaica
3: Haiti

Answer with the correct option from 0 to 3. Only provide the numeric and nothing else 

Answer: 
assistant
2",2,1,grade6
17,13.897018,33.12804,33.927933,28.950811,30.588703,34.84311,38.827755,43.955757,47.31779,50.877285,51.95287,51.42313,52.057156,52.495003,53.836323,54.385418,56.565506,57.523808,58.7622,60.00352,62.034916,60.071373,62.10862,64.88534,67.271034,68.73175,68.84652,69.42399,69.10395,70.64178,71.19407,53.195442,57.147694,57.14731,52.1571,49.582623,47.83827,All tokens,574,1958,"system
You are a helpful assistant.
user
 QUESTION: Which property do these three objects have in common?
OPTIONS:
0: bumpy
1: bouncy
2: shiny

Answer with the correct option from 0 to 2. Only provide the numeric and nothing else 

Answer: 
assistant
0",0,0,grade3,"system
You are a helpful assistant.
user
 QUESTION: Which property do these three objects have in common?
OPTIONS:
0: bumpy
1: bouncy
2: shiny

Answer with the correct option from 0 to 2. Only provide the numeric and nothing else 

Answer: 
assistant
2",2,0,grade3
18,54.614914,69.2554,68.96918,68.31939,69.54622,72.810234,74.77433,81.4214,82.38204,82.476685,84.787025,76.9645,71.685486,65.25563,65.38716,65.733574,69.63605,72.0158,75.06956,78.1068,84.17584,82.20271,85.625175,92.9561,98.2719,102.16463,103.81456,99.908356,98.198814,100.38718,101.85118,97.754845,95.90205,93.30003,84.47864,85.86382,82.147385,All tokens,203,738,"system
You are a helpful assistant.
user
 QUESTION: Which country is highlighted?
OPTIONS:
0: Cuba
1: Haiti
2: Trinidad and Tobago
3: Grenada

Answer with the correct option from 0 to 3. Only provide the numeric and nothing else 

Answer: 
assistant
1",1,1,grade7,"system
You are a helpful assistant.
user
 QUESTION: Which country is highlighted?
OPTIONS:
0: Cuba
1: Haiti
2: Trinidad and Tobago
3: Grenada

Answer with the correct option from 0 to 3. Only provide the numeric and nothing else 

Answer: 
assistant
2",2,1,grade7
19,20.217955,54.834717,55.898453,51.462616,55.84802,62.882107,68.63867,75.45486,79.163414,82.01162,84.18099,82.74057,79.19422,78.005486,79.043884,77.99019,80.65233,82.385925,85.76983,87.43055,91.72806,86.8997,89.68953,94.44876,95.53366,96.74731,97.89478,96.07515,94.30138,95.12492,94.611946,85.635666,87.191864,83.07125,72.95408,65.520744,55.717655,All tokens,429,1470,"system
You are a helpful assistant.
user
 QUESTION: Compare the average kinetic energies of the particles in each sample. Which sample has the higher temperature?
OPTIONS:
0: sample A
1: sample B
2: neither; the samples have the same temperature

Answer with the correct option from 0 to 2. Only provide the numeric and nothing else 

Answer: 
assistant
0",0,0,grade7,"system
You are a helpful assistant.
user
 QUESTION: Compare the average kinetic energies of the particles in each sample. Which sample has the higher temperature?
OPTIONS:
0: sample A
1: sample B
2: neither; the samples have the same temperature

Answer with the correct option from 0 to 2. Only provide the numeric and nothing else 

Answer: 
assistant
1",1,0,grade7
20,34.55562,49.483555,50.122738,49.704758,51.425407,54.556484,57.1399,61.98049,64.75163,68.257484,68.40026,65.51819,61.734108,62.0741,62.740707,61.571712,64.05104,65.82196,67.31101,69.205124,72.904945,70.3284,73.331345,77.73809,80.5685,82.74353,84.089355,81.90543,83.10985,85.18689,86.41768,80.56146,82.011536,80.064,73.61822,71.92104,66.885,All tokens,225,808,"system
You are a helpful assistant.
user
 QUESTION: Which continent is highlighted?
OPTIONS:
0: Asia
1: South America
2: North America
3: Australia

Answer with the correct option from 0 to 3. Only provide the numeric and nothing else 

Answer: 
assistant
0",0,0,grade4,"system
You are a helpful assistant.
user
 QUESTION: Which continent is highlighted?
OPTIONS:
0: Asia
1: South America
2: North America
3: Australia

Answer with the correct option from 0 to 3. Only provide the numeric and nothing else 

Answer: 
assistant
1",1,0,grade4
21,5.8942146,41.112236,41.87981,35.87478,41.885864,51.693935,59.678173,70.53276,77.62963,86.27851,85.13365,80.76929,80.09799,78.1413,79.66387,82.36118,88.8671,93.13273,96.188,95.53658,94.93017,84.87813,88.68643,92.6634,96.69381,101.450806,98.52075,100.61131,101.87022,102.96562,108.80435,99.05105,100.005104,94.850945,76.96843,65.8717,48.554913,All tokens,459,1571,"system
You are a helpful assistant.
user
 QUESTION: Which of the following is better evidence that the train's kinetic energy changed?
OPTIONS:
0: The train was stopped, and then it began to move forward and away from the station.
1: Electricity started flowing to the motor when the ride operator flipped the switch.

Answer with the correct option from 0 to 1. Only provide the numeric and nothing else 

Answer: 
assistant
0",0,0,grade6,"system
You are a helpful assistant.
user
 QUESTION: Which of the following is better evidence that the train's kinetic energy changed?
OPTIONS:
0: The train was stopped, and then it began to move forward and away from the station.
1: Electricity started flowing to the motor when the ride operator flipped the switch.

Answer with the correct option from 0 to 1. Only provide the numeric and nothing else 

Answer: 
assistant
1",1,0,grade6
22,37.50822,52.712597,53.011307,51.94336,53.097412,56.188564,57.30941,63.634445,67.281334,70.84668,67.15214,66.5794,61.772068,59.694485,59.358753,59.05469,61.448082,62.818504,64.624985,65.99066,70.142494,67.90079,71.66553,76.63853,79.46492,82.56655,83.89231,81.83824,82.81994,86.12314,85.97432,79.68324,80.90628,76.08557,70.06594,69.146706,76.05412,All tokens,284,992,"system
You are a helpful assistant.
user
 QUESTION: What is the name of the colony shown?
OPTIONS:
0: New Hampshire
1: West Virginia
2: Virginia
3: New York

Answer with the correct option from 0 to 3. Only provide the numeric and nothing else 

Answer: 
assistant
0",0,0,grade8,"system
You are a helpful assistant.
user
 QUESTION: What is the name of the colony shown?
OPTIONS:
0: New Hampshire
1: West Virginia
2: Virginia
3: New York

Answer with the correct option from 0 to 3. Only provide the numeric and nothing else 

Answer: 
assistant
2",2,0,grade8
23,50.922226,66.844734,66.34776,66.0707,68.110756,71.4399,74.25758,80.59459,82.2676,82.57991,86.16109,79.88843,73.00482,74.417206,74.78291,74.346344,77.549416,79.88511,81.96974,84.4742,91.42776,87.28408,91.17138,98.17203,103.133316,106.41204,108.36745,103.96332,102.99783,104.26194,105.83512,101.076584,102.079834,91.61468,89.77819,90.48384,85.232155,All tokens,6,42,"system
You are a helpful assistant.
user
 QUESTION: Which country is highlighted?
OPTIONS:
0: Vanuatu
1: Tonga
2: the Marshall Islands
3: Nauru

Answer with the correct option from 0 to 3. Only provide the numeric and nothing else 

Answer: 
assistant
0",0,3,grade8,"system
You are a helpful assistant.
user
 QUESTION: Which country is highlighted?
OPTIONS:
0: Vanuatu
1: Tonga
2: the Marshall Islands
3: Nauru

Answer with the correct option from 0 to 3. Only provide the numeric and nothing else 

Answer: 
assistant
2",2,3,grade8
24,15.727094,39.61538,40.03864,32.732735,34.538445,38.882782,43.44707,49.273773,52.93726,56.827206,57.695988,56.34955,56.657074,57.05613,58.55278,58.095795,60.313557,61.949318,62.853233,62.850594,64.1194,61.452858,63.09833,66.289955,68.610855,69.92153,70.084694,71.19889,71.67766,71.252106,73.07493,56.188618,61.338364,61.78155,57.84761,54.778084,50.752453,All tokens,163,583,"system
You are a helpful assistant.
user
 QUESTION: Which property do these three objects have in common?
OPTIONS:
0: bouncy
1: transparent
2: slippery

Answer with the correct option from 0 to 2. Only provide the numeric and nothing else 

Answer: 
assistant
2",2,2,grade4,"system
You are a helpful assistant.
user
 QUESTION: Which property do these three objects have in common?
OPTIONS:
0: bouncy
1: transparent
2: slippery

Answer with the correct option from 0 to 2. Only provide the numeric and nothing else 

Answer: 
assistant
0",0,2,grade4
25,3.5366342,55.34504,57.515247,26.51109,28.193739,33.535824,39.225357,45.625576,50.797077,55.51586,57.393856,56.841652,57.221184,55.897945,58.069786,58.15189,59.484303,60.04969,62.41703,62.68876,64.03257,62.85353,64.06757,66.20059,68.06786,68.95751,70.48381,70.4493,70.66506,70.102806,71.31842,53.094425,57.518623,58.54067,50.71039,46.850727,38.007828,All tokens,348,1174,"system
You are a helpful assistant.
user
 QUESTION: Think about the magnetic force between the magnets in each pair. Which of the following statements is true?
OPTIONS:
0: The magnitude of the magnetic force is greater in Pair 1.
1: The magnitude of the magnetic force is the same in both pairs.
2: The magnitude of the magnetic force is greater in Pair 2.

Answer with the correct option from 0 to 2. Only provide the numeric and nothing else 

Answer: 
assistant
0",0,2,grade5,"system
You are a helpful assistant.
user
 QUESTION: Think about the magnetic force between the magnets in each pair. Which of the following statements is true?
OPTIONS:
0: The magnitude of the magnetic force is greater in Pair 1.
1: The magnitude of the magnetic force is the same in both pairs.
2: The magnitude of the magnetic force is greater in Pair 2.

Answer with the correct option from 0 to 2. Only provide the numeric and nothing else 

Answer: 
assistant
2",2,2,grade5
26,20.695627,56.206192,57.483963,52.843212,57.229282,64.19935,69.49726,76.35619,79.85792,82.66473,84.46055,82.788315,78.863556,77.78533,78.67557,77.6957,80.504135,81.99222,85.59872,87.08545,91.44088,87.034515,90.11419,94.860886,96.070885,97.34453,98.17001,96.16801,94.68049,94.61414,94.11563,85.278694,87.469246,83.464096,73.70308,65.952126,56.061333,All tokens,159,562,"system
You are a helpful assistant.
user
 QUESTION: Compare the average kinetic energies of the particles in each sample. Which sample has the higher temperature?
OPTIONS:
0: sample B
1: neither; the samples have the same temperature
2: sample A

Answer with the correct option from 0 to 2. Only provide the numeric and nothing else 

Answer: 
assistant
0",0,0,grade6,"system
You are a helpful assistant.
user
 QUESTION: Compare the average kinetic energies of the particles in each sample. Which sample has the higher temperature?
OPTIONS:
0: sample B
1: neither; the samples have the same temperature
2: sample A

Answer with the correct option from 0 to 2. Only provide the numeric and nothing else 

Answer: 
assistant
2",2,0,grade6
27,16.06877,38.17444,38.8347,32.48582,34.240353,38.160862,43.090275,48.16501,51.4622,55.506653,56.120712,53.902718,54.886356,55.31649,56.46362,56.81537,59.484444,61.264034,62.13128,62.64065,63.655655,60.541073,62.647675,65.633385,68.03026,69.892494,70.15487,71.82409,71.41964,72.90314,74.66395,57.18856,62.258125,62.305607,57.115273,53.672672,47.56169,All tokens,220,796,"system
You are a helpful assistant.
user
 QUESTION: Which property do these three objects have in common?
OPTIONS:
0: sticky
1: blue
2: bouncy

Answer with the correct option from 0 to 2. Only provide the numeric and nothing else 

Answer: 
assistant
1",1,1,grade3,"system
You are a helpful assistant.
user
 QUESTION: Which property do these three objects have in common?
OPTIONS:
0: sticky
1: blue
2: bouncy

Answer with the correct option from 0 to 2. Only provide the numeric and nothing else 

Answer: 
assistant
0",0,1,grade3
28,34.08121,48.91137,49.458656,48.74435,50.49004,53.473606,55.848473,60.522285,63.111515,66.68256,67.0846,64.23857,60.60294,60.91834,61.991867,61.327217,63.98929,66.168755,67.65177,69.69135,73.25687,70.687164,73.73531,78.05523,81.3538,83.91947,85.2796,83.09989,84.45825,86.46673,87.62763,81.47632,82.87975,80.11812,74.028206,72.58315,67.008156,All tokens,344,1168,"system
You are a helpful assistant.
user
 QUESTION: Which continent is highlighted?
OPTIONS:
0: Asia
1: Antarctica
2: South America
3: Africa

Answer with the correct option from 0 to 3. Only provide the numeric and nothing else 

Answer: 
assistant
3",3,3,grade3,"system
You are a helpful assistant.
user
 QUESTION: Which continent is highlighted?
OPTIONS:
0: Asia
1: Antarctica
2: South America
3: Africa

Answer with the correct option from 0 to 3. Only provide the numeric and nothing else 

Answer: 
assistant
2",2,3,grade3
29,3.0223422,24.11135,25.157942,22.831873,27.291721,35.71644,42.716156,53.308735,60.957275,70.01638,71.02795,67.52425,69.00704,69.11736,70.64509,75.515434,80.46038,86.70438,88.64495,90.70056,90.15365,83.84496,86.6544,89.335815,91.944695,95.31567,93.41448,95.226265,97.26078,98.785355,102.27092,94.070854,94.10764,88.84101,74.91526,65.155014,50.765213,All tokens,94,360,"system
You are a helpful assistant.
user
 QUESTION: Identify the question that Carter's experiment can best answer.
OPTIONS:
0: Do steel nails take fewer days to rust in water compared to vinegar?
1: Do steel nails rust in fewer days when submerged in a large volume of liquid compared to a small volume?

Answer with the correct option from 0 to 1. Only provide the numeric and nothing else 

Answer: 
assistant
1",1,0,grade6,"system
You are a helpful assistant.
user
 QUESTION: Identify the question that Carter's experiment can best answer.
OPTIONS:
0: Do steel nails take fewer days to rust in water compared to vinegar?
1: Do steel nails rust in fewer days when submerged in a large volume of liquid compared to a small volume?

Answer with the correct option from 0 to 1. Only provide the numeric and nothing else 

Answer: 
assistant
0",0,0,grade6
30,39.896366,54.87863,55.26471,55.871563,58.00633,62.51503,65.95976,71.15979,74.070335,77.959335,75.331436,76.703125,71.66908,67.9059,67.91532,66.38293,67.87657,69.599625,69.86417,70.86854,73.42851,70.534134,73.2784,77.41542,78.56613,81.15593,82.69225,82.777504,84.17228,89.007774,91.413246,91.96179,95.045395,93.34924,92.301254,90.037865,89.79596,All tokens,389,1318,"system
You are a helpful assistant.
user
 QUESTION: Which of these states is farthest south?
OPTIONS:
0: Maine
1: Massachusetts
2: Washington
3: North Dakota

Answer with the correct option from 0 to 3. Only provide the numeric and nothing else 

Answer: 
assistant
2",2,1,grade5,"system
You are a helpful assistant.
user
 QUESTION: Which of these states is farthest south?
OPTIONS:
0: Maine
1: Massachusetts
2: Washington
3: North Dakota

Answer with the correct option from 0 to 3. Only provide the numeric and nothing else 

Answer: 
assistant
3",3,1,grade5
31,3.1977968,55.16992,57.58402,24.849329,26.385906,31.569082,37.31219,43.68564,49.082024,53.810013,55.66505,55.062614,55.48868,54.225857,56.428307,56.675747,58.240967,59.062695,61.240986,61.72507,63.39337,62.49303,63.478966,65.738716,67.75734,68.911316,70.79733,71.458534,71.96022,71.284424,73.42347,53.503803,58.23769,59.609344,52.94344,49.911545,40.15295,All tokens,99,377,"system
You are a helpful assistant.
user
 QUESTION: Think about the magnetic force between the magnets in each pair. Which of the following statements is true?
OPTIONS:
0: The magnitude of the magnetic force is the same in both pairs.
1: The magnitude of the magnetic force is smaller in Pair 1.
2: The magnitude of the magnetic force is smaller in Pair 2.

Answer with the correct option from 0 to 2. Only provide the numeric and nothing else 

Answer: 
assistant
0",0,0,grade8,"system
You are a helpful assistant.
user
 QUESTION: Think about the magnetic force between the magnets in each pair. Which of the following statements is true?
OPTIONS:
0: The magnitude of the magnetic force is the same in both pairs.
1: The magnitude of the magnetic force is smaller in Pair 1.
2: The magnitude of the magnetic force is smaller in Pair 2.

Answer with the correct option from 0 to 2. Only provide the numeric and nothing else 

Answer: 
assistant
1",1,0,grade8
32,10.312983,45.106087,46.653374,30.810427,32.493042,37.306152,42.0495,47.50948,51.705467,55.181446,56.211716,54.860764,54.764374,54.224678,56.086205,56.541862,58.37225,59.218384,61.060432,61.96465,64.03554,61.21202,62.80293,65.94945,67.57327,68.40785,69.37558,68.32763,68.88852,68.16631,68.861664,54.3317,58.47221,58.339664,51.548172,47.797897,44.13683,All tokens,367,1239,"system
You are a helpful assistant.
user
 QUESTION: Which solution has a higher concentration of green particles?
OPTIONS:
0: Solution A
1: Solution B
2: neither; their concentrations are the same

Answer with the correct option from 0 to 2. Only provide the numeric and nothing else 

Answer: 
assistant
2",2,1,grade8,"system
You are a helpful assistant.
user
 QUESTION: Which solution has a higher concentration of green particles?
OPTIONS:
0: Solution A
1: Solution B
2: neither; their concentrations are the same

Answer with the correct option from 0 to 2. Only provide the numeric and nothing else 

Answer: 
assistant
1",1,1,grade8
33,2.4467793,28.378744,29.943584,15.244065,17.041237,21.621675,25.895924,31.3958,35.83355,41.11699,41.413773,41.470943,43.17418,43.29349,45.864346,47.541252,49.374943,50.17576,51.323135,52.326244,53.406956,50.9533,52.273922,53.889614,55.22654,56.90788,56.818974,58.432796,59.797386,60.798492,63.571205,42.76889,47.874256,50.73046,47.797523,47.399876,38.360874,All tokens,352,1188,"system
You are a helpful assistant.
user
 QUESTION: Select the mammal below.
OPTIONS:
0: hammerhead shark
1: red-headed poison frog
2: water buffalo
3: woodpecker

Answer with the correct option from 0 to 3. Only provide the numeric and nothing else 

Answer: 
assistant
3",3,2,grade4,"system
You are a helpful assistant.
user
 QUESTION: Select the mammal below.
OPTIONS:
0: hammerhead shark
1: red-headed poison frog
2: water buffalo
3: woodpecker

Answer with the correct option from 0 to 3. Only provide the numeric and nothing else 

Answer: 
assistant
2",2,2,grade4
34,50.35064,65.67978,65.141,64.70493,66.485085,69.81769,72.43587,78.15247,79.406624,80.07259,83.62369,78.74755,71.61405,72.838684,72.93923,72.4757,76.21495,78.75048,81.28931,83.89059,90.40582,86.84825,91.47944,99.72368,105.11696,108.56322,110.71045,106.76727,105.999466,107.8861,108.61619,105.376366,108.18752,97.57583,94.65459,96.43223,88.3352,All tokens,270,960,"system
You are a helpful assistant.
user
 QUESTION: Which country is highlighted?
OPTIONS:
0: the Marshall Islands
1: New Zealand
2: Australia
3: Papua New Guinea

Answer with the correct option from 0 to 3. Only provide the numeric and nothing else 

Answer: 
assistant
1",1,1,grade6,"system
You are a helpful assistant.
user
 QUESTION: Which country is highlighted?
OPTIONS:
0: the Marshall Islands
1: New Zealand
2: Australia
3: Papua New Guinea

Answer with the correct option from 0 to 3. Only provide the numeric and nothing else 

Answer: 
assistant
2",2,1,grade6
35,38.223053,53.66849,53.996037,52.962807,53.95586,56.956066,58.09945,64.23281,67.459236,70.903725,67.23121,66.16563,61.609158,59.49494,59.316338,59.078575,61.72004,63.158653,64.982376,66.21506,70.221176,68.44251,71.62159,76.57526,79.857086,82.96472,84.391106,82.161606,83.35814,87.060455,87.403206,81.27122,82.393906,77.72616,71.860435,69.89756,76.6738,All tokens,44,195,"system
You are a helpful assistant.
user
 QUESTION: What is the name of the colony shown?
OPTIONS:
0: New Jersey
1: New York
2: Maryland
3: Delaware

Answer with the correct option from 0 to 3. Only provide the numeric and nothing else 

Answer: 
assistant
1",1,1,grade8,"system
You are a helpful assistant.
user
 QUESTION: What is the name of the colony shown?
OPTIONS:
0: New Jersey
1: New York
2: Maryland
3: Delaware

Answer with the correct option from 0 to 3. Only provide the numeric and nothing else 

Answer: 
assistant
0",0,1,grade8
36,41.10994,52.782528,53.013683,52.753056,54.41541,57.56458,59.295296,64.12341,68.31088,72.259575,70.23822,70.37795,65.943886,62.171352,61.829853,59.956474,60.097267,61.44369,61.152565,61.97233,64.50728,62.12352,65.371826,67.85916,67.69727,69.77385,71.82081,71.78612,72.69465,78.74533,80.33958,81.42183,84.38088,83.034225,80.24149,76.19645,86.053635,All tokens,470,1619,"system
You are a helpful assistant.
user
 QUESTION: Which state is highlighted?
OPTIONS:
0: California
1: Washington
2: Colorado
3: Hawaii

Answer with the correct option from 0 to 3. Only provide the numeric and nothing else 

Answer: 
assistant
1",1,1,grade5,"system
You are a helpful assistant.
user
 QUESTION: Which state is highlighted?
OPTIONS:
0: California
1: Washington
2: Colorado
3: Hawaii

Answer with the correct option from 0 to 3. Only provide the numeric and nothing else 

Answer: 
assistant
2",2,1,grade5
37,41.18854,56.183876,56.460957,57.177895,59.298523,63.745934,66.84008,71.8735,74.96397,79.134056,76.77884,78.02145,73.11742,69.52327,69.53664,68.01632,69.29877,71.42206,71.72632,73.15086,75.92635,73.42505,77.08772,80.53873,81.313385,83.849236,85.46021,85.48088,86.60009,91.134995,92.52603,92.17603,95.29581,92.6846,91.61441,89.011345,90.36772,All tokens,549,1871,"system
You are a helpful assistant.
user
 QUESTION: Which of these states is farthest west?
OPTIONS:
0: Illinois
1: Ohio
2: Arkansas
3: South Carolina

Answer with the correct option from 0 to 3. Only provide the numeric and nothing else 

Answer: 
assistant
2",2,2,grade5,"system
You are a helpful assistant.
user
 QUESTION: Which of these states is farthest west?
OPTIONS:
0: Illinois
1: Ohio
2: Arkansas
3: South Carolina

Answer with the correct option from 0 to 3. Only provide the numeric and nothing else 

Answer: 
assistant
3",3,2,grade5
38,37.898106,53.245186,53.462704,52.27796,53.341854,56.398952,57.580452,63.596645,67.12416,70.70601,67.98904,66.85054,62.181164,60.21499,59.801918,59.578915,61.84858,63.041916,64.78725,66.06824,69.683876,67.25836,71.0541,75.573494,78.58266,81.496445,83.15035,81.21648,82.36767,85.77461,86.30942,79.88236,81.17922,76.04183,70.36627,68.69135,74.12138,All tokens,127,450,"system
You are a helpful assistant.
user
 QUESTION: What is the name of the colony shown?
OPTIONS:
0: New York
1: Connecticut
2: New Hampshire
3: Massachusetts

Answer with the correct option from 0 to 3. Only provide the numeric and nothing else 

Answer: 
assistant
1",1,1,grade8,"system
You are a helpful assistant.
user
 QUESTION: What is the name of the colony shown?
OPTIONS:
0: New York
1: Connecticut
2: New Hampshire
3: Massachusetts

Answer with the correct option from 0 to 3. Only provide the numeric and nothing else 

Answer: 
assistant
3",3,1,grade8
39,7.156404,45.29051,47.466465,36.951538,40.265755,47.267086,53.894802,61.28264,66.68682,71.71742,73.32417,72.06544,72.10775,71.61658,73.108315,73.65565,75.87069,76.24032,78.71557,78.95363,81.19882,78.52568,80.57714,83.71724,86.26494,86.845726,88.488365,87.66826,87.106964,87.07366,87.41046,73.37164,75.75769,73.68733,62.219128,55.76257,45.757267,All tokens,387,1309,"system
You are a helpful assistant.
user
 QUESTION: Think about the magnetic force between the magnets in each pair. Which of the following statements is true?
OPTIONS:
0: The magnitude of the magnetic force is smaller in Pair 2.
1: The magnitude of the magnetic force is smaller in Pair 1.
2: The magnitude of the magnetic force is the same in both pairs.

Answer with the correct option from 0 to 2. Only provide the numeric and nothing else 

Answer: 
assistant
2",2,1,grade7,"system
You are a helpful assistant.
user
 QUESTION: Think about the magnetic force between the magnets in each pair. Which of the following statements is true?
OPTIONS:
0: The magnitude of the magnetic force is smaller in Pair 2.
1: The magnitude of the magnetic force is smaller in Pair 1.
2: The magnitude of the magnetic force is the same in both pairs.

Answer with the correct option from 0 to 2. Only provide the numeric and nothing else 

Answer: 
assistant
1",1,1,grade7
40,15.331048,41.26051,42.412544,39.531452,42.76516,49.219883,54.546886,60.454937,64.572586,68.745514,69.32878,66.9689,66.80093,65.37528,67.29568,69.430305,72.93672,75.1136,77.03121,78.060394,80.04105,76.302,78.81044,81.431854,83.82405,84.052956,84.0423,82.44723,82.33016,81.60856,81.15372,72.31469,73.964096,72.071686,61.01247,57.60343,51.702545,All tokens,80,326,"system
You are a helpful assistant.
user
 QUESTION: Which statement is true about the average monthly precipitation in Nairobi?
OPTIONS:
0: Nairobi gets about the same amount of precipitation each month.
1: More precipitation falls in April than in August.
2: February is the wettest month of the year.

Answer with the correct option from 0 to 2. Only provide the numeric and nothing else 

Answer: 
assistant
1",1,1,grade3,"system
You are a helpful assistant.
user
 QUESTION: Which statement is true about the average monthly precipitation in Nairobi?
OPTIONS:
0: Nairobi gets about the same amount of precipitation each month.
1: More precipitation falls in April than in August.
2: February is the wettest month of the year.

Answer with the correct option from 0 to 2. Only provide the numeric and nothing else 

Answer: 
assistant
2",2,1,grade3
41,8.669728,38.015713,39.830994,34.1787,36.920002,43.046036,48.90119,55.392853,60.448765,65.13321,67.03347,66.63254,66.77901,66.51676,68.03428,69.11502,71.67725,72.253204,74.211464,75.049484,77.81712,75.34189,77.00212,80.261314,83.04943,83.69995,85.24695,84.46518,82.900826,83.52274,83.34165,69.54085,71.87151,70.606964,61.477684,55.540596,48.40664,All tokens,565,1931,"system
You are a helpful assistant.
user
 QUESTION: Think about the magnetic force between the magnets in each pair. Which of the following statements is true?
OPTIONS:
0: The strength of the magnetic force is the same in both pairs.
1: The magnetic force is weaker in Pair 1.
2: The magnetic force is weaker in Pair 2.

Answer with the correct option from 0 to 2. Only provide the numeric and nothing else 

Answer: 
assistant
2",2,1,grade4,"system
You are a helpful assistant.
user
 QUESTION: Think about the magnetic force between the magnets in each pair. Which of the following statements is true?
OPTIONS:
0: The strength of the magnetic force is the same in both pairs.
1: The magnetic force is weaker in Pair 1.
2: The magnetic force is weaker in Pair 2.

Answer with the correct option from 0 to 2. Only provide the numeric and nothing else 

Answer: 
assistant
1",1,1,grade4
42,38.770542,74.327095,73.92972,76.16655,83.05723,93.42628,102.70406,112.68588,116.97592,122.92213,122.80648,114.77162,110.07857,104.783775,104.739555,102.117714,108.30298,112.14421,112.56725,113.43681,116.56989,109.63393,113.62813,118.374825,121.34033,124.770874,125.04329,124.566895,123.01349,127.66644,125.843025,121.538895,126.21965,122.085815,114.9254,105.095406,75.031845,All tokens,300,1026,"system
You are a helpful assistant.
user
 QUESTION: In this food web, which organism contains matter that eventually moves to the earthworm?
OPTIONS:
0: barren-ground caribou
1: mushroom
2: grizzly bear
3: bear sedge

Answer with the correct option from 0 to 3. Only provide the numeric and nothing else 

Answer: 
assistant
2",2,3,grade7,"system
You are a helpful assistant.
user
 QUESTION: In this food web, which organism contains matter that eventually moves to the earthworm?
OPTIONS:
0: barren-ground caribou
1: mushroom
2: grizzly bear
3: bear sedge

Answer with the correct option from 0 to 3. Only provide the numeric and nothing else 

Answer: 
assistant
3",3,3,grade7
43,32.976013,49.00893,49.636818,49.466038,51.319168,55.15364,58.142906,63.627853,66.746605,70.443695,70.909004,67.313194,63.712807,63.903095,64.98535,64.18355,67.08022,69.437096,70.7505,73.013626,77.171135,75.395874,78.59154,83.454704,86.47085,88.51757,89.6777,87.230286,88.12787,89.93197,90.13379,82.64573,82.8517,80.80873,75.00826,73.45453,63.828053,All tokens,370,1244,"system
You are a helpful assistant.
user
 QUESTION: Which ocean is highlighted?
OPTIONS:
0: the Pacific Ocean
1: the Arctic Ocean
2: the Southern Ocean
3: the Atlantic Ocean

Answer with the correct option from 0 to 3. Only provide the numeric and nothing else 

Answer: 
assistant
1",1,3,grade8,"system
You are a helpful assistant.
user
 QUESTION: Which ocean is highlighted?
OPTIONS:
0: the Pacific Ocean
1: the Arctic Ocean
2: the Southern Ocean
3: the Atlantic Ocean

Answer with the correct option from 0 to 3. Only provide the numeric and nothing else 

Answer: 
assistant
0",0,3,grade8
44,13.609519,40.373486,39.487892,39.24407,44.273815,51.552597,59.168346,68.596924,75.21098,82.45148,80.572266,75.84071,76.65216,75.79961,78.369354,82.00188,90.42479,97.88918,99.73006,100.94111,98.20125,88.80696,92.25593,98.200584,103.130714,107.61235,106.3054,109.01806,111.84014,110.77271,113.17279,106.68391,109.88436,101.377945,83.24025,71.19474,55.91247,All tokens,196,713,"system
You are a helpful assistant.
user
 QUESTION: What can Emmet and Kathleen trade to each get what they want?
OPTIONS:
0: Emmet can trade his tomatoes for Kathleen's broccoli.
1: Emmet can trade his tomatoes for Kathleen's sandwich.
2: Kathleen can trade her almonds for Emmet's tomatoes.
3: Kathleen can trade her broccoli for Emmet's oranges.

Answer with the correct option from 0 to 3. Only provide the numeric and nothing else 

Answer: 
assistant
3",3,0,grade6,"system
You are a helpful assistant.
user
 QUESTION: What can Emmet and Kathleen trade to each get what they want?
OPTIONS:
0: Emmet can trade his tomatoes for Kathleen's broccoli.
1: Emmet can trade his tomatoes for Kathleen's sandwich.
2: Kathleen can trade her almonds for Emmet's tomatoes.
3: Kathleen can trade her broccoli for Emmet's oranges.

Answer with the correct option from 0 to 3. Only provide the numeric and nothing else 

Answer: 
assistant
0",0,0,grade6
45,21.248491,52.60548,52.648354,53.835384,58.956524,67.086205,73.812386,83.57357,87.02285,92.33981,95.5026,95.15641,91.82714,88.86567,90.3738,88.23985,91.72727,93.29518,94.65625,95.48275,100.024086,93.57096,97.32175,101.50893,102.16184,103.767204,104.30858,101.06141,101.42546,103.869484,105.87015,99.21735,97.20371,93.8276,79.211716,71.093414,57.812317,All tokens,71,292,"system
You are a helpful assistant.
user
 QUESTION: Which air temperature was measured within the outlined area shown?
OPTIONS:
0: -24°C
1: 3°C
2: -4°C

Answer with the correct option from 0 to 2. Only provide the numeric and nothing else 

Answer: 
assistant
2",2,0,grade6,"system
You are a helpful assistant.
user
 QUESTION: Which air temperature was measured within the outlined area shown?
OPTIONS:
0: -24°C
1: 3°C
2: -4°C

Answer with the correct option from 0 to 2. Only provide the numeric and nothing else 

Answer: 
assistant
1",1,0,grade6
46,5.2739987,39.868687,41.682827,29.257929,31.78912,37.349335,43.128258,49.61983,54.911827,59.2455,61.294277,60.348507,60.78799,60.358437,62.014812,62.73792,65.25093,66.19176,68.09296,68.65814,70.61551,68.435326,70.1522,72.81118,75.39885,75.98648,77.56167,78.131424,77.88899,77.29429,78.583595,60.751163,64.95896,64.9388,56.57786,52.262695,43.76386,All tokens,46,201,"system
You are a helpful assistant.
user
 QUESTION: Think about the magnetic force between the magnets in each pair. Which of the following statements is true?
OPTIONS:
0: The magnetic force is weaker in Pair 1.
1: The magnetic force is weaker in Pair 2.
2: The strength of the magnetic force is the same in both pairs.

Answer with the correct option from 0 to 2. Only provide the numeric and nothing else 

Answer: 
assistant
2",2,2,grade4,"system
You are a helpful assistant.
user
 QUESTION: Think about the magnetic force between the magnets in each pair. Which of the following statements is true?
OPTIONS:
0: The magnetic force is weaker in Pair 1.
1: The magnetic force is weaker in Pair 2.
2: The strength of the magnetic force is the same in both pairs.

Answer with the correct option from 0 to 2. Only provide the numeric and nothing else 

Answer: 
assistant
1",1,2,grade4
47,36.77438,49.87803,50.252697,50.56117,51.874634,55.25623,57.69984,62.229275,64.58275,67.742546,66.081696,66.22576,62.536163,61.446243,62.33485,61.15216,63.347282,64.93093,66.437614,67.87618,71.2355,69.056984,71.873665,76.24952,77.09507,79.30363,81.489105,79.94013,80.373726,86.79957,88.40368,87.2768,90.91333,88.61833,85.37049,83.72127,81.96923,All tokens,233,833,"system
You are a helpful assistant.
user
 QUESTION: Which of these cities is marked on the map?
OPTIONS:
0: Oklahoma City
1: Nashville
2: New Orleans
3: Miami

Answer with the correct option from 0 to 3. Only provide the numeric and nothing else 

Answer: 
assistant
3",3,3,grade4,"system
You are a helpful assistant.
user
 QUESTION: Which of these cities is marked on the map?
OPTIONS:
0: Oklahoma City
1: Nashville
2: New Orleans
3: Miami

Answer with the correct option from 0 to 3. Only provide the numeric and nothing else 

Answer: 
assistant
0",0,3,grade4
48,8.2349615,80.19716,81.86014,63.116688,67.82927,76.57482,83.51286,89.88494,94.19666,96.48793,97.25336,94.54479,89.31797,86.71884,88.51276,89.19914,91.82071,93.071144,95.708435,97.472824,99.589386,94.88306,96.32043,99.15534,100.733,98.68926,99.69358,98.787,96.67647,92.523834,92.86549,85.14685,87.81406,86.17782,71.5697,63.82212,43.48469,All tokens,296,1018,"system
You are a helpful assistant.
user
 QUESTION: What can Nancy and Dominic trade to each get what they want?
OPTIONS:
0: Nancy can trade her tomatoes for Dominic's carrots.
1: Dominic can trade his broccoli for Nancy's oranges.
2: Dominic can trade his almonds for Nancy's tomatoes.
3: Nancy can trade her tomatoes for Dominic's broccoli.

Answer with the correct option from 0 to 3. Only provide the numeric and nothing else 

Answer: 
assistant
3",3,3,grade8,"system
You are a helpful assistant.
user
 QUESTION: What can Nancy and Dominic trade to each get what they want?
OPTIONS:
0: Nancy can trade her tomatoes for Dominic's carrots.
1: Dominic can trade his broccoli for Nancy's oranges.
2: Dominic can trade his almonds for Nancy's tomatoes.
3: Nancy can trade her tomatoes for Dominic's broccoli.

Answer with the correct option from 0 to 3. Only provide the numeric and nothing else 

Answer: 
assistant
0",0,3,grade8
49,10.133789,43.82798,45.266335,30.235474,31.835896,36.476597,41.150078,46.697998,51.022964,54.51194,55.730278,54.611065,55.07877,54.886333,56.677372,56.884632,58.873455,59.788517,61.7372,62.85611,64.731224,61.752506,63.577515,66.75956,68.865234,70.009636,71.21987,70.62756,70.391174,70.03101,70.867256,55.747578,59.845165,59.594856,51.90728,47.220284,45.599537,All tokens,81,327,"system
You are a helpful assistant.
user
 QUESTION: Which solution has a higher concentration of purple particles?
OPTIONS:
0: Solution B
1: Solution A
2: neither; their concentrations are the same

Answer with the correct option from 0 to 2. Only provide the numeric and nothing else 

Answer: 
assistant
2",2,1,grade8,"system
You are a helpful assistant.
user
 QUESTION: Which solution has a higher concentration of purple particles?
OPTIONS:
0: Solution B
1: Solution A
2: neither; their concentrations are the same

Answer with the correct option from 0 to 2. Only provide the numeric and nothing else 

Answer: 
assistant
1",1,1,grade8
0,17.305376,17.853912,17.839989,17.843342,17.849724,17.897224,17.895882,18.041372,18.121153,18.295612,18.385862,18.35568,18.15575,18.203789,18.22952,18.227549,18.48052,18.81934,19.112606,19.460358,19.736784,19.859613,20.119768,20.625154,21.17195,21.477951,21.79369,21.920795,22.143587,22.662973,22.67449,22.615252,23.617252,24.052362,24.749294,24.93731,20.128586,Img tokens,114,416,"system
You are a helpful assistant.
user
 QUESTION: Which animal's skin is better adapted as a warning sign to ward off predators?
OPTIONS:
0: crown-of-thorns sea star
1: peppered moth

Answer with the correct option from 0 to 1. Only provide the numeric and nothing else 

Answer: 
assistant
0",0,0,grade3,"system
You are a helpful assistant.
user
 QUESTION: Which animal's skin is better adapted as a warning sign to ward off predators?
OPTIONS:
0: crown-of-thorns sea star
1: peppered moth

Answer with the correct option from 0 to 1. Only provide the numeric and nothing else 

Answer: 
assistant
1",1,0,grade3
1,31.223965,31.509676,31.466406,31.564785,31.576,31.300737,31.701519,32.028408,31.668982,31.923948,32.19872,31.760271,31.558014,31.299574,31.54784,31.34624,32.709705,33.91857,33.6096,34.223297,33.35192,33.351444,34.216293,35.732285,36.977615,37.99827,38.3563,39.143707,38.414,39.649273,40.105103,41.08462,43.17847,41.41402,41.74611,41.97603,29.93046,Img tokens,25,124,"system
You are a helpful assistant.
user
 QUESTION: Identify the question that Kira's experiment can best answer.
OPTIONS:
0: Does linen fabric turn darker than cotton fabric when soaked in a mixture of black dye and water?
1: Does fabric turn darker when soaked in a mixture of black dye and water for 15 minutes compared to 30 minutes?

Answer with the correct option from 0 to 1. Only provide the numeric and nothing else 

Answer: 
assistant
0",0,0,grade6,"system
You are a helpful assistant.
user
 QUESTION: Identify the question that Kira's experiment can best answer.
OPTIONS:
0: Does linen fabric turn darker than cotton fabric when soaked in a mixture of black dye and water?
1: Does fabric turn darker when soaked in a mixture of black dye and water for 15 minutes compared to 30 minutes?

Answer with the correct option from 0 to 1. Only provide the numeric and nothing else 

Answer: 
assistant
1",1,0,grade6
2,13.569001,13.976226,14.003499,14.021403,14.04919,14.082716,14.082111,14.163675,14.197467,14.336887,14.4984665,14.496348,14.804014,14.727116,14.885431,14.83966,15.193843,15.446249,15.648059,15.884119,15.948006,16.04603,16.34685,16.8691,17.327198,17.615055,17.78844,18.208342,18.285631,18.501238,18.471918,18.467876,19.04859,18.934166,19.578173,20.066774,17.120642,Img tokens,281,983,"system
You are a helpful assistant.
user
 QUESTION: Select the organism in the same species as the red-billed gull.
OPTIONS:
0: Haliaeetus leucocephalus
1: Chroicocephalus ridibundus
2: Chroicocephalus scopulinus

Answer with the correct option from 0 to 2. Only provide the numeric and nothing else 

Answer: 
assistant
2",2,2,grade8,"system
You are a helpful assistant.
user
 QUESTION: Select the organism in the same species as the red-billed gull.
OPTIONS:
0: Haliaeetus leucocephalus
1: Chroicocephalus ridibundus
2: Chroicocephalus scopulinus

Answer with the correct option from 0 to 2. Only provide the numeric and nothing else 

Answer: 
assistant
1",1,2,grade8
3,62.895718,67.21703,66.1898,66.383995,67.23794,68.66905,69.10767,72.38908,72.305244,69.68112,71.93169,65.32729,61.210686,56.685368,57.506424,57.302578,60.78075,63.668865,66.09121,69.497116,75.06977,73.737175,77.04351,83.233505,87.55007,90.78861,92.2591,89.07197,87.23911,88.99123,91.3258,89.69501,85.25127,87.59809,83.88924,86.74329,80.976524,Img tokens,250,897,"system
You are a helpful assistant.
user
 QUESTION: Which country is highlighted?
OPTIONS:
0: Haiti
1: Saint Kitts and Nevis
2: the Dominican Republic
3: Dominica

Answer with the correct option from 0 to 3. Only provide the numeric and nothing else 

Answer: 
assistant
3",3,3,grade6,"system
You are a helpful assistant.
user
 QUESTION: Which country is highlighted?
OPTIONS:
0: Haiti
1: Saint Kitts and Nevis
2: the Dominican Republic
3: Dominica

Answer with the correct option from 0 to 3. Only provide the numeric and nothing else 

Answer: 
assistant
2",2,3,grade6
4,64.59122,69.04513,67.42592,67.40519,68.05258,69.27116,70.16946,73.63051,74.318695,73.37773,75.93443,70.63921,65.04975,66.16124,66.30314,65.418594,68.6944,70.76899,73.526794,75.41352,82.351715,80.14307,84.108086,91.13509,96.71152,99.61128,100.510086,95.800896,94.62109,94.935875,97.18026,95.36158,96.98884,88.960846,91.59544,96.18828,86.140305,Img tokens,228,817,"system
You are a helpful assistant.
user
 QUESTION: Which country is highlighted?
OPTIONS:
0: Papua New Guinea
1: Australia
2: the Federated States of Micronesia
3: Palau

Answer with the correct option from 0 to 3. Only provide the numeric and nothing else 

Answer: 
assistant
3",3,2,grade6,"system
You are a helpful assistant.
user
 QUESTION: Which country is highlighted?
OPTIONS:
0: Papua New Guinea
1: Australia
2: the Federated States of Micronesia
3: Palau

Answer with the correct option from 0 to 3. Only provide the numeric and nothing else 

Answer: 
assistant
2",2,2,grade6
5,54.279408,55.650425,54.900093,55.0377,54.93472,55.48575,53.606503,56.65894,57.18553,58.592358,53.809612,53.041412,49.168064,46.552242,45.686066,44.584667,46.344757,47.62974,49.222103,50.213757,54.121754,53.26136,56.32374,60.693832,63.393215,65.99475,66.89964,65.08586,65.2607,68.04927,68.62163,69.57448,70.404335,66.28414,67.67924,70.7836,75.38706,Img tokens,142,509,"system
You are a helpful assistant.
user
 QUESTION: What is the name of the colony shown?
OPTIONS:
0: Massachusetts
1: Rhode Island
2: New Hampshire
3: Vermont

Answer with the correct option from 0 to 3. Only provide the numeric and nothing else 

Answer: 
assistant
2",2,2,grade5,"system
You are a helpful assistant.
user
 QUESTION: What is the name of the colony shown?
OPTIONS:
0: Massachusetts
1: Rhode Island
2: New Hampshire
3: Vermont

Answer with the correct option from 0 to 3. Only provide the numeric and nothing else 

Answer: 
assistant
1",1,2,grade5
6,52.93226,54.78697,54.111614,54.308186,54.19981,54.88724,53.275345,55.993317,56.56133,57.799225,54.065125,53.170303,49.576916,47.250114,46.421436,45.12254,46.76594,48.048275,49.0797,50.02615,53.46091,52.436047,55.399822,59.577606,61.9196,64.08954,65.35232,64.04695,63.816765,67.62188,68.433075,69.57643,71.025,67.27675,70.42236,72.560074,75.36845,Img tokens,104,389,"system
You are a helpful assistant.
user
 QUESTION: What is the name of the colony shown?
OPTIONS:
0: Georgia
1: New Hampshire
2: South Carolina
3: West Virginia

Answer with the correct option from 0 to 3. Only provide the numeric and nothing else 

Answer: 
assistant
0",0,0,grade5,"system
You are a helpful assistant.
user
 QUESTION: What is the name of the colony shown?
OPTIONS:
0: Georgia
1: New Hampshire
2: South Carolina
3: West Virginia

Answer with the correct option from 0 to 3. Only provide the numeric and nothing else 

Answer: 
assistant
2",2,0,grade5
7,31.948019,34.432846,34.575253,35.13078,35.738102,37.349743,38.452312,40.377743,41.162987,42.159298,42.668007,42.826786,41.338474,41.97069,42.477875,42.143574,42.77134,43.69254,44.81766,45.494625,47.799755,47.129936,48.70859,50.911232,52.309155,52.766354,53.0587,52.454815,51.130836,52.372204,52.013626,52.436447,55.187077,55.44285,55.749546,54.275436,42.345715,Img tokens,558,1905,"system
You are a helpful assistant.
user
 QUESTION: Which of the following fossils is younger? Select the more likely answer.
OPTIONS:
0: feather
1: ginkgo leaf

Answer with the correct option from 0 to 1. Only provide the numeric and nothing else 

Answer: 
assistant
0",0,0,grade8,"system
You are a helpful assistant.
user
 QUESTION: Which of the following fossils is younger? Select the more likely answer.
OPTIONS:
0: feather
1: ginkgo leaf

Answer with the correct option from 0 to 1. Only provide the numeric and nothing else 

Answer: 
assistant
1",1,0,grade8
8,11.287392,12.14925,12.104646,12.244025,12.45098,12.785106,13.13458,13.720898,13.86105,14.173593,13.89616,13.658006,14.067642,14.361509,14.6660595,15.042163,15.547744,16.34589,16.67162,17.471592,17.848639,17.632471,18.053457,18.86502,19.335245,19.67456,19.840902,19.940268,20.070768,19.934597,19.8475,19.826824,20.35941,20.39729,21.422758,21.661106,18.052162,Img tokens,89,346,"system
You are a helpful assistant.
user
 QUESTION: Which property matches this object?
OPTIONS:
0: transparent
1: smooth

Answer with the correct option from 0 to 1. Only provide the numeric and nothing else 

Answer: 
assistant
1",1,1,grade3,"system
You are a helpful assistant.
user
 QUESTION: Which property matches this object?
OPTIONS:
0: transparent
1: smooth

Answer with the correct option from 0 to 1. Only provide the numeric and nothing else 

Answer: 
assistant
0",0,1,grade3
9,47.958683,50.469227,49.84078,49.654537,50.04277,50.628204,50.496754,52.41752,52.791092,54.098545,53.32436,50.908497,48.553417,47.731884,47.819664,46.759773,49.006104,50.91675,52.018456,54.061016,57.198406,56.15894,58.861076,62.851074,65.725334,67.66604,68.9627,67.28887,67.38864,69.1876,69.996956,71.441605,72.20478,70.642654,71.12223,71.4843,65.23018,Img tokens,432,1479,"system
You are a helpful assistant.
user
 QUESTION: Which continent is highlighted?
OPTIONS:
0: South America
1: North America
2: Asia
3: Africa

Answer with the correct option from 0 to 3. Only provide the numeric and nothing else 

Answer: 
assistant
3",3,3,grade8,"system
You are a helpful assistant.
user
 QUESTION: Which continent is highlighted?
OPTIONS:
0: South America
1: North America
2: Asia
3: Africa

Answer with the correct option from 0 to 3. Only provide the numeric and nothing else 

Answer: 
assistant
0",0,3,grade8
10,47.03372,56.02806,54.00063,56.177338,59.054157,64.101425,68.47626,73.40548,75.26282,78.22913,78.257935,73.2604,71.99176,68.35833,68.71343,66.309555,72.91868,78.74079,77.77046,78.35128,78.17927,74.95088,77.80047,81.88024,84.4264,87.97806,88.25028,89.35729,89.64964,94.98627,96.07025,98.871925,103.018456,101.04936,108.133064,107.33997,79.8829,Img tokens,32,153,"system
You are a helpful assistant.
user
 QUESTION: In this food web, which organism contains matter that eventually moves to the bat star?
OPTIONS:
0: sea cucumber
1: sea otter
2: phytoplankton

Answer with the correct option from 0 to 2. Only provide the numeric and nothing else 

Answer: 
assistant
0",0,2,grade6,"system
You are a helpful assistant.
user
 QUESTION: In this food web, which organism contains matter that eventually moves to the bat star?
OPTIONS:
0: sea cucumber
1: sea otter
2: phytoplankton

Answer with the correct option from 0 to 2. Only provide the numeric and nothing else 

Answer: 
assistant
2",2,2,grade6
11,30.394924,33.800323,33.922703,34.715816,35.467407,36.9524,38.349842,39.31016,40.41379,41.325268,41.649548,40.98966,40.89162,39.97439,39.948784,39.943775,41.842426,43.213085,44.42744,45.45786,47.19316,45.988956,47.54998,49.28141,50.649227,51.123283,50.663624,49.208935,49.06095,48.92247,47.097042,46.573227,47.76838,47.766743,45.368977,43.575054,42.04823,Img tokens,30,146,"system
You are a helpful assistant.
user
 QUESTION: Which month is the wettest on average in Christchurch?
OPTIONS:
0: August
1: April
2: May

Answer with the correct option from 0 to 2. Only provide the numeric and nothing else 

Answer: 
assistant
2",2,2,grade3,"system
You are a helpful assistant.
user
 QUESTION: Which month is the wettest on average in Christchurch?
OPTIONS:
0: August
1: April
2: May

Answer with the correct option from 0 to 2. Only provide the numeric and nothing else 

Answer: 
assistant
0",0,2,grade3
12,27.999092,29.663248,29.459822,30.201704,31.018894,32.314724,33.731926,35.50621,35.978252,36.730095,36.51532,35.595867,35.07333,35.77047,35.20773,35.286358,36.037735,37.035126,37.704002,38.321987,39.88183,39.39079,40.295853,41.29022,41.246468,41.632996,41.149998,40.844215,39.844666,40.09876,39.547913,40.565716,41.768917,42.17415,42.130646,40.696293,31.474945,Img tokens,95,368,"system
You are a helpful assistant.
user
 QUESTION: Which i in column 3?
OPTIONS:
0: the school
1: the park
2: the pond
3: the gas station

Answer with the correct option from 0 to 3. Only provide the numeric and nothing else 

Answer: 
assistant
0",0,0,grade3,"system
You are a helpful assistant.
user
 QUESTION: Which i in column 3?
OPTIONS:
0: the school
1: the park
2: the pond
3: the gas station

Answer with the correct option from 0 to 3. Only provide the numeric and nothing else 

Answer: 
assistant
3",3,0,grade3
13,32.860973,35.299862,35.331005,36.25468,37.672955,40.140896,42.678074,46.075615,47.105164,48.291344,49.37005,49.10574,46.40782,47.39694,47.717056,47.341835,49.610096,51.083748,53.55409,55.6214,59.766052,57.89102,59.973488,63.716484,65.59881,67.71455,68.315186,67.12096,65.706154,66.875565,66.54468,65.57873,66.02154,63.920372,66.402115,63.467773,56.550976,Img tokens,223,806,"system
You are a helpful assistant.
user
 QUESTION: Compare the average kinetic energies of the particles in each sample. Which sample has the higher temperature?
OPTIONS:
0: sample A
1: neither; the samples have the same temperature
2: sample B

Answer with the correct option from 0 to 2. Only provide the numeric and nothing else 

Answer: 
assistant
1",1,1,grade7,"system
You are a helpful assistant.
user
 QUESTION: Compare the average kinetic energies of the particles in each sample. Which sample has the higher temperature?
OPTIONS:
0: sample A
1: neither; the samples have the same temperature
2: sample B

Answer with the correct option from 0 to 2. Only provide the numeric and nothing else 

Answer: 
assistant
2",2,1,grade7
14,32.964535,35.474453,35.221687,36.16823,37.18925,39.057907,39.70958,42.185314,42.987907,42.895775,42.60723,42.059547,41.074387,40.929813,40.800312,40.345295,41.751423,42.957325,43.108265,44.15845,46.450558,45.688896,46.74257,49.302647,50.050716,51.273785,51.794094,51.373104,50.633816,51.47823,50.86962,51.752346,53.738075,53.30501,56.055584,54.815266,46.187813,Img tokens,238,844,"system
You are a helpful assistant.
user
 QUESTION: Which property do these four objects have in common?
OPTIONS:
0: salty
1: rough
2: flexible

Answer with the correct option from 0 to 2. Only provide the numeric and nothing else 

Answer: 
assistant
1",1,1,grade5,"system
You are a helpful assistant.
user
 QUESTION: Which property do these four objects have in common?
OPTIONS:
0: salty
1: rough
2: flexible

Answer with the correct option from 0 to 2. Only provide the numeric and nothing else 

Answer: 
assistant
2",2,1,grade5
15,32.556892,34.515648,34.050316,34.71249,35.933956,37.790325,39.67063,41.31605,41.447132,41.13353,40.76391,39.99794,38.50853,38.533623,38.986916,38.9148,40.424583,41.26494,42.398834,43.77082,45.078518,44.35077,45.34572,47.06738,47.72675,47.27011,47.679245,47.254322,46.02888,45.04758,43.0007,43.89011,46.26893,46.878098,42.8212,41.147102,28.057064,Img tokens,517,1780,"system
You are a helpful assistant.
user
 QUESTION: What can Bella and Darnell trade to each get what they want?
OPTIONS:
0: Darnell can trade his broccoli for Bella's oranges.
1: Darnell can trade his almonds for Bella's tomatoes.
2: Bella can trade her tomatoes for Darnell's carrots.
3: Bella can trade her tomatoes for Darnell's broccoli.

Answer with the correct option from 0 to 3. Only provide the numeric and nothing else 

Answer: 
assistant
0",0,3,grade8,"system
You are a helpful assistant.
user
 QUESTION: What can Bella and Darnell trade to each get what they want?
OPTIONS:
0: Darnell can trade his broccoli for Bella's oranges.
1: Darnell can trade his almonds for Bella's tomatoes.
2: Bella can trade her tomatoes for Darnell's carrots.
3: Bella can trade her tomatoes for Darnell's broccoli.

Answer with the correct option from 0 to 3. Only provide the numeric and nothing else 

Answer: 
assistant
3",3,3,grade8
16,66.2034,69.62087,68.63494,68.387794,68.4459,69.811554,69.99485,74.143196,73.65982,71.38283,72.973564,66.16963,61.25915,55.48691,55.52944,55.589874,59.11634,61.798107,64.90276,67.47117,73.21681,72.289734,75.94678,82.64518,87.98724,90.92812,91.88455,88.10102,86.1316,87.01061,88.635956,88.85867,85.88045,84.035324,80.59501,82.500244,78.90207,Img tokens,27,129,"system
You are a helpful assistant.
user
 QUESTION: Which country is highlighted?
OPTIONS:
0: The Bahamas
1: Cuba
2: Jamaica
3: Haiti

Answer with the correct option from 0 to 3. Only provide the numeric and nothing else 

Answer: 
assistant
1",1,1,grade6,"system
You are a helpful assistant.
user
 QUESTION: Which country is highlighted?
OPTIONS:
0: The Bahamas
1: Cuba
2: Jamaica
3: Haiti

Answer with the correct option from 0 to 3. Only provide the numeric and nothing else 

Answer: 
assistant
2",2,1,grade6
17,27.51481,29.235315,29.158354,29.781376,30.364882,31.973612,32.718292,34.757633,34.868156,35.81039,36.092205,35.968155,35.09056,35.14293,34.951397,35.224228,36.70631,37.664337,38.465424,39.741814,41.75726,41.07298,42.59825,44.704334,45.992455,47.0808,47.430817,46.98194,46.06007,47.07,46.608025,47.132755,48.202045,47.89681,47.052307,46.009674,40.65476,Img tokens,574,1958,"system
You are a helpful assistant.
user
 QUESTION: Which property do these three objects have in common?
OPTIONS:
0: bumpy
1: bouncy
2: shiny

Answer with the correct option from 0 to 2. Only provide the numeric and nothing else 

Answer: 
assistant
0",0,0,grade3,"system
You are a helpful assistant.
user
 QUESTION: Which property do these three objects have in common?
OPTIONS:
0: bumpy
1: bouncy
2: shiny

Answer with the correct option from 0 to 2. Only provide the numeric and nothing else 

Answer: 
assistant
2",2,0,grade3
18,66.23198,68.74764,67.592186,67.31789,67.30447,68.69145,68.717,72.89973,71.97145,70.13939,71.24436,63.686165,59.675724,53.29744,53.19034,53.41628,56.91787,59.449623,62.27098,65.099205,70.77904,69.92477,73.075905,80.00736,85.36219,88.93044,90.13447,86.40907,84.17352,85.94656,87.714874,87.63126,85.0079,84.21061,79.826584,83.394035,80.246086,Img tokens,203,738,"system
You are a helpful assistant.
user
 QUESTION: Which country is highlighted?
OPTIONS:
0: Cuba
1: Haiti
2: Trinidad and Tobago
3: Grenada

Answer with the correct option from 0 to 3. Only provide the numeric and nothing else 

Answer: 
assistant
1",1,1,grade7,"system
You are a helpful assistant.
user
 QUESTION: Which country is highlighted?
OPTIONS:
0: Cuba
1: Haiti
2: Trinidad and Tobago
3: Grenada

Answer with the correct option from 0 to 3. Only provide the numeric and nothing else 

Answer: 
assistant
2",2,1,grade7
19,32.701683,35.460754,35.31805,36.372845,38.020653,40.808434,43.703495,47.04052,48.119053,49.404877,50.59286,50.470642,47.9836,48.628544,48.769737,48.241825,50.47999,52.02543,54.59302,56.691666,60.52283,58.31992,60.407963,64.18362,65.39299,66.930855,67.71694,66.70388,64.963135,66.425224,65.91698,64.9658,65.664055,63.999546,65.61366,63.74672,53.577534,Img tokens,429,1470,"system
You are a helpful assistant.
user
 QUESTION: Compare the average kinetic energies of the particles in each sample. Which sample has the higher temperature?
OPTIONS:
0: sample A
1: sample B
2: neither; the samples have the same temperature

Answer with the correct option from 0 to 2. Only provide the numeric and nothing else 

Answer: 
assistant
0",0,0,grade7,"system
You are a helpful assistant.
user
 QUESTION: Compare the average kinetic energies of the particles in each sample. Which sample has the higher temperature?
OPTIONS:
0: sample A
1: sample B
2: neither; the samples have the same temperature

Answer with the correct option from 0 to 2. Only provide the numeric and nothing else 

Answer: 
assistant
1",1,0,grade7
20,49.22597,51.50934,50.98259,50.822372,51.176785,51.802284,51.800858,53.815567,54.309288,55.48035,54.408146,51.937363,49.438683,48.646168,48.33545,46.89697,48.917328,50.353016,51.541588,53.39597,56.620316,55.47818,58.098537,62.157234,64.66604,66.35786,67.63326,65.79062,65.839195,67.69166,68.81478,70.32169,70.79669,70.45787,70.81385,71.047295,65.936714,Img tokens,225,808,"system
You are a helpful assistant.
user
 QUESTION: Which continent is highlighted?
OPTIONS:
0: Asia
1: South America
2: North America
3: Australia

Answer with the correct option from 0 to 3. Only provide the numeric and nothing else 

Answer: 
assistant
0",0,0,grade4,"system
You are a helpful assistant.
user
 QUESTION: Which continent is highlighted?
OPTIONS:
0: Asia
1: South America
2: North America
3: Australia

Answer with the correct option from 0 to 3. Only provide the numeric and nothing else 

Answer: 
assistant
1",1,0,grade4
21,30.103985,32.97742,32.158314,32.21466,32.493572,32.724827,33.134148,33.55305,33.940582,34.651566,34.204918,33.5429,33.857338,33.440094,33.428284,33.744373,36.58064,39.914417,40.98728,41.667274,40.628284,39.01341,40.435505,42.53685,44.110847,44.96529,45.20289,47.076992,46.8506,48.600586,50.230915,51.967102,53.683067,53.6244,54.47482,55.0664,40.800087,Img tokens,459,1571,"system
You are a helpful assistant.
user
 QUESTION: Which of the following is better evidence that the train's kinetic energy changed?
OPTIONS:
0: The train was stopped, and then it began to move forward and away from the station.
1: Electricity started flowing to the motor when the ride operator flipped the switch.

Answer with the correct option from 0 to 1. Only provide the numeric and nothing else 

Answer: 
assistant
0",0,0,grade6,"system
You are a helpful assistant.
user
 QUESTION: Which of the following is better evidence that the train's kinetic energy changed?
OPTIONS:
0: The train was stopped, and then it began to move forward and away from the station.
1: Electricity started flowing to the motor when the ride operator flipped the switch.

Answer with the correct option from 0 to 1. Only provide the numeric and nothing else 

Answer: 
assistant
1",1,0,grade6
22,54.295883,55.64461,54.88779,55.028625,54.95151,55.529892,53.68561,56.728275,57.302357,58.710182,53.919556,53.153976,49.195396,46.593994,45.73339,44.59826,46.327248,47.640533,49.192017,50.128983,54.0925,53.16285,56.23252,60.72461,63.372578,66.05271,66.97609,65.05167,65.24088,68.107185,68.71252,69.53779,70.143265,65.89086,67.5832,70.76288,75.538155,Img tokens,284,992,"system
You are a helpful assistant.
user
 QUESTION: What is the name of the colony shown?
OPTIONS:
0: New Hampshire
1: West Virginia
2: Virginia
3: New York

Answer with the correct option from 0 to 3. Only provide the numeric and nothing else 

Answer: 
assistant
0",0,0,grade8,"system
You are a helpful assistant.
user
 QUESTION: What is the name of the colony shown?
OPTIONS:
0: New Hampshire
1: West Virginia
2: Virginia
3: New York

Answer with the correct option from 0 to 3. Only provide the numeric and nothing else 

Answer: 
assistant
2",2,0,grade8
23,61.033592,64.58977,63.16911,63.180794,63.745018,64.88222,65.49575,69.18605,69.2845,68.031,70.742836,65.4041,60.064007,60.940014,61.103626,60.53833,63.5024,65.714584,67.72069,70.01261,76.65322,73.923904,77.428604,84.01901,89.06399,92.09927,93.76708,89.70506,88.24018,89.33024,91.43238,89.74567,90.35553,81.56709,84.65917,88.01793,83.2809,Img tokens,6,42,"system
You are a helpful assistant.
user
 QUESTION: Which country is highlighted?
OPTIONS:
0: Vanuatu
1: Tonga
2: the Marshall Islands
3: Nauru

Answer with the correct option from 0 to 3. Only provide the numeric and nothing else 

Answer: 
assistant
0",0,3,grade8,"system
You are a helpful assistant.
user
 QUESTION: Which country is highlighted?
OPTIONS:
0: Vanuatu
1: Tonga
2: the Marshall Islands
3: Nauru

Answer with the correct option from 0 to 3. Only provide the numeric and nothing else 

Answer: 
assistant
2",2,3,grade8
24,31.019915,33.584713,33.061546,34.448063,35.352646,36.97133,38.23652,40.75557,41.50407,42.326283,41.969543,41.545155,40.425392,40.131577,39.87208,39.451866,40.63291,41.773697,42.018463,42.30495,43.674915,42.49548,43.44608,45.657295,46.593494,47.705242,48.255306,48.017467,48.14836,48.05895,47.85188,48.481956,48.633686,48.076897,50.871624,50.461784,44.667336,Img tokens,163,583,"system
You are a helpful assistant.
user
 QUESTION: Which property do these three objects have in common?
OPTIONS:
0: bouncy
1: transparent
2: slippery

Answer with the correct option from 0 to 2. Only provide the numeric and nothing else 

Answer: 
assistant
2",2,2,grade4,"system
You are a helpful assistant.
user
 QUESTION: Which property do these three objects have in common?
OPTIONS:
0: bouncy
1: transparent
2: slippery

Answer with the correct option from 0 to 2. Only provide the numeric and nothing else 

Answer: 
assistant
0",0,2,grade4
25,18.2298,19.195934,19.37076,19.496582,19.857204,20.688416,21.071936,22.383947,22.844193,23.52693,23.653164,23.70586,23.106792,23.334097,23.3868,23.26998,23.346443,23.593756,23.990938,24.274784,24.835623,25.033516,25.345083,26.034649,26.489367,26.662033,26.684093,26.258177,25.706944,25.79787,25.41684,25.951448,26.420925,26.00667,25.120869,24.02176,20.237082,Img tokens,348,1174,"system
You are a helpful assistant.
user
 QUESTION: Think about the magnetic force between the magnets in each pair. Which of the following statements is true?
OPTIONS:
0: The magnitude of the magnetic force is greater in Pair 1.
1: The magnitude of the magnetic force is the same in both pairs.
2: The magnitude of the magnetic force is greater in Pair 2.

Answer with the correct option from 0 to 2. Only provide the numeric and nothing else 

Answer: 
assistant
0",0,2,grade5,"system
You are a helpful assistant.
user
 QUESTION: Think about the magnetic force between the magnets in each pair. Which of the following statements is true?
OPTIONS:
0: The magnitude of the magnetic force is greater in Pair 1.
1: The magnitude of the magnetic force is the same in both pairs.
2: The magnitude of the magnetic force is greater in Pair 2.

Answer with the correct option from 0 to 2. Only provide the numeric and nothing else 

Answer: 
assistant
2",2,2,grade5
26,34.19077,36.819,36.77646,37.838154,39.39982,42.082424,44.6078,47.93852,48.831284,49.967064,50.674927,50.41856,47.72296,48.413944,48.465763,48.081104,50.30111,51.527077,54.16127,56.0885,60.01574,57.905594,60.37096,64.23147,65.47692,66.98982,67.48405,66.26685,64.79754,65.31546,64.888374,63.96287,65.33524,64.00467,66.184875,64.09541,53.43694,Img tokens,159,562,"system
You are a helpful assistant.
user
 QUESTION: Compare the average kinetic energies of the particles in each sample. Which sample has the higher temperature?
OPTIONS:
0: sample B
1: neither; the samples have the same temperature
2: sample A

Answer with the correct option from 0 to 2. Only provide the numeric and nothing else 

Answer: 
assistant
0",0,0,grade6,"system
You are a helpful assistant.
user
 QUESTION: Compare the average kinetic energies of the particles in each sample. Which sample has the higher temperature?
OPTIONS:
0: sample B
1: neither; the samples have the same temperature
2: sample A

Answer with the correct option from 0 to 2. Only provide the numeric and nothing else 

Answer: 
assistant
2",2,0,grade6
27,33.049053,35.169292,34.92948,35.45223,36.17064,37.165848,38.754196,40.27211,40.715324,41.871944,41.65856,40.908936,40.36645,40.051743,39.53492,39.552578,40.931747,41.901905,42.15129,42.856,44.11578,43.023388,44.38956,46.253048,46.98105,48.275215,48.800476,49.052464,48.270382,49.41352,49.226925,49.930885,50.738613,50.70618,52.272243,51.64516,42.22958,Img tokens,220,796,"system
You are a helpful assistant.
user
 QUESTION: Which property do these three objects have in common?
OPTIONS:
0: sticky
1: blue
2: bouncy

Answer with the correct option from 0 to 2. Only provide the numeric and nothing else 

Answer: 
assistant
1",1,1,grade3,"system
You are a helpful assistant.
user
 QUESTION: Which property do these three objects have in common?
OPTIONS:
0: sticky
1: blue
2: bouncy

Answer with the correct option from 0 to 2. Only provide the numeric and nothing else 

Answer: 
assistant
0",0,1,grade3
28,48.055008,50.555763,49.924484,49.7345,50.1303,50.68967,50.533054,52.403988,52.74804,54.069572,53.24337,50.85655,48.473507,47.632034,47.72073,46.623394,48.847446,50.727245,51.822216,53.84533,56.91849,55.946953,58.66298,62.638798,65.563446,67.56966,68.90882,67.19105,67.45734,69.17922,70.09087,71.53242,72.03912,70.364296,70.74166,71.09687,65.61767,Img tokens,344,1168,"system
You are a helpful assistant.
user
 QUESTION: Which continent is highlighted?
OPTIONS:
0: Asia
1: Antarctica
2: South America
3: Africa

Answer with the correct option from 0 to 3. Only provide the numeric and nothing else 

Answer: 
assistant
3",3,3,grade3,"system
You are a helpful assistant.
user
 QUESTION: Which continent is highlighted?
OPTIONS:
0: Asia
1: Antarctica
2: South America
3: Africa

Answer with the correct option from 0 to 3. Only provide the numeric and nothing else 

Answer: 
assistant
2",2,3,grade3
29,25.80456,26.134651,26.1852,26.21409,26.264545,25.97449,26.21532,26.364979,26.155664,26.181643,26.036428,24.814487,23.837177,24.051735,23.687256,24.286427,26.295528,28.551197,28.593199,29.369688,28.53167,28.317207,29.300007,30.296549,31.362568,32.32276,32.598362,33.22742,32.08671,33.491714,34.076763,34.930065,35.807545,34.307766,35.187115,35.91657,35.806835,Img tokens,94,360,"system
You are a helpful assistant.
user
 QUESTION: Identify the question that Carter's experiment can best answer.
OPTIONS:
0: Do steel nails take fewer days to rust in water compared to vinegar?
1: Do steel nails rust in fewer days when submerged in a large volume of liquid compared to a small volume?

Answer with the correct option from 0 to 1. Only provide the numeric and nothing else 

Answer: 
assistant
1",1,0,grade6,"system
You are a helpful assistant.
user
 QUESTION: Identify the question that Carter's experiment can best answer.
OPTIONS:
0: Do steel nails take fewer days to rust in water compared to vinegar?
1: Do steel nails rust in fewer days when submerged in a large volume of liquid compared to a small volume?

Answer with the correct option from 0 to 1. Only provide the numeric and nothing else 

Answer: 
assistant
0",0,0,grade6
30,54.508965,57.227592,56.555637,57.1299,58.107708,60.240757,61.33678,64.052635,64.16611,65.47686,62.611713,63.18387,59.463684,55.33076,54.10997,52.229103,53.3589,54.762886,54.72994,55.55217,58.14873,56.38788,59.00479,62.301807,63.523907,65.622154,66.98912,67.125305,68.023125,72.50238,75.05242,79.93526,82.86051,81.63573,89.97396,91.37889,90.19096,Img tokens,389,1318,"system
You are a helpful assistant.
user
 QUESTION: Which of these states is farthest south?
OPTIONS:
0: Maine
1: Massachusetts
2: Washington
3: North Dakota

Answer with the correct option from 0 to 3. Only provide the numeric and nothing else 

Answer: 
assistant
2",2,1,grade5,"system
You are a helpful assistant.
user
 QUESTION: Which of these states is farthest south?
OPTIONS:
0: Maine
1: Massachusetts
2: Washington
3: North Dakota

Answer with the correct option from 0 to 3. Only provide the numeric and nothing else 

Answer: 
assistant
3",3,1,grade5
31,15.889543,16.624184,16.712189,16.863081,17.33127,18.110407,18.601656,19.689526,20.079235,20.532185,20.385317,20.32633,20.142925,20.570139,20.726835,20.72828,20.99471,21.462437,21.985203,22.46803,23.222519,23.516378,23.496948,23.902601,24.361015,24.378504,24.304682,23.83554,23.322721,22.925268,22.535107,22.899605,23.719322,23.586815,22.321447,21.416548,18.95877,Img tokens,99,377,"system
You are a helpful assistant.
user
 QUESTION: Think about the magnetic force between the magnets in each pair. Which of the following statements is true?
OPTIONS:
0: The magnitude of the magnetic force is the same in both pairs.
1: The magnitude of the magnetic force is smaller in Pair 1.
2: The magnitude of the magnetic force is smaller in Pair 2.

Answer with the correct option from 0 to 2. Only provide the numeric and nothing else 

Answer: 
assistant
0",0,0,grade8,"system
You are a helpful assistant.
user
 QUESTION: Think about the magnetic force between the magnets in each pair. Which of the following statements is true?
OPTIONS:
0: The magnitude of the magnetic force is the same in both pairs.
1: The magnitude of the magnetic force is smaller in Pair 1.
2: The magnitude of the magnetic force is smaller in Pair 2.

Answer with the correct option from 0 to 2. Only provide the numeric and nothing else 

Answer: 
assistant
1",1,0,grade8
32,21.382175,23.840504,23.96335,24.478867,25.507704,27.109446,28.277002,30.360813,31.437992,31.877098,32.24,31.299751,30.843197,30.898722,31.070269,31.249763,32.472504,33.60163,34.131996,35.141273,36.80925,35.93268,36.545834,38.446445,39.26698,39.92528,40.468765,39.521706,39.24576,39.2582,37.994503,36.87103,37.33185,36.80101,36.63833,35.90091,32.03957,Img tokens,367,1239,"system
You are a helpful assistant.
user
 QUESTION: Which solution has a higher concentration of green particles?
OPTIONS:
0: Solution A
1: Solution B
2: neither; their concentrations are the same

Answer with the correct option from 0 to 2. Only provide the numeric and nothing else 

Answer: 
assistant
2",2,1,grade8,"system
You are a helpful assistant.
user
 QUESTION: Which solution has a higher concentration of green particles?
OPTIONS:
0: Solution A
1: Solution B
2: neither; their concentrations are the same

Answer with the correct option from 0 to 2. Only provide the numeric and nothing else 

Answer: 
assistant
1",1,1,grade8
33,14.002281,14.410878,14.397755,14.412291,14.452401,14.485099,14.585354,14.891601,14.888916,15.011996,15.175029,15.215843,14.998799,14.747297,14.969094,14.977837,15.467921,15.787541,15.878791,16.060581,16.182024,16.192696,16.509136,16.970139,17.176834,17.276083,17.41568,17.436806,17.463924,17.665007,17.690964,17.951109,18.833239,18.913198,19.320835,19.788403,17.406698,Img tokens,352,1188,"system
You are a helpful assistant.
user
 QUESTION: Select the mammal below.
OPTIONS:
0: hammerhead shark
1: red-headed poison frog
2: water buffalo
3: woodpecker

Answer with the correct option from 0 to 3. Only provide the numeric and nothing else 

Answer: 
assistant
3",3,2,grade4,"system
You are a helpful assistant.
user
 QUESTION: Select the mammal below.
OPTIONS:
0: hammerhead shark
1: red-headed poison frog
2: water buffalo
3: woodpecker

Answer with the correct option from 0 to 3. Only provide the numeric and nothing else 

Answer: 
assistant
2",2,2,grade4
34,60.391632,64.493126,63.234234,63.164196,63.604557,64.94242,65.706215,68.66171,68.44085,67.71997,70.347015,65.946625,60.341663,61.057144,60.95126,60.255604,63.681396,66.08207,68.45788,70.80031,77.21413,74.769264,79.04965,86.89166,92.64223,95.96188,97.65374,93.89433,92.55825,94.13829,95.21474,95.53366,97.820496,88.41611,91.09615,95.90712,88.397354,Img tokens,270,960,"system
You are a helpful assistant.
user
 QUESTION: Which country is highlighted?
OPTIONS:
0: the Marshall Islands
1: New Zealand
2: Australia
3: Papua New Guinea

Answer with the correct option from 0 to 3. Only provide the numeric and nothing else 

Answer: 
assistant
1",1,1,grade6,"system
You are a helpful assistant.
user
 QUESTION: Which country is highlighted?
OPTIONS:
0: the Marshall Islands
1: New Zealand
2: Australia
3: Papua New Guinea

Answer with the correct option from 0 to 3. Only provide the numeric and nothing else 

Answer: 
assistant
2",2,1,grade6
35,55.87865,57.34593,56.62642,56.78966,56.61597,57.030663,55.023846,57.823376,58.082687,59.281532,54.45258,53.3683,49.495094,46.81584,45.99705,44.87665,46.91606,48.25342,49.827602,50.54967,54.421898,53.918915,56.485268,60.77347,63.90775,66.55023,67.648285,65.57051,65.861176,69.29907,70.46411,71.95179,72.84458,68.39527,70.382614,72.073265,76.57376,Img tokens,44,195,"system
You are a helpful assistant.
user
 QUESTION: What is the name of the colony shown?
OPTIONS:
0: New Jersey
1: New York
2: Maryland
3: Delaware

Answer with the correct option from 0 to 3. Only provide the numeric and nothing else 

Answer: 
assistant
1",1,1,grade8,"system
You are a helpful assistant.
user
 QUESTION: What is the name of the colony shown?
OPTIONS:
0: New Jersey
1: New York
2: Maryland
3: Delaware

Answer with the correct option from 0 to 3. Only provide the numeric and nothing else 

Answer: 
assistant
0",0,1,grade8
36,54.19806,55.798267,55.116234,55.51078,56.713894,58.051567,58.175655,61.03403,62.627842,63.82084,61.914406,60.610718,56.259716,51.831547,50.225376,48.479218,48.426193,49.432507,48.78432,49.311962,52.277126,50.527756,53.80552,55.7231,55.921673,57.83107,59.712166,60.014313,60.454037,65.7311,67.527725,71.83197,74.63772,73.86376,80.0216,78.52381,88.19913,Img tokens,470,1619,"system
You are a helpful assistant.
user
 QUESTION: Which state is highlighted?
OPTIONS:
0: California
1: Washington
2: Colorado
3: Hawaii

Answer with the correct option from 0 to 3. Only provide the numeric and nothing else 

Answer: 
assistant
1",1,1,grade5,"system
You are a helpful assistant.
user
 QUESTION: Which state is highlighted?
OPTIONS:
0: California
1: Washington
2: Colorado
3: Hawaii

Answer with the correct option from 0 to 3. Only provide the numeric and nothing else 

Answer: 
assistant
2",2,1,grade5
37,56.423786,58.835346,58.0892,58.94048,59.90752,62.052845,62.835438,65.14097,65.75352,67.25798,64.57009,65.16275,61.539894,57.441883,56.17627,54.268707,55.154297,56.912796,56.89271,58.140606,61.037292,59.49182,62.794964,65.63248,66.42263,68.572754,70.00486,70.07018,70.69034,74.91694,76.59582,80.79494,83.59111,81.61856,90.548836,92.24392,91.893234,Img tokens,549,1871,"system
You are a helpful assistant.
user
 QUESTION: Which of these states is farthest west?
OPTIONS:
0: Illinois
1: Ohio
2: Arkansas
3: South Carolina

Answer with the correct option from 0 to 3. Only provide the numeric and nothing else 

Answer: 
assistant
2",2,2,grade5,"system
You are a helpful assistant.
user
 QUESTION: Which of these states is farthest west?
OPTIONS:
0: Illinois
1: Ohio
2: Arkansas
3: South Carolina

Answer with the correct option from 0 to 3. Only provide the numeric and nothing else 

Answer: 
assistant
3",3,2,grade5
38,54.604374,56.05901,55.23663,55.36745,55.28026,55.841946,54.18783,56.84439,57.56642,59.059875,55.257572,53.899044,50.082813,47.56231,46.5747,45.424004,47.053383,48.139805,49.60598,50.50179,54.00464,52.910408,56.019516,60.014137,62.796528,65.16558,66.468506,64.68054,64.78042,67.8513,69.05079,69.98521,70.813515,65.76125,68.00921,70.21176,73.48449,Img tokens,127,450,"system
You are a helpful assistant.
user
 QUESTION: What is the name of the colony shown?
OPTIONS:
0: New York
1: Connecticut
2: New Hampshire
3: Massachusetts

Answer with the correct option from 0 to 3. Only provide the numeric and nothing else 

Answer: 
assistant
1",1,1,grade8,"system
You are a helpful assistant.
user
 QUESTION: What is the name of the colony shown?
OPTIONS:
0: New York
1: Connecticut
2: New Hampshire
3: Massachusetts

Answer with the correct option from 0 to 3. Only provide the numeric and nothing else 

Answer: 
assistant
3",3,1,grade8
39,24.415142,26.324125,26.32321,26.628357,27.06822,28.13853,29.010729,30.986282,31.828812,32.998352,33.27847,33.114773,33.180508,33.772533,33.803864,34.256283,35.54775,35.89828,37.14121,38.219944,40.04838,39.670395,40.81031,42.82444,43.983673,44.766605,44.912594,44.301075,43.219986,43.66831,42.88016,43.81654,44.001556,42.770626,40.921825,38.66977,31.956741,Img tokens,387,1309,"system
You are a helpful assistant.
user
 QUESTION: Think about the magnetic force between the magnets in each pair. Which of the following statements is true?
OPTIONS:
0: The magnitude of the magnetic force is smaller in Pair 2.
1: The magnitude of the magnetic force is smaller in Pair 1.
2: The magnitude of the magnetic force is the same in both pairs.

Answer with the correct option from 0 to 2. Only provide the numeric and nothing else 

Answer: 
assistant
2",2,1,grade7,"system
You are a helpful assistant.
user
 QUESTION: Think about the magnetic force between the magnets in each pair. Which of the following statements is true?
OPTIONS:
0: The magnitude of the magnetic force is smaller in Pair 2.
1: The magnitude of the magnetic force is smaller in Pair 1.
2: The magnitude of the magnetic force is the same in both pairs.

Answer with the correct option from 0 to 2. Only provide the numeric and nothing else 

Answer: 
assistant
1",1,1,grade7
40,30.960629,34.790882,34.904438,35.76967,36.576218,38.45929,39.81124,41.01109,41.731003,42.553574,42.87142,42.093437,41.678513,41.45089,41.10263,41.504333,43.729492,45.343945,46.599926,47.42954,49.06156,47.90436,49.74137,51.272297,52.04317,51.97844,52.328217,51.07712,50.355686,50.531487,48.907776,49.731018,50.35602,50.719875,50.22874,49.374523,42.694305,Img tokens,80,326,"system
You are a helpful assistant.
user
 QUESTION: Which statement is true about the average monthly precipitation in Nairobi?
OPTIONS:
0: Nairobi gets about the same amount of precipitation each month.
1: More precipitation falls in April than in August.
2: February is the wettest month of the year.

Answer with the correct option from 0 to 2. Only provide the numeric and nothing else 

Answer: 
assistant
1",1,1,grade3,"system
You are a helpful assistant.
user
 QUESTION: Which statement is true about the average monthly precipitation in Nairobi?
OPTIONS:
0: Nairobi gets about the same amount of precipitation each month.
1: More precipitation falls in April than in August.
2: February is the wettest month of the year.

Answer with the correct option from 0 to 2. Only provide the numeric and nothing else 

Answer: 
assistant
2",2,1,grade3
41,23.163275,25.444244,25.649284,25.99276,26.2246,27.319572,28.1582,29.836569,30.82625,31.80689,32.192135,32.511166,32.497063,33.116913,33.50036,34.24214,35.780125,36.419342,37.369995,38.577454,41.067062,41.025127,41.887543,44.37679,45.67368,46.67755,47.06017,46.43034,44.515198,45.87653,45.041092,45.49391,46.153522,46.27769,44.556908,42.655006,36.657833,Img tokens,565,1931,"system
You are a helpful assistant.
user
 QUESTION: Think about the magnetic force between the magnets in each pair. Which of the following statements is true?
OPTIONS:
0: The strength of the magnetic force is the same in both pairs.
1: The magnetic force is weaker in Pair 1.
2: The magnetic force is weaker in Pair 2.

Answer with the correct option from 0 to 2. Only provide the numeric and nothing else 

Answer: 
assistant
2",2,1,grade4,"system
You are a helpful assistant.
user
 QUESTION: Think about the magnetic force between the magnets in each pair. Which of the following statements is true?
OPTIONS:
0: The strength of the magnetic force is the same in both pairs.
1: The magnetic force is weaker in Pair 1.
2: The magnetic force is weaker in Pair 2.

Answer with the correct option from 0 to 2. Only provide the numeric and nothing else 

Answer: 
assistant
1",1,1,grade4
42,60.913605,69.02765,67.28586,70.59161,73.58972,79.01845,83.46287,88.25757,88.932556,90.960464,90.52324,85.44836,81.99679,77.82399,77.08111,74.32011,78.92186,82.47787,82.477394,83.59963,86.52612,82.93691,86.17573,90.180695,92.05445,95.13848,95.81049,95.511665,94.04664,99.540436,98.66315,101.13179,105.79717,105.727776,112.31627,108.7668,80.06557,Img tokens,300,1026,"system
You are a helpful assistant.
user
 QUESTION: In this food web, which organism contains matter that eventually moves to the earthworm?
OPTIONS:
0: barren-ground caribou
1: mushroom
2: grizzly bear
3: bear sedge

Answer with the correct option from 0 to 3. Only provide the numeric and nothing else 

Answer: 
assistant
2",2,3,grade7,"system
You are a helpful assistant.
user
 QUESTION: In this food web, which organism contains matter that eventually moves to the earthworm?
OPTIONS:
0: barren-ground caribou
1: mushroom
2: grizzly bear
3: bear sedge

Answer with the correct option from 0 to 3. Only provide the numeric and nothing else 

Answer: 
assistant
3",3,3,grade7
43,48.384857,51.23248,50.57869,50.613735,51.056793,51.888695,51.984787,54.39187,54.908104,56.277317,55.02256,52.04094,50.170647,49.359596,49.56688,48.264347,50.763733,52.80836,53.817688,56.000233,59.864143,59.478405,62.262665,66.98347,69.74611,71.52495,72.443535,70.17926,70.21481,71.919815,72.1929,72.23291,71.807526,71.86342,74.16997,75.82006,65.45826,Img tokens,370,1244,"system
You are a helpful assistant.
user
 QUESTION: Which ocean is highlighted?
OPTIONS:
0: the Pacific Ocean
1: the Arctic Ocean
2: the Southern Ocean
3: the Atlantic Ocean

Answer with the correct option from 0 to 3. Only provide the numeric and nothing else 

Answer: 
assistant
1",1,3,grade8,"system
You are a helpful assistant.
user
 QUESTION: Which ocean is highlighted?
OPTIONS:
0: the Pacific Ocean
1: the Arctic Ocean
2: the Southern Ocean
3: the Atlantic Ocean

Answer with the correct option from 0 to 3. Only provide the numeric and nothing else 

Answer: 
assistant
0",0,3,grade8
44,36.75726,41.88278,40.40202,40.868137,41.51648,42.215942,43.884777,45.903206,46.521572,47.447433,46.030205,44.530807,45.1567,43.974716,45.086563,45.28654,49.981064,54.340446,55.263023,56.201878,54.14168,51.493362,53.418724,56.452366,59.376644,62.015812,63.154377,65.79918,67.65397,68.93933,70.63171,72.63162,77.749176,75.77282,78.52898,77.908905,57.77966,Img tokens,196,713,"system
You are a helpful assistant.
user
 QUESTION: What can Emmet and Kathleen trade to each get what they want?
OPTIONS:
0: Emmet can trade his tomatoes for Kathleen's broccoli.
1: Emmet can trade his tomatoes for Kathleen's sandwich.
2: Kathleen can trade her almonds for Emmet's tomatoes.
3: Kathleen can trade her broccoli for Emmet's oranges.

Answer with the correct option from 0 to 3. Only provide the numeric and nothing else 

Answer: 
assistant
3",3,0,grade6,"system
You are a helpful assistant.
user
 QUESTION: What can Emmet and Kathleen trade to each get what they want?
OPTIONS:
0: Emmet can trade his tomatoes for Kathleen's broccoli.
1: Emmet can trade his tomatoes for Kathleen's sandwich.
2: Kathleen can trade her almonds for Emmet's tomatoes.
3: Kathleen can trade her broccoli for Emmet's oranges.

Answer with the correct option from 0 to 3. Only provide the numeric and nothing else 

Answer: 
assistant
0",0,0,grade6
45,48.389366,49.895287,49.44035,49.94415,51.37722,53.035454,53.552597,55.907997,55.73315,56.574436,57.567303,57.63478,56.79107,55.371483,54.78822,53.155075,55.694355,57.00595,57.951836,59.955418,63.354294,61.560467,63.53187,66.85386,67.528076,68.952934,68.91205,67.307,65.98623,68.31587,69.38517,71.34816,70.30598,71.53408,74.32351,74.2764,55.835155,Img tokens,71,292,"system
You are a helpful assistant.
user
 QUESTION: Which air temperature was measured within the outlined area shown?
OPTIONS:
0: -24°C
1: 3°C
2: -4°C

Answer with the correct option from 0 to 2. Only provide the numeric and nothing else 

Answer: 
assistant
2",2,0,grade6,"system
You are a helpful assistant.
user
 QUESTION: Which air temperature was measured within the outlined area shown?
OPTIONS:
0: -24°C
1: 3°C
2: -4°C

Answer with the correct option from 0 to 2. Only provide the numeric and nothing else 

Answer: 
assistant
1",1,0,grade6
46,20.378294,21.656965,21.800442,22.047398,22.294167,23.06206,23.6162,25.084694,25.937435,26.527617,26.947126,26.951836,27.054962,27.475008,27.566853,27.937002,28.943033,29.719736,30.410067,31.286459,32.645164,32.69231,33.348328,34.96228,35.593384,36.057552,36.30623,36.48795,35.451447,35.522816,34.639572,35.07381,35.824394,35.151115,32.196552,30.410534,27.088646,Img tokens,46,201,"system
You are a helpful assistant.
user
 QUESTION: Think about the magnetic force between the magnets in each pair. Which of the following statements is true?
OPTIONS:
0: The magnetic force is weaker in Pair 1.
1: The magnetic force is weaker in Pair 2.
2: The strength of the magnetic force is the same in both pairs.

Answer with the correct option from 0 to 2. Only provide the numeric and nothing else 

Answer: 
assistant
2",2,2,grade4,"system
You are a helpful assistant.
user
 QUESTION: Think about the magnetic force between the magnets in each pair. Which of the following statements is true?
OPTIONS:
0: The magnetic force is weaker in Pair 1.
1: The magnetic force is weaker in Pair 2.
2: The strength of the magnetic force is the same in both pairs.

Answer with the correct option from 0 to 2. Only provide the numeric and nothing else 

Answer: 
assistant
1",1,2,grade4
47,47.182034,49.249603,48.750164,49.339752,49.503746,50.91543,51.294594,53.63321,53.809128,54.56084,52.590866,52.287823,49.74617,48.223846,48.295372,46.722824,48.53523,49.95501,51.353096,52.61752,56.107254,54.84967,57.41214,61.20446,62.42102,64.81901,66.49399,65.25084,65.255974,71.549194,73.87739,76.796776,80.37441,79.40651,85.197655,86.83007,82.049126,Img tokens,233,833,"system
You are a helpful assistant.
user
 QUESTION: Which of these cities is marked on the map?
OPTIONS:
0: Oklahoma City
1: Nashville
2: New Orleans
3: Miami

Answer with the correct option from 0 to 3. Only provide the numeric and nothing else 

Answer: 
assistant
3",3,3,grade4,"system
You are a helpful assistant.
user
 QUESTION: Which of these cities is marked on the map?
OPTIONS:
0: Oklahoma City
1: Nashville
2: New Orleans
3: Miami

Answer with the correct option from 0 to 3. Only provide the numeric and nothing else 

Answer: 
assistant
0",0,3,grade4
48,32.364395,34.378914,34.09744,34.725346,35.996853,37.5986,39.421192,40.587456,40.877953,40.221676,40.081394,39.34857,37.66733,37.666992,38.14989,38.07365,39.605328,40.532772,41.598537,42.896446,44.115,43.1941,44.160892,45.860283,46.630764,46.0586,46.350754,45.97226,44.571552,43.268692,41.096104,41.606503,43.64983,44.712654,39.351112,37.234318,27.495176,Img tokens,296,1018,"system
You are a helpful assistant.
user
 QUESTION: What can Nancy and Dominic trade to each get what they want?
OPTIONS:
0: Nancy can trade her tomatoes for Dominic's carrots.
1: Dominic can trade his broccoli for Nancy's oranges.
2: Dominic can trade his almonds for Nancy's tomatoes.
3: Nancy can trade her tomatoes for Dominic's broccoli.

Answer with the correct option from 0 to 3. Only provide the numeric and nothing else 

Answer: 
assistant
3",3,3,grade8,"system
You are a helpful assistant.
user
 QUESTION: What can Nancy and Dominic trade to each get what they want?
OPTIONS:
0: Nancy can trade her tomatoes for Dominic's carrots.
1: Dominic can trade his broccoli for Nancy's oranges.
2: Dominic can trade his almonds for Nancy's tomatoes.
3: Nancy can trade her tomatoes for Dominic's broccoli.

Answer with the correct option from 0 to 3. Only provide the numeric and nothing else 

Answer: 
assistant
0",0,3,grade8
49,21.368385,23.315588,23.39975,23.832535,24.819767,26.236843,27.403608,29.473667,30.69573,31.587822,31.909094,31.372814,31.2201,31.672775,31.876755,31.953457,33.049023,34.135075,34.860943,35.926075,37.399334,36.47152,37.171436,39.104305,40.253067,41.01837,41.63774,40.800858,40.16897,40.526535,39.454185,38.496307,39.21797,39.092564,38.2317,36.15646,34.38252,Img tokens,81,327,"system
You are a helpful assistant.
user
 QUESTION: Which solution has a higher concentration of purple particles?
OPTIONS:
0: Solution B
1: Solution A
2: neither; their concentrations are the same

Answer with the correct option from 0 to 2. Only provide the numeric and nothing else 

Answer: 
assistant
2",2,1,grade8,"system
You are a helpful assistant.
user
 QUESTION: Which solution has a higher concentration of purple particles?
OPTIONS:
0: Solution B
1: Solution A
2: neither; their concentrations are the same

Answer with the correct option from 0 to 2. Only provide the numeric and nothing else 

Answer: 
assistant
1",1,1,grade8
0,47.851868,65.567535,68.83454,70.475075,71.95456,73.26298,74.35315,74.99156,74.73732,75.259026,74.71866,72.467026,67.47311,63.31446,64.52718,63.421032,63.317356,62.96089,62.66739,61.924595,62.219692,60.68692,60.11421,61.544003,61.29685,59.713158,60.50491,60.705147,59.821907,58.100864,59.643974,29.431923,34.9083,38.900333,38.230083,40.602703,34.38121,Text tokens,114,416,"system
You are a helpful assistant.
user
 QUESTION: Which animal's skin is better adapted as a warning sign to ward off predators?
OPTIONS:
0: crown-of-thorns sea star
1: peppered moth

Answer with the correct option from 0 to 1. Only provide the numeric and nothing else 

Answer: 
assistant
0",0,0,grade3,"system
You are a helpful assistant.
user
 QUESTION: Which animal's skin is better adapted as a warning sign to ward off predators?
OPTIONS:
0: crown-of-thorns sea star
1: peppered moth

Answer with the correct option from 0 to 1. Only provide the numeric and nothing else 

Answer: 
assistant
1",1,0,grade3
1,48.725895,77.78266,84.15763,87.828926,90.63943,96.393524,96.874435,99.06985,99.56066,99.42132,100.76788,97.38784,92.25796,86.28255,87.98121,87.69205,88.90724,89.618355,90.76904,89.45898,90.94408,88.089264,87.8942,89.29345,88.89449,86.86462,87.31806,86.43841,85.75973,83.86287,86.414635,71.34631,74.94899,75.48947,67.22932,63.831886,39.693813,Text tokens,25,124,"system
You are a helpful assistant.
user
 QUESTION: Identify the question that Kira's experiment can best answer.
OPTIONS:
0: Does linen fabric turn darker than cotton fabric when soaked in a mixture of black dye and water?
1: Does fabric turn darker when soaked in a mixture of black dye and water for 15 minutes compared to 30 minutes?

Answer with the correct option from 0 to 1. Only provide the numeric and nothing else 

Answer: 
assistant
0",0,0,grade6,"system
You are a helpful assistant.
user
 QUESTION: Identify the question that Kira's experiment can best answer.
OPTIONS:
0: Does linen fabric turn darker than cotton fabric when soaked in a mixture of black dye and water?
1: Does fabric turn darker when soaked in a mixture of black dye and water for 15 minutes compared to 30 minutes?

Answer with the correct option from 0 to 1. Only provide the numeric and nothing else 

Answer: 
assistant
1",1,0,grade6
2,40.26678,53.828186,55.19784,55.01144,53.955513,53.905293,56.570793,58.45269,60.042763,61.978745,62.000767,60.74557,57.38786,54.84123,55.620396,54.001163,54.438366,53.95221,54.35513,53.845985,54.43957,54.204945,54.083317,55.369217,55.045918,54.12842,54.94695,54.978268,54.571144,53.031937,53.638412,24.301977,29.945906,34.993355,36.15375,38.850662,28.824003,Text tokens,281,983,"system
You are a helpful assistant.
user
 QUESTION: Select the organism in the same species as the red-billed gull.
OPTIONS:
0: Haliaeetus leucocephalus
1: Chroicocephalus ridibundus
2: Chroicocephalus scopulinus

Answer with the correct option from 0 to 2. Only provide the numeric and nothing else 

Answer: 
assistant
2",2,2,grade8,"system
You are a helpful assistant.
user
 QUESTION: Select the organism in the same species as the red-billed gull.
OPTIONS:
0: Haliaeetus leucocephalus
1: Chroicocephalus ridibundus
2: Chroicocephalus scopulinus

Answer with the correct option from 0 to 2. Only provide the numeric and nothing else 

Answer: 
assistant
1",1,2,grade8
3,26.11414,42.034306,44.328823,45.79551,47.254757,47.856068,47.828953,48.45419,48.208317,47.900093,47.575245,45.635056,42.54175,42.054657,42.75685,41.81538,42.400745,41.88805,42.019085,41.767235,42.047173,41.2652,41.31801,41.82194,42.075325,41.266586,42.20913,42.577435,42.140457,41.86363,42.33101,8.940086,11.573279,14.559728,16.015797,19.951427,26.430252,Text tokens,250,897,"system
You are a helpful assistant.
user
 QUESTION: Which country is highlighted?
OPTIONS:
0: Haiti
1: Saint Kitts and Nevis
2: the Dominican Republic
3: Dominica

Answer with the correct option from 0 to 3. Only provide the numeric and nothing else 

Answer: 
assistant
3",3,3,grade6,"system
You are a helpful assistant.
user
 QUESTION: Which country is highlighted?
OPTIONS:
0: Haiti
1: Saint Kitts and Nevis
2: the Dominican Republic
3: Dominica

Answer with the correct option from 0 to 3. Only provide the numeric and nothing else 

Answer: 
assistant
2",2,3,grade6
4,27.801626,44.13697,46.23944,47.714382,49.123566,49.642914,50.103596,50.596043,50.394573,49.78345,49.149883,45.906136,43.24516,42.24018,42.799408,42.075462,42.881683,42.47922,42.56762,42.330738,42.725445,41.985638,42.04491,42.477055,42.720432,41.831173,42.756042,42.963318,42.78072,42.50537,43.105625,9.677778,12.383873,15.467969,16.955786,21.009459,27.521976,Text tokens,228,817,"system
You are a helpful assistant.
user
 QUESTION: Which country is highlighted?
OPTIONS:
0: Papua New Guinea
1: Australia
2: the Federated States of Micronesia
3: Palau

Answer with the correct option from 0 to 3. Only provide the numeric and nothing else 

Answer: 
assistant
3",3,2,grade6,"system
You are a helpful assistant.
user
 QUESTION: Which country is highlighted?
OPTIONS:
0: Papua New Guinea
1: Australia
2: the Federated States of Micronesia
3: Palau

Answer with the correct option from 0 to 3. Only provide the numeric and nothing else 

Answer: 
assistant
2",2,2,grade6
5,24.588432,40.413876,42.574417,44.15567,45.836643,46.838974,46.838116,47.512886,46.953278,46.856598,46.448807,45.39199,42.20517,41.174366,41.691055,41.04437,41.484688,41.091644,41.21621,40.89211,41.35697,40.789,40.68237,41.204594,41.439404,40.641624,41.382988,41.389538,40.942955,40.63357,40.991512,8.925662,11.4625635,14.334192,15.54349,18.944542,24.839846,Text tokens,142,509,"system
You are a helpful assistant.
user
 QUESTION: What is the name of the colony shown?
OPTIONS:
0: Massachusetts
1: Rhode Island
2: New Hampshire
3: Vermont

Answer with the correct option from 0 to 3. Only provide the numeric and nothing else 

Answer: 
assistant
2",2,2,grade5,"system
You are a helpful assistant.
user
 QUESTION: What is the name of the colony shown?
OPTIONS:
0: Massachusetts
1: Rhode Island
2: New Hampshire
3: Vermont

Answer with the correct option from 0 to 3. Only provide the numeric and nothing else 

Answer: 
assistant
1",1,2,grade5
6,25.511688,40.85708,42.94732,44.482674,46.048653,46.896564,47.11216,47.749958,47.316658,47.149975,46.810226,45.872463,42.89499,41.72399,42.30024,41.718876,42.07812,41.595997,41.719772,41.256,41.624332,41.00423,40.80039,41.302822,41.46569,40.45365,41.251774,41.22039,40.980835,40.475067,40.935905,9.162208,11.75969,14.693032,15.904559,19.227976,24.69503,Text tokens,104,389,"system
You are a helpful assistant.
user
 QUESTION: What is the name of the colony shown?
OPTIONS:
0: Georgia
1: New Hampshire
2: South Carolina
3: West Virginia

Answer with the correct option from 0 to 3. Only provide the numeric and nothing else 

Answer: 
assistant
0",0,0,grade5,"system
You are a helpful assistant.
user
 QUESTION: What is the name of the colony shown?
OPTIONS:
0: Georgia
1: New Hampshire
2: South Carolina
3: West Virginia

Answer with the correct option from 0 to 3. Only provide the numeric and nothing else 

Answer: 
assistant
2",2,0,grade5
7,36.242607,52.059147,54.044064,55.438248,56.942814,57.576336,57.605133,58.129158,57.82442,57.72213,57.45733,56.408855,52.577595,50.619427,50.985313,50.20992,50.27369,49.573784,49.689335,48.494637,48.69286,47.695583,47.225372,47.868046,47.929794,46.831573,47.501232,47.275166,46.486446,45.6073,46.70188,13.621153,17.586754,21.262924,22.652733,26.501757,30.610996,Text tokens,558,1905,"system
You are a helpful assistant.
user
 QUESTION: Which of the following fossils is younger? Select the more likely answer.
OPTIONS:
0: feather
1: ginkgo leaf

Answer with the correct option from 0 to 1. Only provide the numeric and nothing else 

Answer: 
assistant
0",0,0,grade8,"system
You are a helpful assistant.
user
 QUESTION: Which of the following fossils is younger? Select the more likely answer.
OPTIONS:
0: feather
1: ginkgo leaf

Answer with the correct option from 0 to 1. Only provide the numeric and nothing else 

Answer: 
assistant
1",1,0,grade8
8,25.325994,38.727203,40.49262,41.827854,43.315323,44.12088,44.22914,44.744164,44.33126,44.510468,44.733925,43.916496,41.18218,40.291943,40.63549,40.030216,40.28762,39.64879,39.727913,39.08477,39.30897,38.774414,38.287365,38.461452,38.49217,37.755123,38.508057,38.576046,38.258884,38.223675,38.690365,6.761853,8.640742,10.873428,12.263363,15.883044,25.838537,Text tokens,89,346,"system
You are a helpful assistant.
user
 QUESTION: Which property matches this object?
OPTIONS:
0: transparent
1: smooth

Answer with the correct option from 0 to 1. Only provide the numeric and nothing else 

Answer: 
assistant
1",1,1,grade3,"system
You are a helpful assistant.
user
 QUESTION: Which property matches this object?
OPTIONS:
0: transparent
1: smooth

Answer with the correct option from 0 to 1. Only provide the numeric and nothing else 

Answer: 
assistant
0",0,1,grade3
9,22.983467,37.369526,39.309364,41.109196,42.594715,43.617702,43.71674,44.31953,43.963898,44.00235,43.933113,42.872482,39.764133,39.323925,39.804813,39.074333,39.49946,39.20389,39.37909,39.086082,39.333496,38.71383,38.466316,38.767277,39.04583,37.994934,38.747345,39.423683,38.870502,38.61708,39.080082,7.6152287,9.734774,12.362133,13.681428,17.293238,24.770042,Text tokens,432,1479,"system
You are a helpful assistant.
user
 QUESTION: Which continent is highlighted?
OPTIONS:
0: South America
1: North America
2: Asia
3: Africa

Answer with the correct option from 0 to 3. Only provide the numeric and nothing else 

Answer: 
assistant
3",3,3,grade8,"system
You are a helpful assistant.
user
 QUESTION: Which continent is highlighted?
OPTIONS:
0: South America
1: North America
2: Asia
3: Africa

Answer with the correct option from 0 to 3. Only provide the numeric and nothing else 

Answer: 
assistant
0",0,3,grade8
10,43.87691,62.566883,65.93919,68.09101,69.66779,71.39498,72.071075,72.13602,71.77496,71.706314,72.0338,69.28886,65.15846,60.523293,60.640926,60.94801,62.34255,62.305283,62.476437,62.28179,62.917854,61.039993,60.644623,61.63563,61.38404,59.865173,60.33899,60.623318,59.368008,56.981575,57.481968,30.514648,35.73185,39.143524,37.882114,38.84985,33.766754,Text tokens,32,153,"system
You are a helpful assistant.
user
 QUESTION: In this food web, which organism contains matter that eventually moves to the bat star?
OPTIONS:
0: sea cucumber
1: sea otter
2: phytoplankton

Answer with the correct option from 0 to 2. Only provide the numeric and nothing else 

Answer: 
assistant
0",0,2,grade6,"system
You are a helpful assistant.
user
 QUESTION: In this food web, which organism contains matter that eventually moves to the bat star?
OPTIONS:
0: sea cucumber
1: sea otter
2: phytoplankton

Answer with the correct option from 0 to 2. Only provide the numeric and nothing else 

Answer: 
assistant
2",2,2,grade6
11,28.315006,44.537476,46.85071,48.44944,50.24199,51.302727,51.244877,51.75703,51.039654,51.22654,51.182133,50.174007,46.849213,46.04929,46.317604,45.87816,46.171055,45.68282,45.695038,44.999325,45.317646,44.251534,43.79725,44.29835,44.33625,43.62673,44.071373,44.8682,44.52053,44.529667,45.54353,10.031311,12.897757,16.184559,17.352625,21.11643,27.797243,Text tokens,30,146,"system
You are a helpful assistant.
user
 QUESTION: Which month is the wettest on average in Christchurch?
OPTIONS:
0: August
1: April
2: May

Answer with the correct option from 0 to 2. Only provide the numeric and nothing else 

Answer: 
assistant
2",2,2,grade3,"system
You are a helpful assistant.
user
 QUESTION: Which month is the wettest on average in Christchurch?
OPTIONS:
0: August
1: April
2: May

Answer with the correct option from 0 to 2. Only provide the numeric and nothing else 

Answer: 
assistant
0",0,2,grade3
12,22.442846,37.392284,39.803352,41.50991,43.44792,44.53434,44.614857,45.21462,44.958405,44.987343,44.64122,43.93166,40.946262,40.22421,40.60515,39.977493,40.22943,39.594746,39.76711,39.331978,39.441162,38.95983,38.777576,39.146282,39.093586,37.75797,39.097424,40.08907,40.6151,40.141453,40.532024,7.6913934,9.763477,12.252546,13.439475,17.2606,24.365538,Text tokens,95,368,"system
You are a helpful assistant.
user
 QUESTION: Which i in column 3?
OPTIONS:
0: the school
1: the park
2: the pond
3: the gas station

Answer with the correct option from 0 to 3. Only provide the numeric and nothing else 

Answer: 
assistant
0",0,0,grade3,"system
You are a helpful assistant.
user
 QUESTION: Which i in column 3?
OPTIONS:
0: the school
1: the park
2: the pond
3: the gas station

Answer with the correct option from 0 to 3. Only provide the numeric and nothing else 

Answer: 
assistant
3",3,0,grade3
13,37.293026,55.765312,59.3701,61.733986,64.39609,66.68768,66.054825,67.24634,67.38986,66.784935,67.32928,65.40553,61.96128,58.044205,59.162815,58.39155,59.066833,58.332466,59.035885,57.93846,58.402348,56.833523,56.324833,57.468338,56.76413,55.172077,56.38702,56.47606,55.24487,53.41823,54.717857,25.108683,29.816793,33.421158,32.738865,35.220066,31.813065,Text tokens,223,806,"system
You are a helpful assistant.
user
 QUESTION: Compare the average kinetic energies of the particles in each sample. Which sample has the higher temperature?
OPTIONS:
0: sample A
1: neither; the samples have the same temperature
2: sample B

Answer with the correct option from 0 to 2. Only provide the numeric and nothing else 

Answer: 
assistant
1",1,1,grade7,"system
You are a helpful assistant.
user
 QUESTION: Compare the average kinetic energies of the particles in each sample. Which sample has the higher temperature?
OPTIONS:
0: sample A
1: neither; the samples have the same temperature
2: sample B

Answer with the correct option from 0 to 2. Only provide the numeric and nothing else 

Answer: 
assistant
2",2,1,grade7
14,27.363867,42.449196,44.37321,45.79779,47.668255,48.650684,48.66788,49.365913,48.97375,49.109802,48.764877,47.847836,44.799297,43.79617,44.152912,43.32044,43.462864,42.68439,42.72184,41.950035,42.121784,41.17857,40.709682,41.1598,41.208946,40.19816,40.91166,41.1057,41.022984,40.630142,41.128155,9.03187,11.600668,14.343289,15.558129,19.062693,26.486557,Text tokens,238,844,"system
You are a helpful assistant.
user
 QUESTION: Which property do these four objects have in common?
OPTIONS:
0: salty
1: rough
2: flexible

Answer with the correct option from 0 to 2. Only provide the numeric and nothing else 

Answer: 
assistant
1",1,1,grade5,"system
You are a helpful assistant.
user
 QUESTION: Which property do these four objects have in common?
OPTIONS:
0: salty
1: rough
2: flexible

Answer with the correct option from 0 to 2. Only provide the numeric and nothing else 

Answer: 
assistant
2",2,1,grade5
15,55.49503,70.651924,74.268036,77.013725,77.47104,80.14769,81.360085,84.4962,86.252594,86.434,87.574455,85.23118,79.23763,74.69436,76.7134,77.39814,79.53699,80.59321,81.630585,82.44382,84.41412,82.699104,82.20004,82.88114,83.08607,80.92882,81.826256,82.35132,79.17747,74.36194,75.803505,61.04253,63.89294,63.267742,52.826878,49.197086,31.951666,Text tokens,517,1780,"system
You are a helpful assistant.
user
 QUESTION: What can Bella and Darnell trade to each get what they want?
OPTIONS:
0: Darnell can trade his broccoli for Bella's oranges.
1: Darnell can trade his almonds for Bella's tomatoes.
2: Bella can trade her tomatoes for Darnell's carrots.
3: Bella can trade her tomatoes for Darnell's broccoli.

Answer with the correct option from 0 to 3. Only provide the numeric and nothing else 

Answer: 
assistant
0",0,3,grade8,"system
You are a helpful assistant.
user
 QUESTION: What can Bella and Darnell trade to each get what they want?
OPTIONS:
0: Darnell can trade his broccoli for Bella's oranges.
1: Darnell can trade his almonds for Bella's tomatoes.
2: Bella can trade her tomatoes for Darnell's carrots.
3: Bella can trade her tomatoes for Darnell's broccoli.

Answer with the correct option from 0 to 3. Only provide the numeric and nothing else 

Answer: 
assistant
3",3,3,grade8
16,22.525764,37.26124,39.277523,40.84631,42.529247,43.553898,43.527824,43.998375,43.468033,43.78799,43.54748,42.93446,39.809002,39.26887,39.60763,39.036148,39.287865,38.77468,38.95352,38.63781,39.003494,38.47776,38.41263,38.977764,38.98175,37.99778,38.741314,39.155834,38.67047,38.49504,38.970375,7.048944,9.031015,11.377448,12.543372,16.072882,24.543413,Text tokens,27,129,"system
You are a helpful assistant.
user
 QUESTION: Which country is highlighted?
OPTIONS:
0: The Bahamas
1: Cuba
2: Jamaica
3: Haiti

Answer with the correct option from 0 to 3. Only provide the numeric and nothing else 

Answer: 
assistant
1",1,1,grade6,"system
You are a helpful assistant.
user
 QUESTION: Which country is highlighted?
OPTIONS:
0: The Bahamas
1: Cuba
2: Jamaica
3: Haiti

Answer with the correct option from 0 to 3. Only provide the numeric and nothing else 

Answer: 
assistant
2",2,1,grade6
17,28.230038,42.949062,44.88338,46.163494,47.99184,49.06662,49.47387,50.076572,49.694157,49.810627,49.48633,48.59656,45.567772,44.43276,44.7457,43.808,43.84233,42.99526,43.071518,42.318592,42.357822,41.556755,41.068512,41.622757,41.64181,40.67972,41.486393,41.64396,41.47564,40.875095,41.294933,9.428239,12.109773,15.031154,16.328247,19.962961,27.118824,Text tokens,574,1958,"system
You are a helpful assistant.
user
 QUESTION: Which property do these three objects have in common?
OPTIONS:
0: bumpy
1: bouncy
2: shiny

Answer with the correct option from 0 to 2. Only provide the numeric and nothing else 

Answer: 
assistant
0",0,0,grade3,"system
You are a helpful assistant.
user
 QUESTION: Which property do these three objects have in common?
OPTIONS:
0: bumpy
1: bouncy
2: shiny

Answer with the correct option from 0 to 2. Only provide the numeric and nothing else 

Answer: 
assistant
2",2,0,grade3
18,24.139887,39.68153,41.71754,43.1594,44.56209,45.462585,45.502796,45.913975,45.476345,45.656498,45.29064,44.18552,40.98646,40.303944,40.89554,40.235035,40.54516,40.001377,40.173405,39.82634,40.131054,39.53818,39.33983,39.915546,40.03108,39.18849,39.940403,40.42548,39.98791,39.80244,40.364365,7.7900476,10.027447,12.63793,13.980432,17.732365,26.115286,Text tokens,203,738,"system
You are a helpful assistant.
user
 QUESTION: Which country is highlighted?
OPTIONS:
0: Cuba
1: Haiti
2: Trinidad and Tobago
3: Grenada

Answer with the correct option from 0 to 3. Only provide the numeric and nothing else 

Answer: 
assistant
1",1,1,grade7,"system
You are a helpful assistant.
user
 QUESTION: Which country is highlighted?
OPTIONS:
0: Cuba
1: Haiti
2: Trinidad and Tobago
3: Grenada

Answer with the correct option from 0 to 3. Only provide the numeric and nothing else 

Answer: 
assistant
2",2,1,grade7
19,37.292835,55.656605,59.1394,61.313015,64.11565,66.44581,65.92625,67.090164,67.27383,66.574036,67.1725,65.244896,61.801403,58.004757,59.13368,58.413853,59.159622,58.426247,59.020657,57.906784,58.363346,56.77948,56.21842,57.452206,56.791615,55.112,56.328167,56.589817,55.254433,53.417934,54.676205,25.147945,29.859404,33.354034,32.646263,35.14593,31.903528,Text tokens,429,1470,"system
You are a helpful assistant.
user
 QUESTION: Compare the average kinetic energies of the particles in each sample. Which sample has the higher temperature?
OPTIONS:
0: sample A
1: sample B
2: neither; the samples have the same temperature

Answer with the correct option from 0 to 2. Only provide the numeric and nothing else 

Answer: 
assistant
0",0,0,grade7,"system
You are a helpful assistant.
user
 QUESTION: Compare the average kinetic energies of the particles in each sample. Which sample has the higher temperature?
OPTIONS:
0: sample A
1: sample B
2: neither; the samples have the same temperature

Answer with the correct option from 0 to 2. Only provide the numeric and nothing else 

Answer: 
assistant
1",1,0,grade7
20,23.04835,37.46983,39.41326,41.245903,42.756298,43.65581,43.85236,44.48263,43.939663,44.06673,44.009224,42.97932,39.940956,39.467083,39.851597,39.168625,39.58369,39.197968,39.362747,39.114647,39.320305,38.735634,38.532246,38.8847,39.150158,38.097527,38.97029,39.557434,39.084938,39.02097,39.388763,7.5242386,9.582609,12.077513,13.276571,16.824793,24.89867,Text tokens,225,808,"system
You are a helpful assistant.
user
 QUESTION: Which continent is highlighted?
OPTIONS:
0: Asia
1: South America
2: North America
3: Australia

Answer with the correct option from 0 to 3. Only provide the numeric and nothing else 

Answer: 
assistant
0",0,0,grade4,"system
You are a helpful assistant.
user
 QUESTION: Which continent is highlighted?
OPTIONS:
0: Asia
1: South America
2: North America
3: Australia

Answer with the correct option from 0 to 3. Only provide the numeric and nothing else 

Answer: 
assistant
1",1,0,grade4
21,49.54962,79.5665,85.78259,89.2886,91.08179,95.53421,95.31167,96.87167,95.56615,94.78294,96.566086,94.44241,88.95122,82.507126,83.27213,82.92588,83.91931,84.22884,84.36829,83.37611,84.057686,82.024445,81.4275,82.85712,82.36484,80.36541,80.75411,80.59985,79.152664,76.51226,80.338394,63.43806,67.75185,68.9151,63.041916,61.44559,44.51375,Text tokens,459,1571,"system
You are a helpful assistant.
user
 QUESTION: Which of the following is better evidence that the train's kinetic energy changed?
OPTIONS:
0: The train was stopped, and then it began to move forward and away from the station.
1: Electricity started flowing to the motor when the ride operator flipped the switch.

Answer with the correct option from 0 to 1. Only provide the numeric and nothing else 

Answer: 
assistant
0",0,0,grade6,"system
You are a helpful assistant.
user
 QUESTION: Which of the following is better evidence that the train's kinetic energy changed?
OPTIONS:
0: The train was stopped, and then it began to move forward and away from the station.
1: Electricity started flowing to the motor when the ride operator flipped the switch.

Answer with the correct option from 0 to 1. Only provide the numeric and nothing else 

Answer: 
assistant
1",1,0,grade6
22,24.809252,40.2767,42.352844,43.84918,45.54787,46.549946,46.672565,47.199707,47.168526,46.97213,46.64042,45.63209,42.706745,41.584335,42.159485,41.625324,41.99903,41.590973,41.736053,41.391426,41.806347,41.391888,41.202885,41.650547,41.76445,40.649067,41.452682,41.60929,40.81477,40.567226,40.805916,9.156502,11.780418,14.69887,15.882647,19.232887,24.615862,Text tokens,284,992,"system
You are a helpful assistant.
user
 QUESTION: What is the name of the colony shown?
OPTIONS:
0: New Hampshire
1: West Virginia
2: Virginia
3: New York

Answer with the correct option from 0 to 3. Only provide the numeric and nothing else 

Answer: 
assistant
0",0,0,grade8,"system
You are a helpful assistant.
user
 QUESTION: What is the name of the colony shown?
OPTIONS:
0: New Hampshire
1: West Virginia
2: Virginia
3: New York

Answer with the correct option from 0 to 3. Only provide the numeric and nothing else 

Answer: 
assistant
2",2,0,grade8
23,25.97164,41.53411,43.553204,44.7537,45.839153,46.671787,47.434032,48.304203,47.824974,48.179874,47.658844,45.26112,41.88057,41.60098,42.01054,41.38604,42.05285,41.592735,41.62867,41.250084,41.519955,40.765076,40.606113,41.01779,41.238407,40.321148,41.215233,41.74588,41.442318,41.30491,41.7937,8.565669,11.056594,13.962709,15.3729105,19.245174,26.500957,Text tokens,6,42,"system
You are a helpful assistant.
user
 QUESTION: Which country is highlighted?
OPTIONS:
0: Vanuatu
1: Tonga
2: the Marshall Islands
3: Nauru

Answer with the correct option from 0 to 3. Only provide the numeric and nothing else 

Answer: 
assistant
0",0,3,grade8,"system
You are a helpful assistant.
user
 QUESTION: Which country is highlighted?
OPTIONS:
0: Vanuatu
1: Tonga
2: the Marshall Islands
3: Nauru

Answer with the correct option from 0 to 3. Only provide the numeric and nothing else 

Answer: 
assistant
2",2,3,grade8
24,28.004374,42.859097,44.853394,46.313488,48.093105,49.103855,49.220226,49.887417,49.329006,49.51046,49.385212,48.476467,45.433197,44.420757,44.73335,43.800156,43.959484,43.092113,43.16798,42.517128,42.627274,41.750916,41.176407,41.620323,41.626476,40.74048,41.555576,41.649776,41.579025,41.125713,41.506348,9.46169,12.20703,15.130585,16.41978,20.037716,26.978065,Text tokens,163,583,"system
You are a helpful assistant.
user
 QUESTION: Which property do these three objects have in common?
OPTIONS:
0: bouncy
1: transparent
2: slippery

Answer with the correct option from 0 to 2. Only provide the numeric and nothing else 

Answer: 
assistant
2",2,2,grade4,"system
You are a helpful assistant.
user
 QUESTION: Which property do these three objects have in common?
OPTIONS:
0: bouncy
1: transparent
2: slippery

Answer with the correct option from 0 to 2. Only provide the numeric and nothing else 

Answer: 
assistant
0",0,2,grade4
25,35.143585,52.94402,56.08973,58.692078,61.7667,64.95892,65.43161,67.957634,67.86036,67.89211,68.83832,67.03389,62.709896,58.95304,60.30542,59.741985,60.533657,60.374622,60.7249,59.67601,60.484722,59.518456,59.716747,60.739956,60.45349,59.05889,60.536137,60.528946,59.731014,58.364765,59.431763,32.622696,37.987785,41.06144,38.47874,39.194633,32.663082,Text tokens,348,1174,"system
You are a helpful assistant.
user
 QUESTION: Think about the magnetic force between the magnets in each pair. Which of the following statements is true?
OPTIONS:
0: The magnitude of the magnetic force is greater in Pair 1.
1: The magnitude of the magnetic force is the same in both pairs.
2: The magnitude of the magnetic force is greater in Pair 2.

Answer with the correct option from 0 to 2. Only provide the numeric and nothing else 

Answer: 
assistant
0",0,2,grade5,"system
You are a helpful assistant.
user
 QUESTION: Think about the magnetic force between the magnets in each pair. Which of the following statements is true?
OPTIONS:
0: The magnitude of the magnetic force is greater in Pair 1.
1: The magnitude of the magnetic force is the same in both pairs.
2: The magnitude of the magnetic force is greater in Pair 2.

Answer with the correct option from 0 to 2. Only provide the numeric and nothing else 

Answer: 
assistant
2",2,2,grade5
26,37.292904,55.773766,59.341286,61.67976,64.262505,66.55649,65.92788,67.107735,67.20714,66.63257,67.211876,65.25725,61.863712,58.00251,59.1328,58.378098,59.136806,58.382328,59.07793,58.017452,58.398895,56.887154,56.380436,57.528553,56.85748,55.24071,56.389385,56.58753,55.24276,53.293053,54.516434,25.054443,29.731403,33.231327,32.491096,34.822357,31.57274,Text tokens,159,562,"system
You are a helpful assistant.
user
 QUESTION: Compare the average kinetic energies of the particles in each sample. Which sample has the higher temperature?
OPTIONS:
0: sample B
1: neither; the samples have the same temperature
2: sample A

Answer with the correct option from 0 to 2. Only provide the numeric and nothing else 

Answer: 
assistant
0",0,0,grade6,"system
You are a helpful assistant.
user
 QUESTION: Compare the average kinetic energies of the particles in each sample. Which sample has the higher temperature?
OPTIONS:
0: sample B
1: neither; the samples have the same temperature
2: sample A

Answer with the correct option from 0 to 2. Only provide the numeric and nothing else 

Answer: 
assistant
2",2,0,grade6
27,28.250717,43.021877,44.996334,46.404613,48.02578,49.09517,49.084866,49.77983,49.281284,49.41303,49.188374,48.253838,45.349773,44.414757,44.733574,43.834618,43.983334,43.14342,43.187912,42.494915,42.642105,41.75648,41.216866,41.76616,41.90573,41.141235,41.818886,41.914948,41.780132,41.43411,41.9896,9.417071,12.127592,15.043724,16.437939,19.981737,27.280579,Text tokens,220,796,"system
You are a helpful assistant.
user
 QUESTION: Which property do these three objects have in common?
OPTIONS:
0: sticky
1: blue
2: bouncy

Answer with the correct option from 0 to 2. Only provide the numeric and nothing else 

Answer: 
assistant
1",1,1,grade3,"system
You are a helpful assistant.
user
 QUESTION: Which property do these three objects have in common?
OPTIONS:
0: sticky
1: blue
2: bouncy

Answer with the correct option from 0 to 2. Only provide the numeric and nothing else 

Answer: 
assistant
0",0,1,grade3
28,22.685284,37.40544,39.444393,41.057007,42.66574,43.6025,43.582172,44.204258,43.816593,43.775192,43.58632,42.70938,39.746304,39.38246,39.77355,39.138706,39.539104,39.167427,39.383118,39.23378,39.439037,38.793655,38.490368,38.781403,38.974285,37.87318,38.620964,39.286587,38.76157,38.455997,38.961212,7.3667006,9.386653,11.889433,13.17443,16.699568,24.319996,Text tokens,344,1168,"system
You are a helpful assistant.
user
 QUESTION: Which continent is highlighted?
OPTIONS:
0: Asia
1: Antarctica
2: South America
3: Africa

Answer with the correct option from 0 to 3. Only provide the numeric and nothing else 

Answer: 
assistant
3",3,3,grade3,"system
You are a helpful assistant.
user
 QUESTION: Which continent is highlighted?
OPTIONS:
0: Asia
1: Antarctica
2: South America
3: Africa

Answer with the correct option from 0 to 3. Only provide the numeric and nothing else 

Answer: 
assistant
2",2,3,grade3
29,55.888214,83.466286,89.071846,91.96543,94.4244,99.23783,99.230316,101.68944,101.70403,102.09221,103.107704,100.087685,95.638916,89.52072,90.6674,89.62075,90.65351,91.24528,92.1727,90.750015,91.88798,89.15092,88.5997,89.96804,89.38615,86.84962,87.56915,87.061035,86.87293,85.23508,88.24127,74.21769,77.54262,77.97693,71.60281,69.224525,45.684414,Text tokens,94,360,"system
You are a helpful assistant.
user
 QUESTION: Identify the question that Carter's experiment can best answer.
OPTIONS:
0: Do steel nails take fewer days to rust in water compared to vinegar?
1: Do steel nails rust in fewer days when submerged in a large volume of liquid compared to a small volume?

Answer with the correct option from 0 to 1. Only provide the numeric and nothing else 

Answer: 
assistant
1",1,0,grade6,"system
You are a helpful assistant.
user
 QUESTION: Identify the question that Carter's experiment can best answer.
OPTIONS:
0: Do steel nails take fewer days to rust in water compared to vinegar?
1: Do steel nails rust in fewer days when submerged in a large volume of liquid compared to a small volume?

Answer with the correct option from 0 to 1. Only provide the numeric and nothing else 

Answer: 
assistant
0",0,0,grade6
30,25.361258,40.437317,42.457977,43.912003,45.528446,46.405056,46.37246,47.00087,46.42512,46.368763,46.181744,45.412037,42.25218,41.62065,42.12983,41.581142,41.973907,41.502605,41.570503,40.886303,41.07329,40.347214,40.07936,40.507595,40.813923,39.91574,40.464657,41.019047,40.956806,40.84453,41.38485,8.455494,10.856604,13.626247,14.816718,18.210005,25.345232,Text tokens,389,1318,"system
You are a helpful assistant.
user
 QUESTION: Which of these states is farthest south?
OPTIONS:
0: Maine
1: Massachusetts
2: Washington
3: North Dakota

Answer with the correct option from 0 to 3. Only provide the numeric and nothing else 

Answer: 
assistant
2",2,1,grade5,"system
You are a helpful assistant.
user
 QUESTION: Which of these states is farthest south?
OPTIONS:
0: Maine
1: Massachusetts
2: Washington
3: North Dakota

Answer with the correct option from 0 to 3. Only provide the numeric and nothing else 

Answer: 
assistant
3",3,1,grade5
31,35.16028,52.907013,56.041588,58.64597,61.769646,64.92189,65.404976,67.938156,67.92699,67.94435,68.852264,67.02341,62.70158,58.977306,60.31983,59.791656,60.522743,60.39762,60.615482,59.601475,60.563595,59.679222,59.80788,61.1247,61.318447,60.622593,62.5566,62.62593,62.197144,61.27475,62.648838,33.968575,39.36868,42.5608,40.193893,40.978794,34.236572,Text tokens,99,377,"system
You are a helpful assistant.
user
 QUESTION: Think about the magnetic force between the magnets in each pair. Which of the following statements is true?
OPTIONS:
0: The magnitude of the magnetic force is the same in both pairs.
1: The magnitude of the magnetic force is smaller in Pair 1.
2: The magnitude of the magnetic force is smaller in Pair 2.

Answer with the correct option from 0 to 2. Only provide the numeric and nothing else 

Answer: 
assistant
0",0,0,grade8,"system
You are a helpful assistant.
user
 QUESTION: Think about the magnetic force between the magnets in each pair. Which of the following statements is true?
OPTIONS:
0: The magnitude of the magnetic force is the same in both pairs.
1: The magnitude of the magnetic force is smaller in Pair 1.
2: The magnitude of the magnetic force is smaller in Pair 2.

Answer with the correct option from 0 to 2. Only provide the numeric and nothing else 

Answer: 
assistant
1",1,0,grade8
32,34.936584,52.11115,54.806015,56.574226,58.36507,59.531685,59.586815,60.154037,59.896526,59.823734,59.797752,58.437195,54.89311,53.09255,53.643425,52.718327,53.136417,51.991764,52.09653,50.94626,51.274307,50.491314,49.97257,50.671314,50.196766,48.750435,49.844902,50.36932,49.588688,47.938114,49.302002,16.245195,20.184973,24.053427,24.954678,28.614689,29.89656,Text tokens,367,1239,"system
You are a helpful assistant.
user
 QUESTION: Which solution has a higher concentration of green particles?
OPTIONS:
0: Solution A
1: Solution B
2: neither; their concentrations are the same

Answer with the correct option from 0 to 2. Only provide the numeric and nothing else 

Answer: 
assistant
2",2,1,grade8,"system
You are a helpful assistant.
user
 QUESTION: Which solution has a higher concentration of green particles?
OPTIONS:
0: Solution A
1: Solution B
2: neither; their concentrations are the same

Answer with the correct option from 0 to 2. Only provide the numeric and nothing else 

Answer: 
assistant
1",1,1,grade8
33,45.096,59.578655,61.569103,63.105106,63.843815,63.77037,64.90601,65.81433,66.524025,67.09381,66.576454,64.67504,59.40134,57.039062,57.519558,56.61022,57.606182,57.386463,57.12347,56.644592,56.973152,55.72552,55.27009,56.247135,56.160946,54.420456,55.42617,56.092808,55.897514,54.5544,55.556328,25.717707,31.044561,35.511765,35.874146,39.239315,34.287197,Text tokens,352,1188,"system
You are a helpful assistant.
user
 QUESTION: Select the mammal below.
OPTIONS:
0: hammerhead shark
1: red-headed poison frog
2: water buffalo
3: woodpecker

Answer with the correct option from 0 to 3. Only provide the numeric and nothing else 

Answer: 
assistant
3",3,2,grade4,"system
You are a helpful assistant.
user
 QUESTION: Select the mammal below.
OPTIONS:
0: hammerhead shark
1: red-headed poison frog
2: water buffalo
3: woodpecker

Answer with the correct option from 0 to 3. Only provide the numeric and nothing else 

Answer: 
assistant
2",2,2,grade4
34,24.108057,39.648506,41.804035,43.445995,45.11636,46.111176,46.231716,46.805977,46.448185,46.38686,45.802845,44.725414,41.3984,41.01663,41.306366,40.75886,41.259583,40.834663,40.910057,40.628193,40.988796,40.414772,40.47545,40.876022,40.871803,39.65811,40.53189,41.131283,40.519417,40.40595,40.943283,7.9880843,10.217251,12.9088125,14.214672,17.93815,25.55126,Text tokens,270,960,"system
You are a helpful assistant.
user
 QUESTION: Which country is highlighted?
OPTIONS:
0: the Marshall Islands
1: New Zealand
2: Australia
3: Papua New Guinea

Answer with the correct option from 0 to 3. Only provide the numeric and nothing else 

Answer: 
assistant
1",1,1,grade6,"system
You are a helpful assistant.
user
 QUESTION: Which country is highlighted?
OPTIONS:
0: the Marshall Islands
1: New Zealand
2: Australia
3: Papua New Guinea

Answer with the correct option from 0 to 3. Only provide the numeric and nothing else 

Answer: 
assistant
2",2,1,grade6
35,24.492317,39.731834,41.762424,43.208523,44.929474,45.84468,46.17527,46.68078,46.041492,46.126026,45.80264,44.84137,41.909935,40.749584,41.27817,40.783127,41.18284,40.794785,40.96408,40.589294,41.062305,40.52759,40.33001,40.782356,41.034943,40.24466,41.061195,41.28829,40.66247,40.4009,40.67273,8.907121,11.395569,14.20252,15.386552,18.6831,24.276697,Text tokens,44,195,"system
You are a helpful assistant.
user
 QUESTION: What is the name of the colony shown?
OPTIONS:
0: New Jersey
1: New York
2: Maryland
3: Delaware

Answer with the correct option from 0 to 3. Only provide the numeric and nothing else 

Answer: 
assistant
1",1,1,grade8,"system
You are a helpful assistant.
user
 QUESTION: What is the name of the colony shown?
OPTIONS:
0: New Jersey
1: New York
2: Maryland
3: Delaware

Answer with the correct option from 0 to 3. Only provide the numeric and nothing else 

Answer: 
assistant
0",0,1,grade8
36,22.477781,36.704414,38.65549,40.128483,41.82164,42.713974,42.828438,43.324104,42.92929,43.049088,42.685715,42.23121,39.14125,38.74863,39.206314,38.703587,39.117634,38.871586,39.10135,38.810234,39.257374,38.6573,38.51755,39.00633,39.11294,38.453266,39.145195,39.657604,39.18289,39.29977,39.648407,6.93836,8.835837,11.2248,12.484138,15.9700365,24.826164,Text tokens,470,1619,"system
You are a helpful assistant.
user
 QUESTION: Which state is highlighted?
OPTIONS:
0: California
1: Washington
2: Colorado
3: Hawaii

Answer with the correct option from 0 to 3. Only provide the numeric and nothing else 

Answer: 
assistant
1",1,1,grade5,"system
You are a helpful assistant.
user
 QUESTION: Which state is highlighted?
OPTIONS:
0: California
1: Washington
2: Colorado
3: Hawaii

Answer with the correct option from 0 to 3. Only provide the numeric and nothing else 

Answer: 
assistant
2",2,1,grade5
37,25.220955,40.41725,42.281384,43.700176,45.356464,46.240326,46.205044,46.7179,46.109947,46.009254,45.789734,45.148754,41.918064,41.377167,41.859436,41.36273,41.711246,41.109776,41.178093,40.535484,40.78648,40.220005,39.964905,40.29808,40.535484,39.6808,40.26898,40.73423,40.84557,40.737133,41.302753,8.388361,10.680082,13.376146,14.624269,17.906202,25.130201,Text tokens,549,1871,"system
You are a helpful assistant.
user
 QUESTION: Which of these states is farthest west?
OPTIONS:
0: Illinois
1: Ohio
2: Arkansas
3: South Carolina

Answer with the correct option from 0 to 3. Only provide the numeric and nothing else 

Answer: 
assistant
2",2,2,grade5,"system
You are a helpful assistant.
user
 QUESTION: Which of these states is farthest west?
OPTIONS:
0: Illinois
1: Ohio
2: Arkansas
3: South Carolina

Answer with the correct option from 0 to 3. Only provide the numeric and nothing else 

Answer: 
assistant
3",3,2,grade5
38,24.39237,39.748814,41.844772,43.352497,45.110455,46.097622,46.171284,46.92859,46.304203,46.197815,45.69471,44.733612,41.876823,40.70302,41.227795,40.7375,41.14983,40.744465,40.940308,40.51385,40.965626,40.336254,40.158436,40.643032,40.811966,40.074,40.90164,41.023663,40.532227,40.28416,40.539055,8.927271,11.437083,14.317111,15.516135,18.845673,24.11883,Text tokens,127,450,"system
You are a helpful assistant.
user
 QUESTION: What is the name of the colony shown?
OPTIONS:
0: New York
1: Connecticut
2: New Hampshire
3: Massachusetts

Answer with the correct option from 0 to 3. Only provide the numeric and nothing else 

Answer: 
assistant
1",1,1,grade8,"system
You are a helpful assistant.
user
 QUESTION: What is the name of the colony shown?
OPTIONS:
0: New York
1: Connecticut
2: New Hampshire
3: Massachusetts

Answer with the correct option from 0 to 3. Only provide the numeric and nothing else 

Answer: 
assistant
3",3,1,grade8
39,37.33978,56.749084,60.17062,62.841995,66.05813,69.2906,69.860275,72.632034,72.61892,72.45255,73.420815,71.48884,66.75013,62.85932,64.27111,63.704723,64.61445,64.344,64.78042,63.4764,64.25043,63.078114,63.173416,64.505035,64.79877,63.84604,65.888695,65.72458,65.21752,64.33415,65.61642,38.225395,43.482647,46.361015,43.175858,43.284355,35.21502,Text tokens,387,1309,"system
You are a helpful assistant.
user
 QUESTION: Think about the magnetic force between the magnets in each pair. Which of the following statements is true?
OPTIONS:
0: The magnitude of the magnetic force is smaller in Pair 2.
1: The magnitude of the magnetic force is smaller in Pair 1.
2: The magnitude of the magnetic force is the same in both pairs.

Answer with the correct option from 0 to 2. Only provide the numeric and nothing else 

Answer: 
assistant
2",2,1,grade7,"system
You are a helpful assistant.
user
 QUESTION: Think about the magnetic force between the magnets in each pair. Which of the following statements is true?
OPTIONS:
0: The magnitude of the magnetic force is smaller in Pair 2.
1: The magnitude of the magnetic force is smaller in Pair 1.
2: The magnitude of the magnetic force is the same in both pairs.

Answer with the correct option from 0 to 2. Only provide the numeric and nothing else 

Answer: 
assistant
1",1,1,grade7
40,35.717915,54.415325,57.627502,59.489494,61.47349,63.553143,63.50531,63.651978,62.682426,62.745495,63.06079,61.07735,56.593376,53.862373,54.6828,54.565594,55.040173,54.55914,54.43036,53.766346,53.85781,52.740093,52.580193,52.932728,53.195213,52.06747,52.881577,53.30164,52.061546,51.172623,52.542767,19.546345,23.994722,27.956524,27.88394,31.039017,30.79049,Text tokens,80,326,"system
You are a helpful assistant.
user
 QUESTION: Which statement is true about the average monthly precipitation in Nairobi?
OPTIONS:
0: Nairobi gets about the same amount of precipitation each month.
1: More precipitation falls in April than in August.
2: February is the wettest month of the year.

Answer with the correct option from 0 to 2. Only provide the numeric and nothing else 

Answer: 
assistant
1",1,1,grade3,"system
You are a helpful assistant.
user
 QUESTION: Which statement is true about the average monthly precipitation in Nairobi?
OPTIONS:
0: Nairobi gets about the same amount of precipitation each month.
1: More precipitation falls in April than in August.
2: February is the wettest month of the year.

Answer with the correct option from 0 to 2. Only provide the numeric and nothing else 

Answer: 
assistant
2",2,1,grade3
41,35.69145,53.885883,57.246834,59.961845,63.130566,66.32246,66.6206,68.999054,68.92168,68.7562,69.457,67.574135,62.92896,59.01154,60.384487,59.843422,60.66695,60.575985,60.669613,59.657608,60.449112,59.591614,59.60156,60.703648,60.929,59.7916,61.638397,61.629486,60.525024,59.158466,60.766697,32.243885,37.499332,40.620697,37.95484,38.16099,31.217922,Text tokens,565,1931,"system
You are a helpful assistant.
user
 QUESTION: Think about the magnetic force between the magnets in each pair. Which of the following statements is true?
OPTIONS:
0: The strength of the magnetic force is the same in both pairs.
1: The magnetic force is weaker in Pair 1.
2: The magnetic force is weaker in Pair 2.

Answer with the correct option from 0 to 2. Only provide the numeric and nothing else 

Answer: 
assistant
2",2,1,grade4,"system
You are a helpful assistant.
user
 QUESTION: Think about the magnetic force between the magnets in each pair. Which of the following statements is true?
OPTIONS:
0: The strength of the magnetic force is the same in both pairs.
1: The magnetic force is weaker in Pair 1.
2: The magnetic force is weaker in Pair 2.

Answer with the correct option from 0 to 2. Only provide the numeric and nothing else 

Answer: 
assistant
1",1,1,grade4
42,44.5415,64.474594,68.0348,70.45491,72.198685,74.24647,74.96158,75.89211,75.33697,75.39745,75.2164,72.64437,68.28825,64.187775,64.48676,64.55953,65.64897,65.38429,65.596054,65.24371,65.80432,63.8511,63.524178,64.48391,64.31766,62.742973,63.216385,63.69178,62.410458,60.038097,60.517723,33.913654,39.32295,42.745415,40.946808,41.75251,34.44973,Text tokens,300,1026,"system
You are a helpful assistant.
user
 QUESTION: In this food web, which organism contains matter that eventually moves to the earthworm?
OPTIONS:
0: barren-ground caribou
1: mushroom
2: grizzly bear
3: bear sedge

Answer with the correct option from 0 to 3. Only provide the numeric and nothing else 

Answer: 
assistant
2",2,3,grade7,"system
You are a helpful assistant.
user
 QUESTION: In this food web, which organism contains matter that eventually moves to the earthworm?
OPTIONS:
0: barren-ground caribou
1: mushroom
2: grizzly bear
3: bear sedge

Answer with the correct option from 0 to 3. Only provide the numeric and nothing else 

Answer: 
assistant
3",3,3,grade7
43,22.226816,36.182274,38.14215,39.77383,41.431953,43.09175,42.31765,44.059734,44.024338,43.719975,43.821106,43.06263,39.45553,38.897842,39.18412,38.642693,39.181698,38.65872,38.771404,38.70414,38.879585,38.542557,38.146645,38.671394,38.700836,37.65216,38.94847,39.34887,38.835285,38.145954,38.865482,8.700934,11.091126,13.781652,14.885779,18.253601,24.59997,Text tokens,370,1244,"system
You are a helpful assistant.
user
 QUESTION: Which ocean is highlighted?
OPTIONS:
0: the Pacific Ocean
1: the Arctic Ocean
2: the Southern Ocean
3: the Atlantic Ocean

Answer with the correct option from 0 to 3. Only provide the numeric and nothing else 

Answer: 
assistant
1",1,3,grade8,"system
You are a helpful assistant.
user
 QUESTION: Which ocean is highlighted?
OPTIONS:
0: the Pacific Ocean
1: the Arctic Ocean
2: the Southern Ocean
3: the Atlantic Ocean

Answer with the correct option from 0 to 3. Only provide the numeric and nothing else 

Answer: 
assistant
0",0,3,grade8
44,53.161747,71.21441,74.96346,77.71879,78.86437,81.38581,81.665245,84.41542,85.184944,85.48536,85.904045,83.057785,77.1608,72.5408,74.410355,74.64078,76.32246,77.16863,77.91689,78.21189,79.847374,78.52407,78.21865,78.66521,78.63355,76.71929,77.911804,78.58903,75.937874,71.79878,73.169,55.86301,59.420033,60.12516,53.17755,50.56515,35.7465,Text tokens,196,713,"system
You are a helpful assistant.
user
 QUESTION: What can Emmet and Kathleen trade to each get what they want?
OPTIONS:
0: Emmet can trade his tomatoes for Kathleen's broccoli.
1: Emmet can trade his tomatoes for Kathleen's sandwich.
2: Kathleen can trade her almonds for Emmet's tomatoes.
3: Kathleen can trade her broccoli for Emmet's oranges.

Answer with the correct option from 0 to 3. Only provide the numeric and nothing else 

Answer: 
assistant
3",3,0,grade6,"system
You are a helpful assistant.
user
 QUESTION: What can Emmet and Kathleen trade to each get what they want?
OPTIONS:
0: Emmet can trade his tomatoes for Kathleen's broccoli.
1: Emmet can trade his tomatoes for Kathleen's sandwich.
2: Kathleen can trade her almonds for Emmet's tomatoes.
3: Kathleen can trade her broccoli for Emmet's oranges.

Answer with the correct option from 0 to 3. Only provide the numeric and nothing else 

Answer: 
assistant
0",0,0,grade6
45,42.071404,69.5064,74.08747,77.02562,80.26625,82.80095,83.59534,85.19022,84.726494,84.82237,85.36268,83.21572,78.392944,74.003044,75.19036,73.49795,74.17718,73.38342,73.71373,72.35277,72.98766,71.08931,70.82681,72.02421,71.61053,69.47376,70.47047,71.2321,69.73879,67.55648,69.41081,40.956806,46.955616,50.728287,47.857548,48.121876,38.34544,Text tokens,71,292,"system
You are a helpful assistant.
user
 QUESTION: Which air temperature was measured within the outlined area shown?
OPTIONS:
0: -24°C
1: 3°C
2: -4°C

Answer with the correct option from 0 to 2. Only provide the numeric and nothing else 

Answer: 
assistant
2",2,0,grade6,"system
You are a helpful assistant.
user
 QUESTION: Which air temperature was measured within the outlined area shown?
OPTIONS:
0: -24°C
1: 3°C
2: -4°C

Answer with the correct option from 0 to 2. Only provide the numeric and nothing else 

Answer: 
assistant
1",1,0,grade6
46,35.69121,54.10341,57.425003,60.11513,63.156002,66.421295,66.6833,69.25057,69.44809,69.26356,69.95821,68.06426,63.412926,59.3769,60.8594,60.312233,61.190315,60.956116,61.00386,59.9718,60.716125,59.884415,60.02922,61.139683,61.574505,60.917206,62.91587,63.138332,62.56164,61.75257,63.575874,33.76808,39.368767,42.584175,39.28047,39.385975,32.789303,Text tokens,46,201,"system
You are a helpful assistant.
user
 QUESTION: Think about the magnetic force between the magnets in each pair. Which of the following statements is true?
OPTIONS:
0: The magnetic force is weaker in Pair 1.
1: The magnetic force is weaker in Pair 2.
2: The strength of the magnetic force is the same in both pairs.

Answer with the correct option from 0 to 2. Only provide the numeric and nothing else 

Answer: 
assistant
2",2,2,grade4,"system
You are a helpful assistant.
user
 QUESTION: Think about the magnetic force between the magnets in each pair. Which of the following statements is true?
OPTIONS:
0: The magnetic force is weaker in Pair 1.
1: The magnetic force is weaker in Pair 2.
2: The strength of the magnetic force is the same in both pairs.

Answer with the correct option from 0 to 2. Only provide the numeric and nothing else 

Answer: 
assistant
1",1,2,grade4
47,25.735065,41.65725,43.783676,45.198925,46.853428,47.690285,47.89645,48.378857,47.761047,48.03964,47.684082,46.854595,43.592896,42.782352,43.211983,42.688187,43.048286,42.388958,42.430584,41.76982,42.07389,41.426365,41.38022,41.762657,41.781,40.54994,41.496952,41.52559,41.276005,40.891884,41.476696,9.014686,11.592227,14.504476,15.6594305,19.064684,22.383926,Text tokens,233,833,"system
You are a helpful assistant.
user
 QUESTION: Which of these cities is marked on the map?
OPTIONS:
0: Oklahoma City
1: Nashville
2: New Orleans
3: Miami

Answer with the correct option from 0 to 3. Only provide the numeric and nothing else 

Answer: 
assistant
3",3,3,grade4,"system
You are a helpful assistant.
user
 QUESTION: Which of these cities is marked on the map?
OPTIONS:
0: Oklahoma City
1: Nashville
2: New Orleans
3: Miami

Answer with the correct option from 0 to 3. Only provide the numeric and nothing else 

Answer: 
assistant
0",0,3,grade4
48,55.35813,71.7504,75.59036,78.517334,80.15725,83.972435,84.229324,86.372406,86.70967,86.486565,86.320366,83.60024,76.974106,72.40543,74.34538,74.803,76.84934,77.77398,78.57089,79.104485,80.64975,78.86167,78.277374,78.75484,78.947235,76.58384,77.427635,78.10844,75.44891,71.008064,72.60981,56.244396,59.842484,59.877277,50.576595,47.45659,32.67663,Text tokens,296,1018,"system
You are a helpful assistant.
user
 QUESTION: What can Nancy and Dominic trade to each get what they want?
OPTIONS:
0: Nancy can trade her tomatoes for Dominic's carrots.
1: Dominic can trade his broccoli for Nancy's oranges.
2: Dominic can trade his almonds for Nancy's tomatoes.
3: Nancy can trade her tomatoes for Dominic's broccoli.

Answer with the correct option from 0 to 3. Only provide the numeric and nothing else 

Answer: 
assistant
3",3,3,grade8,"system
You are a helpful assistant.
user
 QUESTION: What can Nancy and Dominic trade to each get what they want?
OPTIONS:
0: Nancy can trade her tomatoes for Dominic's carrots.
1: Dominic can trade his broccoli for Nancy's oranges.
2: Dominic can trade his almonds for Nancy's tomatoes.
3: Nancy can trade her tomatoes for Dominic's broccoli.

Answer with the correct option from 0 to 3. Only provide the numeric and nothing else 

Answer: 
assistant
0",0,3,grade8
49,34.74667,51.90441,54.554028,56.395565,58.14271,59.365376,59.509888,60.1403,59.870113,59.766605,59.66816,58.207066,54.72417,52.80821,53.354908,52.498753,52.917496,51.789917,51.909462,50.79686,51.138744,50.418293,50.02967,50.767727,50.398777,49.09011,50.116688,50.546112,49.47321,47.96554,49.371128,16.458092,20.428167,24.269888,25.120483,28.59232,29.919596,Text tokens,81,327,"system
You are a helpful assistant.
user
 QUESTION: Which solution has a higher concentration of purple particles?
OPTIONS:
0: Solution B
1: Solution A
2: neither; their concentrations are the same

Answer with the correct option from 0 to 2. Only provide the numeric and nothing else 

Answer: 
assistant
2",2,1,grade8,"system
You are a helpful assistant.
user
 QUESTION: Which solution has a higher concentration of purple particles?
OPTIONS:
0: Solution B
1: Solution A
2: neither; their concentrations are the same

Answer with the correct option from 0 to 2. Only provide the numeric and nothing else 

Answer: 
assistant
1",1,1,grade8
0,47.851868,65.57007,68.84636,70.52375,71.95686,73.22802,74.27979,74.952705,74.66957,75.12668,74.601524,72.2796,66.9888,62.9911,63.90452,62.781883,62.637993,62.21515,61.99639,60.9739,60.707962,58.97708,58.722393,60.252213,60.067646,58.54206,59.130547,59.217403,58.842785,56.972797,58.542034,29.661682,35.393497,39.230667,38.74985,41.02854,33.829254,Text only tokens,114,416,"system
You are a helpful assistant.
user
 QUESTION: Which animal's skin is better adapted as a warning sign to ward off predators?
OPTIONS:
0: crown-of-thorns sea star
1: peppered moth

Answer with the correct option from 0 to 1. Only provide the numeric and nothing else 

Answer: 
assistant
0",0,0,grade3,"system
You are a helpful assistant.
user
 QUESTION: Which animal's skin is better adapted as a warning sign to ward off predators?
OPTIONS:
0: crown-of-thorns sea star
1: peppered moth

Answer with the correct option from 0 to 1. Only provide the numeric and nothing else 

Answer: 
assistant
1",1,0,grade3
1,48.725895,77.78689,84.221176,87.788025,90.76243,96.49395,96.947784,99.2025,99.594986,99.501526,100.913475,97.357895,91.83309,85.96776,87.395195,86.88905,87.722115,88.05428,89.18796,87.78057,88.75819,85.51125,85.45027,87.18255,86.71951,85.11507,85.3783,84.40656,84.11146,82.47574,85.11036,69.88373,73.82284,73.62927,63.471798,59.570965,36.73792,Text only tokens,25,124,"system
You are a helpful assistant.
user
 QUESTION: Identify the question that Kira's experiment can best answer.
OPTIONS:
0: Does linen fabric turn darker than cotton fabric when soaked in a mixture of black dye and water?
1: Does fabric turn darker when soaked in a mixture of black dye and water for 15 minutes compared to 30 minutes?

Answer with the correct option from 0 to 1. Only provide the numeric and nothing else 

Answer: 
assistant
0",0,0,grade6,"system
You are a helpful assistant.
user
 QUESTION: Identify the question that Kira's experiment can best answer.
OPTIONS:
0: Does linen fabric turn darker than cotton fabric when soaked in a mixture of black dye and water?
1: Does fabric turn darker when soaked in a mixture of black dye and water for 15 minutes compared to 30 minutes?

Answer with the correct option from 0 to 1. Only provide the numeric and nothing else 

Answer: 
assistant
1",1,0,grade6
2,40.26678,53.842083,55.237785,55.122227,53.980347,53.901653,56.579296,58.528976,60.14254,62.089607,62.164116,60.889732,57.23114,54.812992,55.51274,53.827103,54.20982,53.525993,53.859962,53.22454,53.634182,53.02108,52.915657,54.296646,54.05282,53.251873,53.881588,53.7785,53.65833,52.079575,52.64542,24.836193,30.562706,35.00363,35.186306,36.7489,24.489264,Text only tokens,281,983,"system
You are a helpful assistant.
user
 QUESTION: Select the organism in the same species as the red-billed gull.
OPTIONS:
0: Haliaeetus leucocephalus
1: Chroicocephalus ridibundus
2: Chroicocephalus scopulinus

Answer with the correct option from 0 to 2. Only provide the numeric and nothing else 

Answer: 
assistant
2",2,2,grade8,"system
You are a helpful assistant.
user
 QUESTION: Select the organism in the same species as the red-billed gull.
OPTIONS:
0: Haliaeetus leucocephalus
1: Chroicocephalus ridibundus
2: Chroicocephalus scopulinus

Answer with the correct option from 0 to 2. Only provide the numeric and nothing else 

Answer: 
assistant
1",1,2,grade8
3,26.11414,41.89687,44.197357,45.798042,47.459267,48.018093,48.046997,48.71874,48.38325,48.284573,47.84551,45.77631,42.44707,42.351177,42.937073,41.797966,42.219162,41.487804,41.58183,41.163353,41.27928,40.120907,40.022312,40.70687,40.756523,39.761837,40.710506,40.63622,40.885944,40.319378,40.896297,8.94601,11.615587,14.597638,16.011478,19.794233,23.289005,Text only tokens,250,897,"system
You are a helpful assistant.
user
 QUESTION: Which country is highlighted?
OPTIONS:
0: Haiti
1: Saint Kitts and Nevis
2: the Dominican Republic
3: Dominica

Answer with the correct option from 0 to 3. Only provide the numeric and nothing else 

Answer: 
assistant
3",3,3,grade6,"system
You are a helpful assistant.
user
 QUESTION: Which country is highlighted?
OPTIONS:
0: Haiti
1: Saint Kitts and Nevis
2: the Dominican Republic
3: Dominica

Answer with the correct option from 0 to 3. Only provide the numeric and nothing else 

Answer: 
assistant
2",2,3,grade6
4,27.801626,43.985195,46.05283,47.60145,49.23589,49.646904,50.148937,50.70069,50.39086,50.056206,49.34169,46.289223,43.34046,42.76573,43.107014,42.133656,42.613415,41.93187,41.873203,41.57845,41.852863,40.88384,40.787815,41.58029,41.596214,40.587868,41.53707,41.41472,41.86067,41.29535,41.916225,9.703618,12.501112,15.630774,17.094172,20.986765,24.310095,Text only tokens,228,817,"system
You are a helpful assistant.
user
 QUESTION: Which country is highlighted?
OPTIONS:
0: Papua New Guinea
1: Australia
2: the Federated States of Micronesia
3: Palau

Answer with the correct option from 0 to 3. Only provide the numeric and nothing else 

Answer: 
assistant
3",3,2,grade6,"system
You are a helpful assistant.
user
 QUESTION: Which country is highlighted?
OPTIONS:
0: Papua New Guinea
1: Australia
2: the Federated States of Micronesia
3: Palau

Answer with the correct option from 0 to 3. Only provide the numeric and nothing else 

Answer: 
assistant
2",2,2,grade6
5,24.588432,40.358887,42.52248,44.193336,46.09132,46.990913,47.02554,47.698837,47.01823,47.072895,46.560814,45.580257,42.284374,41.764343,42.091076,41.277294,41.55497,40.541817,40.60029,40.051937,40.243702,39.31598,39.08702,39.819412,39.601147,38.643063,39.48728,39.147434,39.55614,39.10934,39.516724,8.661888,11.125117,13.806142,14.920631,18.447475,22.268837,Text only tokens,142,509,"system
You are a helpful assistant.
user
 QUESTION: What is the name of the colony shown?
OPTIONS:
0: Massachusetts
1: Rhode Island
2: New Hampshire
3: Vermont

Answer with the correct option from 0 to 3. Only provide the numeric and nothing else 

Answer: 
assistant
2",2,2,grade5,"system
You are a helpful assistant.
user
 QUESTION: What is the name of the colony shown?
OPTIONS:
0: Massachusetts
1: Rhode Island
2: New Hampshire
3: Vermont

Answer with the correct option from 0 to 3. Only provide the numeric and nothing else 

Answer: 
assistant
1",1,2,grade5
6,25.511688,40.797535,42.869724,44.530773,46.319794,47.103565,47.292076,47.949867,47.396683,47.3669,46.96169,46.042835,42.958748,42.308598,42.639984,41.84165,42.036255,40.89504,41.010696,40.37263,40.380882,39.50571,39.238976,39.90277,39.660286,38.609695,39.44339,39.114273,39.552917,39.005157,39.614216,8.832952,11.373394,14.135364,15.314825,18.828573,22.162676,Text only tokens,104,389,"system
You are a helpful assistant.
user
 QUESTION: What is the name of the colony shown?
OPTIONS:
0: Georgia
1: New Hampshire
2: South Carolina
3: West Virginia

Answer with the correct option from 0 to 3. Only provide the numeric and nothing else 

Answer: 
assistant
0",0,0,grade5,"system
You are a helpful assistant.
user
 QUESTION: What is the name of the colony shown?
OPTIONS:
0: Georgia
1: New Hampshire
2: South Carolina
3: West Virginia

Answer with the correct option from 0 to 3. Only provide the numeric and nothing else 

Answer: 
assistant
2",2,0,grade5
7,36.242607,51.939445,53.985226,55.443268,57.01084,57.629204,57.7087,58.364094,58.023952,58.00536,57.68328,56.394257,52.327316,50.673695,50.740307,49.844795,49.83803,48.896908,49.218754,47.822544,47.845592,46.369507,46.198795,47.171066,47.15339,46.062237,46.46574,45.886383,45.50544,44.692028,45.72107,13.459497,17.491835,21.029352,22.172146,25.874897,26.688215,Text only tokens,558,1905,"system
You are a helpful assistant.
user
 QUESTION: Which of the following fossils is younger? Select the more likely answer.
OPTIONS:
0: feather
1: ginkgo leaf

Answer with the correct option from 0 to 1. Only provide the numeric and nothing else 

Answer: 
assistant
0",0,0,grade8,"system
You are a helpful assistant.
user
 QUESTION: Which of the following fossils is younger? Select the more likely answer.
OPTIONS:
0: feather
1: ginkgo leaf

Answer with the correct option from 0 to 1. Only provide the numeric and nothing else 

Answer: 
assistant
1",1,0,grade8
8,25.325994,38.677197,40.476746,41.846897,43.377224,44.178806,44.26095,44.771717,44.34013,44.60042,44.79037,43.958817,41.1679,40.31607,40.504284,39.68376,39.982418,39.152863,39.34128,38.5651,38.64268,37.9986,37.45628,37.861282,37.8645,37.04369,37.750072,37.599545,37.649296,37.342194,37.73961,6.8158855,8.749723,11.036199,12.387717,15.914053,23.217592,Text only tokens,89,346,"system
You are a helpful assistant.
user
 QUESTION: Which property matches this object?
OPTIONS:
0: transparent
1: smooth

Answer with the correct option from 0 to 1. Only provide the numeric and nothing else 

Answer: 
assistant
1",1,1,grade3,"system
You are a helpful assistant.
user
 QUESTION: Which property matches this object?
OPTIONS:
0: transparent
1: smooth

Answer with the correct option from 0 to 1. Only provide the numeric and nothing else 

Answer: 
assistant
0",0,1,grade3
9,22.983467,37.176617,39.12462,41.009167,42.67462,43.590652,43.673393,44.3137,43.861507,44.050167,43.958733,42.89555,39.66835,39.326145,39.630302,38.827553,39.216915,38.53941,38.627632,38.216312,38.36174,37.381985,37.154293,37.771614,37.831333,36.85876,37.856083,37.72497,37.93998,37.55903,37.8831,7.2129383,9.254914,11.668359,12.857774,16.320375,21.8979,Text only tokens,432,1479,"system
You are a helpful assistant.
user
 QUESTION: Which continent is highlighted?
OPTIONS:
0: South America
1: North America
2: Asia
3: Africa

Answer with the correct option from 0 to 3. Only provide the numeric and nothing else 

Answer: 
assistant
3",3,3,grade8,"system
You are a helpful assistant.
user
 QUESTION: Which continent is highlighted?
OPTIONS:
0: South America
1: North America
2: Asia
3: Africa

Answer with the correct option from 0 to 3. Only provide the numeric and nothing else 

Answer: 
assistant
0",0,3,grade8
10,43.87691,62.54177,65.97644,68.22982,70.088104,71.928764,72.65036,72.83451,72.51203,72.89955,73.19077,70.31513,65.73661,61.126564,61.27943,61.083588,62.16192,61.866158,61.9039,61.397354,61.69794,59.377518,59.37585,60.790485,60.69314,59.45705,59.882072,59.411427,59.208107,57.01832,58.13323,31.660885,37.188763,40.442066,38.182175,39.100998,31.196938,Text only tokens,32,153,"system
You are a helpful assistant.
user
 QUESTION: In this food web, which organism contains matter that eventually moves to the bat star?
OPTIONS:
0: sea cucumber
1: sea otter
2: phytoplankton

Answer with the correct option from 0 to 2. Only provide the numeric and nothing else 

Answer: 
assistant
0",0,2,grade6,"system
You are a helpful assistant.
user
 QUESTION: In this food web, which organism contains matter that eventually moves to the bat star?
OPTIONS:
0: sea cucumber
1: sea otter
2: phytoplankton

Answer with the correct option from 0 to 2. Only provide the numeric and nothing else 

Answer: 
assistant
2",2,2,grade6
11,28.315006,44.6144,46.945297,48.59844,50.505962,51.458485,51.462498,51.980892,51.085976,51.320293,51.29567,50.279564,46.91525,46.342846,46.249428,45.580933,45.613327,44.777405,44.87942,43.998375,44.166054,42.608692,42.0975,43.317398,43.25122,42.54327,43.06194,42.8593,43.127964,43.05933,43.908024,10.303619,13.233418,16.439327,17.53855,21.220802,25.139162,Text only tokens,30,146,"system
You are a helpful assistant.
user
 QUESTION: Which month is the wettest on average in Christchurch?
OPTIONS:
0: August
1: April
2: May

Answer with the correct option from 0 to 2. Only provide the numeric and nothing else 

Answer: 
assistant
2",2,2,grade3,"system
You are a helpful assistant.
user
 QUESTION: Which month is the wettest on average in Christchurch?
OPTIONS:
0: August
1: April
2: May

Answer with the correct option from 0 to 2. Only provide the numeric and nothing else 

Answer: 
assistant
0",0,2,grade3
12,22.442846,37.40611,39.84229,41.671345,43.773167,44.8984,45.13122,45.913074,45.59336,45.97189,45.49387,44.97562,41.948616,41.344646,41.670853,40.79887,41.01143,40.044136,40.42891,39.822556,40.003674,39.404957,39.194256,39.93451,39.793533,38.66787,39.837463,39.655388,40.39789,39.705452,39.757694,8.267608,10.63915,13.328457,14.356261,18.083166,22.221365,Text only tokens,95,368,"system
You are a helpful assistant.
user
 QUESTION: Which i in column 3?
OPTIONS:
0: the school
1: the park
2: the pond
3: the gas station

Answer with the correct option from 0 to 3. Only provide the numeric and nothing else 

Answer: 
assistant
0",0,0,grade3,"system
You are a helpful assistant.
user
 QUESTION: Which i in column 3?
OPTIONS:
0: the school
1: the park
2: the pond
3: the gas station

Answer with the correct option from 0 to 3. Only provide the numeric and nothing else 

Answer: 
assistant
3",3,0,grade3
13,37.293026,55.82547,59.60599,62.033,64.945366,67.19797,66.504555,67.796326,67.993324,67.42975,67.79942,65.930336,62.02439,57.94634,58.900276,57.95123,58.3098,57.14222,58.21048,57.019897,57.403625,55.28082,55.091034,56.566154,56.056866,54.986942,55.855232,55.08869,54.294758,52.71173,54.07778,25.367966,30.110985,33.61565,32.753048,35.07122,31.12139,Text only tokens,223,806,"system
You are a helpful assistant.
user
 QUESTION: Compare the average kinetic energies of the particles in each sample. Which sample has the higher temperature?
OPTIONS:
0: sample A
1: neither; the samples have the same temperature
2: sample B

Answer with the correct option from 0 to 2. Only provide the numeric and nothing else 

Answer: 
assistant
1",1,1,grade7,"system
You are a helpful assistant.
user
 QUESTION: Compare the average kinetic energies of the particles in each sample. Which sample has the higher temperature?
OPTIONS:
0: sample A
1: neither; the samples have the same temperature
2: sample B

Answer with the correct option from 0 to 2. Only provide the numeric and nothing else 

Answer: 
assistant
2",2,1,grade7
14,27.363867,42.487072,44.418446,45.900486,47.83932,48.709553,48.76646,49.430115,49.003956,49.199703,48.7229,47.845047,44.830254,43.886,44.06425,42.988125,43.113274,41.970177,42.253128,41.278286,41.319813,40.242317,39.805054,40.507313,40.450336,39.535995,40.30673,40.26685,40.552467,40.068783,40.626114,9.155438,11.77922,14.562702,15.81404,19.390984,24.173119,Text only tokens,238,844,"system
You are a helpful assistant.
user
 QUESTION: Which property do these four objects have in common?
OPTIONS:
0: salty
1: rough
2: flexible

Answer with the correct option from 0 to 2. Only provide the numeric and nothing else 

Answer: 
assistant
1",1,1,grade5,"system
You are a helpful assistant.
user
 QUESTION: Which property do these four objects have in common?
OPTIONS:
0: salty
1: rough
2: flexible

Answer with the correct option from 0 to 2. Only provide the numeric and nothing else 

Answer: 
assistant
2",2,1,grade5
15,55.49503,70.73677,74.40418,77.20135,77.845184,80.54164,81.95516,85.10626,87.04987,87.6902,88.93315,87.26295,81.04085,77.06108,78.37336,78.314224,80.08267,80.7681,82.109,82.74924,84.40584,82.29323,82.3205,83.275665,82.66804,80.85299,81.63771,81.07509,79.28238,75.349464,77.01071,60.911015,65.101654,66.11608,58.576496,55.689926,35.00223,Text only tokens,517,1780,"system
You are a helpful assistant.
user
 QUESTION: What can Bella and Darnell trade to each get what they want?
OPTIONS:
0: Darnell can trade his broccoli for Bella's oranges.
1: Darnell can trade his almonds for Bella's tomatoes.
2: Bella can trade her tomatoes for Darnell's carrots.
3: Bella can trade her tomatoes for Darnell's broccoli.

Answer with the correct option from 0 to 3. Only provide the numeric and nothing else 

Answer: 
assistant
0",0,3,grade8,"system
You are a helpful assistant.
user
 QUESTION: What can Bella and Darnell trade to each get what they want?
OPTIONS:
0: Darnell can trade his broccoli for Bella's oranges.
1: Darnell can trade his almonds for Bella's tomatoes.
2: Bella can trade her tomatoes for Darnell's carrots.
3: Bella can trade her tomatoes for Darnell's broccoli.

Answer with the correct option from 0 to 3. Only provide the numeric and nothing else 

Answer: 
assistant
3",3,3,grade8
16,22.525764,37.113483,39.166157,40.834362,42.71834,43.65423,43.673157,44.184654,43.538666,44.071552,43.757915,43.130257,39.81367,39.459126,39.610638,38.900524,39.16288,38.282227,38.370132,37.90741,38.206005,37.2569,37.05346,37.660034,37.686344,36.837543,37.7623,37.636005,37.995316,37.698887,38.09024,7.024795,9.0198,11.437828,12.588359,16.076698,22.440481,Text only tokens,27,129,"system
You are a helpful assistant.
user
 QUESTION: Which country is highlighted?
OPTIONS:
0: The Bahamas
1: Cuba
2: Jamaica
3: Haiti

Answer with the correct option from 0 to 3. Only provide the numeric and nothing else 

Answer: 
assistant
1",1,1,grade6,"system
You are a helpful assistant.
user
 QUESTION: Which country is highlighted?
OPTIONS:
0: The Bahamas
1: Cuba
2: Jamaica
3: Haiti

Answer with the correct option from 0 to 3. Only provide the numeric and nothing else 

Answer: 
assistant
2",2,1,grade6
17,28.230038,43.084324,44.97068,46.292248,48.26296,49.17239,49.605457,50.20292,49.85403,50.031242,49.573154,48.758133,45.704636,44.670467,44.79887,43.63186,43.698902,42.53396,42.852905,41.96712,41.919724,41.022793,40.507496,41.193672,41.148056,40.12758,40.987232,40.83661,40.943558,40.226852,40.666378,9.625844,12.372844,15.301339,16.633091,20.281342,24.038214,Text only tokens,574,1958,"system
You are a helpful assistant.
user
 QUESTION: Which property do these three objects have in common?
OPTIONS:
0: bumpy
1: bouncy
2: shiny

Answer with the correct option from 0 to 2. Only provide the numeric and nothing else 

Answer: 
assistant
0",0,0,grade3,"system
You are a helpful assistant.
user
 QUESTION: Which property do these three objects have in common?
OPTIONS:
0: bumpy
1: bouncy
2: shiny

Answer with the correct option from 0 to 2. Only provide the numeric and nothing else 

Answer: 
assistant
2",2,0,grade3
18,24.139887,39.57318,41.623955,43.199207,44.777798,45.509087,45.590916,46.027927,45.478146,45.925423,45.475113,44.436394,41.147873,40.71923,41.03315,40.18159,40.429222,39.570107,39.73479,39.200226,39.444065,38.352222,38.086555,38.79176,38.790623,37.926685,38.800865,38.74774,39.092636,38.648266,39.198555,7.7850957,10.054882,12.684484,13.968834,17.632849,23.012197,Text only tokens,203,738,"system
You are a helpful assistant.
user
 QUESTION: Which country is highlighted?
OPTIONS:
0: Cuba
1: Haiti
2: Trinidad and Tobago
3: Grenada

Answer with the correct option from 0 to 3. Only provide the numeric and nothing else 

Answer: 
assistant
1",1,1,grade7,"system
You are a helpful assistant.
user
 QUESTION: Which country is highlighted?
OPTIONS:
0: Cuba
1: Haiti
2: Trinidad and Tobago
3: Grenada

Answer with the correct option from 0 to 3. Only provide the numeric and nothing else 

Answer: 
assistant
2",2,1,grade7
19,37.292835,55.69967,59.374516,61.69071,64.702805,66.958435,66.405556,67.695595,67.912506,67.26741,67.69053,65.824974,61.903217,57.929153,58.884995,57.93957,58.321896,57.21447,58.209095,57.022697,57.411697,55.20666,55.117336,56.622585,56.154415,55.13497,55.95408,55.300667,54.4769,52.897278,54.23585,25.405127,30.148914,33.593876,32.723644,35.09697,31.391047,Text only tokens,429,1470,"system
You are a helpful assistant.
user
 QUESTION: Compare the average kinetic energies of the particles in each sample. Which sample has the higher temperature?
OPTIONS:
0: sample A
1: sample B
2: neither; the samples have the same temperature

Answer with the correct option from 0 to 2. Only provide the numeric and nothing else 

Answer: 
assistant
0",0,0,grade7,"system
You are a helpful assistant.
user
 QUESTION: Compare the average kinetic energies of the particles in each sample. Which sample has the higher temperature?
OPTIONS:
0: sample A
1: sample B
2: neither; the samples have the same temperature

Answer with the correct option from 0 to 2. Only provide the numeric and nothing else 

Answer: 
assistant
1",1,0,grade7
20,23.04835,37.291996,39.23139,41.13805,42.830647,43.633137,43.865215,44.49921,43.84371,44.115917,44.007477,42.961403,39.888634,39.45541,39.709145,38.970493,39.336647,38.528812,38.633747,38.243645,38.38885,37.429653,37.201862,37.856434,37.910446,36.993816,37.979248,37.85565,38.07801,37.62958,38.052826,7.2169266,9.254073,11.671377,12.85013,16.273243,21.838842,Text only tokens,225,808,"system
You are a helpful assistant.
user
 QUESTION: Which continent is highlighted?
OPTIONS:
0: Asia
1: South America
2: North America
3: Australia

Answer with the correct option from 0 to 3. Only provide the numeric and nothing else 

Answer: 
assistant
0",0,0,grade4,"system
You are a helpful assistant.
user
 QUESTION: Which continent is highlighted?
OPTIONS:
0: Asia
1: South America
2: North America
3: Australia

Answer with the correct option from 0 to 3. Only provide the numeric and nothing else 

Answer: 
assistant
1",1,0,grade4
21,49.54962,79.805725,86.04609,89.52661,91.60781,95.98343,95.740524,97.38279,96.097145,95.18023,96.91575,94.41981,88.427284,82.190125,82.43949,81.73871,82.15279,81.82139,82.02393,80.66895,80.61635,78.292,77.65459,79.3115,78.64717,77.37047,77.42819,76.650764,76.592606,74.60103,78.24536,61.475395,66.248184,67.38337,60.331627,59.38712,42.430943,Text only tokens,459,1571,"system
You are a helpful assistant.
user
 QUESTION: Which of the following is better evidence that the train's kinetic energy changed?
OPTIONS:
0: The train was stopped, and then it began to move forward and away from the station.
1: Electricity started flowing to the motor when the ride operator flipped the switch.

Answer with the correct option from 0 to 1. Only provide the numeric and nothing else 

Answer: 
assistant
0",0,0,grade6,"system
You are a helpful assistant.
user
 QUESTION: Which of the following is better evidence that the train's kinetic energy changed?
OPTIONS:
0: The train was stopped, and then it began to move forward and away from the station.
1: Electricity started flowing to the motor when the ride operator flipped the switch.

Answer with the correct option from 0 to 1. Only provide the numeric and nothing else 

Answer: 
assistant
1",1,0,grade6
22,24.809252,40.18206,42.269135,43.893818,45.88422,46.781643,46.974056,47.522507,47.335426,47.32816,46.916187,46.019257,42.861416,42.17613,42.495422,41.67777,41.947544,40.888752,41.074455,40.451225,40.5522,39.748947,39.52173,40.21086,39.938297,38.876415,39.6956,39.337772,39.75594,39.259155,39.777313,8.9022,11.436751,14.180804,15.39135,18.879763,22.034369,Text only tokens,284,992,"system
You are a helpful assistant.
user
 QUESTION: What is the name of the colony shown?
OPTIONS:
0: New Hampshire
1: West Virginia
2: Virginia
3: New York

Answer with the correct option from 0 to 3. Only provide the numeric and nothing else 

Answer: 
assistant
0",0,0,grade8,"system
You are a helpful assistant.
user
 QUESTION: What is the name of the colony shown?
OPTIONS:
0: New Hampshire
1: West Virginia
2: Virginia
3: New York

Answer with the correct option from 0 to 3. Only provide the numeric and nothing else 

Answer: 
assistant
2",2,0,grade8
23,25.97164,41.313477,43.325596,44.7,46.068306,46.789295,47.534225,48.444218,47.979748,48.549927,47.89135,45.542206,41.840054,41.882587,42.144688,41.29188,41.714703,40.98507,41.021305,40.5353,40.751644,39.696888,39.438835,40.135876,40.17278,39.211258,40.166637,40.25032,40.5984,40.054733,40.506947,8.683927,11.318721,14.262114,15.677894,19.366604,23.237362,Text only tokens,6,42,"system
You are a helpful assistant.
user
 QUESTION: Which country is highlighted?
OPTIONS:
0: Vanuatu
1: Tonga
2: the Marshall Islands
3: Nauru

Answer with the correct option from 0 to 3. Only provide the numeric and nothing else 

Answer: 
assistant
0",0,3,grade8,"system
You are a helpful assistant.
user
 QUESTION: Which country is highlighted?
OPTIONS:
0: Vanuatu
1: Tonga
2: the Marshall Islands
3: Nauru

Answer with the correct option from 0 to 3. Only provide the numeric and nothing else 

Answer: 
assistant
2",2,3,grade8
24,28.004374,42.956093,44.95594,46.42472,48.350086,49.244114,49.38885,49.978672,49.46711,49.69483,49.405457,48.51572,45.463238,44.469376,44.67087,43.542374,43.64025,42.40428,42.7012,41.82186,41.78647,40.779625,40.27842,40.95104,40.90094,39.894638,40.771023,40.702763,40.892975,40.314476,40.778915,9.444061,12.149392,15.020657,16.295023,19.92443,24.331213,Text only tokens,163,583,"system
You are a helpful assistant.
user
 QUESTION: Which property do these three objects have in common?
OPTIONS:
0: bouncy
1: transparent
2: slippery

Answer with the correct option from 0 to 2. Only provide the numeric and nothing else 

Answer: 
assistant
2",2,2,grade4,"system
You are a helpful assistant.
user
 QUESTION: Which property do these three objects have in common?
OPTIONS:
0: bouncy
1: transparent
2: slippery

Answer with the correct option from 0 to 2. Only provide the numeric and nothing else 

Answer: 
assistant
0",0,2,grade4
25,35.143585,52.875145,56.10067,58.681248,62.049034,65.22732,65.68015,68.12011,68.08868,68.10524,69.14324,67.35056,62.523643,58.73897,59.966625,59.474346,60.187748,59.904865,60.58246,59.554512,60.11547,58.951862,58.990917,60.3792,60.01065,58.81324,60.13672,59.525185,59.0286,57.790295,58.98909,32.703568,38.017452,41.279793,38.470505,39.292133,31.151377,Text only tokens,348,1174,"system
You are a helpful assistant.
user
 QUESTION: Think about the magnetic force between the magnets in each pair. Which of the following statements is true?
OPTIONS:
0: The magnitude of the magnetic force is greater in Pair 1.
1: The magnitude of the magnetic force is the same in both pairs.
2: The magnitude of the magnetic force is greater in Pair 2.

Answer with the correct option from 0 to 2. Only provide the numeric and nothing else 

Answer: 
assistant
0",0,2,grade5,"system
You are a helpful assistant.
user
 QUESTION: Think about the magnetic force between the magnets in each pair. Which of the following statements is true?
OPTIONS:
0: The magnitude of the magnetic force is greater in Pair 1.
1: The magnitude of the magnetic force is the same in both pairs.
2: The magnitude of the magnetic force is greater in Pair 2.

Answer with the correct option from 0 to 2. Only provide the numeric and nothing else 

Answer: 
assistant
2",2,2,grade5
26,37.292904,55.78459,59.533417,61.9718,64.82887,67.08377,66.435486,67.71358,67.84341,67.314316,67.71323,65.8629,61.99104,57.903473,58.874023,57.928352,58.3274,57.1338,58.20638,57.038498,57.36015,55.268795,55.047367,56.521965,55.97297,54.928925,55.824505,55.097813,54.19804,52.60425,53.93055,25.387653,30.125843,33.60516,32.751297,35.0294,31.134094,Text only tokens,159,562,"system
You are a helpful assistant.
user
 QUESTION: Compare the average kinetic energies of the particles in each sample. Which sample has the higher temperature?
OPTIONS:
0: sample B
1: neither; the samples have the same temperature
2: sample A

Answer with the correct option from 0 to 2. Only provide the numeric and nothing else 

Answer: 
assistant
0",0,0,grade6,"system
You are a helpful assistant.
user
 QUESTION: Compare the average kinetic energies of the particles in each sample. Which sample has the higher temperature?
OPTIONS:
0: sample B
1: neither; the samples have the same temperature
2: sample A

Answer with the correct option from 0 to 2. Only provide the numeric and nothing else 

Answer: 
assistant
2",2,0,grade6
27,28.250717,43.186565,45.164886,46.59287,48.343166,49.265564,49.265495,49.876484,49.371143,49.574764,49.181114,48.295605,45.364838,44.451843,44.669743,43.510765,43.63057,42.454613,42.727654,41.760044,41.693,40.655586,40.158127,40.857254,40.78961,39.794064,40.638504,40.64169,40.77142,40.23918,40.75856,9.405124,12.095917,14.971939,16.29886,19.923244,24.172367,Text only tokens,220,796,"system
You are a helpful assistant.
user
 QUESTION: Which property do these three objects have in common?
OPTIONS:
0: sticky
1: blue
2: bouncy

Answer with the correct option from 0 to 2. Only provide the numeric and nothing else 

Answer: 
assistant
1",1,1,grade3,"system
You are a helpful assistant.
user
 QUESTION: Which property do these three objects have in common?
OPTIONS:
0: sticky
1: blue
2: bouncy

Answer with the correct option from 0 to 2. Only provide the numeric and nothing else 

Answer: 
assistant
0",0,1,grade3
28,22.685284,37.25295,39.317116,41.019886,42.796757,43.59953,43.593292,44.22623,43.743496,43.851334,43.582497,42.717995,39.62397,39.368294,39.56864,38.828747,39.20066,38.448875,38.5591,38.280865,38.441204,37.424847,37.123085,37.742958,37.769924,36.8217,37.723892,37.664272,37.926544,37.450108,37.878174,6.9799724,8.95471,11.302911,12.461802,15.837852,21.668669,Text only tokens,344,1168,"system
You are a helpful assistant.
user
 QUESTION: Which continent is highlighted?
OPTIONS:
0: Asia
1: Antarctica
2: South America
3: Africa

Answer with the correct option from 0 to 3. Only provide the numeric and nothing else 

Answer: 
assistant
3",3,3,grade3,"system
You are a helpful assistant.
user
 QUESTION: Which continent is highlighted?
OPTIONS:
0: Asia
1: Antarctica
2: South America
3: Africa

Answer with the correct option from 0 to 3. Only provide the numeric and nothing else 

Answer: 
assistant
2",2,3,grade3
29,55.888214,83.681046,89.3058,92.05551,94.574005,99.40535,99.34498,101.739494,101.749146,102.180504,103.2236,100.05791,95.364586,89.2236,90.212,89.0786,90.038376,90.4213,91.25428,89.76587,90.69908,87.54886,87.40795,88.95772,88.27537,85.77294,86.15382,85.480804,85.756905,84.34407,87.408745,73.007256,76.89787,76.48599,67.458466,64.39581,42.78161,Text only tokens,94,360,"system
You are a helpful assistant.
user
 QUESTION: Identify the question that Carter's experiment can best answer.
OPTIONS:
0: Do steel nails take fewer days to rust in water compared to vinegar?
1: Do steel nails rust in fewer days when submerged in a large volume of liquid compared to a small volume?

Answer with the correct option from 0 to 1. Only provide the numeric and nothing else 

Answer: 
assistant
1",1,0,grade6,"system
You are a helpful assistant.
user
 QUESTION: Identify the question that Carter's experiment can best answer.
OPTIONS:
0: Do steel nails take fewer days to rust in water compared to vinegar?
1: Do steel nails rust in fewer days when submerged in a large volume of liquid compared to a small volume?

Answer with the correct option from 0 to 1. Only provide the numeric and nothing else 

Answer: 
assistant
0",0,0,grade6
30,25.361258,40.353363,42.419933,43.98387,45.801918,46.60459,46.547306,47.22273,46.51717,46.651283,46.49311,45.860443,42.394135,41.84532,42.157734,41.37329,41.674747,40.705074,40.777985,40.102848,40.17425,39.27087,39.034985,39.655254,39.693172,38.879723,39.642624,39.87939,40.156395,39.73352,39.924274,8.397199,10.923207,13.719577,14.970454,18.460356,22.303545,Text only tokens,389,1318,"system
You are a helpful assistant.
user
 QUESTION: Which of these states is farthest south?
OPTIONS:
0: Maine
1: Massachusetts
2: Washington
3: North Dakota

Answer with the correct option from 0 to 3. Only provide the numeric and nothing else 

Answer: 
assistant
2",2,1,grade5,"system
You are a helpful assistant.
user
 QUESTION: Which of these states is farthest south?
OPTIONS:
0: Maine
1: Massachusetts
2: Washington
3: North Dakota

Answer with the correct option from 0 to 3. Only provide the numeric and nothing else 

Answer: 
assistant
3",3,1,grade5
31,35.16028,52.84916,56.083607,58.708786,62.134693,65.290985,65.68557,68.14948,68.21736,68.184166,69.127686,67.28525,62.4354,58.655342,59.885616,59.423294,60.052353,59.798073,60.35349,59.36308,59.86355,58.706745,58.56764,60.078415,59.752323,58.55555,59.952812,59.35377,58.905613,57.563515,58.857063,32.670002,37.97663,41.28867,38.780525,39.74544,31.465424,Text only tokens,99,377,"system
You are a helpful assistant.
user
 QUESTION: Think about the magnetic force between the magnets in each pair. Which of the following statements is true?
OPTIONS:
0: The magnitude of the magnetic force is the same in both pairs.
1: The magnitude of the magnetic force is smaller in Pair 1.
2: The magnitude of the magnetic force is smaller in Pair 2.

Answer with the correct option from 0 to 2. Only provide the numeric and nothing else 

Answer: 
assistant
0",0,0,grade8,"system
You are a helpful assistant.
user
 QUESTION: Think about the magnetic force between the magnets in each pair. Which of the following statements is true?
OPTIONS:
0: The magnitude of the magnetic force is the same in both pairs.
1: The magnitude of the magnetic force is smaller in Pair 1.
2: The magnitude of the magnetic force is smaller in Pair 2.

Answer with the correct option from 0 to 2. Only provide the numeric and nothing else 

Answer: 
assistant
1",1,0,grade8
32,34.936584,51.970695,54.70914,56.606064,58.567863,59.72039,59.93146,60.676876,60.378273,60.41764,60.338615,59.028854,55.215748,53.556004,53.677933,52.59798,52.99757,51.527496,52.016174,50.96774,50.97385,49.452995,49.266975,50.535957,50.130947,48.982124,49.905334,49.56818,49.603733,48.36444,49.690308,16.870962,20.965288,24.869581,25.237778,28.258787,28.233257,Text only tokens,367,1239,"system
You are a helpful assistant.
user
 QUESTION: Which solution has a higher concentration of green particles?
OPTIONS:
0: Solution A
1: Solution B
2: neither; their concentrations are the same

Answer with the correct option from 0 to 2. Only provide the numeric and nothing else 

Answer: 
assistant
2",2,1,grade8,"system
You are a helpful assistant.
user
 QUESTION: Which solution has a higher concentration of green particles?
OPTIONS:
0: Solution A
1: Solution B
2: neither; their concentrations are the same

Answer with the correct option from 0 to 2. Only provide the numeric and nothing else 

Answer: 
assistant
1",1,1,grade8
33,45.096,59.5525,61.571827,63.102097,63.870922,63.83125,64.96194,66.01524,66.741165,67.41618,66.73629,64.489746,58.60709,56.390728,56.575542,55.282845,56.159393,55.833557,55.53604,54.971684,55.0559,53.72244,53.43089,54.77532,54.966423,53.39834,54.240536,54.762676,54.769726,53.30187,54.264812,25.767586,31.165144,35.436737,35.410015,38.237774,31.458633,Text only tokens,352,1188,"system
You are a helpful assistant.
user
 QUESTION: Select the mammal below.
OPTIONS:
0: hammerhead shark
1: red-headed poison frog
2: water buffalo
3: woodpecker

Answer with the correct option from 0 to 3. Only provide the numeric and nothing else 

Answer: 
assistant
3",3,2,grade4,"system
You are a helpful assistant.
user
 QUESTION: Select the mammal below.
OPTIONS:
0: hammerhead shark
1: red-headed poison frog
2: water buffalo
3: woodpecker

Answer with the correct option from 0 to 3. Only provide the numeric and nothing else 

Answer: 
assistant
2",2,2,grade4
34,24.108057,39.535038,41.69497,43.45303,45.38181,46.308517,46.404415,46.981506,46.51778,46.68484,45.94169,44.958447,41.403458,41.132874,41.315342,40.602573,40.93204,40.17182,40.14741,39.745506,39.966198,38.948956,38.71108,39.40438,39.33452,38.207054,39.181583,39.10786,39.489006,38.96756,39.49231,8.0446,10.347691,13.061485,14.337623,17.979795,23.133982,Text only tokens,270,960,"system
You are a helpful assistant.
user
 QUESTION: Which country is highlighted?
OPTIONS:
0: the Marshall Islands
1: New Zealand
2: Australia
3: Papua New Guinea

Answer with the correct option from 0 to 3. Only provide the numeric and nothing else 

Answer: 
assistant
1",1,1,grade6,"system
You are a helpful assistant.
user
 QUESTION: Which country is highlighted?
OPTIONS:
0: the Marshall Islands
1: New Zealand
2: Australia
3: Papua New Guinea

Answer with the correct option from 0 to 3. Only provide the numeric and nothing else 

Answer: 
assistant
2",2,1,grade6
35,24.492317,39.696743,41.740334,43.301945,45.305546,46.14702,46.491814,46.985523,46.265324,46.47512,46.05133,45.228382,42.005684,41.32572,41.69719,40.958454,41.26701,40.230022,40.335484,39.775967,39.90415,39.08108,38.826164,39.486813,39.253387,38.1924,39.11734,38.76873,39.253445,38.807785,39.20152,8.582405,11.000496,13.673941,14.791245,18.274378,21.78372,Text only tokens,44,195,"system
You are a helpful assistant.
user
 QUESTION: What is the name of the colony shown?
OPTIONS:
0: New Jersey
1: New York
2: Maryland
3: Delaware

Answer with the correct option from 0 to 3. Only provide the numeric and nothing else 

Answer: 
assistant
1",1,1,grade8,"system
You are a helpful assistant.
user
 QUESTION: What is the name of the colony shown?
OPTIONS:
0: New Jersey
1: New York
2: Maryland
3: Delaware

Answer with the correct option from 0 to 3. Only provide the numeric and nothing else 

Answer: 
assistant
0",0,1,grade8
36,22.477781,36.687332,38.66152,40.21016,42.039738,42.848007,42.941048,43.363926,42.89158,43.153862,42.76073,42.400177,39.200733,38.796257,39.120953,38.445118,38.80699,38.01282,38.20217,37.703564,37.932804,36.98746,36.66856,37.3234,37.248096,36.388397,37.200424,37.01355,37.397923,37.04943,37.388195,6.7591004,8.65436,10.952543,12.136931,15.667991,22.259018,Text only tokens,470,1619,"system
You are a helpful assistant.
user
 QUESTION: Which state is highlighted?
OPTIONS:
0: California
1: Washington
2: Colorado
3: Hawaii

Answer with the correct option from 0 to 3. Only provide the numeric and nothing else 

Answer: 
assistant
1",1,1,grade5,"system
You are a helpful assistant.
user
 QUESTION: Which state is highlighted?
OPTIONS:
0: California
1: Washington
2: Colorado
3: Hawaii

Answer with the correct option from 0 to 3. Only provide the numeric and nothing else 

Answer: 
assistant
2",2,1,grade5
37,25.220955,40.34039,42.24923,43.765087,45.566273,46.380074,46.304756,46.90256,46.15378,46.167435,46.014957,45.53554,42.000404,41.546364,41.79964,41.04824,41.317753,40.21718,40.345352,39.572258,39.723904,38.764633,38.544247,39.21384,39.340126,38.549835,39.30378,39.690205,39.946186,39.415066,39.7359,8.435292,10.879302,13.618248,14.840993,18.30023,22.524244,Text only tokens,549,1871,"system
You are a helpful assistant.
user
 QUESTION: Which of these states is farthest west?
OPTIONS:
0: Illinois
1: Ohio
2: Arkansas
3: South Carolina

Answer with the correct option from 0 to 3. Only provide the numeric and nothing else 

Answer: 
assistant
2",2,2,grade5,"system
You are a helpful assistant.
user
 QUESTION: Which of these states is farthest west?
OPTIONS:
0: Illinois
1: Ohio
2: Arkansas
3: South Carolina

Answer with the correct option from 0 to 3. Only provide the numeric and nothing else 

Answer: 
assistant
3",3,2,grade5
38,24.39237,39.705738,41.821392,43.43914,45.46047,46.38086,46.48172,47.243233,46.470734,46.524128,45.94966,45.08278,42.061882,41.441338,41.809715,41.033405,41.35262,40.337837,40.479134,39.87577,39.977474,39.1113,38.887352,39.596733,39.324417,38.312267,39.17724,38.766953,39.285915,38.76373,39.170765,8.618899,11.05932,13.777395,14.984563,18.505543,21.91638,Text only tokens,127,450,"system
You are a helpful assistant.
user
 QUESTION: What is the name of the colony shown?
OPTIONS:
0: New York
1: Connecticut
2: New Hampshire
3: Massachusetts

Answer with the correct option from 0 to 3. Only provide the numeric and nothing else 

Answer: 
assistant
1",1,1,grade8,"system
You are a helpful assistant.
user
 QUESTION: What is the name of the colony shown?
OPTIONS:
0: New York
1: Connecticut
2: New Hampshire
3: Massachusetts

Answer with the correct option from 0 to 3. Only provide the numeric and nothing else 

Answer: 
assistant
3",3,1,grade8
39,37.33978,56.68069,60.146435,62.865376,66.30981,69.49066,69.98584,72.64212,72.71892,72.60493,73.68259,71.70924,66.4763,62.623745,63.86742,63.187424,63.909428,63.431164,64.15038,62.873558,63.345745,61.971413,61.803886,63.408543,63.079742,61.850613,63.308937,62.517796,62.096535,61.016422,62.339546,36.71122,42.001495,45.130203,41.88833,42.523434,32.79793,Text only tokens,387,1309,"system
You are a helpful assistant.
user
 QUESTION: Think about the magnetic force between the magnets in each pair. Which of the following statements is true?
OPTIONS:
0: The magnitude of the magnetic force is smaller in Pair 2.
1: The magnitude of the magnetic force is smaller in Pair 1.
2: The magnitude of the magnetic force is the same in both pairs.

Answer with the correct option from 0 to 2. Only provide the numeric and nothing else 

Answer: 
assistant
2",2,1,grade7,"system
You are a helpful assistant.
user
 QUESTION: Think about the magnetic force between the magnets in each pair. Which of the following statements is true?
OPTIONS:
0: The magnitude of the magnetic force is smaller in Pair 2.
1: The magnitude of the magnetic force is smaller in Pair 1.
2: The magnitude of the magnetic force is the same in both pairs.

Answer with the correct option from 0 to 2. Only provide the numeric and nothing else 

Answer: 
assistant
1",1,1,grade7
40,35.717915,54.428913,57.665077,59.616028,61.795074,63.899982,63.68893,63.788074,62.683765,62.700687,63.066296,61.060665,56.37186,54.23589,54.739017,54.344913,54.352486,53.757114,53.512466,52.40971,52.11797,50.690636,50.369526,51.59606,51.438236,50.231243,51.10886,50.942905,50.60215,49.82063,51.187527,19.548866,24.098362,28.04645,27.851429,30.91784,28.993172,Text only tokens,80,326,"system
You are a helpful assistant.
user
 QUESTION: Which statement is true about the average monthly precipitation in Nairobi?
OPTIONS:
0: Nairobi gets about the same amount of precipitation each month.
1: More precipitation falls in April than in August.
2: February is the wettest month of the year.

Answer with the correct option from 0 to 2. Only provide the numeric and nothing else 

Answer: 
assistant
1",1,1,grade3,"system
You are a helpful assistant.
user
 QUESTION: Which statement is true about the average monthly precipitation in Nairobi?
OPTIONS:
0: Nairobi gets about the same amount of precipitation each month.
1: More precipitation falls in April than in August.
2: February is the wettest month of the year.

Answer with the correct option from 0 to 2. Only provide the numeric and nothing else 

Answer: 
assistant
2",2,1,grade3
41,35.69145,53.8283,57.254204,60.033146,63.40053,66.53573,66.77685,69.066925,69.03821,68.808914,69.55411,67.55558,62.487133,58.595184,59.858295,59.29247,60.015453,59.800606,60.20626,59.15407,59.512844,58.346764,58.19808,59.58849,59.264885,57.89864,59.192753,58.844887,58.33878,56.872475,58.382103,31.068382,36.434364,39.835564,37.479935,38.47777,30.520258,Text only tokens,565,1931,"system
You are a helpful assistant.
user
 QUESTION: Think about the magnetic force between the magnets in each pair. Which of the following statements is true?
OPTIONS:
0: The strength of the magnetic force is the same in both pairs.
1: The magnetic force is weaker in Pair 1.
2: The magnetic force is weaker in Pair 2.

Answer with the correct option from 0 to 2. Only provide the numeric and nothing else 

Answer: 
assistant
2",2,1,grade4,"system
You are a helpful assistant.
user
 QUESTION: Think about the magnetic force between the magnets in each pair. Which of the following statements is true?
OPTIONS:
0: The strength of the magnetic force is the same in both pairs.
1: The magnetic force is weaker in Pair 1.
2: The magnetic force is weaker in Pair 2.

Answer with the correct option from 0 to 2. Only provide the numeric and nothing else 

Answer: 
assistant
1",1,1,grade4
42,44.5415,64.44711,68.056404,70.55941,72.5298,74.54382,75.312904,76.27447,75.72132,76.2445,76.173164,73.40019,68.83323,64.67647,65.0081,64.66105,65.52815,65.07292,65.193245,64.59651,65.040535,62.490322,62.530827,63.860382,63.6028,62.337406,62.75249,62.285824,62.017883,59.842854,60.72924,35.298767,40.84076,43.995934,41.41092,42.123783,32.328045,Text only tokens,300,1026,"system
You are a helpful assistant.
user
 QUESTION: In this food web, which organism contains matter that eventually moves to the earthworm?
OPTIONS:
0: barren-ground caribou
1: mushroom
2: grizzly bear
3: bear sedge

Answer with the correct option from 0 to 3. Only provide the numeric and nothing else 

Answer: 
assistant
2",2,3,grade7,"system
You are a helpful assistant.
user
 QUESTION: In this food web, which organism contains matter that eventually moves to the earthworm?
OPTIONS:
0: barren-ground caribou
1: mushroom
2: grizzly bear
3: bear sedge

Answer with the correct option from 0 to 3. Only provide the numeric and nothing else 

Answer: 
assistant
3",3,3,grade7
43,22.226816,36.09232,38.085003,39.74746,41.600216,43.10694,42.376945,44.131077,43.971992,43.812458,43.831673,43.11289,39.270733,38.881622,39.132614,38.524532,39.014935,38.2495,38.290478,38.011017,38.15798,37.419033,37.169918,38.058743,38.07993,36.92405,38.15211,38.130943,38.094986,37.39706,37.828297,8.42691,10.819084,13.468005,14.522096,17.758663,21.107824,Text only tokens,370,1244,"system
You are a helpful assistant.
user
 QUESTION: Which ocean is highlighted?
OPTIONS:
0: the Pacific Ocean
1: the Arctic Ocean
2: the Southern Ocean
3: the Atlantic Ocean

Answer with the correct option from 0 to 3. Only provide the numeric and nothing else 

Answer: 
assistant
1",1,3,grade8,"system
You are a helpful assistant.
user
 QUESTION: Which ocean is highlighted?
OPTIONS:
0: the Pacific Ocean
1: the Arctic Ocean
2: the Southern Ocean
3: the Atlantic Ocean

Answer with the correct option from 0 to 3. Only provide the numeric and nothing else 

Answer: 
assistant
0",0,3,grade8
44,53.161747,71.1246,74.90708,77.64951,78.99773,81.64285,81.88938,84.85372,85.792656,86.38307,86.841125,84.65598,78.108955,73.77783,75.005264,74.84964,76.065506,76.60689,77.55649,77.505394,78.55823,77.03958,76.801834,77.76846,77.149536,75.20578,75.97993,75.52155,73.79455,70.287025,71.830086,54.16487,58.13717,59.01964,52.481293,49.98681,33.709454,Text only tokens,196,713,"system
You are a helpful assistant.
user
 QUESTION: What can Emmet and Kathleen trade to each get what they want?
OPTIONS:
0: Emmet can trade his tomatoes for Kathleen's broccoli.
1: Emmet can trade his tomatoes for Kathleen's sandwich.
2: Kathleen can trade her almonds for Emmet's tomatoes.
3: Kathleen can trade her broccoli for Emmet's oranges.

Answer with the correct option from 0 to 3. Only provide the numeric and nothing else 

Answer: 
assistant
3",3,0,grade6,"system
You are a helpful assistant.
user
 QUESTION: What can Emmet and Kathleen trade to each get what they want?
OPTIONS:
0: Emmet can trade his tomatoes for Kathleen's broccoli.
1: Emmet can trade his tomatoes for Kathleen's sandwich.
2: Kathleen can trade her almonds for Emmet's tomatoes.
3: Kathleen can trade her broccoli for Emmet's oranges.

Answer with the correct option from 0 to 3. Only provide the numeric and nothing else 

Answer: 
assistant
0",0,0,grade6
45,42.071404,69.650826,74.31501,77.36523,80.63591,83.07537,83.94905,85.63138,85.2027,85.346725,85.792206,83.66663,78.47306,73.987236,75.07762,73.36874,73.855835,72.67115,72.84104,71.25836,71.59393,69.686035,69.469284,71.01752,70.500175,68.700226,69.28998,69.105,68.824005,66.63238,68.80025,40.242214,46.347973,49.887405,47.20426,48.063904,36.480694,Text only tokens,71,292,"system
You are a helpful assistant.
user
 QUESTION: Which air temperature was measured within the outlined area shown?
OPTIONS:
0: -24°C
1: 3°C
2: -4°C

Answer with the correct option from 0 to 2. Only provide the numeric and nothing else 

Answer: 
assistant
2",2,0,grade6,"system
You are a helpful assistant.
user
 QUESTION: Which air temperature was measured within the outlined area shown?
OPTIONS:
0: -24°C
1: 3°C
2: -4°C

Answer with the correct option from 0 to 2. Only provide the numeric and nothing else 

Answer: 
assistant
1",1,0,grade6
46,35.69121,54.026047,57.378887,60.12215,63.502495,66.6861,66.90392,69.393936,69.526825,69.29223,70.016014,68.10919,62.95828,59.134777,60.38363,59.689583,60.522945,60.179344,60.599648,59.521076,59.83555,58.542843,58.466995,59.913948,59.691692,58.441433,59.693916,59.290066,58.78963,57.565952,59.043293,31.563026,37.06784,40.693302,38.477497,39.698433,31.287306,Text only tokens,46,201,"system
You are a helpful assistant.
user
 QUESTION: Think about the magnetic force between the magnets in each pair. Which of the following statements is true?
OPTIONS:
0: The magnetic force is weaker in Pair 1.
1: The magnetic force is weaker in Pair 2.
2: The strength of the magnetic force is the same in both pairs.

Answer with the correct option from 0 to 2. Only provide the numeric and nothing else 

Answer: 
assistant
2",2,2,grade4,"system
You are a helpful assistant.
user
 QUESTION: Think about the magnetic force between the magnets in each pair. Which of the following statements is true?
OPTIONS:
0: The magnetic force is weaker in Pair 1.
1: The magnetic force is weaker in Pair 2.
2: The strength of the magnetic force is the same in both pairs.

Answer with the correct option from 0 to 2. Only provide the numeric and nothing else 

Answer: 
assistant
1",1,2,grade4
47,25.735065,41.553646,43.68081,45.14015,47.024742,47.814827,48.052467,48.526295,47.76032,48.127144,47.691704,46.81844,43.223717,42.674004,43.027992,42.241543,42.565865,41.60284,41.696983,40.869755,41.060307,39.943306,39.698772,40.51047,40.482605,39.363396,40.287502,40.111248,40.56155,39.924633,40.255836,8.838576,11.392114,14.204107,15.384367,18.95946,22.3042,Text only tokens,233,833,"system
You are a helpful assistant.
user
 QUESTION: Which of these cities is marked on the map?
OPTIONS:
0: Oklahoma City
1: Nashville
2: New Orleans
3: Miami

Answer with the correct option from 0 to 3. Only provide the numeric and nothing else 

Answer: 
assistant
3",3,3,grade4,"system
You are a helpful assistant.
user
 QUESTION: Which of these cities is marked on the map?
OPTIONS:
0: Oklahoma City
1: Nashville
2: New Orleans
3: Miami

Answer with the correct option from 0 to 3. Only provide the numeric and nothing else 

Answer: 
assistant
0",0,3,grade4
48,55.35813,71.82177,75.663315,78.62497,80.454475,84.15939,84.49559,86.825676,87.32976,87.54164,87.51067,85.33671,78.30414,73.9642,75.08603,75.04841,76.72946,77.509605,78.67823,79.09962,80.53846,78.58595,78.28521,78.96533,78.30963,76.35544,76.95774,76.99143,75.23946,71.666725,73.47001,55.257175,59.766224,61.313213,54.573826,52.94347,35.41456,Text only tokens,296,1018,"system
You are a helpful assistant.
user
 QUESTION: What can Nancy and Dominic trade to each get what they want?
OPTIONS:
0: Nancy can trade her tomatoes for Dominic's carrots.
1: Dominic can trade his broccoli for Nancy's oranges.
2: Dominic can trade his almonds for Nancy's tomatoes.
3: Nancy can trade her tomatoes for Dominic's broccoli.

Answer with the correct option from 0 to 3. Only provide the numeric and nothing else 

Answer: 
assistant
3",3,3,grade8,"system
You are a helpful assistant.
user
 QUESTION: What can Nancy and Dominic trade to each get what they want?
OPTIONS:
0: Nancy can trade her tomatoes for Dominic's carrots.
1: Dominic can trade his broccoli for Nancy's oranges.
2: Dominic can trade his almonds for Nancy's tomatoes.
3: Nancy can trade her tomatoes for Dominic's broccoli.

Answer with the correct option from 0 to 3. Only provide the numeric and nothing else 

Answer: 
assistant
0",0,3,grade8
49,34.74667,51.780365,54.485104,56.40864,58.306488,59.501923,59.806053,60.55175,60.219585,60.31529,60.243626,58.805893,55.044712,53.245594,53.358746,52.409073,52.865463,51.423656,51.877453,50.873787,50.833847,49.284607,49.12944,50.40492,49.96877,48.80889,49.70699,49.387753,49.27005,47.953,49.264286,16.877607,20.920898,24.795794,25.145014,28.104925,28.095076,Text only tokens,81,327,"system
You are a helpful assistant.
user
 QUESTION: Which solution has a higher concentration of purple particles?
OPTIONS:
0: Solution B
1: Solution A
2: neither; their concentrations are the same

Answer with the correct option from 0 to 2. Only provide the numeric and nothing else 

Answer: 
assistant
2",2,1,grade8,"system
You are a helpful assistant.
user
 QUESTION: Which solution has a higher concentration of purple particles?
OPTIONS:
0: Solution B
1: Solution A
2: neither; their concentrations are the same

Answer with the correct option from 0 to 2. Only provide the numeric and nothing else 

Answer: 
assistant
1",1,1,grade8
