,variable,value,entropy
0,0,0.00189216533213043,img_img_entropy
1,0,0.0014912596389279678,img_img_entropy
2,0,0.0015269569525075237,img_img_entropy
3,0,0.002613791005951485,img_img_entropy
4,0,0.0027762967719854766,img_img_entropy
5,0,0.001476573727016413,img_img_entropy
6,0,0.0028826632550832485,img_img_entropy
7,0,0.0022800733514815965,img_img_entropy
8,0,0.0016487040450024768,img_img_entropy
9,0,0.0013672380096712775,img_img_entropy
10,0,0.0017193022797146523,img_img_entropy
11,0,0.002094355002514494,img_img_entropy
12,0,0.0040562953049398725,img_img_entropy
13,0,0.001588119622641354,img_img_entropy
14,0,0.0014419202859100892,img_img_entropy
15,0,0.003885832389669918,img_img_entropy
16,0,0.0018972544431661278,img_img_entropy
17,0,0.0015782903931841718,img_img_entropy
18,0,0.0047914858890931306,img_img_entropy
19,0,0.005419850414835949,img_img_entropy
20,0,0.0019110982722161415,img_img_entropy
21,0,0.002066135065072911,img_img_entropy
22,0,0.003528301252125343,img_img_entropy
23,0,0.0038177420133299333,img_img_entropy
24,0,0.002531959739958558,img_img_entropy
25,0,0.00564161814900287,img_img_entropy
26,0,0.0020583813603386007,img_img_entropy
27,0,0.002391398713428281,img_img_entropy
28,0,0.001316436863399608,img_img_entropy
29,0,0.0034134127510456105,img_img_entropy
30,0,0.0022129732451375214,img_img_entropy
31,0,0.0025962346931828664,img_img_entropy
32,1,0.002607247880787846,img_img_entropy
33,1,0.0024876645534186045,img_img_entropy
34,1,0.002854611157420133,img_img_entropy
35,1,0.0020464370910036837,img_img_entropy
36,1,0.0013799851480917375,img_img_entropy
37,1,0.0015441108920046303,img_img_entropy
38,1,0.002295874310424882,img_img_entropy
39,1,0.0022134840756992155,img_img_entropy
40,1,0.001498815040011659,img_img_entropy
41,1,0.0020340345425143708,img_img_entropy
42,1,0.002348749236379146,img_img_entropy
43,1,0.00150704685607056,img_img_entropy
44,1,0.002250445023146889,img_img_entropy
45,1,0.0016773271982097198,img_img_entropy
46,1,0.0028870616732603336,img_img_entropy
47,1,0.0033316544239290796,img_img_entropy
48,1,0.0029747093319466528,img_img_entropy
49,1,0.0025640977211158424,img_img_entropy
50,1,0.002197994020812672,img_img_entropy
51,1,0.003374767267939587,img_img_entropy
52,1,0.001732671349973844,img_img_entropy
53,1,0.002260951026973261,img_img_entropy
54,1,0.004121647363968516,img_img_entropy
55,1,0.002641324384593024,img_img_entropy
56,1,0.0039053916822217407,img_img_entropy
57,1,0.0024289967988656252,img_img_entropy
58,1,0.0014836360810095374,img_img_entropy
59,1,0.004440828984121585,img_img_entropy
60,1,0.0033649932992985726,img_img_entropy
61,1,0.0023384010107403313,img_img_entropy
62,1,0.0018274803291191892,img_img_entropy
63,1,0.0025786757294888113,img_img_entropy
64,2,0.005504247314854491,img_img_entropy
65,2,0.004314140435279134,img_img_entropy
66,2,0.007152846418978461,img_img_entropy
67,2,0.003245812053172301,img_img_entropy
68,2,0.004282002535344374,img_img_entropy
69,2,0.00676145058108406,img_img_entropy
70,2,0.00437646071634389,img_img_entropy
71,2,0.005939715607433322,img_img_entropy
72,2,0.006312829500176259,img_img_entropy
73,2,0.004714151945274432,img_img_entropy
74,2,0.0053228461151602685,img_img_entropy
75,2,0.005662035484641473,img_img_entropy
76,2,0.005550222524074217,img_img_entropy
77,2,0.005372449988827643,img_img_entropy
78,2,0.004153771177351549,img_img_entropy
79,2,0.004878705365417571,img_img_entropy
80,2,0.006324818259784798,img_img_entropy
81,2,0.00634055634197514,img_img_entropy
82,2,0.006194797801717918,img_img_entropy
83,2,0.00555233063852012,img_img_entropy
84,2,0.0055939300093311274,img_img_entropy
85,2,0.0032480864802201417,img_img_entropy
86,2,0.0033039069391081633,img_img_entropy
87,2,0.0040794116441302776,img_img_entropy
88,2,0.0064840517803648814,img_img_entropy
89,2,0.004028925244101866,img_img_entropy
90,2,0.0034667001076615802,img_img_entropy
91,2,0.005312794903304928,img_img_entropy
92,2,0.004229374598357379,img_img_entropy
93,2,0.006496876961611501,img_img_entropy
94,2,0.0075049353626586894,img_img_entropy
95,2,0.006218730594091488,img_img_entropy
96,3,0.004091339280913118,img_img_entropy
97,3,0.004120635766526929,img_img_entropy
98,3,0.006228331200873813,img_img_entropy
99,3,0.005667308937082123,img_img_entropy
100,3,0.004994147594710478,img_img_entropy
101,3,0.004496285547960624,img_img_entropy
102,3,0.003902129971812378,img_img_entropy
103,3,0.003518126704332337,img_img_entropy
104,3,0.002528012683428431,img_img_entropy
105,3,0.0032879798950175934,img_img_entropy
106,3,0.005646324662576772,img_img_entropy
107,3,0.005197809492072288,img_img_entropy
108,3,0.005796819775878959,img_img_entropy
109,3,0.006533195971291411,img_img_entropy
110,3,0.00550209410836382,img_img_entropy
111,3,0.0076187987734935,img_img_entropy
112,3,0.005933141305619138,img_img_entropy
113,3,0.0027757907448440877,img_img_entropy
114,3,0.0036690799013900863,img_img_entropy
115,3,0.007720104110589969,img_img_entropy
116,3,0.006635040547798577,img_img_entropy
117,3,0.004097419265729239,img_img_entropy
118,3,0.0072933893146789235,img_img_entropy
119,3,0.005625462721294052,img_img_entropy
120,3,0.0056740074570948255,img_img_entropy
121,3,0.002795993209516494,img_img_entropy
122,3,0.005343061318614948,img_img_entropy
123,3,0.0027360351413871454,img_img_entropy
124,3,0.0029041180383967595,img_img_entropy
125,3,0.003353976257739128,img_img_entropy
126,3,0.004489151608596635,img_img_entropy
127,3,0.0033363221234020807,img_img_entropy
128,4,0.007851342094607272,img_img_entropy
129,4,0.0047706929164720085,img_img_entropy
130,4,0.003817341005456518,img_img_entropy
131,4,0.007948008456102796,img_img_entropy
132,4,0.008023686526475638,img_img_entropy
133,4,0.0029675622496954535,img_img_entropy
134,4,0.007350612920188095,img_img_entropy
135,4,0.007421247808374952,img_img_entropy
136,4,0.00529700869423998,img_img_entropy
137,4,0.004810113176856796,img_img_entropy
138,4,0.007392028594192548,img_img_entropy
139,4,0.006513434486601053,img_img_entropy
140,4,0.0044034621331216686,img_img_entropy
141,4,0.0031681800936921413,img_img_entropy
142,4,0.004552911359363905,img_img_entropy
143,4,0.004641854997473785,img_img_entropy
144,4,0.0034151182820066944,img_img_entropy
145,4,0.00520803131169854,img_img_entropy
146,4,0.005969451802833531,img_img_entropy
147,4,0.00695399387059795,img_img_entropy
148,4,0.0027700166450894442,img_img_entropy
149,4,0.002526110539653028,img_img_entropy
150,4,0.008008326959731131,img_img_entropy
151,4,0.006015995699978975,img_img_entropy
152,4,0.0065650537167605055,img_img_entropy
153,4,0.00503574957016466,img_img_entropy
154,4,0.006981644619565196,img_img_entropy
155,4,0.007129366510042758,img_img_entropy
156,4,0.006801801941076881,img_img_entropy
157,4,0.0045998834346327455,img_img_entropy
158,4,0.005058970718730776,img_img_entropy
159,4,0.005225700407882886,img_img_entropy
160,5,0.0075880355220550215,img_img_entropy
161,5,0.004667094848184079,img_img_entropy
162,5,0.0033141565379257265,img_img_entropy
163,5,0.0054605961694119175,img_img_entropy
164,5,0.005824817250655121,img_img_entropy
165,5,0.0035731982275555596,img_img_entropy
166,5,0.0021498013799363174,img_img_entropy
167,5,0.0037918834862042594,img_img_entropy
168,5,0.005397260345736847,img_img_entropy
169,5,0.007537252330974613,img_img_entropy
170,5,0.007652706587325808,img_img_entropy
171,5,0.004876055051177355,img_img_entropy
172,5,0.002552235294119873,img_img_entropy
173,5,0.006572866135736015,img_img_entropy
174,5,0.004967237807056326,img_img_entropy
175,5,0.009525854488786838,img_img_entropy
176,5,0.00794793145123495,img_img_entropy
177,5,0.0051733153445425945,img_img_entropy
178,5,0.007626736169908261,img_img_entropy
179,5,0.005590213524542195,img_img_entropy
180,5,0.005295646145233884,img_img_entropy
181,5,0.005921394249946907,img_img_entropy
182,5,0.006222356869153956,img_img_entropy
183,5,0.0029697088423079002,img_img_entropy
184,5,0.007775336237817892,img_img_entropy
185,5,0.00368453377114751,img_img_entropy
186,5,0.005900358634306348,img_img_entropy
187,5,0.0024878085121129378,img_img_entropy
188,5,0.008048974494896999,img_img_entropy
189,5,0.004082403738312463,img_img_entropy
190,5,0.0054567298013629756,img_img_entropy
191,5,0.0050511977228219745,img_img_entropy
192,6,0.006937965341128693,img_img_entropy
193,6,0.005041450979686303,img_img_entropy
194,6,0.0034477628381874587,img_img_entropy
195,6,0.007081110280986854,img_img_entropy
196,6,0.005711711950468337,img_img_entropy
197,6,0.007985239045072414,img_img_entropy
198,6,0.003293546627128236,img_img_entropy
199,6,0.0026829698530121985,img_img_entropy
200,6,0.0025740386833008684,img_img_entropy
201,6,0.0019361273560180403,img_img_entropy
202,6,0.006896805753234997,img_img_entropy
203,6,0.005043986117359069,img_img_entropy
204,6,0.005338664413854355,img_img_entropy
205,6,0.003927916772112257,img_img_entropy
206,6,0.007448538697022753,img_img_entropy
207,6,0.004885850627831701,img_img_entropy
208,6,0.001484382830741004,img_img_entropy
209,6,0.005513094442172125,img_img_entropy
210,6,0.005079773980367961,img_img_entropy
211,6,0.007986046720720496,img_img_entropy
212,6,0.00292083355198579,img_img_entropy
213,6,0.003938302031873353,img_img_entropy
214,6,0.006676966603641759,img_img_entropy
215,6,0.0072843416963252845,img_img_entropy
216,6,0.007481154564714376,img_img_entropy
217,6,0.0035694665824131566,img_img_entropy
218,6,0.00559695445203803,img_img_entropy
219,6,0.007863835203746027,img_img_entropy
220,6,0.007561097219806186,img_img_entropy
221,6,0.006640591846884869,img_img_entropy
222,6,0.0019022807428653017,img_img_entropy
223,6,0.00396075906009614,img_img_entropy
224,7,0.004517270174014178,img_img_entropy
225,7,0.00757127128722002,img_img_entropy
226,7,0.005264317455457481,img_img_entropy
227,7,0.0032522224169237363,img_img_entropy
228,7,0.006083357639789614,img_img_entropy
229,7,0.006419277683881139,img_img_entropy
230,7,0.0066418700023549125,img_img_entropy
231,7,0.008514479407759182,img_img_entropy
232,7,0.006921653327234711,img_img_entropy
233,7,0.0084246001536871,img_img_entropy
234,7,0.0015288313505024522,img_img_entropy
235,7,0.0067049401249390655,img_img_entropy
236,7,0.004866125422615901,img_img_entropy
237,7,0.006602386502950947,img_img_entropy
238,7,0.0053948182249697,img_img_entropy
239,7,0.004842605452117205,img_img_entropy
240,7,0.0060015467623952545,img_img_entropy
241,7,0.007141060253896606,img_img_entropy
242,7,0.007792310206318046,img_img_entropy
243,7,0.007894131814918198,img_img_entropy
244,7,0.0029112776349602527,img_img_entropy
245,7,0.005573768890061994,img_img_entropy
246,7,0.00706543528587766,img_img_entropy
247,7,0.0033573212726106033,img_img_entropy
248,7,0.007772964033735908,img_img_entropy
249,7,0.007276286494259043,img_img_entropy
250,7,0.0032723189697864215,img_img_entropy
251,7,0.0035401788235744796,img_img_entropy
252,7,0.00374676840242518,img_img_entropy
253,7,0.006682309593915462,img_img_entropy
254,7,0.005616435451252385,img_img_entropy
255,7,0.005597266815727291,img_img_entropy
256,8,0.004321014795792277,img_img_entropy
257,8,0.008070847908728938,img_img_entropy
258,8,0.007975121382272344,img_img_entropy
259,8,0.006306944409921411,img_img_entropy
260,8,0.004273488027940451,img_img_entropy
261,8,0.0038379889711935874,img_img_entropy
262,8,0.007611916108286888,img_img_entropy
263,8,0.005411764015739172,img_img_entropy
264,8,0.007218990500933152,img_img_entropy
265,8,0.00514168781597144,img_img_entropy
266,8,0.008084253955577983,img_img_entropy
267,8,0.008256191199579497,img_img_entropy
268,8,0.007182489655997434,img_img_entropy
269,8,0.0073215565807494,img_img_entropy
270,8,0.004328500957260247,img_img_entropy
271,8,0.008631705410452054,img_img_entropy
272,8,0.008417538411978443,img_img_entropy
273,8,0.0064397899174368604,img_img_entropy
274,8,0.004121898623181963,img_img_entropy
275,8,0.00390234913722221,img_img_entropy
276,8,0.006654160123956466,img_img_entropy
277,8,0.008307491953634415,img_img_entropy
278,8,0.004847965463581126,img_img_entropy
279,8,0.005537252570595844,img_img_entropy
280,8,0.004643408474736248,img_img_entropy
281,8,0.006608506650103754,img_img_entropy
282,8,0.003376676212519206,img_img_entropy
283,8,0.007757514255279396,img_img_entropy
284,8,0.002530061644864568,img_img_entropy
285,8,0.008194618556976271,img_img_entropy
286,8,0.007633001954137248,img_img_entropy
287,8,0.004418682569983689,img_img_entropy
288,9,0.004935310218782782,img_img_entropy
289,9,0.006286258932039265,img_img_entropy
290,9,0.007960963219044744,img_img_entropy
291,9,0.005670970887501716,img_img_entropy
292,9,0.008648340812397683,img_img_entropy
293,9,0.008893640908722645,img_img_entropy
294,9,0.008093966280337471,img_img_entropy
295,9,0.00743866407674649,img_img_entropy
296,9,0.006185612818491746,img_img_entropy
297,9,0.0061549634242954844,img_img_entropy
298,9,0.005613197187334565,img_img_entropy
299,9,0.007461959956332769,img_img_entropy
300,9,0.005084099904899756,img_img_entropy
301,9,0.007806426368231568,img_img_entropy
302,9,0.004588743707377494,img_img_entropy
303,9,0.00782349955457368,img_img_entropy
304,9,0.008967157766160423,img_img_entropy
305,9,0.004853491202441749,img_img_entropy
306,9,0.006482669818048191,img_img_entropy
307,9,0.008578168166617649,img_img_entropy
308,9,0.006750146060521048,img_img_entropy
309,9,0.00796540131748016,img_img_entropy
310,9,0.006176149459031386,img_img_entropy
311,9,0.005653171047222835,img_img_entropy
312,9,0.007790521932396028,img_img_entropy
313,9,0.004184340067457606,img_img_entropy
314,9,0.0024977578059063024,img_img_entropy
315,9,0.008988948064429401,img_img_entropy
316,9,0.00770120199551212,img_img_entropy
317,9,0.0032232704114446573,img_img_entropy
318,9,0.006441657186713266,img_img_entropy
319,9,0.008103788999131119,img_img_entropy
320,10,0.0038574960574935457,img_img_entropy
321,10,0.010087705970431408,img_img_entropy
322,10,0.006822431422642349,img_img_entropy
323,10,0.008541746860303505,img_img_entropy
324,10,0.006129946621727122,img_img_entropy
325,10,0.008694463517118065,img_img_entropy
326,10,0.007321275037341655,img_img_entropy
327,10,0.00410078908397116,img_img_entropy
328,10,0.007483108714975974,img_img_entropy
329,10,0.008257341263418587,img_img_entropy
330,10,0.0058829664946857,img_img_entropy
331,10,0.006749143777089458,img_img_entropy
332,10,0.0062316650244213685,img_img_entropy
333,10,0.007943449540958047,img_img_entropy
334,10,0.0058485450344006274,img_img_entropy
335,10,0.003331719543652232,img_img_entropy
336,10,0.00618416074214844,img_img_entropy
337,10,0.009039753038828076,img_img_entropy
338,10,0.0058187821680069285,img_img_entropy
339,10,0.005805858032743993,img_img_entropy
340,10,0.007629290251413236,img_img_entropy
341,10,0.006389318942271932,img_img_entropy
342,10,0.008338819158066342,img_img_entropy
343,10,0.006809298653309158,img_img_entropy
344,10,0.007996099020579524,img_img_entropy
345,10,0.009155552912120396,img_img_entropy
346,10,0.005290840733880546,img_img_entropy
347,10,0.007789683722925578,img_img_entropy
348,10,0.006721004451142484,img_img_entropy
349,10,0.0072829166879962316,img_img_entropy
350,10,0.005974846132801868,img_img_entropy
351,10,0.006472647776789615,img_img_entropy
352,11,0.007563683438217311,img_img_entropy
353,11,0.003921295808959396,img_img_entropy
354,11,0.006265619908008806,img_img_entropy
355,11,0.006417536857737807,img_img_entropy
356,11,0.006707186058371237,img_img_entropy
357,11,0.0032309126544932563,img_img_entropy
358,11,0.009163500574005631,img_img_entropy
359,11,0.007999451104348385,img_img_entropy
360,11,0.005213185923452634,img_img_entropy
361,11,0.00529631642120835,img_img_entropy
362,11,0.005393389346346198,img_img_entropy
363,11,0.006292226308277977,img_img_entropy
364,11,0.00783550409055664,img_img_entropy
365,11,0.004940190674986095,img_img_entropy
366,11,0.007408690288471725,img_img_entropy
367,11,0.005948540233890153,img_img_entropy
368,11,0.007813400241614595,img_img_entropy
369,11,0.0077794846215694,img_img_entropy
370,11,0.004358470120420125,img_img_entropy
371,11,0.007435654781732307,img_img_entropy
372,11,0.007039499909550876,img_img_entropy
373,11,0.007551496748444381,img_img_entropy
374,11,0.007333040210612275,img_img_entropy
375,11,0.0029171674558634056,img_img_entropy
376,11,0.006950606465972296,img_img_entropy
377,11,0.007766508473734139,img_img_entropy
378,11,0.0062399275676125925,img_img_entropy
379,11,0.008704796886850934,img_img_entropy
380,11,0.002536663458636957,img_img_entropy
381,11,0.006471976965397635,img_img_entropy
382,11,0.007413454130060603,img_img_entropy
383,11,0.007017548338657206,img_img_entropy
384,12,0.007882081361591627,img_img_entropy
385,12,0.007677604521184911,img_img_entropy
386,12,0.003951323565760163,img_img_entropy
387,12,0.007690578515640091,img_img_entropy
388,12,0.006930044641967708,img_img_entropy
389,12,0.007511743060013409,img_img_entropy
390,12,0.007238168444703735,img_img_entropy
391,12,0.007882433254111932,img_img_entropy
392,12,0.006765846831803598,img_img_entropy
393,12,0.007473334057281646,img_img_entropy
394,12,0.007043815782476256,img_img_entropy
395,12,0.007263580847726502,img_img_entropy
396,12,0.006435078148870448,img_img_entropy
397,12,0.0065604284866672595,img_img_entropy
398,12,0.006443487987886461,img_img_entropy
399,12,0.004194770941269589,img_img_entropy
400,12,0.007305707312581924,img_img_entropy
401,12,0.0035351482436079603,img_img_entropy
402,12,0.006960393510563542,img_img_entropy
403,12,0.008273218916383548,img_img_entropy
404,12,0.00839005562990982,img_img_entropy
405,12,0.007265363032288857,img_img_entropy
406,12,0.0042208945350220425,img_img_entropy
407,12,0.0061191409097931465,img_img_entropy
408,12,0.008193939698428758,img_img_entropy
409,12,0.007715836107636044,img_img_entropy
410,12,0.006409893966461163,img_img_entropy
411,12,0.008286511715428954,img_img_entropy
412,12,0.00591803932312302,img_img_entropy
413,12,0.008059849719618975,img_img_entropy
414,12,0.0071028948026502815,img_img_entropy
415,12,0.008136602199095422,img_img_entropy
416,13,0.008492058804565427,img_img_entropy
417,13,0.007620737898794077,img_img_entropy
418,13,0.007470516221870469,img_img_entropy
419,13,0.004947869504402252,img_img_entropy
420,13,0.007820552923422867,img_img_entropy
421,13,0.008140169750744816,img_img_entropy
422,13,0.008172239249999498,img_img_entropy
423,13,0.004939528912507415,img_img_entropy
424,13,0.00820574055712914,img_img_entropy
425,13,0.006456013869048683,img_img_entropy
426,13,0.00737346892136156,img_img_entropy
427,13,0.005379064421130736,img_img_entropy
428,13,0.0086930768402066,img_img_entropy
429,13,0.006740072926854609,img_img_entropy
430,13,0.006935043601646623,img_img_entropy
431,13,0.0033142456672006124,img_img_entropy
432,13,0.007443057752441723,img_img_entropy
433,13,0.004874342970925037,img_img_entropy
434,13,0.006226511292581559,img_img_entropy
435,13,0.004596106064830704,img_img_entropy
436,13,0.007042390659522817,img_img_entropy
437,13,0.006488355416602962,img_img_entropy
438,13,0.0073972682434460734,img_img_entropy
439,13,0.006594050769930161,img_img_entropy
440,13,0.008514040265373723,img_img_entropy
441,13,0.003202432055590372,img_img_entropy
442,13,0.0051564069146487835,img_img_entropy
443,13,0.006024253453175209,img_img_entropy
444,13,0.008383493425770059,img_img_entropy
445,13,0.008967138780063059,img_img_entropy
446,13,0.006861976683286845,img_img_entropy
447,13,0.00698074829917086,img_img_entropy
448,14,0.00979144263529446,img_img_entropy
449,14,0.005078831545537603,img_img_entropy
450,14,0.007891574717937888,img_img_entropy
451,14,0.007054700046152034,img_img_entropy
452,14,0.006733433768620904,img_img_entropy
453,14,0.007164087593345021,img_img_entropy
454,14,0.0034764755276610842,img_img_entropy
455,14,0.006986308811712642,img_img_entropy
456,14,0.006156374612495426,img_img_entropy
457,14,0.0069542101880424555,img_img_entropy
458,14,0.005385659533732532,img_img_entropy
459,14,0.0069217212449541494,img_img_entropy
460,14,0.005071413104854924,img_img_entropy
461,14,0.006341914071560051,img_img_entropy
462,14,0.008550610432697456,img_img_entropy
463,14,0.006079181365863596,img_img_entropy
464,14,0.005292511027542729,img_img_entropy
465,14,0.0072530210252673664,img_img_entropy
466,14,0.006725667499376444,img_img_entropy
467,14,0.006626688002077176,img_img_entropy
468,14,0.007936842742204837,img_img_entropy
469,14,0.007033246414395765,img_img_entropy
470,14,0.008714737623603079,img_img_entropy
471,14,0.0077326285329308376,img_img_entropy
472,14,0.00751247021500646,img_img_entropy
473,14,0.006323651340606852,img_img_entropy
474,14,0.007542742463741334,img_img_entropy
475,14,0.007322604196779516,img_img_entropy
476,14,0.006334158249512024,img_img_entropy
477,14,0.007472885705573106,img_img_entropy
478,14,0.008141272119548772,img_img_entropy
479,14,0.007454217536099432,img_img_entropy
480,15,0.003871661238590489,img_img_entropy
481,15,0.005473992543202378,img_img_entropy
482,15,0.0062870422056025815,img_img_entropy
483,15,0.008451492174379353,img_img_entropy
484,15,0.007260097166853467,img_img_entropy
485,15,0.007154124906605989,img_img_entropy
486,15,0.005937419145780688,img_img_entropy
487,15,0.008583462667516676,img_img_entropy
488,15,0.006793887066498762,img_img_entropy
489,15,0.00816375929927931,img_img_entropy
490,15,0.006449743486541966,img_img_entropy
491,15,0.009536477140126738,img_img_entropy
492,15,0.006475638740829098,img_img_entropy
493,15,0.006832436121494434,img_img_entropy
494,15,0.006919822395577828,img_img_entropy
495,15,0.003468523770443848,img_img_entropy
496,15,0.008466194480245664,img_img_entropy
497,15,0.005930229410758914,img_img_entropy
498,15,0.005768173319377353,img_img_entropy
499,15,0.006725234236528677,img_img_entropy
500,15,0.007196684773731177,img_img_entropy
501,15,0.007718186290717475,img_img_entropy
502,15,0.007694480473839804,img_img_entropy
503,15,0.0075464355091476604,img_img_entropy
504,15,0.005713290286095439,img_img_entropy
505,15,0.008452219245130307,img_img_entropy
506,15,0.009513309084039903,img_img_entropy
507,15,0.00663770022731186,img_img_entropy
508,15,0.008123571455903656,img_img_entropy
509,15,0.006435532448502678,img_img_entropy
510,15,0.006395475571549605,img_img_entropy
511,15,0.007024170486604531,img_img_entropy
512,16,0.0049846279027436005,img_img_entropy
513,16,0.004804870347980995,img_img_entropy
514,16,0.007331491964303946,img_img_entropy
515,16,0.0075825616318670845,img_img_entropy
516,16,0.005865956446916789,img_img_entropy
517,16,0.0059194856164488385,img_img_entropy
518,16,0.00511156218773898,img_img_entropy
519,16,0.008073541332609782,img_img_entropy
520,16,0.006876990179218814,img_img_entropy
521,16,0.005661516069939662,img_img_entropy
522,16,0.007336252685107542,img_img_entropy
523,16,0.008407901551170141,img_img_entropy
524,16,0.00675076541292124,img_img_entropy
525,16,0.006241519289732562,img_img_entropy
526,16,0.009333185692613037,img_img_entropy
527,16,0.008279008047655178,img_img_entropy
528,16,0.00838149775647158,img_img_entropy
529,16,0.005900541544409366,img_img_entropy
530,16,0.005967797738394554,img_img_entropy
531,16,0.006669133211777639,img_img_entropy
532,16,0.00721203631715999,img_img_entropy
533,16,0.007285048639199987,img_img_entropy
534,16,0.008606215609152852,img_img_entropy
535,16,0.005661366717532266,img_img_entropy
536,16,0.007119173559250157,img_img_entropy
537,16,0.005548077299112577,img_img_entropy
538,16,0.004175513550342392,img_img_entropy
539,16,0.005034807969163212,img_img_entropy
540,16,0.0037107992373909987,img_img_entropy
541,16,0.006362890639920394,img_img_entropy
542,16,0.005315198983248886,img_img_entropy
543,16,0.00625346431692642,img_img_entropy
544,17,0.005057621203950082,img_img_entropy
545,17,0.004942137757772308,img_img_entropy
546,17,0.006213831806259467,img_img_entropy
547,17,0.008317078356434353,img_img_entropy
548,17,0.007294002798786804,img_img_entropy
549,17,0.006786365379875951,img_img_entropy
550,17,0.004252250700944369,img_img_entropy
551,17,0.007081049876290423,img_img_entropy
552,17,0.00791071109840059,img_img_entropy
553,17,0.00606125978926789,img_img_entropy
554,17,0.005449721794760571,img_img_entropy
555,17,0.005285426221600713,img_img_entropy
556,17,0.0031316494395272837,img_img_entropy
557,17,0.0058780870080962855,img_img_entropy
558,17,0.009102970361940164,img_img_entropy
559,17,0.007707597570520068,img_img_entropy
560,17,0.004064903794825863,img_img_entropy
561,17,0.007819786035979976,img_img_entropy
562,17,0.006585435587697315,img_img_entropy
563,17,0.007608539748813629,img_img_entropy
564,17,0.004357978299351206,img_img_entropy
565,17,0.008335781346860976,img_img_entropy
566,17,0.005216192353835752,img_img_entropy
567,17,0.005684944124786558,img_img_entropy
568,17,0.007067950446358612,img_img_entropy
569,17,0.0037995243146230354,img_img_entropy
570,17,0.0029118467568484715,img_img_entropy
571,17,0.004686351041504285,img_img_entropy
572,17,0.008070113664834023,img_img_entropy
573,17,0.007128333640374086,img_img_entropy
574,17,0.006842103931374179,img_img_entropy
575,17,0.0059640692485804095,img_img_entropy
576,18,0.0064200775474449225,img_img_entropy
577,18,0.0047793669315066905,img_img_entropy
578,18,0.008147107367966533,img_img_entropy
579,18,0.003868069338131651,img_img_entropy
580,18,0.006385150594236898,img_img_entropy
581,18,0.008658090652080017,img_img_entropy
582,18,0.006659443840712435,img_img_entropy
583,18,0.00828997394196785,img_img_entropy
584,18,0.006917156710074471,img_img_entropy
585,18,0.005501300394957865,img_img_entropy
586,18,0.0065405253183989384,img_img_entropy
587,18,0.003767891465087012,img_img_entropy
588,18,0.006261823892756446,img_img_entropy
589,18,0.007815529638875406,img_img_entropy
590,18,0.005975911937670015,img_img_entropy
591,18,0.00678972487384095,img_img_entropy
592,18,0.005007307141873533,img_img_entropy
593,18,0.0058527483243222414,img_img_entropy
594,18,0.004858881455316977,img_img_entropy
595,18,0.006799244853339407,img_img_entropy
596,18,0.002671709722835354,img_img_entropy
597,18,0.007442252851080081,img_img_entropy
598,18,0.004399175486045827,img_img_entropy
599,18,0.006247669977085795,img_img_entropy
600,18,0.0054709898879095244,img_img_entropy
601,18,0.003741982217999267,img_img_entropy
602,18,0.00848125544525248,img_img_entropy
603,18,0.006968593097719429,img_img_entropy
604,18,0.008084314561581893,img_img_entropy
605,18,0.005507061230286632,img_img_entropy
606,18,0.005727305681167963,img_img_entropy
607,18,0.006201731961767736,img_img_entropy
608,19,0.007756392391752669,img_img_entropy
609,19,0.0068578169653059065,img_img_entropy
610,19,0.00880609465609369,img_img_entropy
611,19,0.0048945122312971335,img_img_entropy
612,19,0.005951933629946988,img_img_entropy
613,19,0.007061001215799977,img_img_entropy
614,19,0.007358283458360818,img_img_entropy
615,19,0.004327546405590805,img_img_entropy
616,19,0.0054196768696730836,img_img_entropy
617,19,0.006407510980771237,img_img_entropy
618,19,0.006040538356579042,img_img_entropy
619,19,0.0031618253451845854,img_img_entropy
620,19,0.005935806588936481,img_img_entropy
621,19,0.006904622585626022,img_img_entropy
622,19,0.003467079028459927,img_img_entropy
623,19,0.005965013029764682,img_img_entropy
624,19,0.008729217911996953,img_img_entropy
625,19,0.003752025050953789,img_img_entropy
626,19,0.005848616642459191,img_img_entropy
627,19,0.0048602047904023815,img_img_entropy
628,19,0.003045293812634512,img_img_entropy
629,19,0.004219485111433545,img_img_entropy
630,19,0.004973404564872084,img_img_entropy
631,19,0.0052797461947277175,img_img_entropy
632,19,0.007165308062465266,img_img_entropy
633,19,0.0057467866028596895,img_img_entropy
634,19,0.005000389945077978,img_img_entropy
635,19,0.007877726157119964,img_img_entropy
636,19,0.004123845732875867,img_img_entropy
637,19,0.008588141717380739,img_img_entropy
638,19,0.002492590814013445,img_img_entropy
639,19,0.006466331130502653,img_img_entropy
640,20,0.00637997533738515,img_img_entropy
641,20,0.00440077962790862,img_img_entropy
642,20,0.006117211203316343,img_img_entropy
643,20,0.006605738778936086,img_img_entropy
644,20,0.0051194392160300445,img_img_entropy
645,20,0.006348065643867353,img_img_entropy
646,20,0.006980732543535712,img_img_entropy
647,20,0.0043893245514639535,img_img_entropy
648,20,0.004561899338536676,img_img_entropy
649,20,0.005157241959268753,img_img_entropy
650,20,0.005896267330071041,img_img_entropy
651,20,0.006455843391390472,img_img_entropy
652,20,0.006766369980539421,img_img_entropy
653,20,0.008502654308262744,img_img_entropy
654,20,0.004978427187498118,img_img_entropy
655,20,0.008339424074239828,img_img_entropy
656,20,0.005359450473644935,img_img_entropy
657,20,0.004465201764671606,img_img_entropy
658,20,0.006692405808555843,img_img_entropy
659,20,0.004334708552411583,img_img_entropy
660,20,0.007621615957843463,img_img_entropy
661,20,0.002558274992092619,img_img_entropy
662,20,0.004471897201300822,img_img_entropy
663,20,0.006272833841139307,img_img_entropy
664,20,0.005418577216258686,img_img_entropy
665,20,0.0016918224447498586,img_img_entropy
666,20,0.00729865170908189,img_img_entropy
667,20,0.005776059376758853,img_img_entropy
668,20,0.005655951842631327,img_img_entropy
669,20,0.005107100640694619,img_img_entropy
670,20,0.005097189460657601,img_img_entropy
671,20,0.005557581324704529,img_img_entropy
672,21,0.005874416694287811,img_img_entropy
673,21,0.005013182790629896,img_img_entropy
674,21,0.0028307292294867796,img_img_entropy
675,21,0.005384304284692583,img_img_entropy
676,21,0.00445978074924291,img_img_entropy
677,21,0.004850003894664219,img_img_entropy
678,21,0.004666491306556383,img_img_entropy
679,21,0.005064785137020063,img_img_entropy
680,21,0.004769453975742944,img_img_entropy
681,21,0.005678465226207333,img_img_entropy
682,21,0.006342143845993436,img_img_entropy
683,21,0.004183729268275389,img_img_entropy
684,21,0.006339845696471064,img_img_entropy
685,21,0.005233477788780903,img_img_entropy
686,21,0.004699067739364161,img_img_entropy
687,21,0.004682904117007005,img_img_entropy
688,21,0.005762341724680186,img_img_entropy
689,21,0.007555833048194272,img_img_entropy
690,21,0.0035313106933684366,img_img_entropy
691,21,0.004192879796773984,img_img_entropy
692,21,0.005006273033401819,img_img_entropy
693,21,0.0034783066210762555,img_img_entropy
694,21,0.007865990850089774,img_img_entropy
695,21,0.0073482519814137975,img_img_entropy
696,21,0.006840338148478907,img_img_entropy
697,21,0.006281011871485093,img_img_entropy
698,21,0.00502250598265366,img_img_entropy
699,21,0.002304028470589622,img_img_entropy
700,21,0.005122348012112511,img_img_entropy
701,21,0.004402617994527609,img_img_entropy
702,21,0.006266197551331367,img_img_entropy
703,21,0.0058374896380714945,img_img_entropy
704,22,0.004615643219999097,img_img_entropy
705,22,0.004508717948322399,img_img_entropy
706,22,0.003644202276775924,img_img_entropy
707,22,0.00259895137254486,img_img_entropy
708,22,0.008146907468398495,img_img_entropy
709,22,0.00578786469704937,img_img_entropy
710,22,0.0036380283866961033,img_img_entropy
711,22,0.007756855439774212,img_img_entropy
712,22,0.0048897047413904915,img_img_entropy
713,22,0.0051867415815014745,img_img_entropy
714,22,0.008933703662818895,img_img_entropy
715,22,0.008055082929294539,img_img_entropy
716,22,0.00663886754180033,img_img_entropy
717,22,0.006819091964977963,img_img_entropy
718,22,0.006146398008636369,img_img_entropy
719,22,0.0037500464007785856,img_img_entropy
720,22,0.005436750610517082,img_img_entropy
721,22,0.006716716871573113,img_img_entropy
722,22,0.004802812288545222,img_img_entropy
723,22,0.0053766452886412405,img_img_entropy
724,22,0.00658743187358915,img_img_entropy
725,22,0.006269187305816473,img_img_entropy
726,22,0.005597986148533049,img_img_entropy
727,22,0.0031376674755209406,img_img_entropy
728,22,0.00502823128792921,img_img_entropy
729,22,0.008065713913103022,img_img_entropy
730,22,0.008622102172070819,img_img_entropy
731,22,0.0053223816457969725,img_img_entropy
732,22,0.005693708402039935,img_img_entropy
733,22,0.005179888318246595,img_img_entropy
734,22,0.0064758253352219936,img_img_entropy
735,22,0.002234481125903523,img_img_entropy
736,23,0.00546246082598394,img_img_entropy
737,23,0.008891300634676746,img_img_entropy
738,23,0.00590920409372603,img_img_entropy
739,23,0.006940809634287773,img_img_entropy
740,23,0.006553150244557827,img_img_entropy
741,23,0.005754136516433547,img_img_entropy
742,23,0.004737602425755196,img_img_entropy
743,23,0.004949586696751815,img_img_entropy
744,23,0.005011003375782471,img_img_entropy
745,23,0.003793512374787991,img_img_entropy
746,23,0.00650841518564218,img_img_entropy
747,23,0.006318967869569113,img_img_entropy
748,23,0.0032832709345278436,img_img_entropy
749,23,0.00622118377522737,img_img_entropy
750,23,0.005695378214271916,img_img_entropy
751,23,0.003397944106204267,img_img_entropy
752,23,0.006887953322675789,img_img_entropy
753,23,0.006204218035669593,img_img_entropy
754,23,0.008173689085239534,img_img_entropy
755,23,0.006913385177455264,img_img_entropy
756,23,0.00561340599348526,img_img_entropy
757,23,0.005178491293264223,img_img_entropy
758,23,0.0064933837203001174,img_img_entropy
759,23,0.005034620663672034,img_img_entropy
760,23,0.006870110308469758,img_img_entropy
761,23,0.005757225051507331,img_img_entropy
762,23,0.005188038834876847,img_img_entropy
763,23,0.00660904914431528,img_img_entropy
764,23,0.005752966720175521,img_img_entropy
765,23,0.005342066158226924,img_img_entropy
766,23,0.0029037546519252054,img_img_entropy
767,23,0.00543448017043841,img_img_entropy
768,24,0.005324189698086566,img_img_entropy
769,24,0.007129866719745131,img_img_entropy
770,24,0.004015864595312892,img_img_entropy
771,24,0.005220419475437594,img_img_entropy
772,24,0.005689168750705135,img_img_entropy
773,24,0.0027736851294256973,img_img_entropy
774,24,0.008142474565720701,img_img_entropy
775,24,0.005617352514881235,img_img_entropy
776,24,0.0033975795542078528,img_img_entropy
777,24,0.004642875919961562,img_img_entropy
778,24,0.006655972397229349,img_img_entropy
779,24,0.005276803551471777,img_img_entropy
780,24,0.005237038844307273,img_img_entropy
781,24,0.006770673669811666,img_img_entropy
782,24,0.005572564447719267,img_img_entropy
783,24,0.00558227480143834,img_img_entropy
784,24,0.005626416022061767,img_img_entropy
785,24,0.0033688537320223843,img_img_entropy
786,24,0.007697498728430726,img_img_entropy
787,24,0.006211972390494782,img_img_entropy
788,24,0.0023458694816641482,img_img_entropy
789,24,0.005159039756768424,img_img_entropy
790,24,0.006008596898978236,img_img_entropy
791,24,0.006475126614257103,img_img_entropy
792,24,0.005847203906678963,img_img_entropy
793,24,0.004362837953408543,img_img_entropy
794,24,0.0047931410015389165,img_img_entropy
795,24,0.005327515502016555,img_img_entropy
796,24,0.006762007099373998,img_img_entropy
797,24,0.005289171570651583,img_img_entropy
798,24,0.00708261759752685,img_img_entropy
799,24,0.0049983965170062395,img_img_entropy
800,25,0.005318767925725719,img_img_entropy
801,25,0.003957948380836619,img_img_entropy
802,25,0.0035875375521180167,img_img_entropy
803,25,0.004682675182039992,img_img_entropy
804,25,0.004410201311502044,img_img_entropy
805,25,0.006271123065506786,img_img_entropy
806,25,0.004607781983690956,img_img_entropy
807,25,0.004285192812409135,img_img_entropy
808,25,0.003022499008005273,img_img_entropy
809,25,0.006629166296858758,img_img_entropy
810,25,0.005098552784546977,img_img_entropy
811,25,0.0024534107047900953,img_img_entropy
812,25,0.004096194561726601,img_img_entropy
813,25,0.0035371228954787035,img_img_entropy
814,25,0.0027251553784563053,img_img_entropy
815,25,0.007352051358010905,img_img_entropy
816,25,0.0032754224460132303,img_img_entropy
817,25,0.00479918051601485,img_img_entropy
818,25,0.005790369424185817,img_img_entropy
819,25,0.007809947245172628,img_img_entropy
820,25,0.0032239947192301277,img_img_entropy
821,25,0.004960907381498438,img_img_entropy
822,25,0.003474859294657903,img_img_entropy
823,25,0.008082417799034458,img_img_entropy
824,25,0.005668411054742681,img_img_entropy
825,25,0.005755398775080418,img_img_entropy
826,25,0.006965111639313689,img_img_entropy
827,25,0.004941850569333253,img_img_entropy
828,25,0.006899850384009272,img_img_entropy
829,25,0.005217420036460676,img_img_entropy
830,25,0.005021484681173269,img_img_entropy
831,25,0.0031259002020239592,img_img_entropy
832,26,0.0036926970847863485,img_img_entropy
833,26,0.003315875826968854,img_img_entropy
834,26,0.005602971170023212,img_img_entropy
835,26,0.003907235088865764,img_img_entropy
836,26,0.007984987550554542,img_img_entropy
837,26,0.0054905037078397355,img_img_entropy
838,26,0.007389978779283136,img_img_entropy
839,26,0.00504961905338588,img_img_entropy
840,26,0.005913018694253584,img_img_entropy
841,26,0.007673289108828887,img_img_entropy
842,26,0.0070521514543713726,img_img_entropy
843,26,0.004796340431334926,img_img_entropy
844,26,0.0019107829276764439,img_img_entropy
845,26,0.008194148296674272,img_img_entropy
846,26,0.007764660329986368,img_img_entropy
847,26,0.005427160401438016,img_img_entropy
848,26,0.005276148609215037,img_img_entropy
849,26,0.0038359986379202654,img_img_entropy
850,26,0.007135790734776989,img_img_entropy
851,26,0.007188926938369785,img_img_entropy
852,26,0.007122664245515439,img_img_entropy
853,26,0.005293969490048669,img_img_entropy
854,26,0.007956655969368655,img_img_entropy
855,26,0.0058159671366724095,img_img_entropy
856,26,0.005284251321483129,img_img_entropy
857,26,0.00528037151072495,img_img_entropy
858,26,0.004698034101628566,img_img_entropy
859,26,0.0049256201899336854,img_img_entropy
860,26,0.006252336630054984,img_img_entropy
861,26,0.0055499942287067505,img_img_entropy
862,26,0.00783331267333374,img_img_entropy
863,26,0.004290739011617846,img_img_entropy
864,27,0.0062086491469724074,img_img_entropy
865,27,0.0047845462258506895,img_img_entropy
866,27,0.007949054342994163,img_img_entropy
867,27,0.004910452241853297,img_img_entropy
868,27,0.0051836163646233795,img_img_entropy
869,27,0.00450256315493632,img_img_entropy
870,27,0.007193976034626891,img_img_entropy
871,27,0.007613040422111472,img_img_entropy
872,27,0.007180155382717284,img_img_entropy
873,27,0.006318245880983658,img_img_entropy
874,27,0.003069085205641823,img_img_entropy
875,27,0.004678062476444749,img_img_entropy
876,27,0.008513560779137681,img_img_entropy
877,27,0.005774849803946953,img_img_entropy
878,27,0.004915499952902756,img_img_entropy
879,27,0.007226389928698436,img_img_entropy
880,27,0.006553386509396266,img_img_entropy
881,27,0.00870482528562997,img_img_entropy
882,27,0.00635388999730517,img_img_entropy
883,27,0.002765011373190995,img_img_entropy
884,27,0.0027397685933825805,img_img_entropy
885,27,0.005015110658473737,img_img_entropy
886,27,0.006763057294269356,img_img_entropy
887,27,0.0055524333032766675,img_img_entropy
888,27,0.00409095410861984,img_img_entropy
889,27,0.005094151746084081,img_img_entropy
890,27,0.006882826454541359,img_img_entropy
891,27,0.0044243861346762925,img_img_entropy
892,27,0.0037757501120279833,img_img_entropy
893,27,0.0069624641945123245,img_img_entropy
894,27,0.006944643830168411,img_img_entropy
895,27,0.006683558722498412,img_img_entropy
896,28,0.004446668716176304,img_img_entropy
897,28,0.005827979262297681,img_img_entropy
898,28,0.005774810981742461,img_img_entropy
899,28,0.006705037985702115,img_img_entropy
900,28,0.00522210350970716,img_img_entropy
901,28,0.005242682300256441,img_img_entropy
902,28,0.0024816515269245106,img_img_entropy
903,28,0.0068250036449903646,img_img_entropy
904,28,0.003711546988655853,img_img_entropy
905,28,0.0029046632190083705,img_img_entropy
906,28,0.008062292005196045,img_img_entropy
907,28,0.003073251209430171,img_img_entropy
908,28,0.006113063140792123,img_img_entropy
909,28,0.00509070571498435,img_img_entropy
910,28,0.004708598474838528,img_img_entropy
911,28,0.005243852349614915,img_img_entropy
912,28,0.007454516981568672,img_img_entropy
913,28,0.0054576933084400925,img_img_entropy
914,28,0.004013407826268435,img_img_entropy
915,28,0.00494596315399401,img_img_entropy
916,28,0.002930008227032702,img_img_entropy
917,28,0.005370458123253723,img_img_entropy
918,28,0.006631765446321922,img_img_entropy
919,28,0.00808055277855784,img_img_entropy
920,28,0.006163864398751213,img_img_entropy
921,28,0.0075650649291251525,img_img_entropy
922,28,0.007651149344601167,img_img_entropy
923,28,0.004369487172768485,img_img_entropy
924,28,0.006173564968086251,img_img_entropy
925,28,0.004276524671505087,img_img_entropy
926,28,0.004338044602248207,img_img_entropy
927,28,0.002872692859362581,img_img_entropy
928,29,0.007071865659088362,img_img_entropy
929,29,0.005771865406324128,img_img_entropy
930,29,0.0029456685935019375,img_img_entropy
931,29,0.007387646734261653,img_img_entropy
932,29,0.006452339926561581,img_img_entropy
933,29,0.006478259855477021,img_img_entropy
934,29,0.0044083067101798445,img_img_entropy
935,29,0.005397279075341308,img_img_entropy
936,29,0.006033209690692062,img_img_entropy
937,29,0.005934989324541879,img_img_entropy
938,29,0.007900215768849146,img_img_entropy
939,29,0.0034244240374996316,img_img_entropy
940,29,0.00273016396670055,img_img_entropy
941,29,0.004269591519088589,img_img_entropy
942,29,0.005907507087123506,img_img_entropy
943,29,0.006653992493188224,img_img_entropy
944,29,0.0036759727254561947,img_img_entropy
945,29,0.005710262042358694,img_img_entropy
946,29,0.0031346981547517652,img_img_entropy
947,29,0.00544735526100116,img_img_entropy
948,29,0.005860736219009871,img_img_entropy
949,29,0.004764584490524386,img_img_entropy
950,29,0.004286845074075723,img_img_entropy
951,29,0.0069012243655413984,img_img_entropy
952,29,0.006539862409973291,img_img_entropy
953,29,0.004211273709388744,img_img_entropy
954,29,0.004672566239921325,img_img_entropy
955,29,0.003921318178352857,img_img_entropy
956,29,0.004328045971592466,img_img_entropy
957,29,0.007920396753109158,img_img_entropy
958,29,0.0055726848705815735,img_img_entropy
959,29,0.002883408429379394,img_img_entropy
960,30,0.005197930319039647,img_img_entropy
961,30,0.005457368418054284,img_img_entropy
962,30,0.008284372536312007,img_img_entropy
963,30,0.0066990797833324746,img_img_entropy
964,30,0.004838246129204664,img_img_entropy
965,30,0.006788159379417345,img_img_entropy
966,30,0.004212500254937979,img_img_entropy
967,30,0.007783752052101273,img_img_entropy
968,30,0.003420132083373299,img_img_entropy
969,30,0.007093611141699636,img_img_entropy
970,30,0.006727208824867881,img_img_entropy
971,30,0.005813621667982565,img_img_entropy
972,30,0.008042711820020535,img_img_entropy
973,30,0.004990315992972929,img_img_entropy
974,30,0.004995255635231321,img_img_entropy
975,30,0.005120089206488961,img_img_entropy
976,30,0.007124107732871208,img_img_entropy
977,30,0.007171567793785351,img_img_entropy
978,30,0.004575703767410397,img_img_entropy
979,30,0.00536927672494786,img_img_entropy
980,30,0.0037397727334039918,img_img_entropy
981,30,0.005892969058237447,img_img_entropy
982,30,0.004354924632388172,img_img_entropy
983,30,0.006324595502845706,img_img_entropy
984,30,0.00678230389651254,img_img_entropy
985,30,0.005692203211588483,img_img_entropy
986,30,0.006810426588475252,img_img_entropy
987,30,0.005455500346394302,img_img_entropy
988,30,0.005246893432500561,img_img_entropy
989,30,0.005363486605569831,img_img_entropy
990,30,0.00465089206796419,img_img_entropy
991,30,0.008011716922068937,img_img_entropy
992,31,0.007475887435633917,img_img_entropy
993,31,0.00579604890166502,img_img_entropy
994,31,0.003314211200764897,img_img_entropy
995,31,0.00712453348602375,img_img_entropy
996,31,0.00859735812030885,img_img_entropy
997,31,0.008259115936847555,img_img_entropy
998,31,0.003320441841452805,img_img_entropy
999,31,0.006158594302260077,img_img_entropy
1000,31,0.006145677007454758,img_img_entropy
1001,31,0.005631148925907133,img_img_entropy
1002,31,0.005451570885925204,img_img_entropy
1003,31,0.007076152238713716,img_img_entropy
1004,31,0.005918410128827484,img_img_entropy
1005,31,0.008264559367255985,img_img_entropy
1006,31,0.004497682054171299,img_img_entropy
1007,31,0.003387616016206684,img_img_entropy
1008,31,0.005376112298348937,img_img_entropy
1009,31,0.0067382558785284395,img_img_entropy
1010,31,0.00743712523126499,img_img_entropy
1011,31,0.006116248944778657,img_img_entropy
1012,31,0.005728131852849618,img_img_entropy
1013,31,0.004414419182384817,img_img_entropy
1014,31,0.004375216393615356,img_img_entropy
1015,31,0.007663838096664439,img_img_entropy
1016,31,0.004749944652460601,img_img_entropy
1017,31,0.0059900800530836035,img_img_entropy
1018,31,0.00735174952145019,img_img_entropy
1019,31,0.009380312481664847,img_img_entropy
1020,31,0.006168860633046296,img_img_entropy
1021,31,0.004607886811720854,img_img_entropy
1022,31,0.004890640220991973,img_img_entropy
1023,31,0.008597953044561355,img_img_entropy
0,0,0.0002831434974336275,img_text_entropy
1,0,0.00018319501439588898,img_text_entropy
2,0,0.0003007547288233591,img_text_entropy
3,0,0.0003826039589755811,img_text_entropy
4,0,0.0006220025981959072,img_text_entropy
5,0,8.266152832415099e-05,img_text_entropy
6,0,0.0005810724881169329,img_text_entropy
7,0,0.0019184984946613182,img_text_entropy
8,0,0.0004373107991548993,img_text_entropy
9,0,0.00045988743289060435,img_text_entropy
10,0,0.00030867045945310743,img_text_entropy
11,0,0.0008842280962073369,img_text_entropy
12,0,0.0008001475060703242,img_text_entropy
13,0,0.00013133743414132216,img_text_entropy
14,0,0.00022580352426193641,img_text_entropy
15,0,0.0006986326154759608,img_text_entropy
16,0,0.0004780346649405551,img_text_entropy
17,0,0.00035531202180825284,img_text_entropy
18,0,0.0010423503946684163,img_text_entropy
19,0,0.0006679312323697461,img_text_entropy
20,0,0.00024906747009152084,img_text_entropy
21,0,0.0002903356243990747,img_text_entropy
22,0,0.0012000308815964724,img_text_entropy
23,0,0.000791356524573589,img_text_entropy
24,0,0.0018966268973042042,img_text_entropy
25,0,0.00033656807881855203,img_text_entropy
26,0,0.0005202039555482242,img_text_entropy
27,0,0.000675613961183271,img_text_entropy
28,0,0.0003003720507216938,img_text_entropy
29,0,0.0007983669628528723,img_text_entropy
30,0,0.0014008971605693774,img_text_entropy
31,0,0.0005718562062630568,img_text_entropy
32,1,0.0003873170395398141,img_text_entropy
33,1,0.00045774461095673133,img_text_entropy
34,1,0.00022850930970478775,img_text_entropy
35,1,0.0005092559286935643,img_text_entropy
36,1,0.000277448419415697,img_text_entropy
37,1,0.0004171274070356668,img_text_entropy
38,1,0.0004979821047689312,img_text_entropy
39,1,0.0012897122113005712,img_text_entropy
40,1,0.0001553570194880311,img_text_entropy
41,1,0.001975966561339169,img_text_entropy
42,1,0.00022740726067103955,img_text_entropy
43,1,9.466973056650033e-05,img_text_entropy
44,1,0.0004415578362502025,img_text_entropy
45,1,0.0007866613948162098,img_text_entropy
46,1,0.0006818322021352312,img_text_entropy
47,1,0.0007749989008308154,img_text_entropy
48,1,0.0005711206039748903,img_text_entropy
49,1,0.00040715385647679844,img_text_entropy
50,1,0.000659094182599447,img_text_entropy
51,1,0.0007399014250027811,img_text_entropy
52,1,0.00031390810687950617,img_text_entropy
53,1,0.00034539370282086123,img_text_entropy
54,1,0.00065896523326508,img_text_entropy
55,1,0.0006792738031087476,img_text_entropy
56,1,0.0006663866625319762,img_text_entropy
57,1,0.0006119440822415064,img_text_entropy
58,1,0.00027914554919175567,img_text_entropy
59,1,0.000681821548702813,img_text_entropy
60,1,0.0005061085770632622,img_text_entropy
61,1,0.0008539951482344046,img_text_entropy
62,1,0.00048296461925163294,img_text_entropy
63,1,0.0002935480366481416,img_text_entropy
64,2,0.00017885538887661036,img_text_entropy
65,2,0.000165166196992835,img_text_entropy
66,2,0.0001952603340559602,img_text_entropy
67,2,4.636898453781042e-05,img_text_entropy
68,2,0.00011143880782738379,img_text_entropy
69,2,0.0001993040616214177,img_text_entropy
70,2,0.00016732862047904692,img_text_entropy
71,2,0.00015428071879800237,img_text_entropy
72,2,0.0001548579546924577,img_text_entropy
73,2,6.129363018676392e-05,img_text_entropy
74,2,0.00012594024699122001,img_text_entropy
75,2,0.00014755719826737993,img_text_entropy
76,2,0.00016180832648862847,img_text_entropy
77,2,0.00015468511733007664,img_text_entropy
78,2,8.502399359245899e-05,img_text_entropy
79,2,0.00010760107869818644,img_text_entropy
80,2,0.0001877251088496782,img_text_entropy
81,2,0.00021807666158431087,img_text_entropy
82,2,0.00017491583860791834,img_text_entropy
83,2,0.00015467440028491604,img_text_entropy
84,2,0.00011504377212677382,img_text_entropy
85,2,6.05206408029209e-05,img_text_entropy
86,2,5.6988179280791334e-05,img_text_entropy
87,2,5.831847686298317e-05,img_text_entropy
88,2,0.00016980332423345286,img_text_entropy
89,2,0.00011942161170390016,img_text_entropy
90,2,8.242517367942495e-05,img_text_entropy
91,2,9.173546822907962e-05,img_text_entropy
92,2,6.520594900991439e-05,img_text_entropy
93,2,0.00017798838156981168,img_text_entropy
94,2,0.00023911542794583288,img_text_entropy
95,2,0.00013981311999746238,img_text_entropy
96,3,0.00010757057514000629,img_text_entropy
97,3,0.00011818344987850225,img_text_entropy
98,3,0.0002230006158585632,img_text_entropy
99,3,0.0001758399750507346,img_text_entropy
100,3,0.00015912737862965842,img_text_entropy
101,3,0.0002317871150657629,img_text_entropy
102,3,8.36910887554825e-05,img_text_entropy
103,3,0.0001319352532954733,img_text_entropy
104,3,4.3845945595196773e-05,img_text_entropy
105,3,7.513233244059628e-05,img_text_entropy
106,3,0.00020472700307755108,img_text_entropy
107,3,0.00021266576342826942,img_text_entropy
108,3,0.0001851497130847637,img_text_entropy
109,3,0.0003306580013215168,img_text_entropy
110,3,0.00020950120837362802,img_text_entropy
111,3,0.0002103636462975433,img_text_entropy
112,3,0.0002131470757057476,img_text_entropy
113,3,4.724782881691102e-05,img_text_entropy
114,3,0.00012567405268610227,img_text_entropy
115,3,0.00026041702885498306,img_text_entropy
116,3,0.00021798243074152733,img_text_entropy
117,3,6.177021550371737e-05,img_text_entropy
118,3,0.00023484643714991946,img_text_entropy
119,3,0.00016003135997719997,img_text_entropy
120,3,0.0001695017228593546,img_text_entropy
121,3,5.079405675868567e-05,img_text_entropy
122,3,0.00028548459808100163,img_text_entropy
123,3,4.7971913963030026e-05,img_text_entropy
124,3,4.82386459147014e-05,img_text_entropy
125,3,0.00010462307748725189,img_text_entropy
126,3,0.00011820655544654172,img_text_entropy
127,3,0.00010601540913832724,img_text_entropy
128,4,0.000668242928981106,img_text_entropy
129,4,0.00023181459946619297,img_text_entropy
130,4,0.00012508315458826762,img_text_entropy
131,4,0.00031168410206757,img_text_entropy
132,4,0.0003197471534316035,img_text_entropy
133,4,6.13592434686685e-05,img_text_entropy
134,4,0.00018095076941052567,img_text_entropy
135,4,0.00016527386760248957,img_text_entropy
136,4,0.0003041570487415714,img_text_entropy
137,4,0.0002669343421009863,img_text_entropy
138,4,0.0002627091324278431,img_text_entropy
139,4,0.0002242168857426429,img_text_entropy
140,4,9.035767519615848e-05,img_text_entropy
141,4,5.614892055871426e-05,img_text_entropy
142,4,0.0001153440516121489,img_text_entropy
143,4,0.0001713620437206777,img_text_entropy
144,4,0.00011135666363122973,img_text_entropy
145,4,0.00016496203467838755,img_text_entropy
146,4,0.0002215016993641035,img_text_entropy
147,4,0.0002840841645842744,img_text_entropy
148,4,9.404916876087109e-05,img_text_entropy
149,4,9.26712641490266e-05,img_text_entropy
150,4,0.00027085333864564163,img_text_entropy
151,4,0.0001498742744928964,img_text_entropy
152,4,0.00023557034193705603,img_text_entropy
153,4,0.00017451019962891337,img_text_entropy
154,4,0.00027715175507512526,img_text_entropy
155,4,0.00028400331845199574,img_text_entropy
156,4,0.0002588557713595395,img_text_entropy
157,4,0.00012124782774295424,img_text_entropy
158,4,0.00014105683153211454,img_text_entropy
159,4,0.00021454145511347014,img_text_entropy
160,5,0.000827043294728223,img_text_entropy
161,5,0.00012169247779243666,img_text_entropy
162,5,0.00011964464906341545,img_text_entropy
163,5,0.00018726606569598203,img_text_entropy
164,5,0.0002595249065951536,img_text_entropy
165,5,0.0002747374026872411,img_text_entropy
166,5,9.673299636682102e-05,img_text_entropy
167,5,0.00011536074237392174,img_text_entropy
168,5,0.0002305188785559842,img_text_entropy
169,5,0.0004522486268116974,img_text_entropy
170,5,0.0003071267763519582,img_text_entropy
171,5,0.0005399126312025813,img_text_entropy
172,5,7.141390004892198e-05,img_text_entropy
173,5,0.00028881190253409394,img_text_entropy
174,5,0.0001861679127047815,img_text_entropy
175,5,3.392932184063149e-05,img_text_entropy
176,5,0.0004262365273744915,img_text_entropy
177,5,0.00022417478674155921,img_text_entropy
178,5,0.0003179297609680307,img_text_entropy
179,5,0.000191582964920543,img_text_entropy
180,5,0.00025416000415663583,img_text_entropy
181,5,0.00014026084820807592,img_text_entropy
182,5,0.0002361716351036308,img_text_entropy
183,5,0.00010724100686974731,img_text_entropy
184,5,0.0002723482364772197,img_text_entropy
185,5,0.0001265157939672507,img_text_entropy
186,5,0.00029777229805611697,img_text_entropy
187,5,9.511935151995482e-05,img_text_entropy
188,5,0.00017320165297398613,img_text_entropy
189,5,0.00014510646876540764,img_text_entropy
190,5,0.00022385353249165956,img_text_entropy
191,5,0.00011516279017731822,img_text_entropy
192,6,0.0001607100174385404,img_text_entropy
193,6,0.0007561657307181652,img_text_entropy
194,6,0.00015304710204592042,img_text_entropy
195,6,0.0003632524857780692,img_text_entropy
196,6,0.0003586996259835072,img_text_entropy
197,6,0.000523863433970408,img_text_entropy
198,6,0.00011506651423798455,img_text_entropy
199,6,0.00011928520953319504,img_text_entropy
200,6,0.00016031584975892142,img_text_entropy
201,6,0.00011940524212769838,img_text_entropy
202,6,0.00026865190097243795,img_text_entropy
203,6,0.00025924425360918926,img_text_entropy
204,6,0.00023144937447790282,img_text_entropy
205,6,0.00040969444366971387,img_text_entropy
206,6,0.000408251280667521,img_text_entropy
207,6,0.0005130398001232557,img_text_entropy
208,6,9.509842602205981e-05,img_text_entropy
209,6,0.0013482522308836356,img_text_entropy
210,6,0.0005576740353720171,img_text_entropy
211,6,0.000428607196184263,img_text_entropy
212,6,0.00014114710005587995,img_text_entropy
213,6,0.00028618316893751125,img_text_entropy
214,6,0.0003048032978243687,img_text_entropy
215,6,0.0003740000312783513,img_text_entropy
216,6,0.00035436209544326787,img_text_entropy
217,6,0.00017973466715228432,img_text_entropy
218,6,0.0003345256302549704,img_text_entropy
219,6,0.0005023737651262205,img_text_entropy
220,6,0.0005191627466376438,img_text_entropy
221,6,0.00043932138521208446,img_text_entropy
222,6,9.453681975583121e-05,img_text_entropy
223,6,0.00018888166111599635,img_text_entropy
224,7,0.0003146172663062318,img_text_entropy
225,7,0.0004190631290924832,img_text_entropy
226,7,0.00017808692905141825,img_text_entropy
227,7,0.00013469740954223351,img_text_entropy
228,7,0.0002812556184777308,img_text_entropy
229,7,0.00034434473221194527,img_text_entropy
230,7,0.001479961542273971,img_text_entropy
231,7,0.00045620877472749195,img_text_entropy
232,7,0.0008899447038475969,img_text_entropy
233,7,0.0010175967966311891,img_text_entropy
234,7,0.00010169559209602437,img_text_entropy
235,7,0.000978266141521305,img_text_entropy
236,7,0.0002894215454348852,img_text_entropy
237,7,0.00029776267596237226,img_text_entropy
238,7,0.0007865565787972839,img_text_entropy
239,7,0.00018960126413663812,img_text_entropy
240,7,0.0006071145812716383,img_text_entropy
241,7,0.00034675665839695516,img_text_entropy
242,7,0.0009746792489822317,img_text_entropy
243,7,0.00041074575379268605,img_text_entropy
244,7,0.0002740125550397158,img_text_entropy
245,7,0.0005150851738240307,img_text_entropy
246,7,0.00041777330867970227,img_text_entropy
247,7,9.294362602417219e-05,img_text_entropy
248,7,0.000532076680591689,img_text_entropy
249,7,0.0009210137878447906,img_text_entropy
250,7,0.00017335845756615494,img_text_entropy
251,7,0.00019388915302288905,img_text_entropy
252,7,0.00021064881883350748,img_text_entropy
253,7,0.000438048263125706,img_text_entropy
254,7,0.0002522123523986475,img_text_entropy
255,7,0.0003648784707737132,img_text_entropy
256,8,0.0001833771300163248,img_text_entropy
257,8,0.0007549524525708992,img_text_entropy
258,8,0.000499853438017804,img_text_entropy
259,8,0.0006352599740481881,img_text_entropy
260,8,0.00023420476612885053,img_text_entropy
261,8,0.00037779924167686445,img_text_entropy
262,8,0.0014121715389640735,img_text_entropy
263,8,0.00036080706188325215,img_text_entropy
264,8,0.00028699027576035996,img_text_entropy
265,8,0.00039319062965366,img_text_entropy
266,8,0.0006115622116065754,img_text_entropy
267,8,0.001044810444293905,img_text_entropy
268,8,0.0002470063767357524,img_text_entropy
269,8,0.0007928152655501252,img_text_entropy
270,8,0.00026741514485966134,img_text_entropy
271,8,0.0005605102586894609,img_text_entropy
272,8,0.0008722955300113855,img_text_entropy
273,8,0.00047563780073788436,img_text_entropy
274,8,0.00016599484234732832,img_text_entropy
275,8,0.00021265557179704536,img_text_entropy
276,8,0.0003315708469054323,img_text_entropy
277,8,0.00042301981599169984,img_text_entropy
278,8,0.0006265704765543368,img_text_entropy
279,8,0.00036401000727281175,img_text_entropy
280,8,0.0006923269772854656,img_text_entropy
281,8,0.001844861481850303,img_text_entropy
282,8,0.00016322233529008102,img_text_entropy
283,8,0.0006603563483838251,img_text_entropy
284,8,0.0004988144582266954,img_text_entropy
285,8,0.0006661523794236461,img_text_entropy
286,8,0.0005660905192248736,img_text_entropy
287,8,0.00045977945764764645,img_text_entropy
288,9,0.00072674202536617,img_text_entropy
289,9,0.00034760557829784366,img_text_entropy
290,9,0.001630354055076057,img_text_entropy
291,9,0.00023137525104402454,img_text_entropy
292,9,0.0005249959693850228,img_text_entropy
293,9,0.0010754480607602325,img_text_entropy
294,9,0.0010873963238045947,img_text_entropy
295,9,0.000414142576124749,img_text_entropy
296,9,0.0005813397598149271,img_text_entropy
297,9,0.00045461417765211524,img_text_entropy
298,9,0.0010914984755224287,img_text_entropy
299,9,0.0003989564898867603,img_text_entropy
300,9,0.0005970231847650648,img_text_entropy
301,9,0.0005436183328679572,img_text_entropy
302,9,0.00021392894728389827,img_text_entropy
303,9,0.0004200735961599596,img_text_entropy
304,9,0.0010180134300434161,img_text_entropy
305,9,0.0005854175997693098,img_text_entropy
306,9,0.0012510809416924466,img_text_entropy
307,9,0.0005440113614727267,img_text_entropy
308,9,0.0006751197644846519,img_text_entropy
309,9,0.0006396867788497334,img_text_entropy
310,9,0.00022302517266004364,img_text_entropy
311,9,0.0005751602173477269,img_text_entropy
312,9,0.0005680660448660564,img_text_entropy
313,9,0.0006339811904646067,img_text_entropy
314,9,0.00014658098128338405,img_text_entropy
315,9,0.00020365845123414806,img_text_entropy
316,9,0.00032707662084241056,img_text_entropy
317,9,0.00023797056482939273,img_text_entropy
318,9,0.002067080686751328,img_text_entropy
319,9,0.0005755536567690833,img_text_entropy
320,10,0.0002054587142804155,img_text_entropy
321,10,0.000978085220762072,img_text_entropy
322,10,0.0005482201697549034,img_text_entropy
323,10,0.00057059045952288,img_text_entropy
324,10,0.0017427198152190878,img_text_entropy
325,10,0.0008529496376352158,img_text_entropy
326,10,0.0014051015805431764,img_text_entropy
327,10,0.00012748968829866982,img_text_entropy
328,10,0.0006551523385430901,img_text_entropy
329,10,0.0011491561168699778,img_text_entropy
330,10,0.001153987692165262,img_text_entropy
331,10,0.0009211188341351057,img_text_entropy
332,10,0.0004371687908479916,img_text_entropy
333,10,0.0005302955142432739,img_text_entropy
334,10,0.0005259550442752886,img_text_entropy
335,10,0.0008221557818304986,img_text_entropy
336,10,0.0003452873984720928,img_text_entropy
337,10,0.0003680582675544523,img_text_entropy
338,10,0.0005382952775998799,img_text_entropy
339,10,0.0006972108883211726,img_text_entropy
340,10,0.0006025717873996139,img_text_entropy
341,10,0.00044450678863541105,img_text_entropy
342,10,0.000842859325795991,img_text_entropy
343,10,0.00047544174142074577,img_text_entropy
344,10,0.00042168470143057386,img_text_entropy
345,10,0.0012311408725580223,img_text_entropy
346,10,0.0003021304282763848,img_text_entropy
347,10,0.0008585613993242378,img_text_entropy
348,10,0.0004703540891853788,img_text_entropy
349,10,0.0032221888565082154,img_text_entropy
350,10,0.0007159572969921808,img_text_entropy
351,10,0.00023366074024442187,img_text_entropy
352,11,0.0006794898700299162,img_text_entropy
353,11,0.0011224163241073982,img_text_entropy
354,11,0.0015477217077408717,img_text_entropy
355,11,0.00031968984448005593,img_text_entropy
356,11,0.0003982578668807929,img_text_entropy
357,11,0.0002503872934568136,img_text_entropy
358,11,0.001100938044567846,img_text_entropy
359,11,0.0014565908764789456,img_text_entropy
360,11,0.0007897204760540799,img_text_entropy
361,11,0.0007906640408823403,img_text_entropy
362,11,0.00026739625926939836,img_text_entropy
363,11,0.0008158666210436714,img_text_entropy
364,11,0.0004200336740747549,img_text_entropy
365,11,0.0003057546557440545,img_text_entropy
366,11,0.003327511290141554,img_text_entropy
367,11,0.001454961771350914,img_text_entropy
368,11,0.0005405935865163483,img_text_entropy
369,11,0.0035619297902535975,img_text_entropy
370,11,0.0005247600228765162,img_text_entropy
371,11,0.00209361446360955,img_text_entropy
372,11,0.0004946372184754168,img_text_entropy
373,11,0.0005346735962971612,img_text_entropy
374,11,0.0018935402323877592,img_text_entropy
375,11,0.00020036638265780914,img_text_entropy
376,11,0.0010388649532761863,img_text_entropy
377,11,0.0006012180432518824,img_text_entropy
378,11,0.0015732893709581878,img_text_entropy
379,11,0.0010631946679519155,img_text_entropy
380,11,0.0009843102783313334,img_text_entropy
381,11,0.0004901642151841494,img_text_entropy
382,11,0.0019205103830490407,img_text_entropy
383,11,0.0008445154445736116,img_text_entropy
384,12,0.0006910187322673925,img_text_entropy
385,12,0.0005426566156496782,img_text_entropy
386,12,0.0003551582117863513,img_text_entropy
387,12,0.0003580950222364782,img_text_entropy
388,12,0.0025044016942417507,img_text_entropy
389,12,0.0008192003764856605,img_text_entropy
390,12,0.0007406152752993192,img_text_entropy
391,12,0.00047788802726042123,img_text_entropy
392,12,0.00041066641621831027,img_text_entropy
393,12,0.0007427750536801143,img_text_entropy
394,12,0.0006893166892655014,img_text_entropy
395,12,0.0005912568117342542,img_text_entropy
396,12,0.00040302356687468746,img_text_entropy
397,12,0.0009770640968821622,img_text_entropy
398,12,0.0009196144227063426,img_text_entropy
399,12,0.0001588956532362846,img_text_entropy
400,12,0.0026201173249590765,img_text_entropy
401,12,0.00028050943742504353,img_text_entropy
402,12,0.00046859705978212924,img_text_entropy
403,12,0.000489619890493956,img_text_entropy
404,12,0.0006863832433670035,img_text_entropy
405,12,0.00044615504148393386,img_text_entropy
406,12,0.00043544600959452155,img_text_entropy
407,12,0.0004219648307301757,img_text_entropy
408,12,0.0006042707143595262,img_text_entropy
409,12,0.0018150713799109917,img_text_entropy
410,12,0.0004992245715531381,img_text_entropy
411,12,0.0010702289591370089,img_text_entropy
412,12,0.000822787146108836,img_text_entropy
413,12,0.00047051452781009175,img_text_entropy
414,12,0.000493005448527596,img_text_entropy
415,12,0.001004843362284651,img_text_entropy
416,13,0.001051138028486189,img_text_entropy
417,13,0.0002926356915558816,img_text_entropy
418,13,0.002331687996059904,img_text_entropy
419,13,0.000654569056216256,img_text_entropy
420,13,0.001712178269621438,img_text_entropy
421,13,0.0006342505074712924,img_text_entropy
422,13,0.0006077648859316146,img_text_entropy
423,13,0.00024108697482727178,img_text_entropy
424,13,0.001018124544677139,img_text_entropy
425,13,0.002280857705482042,img_text_entropy
426,13,0.0005559635346312594,img_text_entropy
427,13,0.0012107311256943697,img_text_entropy
428,13,0.0012293279024345738,img_text_entropy
429,13,0.0005134381451760026,img_text_entropy
430,13,0.0005077307684332307,img_text_entropy
431,13,0.0004442249101578334,img_text_entropy
432,13,0.0004789484245323531,img_text_entropy
433,13,0.0009972651423399606,img_text_entropy
434,13,0.0004159006300241829,img_text_entropy
435,13,0.00047431699028531617,img_text_entropy
436,13,0.00033404749090892275,img_text_entropy
437,13,0.0005773152073152692,img_text_entropy
438,13,0.000727529912602531,img_text_entropy
439,13,0.0013599754146951173,img_text_entropy
440,13,0.0006185666791256846,img_text_entropy
441,13,0.0005432938364318536,img_text_entropy
442,13,0.000493323955583299,img_text_entropy
443,13,0.00047322489694783616,img_text_entropy
444,13,0.0005460026972986835,img_text_entropy
445,13,0.0011492020075577593,img_text_entropy
446,13,0.0017920600511415656,img_text_entropy
447,13,0.0006718494333355502,img_text_entropy
448,14,0.0009317757728876799,img_text_entropy
449,14,0.000638657559820199,img_text_entropy
450,14,0.0026403090380236255,img_text_entropy
451,14,0.0030315485511130105,img_text_entropy
452,14,0.0012790448639906627,img_text_entropy
453,14,0.00112223864094086,img_text_entropy
454,14,0.0004520182465210119,img_text_entropy
455,14,0.0024677030858358488,img_text_entropy
456,14,0.00047096215351977817,img_text_entropy
457,14,0.003103643787363215,img_text_entropy
458,14,0.00046365214803178475,img_text_entropy
459,14,0.0013753611307148704,img_text_entropy
460,14,0.002303604645849717,img_text_entropy
461,14,0.00247756577696814,img_text_entropy
462,14,0.0010096082249956043,img_text_entropy
463,14,0.0011181454806310136,img_text_entropy
464,14,0.0011183578954919433,img_text_entropy
465,14,0.0004904675845299321,img_text_entropy
466,14,0.002887848859405168,img_text_entropy
467,14,0.0027071293415438114,img_text_entropy
468,14,0.0018272131607268694,img_text_entropy
469,14,0.00044155360808349606,img_text_entropy
470,14,0.0008082004798852558,img_text_entropy
471,14,0.000710114487671471,img_text_entropy
472,14,0.003460217454585669,img_text_entropy
473,14,0.0005911266064198456,img_text_entropy
474,14,0.0034162516455332756,img_text_entropy
475,14,0.002944123608518844,img_text_entropy
476,14,0.0003049009589977373,img_text_entropy
477,14,0.003490022952907421,img_text_entropy
478,14,0.0008315364659043119,img_text_entropy
479,14,0.000765791548337818,img_text_entropy
480,15,0.000568013241440799,img_text_entropy
481,15,0.00045703390156055237,img_text_entropy
482,15,0.0004965377740445283,img_text_entropy
483,15,0.0006815999906198304,img_text_entropy
484,15,0.00045053260358181795,img_text_entropy
485,15,0.001623757574158133,img_text_entropy
486,15,0.00048271428190054785,img_text_entropy
487,15,0.0009634353314229087,img_text_entropy
488,15,0.0006846553314379644,img_text_entropy
489,15,0.001120564140556077,img_text_entropy
490,15,0.0013914958680078674,img_text_entropy
491,15,0.00010255429222157958,img_text_entropy
492,15,0.0021088199085784595,img_text_entropy
493,15,0.0005714295166644058,img_text_entropy
494,15,0.0021844962499755777,img_text_entropy
495,15,0.00018597158092187836,img_text_entropy
496,15,0.0009244658557093036,img_text_entropy
497,15,0.000395145531128157,img_text_entropy
498,15,0.0002979237743146688,img_text_entropy
499,15,0.001239247891616556,img_text_entropy
500,15,0.00036572365587719547,img_text_entropy
501,15,0.0006823202951637402,img_text_entropy
502,15,0.0011940796674456851,img_text_entropy
503,15,0.0008111477534307673,img_text_entropy
504,15,0.0017468059646384587,img_text_entropy
505,15,0.0010071428311467017,img_text_entropy
506,15,0.0007510107020938454,img_text_entropy
507,15,0.0007559073966237073,img_text_entropy
508,15,0.0007703641651476478,img_text_entropy
509,15,0.001218088216144325,img_text_entropy
510,15,0.0009011181969034139,img_text_entropy
511,15,0.001108374731371447,img_text_entropy
512,16,0.00028411721899736204,img_text_entropy
513,16,0.0006520348856329201,img_text_entropy
514,16,0.0023207324267906456,img_text_entropy
515,16,0.0011224608610854718,img_text_entropy
516,16,0.0018989939119442268,img_text_entropy
517,16,0.002390489459952686,img_text_entropy
518,16,0.0006245628607332924,img_text_entropy
519,16,0.0009956101874604797,img_text_entropy
520,16,0.0005856248494584875,img_text_entropy
521,16,0.001707723875743183,img_text_entropy
522,16,0.0006426108481239766,img_text_entropy
523,16,0.0011288701742931781,img_text_entropy
524,16,0.0008477919439640085,img_text_entropy
525,16,0.0012654890536056096,img_text_entropy
526,16,0.0007525199489468969,img_text_entropy
527,16,0.0011001624467354147,img_text_entropy
528,16,0.0010608566074264726,img_text_entropy
529,16,0.0015196002551251138,img_text_entropy
530,16,0.000741325000257483,img_text_entropy
531,16,0.002154101247400867,img_text_entropy
532,16,0.0008002451763545594,img_text_entropy
533,16,0.00036650556331890545,img_text_entropy
534,16,0.0009870020990335308,img_text_entropy
535,16,0.0002876868174935635,img_text_entropy
536,16,0.0010724821678473665,img_text_entropy
537,16,0.0013838294962198153,img_text_entropy
538,16,0.0003118458666530904,img_text_entropy
539,16,0.0017406330069856773,img_text_entropy
540,16,0.0001738046722009135,img_text_entropy
541,16,0.0005352615575215776,img_text_entropy
542,16,0.0010936626327203037,img_text_entropy
543,16,0.0012299457739462383,img_text_entropy
544,17,0.0017586084325772818,img_text_entropy
545,17,0.0008641185238118617,img_text_entropy
546,17,0.0008723593544210762,img_text_entropy
547,17,0.0006066751351900858,img_text_entropy
548,17,0.0005410583945619633,img_text_entropy
549,17,0.0008247738574606141,img_text_entropy
550,17,0.0006644477201885832,img_text_entropy
551,17,0.0006002631229617136,img_text_entropy
552,17,0.0008537374468275856,img_text_entropy
553,17,0.002285102293747474,img_text_entropy
554,17,0.002663381687376368,img_text_entropy
555,17,0.0023710909330293237,img_text_entropy
556,17,0.0007158038622142376,img_text_entropy
557,17,0.002624488176107632,img_text_entropy
558,17,0.000837943588763347,img_text_entropy
559,17,0.0009380450717516333,img_text_entropy
560,17,0.0009528744992505918,img_text_entropy
561,17,0.0010083086586154281,img_text_entropy
562,17,0.0030816403226306874,img_text_entropy
563,17,0.0008246854093536217,img_text_entropy
564,17,0.0005602230647301497,img_text_entropy
565,17,0.0008381923083004084,img_text_entropy
566,17,0.0026166205459550594,img_text_entropy
567,17,0.0005111908609276545,img_text_entropy
568,17,0.0006360459012972775,img_text_entropy
569,17,0.0004096070943483897,img_text_entropy
570,17,0.0004194911305642834,img_text_entropy
571,17,0.00104913417637555,img_text_entropy
572,17,0.001001919281623032,img_text_entropy
573,17,0.0007047228348448427,img_text_entropy
574,17,0.002956246441181196,img_text_entropy
575,17,0.001740004288046394,img_text_entropy
576,18,0.0006068260762053407,img_text_entropy
577,18,0.0009976806569752677,img_text_entropy
578,18,0.0008935026191257875,img_text_entropy
579,18,0.00037113372882430505,img_text_entropy
580,18,0.0005890843038561973,img_text_entropy
581,18,0.0010960014339573471,img_text_entropy
582,18,0.0007248385041400545,img_text_entropy
583,18,0.0008581372387213598,img_text_entropy
584,18,0.0004244978715358176,img_text_entropy
585,18,0.0009217197586157608,img_text_entropy
586,18,0.002914964817116461,img_text_entropy
587,18,0.00029644287659668104,img_text_entropy
588,18,0.0009708651393147072,img_text_entropy
589,18,0.0008797109564547559,img_text_entropy
590,18,0.0007409390549113125,img_text_entropy
591,18,0.0012397068235832686,img_text_entropy
592,18,0.0010905687367839224,img_text_entropy
593,18,0.0005791841744687868,img_text_entropy
594,18,0.0011542332763617663,img_text_entropy
595,18,0.00044425571326071916,img_text_entropy
596,18,0.001193194271500302,img_text_entropy
597,18,0.0007855417081681362,img_text_entropy
598,18,0.0005996579876098356,img_text_entropy
599,18,0.001592354646212089,img_text_entropy
600,18,0.0005720450930039164,img_text_entropy
601,18,0.0004920801458622304,img_text_entropy
602,18,0.0008987070251321019,img_text_entropy
603,18,0.0007019078923898894,img_text_entropy
604,18,0.000969103725719499,img_text_entropy
605,18,0.0004177956966317362,img_text_entropy
606,18,0.0016162658829702047,img_text_entropy
607,18,0.0026351781510744582,img_text_entropy
608,19,0.0008417269320849544,img_text_entropy
609,19,0.00047016072050411314,img_text_entropy
610,19,0.001194595648920385,img_text_entropy
611,19,0.00022698872146108888,img_text_entropy
612,19,0.0018452988367961562,img_text_entropy
613,19,0.00108746420378848,img_text_entropy
614,19,0.002906524146801085,img_text_entropy
615,19,0.0011007821922804995,img_text_entropy
616,19,0.001455752569716754,img_text_entropy
617,19,0.002271172150518564,img_text_entropy
618,19,0.0023143657920686057,img_text_entropy
619,19,0.0004842915494108303,img_text_entropy
620,19,0.0012423248524631447,img_text_entropy
621,19,0.0005882279919595083,img_text_entropy
622,19,0.0013352327668946973,img_text_entropy
623,19,0.0015527637910037859,img_text_entropy
624,19,0.0012748548171263568,img_text_entropy
625,19,0.00042235990485440183,img_text_entropy
626,19,0.0008297987015188347,img_text_entropy
627,19,0.0017220765653146158,img_text_entropy
628,19,0.0006214533038833697,img_text_entropy
629,19,0.0005556336197714026,img_text_entropy
630,19,0.000525741330040295,img_text_entropy
631,19,0.0005076626251271804,img_text_entropy
632,19,0.0004462278258103662,img_text_entropy
633,19,0.0012012745646521222,img_text_entropy
634,19,0.00040632721768973874,img_text_entropy
635,19,0.0013581267719585636,img_text_entropy
636,19,0.0005867496129014735,img_text_entropy
637,19,0.0004685022216378947,img_text_entropy
638,19,0.0004974111723546671,img_text_entropy
639,19,0.002217289775048619,img_text_entropy
640,20,0.002448661692982916,img_text_entropy
641,20,0.0017906411621819369,img_text_entropy
642,20,0.0009679714202265938,img_text_entropy
643,20,0.001979722265111514,img_text_entropy
644,20,0.0007733469031043077,img_text_entropy
645,20,0.00212274945971671,img_text_entropy
646,20,0.0006658666954580873,img_text_entropy
647,20,0.000869356352867318,img_text_entropy
648,20,0.0006828415461177364,img_text_entropy
649,20,0.0007284147060344829,img_text_entropy
650,20,0.0023076528052356944,img_text_entropy
651,20,0.0024487233950099964,img_text_entropy
652,20,0.001972368457102446,img_text_entropy
653,20,0.0013056450976429317,img_text_entropy
654,20,0.000989241183411745,img_text_entropy
655,20,0.000645817731372052,img_text_entropy
656,20,0.0005595573788188574,img_text_entropy
657,20,0.00178450442534567,img_text_entropy
658,20,0.0012144016505402492,img_text_entropy
659,20,0.000760381766969396,img_text_entropy
660,20,0.0012342239323517741,img_text_entropy
661,20,0.0004908127216301021,img_text_entropy
662,20,0.00043630353150146174,img_text_entropy
663,20,0.0004375188552858711,img_text_entropy
664,20,0.000526702915264109,img_text_entropy
665,20,0.0009433677053088214,img_text_entropy
666,20,0.0005428454660192678,img_text_entropy
667,20,0.0019707712393286694,img_text_entropy
668,20,0.0017365721852612987,img_text_entropy
669,20,0.0022883028106934935,img_text_entropy
670,20,0.001598848967761186,img_text_entropy
671,20,0.0006989760710555777,img_text_entropy
672,21,0.000446488003299772,img_text_entropy
673,21,0.001639601992989548,img_text_entropy
674,21,0.0005998569071316626,img_text_entropy
675,21,0.0003953547226755978,img_text_entropy
676,21,0.0013079195956580906,img_text_entropy
677,21,0.0013177862971400103,img_text_entropy
678,21,0.000551177720841188,img_text_entropy
679,21,0.0007096127136196669,img_text_entropy
680,21,0.0006548670944812394,img_text_entropy
681,21,0.0019762499222361757,img_text_entropy
682,21,0.0018291053831107815,img_text_entropy
683,21,0.00041827707503628116,img_text_entropy
684,21,0.0003665673712120394,img_text_entropy
685,21,0.0019280430826629903,img_text_entropy
686,21,0.0009741344730574495,img_text_entropy
687,21,0.00032178420117736625,img_text_entropy
688,21,0.0024185210337657644,img_text_entropy
689,21,0.0007126415452200581,img_text_entropy
690,21,0.000329023130454898,img_text_entropy
691,21,0.0005416535295039093,img_text_entropy
692,21,0.000688586982505374,img_text_entropy
693,21,0.00040446976480807323,img_text_entropy
694,21,0.0007415287125082746,img_text_entropy
695,21,0.0010099357534599563,img_text_entropy
696,21,0.000524376320635065,img_text_entropy
697,21,0.0011161874624581896,img_text_entropy
698,21,0.0017426573819246793,img_text_entropy
699,21,0.00043422784532763615,img_text_entropy
700,21,0.002117889488540175,img_text_entropy
701,21,0.001637433750677658,img_text_entropy
702,21,0.0023409861919573356,img_text_entropy
703,21,0.001787767058621318,img_text_entropy
704,22,0.00041336246263871864,img_text_entropy
705,22,0.0002904918933223443,img_text_entropy
706,22,0.0005990152120476386,img_text_entropy
707,22,0.0007477960769075821,img_text_entropy
708,22,0.0013646146490951475,img_text_entropy
709,22,0.0005915633169184056,img_text_entropy
710,22,0.0006766319014294514,img_text_entropy
711,22,0.0011962136682789296,img_text_entropy
712,22,0.0010456291387278872,img_text_entropy
713,22,0.001525662675864347,img_text_entropy
714,22,0.00021333209074384025,img_text_entropy
715,22,0.0014512706817370643,img_text_entropy
716,22,0.0007257161825508525,img_text_entropy
717,22,0.0005461079072548173,img_text_entropy
718,22,0.0009305326769859634,img_text_entropy
719,22,0.00045162470963041256,img_text_entropy
720,22,0.0022058863507978615,img_text_entropy
721,22,0.0021674428537184604,img_text_entropy
722,22,0.000358350198093242,img_text_entropy
723,22,0.0020304048127373865,img_text_entropy
724,22,0.0003822966692162642,img_text_entropy
725,22,0.0005849529072087402,img_text_entropy
726,22,0.002033692855997795,img_text_entropy
727,22,0.000575983880620179,img_text_entropy
728,22,0.001699305450963327,img_text_entropy
729,22,0.0012480144025056859,img_text_entropy
730,22,0.0013173803319397601,img_text_entropy
731,22,0.0017800240816054445,img_text_entropy
732,22,0.0006744444137205253,img_text_entropy
733,22,0.00034168669949719336,img_text_entropy
734,22,0.002604853150789288,img_text_entropy
735,22,0.0010722693507072116,img_text_entropy
736,23,0.0012629928753337132,img_text_entropy
737,23,0.0006602913794774842,img_text_entropy
738,23,0.0005631634133204609,img_text_entropy
739,23,0.000639452478111397,img_text_entropy
740,23,0.000982206536104978,img_text_entropy
741,23,0.0004669742592674913,img_text_entropy
742,23,0.0003950543859673084,img_text_entropy
743,23,0.0012873913079421043,img_text_entropy
744,23,0.0013230759687268994,img_text_entropy
745,23,0.001223938213056448,img_text_entropy
746,23,0.0008866595290299846,img_text_entropy
747,23,0.0004851910005530916,img_text_entropy
748,23,0.0006317657802062922,img_text_entropy
749,23,0.0004956221316241635,img_text_entropy
750,23,0.0005276616549819169,img_text_entropy
751,23,0.00028463286530375914,img_text_entropy
752,23,0.0010958681936843048,img_text_entropy
753,23,0.0009187447834907897,img_text_entropy
754,23,0.0006600712200851668,img_text_entropy
755,23,0.000419276798710796,img_text_entropy
756,23,0.0021323626106799485,img_text_entropy
757,23,0.00036982035700839326,img_text_entropy
758,23,0.0004644855665265095,img_text_entropy
759,23,0.0004112824174382801,img_text_entropy
760,23,0.0004141081071719272,img_text_entropy
761,23,0.0004139398589636296,img_text_entropy
762,23,0.0006010025091218545,img_text_entropy
763,23,0.0008070248666947018,img_text_entropy
764,23,0.0004201873996952547,img_text_entropy
765,23,0.00035793896265161215,img_text_entropy
766,23,0.0001825484033468485,img_text_entropy
767,23,0.0017631986388896943,img_text_entropy
768,24,0.0004909728559956278,img_text_entropy
769,24,0.0023899364097939514,img_text_entropy
770,24,0.000368162906959638,img_text_entropy
771,24,0.0021190213130653267,img_text_entropy
772,24,0.0017246804180586276,img_text_entropy
773,24,0.001248525304758426,img_text_entropy
774,24,0.000852214837723844,img_text_entropy
775,24,0.0003998963558819382,img_text_entropy
776,24,0.0008293294255005574,img_text_entropy
777,24,0.0003526943906072153,img_text_entropy
778,24,0.0006673480944547704,img_text_entropy
779,24,0.0017740941621898218,img_text_entropy
780,24,0.00034636224598091507,img_text_entropy
781,24,0.0006849209380686343,img_text_entropy
782,24,0.0016998172899693913,img_text_entropy
783,24,0.001598681196155636,img_text_entropy
784,24,0.0018001181928407636,img_text_entropy
785,24,0.0008606991902597433,img_text_entropy
786,24,0.0010307227503196785,img_text_entropy
787,24,0.0007739205793051906,img_text_entropy
788,24,0.0008045782815533758,img_text_entropy
789,24,0.0004029170182548232,img_text_entropy
790,24,0.00042166624264202156,img_text_entropy
791,24,0.0009279560350164537,img_text_entropy
792,24,0.001363075503326895,img_text_entropy
793,24,0.00045089004072903675,img_text_entropy
794,24,0.00043769515521053116,img_text_entropy
795,24,0.00047128303598915986,img_text_entropy
796,24,0.00048056959811820435,img_text_entropy
797,24,0.0014155435828026176,img_text_entropy
798,24,0.002237459435900683,img_text_entropy
799,24,0.0005453237678461285,img_text_entropy
800,25,0.0019019197023691363,img_text_entropy
801,25,0.0002620139812975782,img_text_entropy
802,25,0.00040727943353732385,img_text_entropy
803,25,0.0022155540985174657,img_text_entropy
804,25,0.0005939629108644339,img_text_entropy
805,25,0.0009193371913718208,img_text_entropy
806,25,0.000458921290538097,img_text_entropy
807,25,0.0018319417450839233,img_text_entropy
808,25,0.00025340799188552465,img_text_entropy
809,25,0.0011451268669134278,img_text_entropy
810,25,0.00041448677297854786,img_text_entropy
811,25,0.0007134987103982849,img_text_entropy
812,25,0.00028556502694921504,img_text_entropy
813,25,0.0001774243481705894,img_text_entropy
814,25,0.00022420464193888503,img_text_entropy
815,25,0.00039052429769922763,img_text_entropy
816,25,0.0008549378222461906,img_text_entropy
817,25,0.0015210907177776896,img_text_entropy
818,25,0.00057513093229534,img_text_entropy
819,25,0.0004824371904904524,img_text_entropy
820,25,0.00025212925125605266,img_text_entropy
821,25,0.0015621100795457639,img_text_entropy
822,25,0.0014031485848581575,img_text_entropy
823,25,0.0007632248669693178,img_text_entropy
824,25,0.000673127620010083,img_text_entropy
825,25,0.0006286295851245824,img_text_entropy
826,25,0.0016283663982282713,img_text_entropy
827,25,0.0005318533691114069,img_text_entropy
828,25,0.001198748396660187,img_text_entropy
829,25,0.0004352420060011388,img_text_entropy
830,25,0.0005061624993367586,img_text_entropy
831,25,0.0006327419546799766,img_text_entropy
832,26,0.000361456863569652,img_text_entropy
833,26,0.0002993976147550705,img_text_entropy
834,26,0.000718034800023192,img_text_entropy
835,26,0.0009238402130164968,img_text_entropy
836,26,0.0009607971719686912,img_text_entropy
837,26,0.0005066692690176739,img_text_entropy
838,26,0.0007581030333507453,img_text_entropy
839,26,0.0006975622972567978,img_text_entropy
840,26,0.00048160769047289576,img_text_entropy
841,26,0.0010272214755171524,img_text_entropy
842,26,0.0009141508041609765,img_text_entropy
843,26,0.00035899120289076004,img_text_entropy
844,26,0.0011685264804714515,img_text_entropy
845,26,0.0009803066988687574,img_text_entropy
846,26,0.0016970932989851478,img_text_entropy
847,26,0.001303091187663937,img_text_entropy
848,26,0.00031278130703056025,img_text_entropy
849,26,0.0010631649758580098,img_text_entropy
850,26,0.0012844081023586649,img_text_entropy
851,26,0.0004586018921715385,img_text_entropy
852,26,0.0005149102448831281,img_text_entropy
853,26,0.0012367988442944318,img_text_entropy
854,26,0.000704036600163617,img_text_entropy
855,26,0.0013222035743542776,img_text_entropy
856,26,0.0021321595815367695,img_text_entropy
857,26,0.0023300951619375974,img_text_entropy
858,26,0.001192942736638171,img_text_entropy
859,26,0.0014801853237621564,img_text_entropy
860,26,0.0019164454840132274,img_text_entropy
861,26,0.0007690688953201724,img_text_entropy
862,26,0.00046442721155275096,img_text_entropy
863,26,0.0004000900288821191,img_text_entropy
864,27,0.000510043003967535,img_text_entropy
865,27,0.00031347594619892495,img_text_entropy
866,27,0.0009497303642698376,img_text_entropy
867,27,0.0005027659674673963,img_text_entropy
868,27,0.0012604026622273453,img_text_entropy
869,27,0.0003789500546588367,img_text_entropy
870,27,0.0007812802294372249,img_text_entropy
871,27,0.0005403592917748299,img_text_entropy
872,27,0.00047321531799120886,img_text_entropy
873,27,0.0005464520047313382,img_text_entropy
874,27,0.00028935007646612744,img_text_entropy
875,27,0.0005681246929547595,img_text_entropy
876,27,0.000374580632260893,img_text_entropy
877,27,0.0003944362623685233,img_text_entropy
878,27,0.000335252839620897,img_text_entropy
879,27,0.0008392567815558737,img_text_entropy
880,27,0.0011499483844170137,img_text_entropy
881,27,0.0012579867098984235,img_text_entropy
882,27,0.0006527465514824446,img_text_entropy
883,27,0.00022604540438674788,img_text_entropy
884,27,0.0005309505807112813,img_text_entropy
885,27,0.0003238491420140243,img_text_entropy
886,27,0.0004832998164781621,img_text_entropy
887,27,0.0006829645957209402,img_text_entropy
888,27,0.0006595384151033109,img_text_entropy
889,27,0.0005586302388738928,img_text_entropy
890,27,0.00036284159402773106,img_text_entropy
891,27,0.00021976560338746886,img_text_entropy
892,27,0.0005784655535491165,img_text_entropy
893,27,0.0005579339191190482,img_text_entropy
894,27,0.0006143723576772919,img_text_entropy
895,27,0.000743499437320234,img_text_entropy
896,28,0.000747757822426929,img_text_entropy
897,28,0.0004050589496163573,img_text_entropy
898,28,0.0005119223396781586,img_text_entropy
899,28,0.0004065516682117023,img_text_entropy
900,28,0.0003397493092031169,img_text_entropy
901,28,0.0005370298261683404,img_text_entropy
902,28,0.00044644986940451043,img_text_entropy
903,28,0.0017251070029103382,img_text_entropy
904,28,0.0003327280923235048,img_text_entropy
905,28,0.0009127572410435501,img_text_entropy
906,28,0.0011581538330883224,img_text_entropy
907,28,0.0003870630053151645,img_text_entropy
908,28,0.0005493815523454518,img_text_entropy
909,28,0.00047996570203440723,img_text_entropy
910,28,0.0018380966517876627,img_text_entropy
911,28,0.0005279473815694712,img_text_entropy
912,28,0.0007802278426106129,img_text_entropy
913,28,0.0004494748214725372,img_text_entropy
914,28,0.0006809465953373894,img_text_entropy
915,28,0.0003205365144096431,img_text_entropy
916,28,0.0012637412350051294,img_text_entropy
917,28,0.0003883522779797816,img_text_entropy
918,28,0.00047493721349079756,img_text_entropy
919,28,0.0020301535417965484,img_text_entropy
920,28,0.0004168600453842509,img_text_entropy
921,28,0.001173716470171257,img_text_entropy
922,28,0.0008267803662090674,img_text_entropy
923,28,0.00019742307794783442,img_text_entropy
924,28,0.0010338373136738648,img_text_entropy
925,28,0.0005179418701598824,img_text_entropy
926,28,0.0005033834072627816,img_text_entropy
927,28,0.0011453117852624679,img_text_entropy
928,29,0.00039080419086894074,img_text_entropy
929,29,0.0017943684875014057,img_text_entropy
930,29,0.0008812762214115795,img_text_entropy
931,29,0.0004919999661090294,img_text_entropy
932,29,0.00046598587748306774,img_text_entropy
933,29,0.001288329577269347,img_text_entropy
934,29,0.0005255593855974443,img_text_entropy
935,29,0.0007504105234006124,img_text_entropy
936,29,0.0004958042263494258,img_text_entropy
937,29,0.0014425043519341778,img_text_entropy
938,29,0.0016976233005483988,img_text_entropy
939,29,0.0005105824038997376,img_text_entropy
940,29,0.0004959301837578371,img_text_entropy
941,29,0.0019999911330710264,img_text_entropy
942,29,0.0010339837147657143,img_text_entropy
943,29,0.0003633775878958304,img_text_entropy
944,29,0.0006301927725312641,img_text_entropy
945,29,0.000668960187393618,img_text_entropy
946,29,0.0012850737342676064,img_text_entropy
947,29,0.002291437808374128,img_text_entropy
948,29,0.0006203179101011381,img_text_entropy
949,29,0.0016271604140824473,img_text_entropy
950,29,0.00043070176340513514,img_text_entropy
951,29,0.0012705755804731926,img_text_entropy
952,29,0.001060538054220019,img_text_entropy
953,29,0.00039487638885796726,img_text_entropy
954,29,0.0016586898739654086,img_text_entropy
955,29,0.00038616026056857483,img_text_entropy
956,29,0.0012021281871636002,img_text_entropy
957,29,0.0005700037956552332,img_text_entropy
958,29,0.0008962264749528069,img_text_entropy
959,29,0.0009518460437442506,img_text_entropy
960,30,0.00047960640380251154,img_text_entropy
961,30,0.0007135779891605833,img_text_entropy
962,30,0.0008980276154740733,img_text_entropy
963,30,0.0008643054485434366,img_text_entropy
964,30,0.0009173014269212512,img_text_entropy
965,30,0.0005554600234761517,img_text_entropy
966,30,0.00029112613782482843,img_text_entropy
967,30,0.000898040528570071,img_text_entropy
968,30,0.0008590987653469145,img_text_entropy
969,30,0.0008101269551004208,img_text_entropy
970,30,0.0005376915331314092,img_text_entropy
971,30,0.0006934243538172074,img_text_entropy
972,30,0.001164504421900516,img_text_entropy
973,30,0.002894009362880594,img_text_entropy
974,30,0.0018486671616809154,img_text_entropy
975,30,0.0008734022149497557,img_text_entropy
976,30,0.0007919843755341357,img_text_entropy
977,30,0.0008383047030029577,img_text_entropy
978,30,0.00043657444323429975,img_text_entropy
979,30,0.0005355869499345146,img_text_entropy
980,30,0.00031358058624363484,img_text_entropy
981,30,0.0008773147467762283,img_text_entropy
982,30,0.00043080092568259184,img_text_entropy
983,30,0.0003123348682202067,img_text_entropy
984,30,0.0008662649969964674,img_text_entropy
985,30,0.0008606002616257097,img_text_entropy
986,30,0.00042992410883081587,img_text_entropy
987,30,0.0014702835281615535,img_text_entropy
988,30,0.0007913735472070501,img_text_entropy
989,30,0.0005404291916411655,img_text_entropy
990,30,0.0004377668553545863,img_text_entropy
991,30,0.00017489174398768205,img_text_entropy
992,31,0.0013753923423976701,img_text_entropy
993,31,0.0006575118350635843,img_text_entropy
994,31,0.0014887115639930393,img_text_entropy
995,31,0.0006017412118826878,img_text_entropy
996,31,0.0001609409658075332,img_text_entropy
997,31,0.0005709615126941981,img_text_entropy
998,31,0.000938617124988881,img_text_entropy
999,31,0.0008751885022753832,img_text_entropy
1000,31,0.00042558428781634173,img_text_entropy
1001,31,0.0008510635675899478,img_text_entropy
1002,31,0.0007677102494443852,img_text_entropy
1003,31,0.0019168494920869298,img_text_entropy
1004,31,0.0008624235944346735,img_text_entropy
1005,31,0.0012270235337600147,img_text_entropy
1006,31,0.0009867833594036852,img_text_entropy
1007,31,0.0004303378007065594,img_text_entropy
1008,31,0.0018697692778222143,img_text_entropy
1009,31,0.0007330572387653826,img_text_entropy
1010,31,0.0007224240827915412,img_text_entropy
1011,31,0.000671797321447265,img_text_entropy
1012,31,0.0008936302469222705,img_text_entropy
1013,31,0.0006700978918797565,img_text_entropy
1014,31,0.0020654465141866515,img_text_entropy
1015,31,0.0010159208895809636,img_text_entropy
1016,31,0.0017135105736281514,img_text_entropy
1017,31,0.0014802433758201322,img_text_entropy
1018,31,0.0007127410449050358,img_text_entropy
1019,31,9.659659962477539e-05,img_text_entropy
1020,31,0.000881356722056207,img_text_entropy
1021,31,0.0007495346245924213,img_text_entropy
1022,31,0.001612422760523366,img_text_entropy
1023,31,0.00046692617468877917,img_text_entropy
0,0,0.003097589638541645,text_text_entropy
1,0,0.001954446130311631,text_text_entropy
2,0,0.000921047168109421,text_text_entropy
3,0,0.001864878467830119,text_text_entropy
4,0,0.002219461456721499,text_text_entropy
5,0,0.00199554101618803,text_text_entropy
6,0,0.0015064830885217237,text_text_entropy
7,0,0.0013743383038089352,text_text_entropy
8,0,0.003114612348427714,text_text_entropy
9,0,0.0020405587905468945,text_text_entropy
10,0,0.0020832516970748717,text_text_entropy
11,0,0.0018800214472731705,text_text_entropy
12,0,0.0026760002004692874,text_text_entropy
13,0,0.0005612112984779873,text_text_entropy
14,0,0.0012948771183357458,text_text_entropy
15,0,0.0027057647240072754,text_text_entropy
16,0,0.002452060080731564,text_text_entropy
17,0,0.0008267566511788168,text_text_entropy
18,0,0.00349338765452001,text_text_entropy
19,0,0.0029899716439141695,text_text_entropy
20,0,0.0016401100337860824,text_text_entropy
21,0,0.0011341659719306097,text_text_entropy
22,0,0.0013964015519163022,text_text_entropy
23,0,0.0020004161546229885,text_text_entropy
24,0,0.0019160967031909748,text_text_entropy
25,0,0.0032626180161064978,text_text_entropy
26,0,0.0036635348188994842,text_text_entropy
27,0,0.0012481116187725192,text_text_entropy
28,0,0.0014034728519399628,text_text_entropy
29,0,0.0027360838701930507,text_text_entropy
30,0,0.0015151180029865932,text_text_entropy
31,0,0.0007737293953690669,text_text_entropy
32,1,0.0037536909523699404,text_text_entropy
33,1,0.0036760434366884375,text_text_entropy
34,1,0.003018643408140069,text_text_entropy
35,1,0.002220456632701555,text_text_entropy
36,1,0.0027278805065664535,text_text_entropy
37,1,0.002103113979128284,text_text_entropy
38,1,0.004106932886373377,text_text_entropy
39,1,0.0032249795039509797,text_text_entropy
40,1,0.0008418724011988399,text_text_entropy
41,1,0.002562383602891649,text_text_entropy
42,1,0.003560672901931893,text_text_entropy
43,1,0.0007003814324644099,text_text_entropy
44,1,0.0023993222825485654,text_text_entropy
45,1,0.0024824749676856522,text_text_entropy
46,1,0.003217547473357561,text_text_entropy
47,1,0.004503357011980132,text_text_entropy
48,1,0.004072267766364716,text_text_entropy
49,1,0.001381783172096517,text_text_entropy
50,1,0.003433908257473134,text_text_entropy
51,1,0.004199856072539527,text_text_entropy
52,1,0.0013976760497952654,text_text_entropy
53,1,0.002413955773417327,text_text_entropy
54,1,0.004359958488499026,text_text_entropy
55,1,0.0023223069330402684,text_text_entropy
56,1,0.0042099199810945965,text_text_entropy
57,1,0.0030249522047928116,text_text_entropy
58,1,0.0017345143895694465,text_text_entropy
59,1,0.004631377396043359,text_text_entropy
60,1,0.0044037357814584975,text_text_entropy
61,1,0.0033337736294453053,text_text_entropy
62,1,0.0024586568495244265,text_text_entropy
63,1,0.0029986199624916963,text_text_entropy
64,2,0.0040233253275460444,text_text_entropy
65,2,0.00333386135239673,text_text_entropy
66,2,0.0045702432069412505,text_text_entropy
67,2,0.0027228416544835534,text_text_entropy
68,2,0.0033850902988172994,text_text_entropy
69,2,0.004298138806864467,text_text_entropy
70,2,0.0019593498551874495,text_text_entropy
71,2,0.0036284155302846455,text_text_entropy
72,2,0.00369937464896855,text_text_entropy
73,2,0.0029396729960412754,text_text_entropy
74,2,0.0030312308309589273,text_text_entropy
75,2,0.0040528181958234466,text_text_entropy
76,2,0.0037968069741106543,text_text_entropy
77,2,0.003994120493479803,text_text_entropy
78,2,0.003251170762770138,text_text_entropy
79,2,0.0032530399304802073,text_text_entropy
80,2,0.003941790979973863,text_text_entropy
81,2,0.004062362238795701,text_text_entropy
82,2,0.004379114530548371,text_text_entropy
83,2,0.004014480323995425,text_text_entropy
84,2,0.003904084728282134,text_text_entropy
85,2,0.0011828918635454454,text_text_entropy
86,2,0.0018765485041576276,text_text_entropy
87,2,0.0015895677410861836,text_text_entropy
88,2,0.004289550188083314,text_text_entropy
89,2,0.0022354986040401177,text_text_entropy
90,2,0.001716758076808021,text_text_entropy
91,2,0.003666394228931424,text_text_entropy
92,2,0.0033705159359041998,text_text_entropy
93,2,0.0036257124447689262,text_text_entropy
94,2,0.0043234604713799875,text_text_entropy
95,2,0.004086693507101749,text_text_entropy
96,3,0.0031604804878111498,text_text_entropy
97,3,0.002507223042657972,text_text_entropy
98,3,0.0038571716086199274,text_text_entropy
99,3,0.003445208528787466,text_text_entropy
100,3,0.0034835594112920566,text_text_entropy
101,3,0.0035530801390105033,text_text_entropy
102,3,0.0035106975460648133,text_text_entropy
103,3,0.0034185845686363955,text_text_entropy
104,3,0.0023673526010030677,text_text_entropy
105,3,0.0027786984546056812,text_text_entropy
106,3,0.004035239619930395,text_text_entropy
107,3,0.003393126534952934,text_text_entropy
108,3,0.0033040568198717257,text_text_entropy
109,3,0.0038956177837358033,text_text_entropy
110,3,0.0038067506612365666,text_text_entropy
111,3,0.004208263699377054,text_text_entropy
112,3,0.0039161572677405745,text_text_entropy
113,3,0.0017034920275506777,text_text_entropy
114,3,0.0027000629531860913,text_text_entropy
115,3,0.004294703733041791,text_text_entropy
116,3,0.003918834059922231,text_text_entropy
117,3,0.003064505411271633,text_text_entropy
118,3,0.003770485369264694,text_text_entropy
119,3,0.0038187845678536196,text_text_entropy
120,3,0.00407449480163314,text_text_entropy
121,3,0.0018418832743922775,text_text_entropy
122,3,0.004094234058581339,text_text_entropy
123,3,0.0014208707521996783,text_text_entropy
124,3,0.0030747446105878567,text_text_entropy
125,3,0.003025578243685889,text_text_entropy
126,3,0.002872590806215221,text_text_entropy
127,3,0.004041815579302604,text_text_entropy
128,4,0.004399643032006752,text_text_entropy
129,4,0.002357190478737383,text_text_entropy
130,4,0.0028794467117576944,text_text_entropy
131,4,0.004531731869098679,text_text_entropy
132,4,0.004280132028236204,text_text_entropy
133,4,0.0013020015504259228,text_text_entropy
134,4,0.003390407763300118,text_text_entropy
135,4,0.003952005337381955,text_text_entropy
136,4,0.0031436501205536435,text_text_entropy
137,4,0.0038896552531220755,text_text_entropy
138,4,0.003727237355886604,text_text_entropy
139,4,0.003106759640702231,text_text_entropy
140,4,0.0034597534877152916,text_text_entropy
141,4,0.0021735193700054027,text_text_entropy
142,4,0.003177370328714749,text_text_entropy
143,4,0.003186114683978729,text_text_entropy
144,4,0.003388431622097551,text_text_entropy
145,4,0.002459904597218073,text_text_entropy
146,4,0.003305985775095728,text_text_entropy
147,4,0.0035299444835034024,text_text_entropy
148,4,0.0020429356962202816,text_text_entropy
149,4,0.001977346496087703,text_text_entropy
150,4,0.003934004272173964,text_text_entropy
151,4,0.003057375724554748,text_text_entropy
152,4,0.0033419208883919077,text_text_entropy
153,4,0.0026541876214961446,text_text_entropy
154,4,0.0037312088402457724,text_text_entropy
155,4,0.003402306638308488,text_text_entropy
156,4,0.00341472884548719,text_text_entropy
157,4,0.002154208372514807,text_text_entropy
158,4,0.0033015589271614782,text_text_entropy
159,4,0.0033789047141722507,text_text_entropy
160,5,0.003806086302635295,text_text_entropy
161,5,0.0027873156164154042,text_text_entropy
162,5,0.002838235359663559,text_text_entropy
163,5,0.0026573499865841506,text_text_entropy
164,5,0.0032589637019413233,text_text_entropy
165,5,0.002302535614406831,text_text_entropy
166,5,0.002361187572017554,text_text_entropy
167,5,0.003541989513357501,text_text_entropy
168,5,0.0033618850639122975,text_text_entropy
169,5,0.0037849331249589506,text_text_entropy
170,5,0.0037371540485044066,text_text_entropy
171,5,0.003317027631155357,text_text_entropy
172,5,0.0016172593189465903,text_text_entropy
173,5,0.0035097217168096597,text_text_entropy
174,5,0.002600518979429343,text_text_entropy
175,5,0.004956457346729472,text_text_entropy
176,5,0.004051756286085715,text_text_entropy
177,5,0.0033941682826753136,text_text_entropy
178,5,0.0037976717692837047,text_text_entropy
179,5,0.003123427976020103,text_text_entropy
180,5,0.0026615851917760553,text_text_entropy
181,5,0.0038531380645107525,text_text_entropy
182,5,0.002875650466848234,text_text_entropy
183,5,0.0026960096722463177,text_text_entropy
184,5,0.003557343978712103,text_text_entropy
185,5,0.0023550728694823157,text_text_entropy
186,5,0.0033511507500603136,text_text_entropy
187,5,0.001656363557799056,text_text_entropy
188,5,0.004048342256283723,text_text_entropy
189,5,0.002994784796881298,text_text_entropy
190,5,0.003537630038986113,text_text_entropy
191,5,0.0017873774378282276,text_text_entropy
192,6,0.002764041524537183,text_text_entropy
193,6,0.001973694946701382,text_text_entropy
194,6,0.00264395001574112,text_text_entropy
195,6,0.003200091975949891,text_text_entropy
196,6,0.00288643867633545,text_text_entropy
197,6,0.004391084879246899,text_text_entropy
198,6,0.0023045284590488078,text_text_entropy
199,6,0.002256510390857279,text_text_entropy
200,6,0.0018297267065633942,text_text_entropy
201,6,0.004310407284300211,text_text_entropy
202,6,0.003964065182451773,text_text_entropy
203,6,0.004335506118598372,text_text_entropy
204,6,0.004359979970361437,text_text_entropy
205,6,0.002074941741915496,text_text_entropy
206,6,0.004203226381916283,text_text_entropy
207,6,0.002775749218338858,text_text_entropy
208,6,0.003871794918938687,text_text_entropy
209,6,0.0034175346090442463,text_text_entropy
210,6,0.0027236710652994295,text_text_entropy
211,6,0.0038271004205019496,text_text_entropy
212,6,0.0036490646638913113,text_text_entropy
213,6,0.0030952800545647296,text_text_entropy
214,6,0.003470354111698756,text_text_entropy
215,6,0.003547935793652815,text_text_entropy
216,6,0.0036550027855691827,text_text_entropy
217,6,0.002576333501227608,text_text_entropy
218,6,0.003587339936381061,text_text_entropy
219,6,0.004153369213584802,text_text_entropy
220,6,0.0032632560641750828,text_text_entropy
221,6,0.003149516882898088,text_text_entropy
222,6,0.003919016822381682,text_text_entropy
223,6,0.0033402794331592357,text_text_entropy
224,7,0.003348792258050839,text_text_entropy
225,7,0.004030371375281638,text_text_entropy
226,7,0.002769550784972038,text_text_entropy
227,7,0.0023796658398964935,text_text_entropy
228,7,0.004188261792030651,text_text_entropy
229,7,0.0024175496848982516,text_text_entropy
230,7,0.004383554453149592,text_text_entropy
231,7,0.003651651755571022,text_text_entropy
232,7,0.0032017932104394585,text_text_entropy
233,7,0.004611388064385041,text_text_entropy
234,7,0.0028785758834516608,text_text_entropy
235,7,0.003407364538247462,text_text_entropy
236,7,0.003845795708650569,text_text_entropy
237,7,0.004051551164107608,text_text_entropy
238,7,0.0026501363193949545,text_text_entropy
239,7,0.0024585824545721273,text_text_entropy
240,7,0.0036885751122074264,text_text_entropy
241,7,0.0032421172087392074,text_text_entropy
242,7,0.003837310167785614,text_text_entropy
243,7,0.003887991509334769,text_text_entropy
244,7,0.001665873208576214,text_text_entropy
245,7,0.002612324477073019,text_text_entropy
246,7,0.0033313020684180394,text_text_entropy
247,7,0.0026847117494702565,text_text_entropy
248,7,0.0038487543053743025,text_text_entropy
249,7,0.003178212521879156,text_text_entropy
250,7,0.0028568459240022573,text_text_entropy
251,7,0.002960333405547846,text_text_entropy
252,7,0.003864521064445841,text_text_entropy
253,7,0.0034043777288088745,text_text_entropy
254,7,0.0030349475942356464,text_text_entropy
255,7,0.00314765976050616,text_text_entropy
256,8,0.0040695181216671966,text_text_entropy
257,8,0.003857596761582168,text_text_entropy
258,8,0.003115483391529798,text_text_entropy
259,8,0.002634949176997246,text_text_entropy
260,8,0.003269979847607816,text_text_entropy
261,8,0.0032442846949975387,text_text_entropy
262,8,0.0033823973847717536,text_text_entropy
263,8,0.0030958208406619307,text_text_entropy
264,8,0.0032505994107344814,text_text_entropy
265,8,0.0030398719535495835,text_text_entropy
266,8,0.003788153838797447,text_text_entropy
267,8,0.003776400776800716,text_text_entropy
268,8,0.003379217572538562,text_text_entropy
269,8,0.003536937573234379,text_text_entropy
270,8,0.0033413078459182317,text_text_entropy
271,8,0.004452043517855314,text_text_entropy
272,8,0.00399963278706846,text_text_entropy
273,8,0.002665142907475541,text_text_entropy
274,8,0.0026552772101725293,text_text_entropy
275,8,0.0027453158515665047,text_text_entropy
276,8,0.0031900909838182955,text_text_entropy
277,8,0.004415869520504699,text_text_entropy
278,8,0.0034446443569373783,text_text_entropy
279,8,0.0026365576103614067,text_text_entropy
280,8,0.0026963526765170676,text_text_entropy
281,8,0.004103105060909425,text_text_entropy
282,8,0.004027690414568056,text_text_entropy
283,8,0.003584969397581137,text_text_entropy
284,8,0.0016485343844712692,text_text_entropy
285,8,0.003781050198764949,text_text_entropy
286,8,0.003295235945907426,text_text_entropy
287,8,0.003209917978378362,text_text_entropy
288,9,0.0016239440618165653,text_text_entropy
289,9,0.0037263964658990826,text_text_entropy
290,9,0.0036974510204289884,text_text_entropy
291,9,0.002948576756261368,text_text_entropy
292,9,0.003891088764911569,text_text_entropy
293,9,0.0037096392774630263,text_text_entropy
294,9,0.003759550533865427,text_text_entropy
295,9,0.0032716602857770466,text_text_entropy
296,9,0.003966088495331033,text_text_entropy
297,9,0.003306953405442085,text_text_entropy
298,9,0.002923072749343477,text_text_entropy
299,9,0.00400763459369116,text_text_entropy
300,9,0.002612089656094137,text_text_entropy
301,9,0.004180082513491109,text_text_entropy
302,9,0.0034598733333678694,text_text_entropy
303,9,0.0033749128510652954,text_text_entropy
304,9,0.004754172903006447,text_text_entropy
305,9,0.003132330209774293,text_text_entropy
306,9,0.0031184172371341856,text_text_entropy
307,9,0.0037026134561193393,text_text_entropy
308,9,0.0032133778498482798,text_text_entropy
309,9,0.0031162643071028476,text_text_entropy
310,9,0.002432561953516576,text_text_entropy
311,9,0.003354629419181123,text_text_entropy
312,9,0.003796383994595364,text_text_entropy
313,9,0.0033928585178574612,text_text_entropy
314,9,0.001629726386141348,text_text_entropy
315,9,0.004633744918051394,text_text_entropy
316,9,0.0035577925466294355,text_text_entropy
317,9,0.0024869897414091834,text_text_entropy
318,9,0.0028806035034224103,text_text_entropy
319,9,0.003882599549800109,text_text_entropy
320,10,0.0024968693289825323,text_text_entropy
321,10,0.005098893580497982,text_text_entropy
322,10,0.0033113914263501456,text_text_entropy
323,10,0.004113194478810459,text_text_entropy
324,10,0.002672877228508809,text_text_entropy
325,10,0.003741186274411106,text_text_entropy
326,10,0.003477482103845386,text_text_entropy
327,10,0.002136725989076392,text_text_entropy
328,10,0.0031891182943032,text_text_entropy
329,10,0.003589161820528373,text_text_entropy
330,10,0.003134046676276565,text_text_entropy
331,10,0.002968822716479606,text_text_entropy
332,10,0.0031098232100901482,text_text_entropy
333,10,0.0038163410092176505,text_text_entropy
334,10,0.004178158514823235,text_text_entropy
335,10,0.002075156904429945,text_text_entropy
336,10,0.002596333084412382,text_text_entropy
337,10,0.004087865439896673,text_text_entropy
338,10,0.0034681459175499784,text_text_entropy
339,10,0.0025486173196369926,text_text_entropy
340,10,0.003450140787306146,text_text_entropy
341,10,0.003247386953675331,text_text_entropy
342,10,0.0037588690966738813,text_text_entropy
343,10,0.003082611915015224,text_text_entropy
344,10,0.0033842980378532388,text_text_entropy
345,10,0.004293097781596266,text_text_entropy
346,10,0.003009863074634646,text_text_entropy
347,10,0.0034585907334108972,text_text_entropy
348,10,0.0035391034867935786,text_text_entropy
349,10,0.003229969436266714,text_text_entropy
350,10,0.003088977361069881,text_text_entropy
351,10,0.0031335558075760643,text_text_entropy
352,11,0.0033745850617846623,text_text_entropy
353,11,0.0020674603891315487,text_text_entropy
354,11,0.004167241988511049,text_text_entropy
355,11,0.002951563601423082,text_text_entropy
356,11,0.003598867378793512,text_text_entropy
357,11,0.002054251334426741,text_text_entropy
358,11,0.004538673855917082,text_text_entropy
359,11,0.003361548988501441,text_text_entropy
360,11,0.0029818649970592775,text_text_entropy
361,11,0.002368042120885942,text_text_entropy
362,11,0.003701096225994925,text_text_entropy
363,11,0.0031864043406539355,text_text_entropy
364,11,0.0036383748347872734,text_text_entropy
365,11,0.0027073170475721818,text_text_entropy
366,11,0.0029682484520718445,text_text_entropy
367,11,0.003489071132542721,text_text_entropy
368,11,0.0037975630502229407,text_text_entropy
369,11,0.0033521669919807013,text_text_entropy
370,11,0.0038691279134983807,text_text_entropy
371,11,0.003128707873848334,text_text_entropy
372,11,0.0032044072882922493,text_text_entropy
373,11,0.004154780101878612,text_text_entropy
374,11,0.0033677701223418584,text_text_entropy
375,11,0.0017985758063330502,text_text_entropy
376,11,0.003125568091209476,text_text_entropy
377,11,0.003423457136264924,text_text_entropy
378,11,0.002910193987029691,text_text_entropy
379,11,0.003900793717398544,text_text_entropy
380,11,0.0024503788681867035,text_text_entropy
381,11,0.0031670510161054943,text_text_entropy
382,11,0.003450986405899752,text_text_entropy
383,11,0.0030548895448319897,text_text_entropy
384,12,0.0036578916302216877,text_text_entropy
385,12,0.0036200648060994924,text_text_entropy
386,12,0.003554147998371462,text_text_entropy
387,12,0.0033533722197063203,text_text_entropy
388,12,0.0032029017600024843,text_text_entropy
389,12,0.0034433462947569527,text_text_entropy
390,12,0.0034542861042664145,text_text_entropy
391,12,0.0038996153247988132,text_text_entropy
392,12,0.003019044655401829,text_text_entropy
393,12,0.0033378903955528553,text_text_entropy
394,12,0.0035036548875334904,text_text_entropy
395,12,0.002993416275048079,text_text_entropy
396,12,0.003201053779308564,text_text_entropy
397,12,0.003130523404471935,text_text_entropy
398,12,0.0029904483798132964,text_text_entropy
399,12,0.003237743773042142,text_text_entropy
400,12,0.0035005495509308013,text_text_entropy
401,12,0.002006433362263472,text_text_entropy
402,12,0.0035762790319163345,text_text_entropy
403,12,0.0038540747365541084,text_text_entropy
404,12,0.003934737355132364,text_text_entropy
405,12,0.003449279808057336,text_text_entropy
406,12,0.0032381097423944028,text_text_entropy
407,12,0.003529271165781882,text_text_entropy
408,12,0.0039437589351671845,text_text_entropy
409,12,0.003348671418699776,text_text_entropy
410,12,0.004507052867721073,text_text_entropy
411,12,0.003812279146338578,text_text_entropy
412,12,0.0035131060568489897,text_text_entropy
413,12,0.003782521103643874,text_text_entropy
414,12,0.002695267220512198,text_text_entropy
415,12,0.0038178977363736463,text_text_entropy
416,13,0.003840237638851722,text_text_entropy
417,13,0.002913466948030991,text_text_entropy
418,13,0.003188055084307677,text_text_entropy
419,13,0.00306066954648134,text_text_entropy
420,13,0.0033164391785762506,text_text_entropy
421,13,0.003270489008325855,text_text_entropy
422,13,0.004555006680751238,text_text_entropy
423,13,0.0031882009516179953,text_text_entropy
424,13,0.003817629727452069,text_text_entropy
425,13,0.0032150637536768195,text_text_entropy
426,13,0.003445411884233514,text_text_entropy
427,13,0.0038382580043930404,text_text_entropy
428,13,0.003909062967782286,text_text_entropy
429,13,0.0033318988744663026,text_text_entropy
430,13,0.003261916514294691,text_text_entropy
431,13,0.0016281953786340302,text_text_entropy
432,13,0.003612891940939656,text_text_entropy
433,13,0.0028535017527892416,text_text_entropy
434,13,0.0029198019474330583,text_text_entropy
435,13,0.003078578931431736,text_text_entropy
436,13,0.0034122492496359864,text_text_entropy
437,13,0.002780618885334576,text_text_entropy
438,13,0.0032133064763964947,text_text_entropy
439,13,0.004221831954416379,text_text_entropy
440,13,0.0045149357093953344,text_text_entropy
441,13,0.002047938454406165,text_text_entropy
442,13,0.0027605300259290334,text_text_entropy
443,13,0.0025198650795766986,text_text_entropy
444,13,0.0035109085293900874,text_text_entropy
445,13,0.004543754112933223,text_text_entropy
446,13,0.0030688599506843426,text_text_entropy
447,13,0.003362010475467881,text_text_entropy
448,14,0.004768619518871845,text_text_entropy
449,14,0.003766505677144473,text_text_entropy
450,14,0.0029796371967053393,text_text_entropy
451,14,0.003208660254855607,text_text_entropy
452,14,0.00335618877455714,text_text_entropy
453,14,0.003548393046781379,text_text_entropy
454,14,0.002615910616587835,text_text_entropy
455,14,0.003919975818153807,text_text_entropy
456,14,0.00350698362905158,text_text_entropy
457,14,0.003274366237729434,text_text_entropy
458,14,0.0031993607889074112,text_text_entropy
459,14,0.003089959861947825,text_text_entropy
460,14,0.0038819387772743657,text_text_entropy
461,14,0.003551212850089299,text_text_entropy
462,14,0.003971442037966096,text_text_entropy
463,14,0.003810949882511572,text_text_entropy
464,14,0.003147775852853225,text_text_entropy
465,14,0.0029812004975916634,text_text_entropy
466,14,0.0036610910112933924,text_text_entropy
467,14,0.0032162096832072645,text_text_entropy
468,14,0.003576230495882012,text_text_entropy
469,14,0.0035685107893269285,text_text_entropy
470,14,0.0038933084717255526,text_text_entropy
471,14,0.0036379168671965495,text_text_entropy
472,14,0.0033355133467857672,text_text_entropy
473,14,0.0030279628449290078,text_text_entropy
474,14,0.0030013035042905987,text_text_entropy
475,14,0.0033951849954381064,text_text_entropy
476,14,0.0030475065896594686,text_text_entropy
477,14,0.0031890525511055457,text_text_entropy
478,14,0.0035751579247509605,text_text_entropy
479,14,0.004114666125214234,text_text_entropy
480,15,0.0019511553325710154,text_text_entropy
481,15,0.002241955901777736,text_text_entropy
482,15,0.003499697550158771,text_text_entropy
483,15,0.0039587621390221395,text_text_entropy
484,15,0.0032566938233004384,text_text_entropy
485,15,0.0032314243950590463,text_text_entropy
486,15,0.0035719592031711,text_text_entropy
487,15,0.004208532839856246,text_text_entropy
488,15,0.003303969306601859,text_text_entropy
489,15,0.004003860839695198,text_text_entropy
490,15,0.0034985674509644777,text_text_entropy
491,15,0.004800145188242486,text_text_entropy
492,15,0.003810103372605823,text_text_entropy
493,15,0.0031209220658756204,text_text_entropy
494,15,0.0037195574838732293,text_text_entropy
495,15,0.003267623915627195,text_text_entropy
496,15,0.0041206931040522815,text_text_entropy
497,15,0.002568737413637322,text_text_entropy
498,15,0.003053624967578154,text_text_entropy
499,15,0.002977764768176596,text_text_entropy
500,15,0.002679089938160549,text_text_entropy
501,15,0.004223629355857754,text_text_entropy
502,15,0.002686037083445863,text_text_entropy
503,15,0.0033775430339911105,text_text_entropy
504,15,0.002963297159604073,text_text_entropy
505,15,0.0041339135892041546,text_text_entropy
506,15,0.004163029488497113,text_text_entropy
507,15,0.0030054016691502174,text_text_entropy
508,15,0.003974936111080392,text_text_entropy
509,15,0.0022666522833409168,text_text_entropy
510,15,0.003153887850486796,text_text_entropy
511,15,0.002960772952361536,text_text_entropy
512,16,0.003568369326545467,text_text_entropy
513,16,0.0038390086022532938,text_text_entropy
514,16,0.003551343036350197,text_text_entropy
515,16,0.0037134318729453897,text_text_entropy
516,16,0.0023129962241968914,text_text_entropy
517,16,0.0033257598942372543,text_text_entropy
518,16,0.0027584425227279957,text_text_entropy
519,16,0.0036672011942410383,text_text_entropy
520,16,0.003413648313581533,text_text_entropy
521,16,0.0026979452090364884,text_text_entropy
522,16,0.003362178185464187,text_text_entropy
523,16,0.003637519304967303,text_text_entropy
524,16,0.0035191281602078464,text_text_entropy
525,16,0.0030725325552305545,text_text_entropy
526,16,0.004888570255018589,text_text_entropy
527,16,0.003597568410349901,text_text_entropy
528,16,0.0038079030936923664,text_text_entropy
529,16,0.0029876863346390385,text_text_entropy
530,16,0.0030908729739746316,text_text_entropy
531,16,0.004359568438767845,text_text_entropy
532,16,0.0037734623043659044,text_text_entropy
533,16,0.004276062308724073,text_text_entropy
534,16,0.003948109204060717,text_text_entropy
535,16,0.002424919572821984,text_text_entropy
536,16,0.003980981981206852,text_text_entropy
537,16,0.0019726864489389463,text_text_entropy
538,16,0.0023933696879554433,text_text_entropy
539,16,0.002644696785320711,text_text_entropy
540,16,0.002186546459655789,text_text_entropy
541,16,0.00335192719211126,text_text_entropy
542,16,0.0036104690596880655,text_text_entropy
543,16,0.003550055870361079,text_text_entropy
544,17,0.0034002193343728106,text_text_entropy
545,17,0.0021828819324379175,text_text_entropy
546,17,0.0023925489779244324,text_text_entropy
547,17,0.0035236260874252313,text_text_entropy
548,17,0.0033876243699991885,text_text_entropy
549,17,0.002840021983510613,text_text_entropy
550,17,0.0032873984920618955,text_text_entropy
551,17,0.003073534933777513,text_text_entropy
552,17,0.0034901188779782296,text_text_entropy
553,17,0.0025794274657417507,text_text_entropy
554,17,0.0025791515993679186,text_text_entropy
555,17,0.0033192155649392654,text_text_entropy
556,17,0.002532969549270919,text_text_entropy
557,17,0.0032585255757288595,text_text_entropy
558,17,0.004035099240491798,text_text_entropy
559,17,0.003417711094297772,text_text_entropy
560,17,0.0032677706974366494,text_text_entropy
561,17,0.0034597812322400864,text_text_entropy
562,17,0.002916899289219743,text_text_entropy
563,17,0.003499683897702584,text_text_entropy
564,17,0.0010375353575936194,text_text_entropy
565,17,0.003761154841257815,text_text_entropy
566,17,0.003822723404355464,text_text_entropy
567,17,0.002353977128798202,text_text_entropy
568,17,0.0030859163496648884,text_text_entropy
569,17,0.0009326662371739228,text_text_entropy
570,17,0.0021190034083306154,text_text_entropy
571,17,0.0018158224445054742,text_text_entropy
572,17,0.003995440283901724,text_text_entropy
573,17,0.004017219160926593,text_text_entropy
574,17,0.0026537269242980087,text_text_entropy
575,17,0.0036976632086282036,text_text_entropy
576,18,0.002747820568114292,text_text_entropy
577,18,0.003102831336453011,text_text_entropy
578,18,0.0038160275975598163,text_text_entropy
579,18,0.0021775883339749417,text_text_entropy
580,18,0.004085691553705979,text_text_entropy
581,18,0.00439914629954012,text_text_entropy
582,18,0.0023847547647940504,text_text_entropy
583,18,0.003435270129821564,text_text_entropy
584,18,0.0020963661234851974,text_text_entropy
585,18,0.0036303267164845532,text_text_entropy
586,18,0.0032652210949570353,text_text_entropy
587,18,0.002215969248906289,text_text_entropy
588,18,0.002781988886369003,text_text_entropy
589,18,0.003620070051044978,text_text_entropy
590,18,0.0030276654863890156,text_text_entropy
591,18,0.002590935262523873,text_text_entropy
592,18,0.0026443439043319808,text_text_entropy
593,18,0.003592056500684046,text_text_entropy
594,18,0.0026912747697380945,text_text_entropy
595,18,0.004089924609236738,text_text_entropy
596,18,0.002225285872114838,text_text_entropy
597,18,0.0036110577304600258,text_text_entropy
598,18,0.002593561640312018,text_text_entropy
599,18,0.0027506236424278516,text_text_entropy
600,18,0.00351185005160588,text_text_entropy
601,18,0.0025787408345884924,text_text_entropy
602,18,0.00387984541546191,text_text_entropy
603,18,0.003273309385121844,text_text_entropy
604,18,0.0037873899503029582,text_text_entropy
605,18,0.0022046721855353453,text_text_entropy
606,18,0.0038723960410357323,text_text_entropy
607,18,0.003315011013475028,text_text_entropy
608,19,0.003309579786809898,text_text_entropy
609,19,0.0034638295640092446,text_text_entropy
610,19,0.004049219337619572,text_text_entropy
611,19,0.0011267588301683157,text_text_entropy
612,19,0.0026719399375550127,text_text_entropy
613,19,0.0036297739879010567,text_text_entropy
614,19,0.0028292811843850206,text_text_entropy
615,19,0.001909523512816868,text_text_entropy
616,19,0.002086686591309183,text_text_entropy
617,19,0.0022504217751832733,text_text_entropy
618,19,0.002952173569787044,text_text_entropy
619,19,0.003524362091571474,text_text_entropy
620,19,0.003554623044254402,text_text_entropy
621,19,0.0035100448642681986,text_text_entropy
622,19,0.0023699178434815563,text_text_entropy
623,19,0.0033388986584135653,text_text_entropy
624,19,0.003982659581386191,text_text_entropy
625,19,0.002258707297077786,text_text_entropy
626,19,0.00278811531423592,text_text_entropy
627,19,0.002715104314461718,text_text_entropy
628,19,0.0012946260903370593,text_text_entropy
629,19,0.0018237079454199157,text_text_entropy
630,19,0.004139917649375376,text_text_entropy
631,19,0.0030227669904814565,text_text_entropy
632,19,0.003104755897367064,text_text_entropy
633,19,0.0031746411964119884,text_text_entropy
634,19,0.0020013250162244055,text_text_entropy
635,19,0.0034946801911552344,text_text_entropy
636,19,0.0016487545375819858,text_text_entropy
637,19,0.003657619177280699,text_text_entropy
638,19,0.0031259685471437,text_text_entropy
639,19,0.0028753254999391536,text_text_entropy
640,20,0.002743108874715656,text_text_entropy
641,20,0.002128495671290378,text_text_entropy
642,20,0.003126840968548946,text_text_entropy
643,20,0.002146095812328683,text_text_entropy
644,20,0.0025619526265160584,text_text_entropy
645,20,0.0023128634777674945,text_text_entropy
646,20,0.0023322809899242814,text_text_entropy
647,20,0.0022385351565220434,text_text_entropy
648,20,0.0025165710389402334,text_text_entropy
649,20,0.002654923689585356,text_text_entropy
650,20,0.00250704680803226,text_text_entropy
651,20,0.0034043361402779863,text_text_entropy
652,20,0.002701620267452233,text_text_entropy
653,20,0.0034499022717884714,text_text_entropy
654,20,0.0017573962552532819,text_text_entropy
655,20,0.0038668613507762827,text_text_entropy
656,20,0.003029076335051889,text_text_entropy
657,20,0.0024810905282566143,text_text_entropy
658,20,0.002773355207241471,text_text_entropy
659,20,0.0026532986495551867,text_text_entropy
660,20,0.003688487655956899,text_text_entropy
661,20,0.002268742492204152,text_text_entropy
662,20,0.002548324676269252,text_text_entropy
663,20,0.0028465872109552154,text_text_entropy
664,20,0.0036753893003419504,text_text_entropy
665,20,0.0028044576718246365,text_text_entropy
666,20,0.0027645703151007355,text_text_entropy
667,20,0.00231842663442712,text_text_entropy
668,20,0.0031823722131668905,text_text_entropy
669,20,0.002093977910561837,text_text_entropy
670,20,0.0025260049347721925,text_text_entropy
671,20,0.002283730350863465,text_text_entropy
672,21,0.0023051194189667302,text_text_entropy
673,21,0.002252467297990237,text_text_entropy
674,21,0.0025093093538558894,text_text_entropy
675,21,0.003444252924001475,text_text_entropy
676,21,0.0021451664045346367,text_text_entropy
677,21,0.0024026049835717397,text_text_entropy
678,21,0.0016575893435735864,text_text_entropy
679,21,0.0029189918225485667,text_text_entropy
680,21,0.0021701991593145687,text_text_entropy
681,21,0.001972296168769471,text_text_entropy
682,21,0.0025845161388446326,text_text_entropy
683,21,0.002418153918530648,text_text_entropy
684,21,0.003151665162702632,text_text_entropy
685,21,0.003269315472991965,text_text_entropy
686,21,0.0021531093366440606,text_text_entropy
687,21,0.0017951089525071948,text_text_entropy
688,21,0.00230371042060493,text_text_entropy
689,21,0.0038741611220259073,text_text_entropy
690,21,0.001970141435170959,text_text_entropy
691,21,0.002589613378403604,text_text_entropy
692,21,0.001854286403672202,text_text_entropy
693,21,0.002556399266902098,text_text_entropy
694,21,0.0036769258903908146,text_text_entropy
695,21,0.002739663052961102,text_text_entropy
696,21,0.002636782961842922,text_text_entropy
697,21,0.0025786443640725947,text_text_entropy
698,21,0.0023283751621464397,text_text_entropy
699,21,0.0017470617635931428,text_text_entropy
700,21,0.0030114437909181907,text_text_entropy
701,21,0.0021992117489112117,text_text_entropy
702,21,0.00366523032808758,text_text_entropy
703,21,0.0021650684032403144,text_text_entropy
704,22,0.0019942953218896973,text_text_entropy
705,22,0.001687045625799195,text_text_entropy
706,22,0.0034410878297018803,text_text_entropy
707,22,0.0009267562848102469,text_text_entropy
708,22,0.0037153856247827944,text_text_entropy
709,22,0.002734069623461504,text_text_entropy
710,22,0.0031703208285217494,text_text_entropy
711,22,0.0029130251935730635,text_text_entropy
712,22,0.0020665612320531104,text_text_entropy
713,22,0.003392990431718286,text_text_entropy
714,22,0.0039371898679099815,text_text_entropy
715,22,0.003365165250791281,text_text_entropy
716,22,0.003751548099271559,text_text_entropy
717,22,0.0027818098119639714,text_text_entropy
718,22,0.003938496121099402,text_text_entropy
719,22,0.002029922928160373,text_text_entropy
720,22,0.0017772183249113143,text_text_entropy
721,22,0.00293814112769335,text_text_entropy
722,22,0.002486509898000025,text_text_entropy
723,22,0.001851256133677897,text_text_entropy
724,22,0.002361267653344246,text_text_entropy
725,22,0.002364891411638313,text_text_entropy
726,22,0.001819670352940338,text_text_entropy
727,22,0.001993912113892003,text_text_entropy
728,22,0.001583203198743006,text_text_entropy
729,22,0.003835396658702329,text_text_entropy
730,22,0.0037462827098225194,text_text_entropy
731,22,0.0026972666920447967,text_text_entropy
732,22,0.0038595921542011235,text_text_entropy
733,22,0.002415563188299474,text_text_entropy
734,22,0.002236235555524493,text_text_entropy
735,22,0.0026937861213986772,text_text_entropy
736,23,0.001703520457262817,text_text_entropy
737,23,0.004237819485383176,text_text_entropy
738,23,0.004163907656106439,text_text_entropy
739,23,0.0029162246969486063,text_text_entropy
740,23,0.0027933561026650556,text_text_entropy
741,23,0.0032552465260893,text_text_entropy
742,23,0.0031871680192015156,text_text_entropy
743,23,0.0012582074720522006,text_text_entropy
744,23,0.00196052930725329,text_text_entropy
745,23,0.0027608949910045678,text_text_entropy
746,23,0.0025838629999227584,text_text_entropy
747,23,0.001804834350018666,text_text_entropy
748,23,0.0017394805763361213,text_text_entropy
749,23,0.003109954015422347,text_text_entropy
750,23,0.001653243757489828,text_text_entropy
751,23,0.0017716158751642072,text_text_entropy
752,23,0.0034666788121806473,text_text_entropy
753,23,0.0024432386787022484,text_text_entropy
754,23,0.00310579877844897,text_text_entropy
755,23,0.002912375282491042,text_text_entropy
756,23,0.0023641522767083784,text_text_entropy
757,23,0.002036623194445571,text_text_entropy
758,23,0.0033200266271252808,text_text_entropy
759,23,0.0025686160287290505,text_text_entropy
760,23,0.003230439599544422,text_text_entropy
761,23,0.0019013254246793,text_text_entropy
762,23,0.003732380099863633,text_text_entropy
763,23,0.002917513690971079,text_text_entropy
764,23,0.003254606759540813,text_text_entropy
765,23,0.003146408944855899,text_text_entropy
766,23,0.000963964546187107,text_text_entropy
767,23,0.002292255127623384,text_text_entropy
768,24,0.0013272755683796443,text_text_entropy
769,24,0.003100329352857683,text_text_entropy
770,24,0.0020623278638734225,text_text_entropy
771,24,0.0019016512915225247,text_text_entropy
772,24,0.0021248578549886397,text_text_entropy
773,24,0.0016534406184647197,text_text_entropy
774,24,0.0036092849551872977,text_text_entropy
775,24,0.002680845319253135,text_text_entropy
776,24,0.0024014450237042,text_text_entropy
777,24,0.002255649472555835,text_text_entropy
778,24,0.002424536648344933,text_text_entropy
779,24,0.002258527522255576,text_text_entropy
780,24,0.002467785814461326,text_text_entropy
781,24,0.003101168782972431,text_text_entropy
782,24,0.0018156270953495622,text_text_entropy
783,24,0.0019560525051608327,text_text_entropy
784,24,0.001792512985208854,text_text_entropy
785,24,0.0019355511983181872,text_text_entropy
786,24,0.0035702285200591316,text_text_entropy
787,24,0.003241846658367824,text_text_entropy
788,24,0.002016967111171346,text_text_entropy
789,24,0.002318370770396731,text_text_entropy
790,24,0.002531017946733619,text_text_entropy
791,24,0.002663141067717434,text_text_entropy
792,24,0.0022734218237637003,text_text_entropy
793,24,0.003823445075402849,text_text_entropy
794,24,0.002695599096172167,text_text_entropy
795,24,0.0023189091920405146,text_text_entropy
796,24,0.0023757030151760304,text_text_entropy
797,24,0.00370528611393315,text_text_entropy
798,24,0.003082502222646661,text_text_entropy
799,24,0.002052591230657556,text_text_entropy
800,25,0.0017165244873200598,text_text_entropy
801,25,0.001224795428103532,text_text_entropy
802,25,0.0023892060763666904,text_text_entropy
803,25,0.0014940320888154268,text_text_entropy
804,25,0.0017994152780550022,text_text_entropy
805,25,0.0036737133987349286,text_text_entropy
806,25,0.003858879988889507,text_text_entropy
807,25,0.003279806919267699,text_text_entropy
808,25,0.001285546523332953,text_text_entropy
809,25,0.002948766515059166,text_text_entropy
810,25,0.002073705390731345,text_text_entropy
811,25,0.002168917727948396,text_text_entropy
812,25,0.0022003137597572018,text_text_entropy
813,25,0.001235225989160904,text_text_entropy
814,25,0.0018113703892848121,text_text_entropy
815,25,0.0033975023373875,text_text_entropy
816,25,0.0026818247270231016,text_text_entropy
817,25,0.0017333928388757985,text_text_entropy
818,25,0.0032740920698113006,text_text_entropy
819,25,0.0026942046622822763,text_text_entropy
820,25,0.0015837802535533976,text_text_entropy
821,25,0.0018003146244201795,text_text_entropy
822,25,0.002114322726398794,text_text_entropy
823,25,0.0030170320111503396,text_text_entropy
824,25,0.0036472050690281926,text_text_entropy
825,25,0.0019075487887499146,text_text_entropy
826,25,0.0019460761285721823,text_text_entropy
827,25,0.0025161454742041395,text_text_entropy
828,25,0.002645471278369926,text_text_entropy
829,25,0.0032735770965912096,text_text_entropy
830,25,0.0026460683875739496,text_text_entropy
831,25,0.002661846715243368,text_text_entropy
832,26,0.0022830937642246965,text_text_entropy
833,26,0.0006602400321424466,text_text_entropy
834,26,0.0037653747843576987,text_text_entropy
835,26,0.001647968417457396,text_text_entropy
836,26,0.003403588875693318,text_text_entropy
837,26,0.0023486638246119017,text_text_entropy
838,26,0.0037709635428379864,text_text_entropy
839,26,0.002592409754718177,text_text_entropy
840,26,0.0014213967586532792,text_text_entropy
841,26,0.002954912289181518,text_text_entropy
842,26,0.0032178410683032605,text_text_entropy
843,26,0.0016123183346972519,text_text_entropy
844,26,0.0013437051344422175,text_text_entropy
845,26,0.0031366376889814624,text_text_entropy
846,26,0.0034838762306744816,text_text_entropy
847,26,0.0028546633360799654,text_text_entropy
848,26,0.001935675994426985,text_text_entropy
849,26,0.0025767640491659335,text_text_entropy
850,26,0.003666599486782862,text_text_entropy
851,26,0.0032631447381029437,text_text_entropy
852,26,0.0027290298374283003,text_text_entropy
853,26,0.0009078444140560043,text_text_entropy
854,26,0.0031544986300978384,text_text_entropy
855,26,0.002409730158940155,text_text_entropy
856,26,0.0015675836485742878,text_text_entropy
857,26,0.002289789150574524,text_text_entropy
858,26,0.0022444591214261047,text_text_entropy
859,26,0.002076389274506475,text_text_entropy
860,26,0.0028658335084274906,text_text_entropy
861,26,0.0016870635595486168,text_text_entropy
862,26,0.0038356770512879075,text_text_entropy
863,26,0.0024375489395238076,text_text_entropy
864,27,0.0019359223551822535,text_text_entropy
865,27,0.0008743222962256227,text_text_entropy
866,27,0.003821019445316288,text_text_entropy
867,27,0.003660522279368619,text_text_entropy
868,27,0.002239684430142579,text_text_entropy
869,27,0.0020241692663065186,text_text_entropy
870,27,0.0034582154737799633,text_text_entropy
871,27,0.0034549323136046695,text_text_entropy
872,27,0.0023326349362176504,text_text_entropy
873,27,0.003374206158697899,text_text_entropy
874,27,0.0018427068098112165,text_text_entropy
875,27,0.0024004074364029,text_text_entropy
876,27,0.003955162922611182,text_text_entropy
877,27,0.0012394641304894795,text_text_entropy
878,27,0.001967023086431936,text_text_entropy
879,27,0.003255800669577649,text_text_entropy
880,27,0.002493338692509395,text_text_entropy
881,27,0.004478963560082292,text_text_entropy
882,27,0.0028564986093501474,text_text_entropy
883,27,0.0011110270030485565,text_text_entropy
884,27,0.0030091223894768548,text_text_entropy
885,27,0.0019553462607901227,text_text_entropy
886,27,0.00295900091002697,text_text_entropy
887,27,0.002729061582853707,text_text_entropy
888,27,0.002625555144927402,text_text_entropy
889,27,0.0029334542578167266,text_text_entropy
890,27,0.0017862872697625499,text_text_entropy
891,27,0.0011649091590555003,text_text_entropy
892,27,0.00233161005118231,text_text_entropy
893,27,0.002305038003097029,text_text_entropy
894,27,0.0024333501588624956,text_text_entropy
895,27,0.004097511683035107,text_text_entropy
896,28,0.0020210426017798597,text_text_entropy
897,28,0.001809417622616039,text_text_entropy
898,28,0.002366601669432721,text_text_entropy
899,28,0.0024296234415733405,text_text_entropy
900,28,0.000968916976843803,text_text_entropy
901,28,0.0034401883230958056,text_text_entropy
902,28,0.0016997202668093696,text_text_entropy
903,28,0.003462094964952588,text_text_entropy
904,28,0.0008722098169260874,text_text_entropy
905,28,0.002506658334539264,text_text_entropy
906,28,0.004296564231609884,text_text_entropy
907,28,0.001556351324351298,text_text_entropy
908,28,0.002910398224687408,text_text_entropy
909,28,0.0038428767841047753,text_text_entropy
910,28,0.0022678574788437735,text_text_entropy
911,28,0.0009278182035935092,text_text_entropy
912,28,0.004369511041218877,text_text_entropy
913,28,0.0016978426116555066,text_text_entropy
914,28,0.003663173576584809,text_text_entropy
915,28,0.0009972128810850983,text_text_entropy
916,28,0.0029243914832266468,text_text_entropy
917,28,0.002287654772781133,text_text_entropy
918,28,0.002499109118696067,text_text_entropy
919,28,0.0034543609726913425,text_text_entropy
920,28,0.0031989553357423682,text_text_entropy
921,28,0.0033665101920236787,text_text_entropy
922,28,0.003097942913231957,text_text_entropy
923,28,0.0011818210595734295,text_text_entropy
924,28,0.002985114446359593,text_text_entropy
925,28,0.002460196249451811,text_text_entropy
926,28,0.0024157240221064037,text_text_entropy
927,28,0.0015975221595644978,text_text_entropy
928,29,0.0033127558732894942,text_text_entropy
929,29,0.004167610364068232,text_text_entropy
930,29,0.002271089371355796,text_text_entropy
931,29,0.001567936618173587,text_text_entropy
932,29,0.0022020142652443976,text_text_entropy
933,29,0.0037092036728064177,text_text_entropy
934,29,0.000997255297393468,text_text_entropy
935,29,0.003267403347381271,text_text_entropy
936,29,0.002247716953542898,text_text_entropy
937,29,0.0029454834908535683,text_text_entropy
938,29,0.0036450561179000103,text_text_entropy
939,29,0.001100777863187269,text_text_entropy
940,29,0.0026739211483539633,text_text_entropy
941,29,0.00227071138230099,text_text_entropy
942,29,0.0035149353424693635,text_text_entropy
943,29,0.0038902340886012745,text_text_entropy
944,29,0.00359485899147416,text_text_entropy
945,29,0.0028686745505609144,text_text_entropy
946,29,0.0021165977226541154,text_text_entropy
947,29,0.002800974607530362,text_text_entropy
948,29,0.0014181932284996035,text_text_entropy
949,29,0.0027159400967902724,text_text_entropy
950,29,0.0013013093455263632,text_text_entropy
951,29,0.0028395289146086067,text_text_entropy
952,29,0.0037172077075250066,text_text_entropy
953,29,0.001789684955654406,text_text_entropy
954,29,0.0035130599709600795,text_text_entropy
955,29,0.0026162571533317816,text_text_entropy
956,29,0.0024512086749205204,text_text_entropy
957,29,0.0031071387918983704,text_text_entropy
958,29,0.0030544639786098753,text_text_entropy
959,29,0.0006917348668120352,text_text_entropy
960,30,0.0022077265455039885,text_text_entropy
961,30,0.0006725064103526428,text_text_entropy
962,30,0.003636148000730038,text_text_entropy
963,30,0.003393553909066925,text_text_entropy
964,30,0.0025329130492064964,text_text_entropy
965,30,0.002261778141014663,text_text_entropy
966,30,0.0010393191893868802,text_text_entropy
967,30,0.0029911454105705907,text_text_entropy
968,30,0.0014480086391355036,text_text_entropy
969,30,0.0026850590484135068,text_text_entropy
970,30,0.0028313974718697206,text_text_entropy
971,30,0.0020637603134505173,text_text_entropy
972,30,0.004008414618028372,text_text_entropy
973,30,0.004517860896137881,text_text_entropy
974,30,0.00196096803054801,text_text_entropy
975,30,0.0009787987111843362,text_text_entropy
976,30,0.0018122080706935262,text_text_entropy
977,30,0.002312378355860974,text_text_entropy
978,30,0.0009941840581466903,text_text_entropy
979,30,0.002128230484675818,text_text_entropy
980,30,0.0010767137381241369,text_text_entropy
981,30,0.0028881670614426523,text_text_entropy
982,30,0.001610171951688167,text_text_entropy
983,30,0.0017187231601158391,text_text_entropy
984,30,0.004011791495048839,text_text_entropy
985,30,0.0034401429782260047,text_text_entropy
986,30,0.0031664304393812788,text_text_entropy
987,30,0.002891719166391667,text_text_entropy
988,30,0.0035286507160001354,text_text_entropy
989,30,0.001970326497089534,text_text_entropy
990,30,0.001971088575144555,text_text_entropy
991,30,0.003901150347824578,text_text_entropy
992,31,0.003477478173293607,text_text_entropy
993,31,0.0012808646879559453,text_text_entropy
994,31,0.0024094626338230485,text_text_entropy
995,31,0.002276426392758786,text_text_entropy
996,31,0.003929278791050376,text_text_entropy
997,31,0.0036239109463046142,text_text_entropy
998,31,0.0007670497677036121,text_text_entropy
999,31,0.0023946064033131442,text_text_entropy
1000,31,0.0029368802357031894,text_text_entropy
1001,31,0.000631512838878105,text_text_entropy
1002,31,0.0035087550929204002,text_text_entropy
1003,31,0.002912932279322186,text_text_entropy
1004,31,0.0030308554737951466,text_text_entropy
1005,31,0.003822969645450778,text_text_entropy
1006,31,0.0021657334254237322,text_text_entropy
1007,31,0.0006300212516349836,text_text_entropy
1008,31,0.002770852097637477,text_text_entropy
1009,31,0.0015097123947764688,text_text_entropy
1010,31,0.001652952039613093,text_text_entropy
1011,31,0.0018139291748681865,text_text_entropy
1012,31,0.000925825003947287,text_text_entropy
1013,31,0.0022788043894126104,text_text_entropy
1014,31,0.001793657462156589,text_text_entropy
1015,31,0.002856781273859285,text_text_entropy
1016,31,0.002857217005467253,text_text_entropy
1017,31,0.0024982646009568815,text_text_entropy
1018,31,0.002816493242656196,text_text_entropy
1019,31,0.004525240719869887,text_text_entropy
1020,31,0.001701735918065387,text_text_entropy
1021,31,0.001278278679174385,text_text_entropy
1022,31,0.0015623677423014348,text_text_entropy
1023,31,0.003933872762913374,text_text_entropy
