,0,1,2,3,4,5,6,7,8,9,10,11,12,13,14,15,16,17,18,19,20,21,22,23,24,25,26,27,28,29,30,31,32,33,34,35,36,Mean over,idx_corrected,idx_main,outputwImg,predictionwImg,gold_referencewImg,tagwImg,outputwoImg,predictionwoImg,gold_referencewoImg,tagwoImg
0,25.843718,40.20645,44.539394,44.90112,47.245586,48.086895,51.005424,11.696563,11.540779,12.0185795,10.779377,10.036234,9.960929,10.374018,11.016922,10.904795,11.701196,3.249268,3.492449,3.8426757,4.56314,5.0855317,5.7212934,6.860892,9.904117,13.1805935,16.061386,20.711948,25.99399,33.150482,41.262302,50.59618,61.486156,70.26854,74.093925,83.305885,85.33406,All tokens,114,369,"user
 QUESTION: Which continent is highlighted?
OPTIONS:
0: Africa
1: South America
2: Europe
3: Australia

Answer with the correct option from 0 to 3. Only provide the numeric and nothing else 

Answer: 
assistant
2",2,2,grade8,"user
 QUESTION: Which continent is highlighted?
OPTIONS:
0: Africa
1: South America
2: Europe
3: Australia

Answer with the correct option from 0 to 3. Only provide the numeric and nothing else 

Answer: 
assistant
0",0,2,grade8
1,5.7087245,11.551906,10.635559,9.904635,11.684551,13.120006,16.434322,4.306605,4.625694,4.952333,4.7284584,4.5125556,4.591135,4.716082,4.894371,4.7918596,5.0764866,2.726001,2.855074,3.0663285,3.6564932,3.9976203,4.456807,5.4252825,7.368211,9.965427,12.512608,16.311022,20.798426,26.624699,33.27978,40.416313,47.43144,52.100822,52.4025,51.079487,41.240772,All tokens,25,98,"user
 QUESTION: Does this passage describe the weather or the climate?
OPTIONS:
0: weather
1: climate

Answer with the correct option from 0 to 1. Only provide the numeric and nothing else 

Answer: 
assistant
0",0,0,grade4,"user
 QUESTION: Does this passage describe the weather or the climate?
OPTIONS:
0: weather
1: climate

Answer with the correct option from 0 to 1. Only provide the numeric and nothing else 

Answer: 
assistant
1",1,0,grade4
2,24.117794,37.46116,42.12033,42.651028,45.007427,46.970863,50.206585,12.314257,12.242171,12.710707,11.542041,10.7008095,10.77617,11.207547,11.817856,11.7410145,12.62405,2.6954656,2.8481638,3.0730045,3.5803862,3.9157693,4.3014774,5.1100683,7.2051754,9.509272,11.668717,15.317008,19.82552,26.068027,33.645245,42.706467,53.473312,62.280308,67.204285,83.167175,81.229294,All tokens,281,925,"user
 QUESTION: Which ocean is highlighted?
OPTIONS:
0: the Southern Ocean
1: the Pacific Ocean
2: the Arctic Ocean
3: the Indian Ocean

Answer with the correct option from 0 to 3. Only provide the numeric and nothing else 

Answer: 
assistant
2",2,0,grade8,"user
 QUESTION: Which ocean is highlighted?
OPTIONS:
0: the Southern Ocean
1: the Pacific Ocean
2: the Arctic Ocean
3: the Indian Ocean

Answer with the correct option from 0 to 3. Only provide the numeric and nothing else 

Answer: 
assistant
3",3,0,grade8
3,33.825886,48.90794,58.67238,60.687637,62.58634,62.61351,63.73055,36.164375,35.73058,36.607635,34.106335,32.137592,32.567837,33.54617,34.811623,34.964985,37.482025,6.6183305,7.392654,8.402124,10.262879,11.871356,13.587557,16.27159,23.574295,30.62543,36.080658,44.262997,50.91613,60.747547,69.01567,78.28816,87.45469,97.79256,103.041695,102.69638,112.561775,All tokens,250,817,"user
 QUESTION: Which country is highlighted?
OPTIONS:
0: Papua New Guinea
1: Australia
2: the Federated States of Micronesia
3: Palau

Answer with the correct option from 0 to 3. Only provide the numeric and nothing else 

Answer: 
assistant
2",2,2,grade6,"user
 QUESTION: Which country is highlighted?
OPTIONS:
0: Papua New Guinea
1: Australia
2: the Federated States of Micronesia
3: Palau

Answer with the correct option from 0 to 3. Only provide the numeric and nothing else 

Answer: 
assistant
3",3,2,grade6
4,9.438919,53.323223,58.069366,62.512405,75.35292,80.14815,91.03702,8.608951,10.317796,12.207891,11.97562,11.029058,11.758498,12.109279,13.445302,13.456455,14.439776,14.137299,16.112785,19.041729,25.434526,29.301287,34.277237,40.13089,51.65106,62.2202,68.87726,75.70229,80.59101,85.36516,89.078766,87.463455,88.71135,85.10362,78.52306,62.735886,58.358757,All tokens,228,746,"user
 QUESTION: What can Leo and Caden trade to each get what they want?
OPTIONS:
0: Caden can trade his broccoli for Leo's oranges.
1: Leo can trade his tomatoes for Caden's carrots.
2: Leo can trade his tomatoes for Caden's broccoli.
3: Caden can trade his almonds for Leo's tomatoes.

Answer with the correct option from 0 to 3. Only provide the numeric and nothing else 

Answer: 
assistant
0",0,2,grade8,"user
 QUESTION: What can Leo and Caden trade to each get what they want?
OPTIONS:
0: Caden can trade his broccoli for Leo's oranges.
1: Leo can trade his tomatoes for Caden's carrots.
2: Leo can trade his tomatoes for Caden's broccoli.
3: Caden can trade his almonds for Leo's tomatoes.

Answer with the correct option from 0 to 3. Only provide the numeric and nothing else 

Answer: 
assistant
2",2,2,grade8
5,26.957518,41.468765,45.85313,46.298317,48.387764,48.613674,50.364822,16.189066,16.11278,16.582298,15.136278,14.014795,14.0507555,14.422478,14.957767,14.736482,15.572504,4.1103806,4.457326,4.9642806,5.984498,6.7191577,7.5563636,9.303368,13.549856,17.982359,21.677088,27.535563,33.394997,40.402298,48.95184,58.16423,67.15723,75.45913,79.31758,85.45365,89.32219,All tokens,142,450,"user
 QUESTION: What is the name of the colony shown?
OPTIONS:
0: New York
1: Connecticut
2: New Hampshire
3: Massachusetts

Answer with the correct option from 0 to 3. Only provide the numeric and nothing else 

Answer: 
assistant
1",1,1,grade8,"user
 QUESTION: What is the name of the colony shown?
OPTIONS:
0: New York
1: Connecticut
2: New Hampshire
3: Massachusetts

Answer with the correct option from 0 to 3. Only provide the numeric and nothing else 

Answer: 
assistant
3",3,1,grade8
6,9.449625,55.347015,61.009853,65.23058,77.39253,81.61911,92.34392,8.815671,10.491648,12.319757,12.023705,11.107745,11.915004,12.26356,13.664881,13.658006,14.638884,9.071902,10.247722,12.114614,16.434307,19.095078,22.740887,27.671455,38.315765,49.29078,56.436054,64.100204,70.677895,77.46187,82.73978,83.1108,84.69442,82.15897,76.70667,61.833305,58.021626,All tokens,104,334,"user
 QUESTION: What can Vivian and Jamal trade to each get what they want?
OPTIONS:
0: Vivian can trade her tomatoes for Jamal's broccoli.
1: Jamal can trade his broccoli for Vivian's oranges.
2: Vivian can trade her tomatoes for Jamal's carrots.
3: Jamal can trade his almonds for Vivian's tomatoes.

Answer with the correct option from 0 to 3. Only provide the numeric and nothing else 

Answer: 
assistant
1",1,0,grade7,"user
 QUESTION: What can Vivian and Jamal trade to each get what they want?
OPTIONS:
0: Vivian can trade her tomatoes for Jamal's broccoli.
1: Jamal can trade his broccoli for Vivian's oranges.
2: Vivian can trade her tomatoes for Jamal's carrots.
3: Jamal can trade his almonds for Vivian's tomatoes.

Answer with the correct option from 0 to 3. Only provide the numeric and nothing else 

Answer: 
assistant
0",0,0,grade7
7,9.303144,54.95091,60.229694,64.69614,77.245285,81.096436,91.84018,8.963378,10.733744,12.695552,12.447694,11.538355,12.329039,12.736699,14.240497,14.238807,15.295396,15.035315,17.222336,20.458025,27.272272,31.487207,36.96604,43.142178,55.03891,65.580795,72.340935,78.99125,83.85612,88.65663,92.4631,90.80152,92.13117,88.125145,81.388954,64.000404,62.198807,All tokens,558,1780,"user
 QUESTION: What can Bella and Darnell trade to each get what they want?
OPTIONS:
0: Darnell can trade his broccoli for Bella's oranges.
1: Darnell can trade his almonds for Bella's tomatoes.
2: Bella can trade her tomatoes for Darnell's carrots.
3: Bella can trade her tomatoes for Darnell's broccoli.

Answer with the correct option from 0 to 3. Only provide the numeric and nothing else 

Answer: 
assistant
0",0,3,grade8,"user
 QUESTION: What can Bella and Darnell trade to each get what they want?
OPTIONS:
0: Darnell can trade his broccoli for Bella's oranges.
1: Darnell can trade his almonds for Bella's tomatoes.
2: Bella can trade her tomatoes for Darnell's carrots.
3: Bella can trade her tomatoes for Darnell's broccoli.

Answer with the correct option from 0 to 3. Only provide the numeric and nothing else 

Answer: 
assistant
3",3,3,grade8
8,6.2650785,18.061165,17.654572,16.574432,21.99526,24.709969,31.726578,2.6491826,2.7785757,2.9848485,2.8887165,2.7559268,2.8563304,2.9039872,3.0291998,3.0635014,3.172722,1.7531481,1.8317751,1.9284348,2.1774886,2.3155918,2.4977365,2.8188632,3.627674,4.6740613,5.7236857,7.217759,9.347839,12.445321,15.641353,19.78,24.241787,29.344904,32.643578,40.45743,44.23449,All tokens,89,291,"user
 QUESTION: Will these magnets attract or repel each other?
OPTIONS:
0: repel
1: attract

Answer with the correct option from 0 to 1. Only provide the numeric and nothing else 

Answer: 
assistant
0",0,0,grade2,"user
 QUESTION: Will these magnets attract or repel each other?
OPTIONS:
0: repel
1: attract

Answer with the correct option from 0 to 1. Only provide the numeric and nothing else 

Answer: 
assistant
1",1,0,grade2
9,7.369875,19.192106,18.95173,18.11546,24.700806,29.410028,40.191998,5.5776563,6.070549,6.738572,6.463907,6.0575266,6.4034038,6.523128,6.9048786,7.010591,7.3825707,7.306261,8.240451,9.575648,12.64751,14.347855,16.541042,19.40092,27.15072,34.838432,40.759243,47.537647,52.84452,59.518433,64.095474,66.248314,70.17156,69.856346,64.05765,48.714085,56.183796,All tokens,604,1931,"user
 QUESTION: Think about the magnetic force between the magnets in each pair. Which of the following statements is true?
OPTIONS:
0: The strength of the magnetic force is the same in both pairs.
1: The magnetic force is weaker in Pair 1.
2: The magnetic force is weaker in Pair 2.

Answer with the correct option from 0 to 2. Only provide the numeric and nothing else 

Answer: 
assistant
1",1,1,grade4,"user
 QUESTION: Think about the magnetic force between the magnets in each pair. Which of the following statements is true?
OPTIONS:
0: The strength of the magnetic force is the same in both pairs.
1: The magnetic force is weaker in Pair 1.
2: The magnetic force is weaker in Pair 2.

Answer with the correct option from 0 to 2. Only provide the numeric and nothing else 

Answer: 
assistant
2",2,1,grade4
10,36.336155,52.219604,61.409626,64.49526,66.353516,65.86987,66.07539,36.605297,35.928852,36.46718,33.788696,31.881083,32.400124,33.40457,34.606182,34.869293,37.143387,7.584525,8.391074,9.57732,11.612639,13.430529,15.409199,18.31383,26.43659,33.614857,39.238846,47.834915,54.166874,63.59376,71.81149,80.30063,88.783966,98.78102,103.80832,102.18075,111.531,All tokens,432,1362,"user
 QUESTION: Which country is highlighted?
OPTIONS:
0: Fiji
1: Solomon Islands
2: Vanuatu
3: Tuvalu

Answer with the correct option from 0 to 3. Only provide the numeric and nothing else 

Answer: 
assistant
0",0,0,grade8,"user
 QUESTION: Which country is highlighted?
OPTIONS:
0: Fiji
1: Solomon Islands
2: Vanuatu
3: Tuvalu

Answer with the correct option from 0 to 3. Only provide the numeric and nothing else 

Answer: 
assistant
3",3,0,grade8
11,15.850821,29.024,31.46939,28.909536,34.88894,37.327915,44.16954,14.881698,16.089296,17.48021,16.29721,15.384984,15.89627,16.260517,17.624868,17.757267,18.959597,6.568627,7.418499,8.509834,10.968268,12.574028,14.35847,17.386103,25.03811,32.404255,38.500465,46.92539,54.001083,62.04776,69.37342,74.05745,80.92241,82.37834,75.537834,59.869484,66.346245,All tokens,32,120,"user
 QUESTION: Compare the average kinetic energies of the particles in each sample. Which sample has the higher temperature?
OPTIONS:
0: neither; the samples have the same temperature
1: sample A
2: sample B

Answer with the correct option from 0 to 2. Only provide the numeric and nothing else 

Answer: 
assistant
0",0,2,grade6,"user
 QUESTION: Compare the average kinetic energies of the particles in each sample. Which sample has the higher temperature?
OPTIONS:
0: neither; the samples have the same temperature
1: sample A
2: sample B

Answer with the correct option from 0 to 2. Only provide the numeric and nothing else 

Answer: 
assistant
1",1,2,grade6
12,7.8211756,14.814038,15.390762,14.514585,17.104525,17.624838,20.867785,2.5236564,2.5674717,2.6518648,2.4973276,2.3661988,2.3457613,2.366815,2.3959067,2.396169,2.4945138,1.7979524,1.867294,1.9395522,2.1739855,2.304659,2.4923697,2.9069505,3.6716535,4.7137003,5.8474245,7.4303966,9.472646,12.475709,16.027027,20.402153,26.378967,32.019444,35.344765,44.669586,45.397022,All tokens,30,118,"user
 QUESTION: Which property matches this object?
OPTIONS:
0: stretchy
1: transparent

Answer with the correct option from 0 to 1. Only provide the numeric and nothing else 

Answer: 
assistant
1",1,1,grade3,"user
 QUESTION: Which property matches this object?
OPTIONS:
0: stretchy
1: transparent

Answer with the correct option from 0 to 1. Only provide the numeric and nothing else 

Answer: 
assistant
0",0,1,grade3
13,2.8072517,20.294256,18.054169,17.446058,25.87487,31.761444,48.38476,15.24396,20.427002,26.227644,26.897009,25.722784,27.383734,29.318434,31.452044,31.350391,33.2807,18.047314,20.275707,23.975563,31.507418,35.836994,42.084652,50.26875,66.453514,79.89002,90.849815,101.670425,109.71944,118.16679,123.044876,117.61224,119.31447,116.424904,108.9915,87.72328,77.55601,All tokens,95,307,"user
 QUESTION: Which of the following could Robert's test show?
OPTIONS:
0: how steady a parachute with a 1 m vent was at 200 km per hour
1: if the spacecraft was damaged when using a parachute with a 1 m vent going 200 km per hour
2: whether a parachute with a 1 m vent would swing too much at 400 km per hour

Answer with the correct option from 0 to 2. Only provide the numeric and nothing else 

Answer: 
assistant
2",2,0,grade7,"user
 QUESTION: Which of the following could Robert's test show?
OPTIONS:
0: how steady a parachute with a 1 m vent was at 200 km per hour
1: if the spacecraft was damaged when using a parachute with a 1 m vent going 200 km per hour
2: whether a parachute with a 1 m vent would swing too much at 400 km per hour

Answer with the correct option from 0 to 2. Only provide the numeric and nothing else 

Answer: 
assistant
0",0,0,grade7
14,7.117535,13.737324,14.064184,13.279393,15.924563,17.2529,21.37422,2.6920326,2.7413735,2.8207364,2.6393352,2.4515266,2.4335089,2.4110286,2.4548583,2.4704847,2.561021,2.5217652,2.6752892,2.867799,3.3867445,3.6760213,4.067249,4.7153907,6.311822,8.426912,10.689243,13.723938,17.324598,22.476646,27.66418,33.208874,39.520405,44.351063,46.01867,45.29004,48.10851,All tokens,223,727,"user
 QUESTION: Which property do these two objects have in common?
OPTIONS:
0: smooth
1: rough

Answer with the correct option from 0 to 1. Only provide the numeric and nothing else 

Answer: 
assistant
1",1,1,grade2,"user
 QUESTION: Which property do these two objects have in common?
OPTIONS:
0: smooth
1: rough

Answer with the correct option from 0 to 1. Only provide the numeric and nothing else 

Answer: 
assistant
0",0,1,grade2
15,27.269205,41.674004,46.231792,46.78992,48.777897,48.938667,50.652203,16.127142,16.013384,16.43051,14.947957,13.848021,13.886526,14.245846,14.764845,14.528526,15.304422,6.193143,6.836757,7.746107,9.475006,10.753617,12.165535,14.846676,21.394897,27.517683,32.297333,39.546112,45.866478,53.24864,61.000423,69.248825,77.03775,83.971634,86.46021,86.07112,90.84664,All tokens,238,776,"user
 QUESTION: What is the name of the colony shown?
OPTIONS:
0: Iowa
1: Connecticut
2: Virginia
3: Maine

Answer with the correct option from 0 to 3. Only provide the numeric and nothing else 

Answer: 
assistant
1",1,1,grade7,"user
 QUESTION: What is the name of the colony shown?
OPTIONS:
0: Iowa
1: Connecticut
2: Virginia
3: Maine

Answer with the correct option from 0 to 3. Only provide the numeric and nothing else 

Answer: 
assistant
2",2,1,grade7
16,29.357744,46.87041,52.564156,48.668983,51.398552,52.21777,55.35726,21.200125,21.14243,21.700546,19.774776,18.252966,18.572521,19.008432,19.695103,19.462427,20.58122,5.2587724,5.6347075,6.2913666,7.669528,8.59221,9.632251,11.661928,16.627558,22.020283,26.34452,32.746426,39.89438,47.949017,59.536713,69.7799,80.58529,90.16108,95.10533,102.86344,105.174126,All tokens,517,1644,"user
 QUESTION: Which of these states is farthest east?
OPTIONS:
0: Oregon
1: Wyoming
2: New Mexico
3: North Dakota

Answer with the correct option from 0 to 3. Only provide the numeric and nothing else 

Answer: 
assistant
3",3,3,grade5,"user
 QUESTION: Which of these states is farthest east?
OPTIONS:
0: Oregon
1: Wyoming
2: New Mexico
3: North Dakota

Answer with the correct option from 0 to 3. Only provide the numeric and nothing else 

Answer: 
assistant
0",0,3,grade5
17,4.5350313,39.109993,38.58149,40.0482,55.840164,67.63897,84.35711,7.9739957,9.708481,11.676147,11.886548,11.331811,12.1837225,13.125239,14.590837,14.822301,15.936566,15.83994,18.069628,20.856598,27.394377,31.599527,36.654037,41.933727,53.1076,62.515114,69.100586,74.78189,79.427345,83.520546,86.04933,81.02949,81.02152,80.66683,77.24156,62.548183,58.6375,All tokens,616,1970,"user
 QUESTION: What is the expected ratio of offspring with vestigial wings to offspring with normal wings? Choose the most likely ratio.
OPTIONS:
0: 1:3
1: 4:0
2: 3:1
3: 2:2
4: 0:4

Answer with the correct option from 0 to 4. Only provide the numeric and nothing else 

Answer: 
assistant
0",0,3,grade8,"user
 QUESTION: What is the expected ratio of offspring with vestigial wings to offspring with normal wings? Choose the most likely ratio.
OPTIONS:
0: 1:3
1: 4:0
2: 3:1
3: 2:2
4: 0:4

Answer with the correct option from 0 to 4. Only provide the numeric and nothing else 

Answer: 
assistant
2",2,3,grade8
18,16.410215,30.41212,32.34747,29.574213,35.87175,38.430466,45.460094,15.12453,16.429993,17.837238,16.65051,15.633642,16.186615,16.50159,17.796019,17.917185,19.159966,7.5790453,8.6218,9.930022,12.838105,14.808649,16.979872,20.341627,28.781399,36.475544,42.66797,50.83249,57.361107,64.51251,70.89314,74.54228,80.54598,81.94754,74.8198,58.53458,64.244484,All tokens,27,100,"user
 QUESTION: Compare the average kinetic energies of the particles in each sample. Which sample has the higher temperature?
OPTIONS:
0: neither; the samples have the same temperature
1: sample B
2: sample A

Answer with the correct option from 0 to 2. Only provide the numeric and nothing else 

Answer: 
assistant
0",0,1,grade7,"user
 QUESTION: Compare the average kinetic energies of the particles in each sample. Which sample has the higher temperature?
OPTIONS:
0: neither; the samples have the same temperature
1: sample B
2: sample A

Answer with the correct option from 0 to 2. Only provide the numeric and nothing else 

Answer: 
assistant
2",2,1,grade7
19,8.128817,20.422575,21.061531,19.248648,25.213423,28.362381,36.213318,3.5555427,3.77937,4.0194054,3.7943816,3.5763116,3.6845706,3.8275614,4.0380793,4.0708604,4.331261,2.1941738,2.3361807,2.5033622,2.9818807,3.2805822,3.6392207,4.28981,5.9755716,8.030392,10.204587,12.934481,16.700474,21.93883,27.171564,33.03078,39.96535,45.73485,47.48974,48.277203,51.31738,All tokens,574,1844,"user
 QUESTION: Which solution has a higher concentration of green particles?
OPTIONS:
0: Solution B
1: Solution A
2: neither; their concentrations are the same

Answer with the correct option from 0 to 2. Only provide the numeric and nothing else 

Answer: 
assistant
0",0,0,grade7,"user
 QUESTION: Which solution has a higher concentration of green particles?
OPTIONS:
0: Solution B
1: Solution A
2: neither; their concentrations are the same

Answer with the correct option from 0 to 2. Only provide the numeric and nothing else 

Answer: 
assistant
1",1,0,grade7
20,6.2792225,17.082775,17.054497,16.295507,21.455502,23.741789,30.547138,2.6882572,2.8244553,3.0321581,2.922279,2.7598505,2.853032,2.8706884,2.980915,3.018129,3.126674,3.1164024,3.4080799,3.7611089,4.597549,5.1022806,5.735555,6.7843766,9.549499,12.717614,15.648619,19.33818,23.562792,29.099712,33.9017,37.98016,42.73562,46.000217,45.4719,40.91612,44.8385,All tokens,203,671,"user
 QUESTION: Will these magnets attract or repel each other?
OPTIONS:
0: attract
1: repel

Answer with the correct option from 0 to 1. Only provide the numeric and nothing else 

Answer: 
assistant
1",1,0,grade3,"user
 QUESTION: Will these magnets attract or repel each other?
OPTIONS:
0: attract
1: repel

Answer with the correct option from 0 to 1. Only provide the numeric and nothing else 

Answer: 
assistant
0",0,0,grade3
21,16.991776,32.35474,34.33707,35.365913,41.450485,45.14925,56.205418,15.671674,17.313354,19.426277,18.550283,18.112705,19.240225,20.037989,21.56536,21.336424,22.901117,4.9397864,5.3553395,6.008313,7.5694046,8.623191,9.703632,11.912016,17.596272,24.375671,30.211851,38.12914,46.463825,56.378094,65.270905,72.60395,80.56242,85.68676,83.61862,74.32053,67.93667,All tokens,429,1349,"user
 QUESTION: Which air temperature was measured within the outlined area shown?
OPTIONS:
0: 30°C
1: 14°C
2: 10°C

Answer with the correct option from 0 to 2. Only provide the numeric and nothing else 

Answer: 
assistant
0",0,0,grade6,"user
 QUESTION: Which air temperature was measured within the outlined area shown?
OPTIONS:
0: 30°C
1: 14°C
2: 10°C

Answer with the correct option from 0 to 2. Only provide the numeric and nothing else 

Answer: 
assistant
1",1,0,grade6
22,34.65019,50.78894,59.8875,62.02951,63.513885,62.48778,62.472836,33.970455,33.335163,33.800125,31.245607,29.599339,29.766212,30.67174,31.609407,31.905907,33.57778,6.656009,7.3878775,8.42092,10.287647,11.825068,13.435285,16.075626,24.161795,30.923567,35.890667,44.72324,50.7453,60.388123,69.95334,79.46985,88.68766,96.88082,102.013275,104.725525,118.31208,All tokens,225,738,"user
 QUESTION: Which country is highlighted?
OPTIONS:
0: Cuba
1: Haiti
2: Trinidad and Tobago
3: Grenada

Answer with the correct option from 0 to 3. Only provide the numeric and nothing else 

Answer: 
assistant
1",1,1,grade7,"user
 QUESTION: Which country is highlighted?
OPTIONS:
0: Cuba
1: Haiti
2: Trinidad and Tobago
3: Grenada

Answer with the correct option from 0 to 3. Only provide the numeric and nothing else 

Answer: 
assistant
2",2,1,grade7
23,15.935669,29.278969,31.444448,29.0784,35.174614,37.321945,44.076984,14.182513,15.378647,16.79861,15.793452,14.923371,15.441175,15.818949,17.035786,17.22406,18.454716,6.1434445,6.867674,7.8681226,10.075464,11.567291,13.23812,15.962999,23.013422,29.937902,35.758163,43.886707,50.857803,58.625477,65.5923,70.28885,76.74497,78.325195,72.843056,57.46177,65.59224,All tokens,459,1465,"user
 QUESTION: Compare the average kinetic energies of the particles in each sample. Which sample has the higher temperature?
OPTIONS:
0: sample B
1: neither; the samples have the same temperature
2: sample A

Answer with the correct option from 0 to 2. Only provide the numeric and nothing else 

Answer: 
assistant
0",0,0,grade6,"user
 QUESTION: Compare the average kinetic energies of the particles in each sample. Which sample has the higher temperature?
OPTIONS:
0: sample B
1: neither; the samples have the same temperature
2: sample A

Answer with the correct option from 0 to 2. Only provide the numeric and nothing else 

Answer: 
assistant
2",2,0,grade6
24,5.988244,20.846548,20.775074,21.663845,30.609043,37.59466,50.057335,4.0941167,4.491014,4.996104,4.868223,4.5798097,4.8602295,5.0154533,5.300856,5.374016,5.645338,2.5646586,2.7664037,3.0190725,3.7294927,4.121608,4.643469,5.476191,7.866721,10.89854,13.8047695,17.51809,22.173918,28.660093,34.137623,40.00599,45.747894,50.46107,51.266277,49.240517,52.67208,All tokens,603,1930,"user
 QUESTION: Think about the magnetic force between the magnets in each pair. Which of the following statements is true?
OPTIONS:
0: The magnetic force is weaker in Pair 2.
1: The magnetic force is weaker in Pair 1.
2: The strength of the magnetic force is the same in both pairs.

Answer with the correct option from 0 to 2. Only provide the numeric and nothing else 

Answer: 
assistant
2",2,2,grade3,"user
 QUESTION: Think about the magnetic force between the magnets in each pair. Which of the following statements is true?
OPTIONS:
0: The magnetic force is weaker in Pair 2.
1: The magnetic force is weaker in Pair 1.
2: The strength of the magnetic force is the same in both pairs.

Answer with the correct option from 0 to 2. Only provide the numeric and nothing else 

Answer: 
assistant
0",0,2,grade3
25,12.415508,29.112299,31.580761,33.546837,42.845005,48.722878,57.86306,4.34947,4.695401,5.0062733,4.7713485,4.5474477,4.6861486,4.674324,4.8831363,4.9706335,5.1575217,5.058869,5.5544243,6.2493,7.867802,8.779185,9.804012,11.757229,16.501411,22.684025,27.156475,32.53258,37.904022,43.514946,49.353477,53.803944,57.567078,61.27554,61.506042,57.23079,49.593636,All tokens,284,930,"user
 QUESTION: Is the following statement about our solar system true or false?
The volume of Uranus is less than ten times the volume of Neptune.
OPTIONS:
0: false
1: true

Answer with the correct option from 0 to 1. Only provide the numeric and nothing else 

Answer: 
assistant
1",1,1,grade8,"user
 QUESTION: Is the following statement about our solar system true or false?
The volume of Uranus is less than ten times the volume of Neptune.
OPTIONS:
0: false
1: true

Answer with the correct option from 0 to 1. Only provide the numeric and nothing else 

Answer: 
assistant
0",0,1,grade8
26,9.689178,18.719398,18.754822,17.6871,21.798222,24.775494,31.670002,3.3974156,3.4004545,3.5371008,3.3007376,3.0056188,3.0898604,3.0518763,3.17211,3.188003,3.326617,2.2191064,2.3604732,2.5283809,2.979969,3.2333028,3.5821805,4.07065,5.5287905,7.366672,9.111623,11.676563,15.045624,19.69058,24.083225,28.847338,34.499706,39.347706,40.816372,43.793472,49.544716,All tokens,6,26,"user
 QUESTION: Will these magnets attract or repel each other?
OPTIONS:
0: repel
1: attract

Answer with the correct option from 0 to 1. Only provide the numeric and nothing else 

Answer: 
assistant
0",0,0,grade5,"user
 QUESTION: Will these magnets attract or repel each other?
OPTIONS:
0: repel
1: attract

Answer with the correct option from 0 to 1. Only provide the numeric and nothing else 

Answer: 
assistant
1",1,0,grade5
27,26.13477,41.887173,46.712173,46.706253,48.544186,49.78656,51.75279,22.52606,22.21765,22.211931,20.395142,18.402975,18.395967,18.778933,19.077179,18.861467,19.395983,4.3642406,4.6499443,5.105236,6.060197,6.772899,7.5800705,9.156915,12.747681,16.83604,20.106955,24.872095,30.772177,37.531147,48.97436,59.21525,70.04477,81.91836,88.56916,100.78469,102.14831,All tokens,163,523,"user
 QUESTION: Which state is highlighted?
OPTIONS:
0: Pennsylvania
1: Vermont
2: Rhode Island
3: New Jersey

Answer with the correct option from 0 to 3. Only provide the numeric and nothing else 

Answer: 
assistant
3",3,3,grade3,"user
 QUESTION: Which state is highlighted?
OPTIONS:
0: Pennsylvania
1: Vermont
2: Rhode Island
3: New Jersey

Answer with the correct option from 0 to 3. Only provide the numeric and nothing else 

Answer: 
assistant
2",2,3,grade3
28,30.43859,48.308052,54.811813,51.333275,54.220345,55.24266,58.219006,20.642132,20.460867,20.930378,18.950203,17.406288,17.754602,18.377663,19.029367,18.772833,20.035456,5.251829,5.667794,6.323642,7.700384,8.684262,9.811583,11.856742,16.78981,22.409225,26.840706,33.32295,40.455765,48.603302,60.243053,70.3894,80.979614,90.5323,95.67905,100.42577,104.76044,All tokens,348,1112,"user
 QUESTION: Which of these states is farthest west?
OPTIONS:
0: Delaware
1: Florida
2: Rhode Island
3: Maine

Answer with the correct option from 0 to 3. Only provide the numeric and nothing else 

Answer: 
assistant
0",0,1,grade5,"user
 QUESTION: Which of these states is farthest west?
OPTIONS:
0: Delaware
1: Florida
2: Rhode Island
3: Maine

Answer with the correct option from 0 to 3. Only provide the numeric and nothing else 

Answer: 
assistant
3",3,1,grade5
29,18.300097,36.790157,36.67815,31.165941,37.093433,37.912968,43.561913,5.504776,5.802839,6.1927924,5.810265,5.3628073,5.40566,5.4666853,5.623808,5.6107025,6.0588684,2.2980921,2.437322,2.6226037,3.0886624,3.3514786,3.7004638,4.5749893,6.3303943,8.660977,10.900038,14.467093,18.438055,23.735964,30.008827,36.46626,43.15588,48.97159,52.49589,60.05762,62.550926,All tokens,159,516,"user
 QUESTION: Which is the main persuasive appeal used in this ad?
OPTIONS:
0: pathos (emotion)
1: ethos (character)
2: logos (reason)

Answer with the correct option from 0 to 2. Only provide the numeric and nothing else 

Answer: 
assistant
2",2,2,grade7,"user
 QUESTION: Which is the main persuasive appeal used in this ad?
OPTIONS:
0: pathos (emotion)
1: ethos (character)
2: logos (reason)

Answer with the correct option from 0 to 2. Only provide the numeric and nothing else 

Answer: 
assistant
0",0,2,grade7
30,4.0388713,10.067778,9.54599,8.730157,11.098882,12.836327,17.112429,4.6049757,4.9709687,5.413391,5.186162,4.951303,5.023457,5.0781403,5.320899,5.2195883,5.469324,5.37178,5.7751327,6.4034433,8.043776,8.929954,10.077326,12.377274,17.393211,23.187555,28.393631,34.47762,40.16782,46.947838,52.797867,55.596954,59.411762,60.92037,61.277443,52.097893,39.58257,All tokens,220,720,"user
 QUESTION: Which statement describes the Steigerwald Forest ecosystem?
OPTIONS:
0: It has soil that is rich in nutrients.
1: It has a small amount of rain or snow.
2: It has soil that is poor in nutrients.

Answer with the correct option from 0 to 2. Only provide the numeric and nothing else 

Answer: 
assistant
0",0,0,grade8,"user
 QUESTION: Which statement describes the Steigerwald Forest ecosystem?
OPTIONS:
0: It has soil that is rich in nutrients.
1: It has a small amount of rain or snow.
2: It has soil that is poor in nutrients.

Answer with the correct option from 0 to 2. Only provide the numeric and nothing else 

Answer: 
assistant
2",2,0,grade8
31,11.905856,21.913364,21.667936,20.775673,23.828503,24.711128,29.009636,4.06748,4.138237,4.276727,3.9997022,3.6265488,3.6839292,3.6812978,3.7388833,3.7428775,3.8992743,3.8466535,4.18299,4.5491304,5.51863,6.0925083,6.8174872,8.055166,11.17476,15.200829,18.974428,23.972,29.176844,35.52925,42.851383,49.11014,56.482067,60.630634,60.962975,56.250698,58.393436,All tokens,344,1101,"user
 QUESTION: Which property do these three objects have in common?
OPTIONS:
0: shiny
1: rough
2: fragile

Answer with the correct option from 0 to 2. Only provide the numeric and nothing else 

Answer: 
assistant
0",0,0,grade3,"user
 QUESTION: Which property do these three objects have in common?
OPTIONS:
0: shiny
1: rough
2: fragile

Answer with the correct option from 0 to 2. Only provide the numeric and nothing else 

Answer: 
assistant
2",2,0,grade3
32,28.978184,46.16777,52.01806,48.793346,52.07686,52.370018,55.3793,20.422663,20.319948,20.957157,19.204657,17.774027,18.170145,18.630934,19.29306,19.070452,20.235365,3.99204,4.25413,4.6931944,5.6251726,6.2778926,7.018224,8.423772,11.918044,16.021189,19.255066,24.475021,30.564949,37.88885,49.195328,59.650555,70.94675,81.342514,87.12158,101.328835,103.20343,All tokens,94,305,"user
 QUESTION: Which of these states is farthest south?
OPTIONS:
0: Colorado
1: Montana
2: Washington
3: Pennsylvania

Answer with the correct option from 0 to 3. Only provide the numeric and nothing else 

Answer: 
assistant
0",0,0,grade2,"user
 QUESTION: Which of these states is farthest south?
OPTIONS:
0: Colorado
1: Montana
2: Washington
3: Pennsylvania

Answer with the correct option from 0 to 3. Only provide the numeric and nothing else 

Answer: 
assistant
3",3,0,grade2
33,8.275055,19.17208,19.492315,18.222046,23.217155,25.435007,32.278606,3.6977727,3.9062738,4.136329,3.9244175,3.6900418,3.7675762,3.8989902,4.1087613,4.153506,4.372491,2.100178,2.22749,2.3755472,2.7949615,3.051771,3.366548,3.8841696,5.3481874,7.2267294,9.124358,11.676999,15.238131,20.261786,25.37186,31.256826,38.332733,44.192883,45.766254,46.44535,49.397644,All tokens,389,1239,"user
 QUESTION: Which solution has a higher concentration of green particles?
OPTIONS:
0: Solution A
1: Solution B
2: neither; their concentrations are the same

Answer with the correct option from 0 to 2. Only provide the numeric and nothing else 

Answer: 
assistant
1",1,1,grade8,"user
 QUESTION: Which solution has a higher concentration of green particles?
OPTIONS:
0: Solution A
1: Solution B
2: neither; their concentrations are the same

Answer with the correct option from 0 to 2. Only provide the numeric and nothing else 

Answer: 
assistant
0",0,1,grade8
34,6.597972,17.938202,17.556862,16.45861,21.644958,24.013285,30.851639,2.7626097,2.898289,3.1110675,2.9994404,2.8328567,2.937495,2.965439,3.0843747,3.1164186,3.2285109,3.2095988,3.4857416,3.8426554,4.714463,5.249754,5.909984,7.032556,9.8553505,13.164498,16.16685,20.021494,24.316523,30.01056,34.52003,38.3765,42.911713,46.04604,45.558285,40.971455,44.382923,All tokens,99,323,"user
 QUESTION: Will these magnets attract or repel each other?
OPTIONS:
0: attract
1: repel

Answer with the correct option from 0 to 1. Only provide the numeric and nothing else 

Answer: 
assistant
1",1,1,grade2,"user
 QUESTION: Will these magnets attract or repel each other?
OPTIONS:
0: attract
1: repel

Answer with the correct option from 0 to 1. Only provide the numeric and nothing else 

Answer: 
assistant
0",0,1,grade2
35,5.533752,21.347754,21.101946,21.328787,30.271618,37.66183,50.228535,4.1038995,4.557888,5.1295323,4.9855056,4.7355657,5.0314984,5.236577,5.48418,5.5758476,5.865982,5.823165,6.5402284,7.4592934,9.923353,11.355926,13.141723,15.694072,22.087828,28.949305,34.53935,40.88021,46.55051,53.146233,57.934185,60.919067,64.51343,65.153244,61.15735,50.086124,52.69865,All tokens,367,1174,"user
 QUESTION: Think about the magnetic force between the magnets in each pair. Which of the following statements is true?
OPTIONS:
0: The magnitude of the magnetic force is greater in Pair 1.
1: The magnitude of the magnetic force is the same in both pairs.
2: The magnitude of the magnetic force is greater in Pair 2.

Answer with the correct option from 0 to 2. Only provide the numeric and nothing else 

Answer: 
assistant
2",2,2,grade5,"user
 QUESTION: Think about the magnetic force between the magnets in each pair. Which of the following statements is true?
OPTIONS:
0: The magnitude of the magnetic force is greater in Pair 1.
1: The magnitude of the magnetic force is the same in both pairs.
2: The magnitude of the magnetic force is greater in Pair 2.

Answer with the correct option from 0 to 2. Only provide the numeric and nothing else 

Answer: 
assistant
0",0,2,grade5
36,4.3927794,18.20187,17.760971,19.21744,27.866638,34.19143,46.284443,3.3513644,3.6896641,4.0872355,3.9861968,3.7530282,3.9585018,4.088585,4.298357,4.363167,4.557307,4.518325,5.024456,5.7118225,7.490529,8.528929,9.942323,11.948254,17.382906,23.675903,29.07684,35.041336,40.853012,47.789227,52.816395,56.11651,60.293167,61.26605,57.87564,47.119843,51.922295,All tokens,352,1129,"user
 QUESTION: Think about the magnetic force between the magnets in each pair. Which of the following statements is true?
OPTIONS:
0: The magnetic force is stronger in Pair 2.
1: The magnetic force is stronger in Pair 1.
2: The strength of the magnetic force is the same in both pairs.

Answer with the correct option from 0 to 2. Only provide the numeric and nothing else 

Answer: 
assistant
1",1,1,grade4,"user
 QUESTION: Think about the magnetic force between the magnets in each pair. Which of the following statements is true?
OPTIONS:
0: The magnetic force is stronger in Pair 2.
1: The magnetic force is stronger in Pair 1.
2: The strength of the magnetic force is the same in both pairs.

Answer with the correct option from 0 to 2. Only provide the numeric and nothing else 

Answer: 
assistant
0",0,1,grade4
37,25.83896,39.476414,43.905167,44.94234,47.094475,47.83139,50.626236,11.518923,11.367836,11.841875,10.704466,9.935206,9.900206,10.312651,10.922653,10.908867,11.672406,3.5411518,3.7816308,4.1431518,4.918749,5.4662733,6.0846367,7.3691707,10.686608,14.130597,17.13919,22.07522,27.53637,34.83355,43.206623,52.314404,63.09565,71.32281,74.849884,83.0075,81.91851,All tokens,618,1978,"user
 QUESTION: Which continent is highlighted?
OPTIONS:
0: Africa
1: Australia
2: Antarctica
3: Asia

Answer with the correct option from 0 to 3. Only provide the numeric and nothing else 

Answer: 
assistant
2",2,2,grade7,"user
 QUESTION: Which continent is highlighted?
OPTIONS:
0: Africa
1: Australia
2: Antarctica
3: Asia

Answer with the correct option from 0 to 3. Only provide the numeric and nothing else 

Answer: 
assistant
0",0,2,grade7
38,36.056892,53.324066,62.79254,64.65871,65.986565,65.18584,65.18814,34.517433,34.178986,34.684223,32.08007,30.31371,30.531258,31.371902,32.26733,32.45734,34.007076,6.442999,7.147463,8.064218,9.79769,11.277268,12.82185,15.3895855,23.279346,30.082499,34.903805,43.740314,49.727734,59.375706,68.80789,79.04208,89.05508,98.125565,103.92537,107.3331,121.09624,All tokens,270,897,"user
 QUESTION: Which country is highlighted?
OPTIONS:
0: Haiti
1: Saint Kitts and Nevis
2: the Dominican Republic
3: Dominica

Answer with the correct option from 0 to 3. Only provide the numeric and nothing else 

Answer: 
assistant
3",3,3,grade6,"user
 QUESTION: Which country is highlighted?
OPTIONS:
0: Haiti
1: Saint Kitts and Nevis
2: the Dominican Republic
3: Dominica

Answer with the correct option from 0 to 3. Only provide the numeric and nothing else 

Answer: 
assistant
2",2,3,grade6
39,26.484137,40.515503,44.966694,45.263012,47.532417,48.421345,51.598885,11.781101,11.641115,12.178053,11.097993,10.357527,10.292646,10.714787,11.395746,11.352922,12.064437,2.8853493,3.0676942,3.333071,3.9128933,4.311048,4.7874255,5.746272,8.153791,10.767214,13.229553,17.096163,21.846764,28.383879,36.062794,45.36766,56.27498,65.336365,69.76873,84.48875,84.71458,All tokens,44,156,"user
 QUESTION: Which continent is highlighted?
OPTIONS:
0: Australia
1: Africa
2: South America
3: Europe

Answer with the correct option from 0 to 3. Only provide the numeric and nothing else 

Answer: 
assistant
2",2,2,grade4,"user
 QUESTION: Which continent is highlighted?
OPTIONS:
0: Australia
1: Africa
2: South America
3: Europe

Answer with the correct option from 0 to 3. Only provide the numeric and nothing else 

Answer: 
assistant
0",0,2,grade4
40,34.610615,50.420376,59.9471,62.45737,64.223015,63.609287,64.27746,34.28707,33.687874,34.36006,32.026653,30.28247,30.837843,31.792372,33.04633,33.310986,35.526543,7.9191976,8.844495,10.145401,12.425189,14.421233,16.55522,19.647602,27.926094,35.378693,41.322983,49.7596,56.136612,65.30132,72.71091,80.44151,87.56995,96.41696,101.41043,97.08984,109.500694,All tokens,470,1504,"user
 QUESTION: Which country is highlighted?
OPTIONS:
0: Fiji
1: Solomon Islands
2: Australia
3: the Marshall Islands

Answer with the correct option from 0 to 3. Only provide the numeric and nothing else 

Answer: 
assistant
1",1,1,grade8,"user
 QUESTION: Which country is highlighted?
OPTIONS:
0: Fiji
1: Solomon Islands
2: Australia
3: the Marshall Islands

Answer with the correct option from 0 to 3. Only provide the numeric and nothing else 

Answer: 
assistant
3",3,1,grade8
41,6.3751006,17.828491,17.547184,16.63447,21.736425,24.012857,30.793312,2.6660442,2.8067806,3.0219414,2.9173698,2.7546496,2.8488507,2.8825846,2.9974632,3.0385654,3.1581545,3.1468918,3.4420128,3.7774606,4.6152115,5.102171,5.7614193,6.8381143,9.539255,12.690692,15.554669,19.213858,23.317835,28.610727,33.12632,36.934494,41.738445,45.0303,44.97306,40.60379,43.52767,All tokens,549,1737,"user
 QUESTION: Will these magnets attract or repel each other?
OPTIONS:
0: repel
1: attract

Answer with the correct option from 0 to 1. Only provide the numeric and nothing else 

Answer: 
assistant
0",0,1,grade2,"user
 QUESTION: Will these magnets attract or repel each other?
OPTIONS:
0: repel
1: attract

Answer with the correct option from 0 to 1. Only provide the numeric and nothing else 

Answer: 
assistant
1",1,1,grade2
42,9.489173,53.782017,58.898228,62.091152,74.43466,78.49053,89.31291,8.200069,9.789283,11.56369,11.198823,10.397772,11.121787,11.451501,12.744645,12.791865,13.689654,13.407096,15.214963,17.958117,24.081902,27.704523,32.412838,37.88095,49.097946,59.540348,65.77048,72.46171,77.48381,82.48298,86.23812,84.67104,85.74337,82.34767,75.68385,60.3064,56.925358,All tokens,127,407,"user
 QUESTION: What can Austin and Colin trade to each get what they want?
OPTIONS:
0: Colin can trade his broccoli for Austin's oranges.
1: Colin can trade his almonds for Austin's tomatoes.
2: Austin can trade his tomatoes for Colin's carrots.
3: Austin can trade his tomatoes for Colin's broccoli.

Answer with the correct option from 0 to 3. Only provide the numeric and nothing else 

Answer: 
assistant
0",0,3,grade8,"user
 QUESTION: What can Austin and Colin trade to each get what they want?
OPTIONS:
0: Colin can trade his broccoli for Austin's oranges.
1: Colin can trade his almonds for Austin's tomatoes.
2: Austin can trade his tomatoes for Colin's carrots.
3: Austin can trade his tomatoes for Colin's broccoli.

Answer with the correct option from 0 to 3. Only provide the numeric and nothing else 

Answer: 
assistant
3",3,3,grade8
43,5.570327,17.8116,17.314177,16.610153,23.980186,29.597378,41.3349,5.197641,5.7245345,6.360859,6.133722,5.7399006,6.0356274,6.2139196,6.5869913,6.6441007,6.9947624,6.9331245,7.837765,8.997475,11.928995,13.687806,15.930134,18.903048,26.38309,34.155117,40.396034,47.804955,53.704903,61.05109,66.26663,68.31232,71.89335,71.6834,65.68611,51.926464,52.47987,All tokens,387,1237,"user
 QUESTION: Think about the magnetic force between the magnets in each pair. Which of the following statements is true?
OPTIONS:
0: The magnitude of the magnetic force is greater in Pair 1.
1: The magnitude of the magnetic force is the same in both pairs.
2: The magnitude of the magnetic force is greater in Pair 2.

Answer with the correct option from 0 to 2. Only provide the numeric and nothing else 

Answer: 
assistant
0",0,0,grade8,"user
 QUESTION: Think about the magnetic force between the magnets in each pair. Which of the following statements is true?
OPTIONS:
0: The magnitude of the magnetic force is greater in Pair 1.
1: The magnitude of the magnetic force is the same in both pairs.
2: The magnitude of the magnetic force is greater in Pair 2.

Answer with the correct option from 0 to 2. Only provide the numeric and nothing else 

Answer: 
assistant
2",2,0,grade8
44,35.6451,51.91966,60.00229,62.566353,64.22188,63.0745,62.883812,34.817028,34.350197,34.945915,32.316097,30.49098,30.605179,31.342133,32.094696,32.3014,34.000526,12.190213,13.679438,15.684487,19.007856,21.777805,24.473848,28.014297,40.24223,48.764412,54.19864,64.76324,69.08978,78.08575,85.970505,93.31903,100.9103,106.99463,110.373055,108.05219,118.912285,All tokens,80,276,"user
 QUESTION: Which country is highlighted?
OPTIONS:
0: the Dominican Republic
1: Grenada
2: Jamaica
3: Trinidad and Tobago

Answer with the correct option from 0 to 3. Only provide the numeric and nothing else 

Answer: 
assistant
3",3,3,grade7,"user
 QUESTION: Which country is highlighted?
OPTIONS:
0: the Dominican Republic
1: Grenada
2: Jamaica
3: Trinidad and Tobago

Answer with the correct option from 0 to 3. Only provide the numeric and nothing else 

Answer: 
assistant
2",2,3,grade7
45,14.468736,34.18856,36.46453,38.323273,48.633156,54.66755,63.053246,4.199036,4.5612335,4.824609,4.6179132,4.440671,4.622466,4.6497865,4.8076835,4.8939633,5.1172504,5.0525956,5.5585256,6.3076715,8.068406,8.956331,10.1433935,12.291859,17.297297,23.53628,28.27806,33.567547,38.959656,44.424805,49.891808,54.539368,58.279163,62.375404,62.19919,58.725418,51.83827,All tokens,565,1805,"user
 QUESTION: Is the following statement about our solar system true or false?
The smallest planet is made mainly of rock.
OPTIONS:
0: false
1: true

Answer with the correct option from 0 to 1. Only provide the numeric and nothing else 

Answer: 
assistant
1",1,1,grade6,"user
 QUESTION: Is the following statement about our solar system true or false?
The smallest planet is made mainly of rock.
OPTIONS:
0: false
1: true

Answer with the correct option from 0 to 1. Only provide the numeric and nothing else 

Answer: 
assistant
0",0,1,grade6
46,4.5824995,10.572196,9.490592,9.169049,11.201284,12.903001,17.493208,4.5745835,4.9415994,5.434221,5.293365,5.047827,5.1206465,5.236364,5.4777017,5.3884044,5.652624,5.5457897,5.958115,6.594022,8.207377,9.133261,10.439035,12.654076,17.957094,24.185614,29.387936,35.925785,42.157684,49.488155,55.673725,59.20935,63.4978,65.51297,63.206833,53.0989,45.171852,All tokens,300,974,"user
 QUESTION: Does this passage describe the weather or the climate?
OPTIONS:
0: weather
1: climate

Answer with the correct option from 0 to 1. Only provide the numeric and nothing else 

Answer: 
assistant
0",0,0,grade6,"user
 QUESTION: Does this passage describe the weather or the climate?
OPTIONS:
0: weather
1: climate

Answer with the correct option from 0 to 1. Only provide the numeric and nothing else 

Answer: 
assistant
1",1,0,grade6
47,4.655702,21.433508,21.28554,21.922796,31.84013,39.74039,52.976894,3.8979666,4.3480005,4.886105,4.7643976,4.556054,4.8303304,5.0164485,5.298557,5.391236,5.666155,5.5900626,6.2568717,7.1121264,9.592903,10.958558,12.81825,15.519747,22.252226,29.385786,35.483246,41.970844,48.031914,55.17034,60.220562,62.792664,66.17964,67.351814,63.826897,52.146713,55.354248,All tokens,370,1185,"user
 QUESTION: Think about the magnetic force between the magnets in each pair. Which of the following statements is true?
OPTIONS:
0: The magnitude of the magnetic force is smaller in Pair 2.
1: The magnitude of the magnetic force is smaller in Pair 1.
2: The magnitude of the magnetic force is the same in both pairs.

Answer with the correct option from 0 to 2. Only provide the numeric and nothing else 

Answer: 
assistant
2",2,1,grade7,"user
 QUESTION: Think about the magnetic force between the magnets in each pair. Which of the following statements is true?
OPTIONS:
0: The magnitude of the magnetic force is smaller in Pair 2.
1: The magnitude of the magnetic force is smaller in Pair 1.
2: The magnitude of the magnetic force is the same in both pairs.

Answer with the correct option from 0 to 2. Only provide the numeric and nothing else 

Answer: 
assistant
0",0,1,grade7
48,7.540983,15.026009,15.525771,15.46227,19.537182,22.107147,28.254099,2.7884402,2.821411,2.907838,2.745609,2.5411558,2.5981853,2.5835261,2.6591756,2.690689,2.7926462,1.9920558,2.0902588,2.2159111,2.558591,2.7466235,2.9760745,3.3584309,4.411176,5.698269,7.0070877,8.990539,11.500422,15.00494,18.794016,23.354383,28.393158,33.68036,35.89979,39.858154,45.16286,All tokens,591,1884,"user
 QUESTION: Will these magnets attract or repel each other?
OPTIONS:
0: repel
1: attract

Answer with the correct option from 0 to 1. Only provide the numeric and nothing else 

Answer: 
assistant
0",0,0,grade4,"user
 QUESTION: Will these magnets attract or repel each other?
OPTIONS:
0: repel
1: attract

Answer with the correct option from 0 to 1. Only provide the numeric and nothing else 

Answer: 
assistant
1",1,0,grade4
49,34.164524,47.989445,56.572254,58.41616,59.78869,59.24626,59.762066,34.443886,34.06813,34.807514,32.439148,30.72263,31.276747,32.39149,33.629513,34.10966,35.84334,5.930787,6.5588346,7.448625,9.008256,10.374382,11.901558,14.359052,21.16452,27.167034,32.155342,39.851078,46.435463,56.350517,66.033905,75.72082,86.14495,96.62762,102.98815,106.69383,111.941734,All tokens,196,647,"user
 QUESTION: Which country is highlighted?
OPTIONS:
0: Solomon Islands
1: New Zealand
2: Papua New Guinea
3: Australia

Answer with the correct option from 0 to 3. Only provide the numeric and nothing else 

Answer: 
assistant
3",3,3,grade7,"user
 QUESTION: Which country is highlighted?
OPTIONS:
0: Solomon Islands
1: New Zealand
2: Papua New Guinea
3: Australia

Answer with the correct option from 0 to 3. Only provide the numeric and nothing else 

Answer: 
assistant
2",2,3,grade7
0,35.02495,49.37272,57.10651,59.439472,59.217255,57.652542,55.361614,55.73652,54.704445,52.706123,52.775814,53.06181,54.269333,56.39371,55.50297,57.650124,60.565937,7.019598,7.652599,8.735777,10.474167,11.871878,13.309542,15.589561,21.737043,26.944117,30.443726,36.619904,41.007652,46.706596,53.06677,58.714134,65.19203,71.114334,75.44845,73.76013,86.70491,Img tokens,114,369,"user
 QUESTION: Which continent is highlighted?
OPTIONS:
0: Africa
1: South America
2: Europe
3: Australia

Answer with the correct option from 0 to 3. Only provide the numeric and nothing else 

Answer: 
assistant
2",2,2,grade8,"user
 QUESTION: Which continent is highlighted?
OPTIONS:
0: Africa
1: South America
2: Europe
3: Australia

Answer with the correct option from 0 to 3. Only provide the numeric and nothing else 

Answer: 
assistant
0",0,2,grade8
1,17.205242,22.462225,24.448069,24.0423,24.091148,23.789717,23.494287,23.470898,22.979282,23.031364,23.040104,23.75565,24.701674,26.334507,26.473291,28.076115,28.699726,3.5830762,3.6635127,3.8864322,4.387887,4.752962,5.093051,6.0868626,7.478694,9.147328,10.45549,12.988152,15.543653,18.748478,22.268105,25.977154,29.538824,32.380543,35.209293,37.030365,40.500988,Img tokens,25,98,"user
 QUESTION: Does this passage describe the weather or the climate?
OPTIONS:
0: weather
1: climate

Answer with the correct option from 0 to 1. Only provide the numeric and nothing else 

Answer: 
assistant
0",0,0,grade4,"user
 QUESTION: Does this passage describe the weather or the climate?
OPTIONS:
0: weather
1: climate

Answer with the correct option from 0 to 1. Only provide the numeric and nothing else 

Answer: 
assistant
1",1,0,grade4
2,34.113594,47.78883,55.745823,57.929234,57.98138,56.53903,54.55636,54.79739,54.087143,52.87769,52.7813,52.303444,53.340416,55.344986,54.77521,56.572144,59.239796,3.9594133,4.196279,4.6125116,5.4041896,5.987872,6.5638433,7.8525643,11.18459,14.429962,16.904917,21.545753,26.256857,32.401676,39.685566,47.27979,55.613285,62.715786,68.37531,73.32449,83.65439,Img tokens,281,925,"user
 QUESTION: Which ocean is highlighted?
OPTIONS:
0: the Southern Ocean
1: the Pacific Ocean
2: the Arctic Ocean
3: the Indian Ocean

Answer with the correct option from 0 to 3. Only provide the numeric and nothing else 

Answer: 
assistant
2",2,0,grade8,"user
 QUESTION: Which ocean is highlighted?
OPTIONS:
0: the Southern Ocean
1: the Pacific Ocean
2: the Arctic Ocean
3: the Indian Ocean

Answer with the correct option from 0 to 3. Only provide the numeric and nothing else 

Answer: 
assistant
3",3,0,grade8
3,41.282974,55.42289,67.371346,70.59811,70.30191,67.358025,64.009285,65.824066,63.729,62.46771,62.05862,60.89426,64.86353,68.104225,67.32064,72.135475,75.838615,13.922504,15.592155,17.956207,21.330338,24.378998,27.248264,30.445768,40.072556,46.894585,51.914494,59.37013,62.952545,69.319,72.74746,77.1824,82.04491,89.458115,95.216995,91.42946,112.47909,Img tokens,250,817,"user
 QUESTION: Which country is highlighted?
OPTIONS:
0: Papua New Guinea
1: Australia
2: the Federated States of Micronesia
3: Palau

Answer with the correct option from 0 to 3. Only provide the numeric and nothing else 

Answer: 
assistant
2",2,2,grade6,"user
 QUESTION: Which country is highlighted?
OPTIONS:
0: Papua New Guinea
1: Australia
2: the Federated States of Micronesia
3: Palau

Answer with the correct option from 0 to 3. Only provide the numeric and nothing else 

Answer: 
assistant
3",3,2,grade6
4,28.117903,35.446342,38.001167,36.740192,38.004917,36.84285,36.37176,37.89824,37.94726,37.978905,37.52282,36.22979,36.581413,37.15117,37.490757,38.334972,40.852608,41.14473,41.654217,42.7735,42.721615,43.25258,43.30182,42.065765,40.415035,40.625046,40.892975,41.75436,41.355774,42.55587,44.02546,44.405396,46.84115,46.18346,46.10904,41.489933,45.93962,Img tokens,228,746,"user
 QUESTION: What can Leo and Caden trade to each get what they want?
OPTIONS:
0: Caden can trade his broccoli for Leo's oranges.
1: Leo can trade his tomatoes for Caden's carrots.
2: Leo can trade his tomatoes for Caden's broccoli.
3: Caden can trade his almonds for Leo's tomatoes.

Answer with the correct option from 0 to 3. Only provide the numeric and nothing else 

Answer: 
assistant
0",0,2,grade8,"user
 QUESTION: What can Leo and Caden trade to each get what they want?
OPTIONS:
0: Caden can trade his broccoli for Leo's oranges.
1: Leo can trade his tomatoes for Caden's carrots.
2: Leo can trade his tomatoes for Caden's broccoli.
3: Caden can trade his almonds for Leo's tomatoes.

Answer with the correct option from 0 to 3. Only provide the numeric and nothing else 

Answer: 
assistant
2",2,2,grade8
5,37.03935,51.359547,58.920357,62.016796,61.957554,59.847763,57.332424,57.363323,56.0585,54.194668,53.82618,53.044064,54.73834,57.56881,57.46711,60.448128,63.241104,10.022275,10.904,12.468858,14.866502,16.705727,18.469011,21.106081,28.811682,34.71878,38.578392,45.04469,49.018513,54.67091,58.34167,63.6828,67.95977,73.01589,77.84385,75.631966,91.451126,Img tokens,142,450,"user
 QUESTION: What is the name of the colony shown?
OPTIONS:
0: New York
1: Connecticut
2: New Hampshire
3: Massachusetts

Answer with the correct option from 0 to 3. Only provide the numeric and nothing else 

Answer: 
assistant
1",1,1,grade8,"user
 QUESTION: What is the name of the colony shown?
OPTIONS:
0: New York
1: Connecticut
2: New Hampshire
3: Massachusetts

Answer with the correct option from 0 to 3. Only provide the numeric and nothing else 

Answer: 
assistant
3",3,1,grade8
6,27.860546,35.438805,38.324097,37.177723,38.697323,37.35474,36.90628,38.41612,38.58599,38.551357,37.927094,36.699844,37.262806,37.94587,38.193245,39.117435,41.53764,41.728733,42.182095,42.90458,42.652653,43.350937,43.2661,42.21624,40.142372,40.53063,40.97849,41.46582,41.064037,42.367477,43.73852,44.028023,46.482758,45.85432,45.81367,40.93573,45.50195,Img tokens,104,334,"user
 QUESTION: What can Vivian and Jamal trade to each get what they want?
OPTIONS:
0: Vivian can trade her tomatoes for Jamal's broccoli.
1: Jamal can trade his broccoli for Vivian's oranges.
2: Vivian can trade her tomatoes for Jamal's carrots.
3: Jamal can trade his almonds for Vivian's tomatoes.

Answer with the correct option from 0 to 3. Only provide the numeric and nothing else 

Answer: 
assistant
1",1,0,grade7,"user
 QUESTION: What can Vivian and Jamal trade to each get what they want?
OPTIONS:
0: Vivian can trade her tomatoes for Jamal's broccoli.
1: Jamal can trade his broccoli for Vivian's oranges.
2: Vivian can trade her tomatoes for Jamal's carrots.
3: Jamal can trade his almonds for Vivian's tomatoes.

Answer with the correct option from 0 to 3. Only provide the numeric and nothing else 

Answer: 
assistant
0",0,0,grade7
7,28.213179,35.75424,38.324955,37.032413,38.469,37.480644,37.171436,38.2307,38.45931,38.39089,37.8823,36.637997,37.133053,37.935925,38.087944,38.932922,41.20638,41.53462,41.815826,42.846035,42.709476,43.34538,43.36417,42.12374,40.35926,40.382717,40.700172,41.39833,41.126663,42.343494,43.83304,43.988445,46.49941,45.805088,45.618088,40.86021,45.005444,Img tokens,558,1780,"user
 QUESTION: What can Bella and Darnell trade to each get what they want?
OPTIONS:
0: Darnell can trade his broccoli for Bella's oranges.
1: Darnell can trade his almonds for Bella's tomatoes.
2: Bella can trade her tomatoes for Darnell's carrots.
3: Bella can trade her tomatoes for Darnell's broccoli.

Answer with the correct option from 0 to 3. Only provide the numeric and nothing else 

Answer: 
assistant
0",0,3,grade8,"user
 QUESTION: What can Bella and Darnell trade to each get what they want?
OPTIONS:
0: Darnell can trade his broccoli for Bella's oranges.
1: Darnell can trade his almonds for Bella's tomatoes.
2: Bella can trade her tomatoes for Darnell's carrots.
3: Bella can trade her tomatoes for Darnell's broccoli.

Answer with the correct option from 0 to 3. Only provide the numeric and nothing else 

Answer: 
assistant
3",3,3,grade8
8,16.05748,21.299942,23.069355,21.580389,21.774052,20.660606,20.588991,20.966803,20.753141,20.669622,20.482359,19.848722,20.486969,23.063301,24.036798,25.715738,27.098516,1.7580701,1.8289839,1.922338,2.1016695,2.2115402,2.3142762,2.5095294,3.049691,3.6888924,4.1516433,5.0114107,6.2085056,7.8414993,9.658453,11.797067,14.304361,17.046837,19.633116,26.674948,27.581226,Img tokens,89,291,"user
 QUESTION: Will these magnets attract or repel each other?
OPTIONS:
0: repel
1: attract

Answer with the correct option from 0 to 1. Only provide the numeric and nothing else 

Answer: 
assistant
0",0,0,grade2,"user
 QUESTION: Will these magnets attract or repel each other?
OPTIONS:
0: repel
1: attract

Answer with the correct option from 0 to 1. Only provide the numeric and nothing else 

Answer: 
assistant
1",1,0,grade2
9,20.100996,28.535585,30.188278,28.258255,29.156075,28.539314,28.38153,29.974464,30.709702,31.665216,31.886227,31.981339,33.24766,34.827454,35.488354,37.00068,39.00445,39.70372,40.695377,42.31529,41.796722,42.3187,43.31551,42.76227,41.14662,39.909122,40.536663,40.277985,39.199436,39.46697,40.059757,40.395042,41.613724,41.87274,41.369244,38.67667,43.63528,Img tokens,604,1931,"user
 QUESTION: Think about the magnetic force between the magnets in each pair. Which of the following statements is true?
OPTIONS:
0: The strength of the magnetic force is the same in both pairs.
1: The magnetic force is weaker in Pair 1.
2: The magnetic force is weaker in Pair 2.

Answer with the correct option from 0 to 2. Only provide the numeric and nothing else 

Answer: 
assistant
1",1,1,grade4,"user
 QUESTION: Think about the magnetic force between the magnets in each pair. Which of the following statements is true?
OPTIONS:
0: The strength of the magnetic force is the same in both pairs.
1: The magnetic force is weaker in Pair 1.
2: The magnetic force is weaker in Pair 2.

Answer with the correct option from 0 to 2. Only provide the numeric and nothing else 

Answer: 
assistant
2",2,1,grade4
10,43.592907,58.635017,70.120926,74.26389,73.90977,70.82611,66.92823,68.25218,65.92562,64.55365,64.01746,62.857998,66.522255,69.527885,68.95987,74.046425,77.514626,18.741514,20.553137,23.689087,27.437616,31.004477,34.42701,37.376274,47.694435,54.127018,59.12894,66.364944,68.81993,74.17747,76.66455,79.640816,83.724106,91.06536,96.33085,90.61086,111.91664,Img tokens,432,1362,"user
 QUESTION: Which country is highlighted?
OPTIONS:
0: Fiji
1: Solomon Islands
2: Vanuatu
3: Tuvalu

Answer with the correct option from 0 to 3. Only provide the numeric and nothing else 

Answer: 
assistant
0",0,0,grade8,"user
 QUESTION: Which country is highlighted?
OPTIONS:
0: Fiji
1: Solomon Islands
2: Vanuatu
3: Tuvalu

Answer with the correct option from 0 to 3. Only provide the numeric and nothing else 

Answer: 
assistant
3",3,0,grade8
11,27.413605,37.559982,43.32699,40.51128,42.929924,42.014404,41.639473,44.42169,46.384594,48.401134,49.150204,49.850323,53.706196,55.95109,55.663002,59.160954,62.452637,17.906479,19.928022,22.490738,26.246523,28.927082,31.222828,33.769623,40.56926,46.491405,49.639706,54.70038,57.254807,61.332428,65.40937,68.17493,71.89482,72.17328,70.735214,63.71915,72.941666,Img tokens,32,120,"user
 QUESTION: Compare the average kinetic energies of the particles in each sample. Which sample has the higher temperature?
OPTIONS:
0: neither; the samples have the same temperature
1: sample A
2: sample B

Answer with the correct option from 0 to 2. Only provide the numeric and nothing else 

Answer: 
assistant
0",0,2,grade6,"user
 QUESTION: Compare the average kinetic energies of the particles in each sample. Which sample has the higher temperature?
OPTIONS:
0: neither; the samples have the same temperature
1: sample A
2: sample B

Answer with the correct option from 0 to 2. Only provide the numeric and nothing else 

Answer: 
assistant
1",1,2,grade6
12,16.259853,21.036758,23.366253,23.103819,23.846218,22.910984,22.381306,22.601402,22.581354,22.990328,23.144518,23.612259,25.289448,27.25449,27.82448,29.113125,29.90094,3.801357,3.977407,4.165058,4.7559156,5.171853,5.6803546,6.9568534,8.943304,11.294236,13.027738,15.647678,18.08538,21.328003,24.08594,27.253513,30.286087,32.82958,34.569,35.4758,38.08326,Img tokens,30,118,"user
 QUESTION: Which property matches this object?
OPTIONS:
0: stretchy
1: transparent

Answer with the correct option from 0 to 1. Only provide the numeric and nothing else 

Answer: 
assistant
1",1,1,grade3,"user
 QUESTION: Which property matches this object?
OPTIONS:
0: stretchy
1: transparent

Answer with the correct option from 0 to 1. Only provide the numeric and nothing else 

Answer: 
assistant
0",0,1,grade3
13,23.874899,28.117117,30.54051,30.305025,29.983398,28.895409,28.024052,27.881327,27.38493,26.885899,27.088774,28.376652,30.218012,32.681152,32.95793,34.51871,35.037533,35.665325,35.750256,36.42959,35.51902,35.83121,36.153103,32.94386,36.174488,37.23606,37.892067,39.11058,40.041283,40.944622,40.018375,41.197224,41.197952,43.029495,44.921967,44.38797,47.842922,Img tokens,95,307,"user
 QUESTION: Which of the following could Robert's test show?
OPTIONS:
0: how steady a parachute with a 1 m vent was at 200 km per hour
1: if the spacecraft was damaged when using a parachute with a 1 m vent going 200 km per hour
2: whether a parachute with a 1 m vent would swing too much at 400 km per hour

Answer with the correct option from 0 to 2. Only provide the numeric and nothing else 

Answer: 
assistant
2",2,0,grade7,"user
 QUESTION: Which of the following could Robert's test show?
OPTIONS:
0: how steady a parachute with a 1 m vent was at 200 km per hour
1: if the spacecraft was damaged when using a parachute with a 1 m vent going 200 km per hour
2: whether a parachute with a 1 m vent would swing too much at 400 km per hour

Answer with the correct option from 0 to 2. Only provide the numeric and nothing else 

Answer: 
assistant
0",0,0,grade7
14,16.225033,19.65382,21.999922,21.109745,21.679745,21.092335,21.116058,21.663698,22.147818,23.203278,23.17886,23.887295,24.99419,25.992226,25.922894,26.690142,27.424517,27.736906,27.988003,28.977093,28.95194,29.48476,29.943949,29.320784,29.663998,28.950132,29.697483,30.112684,30.376293,31.110973,31.026905,30.680199,31.598866,32.5177,33.800655,33.67502,36.245583,Img tokens,223,727,"user
 QUESTION: Which property do these two objects have in common?
OPTIONS:
0: smooth
1: rough

Answer with the correct option from 0 to 1. Only provide the numeric and nothing else 

Answer: 
assistant
1",1,1,grade2,"user
 QUESTION: Which property do these two objects have in common?
OPTIONS:
0: smooth
1: rough

Answer with the correct option from 0 to 1. Only provide the numeric and nothing else 

Answer: 
assistant
0",0,1,grade2
15,37.141197,51.35586,58.883198,62.037056,61.97422,59.906006,57.41154,57.42761,56.1527,54.313698,53.89745,53.00366,54.69589,57.51547,57.443577,60.417183,63.00104,28.00231,30.034779,33.672955,37.41197,40.380215,42.974583,43.112053,51.440907,56.05641,59.01897,63.511333,64.30431,67.79499,67.28807,70.213905,72.585434,76.20111,79.88949,75.408745,91.373314,Img tokens,238,776,"user
 QUESTION: What is the name of the colony shown?
OPTIONS:
0: Iowa
1: Connecticut
2: Virginia
3: Maine

Answer with the correct option from 0 to 3. Only provide the numeric and nothing else 

Answer: 
assistant
1",1,1,grade7,"user
 QUESTION: What is the name of the colony shown?
OPTIONS:
0: Iowa
1: Connecticut
2: Virginia
3: Maine

Answer with the correct option from 0 to 3. Only provide the numeric and nothing else 

Answer: 
assistant
2",2,1,grade7
16,39.06743,57.909706,67.27428,64.447235,65.50354,64.82442,63.49895,65.4921,65.2607,64.146324,64.15748,64.4382,64.46868,65.841866,64.50817,65.96606,68.02017,14.341874,15.239214,17.126585,20.14389,22.305199,24.416683,27.599758,35.792274,42.51882,46.75332,53.029484,57.972485,63.268135,69.90322,75.682846,82.41088,88.6494,95.28154,94.98745,107.40611,Img tokens,517,1644,"user
 QUESTION: Which of these states is farthest east?
OPTIONS:
0: Oregon
1: Wyoming
2: New Mexico
3: North Dakota

Answer with the correct option from 0 to 3. Only provide the numeric and nothing else 

Answer: 
assistant
3",3,3,grade5,"user
 QUESTION: Which of these states is farthest east?
OPTIONS:
0: Oregon
1: Wyoming
2: New Mexico
3: North Dakota

Answer with the correct option from 0 to 3. Only provide the numeric and nothing else 

Answer: 
assistant
0",0,3,grade5
17,15.011127,20.821535,24.307632,22.975737,23.524038,23.451101,23.626799,24.8479,25.287886,25.206665,25.33448,25.521652,25.477764,26.531557,26.811049,28.102386,29.850683,29.553822,30.362007,31.737682,31.725351,31.998306,32.460808,31.42007,30.445389,28.136122,28.262814,28.005217,26.268347,25.714376,25.47364,24.455288,24.855759,24.736263,24.408297,22.426136,25.055124,Img tokens,616,1970,"user
 QUESTION: What is the expected ratio of offspring with vestigial wings to offspring with normal wings? Choose the most likely ratio.
OPTIONS:
0: 1:3
1: 4:0
2: 3:1
3: 2:2
4: 0:4

Answer with the correct option from 0 to 4. Only provide the numeric and nothing else 

Answer: 
assistant
0",0,3,grade8,"user
 QUESTION: What is the expected ratio of offspring with vestigial wings to offspring with normal wings? Choose the most likely ratio.
OPTIONS:
0: 1:3
1: 4:0
2: 3:1
3: 2:2
4: 0:4

Answer with the correct option from 0 to 4. Only provide the numeric and nothing else 

Answer: 
assistant
2",2,3,grade8
18,28.247759,38.495327,43.407894,40.050663,42.483047,41.237644,40.705627,43.605778,46.013832,48.657486,49.737312,50.685658,54.156868,56.300537,56.258163,59.719677,62.63101,24.806288,27.422611,30.70985,34.7384,37.851173,40.478176,41.824345,47.369637,52.407276,54.51818,58.325485,59.775375,62.96843,65.8192,67.6182,70.24619,70.3847,68.46184,60.813915,69.59439,Img tokens,27,100,"user
 QUESTION: Compare the average kinetic energies of the particles in each sample. Which sample has the higher temperature?
OPTIONS:
0: neither; the samples have the same temperature
1: sample B
2: sample A

Answer with the correct option from 0 to 2. Only provide the numeric and nothing else 

Answer: 
assistant
0",0,1,grade7,"user
 QUESTION: Compare the average kinetic energies of the particles in each sample. Which sample has the higher temperature?
OPTIONS:
0: neither; the samples have the same temperature
1: sample B
2: sample A

Answer with the correct option from 0 to 2. Only provide the numeric and nothing else 

Answer: 
assistant
2",2,1,grade7
19,17.888182,24.151958,25.995047,23.61504,25.7031,24.845224,24.927835,26.684137,28.251913,29.916153,30.593594,31.346203,32.696217,34.06993,34.509644,36.34041,37.455883,2.8999243,3.122913,3.3545988,3.9333396,4.3554254,4.754846,5.510506,7.375789,9.494194,11.251843,13.741801,16.575006,20.280619,24.16882,27.71876,32.29875,34.71292,35.88884,36.615173,38.80563,Img tokens,574,1844,"user
 QUESTION: Which solution has a higher concentration of green particles?
OPTIONS:
0: Solution B
1: Solution A
2: neither; their concentrations are the same

Answer with the correct option from 0 to 2. Only provide the numeric and nothing else 

Answer: 
assistant
0",0,0,grade7,"user
 QUESTION: Which solution has a higher concentration of green particles?
OPTIONS:
0: Solution B
1: Solution A
2: neither; their concentrations are the same

Answer with the correct option from 0 to 2. Only provide the numeric and nothing else 

Answer: 
assistant
1",1,0,grade7
20,15.206846,20.176748,22.507814,21.484015,21.529089,20.582176,20.292286,20.520391,20.121542,19.71301,20.160799,21.095795,22.344265,24.32105,24.629246,26.080452,27.332518,28.398134,29.02854,30.095425,30.362547,30.79706,31.728407,30.78267,29.989038,28.59466,28.989288,29.069868,26.889668,27.717615,27.715567,27.427988,28.370417,28.383953,28.645079,26.925407,26.917532,Img tokens,203,671,"user
 QUESTION: Will these magnets attract or repel each other?
OPTIONS:
0: attract
1: repel

Answer with the correct option from 0 to 1. Only provide the numeric and nothing else 

Answer: 
assistant
1",1,0,grade3,"user
 QUESTION: Will these magnets attract or repel each other?
OPTIONS:
0: attract
1: repel

Answer with the correct option from 0 to 1. Only provide the numeric and nothing else 

Answer: 
assistant
0",0,0,grade3
21,38.856304,50.684658,56.70097,57.315804,57.064507,54.249313,53.146133,55.62097,55.604717,55.097916,53.836445,53.10979,53.679047,56.000607,55.475876,58.979897,62.088097,6.11798,6.5578423,7.2807355,8.729127,9.858288,10.622792,12.383329,16.932278,21.641506,25.075264,30.630827,35.919266,42.438095,48.66606,55.18176,60.759045,65.19212,67.67688,68.6032,76.03451,Img tokens,429,1349,"user
 QUESTION: Which air temperature was measured within the outlined area shown?
OPTIONS:
0: 30°C
1: 14°C
2: 10°C

Answer with the correct option from 0 to 2. Only provide the numeric and nothing else 

Answer: 
assistant
0",0,0,grade6,"user
 QUESTION: Which air temperature was measured within the outlined area shown?
OPTIONS:
0: 30°C
1: 14°C
2: 10°C

Answer with the correct option from 0 to 2. Only provide the numeric and nothing else 

Answer: 
assistant
1",1,0,grade6
22,41.534477,56.106876,68.35272,73.0286,72.43399,69.265274,65.56713,64.81935,62.523373,61.123417,60.296535,60.42954,64.68896,68.630196,67.59763,72.19978,75.58165,15.99564,17.738852,20.48875,24.142275,27.23197,30.074797,32.804893,43.980602,51.172638,54.94823,62.96287,64.86471,71.73904,76.81509,81.634056,86.316124,91.89775,97.962265,95.84777,115.84394,Img tokens,225,738,"user
 QUESTION: Which country is highlighted?
OPTIONS:
0: Cuba
1: Haiti
2: Trinidad and Tobago
3: Grenada

Answer with the correct option from 0 to 3. Only provide the numeric and nothing else 

Answer: 
assistant
1",1,1,grade7,"user
 QUESTION: Which country is highlighted?
OPTIONS:
0: Cuba
1: Haiti
2: Trinidad and Tobago
3: Grenada

Answer with the correct option from 0 to 3. Only provide the numeric and nothing else 

Answer: 
assistant
2",2,1,grade7
23,27.535378,37.076046,42.220287,39.46923,41.793003,40.413635,39.732765,42.25545,44.067646,45.815197,46.81466,47.985672,51.81966,54.735836,54.341934,57.793354,61.129852,15.496297,17.065016,19.414614,22.705477,25.195742,27.361673,29.68209,36.145607,41.767124,44.816086,49.864468,52.705936,56.82293,60.420006,63.420185,67.38369,68.218994,68.64266,63.205025,71.621704,Img tokens,459,1465,"user
 QUESTION: Compare the average kinetic energies of the particles in each sample. Which sample has the higher temperature?
OPTIONS:
0: sample B
1: neither; the samples have the same temperature
2: sample A

Answer with the correct option from 0 to 2. Only provide the numeric and nothing else 

Answer: 
assistant
0",0,0,grade6,"user
 QUESTION: Compare the average kinetic energies of the particles in each sample. Which sample has the higher temperature?
OPTIONS:
0: sample B
1: neither; the samples have the same temperature
2: sample A

Answer with the correct option from 0 to 2. Only provide the numeric and nothing else 

Answer: 
assistant
2",2,0,grade6
24,21.045538,26.618187,29.045507,28.07726,28.199524,27.00232,26.406542,27.937578,28.626606,28.76837,28.872643,28.458866,29.409613,30.60968,31.196554,33.361748,35.28186,2.260214,2.4033203,2.5636668,2.9214242,3.1434057,3.3664176,3.6986115,4.763978,6.186929,7.099646,8.732066,10.555904,13.125049,15.848082,18.756693,22.033772,24.706049,26.811354,31.020744,32.73638,Img tokens,603,1930,"user
 QUESTION: Think about the magnetic force between the magnets in each pair. Which of the following statements is true?
OPTIONS:
0: The magnetic force is weaker in Pair 2.
1: The magnetic force is weaker in Pair 1.
2: The strength of the magnetic force is the same in both pairs.

Answer with the correct option from 0 to 2. Only provide the numeric and nothing else 

Answer: 
assistant
2",2,2,grade3,"user
 QUESTION: Think about the magnetic force between the magnets in each pair. Which of the following statements is true?
OPTIONS:
0: The magnetic force is weaker in Pair 2.
1: The magnetic force is weaker in Pair 1.
2: The strength of the magnetic force is the same in both pairs.

Answer with the correct option from 0 to 2. Only provide the numeric and nothing else 

Answer: 
assistant
0",0,2,grade3
25,25.100761,32.552105,35.414017,36.226585,37.975044,36.332596,34.39652,34.000114,34.2893,32.633713,31.781816,31.62203,32.356304,34.170364,34.384087,36.275883,37.311817,37.841843,38.340096,39.101677,39.612465,39.884953,40.31867,40.239132,38.211983,38.25966,38.400185,38.60214,39.307133,40.08647,41.219074,41.161255,41.36962,41.605015,41.426693,39.15386,41.28316,Img tokens,284,930,"user
 QUESTION: Is the following statement about our solar system true or false?
The volume of Uranus is less than ten times the volume of Neptune.
OPTIONS:
0: false
1: true

Answer with the correct option from 0 to 1. Only provide the numeric and nothing else 

Answer: 
assistant
1",1,1,grade8,"user
 QUESTION: Is the following statement about our solar system true or false?
The volume of Uranus is less than ten times the volume of Neptune.
OPTIONS:
0: false
1: true

Answer with the correct option from 0 to 1. Only provide the numeric and nothing else 

Answer: 
assistant
0",0,1,grade8
26,19.092138,27.893684,28.56795,27.49833,27.819807,27.709661,27.962122,28.93807,29.073492,28.772589,28.84024,29.207262,30.405304,31.887148,32.335705,33.412457,35.591465,6.2924514,6.9406786,7.7646456,9.363756,10.4398775,11.59851,12.610884,15.974665,19.236588,21.208942,24.168499,25.762247,28.43472,30.257446,31.216375,33.202747,34.148262,34.72861,33.423122,35.088696,Img tokens,6,26,"user
 QUESTION: Will these magnets attract or repel each other?
OPTIONS:
0: repel
1: attract

Answer with the correct option from 0 to 1. Only provide the numeric and nothing else 

Answer: 
assistant
0",0,0,grade5,"user
 QUESTION: Will these magnets attract or repel each other?
OPTIONS:
0: repel
1: attract

Answer with the correct option from 0 to 1. Only provide the numeric and nothing else 

Answer: 
assistant
1",1,0,grade5
27,33.571953,51.533745,58.964676,61.878372,62.126305,61.94054,60.811104,61.715187,61.524227,60.09415,59.288685,59.063625,59.00051,59.476643,57.13636,58.408897,59.800266,9.830329,10.48998,11.666583,13.624768,15.171155,16.780895,19.369234,25.344212,31.068233,35.07074,40.950546,46.611847,52.615112,60.631786,67.16689,74.48966,83.21469,91.04665,92.26478,102.789116,Img tokens,163,523,"user
 QUESTION: Which state is highlighted?
OPTIONS:
0: Pennsylvania
1: Vermont
2: Rhode Island
3: New Jersey

Answer with the correct option from 0 to 3. Only provide the numeric and nothing else 

Answer: 
assistant
3",3,3,grade3,"user
 QUESTION: Which state is highlighted?
OPTIONS:
0: Pennsylvania
1: Vermont
2: Rhode Island
3: New Jersey

Answer with the correct option from 0 to 3. Only provide the numeric and nothing else 

Answer: 
assistant
2",2,3,grade3
28,40.169098,59.646427,70.13503,68.653275,69.8263,69.270065,67.591736,69.19964,68.66768,66.62784,65.77461,65.56934,65.336365,66.300705,64.83833,65.85015,68.14386,14.717802,15.8476715,17.847712,20.915354,23.264503,25.58006,28.805948,36.68842,43.560368,47.991535,54.220406,58.867897,64.06544,69.842285,75.49735,81.81104,87.70739,94.417564,93.05122,106.21632,Img tokens,348,1112,"user
 QUESTION: Which of these states is farthest west?
OPTIONS:
0: Delaware
1: Florida
2: Rhode Island
3: Maine

Answer with the correct option from 0 to 3. Only provide the numeric and nothing else 

Answer: 
assistant
0",0,1,grade5,"user
 QUESTION: Which of these states is farthest west?
OPTIONS:
0: Delaware
1: Florida
2: Rhode Island
3: Maine

Answer with the correct option from 0 to 3. Only provide the numeric and nothing else 

Answer: 
assistant
3",3,1,grade5
29,29.926527,41.10852,42.77463,36.64218,39.128517,36.7012,36.12302,38.505558,40.481827,42.20164,42.558254,44.39106,46.768215,50.351875,50.831673,52.664272,53.663677,3.6487963,3.9226997,4.3255095,5.1787834,5.7107534,6.2934985,7.936845,11.015513,14.424266,16.958378,21.020996,24.427137,28.903734,33.297585,37.094048,40.956005,42.657368,43.760075,45.705956,53.792824,Img tokens,159,516,"user
 QUESTION: Which is the main persuasive appeal used in this ad?
OPTIONS:
0: pathos (emotion)
1: ethos (character)
2: logos (reason)

Answer with the correct option from 0 to 2. Only provide the numeric and nothing else 

Answer: 
assistant
2",2,2,grade7,"user
 QUESTION: Which is the main persuasive appeal used in this ad?
OPTIONS:
0: pathos (emotion)
1: ethos (character)
2: logos (reason)

Answer with the correct option from 0 to 2. Only provide the numeric and nothing else 

Answer: 
assistant
0",0,2,grade7
30,18.66491,23.477592,26.301273,26.6004,26.684649,26.20732,25.85319,25.627756,25.083002,24.85625,24.84655,24.31443,24.8645,25.453691,25.47713,26.946598,27.41211,27.8959,28.243025,29.40325,29.378613,29.9549,30.197594,29.613781,30.292984,29.405584,30.28857,30.021095,30.343567,29.820099,29.411493,28.066664,28.934488,30.26786,32.15552,33.655304,36.135345,Img tokens,220,720,"user
 QUESTION: Which statement describes the Steigerwald Forest ecosystem?
OPTIONS:
0: It has soil that is rich in nutrients.
1: It has a small amount of rain or snow.
2: It has soil that is poor in nutrients.

Answer with the correct option from 0 to 2. Only provide the numeric and nothing else 

Answer: 
assistant
0",0,0,grade8,"user
 QUESTION: Which statement describes the Steigerwald Forest ecosystem?
OPTIONS:
0: It has soil that is rich in nutrients.
1: It has a small amount of rain or snow.
2: It has soil that is poor in nutrients.

Answer with the correct option from 0 to 2. Only provide the numeric and nothing else 

Answer: 
assistant
2",2,0,grade8
31,22.695303,30.061934,32.260178,30.525105,31.482576,30.509008,30.073425,31.468033,32.40052,33.757122,34.091652,35.529243,36.3861,37.593334,37.36202,38.347446,39.115738,39.35794,40.01554,41.163586,40.128975,40.64928,41.32055,40.76735,41.722187,41.59003,42.10785,42.736813,43.203667,45.079605,44.56275,44.61711,43.898006,44.6516,46.189278,44.236595,46.961742,Img tokens,344,1101,"user
 QUESTION: Which property do these three objects have in common?
OPTIONS:
0: shiny
1: rough
2: fragile

Answer with the correct option from 0 to 2. Only provide the numeric and nothing else 

Answer: 
assistant
0",0,0,grade3,"user
 QUESTION: Which property do these three objects have in common?
OPTIONS:
0: shiny
1: rough
2: fragile

Answer with the correct option from 0 to 2. Only provide the numeric and nothing else 

Answer: 
assistant
2",2,0,grade3
32,38.8262,56.83669,65.91656,63.889774,65.477554,64.0907,62.7206,64.246666,63.997894,63.12003,62.97317,63.648247,64.346245,65.6572,64.36229,65.45315,67.901924,8.055015,8.583058,9.643974,11.490275,12.877931,14.274,16.664347,22.73333,28.665594,32.38035,38.43603,44.06525,50.406155,59.051964,66.439354,74.67399,82.05573,89.08744,92.689026,104.22624,Img tokens,94,305,"user
 QUESTION: Which of these states is farthest south?
OPTIONS:
0: Colorado
1: Montana
2: Washington
3: Pennsylvania

Answer with the correct option from 0 to 3. Only provide the numeric and nothing else 

Answer: 
assistant
0",0,0,grade2,"user
 QUESTION: Which of these states is farthest south?
OPTIONS:
0: Colorado
1: Montana
2: Washington
3: Pennsylvania

Answer with the correct option from 0 to 3. Only provide the numeric and nothing else 

Answer: 
assistant
3",3,0,grade2
33,17.33374,23.502771,25.317415,23.729465,25.227396,23.967567,23.80041,25.428669,26.915052,28.68531,29.449322,30.270407,31.972038,33.738995,34.109203,35.91231,36.985664,2.510055,2.6786802,2.8345013,3.2448347,3.5374591,3.8150077,4.250686,5.6221294,7.3464375,8.716794,10.976557,13.625578,17.12638,20.912212,24.588833,29.192488,31.84486,33.42358,35.176342,37.57382,Img tokens,389,1239,"user
 QUESTION: Which solution has a higher concentration of green particles?
OPTIONS:
0: Solution A
1: Solution B
2: neither; their concentrations are the same

Answer with the correct option from 0 to 2. Only provide the numeric and nothing else 

Answer: 
assistant
1",1,1,grade8,"user
 QUESTION: Which solution has a higher concentration of green particles?
OPTIONS:
0: Solution A
1: Solution B
2: neither; their concentrations are the same

Answer with the correct option from 0 to 2. Only provide the numeric and nothing else 

Answer: 
assistant
0",0,1,grade8
34,15.486709,20.760033,22.537687,21.274723,21.484762,20.516777,20.323034,20.530815,20.183176,20.192564,20.337418,20.714659,22.1135,24.259056,24.645794,26.19915,27.421686,28.340488,28.811289,29.865335,30.154667,30.719662,31.707901,30.989553,30.311636,28.737297,29.134789,29.223742,26.290213,26.973763,26.908356,26.687065,27.602861,27.7738,27.89801,26.12052,27.293186,Img tokens,99,323,"user
 QUESTION: Will these magnets attract or repel each other?
OPTIONS:
0: attract
1: repel

Answer with the correct option from 0 to 1. Only provide the numeric and nothing else 

Answer: 
assistant
1",1,1,grade2,"user
 QUESTION: Will these magnets attract or repel each other?
OPTIONS:
0: attract
1: repel

Answer with the correct option from 0 to 1. Only provide the numeric and nothing else 

Answer: 
assistant
0",0,1,grade2
35,19.797773,24.481108,26.736639,25.650637,26.125748,25.51085,25.256992,27.257725,28.185537,28.592602,28.613127,28.338873,28.821117,30.037426,30.558779,32.008514,33.16873,33.82042,34.021976,34.40776,34.11488,34.31752,35.11628,34.663715,33.323864,32.181934,32.802727,33.011257,31.526148,32.642307,32.976353,33.055912,34.09138,34.06865,33.750977,31.625477,33.232162,Img tokens,367,1174,"user
 QUESTION: Think about the magnetic force between the magnets in each pair. Which of the following statements is true?
OPTIONS:
0: The magnitude of the magnetic force is greater in Pair 1.
1: The magnitude of the magnetic force is the same in both pairs.
2: The magnitude of the magnetic force is greater in Pair 2.

Answer with the correct option from 0 to 2. Only provide the numeric and nothing else 

Answer: 
assistant
2",2,2,grade5,"user
 QUESTION: Think about the magnetic force between the magnets in each pair. Which of the following statements is true?
OPTIONS:
0: The magnitude of the magnetic force is greater in Pair 1.
1: The magnitude of the magnetic force is the same in both pairs.
2: The magnitude of the magnetic force is greater in Pair 2.

Answer with the correct option from 0 to 2. Only provide the numeric and nothing else 

Answer: 
assistant
0",0,2,grade5
36,17.110128,20.886808,22.025072,21.609293,21.68875,20.656342,20.12756,21.243355,21.987673,23.007853,23.331839,23.588211,24.403032,25.102821,25.432913,26.88343,28.145027,28.749027,29.241055,30.505144,30.322342,30.487797,31.321207,30.725157,30.155682,29.502499,29.905909,30.096346,29.043404,29.54748,29.989033,30.07798,30.937185,30.45644,29.60949,27.35606,28.337978,Img tokens,352,1129,"user
 QUESTION: Think about the magnetic force between the magnets in each pair. Which of the following statements is true?
OPTIONS:
0: The magnetic force is stronger in Pair 2.
1: The magnetic force is stronger in Pair 1.
2: The strength of the magnetic force is the same in both pairs.

Answer with the correct option from 0 to 2. Only provide the numeric and nothing else 

Answer: 
assistant
1",1,1,grade4,"user
 QUESTION: Think about the magnetic force between the magnets in each pair. Which of the following statements is true?
OPTIONS:
0: The magnetic force is stronger in Pair 2.
1: The magnetic force is stronger in Pair 1.
2: The strength of the magnetic force is the same in both pairs.

Answer with the correct option from 0 to 2. Only provide the numeric and nothing else 

Answer: 
assistant
0",0,1,grade4
37,35.487206,48.83432,56.400757,59.0322,58.850357,57.196796,54.952423,55.10351,53.986423,52.445786,52.534325,52.05481,52.73861,55.00069,54.45367,56.685207,59.14028,8.807973,9.455567,10.636863,12.613628,14.188372,15.566003,18.181124,24.960508,30.146519,33.641983,39.771507,43.508854,48.534195,54.45484,58.97686,65.18742,70.49245,74.31678,72.91343,83.84444,Img tokens,618,1978,"user
 QUESTION: Which continent is highlighted?
OPTIONS:
0: Africa
1: Australia
2: Antarctica
3: Asia

Answer with the correct option from 0 to 3. Only provide the numeric and nothing else 

Answer: 
assistant
2",2,2,grade7,"user
 QUESTION: Which continent is highlighted?
OPTIONS:
0: Africa
1: Australia
2: Antarctica
3: Asia

Answer with the correct option from 0 to 3. Only provide the numeric and nothing else 

Answer: 
assistant
0",0,2,grade7
38,43.717934,59.661106,72.18716,76.88281,76.08129,72.51717,68.60954,67.913994,65.5249,63.949696,62.485226,62.278343,66.66543,70.664185,69.914764,74.80431,78.02639,14.612777,16.276773,18.578863,21.890175,24.820908,27.565836,30.302568,41.490276,48.871677,52.774666,61.15659,63.56411,70.43641,75.41179,80.607,86.28991,92.36272,98.904366,95.89321,117.83178,Img tokens,270,897,"user
 QUESTION: Which country is highlighted?
OPTIONS:
0: Haiti
1: Saint Kitts and Nevis
2: the Dominican Republic
3: Dominica

Answer with the correct option from 0 to 3. Only provide the numeric and nothing else 

Answer: 
assistant
3",3,3,grade6,"user
 QUESTION: Which country is highlighted?
OPTIONS:
0: Haiti
1: Saint Kitts and Nevis
2: the Dominican Republic
3: Dominica

Answer with the correct option from 0 to 3. Only provide the numeric and nothing else 

Answer: 
assistant
2",2,3,grade6
39,35.98024,50.105087,57.795284,60.00261,59.757793,58.193607,56.12483,56.421577,55.433598,53.862026,53.994263,53.265545,54.480293,56.471046,55.930256,58.306076,60.828648,5.0773954,5.448598,6.089165,7.2332172,8.105257,8.999318,10.788124,15.340622,19.453697,22.598795,28.015675,32.903942,39.34929,46.40892,52.918137,60.45015,67.389084,72.46816,74.48825,86.40754,Img tokens,44,156,"user
 QUESTION: Which continent is highlighted?
OPTIONS:
0: Australia
1: Africa
2: South America
3: Europe

Answer with the correct option from 0 to 3. Only provide the numeric and nothing else 

Answer: 
assistant
2",2,2,grade4,"user
 QUESTION: Which continent is highlighted?
OPTIONS:
0: Australia
1: Africa
2: South America
3: Europe

Answer with the correct option from 0 to 3. Only provide the numeric and nothing else 

Answer: 
assistant
0",0,2,grade4
40,41.09488,56.154896,68.07744,71.41779,70.99094,67.902405,64.47014,66.054436,63.715904,62.141827,61.672935,60.703384,64.43414,67.570724,67.12815,72.01436,75.6828,20.866928,23.020538,26.535404,30.777388,34.694595,38.26817,41.223343,50.954533,56.890923,61.82024,68.496155,70.29866,74.41305,75.97551,78.56816,81.73494,88.05927,93.76489,87.30415,110.88738,Img tokens,470,1504,"user
 QUESTION: Which country is highlighted?
OPTIONS:
0: Fiji
1: Solomon Islands
2: Australia
3: the Marshall Islands

Answer with the correct option from 0 to 3. Only provide the numeric and nothing else 

Answer: 
assistant
1",1,1,grade8,"user
 QUESTION: Which country is highlighted?
OPTIONS:
0: Fiji
1: Solomon Islands
2: Australia
3: the Marshall Islands

Answer with the correct option from 0 to 3. Only provide the numeric and nothing else 

Answer: 
assistant
3",3,1,grade8
41,15.591729,20.372656,22.472788,21.433348,21.457487,20.550583,20.27462,20.461405,19.969906,19.481184,19.697357,20.673683,22.28118,24.274029,24.495003,25.920843,27.32376,28.510126,29.179432,30.177578,30.288519,30.737188,31.540173,30.581852,30.14082,29.00279,29.296743,29.14512,27.85529,28.689722,28.428036,27.975706,28.301123,28.241974,28.81955,27.451578,26.486082,Img tokens,549,1737,"user
 QUESTION: Will these magnets attract or repel each other?
OPTIONS:
0: repel
1: attract

Answer with the correct option from 0 to 1. Only provide the numeric and nothing else 

Answer: 
assistant
0",0,1,grade2,"user
 QUESTION: Will these magnets attract or repel each other?
OPTIONS:
0: repel
1: attract

Answer with the correct option from 0 to 1. Only provide the numeric and nothing else 

Answer: 
assistant
1",1,1,grade2
42,27.622824,34.89803,37.441666,36.661022,38.066555,36.981785,36.62482,38.209763,38.706398,38.664295,38.024403,36.683765,37.253357,37.966133,38.34222,39.40702,41.812786,41.818295,42.156616,42.86816,42.678925,43.23983,43.166756,41.880085,40.128757,40.196472,40.371166,40.901596,40.437153,41.630287,42.88478,42.987015,45.220108,44.23535,44.4704,40.584835,45.55515,Img tokens,127,407,"user
 QUESTION: What can Austin and Colin trade to each get what they want?
OPTIONS:
0: Colin can trade his broccoli for Austin's oranges.
1: Colin can trade his almonds for Austin's tomatoes.
2: Austin can trade his tomatoes for Colin's carrots.
3: Austin can trade his tomatoes for Colin's broccoli.

Answer with the correct option from 0 to 3. Only provide the numeric and nothing else 

Answer: 
assistant
0",0,3,grade8,"user
 QUESTION: What can Austin and Colin trade to each get what they want?
OPTIONS:
0: Colin can trade his broccoli for Austin's oranges.
1: Colin can trade his almonds for Austin's tomatoes.
2: Austin can trade his tomatoes for Colin's carrots.
3: Austin can trade his tomatoes for Colin's broccoli.

Answer with the correct option from 0 to 3. Only provide the numeric and nothing else 

Answer: 
assistant
3",3,3,grade8
43,19.980762,26.035418,28.360718,26.633194,27.311367,26.562117,26.288754,27.886799,28.559402,29.470049,29.676065,30.18044,31.54812,32.808624,33.18213,34.994328,36.438194,37.301575,37.97885,39.01021,38.71982,39.04448,39.983906,39.48181,38.557804,37.12111,37.984154,37.413708,37.244183,38.252716,38.648342,38.728653,39.827904,40.067905,40.033585,38.308903,39.1128,Img tokens,387,1237,"user
 QUESTION: Think about the magnetic force between the magnets in each pair. Which of the following statements is true?
OPTIONS:
0: The magnitude of the magnetic force is greater in Pair 1.
1: The magnitude of the magnetic force is the same in both pairs.
2: The magnitude of the magnetic force is greater in Pair 2.

Answer with the correct option from 0 to 2. Only provide the numeric and nothing else 

Answer: 
assistant
0",0,0,grade8,"user
 QUESTION: Think about the magnetic force between the magnets in each pair. Which of the following statements is true?
OPTIONS:
0: The magnitude of the magnetic force is greater in Pair 1.
1: The magnitude of the magnetic force is the same in both pairs.
2: The magnitude of the magnetic force is greater in Pair 2.

Answer with the correct option from 0 to 2. Only provide the numeric and nothing else 

Answer: 
assistant
2",2,0,grade8
44,43.407066,58.125553,68.996185,74.30668,73.8894,70.7166,67.03341,66.07952,63.692272,62.765453,61.401627,61.530598,65.79299,69.54522,68.369965,72.82583,76.23418,42.898678,46.318974,51.199997,54.907978,58.54555,61.4652,58.788933,68.04765,73.70374,75.79321,82.419044,80.09802,84.610176,86.960556,89.08841,92.92876,97.009514,101.85298,98.31895,117.22479,Img tokens,80,276,"user
 QUESTION: Which country is highlighted?
OPTIONS:
0: the Dominican Republic
1: Grenada
2: Jamaica
3: Trinidad and Tobago

Answer with the correct option from 0 to 3. Only provide the numeric and nothing else 

Answer: 
assistant
3",3,3,grade7,"user
 QUESTION: Which country is highlighted?
OPTIONS:
0: the Dominican Republic
1: Grenada
2: Jamaica
3: Trinidad and Tobago

Answer with the correct option from 0 to 3. Only provide the numeric and nothing else 

Answer: 
assistant
2",2,3,grade7
45,28.158407,36.181095,38.838497,39.867794,42.124203,40.764412,39.115936,40.151417,40.626965,38.36869,36.529556,34.908997,35.707474,37.010193,37.38686,38.491657,39.57716,40.023098,40.802715,41.695408,41.38289,41.766895,42.240585,41.945496,39.70534,39.940918,40.555767,40.72245,40.888733,41.073536,41.67799,41.375324,41.22878,41.341206,40.386677,38.650406,42.085625,Img tokens,565,1805,"user
 QUESTION: Is the following statement about our solar system true or false?
The smallest planet is made mainly of rock.
OPTIONS:
0: false
1: true

Answer with the correct option from 0 to 1. Only provide the numeric and nothing else 

Answer: 
assistant
1",1,1,grade6,"user
 QUESTION: Is the following statement about our solar system true or false?
The smallest planet is made mainly of rock.
OPTIONS:
0: false
1: true

Answer with the correct option from 0 to 1. Only provide the numeric and nothing else 

Answer: 
assistant
0",0,1,grade6
46,20.045835,23.277794,25.06574,24.797298,24.892723,24.541758,24.435522,24.283918,24.18085,23.785666,23.372814,23.23779,23.983938,25.315966,25.260624,26.522291,26.727684,27.085985,27.431887,27.735182,27.514902,27.973131,27.898083,27.789566,28.0925,27.790636,28.246548,28.01588,27.152332,28.178463,28.251705,27.97506,28.619814,30.487179,32.622955,33.660233,36.375793,Img tokens,300,974,"user
 QUESTION: Does this passage describe the weather or the climate?
OPTIONS:
0: weather
1: climate

Answer with the correct option from 0 to 1. Only provide the numeric and nothing else 

Answer: 
assistant
0",0,0,grade6,"user
 QUESTION: Does this passage describe the weather or the climate?
OPTIONS:
0: weather
1: climate

Answer with the correct option from 0 to 1. Only provide the numeric and nothing else 

Answer: 
assistant
1",1,0,grade6
47,18.696026,22.43304,24.62364,23.891823,24.337631,23.418348,23.246157,24.70075,25.463474,25.797632,25.780497,25.456059,26.184336,27.282892,27.626848,29.432455,30.750715,31.281408,31.594622,32.18182,31.608728,31.795843,32.528023,31.8739,31.009022,30.141375,30.84261,30.892868,29.744953,30.509253,30.99991,30.891098,31.472433,31.616514,31.223446,29.148966,30.306736,Img tokens,370,1185,"user
 QUESTION: Think about the magnetic force between the magnets in each pair. Which of the following statements is true?
OPTIONS:
0: The magnitude of the magnetic force is smaller in Pair 2.
1: The magnitude of the magnetic force is smaller in Pair 1.
2: The magnitude of the magnetic force is the same in both pairs.

Answer with the correct option from 0 to 2. Only provide the numeric and nothing else 

Answer: 
assistant
2",2,1,grade7,"user
 QUESTION: Think about the magnetic force between the magnets in each pair. Which of the following statements is true?
OPTIONS:
0: The magnitude of the magnetic force is smaller in Pair 2.
1: The magnitude of the magnetic force is smaller in Pair 1.
2: The magnitude of the magnetic force is the same in both pairs.

Answer with the correct option from 0 to 2. Only provide the numeric and nothing else 

Answer: 
assistant
0",0,1,grade7
48,16.97788,22.813015,24.76208,24.145472,24.474304,24.050196,23.99838,24.361673,24.41493,24.669056,24.673964,25.250273,26.578096,28.274784,28.694672,29.873064,31.81956,5.0009465,5.3284397,5.8915586,7.031785,7.7631946,8.289492,9.04852,11.43392,13.772033,15.2659445,18.089893,19.652996,22.261492,24.46387,26.054716,28.257257,29.62845,30.416338,29.328327,29.807196,Img tokens,591,1884,"user
 QUESTION: Will these magnets attract or repel each other?
OPTIONS:
0: repel
1: attract

Answer with the correct option from 0 to 1. Only provide the numeric and nothing else 

Answer: 
assistant
0",0,0,grade4,"user
 QUESTION: Will these magnets attract or repel each other?
OPTIONS:
0: repel
1: attract

Answer with the correct option from 0 to 1. Only provide the numeric and nothing else 

Answer: 
assistant
1",1,0,grade4
49,40.85642,53.73362,64.287544,66.897026,66.55719,63.791935,60.61884,62.01162,60.260662,59.33563,59.767223,58.65145,62.048767,65.303,64.68917,69.84972,72.88982,12.074509,13.4445095,15.5855,18.508204,21.18471,23.872747,27.047821,37.013397,43.753853,48.80562,56.63222,60.507946,68.06141,73.29639,78.37194,84.2413,92.16786,99.0119,95.91819,115.25329,Img tokens,196,647,"user
 QUESTION: Which country is highlighted?
OPTIONS:
0: Solomon Islands
1: New Zealand
2: Papua New Guinea
3: Australia

Answer with the correct option from 0 to 3. Only provide the numeric and nothing else 

Answer: 
assistant
3",3,3,grade7,"user
 QUESTION: Which country is highlighted?
OPTIONS:
0: Solomon Islands
1: New Zealand
2: Papua New Guinea
3: Australia

Answer with the correct option from 0 to 3. Only provide the numeric and nothing else 

Answer: 
assistant
2",2,3,grade7
0,23.318106,30.785233,27.382467,26.48028,30.406023,33.635437,36.973267,1.1110634,1.1415408,1.1745722,1.1767336,1.1739498,1.1842098,1.1940395,1.2076461,1.2060949,1.2210298,1.2153271,1.2388711,1.2726055,1.3447193,1.3837777,1.4455242,1.5367135,1.7652016,2.0227664,2.3740783,2.770774,3.3754992,4.160246,4.9607925,6.353394,7.7124763,9.754417,12.009007,20.433344,26.861742,Text tokens,114,369,"user
 QUESTION: Which continent is highlighted?
OPTIONS:
0: Africa
1: South America
2: Europe
3: Australia

Answer with the correct option from 0 to 3. Only provide the numeric and nothing else 

Answer: 
assistant
2",2,2,grade8,"user
 QUESTION: Which continent is highlighted?
OPTIONS:
0: Africa
1: South America
2: Europe
3: Australia

Answer with the correct option from 0 to 3. Only provide the numeric and nothing else 

Answer: 
assistant
0",0,2,grade8
1,36.83367,44.96686,45.47463,45.728954,50.2241,51.982094,55.54528,1.3323137,1.448134,1.5609756,1.5710819,1.5562406,1.5958679,1.6387061,1.6946206,1.6877695,1.7377695,1.7300677,1.8096412,1.9329644,2.227151,2.3948216,2.653128,3.0789385,4.2058673,5.6746726,7.3281393,9.325686,11.99154,15.603569,19.028234,23.300402,27.206614,31.530643,34.97607,42.84379,40.49001,Text tokens,25,98,"user
 QUESTION: Does this passage describe the weather or the climate?
OPTIONS:
0: weather
1: climate

Answer with the correct option from 0 to 1. Only provide the numeric and nothing else 

Answer: 
assistant
0",0,0,grade4,"user
 QUESTION: Does this passage describe the weather or the climate?
OPTIONS:
0: weather
1: climate

Answer with the correct option from 0 to 1. Only provide the numeric and nothing else 

Answer: 
assistant
1",1,0,grade4
2,22.263926,29.7668,29.26826,29.07811,32.581203,33.182873,36.906597,1.141629,1.1826229,1.2166687,1.2237445,1.2188637,1.234448,1.2470369,1.2630432,1.2622719,1.2790271,1.2738625,1.3040781,1.3468332,1.439765,1.4900472,1.5664563,1.6805756,1.973113,2.3072271,2.7394848,3.2896097,4.0885754,5.144541,6.2231765,7.9294815,9.664231,12.191887,14.799815,23.331314,26.666622,Text tokens,281,925,"user
 QUESTION: Which ocean is highlighted?
OPTIONS:
0: the Southern Ocean
1: the Pacific Ocean
2: the Arctic Ocean
3: the Indian Ocean

Answer with the correct option from 0 to 3. Only provide the numeric and nothing else 

Answer: 
assistant
2",2,0,grade8,"user
 QUESTION: Which ocean is highlighted?
OPTIONS:
0: the Southern Ocean
1: the Pacific Ocean
2: the Arctic Ocean
3: the Indian Ocean

Answer with the correct option from 0 to 3. Only provide the numeric and nothing else 

Answer: 
assistant
3",3,0,grade8
3,28.826382,37.468266,35.621704,34.817135,38.349224,41.153797,44.142643,1.1686231,1.2145455,1.2592844,1.2721661,1.2620125,1.2764363,1.2882761,1.3041235,1.3014224,1.3164436,1.3098832,1.3398468,1.3852335,1.4832358,1.5374687,1.6185014,1.7530681,2.0917377,2.5383682,3.0613623,3.697293,4.5954704,5.9143,7.3875575,9.381365,11.531382,14.45779,17.400717,26.64713,29.136381,Text tokens,250,817,"user
 QUESTION: Which country is highlighted?
OPTIONS:
0: Papua New Guinea
1: Australia
2: the Federated States of Micronesia
3: Palau

Answer with the correct option from 0 to 3. Only provide the numeric and nothing else 

Answer: 
assistant
2",2,2,grade6,"user
 QUESTION: Which country is highlighted?
OPTIONS:
0: Papua New Guinea
1: Australia
2: the Federated States of Micronesia
3: Palau

Answer with the correct option from 0 to 3. Only provide the numeric and nothing else 

Answer: 
assistant
3",3,2,grade6
4,55.53903,62.130184,68.19274,72.083305,74.97219,75.931755,78.958336,2.4954607,2.970081,3.5064616,3.5446944,3.399682,3.6301286,3.753969,4.123961,4.052142,4.310138,4.193746,4.6186795,5.4156427,7.3704963,8.5494,10.430963,13.132757,19.440153,26.297451,32.250565,38.22618,44.59364,51.59389,56.495075,59.488785,61.683617,62.57569,62.529366,61.020386,53.83088,Text tokens,228,746,"user
 QUESTION: What can Leo and Caden trade to each get what they want?
OPTIONS:
0: Caden can trade his broccoli for Leo's oranges.
1: Leo can trade his tomatoes for Caden's carrots.
2: Leo can trade his tomatoes for Caden's broccoli.
3: Caden can trade his almonds for Leo's tomatoes.

Answer with the correct option from 0 to 3. Only provide the numeric and nothing else 

Answer: 
assistant
0",0,2,grade8,"user
 QUESTION: What can Leo and Caden trade to each get what they want?
OPTIONS:
0: Caden can trade his broccoli for Leo's oranges.
1: Leo can trade his tomatoes for Caden's carrots.
2: Leo can trade his tomatoes for Caden's broccoli.
3: Caden can trade his almonds for Leo's tomatoes.

Answer with the correct option from 0 to 3. Only provide the numeric and nothing else 

Answer: 
assistant
2",2,2,grade8
5,24.998142,31.437353,26.920328,26.241796,30.56267,34.041245,37.89655,1.1278098,1.1644647,1.2035888,1.213071,1.2069467,1.2156175,1.228075,1.242456,1.2435646,1.2593101,1.253432,1.2797761,1.3179492,1.4039887,1.4495975,1.5210825,1.6429256,1.9252846,2.281627,2.710428,3.1960878,3.9669967,4.9651175,6.15368,7.8491855,9.57182,11.85076,14.254817,22.245323,25.813372,Text tokens,142,450,"user
 QUESTION: What is the name of the colony shown?
OPTIONS:
0: New York
1: Connecticut
2: New Hampshire
3: Massachusetts

Answer with the correct option from 0 to 3. Only provide the numeric and nothing else 

Answer: 
assistant
1",1,1,grade8,"user
 QUESTION: What is the name of the colony shown?
OPTIONS:
0: New York
1: Connecticut
2: New Hampshire
3: Massachusetts

Answer with the correct option from 0 to 3. Only provide the numeric and nothing else 

Answer: 
assistant
3",3,1,grade8
6,57.941586,62.536346,67.4393,70.73268,73.75216,75.277794,78.86987,2.5701637,3.0585752,3.6021073,3.6290553,3.4826248,3.7187464,3.8494267,4.235347,4.150225,4.4102077,3.0520658,3.3003352,3.7861106,4.956392,5.656551,6.779957,8.473863,12.765164,17.974524,22.648596,27.905046,33.932907,41.201782,47.07505,51.758595,55.157143,57.63827,58.94382,60.843155,53.744827,Text tokens,104,334,"user
 QUESTION: What can Vivian and Jamal trade to each get what they want?
OPTIONS:
0: Vivian can trade her tomatoes for Jamal's broccoli.
1: Jamal can trade his broccoli for Vivian's oranges.
2: Vivian can trade her tomatoes for Jamal's carrots.
3: Jamal can trade his almonds for Vivian's tomatoes.

Answer with the correct option from 0 to 3. Only provide the numeric and nothing else 

Answer: 
assistant
1",1,0,grade7,"user
 QUESTION: What can Vivian and Jamal trade to each get what they want?
OPTIONS:
0: Vivian can trade her tomatoes for Jamal's broccoli.
1: Jamal can trade his broccoli for Vivian's oranges.
2: Vivian can trade her tomatoes for Jamal's carrots.
3: Jamal can trade his almonds for Vivian's tomatoes.

Answer with the correct option from 0 to 3. Only provide the numeric and nothing else 

Answer: 
assistant
0",0,0,grade7
7,58.16007,63.347527,68.15965,70.8384,73.77752,75.35507,78.99396,2.6585672,3.1843326,3.7621315,3.7975307,3.6440763,3.898295,4.0416274,4.474554,4.3901935,4.6784053,4.550879,5.0401263,5.9737177,8.185295,9.585105,11.808266,14.8928175,21.998123,29.578775,35.97595,42.326427,49.008705,56.036026,61.127995,63.701782,65.774994,66.45326,66.34004,63.766876,56.879173,Text tokens,558,1780,"user
 QUESTION: What can Bella and Darnell trade to each get what they want?
OPTIONS:
0: Darnell can trade his broccoli for Bella's oranges.
1: Darnell can trade his almonds for Bella's tomatoes.
2: Bella can trade her tomatoes for Darnell's carrots.
3: Bella can trade her tomatoes for Darnell's broccoli.

Answer with the correct option from 0 to 3. Only provide the numeric and nothing else 

Answer: 
assistant
0",0,3,grade8,"user
 QUESTION: What can Bella and Darnell trade to each get what they want?
OPTIONS:
0: Darnell can trade his broccoli for Bella's oranges.
1: Darnell can trade his almonds for Bella's tomatoes.
2: Bella can trade her tomatoes for Darnell's carrots.
3: Bella can trade her tomatoes for Darnell's broccoli.

Answer with the correct option from 0 to 3. Only provide the numeric and nothing else 

Answer: 
assistant
3",3,3,grade8
8,35.455574,40.861767,40.36175,40.162437,41.575176,42.803604,44.92958,1.2142086,1.2695434,1.3334177,1.3320628,1.3245025,1.3526338,1.3730011,1.4019979,1.3954138,1.417658,1.4152894,1.4616952,1.5324192,1.6951044,1.7814138,1.9147345,2.131008,2.6527321,3.323125,4.0789165,5.030971,6.345427,8.307955,10.219125,13.029571,15.755635,19.465946,22.924002,29.820393,30.472826,Text tokens,89,291,"user
 QUESTION: Will these magnets attract or repel each other?
OPTIONS:
0: repel
1: attract

Answer with the correct option from 0 to 1. Only provide the numeric and nothing else 

Answer: 
assistant
0",0,0,grade2,"user
 QUESTION: Will these magnets attract or repel each other?
OPTIONS:
0: repel
1: attract

Answer with the correct option from 0 to 1. Only provide the numeric and nothing else 

Answer: 
assistant
1",1,0,grade2
9,38.66586,46.691166,50.315647,53.007843,55.170788,56.90612,60.654892,1.5112998,1.6609635,1.8241112,1.8356926,1.819966,1.8987374,1.9528176,2.0193086,2.0218048,2.0790043,2.0659938,2.2029247,2.423968,3.0013893,3.3098707,3.764703,4.473887,6.4474826,8.936204,11.570052,14.470705,18.298483,23.780249,27.933805,32.49229,36.670273,40.74361,43.27583,45.134563,43.875763,Text tokens,604,1931,"user
 QUESTION: Think about the magnetic force between the magnets in each pair. Which of the following statements is true?
OPTIONS:
0: The strength of the magnetic force is the same in both pairs.
1: The magnetic force is weaker in Pair 1.
2: The magnetic force is weaker in Pair 2.

Answer with the correct option from 0 to 2. Only provide the numeric and nothing else 

Answer: 
assistant
1",1,1,grade4,"user
 QUESTION: Think about the magnetic force between the magnets in each pair. Which of the following statements is true?
OPTIONS:
0: The strength of the magnetic force is the same in both pairs.
1: The magnetic force is weaker in Pair 1.
2: The magnetic force is weaker in Pair 2.

Answer with the correct option from 0 to 2. Only provide the numeric and nothing else 

Answer: 
assistant
2",2,1,grade4
10,25.521433,33.388885,30.272947,29.042639,32.511528,36.533516,39.61975,1.1317962,1.1661065,1.1973013,1.2014599,1.1934117,1.2051047,1.217244,1.2304555,1.2299433,1.2440935,1.2391412,1.2628495,1.2976073,1.3742975,1.41621,1.4807309,1.5834938,1.8465923,2.1686192,2.5575233,3.0473807,3.7241666,4.658661,5.7447705,7.2637467,8.915753,11.284434,13.771324,22.401009,25.359352,Text tokens,432,1362,"user
 QUESTION: Which country is highlighted?
OPTIONS:
0: Fiji
1: Solomon Islands
2: Vanuatu
3: Tuvalu

Answer with the correct option from 0 to 3. Only provide the numeric and nothing else 

Answer: 
assistant
0",0,0,grade8,"user
 QUESTION: Which country is highlighted?
OPTIONS:
0: Fiji
1: Solomon Islands
2: Vanuatu
3: Tuvalu

Answer with the correct option from 0 to 3. Only provide the numeric and nothing else 

Answer: 
assistant
3",3,0,grade8
11,41.532337,48.868042,50.983223,51.664467,55.30599,56.235474,60.189186,1.3937625,1.5127059,1.6350688,1.6425,1.6400609,1.6917624,1.7190074,1.7853901,1.7787421,1.8311398,1.8193244,1.9289831,2.0988917,2.5169787,2.7410026,3.081191,3.586924,5.0250177,6.858902,8.70648,10.9020195,14.019749,18.282078,21.86922,26.043036,29.809427,34.455826,37.430645,41.888668,41.39619,Text tokens,32,120,"user
 QUESTION: Compare the average kinetic energies of the particles in each sample. Which sample has the higher temperature?
OPTIONS:
0: neither; the samples have the same temperature
1: sample A
2: sample B

Answer with the correct option from 0 to 2. Only provide the numeric and nothing else 

Answer: 
assistant
0",0,2,grade6,"user
 QUESTION: Compare the average kinetic energies of the particles in each sample. Which sample has the higher temperature?
OPTIONS:
0: neither; the samples have the same temperature
1: sample A
2: sample B

Answer with the correct option from 0 to 2. Only provide the numeric and nothing else 

Answer: 
assistant
1",1,2,grade6
12,26.78829,32.34251,26.079077,23.648834,28.339743,31.635206,36.209522,1.0993994,1.1285579,1.1581159,1.1577017,1.1496716,1.1604918,1.1676682,1.1789681,1.1779195,1.1908035,1.1907781,1.2136252,1.2455812,1.3135265,1.3493199,1.4032438,1.4871932,1.6891901,1.942926,2.2544465,2.6277375,3.158562,3.9305766,4.6952105,5.901891,7.246844,9.179644,11.176858,19.512552,28.891476,Text tokens,30,118,"user
 QUESTION: Which property matches this object?
OPTIONS:
0: stretchy
1: transparent

Answer with the correct option from 0 to 1. Only provide the numeric and nothing else 

Answer: 
assistant
1",1,1,grade3,"user
 QUESTION: Which property matches this object?
OPTIONS:
0: stretchy
1: transparent

Answer with the correct option from 0 to 1. Only provide the numeric and nothing else 

Answer: 
assistant
0",0,1,grade3
13,64.1535,82.32996,94.9203,102.47585,108.16797,105.60746,113.522194,6.9110923,9.595838,12.474543,12.971301,12.176529,13.233065,14.214343,15.513697,15.494306,16.638943,8.831376,9.966517,12.026834,16.826618,19.42914,23.77253,29.85228,43.23914,55.742523,67.10435,77.31972,87.346375,98.601204,103.35402,102.107544,104.4329,106.6711,107.85729,103.3523,85.608925,Text tokens,95,307,"user
 QUESTION: Which of the following could Robert's test show?
OPTIONS:
0: how steady a parachute with a 1 m vent was at 200 km per hour
1: if the spacecraft was damaged when using a parachute with a 1 m vent going 200 km per hour
2: whether a parachute with a 1 m vent would swing too much at 400 km per hour

Answer with the correct option from 0 to 2. Only provide the numeric and nothing else 

Answer: 
assistant
2",2,0,grade7,"user
 QUESTION: Which of the following could Robert's test show?
OPTIONS:
0: how steady a parachute with a 1 m vent was at 200 km per hour
1: if the spacecraft was damaged when using a parachute with a 1 m vent going 200 km per hour
2: whether a parachute with a 1 m vent would swing too much at 400 km per hour

Answer with the correct option from 0 to 2. Only provide the numeric and nothing else 

Answer: 
assistant
0",0,0,grade7
14,29.07806,34.66388,29.075918,26.82832,31.323828,34.495316,38.867676,1.1148202,1.1487253,1.1844718,1.1831336,1.1749439,1.1887939,1.1971816,1.2074714,1.2141354,1.2253166,1.2241504,1.2494675,1.2810258,1.3612303,1.4066333,1.4735115,1.566749,1.8030351,2.0876532,2.4629323,2.8795285,3.4821334,4.4267063,5.3838744,6.911353,8.497467,10.896299,13.286113,22.373753,31.564795,Text tokens,223,727,"user
 QUESTION: Which property do these two objects have in common?
OPTIONS:
0: smooth
1: rough

Answer with the correct option from 0 to 1. Only provide the numeric and nothing else 

Answer: 
assistant
1",1,1,grade2,"user
 QUESTION: Which property do these two objects have in common?
OPTIONS:
0: smooth
1: rough

Answer with the correct option from 0 to 1. Only provide the numeric and nothing else 

Answer: 
assistant
0",0,1,grade2
15,24.058681,30.597132,25.641716,24.882374,29.203402,33.1215,36.98813,1.120482,1.154594,1.1895908,1.1970961,1.1916844,1.2018212,1.2138628,1.2271272,1.2277477,1.2428493,1.2362647,1.2610569,1.2964294,1.3777943,1.418355,1.4846746,1.596796,1.8506556,2.1706684,2.5548701,3.003688,3.683709,4.6205583,5.6388183,7.2030044,8.838641,10.996422,13.21664,21.366919,26.543863,Text tokens,238,776,"user
 QUESTION: What is the name of the colony shown?
OPTIONS:
0: Iowa
1: Connecticut
2: Virginia
3: Maine

Answer with the correct option from 0 to 3. Only provide the numeric and nothing else 

Answer: 
assistant
1",1,1,grade7,"user
 QUESTION: What is the name of the colony shown?
OPTIONS:
0: Iowa
1: Connecticut
2: Virginia
3: Maine

Answer with the correct option from 0 to 3. Only provide the numeric and nothing else 

Answer: 
assistant
2",2,1,grade7
16,26.84667,33.802822,31.534359,30.544458,34.13042,37.37917,40.26918,1.136112,1.1732638,1.2066815,1.2079678,1.2007405,1.2163905,1.2261045,1.2427412,1.240137,1.256487,1.2571275,1.2823217,1.3242903,1.4157797,1.4646289,1.5396692,1.6528869,1.9156308,2.2364767,2.6629126,3.1441638,3.8457286,4.8276005,5.9053526,7.4896307,9.15103,11.669042,14.162114,22.794128,28.439636,Text tokens,517,1644,"user
 QUESTION: Which of these states is farthest east?
OPTIONS:
0: Oregon
1: Wyoming
2: New Mexico
3: North Dakota

Answer with the correct option from 0 to 3. Only provide the numeric and nothing else 

Answer: 
assistant
3",3,3,grade5,"user
 QUESTION: Which of these states is farthest east?
OPTIONS:
0: Oregon
1: Wyoming
2: New Mexico
3: North Dakota

Answer with the correct option from 0 to 3. Only provide the numeric and nothing else 

Answer: 
assistant
0",0,3,grade5
17,55.54788,66.73569,70.01197,74.74086,78.64979,77.62167,84.17127,3.3821936,4.1769586,5.042299,5.286177,5.226505,5.6591663,6.081688,6.7569466,6.8133802,7.3112073,7.1913667,8.077042,9.497359,13.012474,15.263827,18.32341,22.560368,31.964651,41.168827,48.472157,54.874813,61.78738,68.260414,71.93302,70.715225,71.54494,72.90275,73.90663,68.9458,55.614956,Text tokens,616,1970,"user
 QUESTION: What is the expected ratio of offspring with vestigial wings to offspring with normal wings? Choose the most likely ratio.
OPTIONS:
0: 1:3
1: 4:0
2: 3:1
3: 2:2
4: 0:4

Answer with the correct option from 0 to 4. Only provide the numeric and nothing else 

Answer: 
assistant
0",0,3,grade8,"user
 QUESTION: What is the expected ratio of offspring with vestigial wings to offspring with normal wings? Choose the most likely ratio.
OPTIONS:
0: 1:3
1: 4:0
2: 3:1
3: 2:2
4: 0:4

Answer with the correct option from 0 to 4. Only provide the numeric and nothing else 

Answer: 
assistant
2",2,3,grade8
18,41.53247,48.81241,50.99971,51.74001,55.372116,56.294632,60.214733,1.3936834,1.51354,1.6353859,1.642959,1.6387048,1.6898527,1.7171129,1.7828403,1.7756169,1.8291265,1.8159945,1.9250436,2.0928953,2.5103211,2.7338576,3.078919,3.5862699,5.01974,6.8371835,8.7045765,10.872469,14.003105,18.277617,21.885792,26.041327,29.77767,34.30466,37.17871,41.46491,40.834877,Text tokens,27,100,"user
 QUESTION: Compare the average kinetic energies of the particles in each sample. Which sample has the higher temperature?
OPTIONS:
0: neither; the samples have the same temperature
1: sample B
2: sample A

Answer with the correct option from 0 to 2. Only provide the numeric and nothing else 

Answer: 
assistant
0",0,1,grade7,"user
 QUESTION: Compare the average kinetic energies of the particles in each sample. Which sample has the higher temperature?
OPTIONS:
0: neither; the samples have the same temperature
1: sample B
2: sample A

Answer with the correct option from 0 to 2. Only provide the numeric and nothing else 

Answer: 
assistant
2",2,1,grade7
19,39.74912,47.52243,44.364693,42.82291,46.55173,48.895916,52.453728,1.2378539,1.3090882,1.3755307,1.3804741,1.3679357,1.3944161,1.418787,1.4589714,1.4558089,1.4886312,1.4855417,1.5439062,1.6348178,1.8504342,1.9758745,2.141876,2.4215214,3.1636677,4.02723,5.042849,6.1749167,7.8738484,10.387456,12.579598,15.665692,18.862396,22.855654,26.551231,34.983,37.232418,Text tokens,574,1844,"user
 QUESTION: Which solution has a higher concentration of green particles?
OPTIONS:
0: Solution B
1: Solution A
2: neither; their concentrations are the same

Answer with the correct option from 0 to 2. Only provide the numeric and nothing else 

Answer: 
assistant
0",0,0,grade7,"user
 QUESTION: Which solution has a higher concentration of green particles?
OPTIONS:
0: Solution B
1: Solution A
2: neither; their concentrations are the same

Answer with the correct option from 0 to 2. Only provide the numeric and nothing else 

Answer: 
assistant
1",1,0,grade7
20,35.455276,40.875137,40.40962,40.198944,41.61312,42.703445,44.841774,1.2149123,1.271151,1.3352752,1.3341943,1.3261251,1.3546778,1.3749511,1.4034082,1.3967975,1.4178166,1.4152461,1.4622794,1.5321808,1.69068,1.7779447,1.9130687,2.1260264,2.6519375,3.3118086,4.0547953,5.0003033,6.307647,8.273591,10.215777,13.050618,15.80156,19.596657,23.179165,30.374668,32.986786,Text tokens,203,671,"user
 QUESTION: Will these magnets attract or repel each other?
OPTIONS:
0: attract
1: repel

Answer with the correct option from 0 to 1. Only provide the numeric and nothing else 

Answer: 
assistant
1",1,0,grade3,"user
 QUESTION: Will these magnets attract or repel each other?
OPTIONS:
0: attract
1: repel

Answer with the correct option from 0 to 1. Only provide the numeric and nothing else 

Answer: 
assistant
0",0,0,grade3
21,44.763905,59.26223,64.418785,66.91017,70.75778,70.4534,75.36234,1.745319,1.9639429,2.1980436,2.2152028,2.1764624,2.253145,2.3008072,2.42423,2.413037,2.4981883,2.4504592,2.6128607,2.888293,3.5668309,3.9445865,4.5298123,5.558468,8.342239,12.1527605,16.045576,20.323912,25.57141,32.408012,37.35702,41.55518,46.04045,51.072914,54.892033,57.28534,45.863285,Text tokens,429,1349,"user
 QUESTION: Which air temperature was measured within the outlined area shown?
OPTIONS:
0: 30°C
1: 14°C
2: 10°C

Answer with the correct option from 0 to 2. Only provide the numeric and nothing else 

Answer: 
assistant
0",0,0,grade6,"user
 QUESTION: Which air temperature was measured within the outlined area shown?
OPTIONS:
0: 30°C
1: 14°C
2: 10°C

Answer with the correct option from 0 to 2. Only provide the numeric and nothing else 

Answer: 
assistant
1",1,0,grade6
22,24.745523,32.81666,30.034681,29.213215,32.92421,36.268047,39.344376,1.1254469,1.1605859,1.1932518,1.1987054,1.1912757,1.2002612,1.2117459,1.2240512,1.2250888,1.2384939,1.2326328,1.2569529,1.2932202,1.3704147,1.4133364,1.4816111,1.5833328,1.8412702,2.1673276,2.5665102,3.0335443,3.7118933,4.568126,5.551942,6.990431,8.621214,10.862214,13.294994,21.898787,26.699135,Text tokens,225,738,"user
 QUESTION: Which country is highlighted?
OPTIONS:
0: Cuba
1: Haiti
2: Trinidad and Tobago
3: Grenada

Answer with the correct option from 0 to 3. Only provide the numeric and nothing else 

Answer: 
assistant
1",1,1,grade7,"user
 QUESTION: Which country is highlighted?
OPTIONS:
0: Cuba
1: Haiti
2: Trinidad and Tobago
3: Grenada

Answer with the correct option from 0 to 3. Only provide the numeric and nothing else 

Answer: 
assistant
2",2,1,grade7
23,41.532143,48.860855,51.051056,51.68422,55.1901,56.11089,60.270977,1.3928972,1.5116539,1.6334072,1.6424433,1.633612,1.685651,1.7145915,1.7789465,1.7753115,1.8318286,1.819386,1.924812,2.0874867,2.4976285,2.721583,3.0595336,3.5738912,5.0038013,6.8387294,8.6792145,10.85202,13.966329,18.257755,21.834038,26.105854,29.879347,34.28276,37.102474,41.420605,40.032257,Text tokens,459,1465,"user
 QUESTION: Compare the average kinetic energies of the particles in each sample. Which sample has the higher temperature?
OPTIONS:
0: sample B
1: neither; the samples have the same temperature
2: sample A

Answer with the correct option from 0 to 2. Only provide the numeric and nothing else 

Answer: 
assistant
0",0,0,grade6,"user
 QUESTION: Compare the average kinetic energies of the particles in each sample. Which sample has the higher temperature?
OPTIONS:
0: sample B
1: neither; the samples have the same temperature
2: sample A

Answer with the correct option from 0 to 2. Only provide the numeric and nothing else 

Answer: 
assistant
2",2,0,grade6
24,38.66607,46.710625,50.157986,52.98495,55.137234,56.984753,60.76542,1.5121824,1.663215,1.8315035,1.8450882,1.82723,1.9061856,1.9649024,2.0326846,2.0300486,2.0932443,2.0872848,2.228016,2.4391758,3.0046139,3.298927,3.7370954,4.4396644,6.349611,8.673599,11.216906,14.054162,17.907368,23.263338,27.270733,32.19061,36.45507,40.65873,43.484547,46.25346,43.40323,Text tokens,603,1930,"user
 QUESTION: Think about the magnetic force between the magnets in each pair. Which of the following statements is true?
OPTIONS:
0: The magnetic force is weaker in Pair 2.
1: The magnetic force is weaker in Pair 1.
2: The strength of the magnetic force is the same in both pairs.

Answer with the correct option from 0 to 2. Only provide the numeric and nothing else 

Answer: 
assistant
2",2,2,grade3,"user
 QUESTION: Think about the magnetic force between the magnets in each pair. Which of the following statements is true?
OPTIONS:
0: The magnetic force is weaker in Pair 2.
1: The magnetic force is weaker in Pair 1.
2: The strength of the magnetic force is the same in both pairs.

Answer with the correct option from 0 to 2. Only provide the numeric and nothing else 

Answer: 
assistant
0",0,2,grade3
25,36.981647,42.798958,39.18086,36.5568,41.249966,44.39101,49.50134,1.2172776,1.2851692,1.3407168,1.3390437,1.3318813,1.3596655,1.3747195,1.4042002,1.4064915,1.4322652,1.4261868,1.4743955,1.5425732,1.7054054,1.7969081,1.921235,2.1211178,2.6868978,3.3214374,4.07768,5.0681663,6.3631406,8.360241,10.114217,12.91214,15.692148,19.269817,22.667177,31.799635,32.85086,Text tokens,284,930,"user
 QUESTION: Is the following statement about our solar system true or false?
The volume of Uranus is less than ten times the volume of Neptune.
OPTIONS:
0: false
1: true

Answer with the correct option from 0 to 1. Only provide the numeric and nothing else 

Answer: 
assistant
1",1,1,grade8,"user
 QUESTION: Is the following statement about our solar system true or false?
The volume of Uranus is less than ten times the volume of Neptune.
OPTIONS:
0: false
1: true

Answer with the correct option from 0 to 1. Only provide the numeric and nothing else 

Answer: 
assistant
0",0,1,grade8
26,30.014095,36.051685,32.522038,31.419588,35.57253,38.00539,41.07845,1.1297016,1.1656165,1.2022651,1.2043242,1.1985468,1.2188065,1.2285452,1.244855,1.241239,1.2564267,1.2553545,1.2821646,1.32356,1.4201177,1.4645853,1.5417953,1.6538422,1.937197,2.2739027,2.6847355,3.1605735,3.8572133,4.9287987,5.9681773,7.6305676,9.409472,12.082828,14.850281,23.434444,29.066261,Text tokens,6,26,"user
 QUESTION: Will these magnets attract or repel each other?
OPTIONS:
0: repel
1: attract

Answer with the correct option from 0 to 1. Only provide the numeric and nothing else 

Answer: 
assistant
0",0,0,grade5,"user
 QUESTION: Will these magnets attract or repel each other?
OPTIONS:
0: repel
1: attract

Answer with the correct option from 0 to 1. Only provide the numeric and nothing else 

Answer: 
assistant
1",1,0,grade5
27,24.150064,30.721714,27.964502,27.094774,31.021254,34.237076,37.372814,1.1146011,1.1464833,1.1764567,1.1802462,1.1768687,1.1867672,1.1977286,1.2104173,1.2097881,1.2235327,1.2188126,1.241422,1.2757622,1.3499948,1.3941789,1.4556665,1.551625,1.7863901,2.074536,2.4174855,2.8131306,3.4090424,4.2304907,5.1726913,6.604219,8.100297,10.280804,12.530355,20.702509,25.44516,Text tokens,163,523,"user
 QUESTION: Which state is highlighted?
OPTIONS:
0: Pennsylvania
1: Vermont
2: Rhode Island
3: New Jersey

Answer with the correct option from 0 to 3. Only provide the numeric and nothing else 

Answer: 
assistant
3",3,3,grade3,"user
 QUESTION: Which state is highlighted?
OPTIONS:
0: Pennsylvania
1: Vermont
2: Rhode Island
3: New Jersey

Answer with the correct option from 0 to 3. Only provide the numeric and nothing else 

Answer: 
assistant
2",2,3,grade3
28,26.110737,33.14992,30.778757,30.13883,34.01534,37.02238,39.856407,1.1305743,1.1663648,1.2005559,1.2020164,1.195261,1.2108829,1.2227148,1.2386055,1.2356373,1.252228,1.2528584,1.2765286,1.3154917,1.4025705,1.451042,1.52704,1.636015,1.8960527,2.202181,2.615609,3.0502684,3.6993113,4.62458,5.6414104,7.158625,8.740057,11.10913,13.525101,22.214823,27.04112,Text tokens,348,1112,"user
 QUESTION: Which of these states is farthest west?
OPTIONS:
0: Delaware
1: Florida
2: Rhode Island
3: Maine

Answer with the correct option from 0 to 3. Only provide the numeric and nothing else 

Answer: 
assistant
0",0,1,grade5,"user
 QUESTION: Which of these states is farthest west?
OPTIONS:
0: Delaware
1: Florida
2: Rhode Island
3: Maine

Answer with the correct option from 0 to 3. Only provide the numeric and nothing else 

Answer: 
assistant
3",3,1,grade5
29,31.071024,38.495205,34.256855,33.304775,37.61533,40.60788,43.69005,1.144745,1.1884537,1.2337087,1.2365428,1.2246579,1.2446058,1.2587196,1.2751886,1.2743831,1.2965636,1.2947626,1.3240074,1.3713225,1.4760112,1.5295185,1.6143075,1.7527372,2.0910077,2.5490172,3.0407684,3.7341492,4.780244,6.1225915,7.564789,9.641637,11.697228,14.667981,17.686203,26.872938,32.387646,Text tokens,159,516,"user
 QUESTION: Which is the main persuasive appeal used in this ad?
OPTIONS:
0: pathos (emotion)
1: ethos (character)
2: logos (reason)

Answer with the correct option from 0 to 2. Only provide the numeric and nothing else 

Answer: 
assistant
2",2,2,grade7,"user
 QUESTION: Which is the main persuasive appeal used in this ad?
OPTIONS:
0: pathos (emotion)
1: ethos (character)
2: logos (reason)

Answer with the correct option from 0 to 2. Only provide the numeric and nothing else 

Answer: 
assistant
0",0,2,grade7
30,45.705032,54.022976,56.081467,56.613407,58.793507,59.582294,61.21941,1.5729884,1.7213771,1.8982865,1.9060483,1.8930936,1.9585303,2.0114884,2.0987346,2.0849795,2.1561437,2.1468809,2.2644641,2.4560812,2.9509094,3.1943908,3.5561361,4.27994,6.0041237,8.241517,10.770421,13.579062,17.392296,22.436695,26.486593,30.570314,34.203514,38.30951,42.577606,47.940342,43.26837,Text tokens,220,720,"user
 QUESTION: Which statement describes the Steigerwald Forest ecosystem?
OPTIONS:
0: It has soil that is rich in nutrients.
1: It has a small amount of rain or snow.
2: It has soil that is poor in nutrients.

Answer with the correct option from 0 to 2. Only provide the numeric and nothing else 

Answer: 
assistant
0",0,0,grade8,"user
 QUESTION: Which statement describes the Steigerwald Forest ecosystem?
OPTIONS:
0: It has soil that is rich in nutrients.
1: It has a small amount of rain or snow.
2: It has soil that is poor in nutrients.

Answer with the correct option from 0 to 2. Only provide the numeric and nothing else 

Answer: 
assistant
2",2,0,grade8
31,28.674267,35.242012,30.796486,29.231873,33.542034,36.750854,40.67852,1.1292932,1.1677895,1.2100282,1.2093654,1.1985611,1.216654,1.22253,1.2357947,1.2358291,1.2518207,1.2493668,1.2785708,1.3176608,1.4075351,1.4600002,1.5318093,1.6405886,1.9198291,2.2532234,2.6641247,3.1539848,3.8773904,4.970544,5.9761763,7.6888857,9.437998,11.977553,14.563849,23.753233,31.536224,Text tokens,344,1101,"user
 QUESTION: Which property do these three objects have in common?
OPTIONS:
0: shiny
1: rough
2: fragile

Answer with the correct option from 0 to 2. Only provide the numeric and nothing else 

Answer: 
assistant
0",0,0,grade3,"user
 QUESTION: Which property do these three objects have in common?
OPTIONS:
0: shiny
1: rough
2: fragile

Answer with the correct option from 0 to 2. Only provide the numeric and nothing else 

Answer: 
assistant
2",2,0,grade3
32,25.485085,32.51635,29.758877,29.158339,33.144157,36.002266,38.944008,1.1240299,1.1593605,1.1912123,1.1941339,1.1871778,1.2018225,1.2123678,1.2274384,1.2250674,1.2394606,1.2394266,1.2641042,1.3028425,1.3869876,1.433608,1.5030166,1.6063775,1.8477275,2.1408215,2.5254655,2.9871073,3.6310418,4.5556755,5.561182,7.0192122,8.54409,10.863204,13.277853,21.827662,28.853891,Text tokens,94,305,"user
 QUESTION: Which of these states is farthest south?
OPTIONS:
0: Colorado
1: Montana
2: Washington
3: Pennsylvania

Answer with the correct option from 0 to 3. Only provide the numeric and nothing else 

Answer: 
assistant
0",0,0,grade2,"user
 QUESTION: Which of these states is farthest south?
OPTIONS:
0: Colorado
1: Montana
2: Washington
3: Pennsylvania

Answer with the correct option from 0 to 3. Only provide the numeric and nothing else 

Answer: 
assistant
3",3,0,grade2
33,39.749165,47.544468,44.37959,42.812305,46.57349,48.994476,52.521503,1.2365178,1.3064208,1.372174,1.3777304,1.3668953,1.3925989,1.4163677,1.4573913,1.4559139,1.4877461,1.4856329,1.5436481,1.6369703,1.8510512,1.9773351,2.146502,2.4261284,3.1640441,4.044195,5.045348,6.169564,7.874911,10.391321,12.562428,15.674615,18.907763,23.010109,26.747898,35.350746,38.197624,Text tokens,389,1239,"user
 QUESTION: Which solution has a higher concentration of green particles?
OPTIONS:
0: Solution A
1: Solution B
2: neither; their concentrations are the same

Answer with the correct option from 0 to 2. Only provide the numeric and nothing else 

Answer: 
assistant
1",1,1,grade8,"user
 QUESTION: Which solution has a higher concentration of green particles?
OPTIONS:
0: Solution A
1: Solution B
2: neither; their concentrations are the same

Answer with the correct option from 0 to 2. Only provide the numeric and nothing else 

Answer: 
assistant
0",0,1,grade8
34,35.455276,40.849968,40.37599,40.129616,41.58993,42.682133,44.78394,1.2152117,1.2713039,1.3354944,1.3344786,1.3266567,1.3551592,1.3750635,1.4038639,1.397169,1.4179649,1.4151565,1.4619677,1.5321994,1.6906495,1.7797669,1.9138286,2.1274047,2.6523557,3.311391,4.060784,5.004899,6.325609,8.310634,10.244031,13.067032,15.824446,19.633104,23.158073,30.304028,31.783945,Text tokens,99,323,"user
 QUESTION: Will these magnets attract or repel each other?
OPTIONS:
0: attract
1: repel

Answer with the correct option from 0 to 1. Only provide the numeric and nothing else 

Answer: 
assistant
1",1,1,grade2,"user
 QUESTION: Will these magnets attract or repel each other?
OPTIONS:
0: attract
1: repel

Answer with the correct option from 0 to 1. Only provide the numeric and nothing else 

Answer: 
assistant
0",0,1,grade2
35,37.92239,45.06804,48.7961,51.58404,54.07153,55.751514,59.51029,1.550838,1.7131772,1.8864067,1.9030428,1.896591,1.9851011,2.0486593,2.1227236,2.124489,2.1955879,2.1903896,2.3542826,2.600412,3.245193,3.604087,4.134292,4.9420853,7.141335,9.895754,12.708465,15.796224,19.843603,25.470457,29.867699,34.49719,38.48245,42.512566,45.05338,46.61399,45.211372,Text tokens,367,1174,"user
 QUESTION: Think about the magnetic force between the magnets in each pair. Which of the following statements is true?
OPTIONS:
0: The magnitude of the magnetic force is greater in Pair 1.
1: The magnitude of the magnetic force is the same in both pairs.
2: The magnitude of the magnetic force is greater in Pair 2.

Answer with the correct option from 0 to 2. Only provide the numeric and nothing else 

Answer: 
assistant
2",2,2,grade5,"user
 QUESTION: Think about the magnetic force between the magnets in each pair. Which of the following statements is true?
OPTIONS:
0: The magnitude of the magnetic force is greater in Pair 1.
1: The magnitude of the magnetic force is the same in both pairs.
2: The magnitude of the magnetic force is greater in Pair 2.

Answer with the correct option from 0 to 2. Only provide the numeric and nothing else 

Answer: 
assistant
0",0,2,grade5
36,38.692226,46.59866,50.005093,52.749557,54.93199,56.77239,60.662704,1.5045635,1.6540849,1.8157604,1.8303893,1.8137668,1.8902208,1.9591299,2.0210946,2.0316408,2.0854979,2.0786507,2.2199972,2.4341457,2.9908698,3.3013446,3.7807596,4.481625,6.476021,8.956249,11.617053,14.496522,18.389084,23.843979,28.046043,32.542736,36.847267,41.014744,43.523838,45.642414,45.479786,Text tokens,352,1129,"user
 QUESTION: Think about the magnetic force between the magnets in each pair. Which of the following statements is true?
OPTIONS:
0: The magnetic force is stronger in Pair 2.
1: The magnetic force is stronger in Pair 1.
2: The strength of the magnetic force is the same in both pairs.

Answer with the correct option from 0 to 2. Only provide the numeric and nothing else 

Answer: 
assistant
1",1,1,grade4,"user
 QUESTION: Think about the magnetic force between the magnets in each pair. Which of the following statements is true?
OPTIONS:
0: The magnetic force is stronger in Pair 2.
1: The magnetic force is stronger in Pair 1.
2: The strength of the magnetic force is the same in both pairs.

Answer with the correct option from 0 to 2. Only provide the numeric and nothing else 

Answer: 
assistant
0",0,1,grade4
37,22.577156,30.064323,26.517336,25.684134,29.56567,32.8794,36.254944,1.1056457,1.1357785,1.1668782,1.1699431,1.166627,1.1772445,1.1861504,1.1990055,1.1979188,1.2121068,1.2069309,1.2290368,1.2615672,1.3301399,1.3664205,1.4250158,1.512557,1.7330388,1.9973797,2.3231082,2.7334576,3.3160465,4.06495,4.8233557,6.1517386,7.438537,9.379195,11.482841,19.6967,26.369598,Text tokens,618,1978,"user
 QUESTION: Which continent is highlighted?
OPTIONS:
0: Africa
1: Australia
2: Antarctica
3: Asia

Answer with the correct option from 0 to 3. Only provide the numeric and nothing else 

Answer: 
assistant
2",2,2,grade7,"user
 QUESTION: Which continent is highlighted?
OPTIONS:
0: Africa
1: Australia
2: Antarctica
3: Asia

Answer with the correct option from 0 to 3. Only provide the numeric and nothing else 

Answer: 
assistant
0",0,2,grade7
38,26.805641,35.4822,33.838196,33.060276,36.191723,38.802483,41.933098,1.150986,1.195982,1.2276354,1.233919,1.2221949,1.2330375,1.2456262,1.2598934,1.2609959,1.275778,1.269664,1.2972264,1.3375179,1.4265461,1.475288,1.5506344,1.6706979,1.9789919,2.3640785,2.8588498,3.4418328,4.2586102,5.343817,6.5533576,8.366694,10.326126,13.077457,15.896341,25.041468,27.98532,Text tokens,270,897,"user
 QUESTION: Which country is highlighted?
OPTIONS:
0: Haiti
1: Saint Kitts and Nevis
2: the Dominican Republic
3: Dominica

Answer with the correct option from 0 to 3. Only provide the numeric and nothing else 

Answer: 
assistant
3",3,3,grade6,"user
 QUESTION: Which country is highlighted?
OPTIONS:
0: Haiti
1: Saint Kitts and Nevis
2: the Dominican Republic
3: Dominica

Answer with the correct option from 0 to 3. Only provide the numeric and nothing else 

Answer: 
assistant
2",2,3,grade6
39,23.318039,30.819733,27.473482,26.584867,30.439144,33.65956,36.98235,1.1109769,1.1415617,1.1745845,1.1786022,1.175555,1.1859205,1.1959704,1.2103388,1.2088872,1.2232498,1.2170546,1.2395184,1.273876,1.3477534,1.3877057,1.4504899,1.5427759,1.773896,2.0378401,2.3922837,2.7903786,3.3980024,4.194128,4.987093,6.36587,7.716868,9.714894,11.928928,20.236977,26.952608,Text tokens,44,156,"user
 QUESTION: Which continent is highlighted?
OPTIONS:
0: Australia
1: Africa
2: South America
3: Europe

Answer with the correct option from 0 to 3. Only provide the numeric and nothing else 

Answer: 
assistant
2",2,2,grade4,"user
 QUESTION: Which continent is highlighted?
OPTIONS:
0: Australia
1: Africa
2: South America
3: Europe

Answer with the correct option from 0 to 3. Only provide the numeric and nothing else 

Answer: 
assistant
0",0,2,grade4
40,23.502401,31.759287,29.206005,28.233551,32.036934,35.335304,38.698074,1.1192172,1.152588,1.1851345,1.1914755,1.1835628,1.1960901,1.2064053,1.2189851,1.2187436,1.232233,1.2277116,1.2512164,1.2852247,1.3593339,1.3989565,1.461238,1.5561649,1.8030914,2.0882318,2.4359787,2.8554885,3.4649298,4.320616,5.286202,6.7127924,8.242493,10.39394,12.677868,20.751034,24.8383,Text tokens,470,1504,"user
 QUESTION: Which country is highlighted?
OPTIONS:
0: Fiji
1: Solomon Islands
2: Australia
3: the Marshall Islands

Answer with the correct option from 0 to 3. Only provide the numeric and nothing else 

Answer: 
assistant
1",1,1,grade8,"user
 QUESTION: Which country is highlighted?
OPTIONS:
0: Fiji
1: Solomon Islands
2: Australia
3: the Marshall Islands

Answer with the correct option from 0 to 3. Only provide the numeric and nothing else 

Answer: 
assistant
3",3,1,grade8
41,35.455574,40.832092,40.38233,40.229378,41.670353,42.88828,45.044537,1.2150836,1.270819,1.3357658,1.3345007,1.3258595,1.354986,1.3754957,1.4047453,1.3975643,1.4195248,1.4167342,1.4636313,1.5333599,1.6948938,1.7804288,1.9171886,2.1332521,2.6623733,3.3288033,4.0796356,5.031175,6.3509297,8.328904,10.235889,13.06217,15.797078,19.525366,23.001732,30.0085,31.893724,Text tokens,549,1737,"user
 QUESTION: Will these magnets attract or repel each other?
OPTIONS:
0: repel
1: attract

Answer with the correct option from 0 to 1. Only provide the numeric and nothing else 

Answer: 
assistant
0",0,1,grade2,"user
 QUESTION: Will these magnets attract or repel each other?
OPTIONS:
0: repel
1: attract

Answer with the correct option from 0 to 1. Only provide the numeric and nothing else 

Answer: 
assistant
1",1,1,grade2
42,55.348232,61.07246,66.990555,69.63259,72.783966,73.86207,76.81689,2.385416,2.8263373,3.3238416,3.329382,3.2069316,3.4096193,3.5223486,3.8537166,3.7880244,4.0129247,3.9062576,4.2764325,4.9785137,6.7424097,7.7820516,9.450602,11.755036,17.498041,24.033829,29.58024,35.423946,41.69612,48.571316,53.503593,56.72276,58.90758,60.084835,59.96617,59.13802,53.054005,Text tokens,127,407,"user
 QUESTION: What can Austin and Colin trade to each get what they want?
OPTIONS:
0: Colin can trade his broccoli for Austin's oranges.
1: Colin can trade his almonds for Austin's tomatoes.
2: Austin can trade his tomatoes for Colin's carrots.
3: Austin can trade his tomatoes for Colin's broccoli.

Answer with the correct option from 0 to 3. Only provide the numeric and nothing else 

Answer: 
assistant
0",0,3,grade8,"user
 QUESTION: What can Austin and Colin trade to each get what they want?
OPTIONS:
0: Colin can trade his broccoli for Austin's oranges.
1: Colin can trade his almonds for Austin's tomatoes.
2: Austin can trade his tomatoes for Colin's carrots.
3: Austin can trade his tomatoes for Colin's broccoli.

Answer with the correct option from 0 to 3. Only provide the numeric and nothing else 

Answer: 
assistant
3",3,3,grade8
43,40.717216,48.722073,53.042763,56.05631,58.448933,59.898666,63.719124,1.6336434,1.824865,2.0287294,2.0458004,2.0309088,2.1262662,2.1968803,2.290092,2.2865756,2.3716216,2.3598025,2.5462246,2.8303218,3.5742886,3.9907808,4.6382504,5.628514,8.24675,11.420998,14.681919,18.219898,22.858515,29.08189,33.570217,38.0796,42.05356,45.963097,48.36144,49.21199,45.771397,Text tokens,387,1237,"user
 QUESTION: Think about the magnetic force between the magnets in each pair. Which of the following statements is true?
OPTIONS:
0: The magnitude of the magnetic force is greater in Pair 1.
1: The magnitude of the magnetic force is the same in both pairs.
2: The magnitude of the magnetic force is greater in Pair 2.

Answer with the correct option from 0 to 2. Only provide the numeric and nothing else 

Answer: 
assistant
0",0,0,grade8,"user
 QUESTION: Think about the magnetic force between the magnets in each pair. Which of the following statements is true?
OPTIONS:
0: The magnitude of the magnetic force is greater in Pair 1.
1: The magnitude of the magnetic force is the same in both pairs.
2: The magnitude of the magnetic force is greater in Pair 2.

Answer with the correct option from 0 to 2. Only provide the numeric and nothing else 

Answer: 
assistant
2",2,0,grade8
44,25.302198,33.484715,31.399452,30.732887,34.541233,37.64075,40.30155,1.1352342,1.1740322,1.2075495,1.2133877,1.2052884,1.2147233,1.2253752,1.2382187,1.2402697,1.2550416,1.2492728,1.2749491,1.3121886,1.3939066,1.4409218,1.514863,1.624203,1.8969843,2.2458017,2.671621,3.1967084,3.9273133,4.8784304,5.9283643,7.4991207,9.28253,11.695901,14.239482,23.120209,27.478544,Text tokens,80,276,"user
 QUESTION: Which country is highlighted?
OPTIONS:
0: the Dominican Republic
1: Grenada
2: Jamaica
3: Trinidad and Tobago

Answer with the correct option from 0 to 3. Only provide the numeric and nothing else 

Answer: 
assistant
3",3,3,grade7,"user
 QUESTION: Which country is highlighted?
OPTIONS:
0: the Dominican Republic
1: Grenada
2: Jamaica
3: Trinidad and Tobago

Answer with the correct option from 0 to 3. Only provide the numeric and nothing else 

Answer: 
assistant
2",2,3,grade7
45,35.08958,40.631344,36.4152,33.43512,37.86576,41.536034,46.60955,1.1810247,1.2382741,1.2861711,1.2877228,1.2841692,1.3060889,1.3213502,1.3452338,1.3446666,1.3680826,1.3638111,1.4059488,1.4629714,1.6005442,1.6665556,1.7736661,1.9436705,2.4179842,2.9482355,3.5635705,4.3548813,5.3712726,7.087447,8.623503,11.117659,13.550112,16.84717,19.987783,29.06599,30.536776,Text tokens,565,1805,"user
 QUESTION: Is the following statement about our solar system true or false?
The smallest planet is made mainly of rock.
OPTIONS:
0: false
1: true

Answer with the correct option from 0 to 1. Only provide the numeric and nothing else 

Answer: 
assistant
1",1,1,grade6,"user
 QUESTION: Is the following statement about our solar system true or false?
The smallest planet is made mainly of rock.
OPTIONS:
0: false
1: true

Answer with the correct option from 0 to 1. Only provide the numeric and nothing else 

Answer: 
assistant
0",0,1,grade6
46,44.10725,54.04324,57.10637,57.80554,61.952976,63.074085,65.94728,1.484798,1.6330574,1.8031353,1.8297939,1.8048719,1.8539973,1.9158518,1.9984199,1.9932123,2.0669036,2.0538836,2.1679354,2.3517473,2.8020415,3.0554185,3.4576597,4.1745424,5.9812703,8.358129,10.940548,13.977032,17.889372,23.017065,27.516418,32.339256,36.30738,40.870842,44.753986,50.757282,47.72036,Text tokens,300,974,"user
 QUESTION: Does this passage describe the weather or the climate?
OPTIONS:
0: weather
1: climate

Answer with the correct option from 0 to 1. Only provide the numeric and nothing else 

Answer: 
assistant
0",0,0,grade6,"user
 QUESTION: Does this passage describe the weather or the climate?
OPTIONS:
0: weather
1: climate

Answer with the correct option from 0 to 1. Only provide the numeric and nothing else 

Answer: 
assistant
1",1,0,grade6
47,40.73315,48.711414,52.815628,55.856136,58.299038,59.929237,63.811924,1.6278412,1.815464,2.0191724,2.0332007,2.02307,2.122317,2.2016459,2.2894647,2.2970288,2.3789113,2.3612509,2.5447013,2.8103638,3.5753129,3.9846194,4.6197634,5.620596,8.265923,11.348924,14.654235,18.19576,22.90452,29.277916,33.87149,38.530655,42.602768,46.52436,48.70616,49.25353,46.713333,Text tokens,370,1185,"user
 QUESTION: Think about the magnetic force between the magnets in each pair. Which of the following statements is true?
OPTIONS:
0: The magnitude of the magnetic force is smaller in Pair 2.
1: The magnitude of the magnetic force is smaller in Pair 1.
2: The magnitude of the magnetic force is the same in both pairs.

Answer with the correct option from 0 to 2. Only provide the numeric and nothing else 

Answer: 
assistant
2",2,1,grade7,"user
 QUESTION: Think about the magnetic force between the magnets in each pair. Which of the following statements is true?
OPTIONS:
0: The magnitude of the magnetic force is smaller in Pair 2.
1: The magnitude of the magnetic force is smaller in Pair 1.
2: The magnitude of the magnetic force is the same in both pairs.

Answer with the correct option from 0 to 2. Only provide the numeric and nothing else 

Answer: 
assistant
0",0,1,grade7
48,30.014095,36.125126,32.291466,31.274548,35.51271,37.94124,41.03046,1.1276529,1.1631818,1.1986115,1.1988215,1.1940645,1.2136083,1.2233185,1.2391818,1.236049,1.2502465,1.2500795,1.2761393,1.316488,1.407848,1.4502995,1.524957,1.6339959,1.9091136,2.231972,2.6197112,3.0743055,3.7555625,4.778723,5.7989326,7.3977656,9.242748,11.9314165,14.740629,23.231628,29.764856,Text tokens,591,1884,"user
 QUESTION: Will these magnets attract or repel each other?
OPTIONS:
0: repel
1: attract

Answer with the correct option from 0 to 1. Only provide the numeric and nothing else 

Answer: 
assistant
0",0,0,grade4,"user
 QUESTION: Will these magnets attract or repel each other?
OPTIONS:
0: repel
1: attract

Answer with the correct option from 0 to 1. Only provide the numeric and nothing else 

Answer: 
assistant
1",1,0,grade4
49,24.745853,32.39021,29.618534,28.826086,32.44056,35.565266,38.890022,1.1251862,1.1603401,1.1940641,1.2027326,1.193971,1.2056406,1.2158793,1.2293036,1.2282844,1.2427722,1.2369138,1.2608196,1.2956942,1.3697495,1.4130104,1.4799645,1.5824925,1.8341707,2.1514695,2.5189688,2.9519622,3.639573,4.5686584,5.5356703,7.063643,8.661564,10.891387,13.29404,21.545425,25.02904,Text tokens,196,647,"user
 QUESTION: Which country is highlighted?
OPTIONS:
0: Solomon Islands
1: New Zealand
2: Papua New Guinea
3: Australia

Answer with the correct option from 0 to 3. Only provide the numeric and nothing else 

Answer: 
assistant
3",3,3,grade7,"user
 QUESTION: Which country is highlighted?
OPTIONS:
0: Solomon Islands
1: New Zealand
2: Papua New Guinea
3: Australia

Answer with the correct option from 0 to 3. Only provide the numeric and nothing else 

Answer: 
assistant
2",2,3,grade7
0,23.318106,30.506075,26.67859,25.908724,30.162287,33.562557,36.961105,1.1091908,1.1398333,1.1737188,1.1770643,1.1745772,1.1845133,1.196733,1.2131984,1.2121919,1.2267183,1.2250657,1.2480149,1.2818913,1.3570637,1.3951057,1.4481962,1.5424199,1.773882,2.0228913,2.350389,2.7078369,3.2858248,4.0347824,4.7835236,6.136256,7.386245,9.307218,11.356247,19.354918,26.356224,Text only tokens,114,369,"user
 QUESTION: Which continent is highlighted?
OPTIONS:
0: Africa
1: South America
2: Europe
3: Australia

Answer with the correct option from 0 to 3. Only provide the numeric and nothing else 

Answer: 
assistant
2",2,2,grade8,"user
 QUESTION: Which continent is highlighted?
OPTIONS:
0: Africa
1: South America
2: Europe
3: Australia

Answer with the correct option from 0 to 3. Only provide the numeric and nothing else 

Answer: 
assistant
0",0,2,grade8
1,36.83367,45.066444,44.923946,45.157757,49.989178,51.885456,55.46043,1.3283349,1.4441638,1.5567203,1.5675826,1.5566914,1.5986251,1.6484098,1.7057953,1.7034832,1.7499307,1.7457792,1.8208137,1.9402417,2.2430732,2.409438,2.663268,3.085879,4.173153,5.551293,7.145553,9.031083,11.571883,15.125196,18.427324,22.593763,26.453299,30.802914,34.44453,42.378036,39.78286,Text only tokens,25,98,"user
 QUESTION: Does this passage describe the weather or the climate?
OPTIONS:
0: weather
1: climate

Answer with the correct option from 0 to 1. Only provide the numeric and nothing else 

Answer: 
assistant
0",0,0,grade4,"user
 QUESTION: Does this passage describe the weather or the climate?
OPTIONS:
0: weather
1: climate

Answer with the correct option from 0 to 1. Only provide the numeric and nothing else 

Answer: 
assistant
1",1,0,grade4
2,22.263926,29.573,28.755892,28.672369,32.390663,33.17703,36.896957,1.1419,1.184266,1.218509,1.2258811,1.223185,1.2368095,1.2519073,1.2712244,1.2709692,1.2887557,1.2878902,1.3181628,1.3617218,1.460501,1.5085131,1.577053,1.6982843,1.9891493,2.330068,2.7586427,3.2698689,4.0449734,5.09102,6.0981236,7.7200575,9.349191,11.76827,14.153303,22.601112,26.59053,Text only tokens,281,925,"user
 QUESTION: Which ocean is highlighted?
OPTIONS:
0: the Southern Ocean
1: the Pacific Ocean
2: the Arctic Ocean
3: the Indian Ocean

Answer with the correct option from 0 to 3. Only provide the numeric and nothing else 

Answer: 
assistant
2",2,0,grade8,"user
 QUESTION: Which ocean is highlighted?
OPTIONS:
0: the Southern Ocean
1: the Pacific Ocean
2: the Arctic Ocean
3: the Indian Ocean

Answer with the correct option from 0 to 3. Only provide the numeric and nothing else 

Answer: 
assistant
3",3,0,grade8
3,28.826382,37.25155,35.01839,34.241047,38.051586,41.048378,44.043865,1.170543,1.2179445,1.2629428,1.2751853,1.2670609,1.2811013,1.2945575,1.3131971,1.310185,1.3285694,1.3273135,1.3593711,1.4062353,1.5122623,1.5632576,1.6425058,1.7906228,2.139432,2.5847924,3.10556,3.7056863,4.6127043,5.907145,7.3879704,9.458993,11.664262,14.535813,17.427507,27.525768,29.011808,Text only tokens,250,817,"user
 QUESTION: Which country is highlighted?
OPTIONS:
0: Papua New Guinea
1: Australia
2: the Federated States of Micronesia
3: Palau

Answer with the correct option from 0 to 3. Only provide the numeric and nothing else 

Answer: 
assistant
2",2,2,grade6,"user
 QUESTION: Which country is highlighted?
OPTIONS:
0: Papua New Guinea
1: Australia
2: the Federated States of Micronesia
3: Palau

Answer with the correct option from 0 to 3. Only provide the numeric and nothing else 

Answer: 
assistant
3",3,2,grade6
4,55.53903,62.20898,68.344086,72.90015,76.15468,76.83788,79.97048,2.5409696,3.0470378,3.6428843,3.6648262,3.530143,3.7906787,3.9843845,4.3602724,4.3020935,4.591647,4.5315294,5.003248,5.8558292,7.923506,9.121746,10.865506,13.603826,20.056883,27.047476,33.00677,38.82112,45.122177,52.45929,57.227234,60.505863,63.266926,64.91267,65.64649,65.59443,56.455032,Text only tokens,228,746,"user
 QUESTION: What can Leo and Caden trade to each get what they want?
OPTIONS:
0: Caden can trade his broccoli for Leo's oranges.
1: Leo can trade his tomatoes for Caden's carrots.
2: Leo can trade his tomatoes for Caden's broccoli.
3: Caden can trade his almonds for Leo's tomatoes.

Answer with the correct option from 0 to 3. Only provide the numeric and nothing else 

Answer: 
assistant
0",0,2,grade8,"user
 QUESTION: What can Leo and Caden trade to each get what they want?
OPTIONS:
0: Caden can trade his broccoli for Leo's oranges.
1: Leo can trade his tomatoes for Caden's carrots.
2: Leo can trade his tomatoes for Caden's broccoli.
3: Caden can trade his almonds for Leo's tomatoes.

Answer with the correct option from 0 to 3. Only provide the numeric and nothing else 

Answer: 
assistant
2",2,2,grade8
5,24.998142,31.32917,26.289297,25.533234,30.11793,33.896748,37.810017,1.1285336,1.16693,1.2087362,1.2191072,1.2122154,1.2223476,1.2394859,1.2538245,1.2569809,1.2724261,1.2718455,1.2988588,1.3356447,1.4285599,1.4726225,1.5381497,1.6686519,1.9517385,2.2933652,2.7210252,3.189193,3.9526832,4.951847,6.151446,7.8728724,9.6009,11.854259,14.258748,23.100359,25.053263,Text only tokens,142,450,"user
 QUESTION: What is the name of the colony shown?
OPTIONS:
0: New York
1: Connecticut
2: New Hampshire
3: Massachusetts

Answer with the correct option from 0 to 3. Only provide the numeric and nothing else 

Answer: 
assistant
1",1,1,grade8,"user
 QUESTION: What is the name of the colony shown?
OPTIONS:
0: New York
1: Connecticut
2: New Hampshire
3: Massachusetts

Answer with the correct option from 0 to 3. Only provide the numeric and nothing else 

Answer: 
assistant
3",3,1,grade8
6,57.941586,62.605774,67.55619,71.43537,74.80995,76.164375,79.708824,2.6166937,3.1387079,3.750175,3.7707126,3.623996,3.8789802,4.064663,4.4581394,4.387072,4.664397,4.6109467,5.0972843,5.9760513,8.107735,9.339833,11.150632,13.982342,20.548904,27.897078,33.89118,39.850002,46.159737,53.40092,58.42491,61.246006,63.609867,64.93995,65.595894,64.99793,55.751835,Text only tokens,104,334,"user
 QUESTION: What can Vivian and Jamal trade to each get what they want?
OPTIONS:
0: Vivian can trade her tomatoes for Jamal's broccoli.
1: Jamal can trade his broccoli for Vivian's oranges.
2: Vivian can trade her tomatoes for Jamal's carrots.
3: Jamal can trade his almonds for Vivian's tomatoes.

Answer with the correct option from 0 to 3. Only provide the numeric and nothing else 

Answer: 
assistant
1",1,0,grade7,"user
 QUESTION: What can Vivian and Jamal trade to each get what they want?
OPTIONS:
0: Vivian can trade her tomatoes for Jamal's broccoli.
1: Jamal can trade his broccoli for Vivian's oranges.
2: Vivian can trade her tomatoes for Jamal's carrots.
3: Jamal can trade his almonds for Vivian's tomatoes.

Answer with the correct option from 0 to 3. Only provide the numeric and nothing else 

Answer: 
assistant
0",0,0,grade7
7,58.16007,63.387264,68.21083,71.546364,75.104256,76.61846,80.394005,2.7088828,3.2750478,3.9264784,3.9442184,3.7913616,4.075499,4.3052583,4.7373624,4.674232,4.997763,4.941686,5.4822373,6.4711194,8.819374,10.232076,12.29369,15.5432415,22.914845,30.74941,37.173985,43.426796,50.110535,57.474262,62.59437,65.32705,67.75721,68.94531,69.232414,67.67872,58.234493,Text only tokens,558,1780,"user
 QUESTION: What can Bella and Darnell trade to each get what they want?
OPTIONS:
0: Darnell can trade his broccoli for Bella's oranges.
1: Darnell can trade his almonds for Bella's tomatoes.
2: Bella can trade her tomatoes for Darnell's carrots.
3: Bella can trade her tomatoes for Darnell's broccoli.

Answer with the correct option from 0 to 3. Only provide the numeric and nothing else 

Answer: 
assistant
0",0,3,grade8,"user
 QUESTION: What can Bella and Darnell trade to each get what they want?
OPTIONS:
0: Darnell can trade his broccoli for Bella's oranges.
1: Darnell can trade his almonds for Bella's tomatoes.
2: Bella can trade her tomatoes for Darnell's carrots.
3: Bella can trade her tomatoes for Darnell's broccoli.

Answer with the correct option from 0 to 3. Only provide the numeric and nothing else 

Answer: 
assistant
3",3,3,grade8
8,35.455574,40.70261,40.208443,40.04084,41.645554,42.82002,44.937153,1.2163485,1.2724054,1.3393279,1.3396857,1.3341312,1.3624375,1.3856194,1.4174696,1.4125223,1.4396572,1.4396851,1.4873309,1.5616083,1.7327145,1.8153791,1.946783,2.173739,2.7181363,3.4048908,4.170778,5.1001816,6.4482846,8.410817,10.303791,13.129518,15.757291,19.321548,22.678751,30.356121,31.1946,Text only tokens,89,291,"user
 QUESTION: Will these magnets attract or repel each other?
OPTIONS:
0: repel
1: attract

Answer with the correct option from 0 to 1. Only provide the numeric and nothing else 

Answer: 
assistant
0",0,0,grade2,"user
 QUESTION: Will these magnets attract or repel each other?
OPTIONS:
0: repel
1: attract

Answer with the correct option from 0 to 1. Only provide the numeric and nothing else 

Answer: 
assistant
1",1,0,grade2
9,38.66586,46.64706,49.161922,52.20288,54.633205,56.727737,60.52252,1.5212744,1.676841,1.8627796,1.8732723,1.8574978,1.9382076,2.0130022,2.0917184,2.1119835,2.185113,2.1797621,2.3211808,2.5372088,3.1352208,3.4227707,3.845483,4.606064,6.6208606,8.972915,11.682426,14.544791,18.471584,23.84606,27.819134,32.467964,36.47831,40.753918,43.916924,47.724052,43.721737,Text only tokens,604,1931,"user
 QUESTION: Think about the magnetic force between the magnets in each pair. Which of the following statements is true?
OPTIONS:
0: The strength of the magnetic force is the same in both pairs.
1: The magnetic force is weaker in Pair 1.
2: The magnetic force is weaker in Pair 2.

Answer with the correct option from 0 to 2. Only provide the numeric and nothing else 

Answer: 
assistant
1",1,1,grade4,"user
 QUESTION: Think about the magnetic force between the magnets in each pair. Which of the following statements is true?
OPTIONS:
0: The strength of the magnetic force is the same in both pairs.
1: The magnetic force is weaker in Pair 1.
2: The magnetic force is weaker in Pair 2.

Answer with the correct option from 0 to 2. Only provide the numeric and nothing else 

Answer: 
assistant
2",2,1,grade4
10,25.521433,33.19852,29.538725,28.46607,32.289417,36.583138,39.62351,1.1330384,1.1685265,1.2007192,1.2047244,1.197724,1.2086775,1.221819,1.2376091,1.2361159,1.2536348,1.2530679,1.2786076,1.316166,1.399685,1.4412042,1.5046029,1.6165018,1.8789209,2.2059286,2.5891454,3.0636482,3.7439692,4.6899457,5.7802877,7.304158,9.026583,11.319393,13.684657,22.766558,25.188961,Text only tokens,432,1362,"user
 QUESTION: Which country is highlighted?
OPTIONS:
0: Fiji
1: Solomon Islands
2: Vanuatu
3: Tuvalu

Answer with the correct option from 0 to 3. Only provide the numeric and nothing else 

Answer: 
assistant
0",0,0,grade8,"user
 QUESTION: Which country is highlighted?
OPTIONS:
0: Fiji
1: Solomon Islands
2: Vanuatu
3: Tuvalu

Answer with the correct option from 0 to 3. Only provide the numeric and nothing else 

Answer: 
assistant
3",3,0,grade8
11,41.532337,48.56772,49.727516,50.51595,54.46095,55.77231,60.099194,1.3987055,1.521115,1.6526377,1.6672437,1.6635354,1.7160013,1.7740656,1.8434938,1.8443192,1.8988745,1.8992094,2.0035503,2.1710331,2.5965402,2.8070593,3.1205723,3.6314113,5.0553274,6.6957684,8.546787,10.667259,13.885956,18.171734,21.809278,25.987114,29.996141,34.564495,38.095467,44.10929,42.448383,Text only tokens,32,120,"user
 QUESTION: Compare the average kinetic energies of the particles in each sample. Which sample has the higher temperature?
OPTIONS:
0: neither; the samples have the same temperature
1: sample A
2: sample B

Answer with the correct option from 0 to 2. Only provide the numeric and nothing else 

Answer: 
assistant
0",0,2,grade6,"user
 QUESTION: Compare the average kinetic energies of the particles in each sample. Which sample has the higher temperature?
OPTIONS:
0: neither; the samples have the same temperature
1: sample A
2: sample B

Answer with the correct option from 0 to 2. Only provide the numeric and nothing else 

Answer: 
assistant
1",1,2,grade6
12,26.78829,32.278797,24.751883,22.652979,27.709265,31.325506,35.995094,1.0996611,1.1285061,1.1593543,1.1576273,1.1496447,1.1597214,1.1681792,1.1820129,1.1824235,1.1960077,1.1962591,1.2186178,1.249319,1.3193406,1.3535211,1.406032,1.4961104,1.7014202,1.9450505,2.255426,2.6100206,3.1215549,3.8815374,4.593254,5.7385864,6.9404564,8.71988,10.48979,18.372055,23.536383,Text only tokens,30,118,"user
 QUESTION: Which property matches this object?
OPTIONS:
0: stretchy
1: transparent

Answer with the correct option from 0 to 1. Only provide the numeric and nothing else 

Answer: 
assistant
1",1,1,grade3,"user
 QUESTION: Which property matches this object?
OPTIONS:
0: stretchy
1: transparent

Answer with the correct option from 0 to 1. Only provide the numeric and nothing else 

Answer: 
assistant
0",0,1,grade3
13,64.1535,82.42228,94.78809,102.4314,108.06506,105.47283,113.48593,7.0011535,9.766288,12.688786,13.12831,12.320985,13.454447,14.512685,15.928836,15.966408,17.167683,17.075455,19.367556,23.20041,31.586693,36.030148,42.953938,50.69053,65.89602,78.17711,88.42737,96.78431,104.26562,112.25142,114.179085,110.28745,111.11954,111.96495,112.023964,105.16142,84.937164,Text only tokens,95,307,"user
 QUESTION: Which of the following could Robert's test show?
OPTIONS:
0: how steady a parachute with a 1 m vent was at 200 km per hour
1: if the spacecraft was damaged when using a parachute with a 1 m vent going 200 km per hour
2: whether a parachute with a 1 m vent would swing too much at 400 km per hour

Answer with the correct option from 0 to 2. Only provide the numeric and nothing else 

Answer: 
assistant
2",2,0,grade7,"user
 QUESTION: Which of the following could Robert's test show?
OPTIONS:
0: how steady a parachute with a 1 m vent was at 200 km per hour
1: if the spacecraft was damaged when using a parachute with a 1 m vent going 200 km per hour
2: whether a parachute with a 1 m vent would swing too much at 400 km per hour

Answer with the correct option from 0 to 2. Only provide the numeric and nothing else 

Answer: 
assistant
0",0,0,grade7
14,29.07806,34.717564,28.625694,26.469664,31.128437,34.396877,38.765247,1.1108212,1.1435858,1.1796764,1.1782942,1.1709983,1.1860429,1.1947148,1.2078457,1.211163,1.2249066,1.2256763,1.2523805,1.2847722,1.366415,1.4064003,1.4702961,1.57777,1.8249251,2.0982363,2.4717054,2.8832827,3.4891293,4.4449487,5.326632,6.896193,8.374314,10.516434,12.622802,20.896456,24.307516,Text only tokens,223,727,"user
 QUESTION: Which property do these two objects have in common?
OPTIONS:
0: smooth
1: rough

Answer with the correct option from 0 to 1. Only provide the numeric and nothing else 

Answer: 
assistant
1",1,1,grade2,"user
 QUESTION: Which property do these two objects have in common?
OPTIONS:
0: smooth
1: rough

Answer with the correct option from 0 to 1. Only provide the numeric and nothing else 

Answer: 
assistant
0",0,1,grade2
15,24.058681,30.48563,25.008038,24.128458,28.739502,32.92393,36.873245,1.1213809,1.157407,1.1949537,1.2025548,1.1970664,1.2087612,1.2253718,1.2380453,1.2397574,1.253238,1.2520108,1.2778332,1.3117077,1.3966335,1.4376024,1.4981431,1.6169194,1.8727384,2.1837711,2.5522206,2.989797,3.6600554,4.5660944,5.5793777,7.1452036,8.696121,10.769227,12.967001,21.660969,24.50257,Text only tokens,238,776,"user
 QUESTION: What is the name of the colony shown?
OPTIONS:
0: Iowa
1: Connecticut
2: Virginia
3: Maine

Answer with the correct option from 0 to 3. Only provide the numeric and nothing else 

Answer: 
assistant
1",1,1,grade7,"user
 QUESTION: What is the name of the colony shown?
OPTIONS:
0: Iowa
1: Connecticut
2: Virginia
3: Maine

Answer with the correct option from 0 to 3. Only provide the numeric and nothing else 

Answer: 
assistant
2",2,1,grade7
16,26.84667,33.5503,30.88224,30.067253,34.099407,37.585663,40.51525,1.138547,1.176836,1.212297,1.2133316,1.210172,1.2272688,1.24101,1.2590024,1.257933,1.27428,1.276008,1.3038062,1.3503896,1.4486471,1.4979843,1.5676858,1.6934407,1.9878147,2.33084,2.7743561,3.2565844,4.0149937,5.0822883,6.1770735,7.8783655,9.563113,12.059217,14.517239,23.638699,28.65833,Text only tokens,517,1644,"user
 QUESTION: Which of these states is farthest east?
OPTIONS:
0: Oregon
1: Wyoming
2: New Mexico
3: North Dakota

Answer with the correct option from 0 to 3. Only provide the numeric and nothing else 

Answer: 
assistant
3",3,3,grade5,"user
 QUESTION: Which of these states is farthest east?
OPTIONS:
0: Oregon
1: Wyoming
2: New Mexico
3: North Dakota

Answer with the correct option from 0 to 3. Only provide the numeric and nothing else 

Answer: 
assistant
0",0,3,grade5
17,55.54788,66.73187,69.91322,74.99096,78.973885,77.877266,84.49717,3.3611648,4.158761,5.042045,5.258023,5.1973505,5.6172676,6.051949,6.717694,6.82234,7.314739,7.2378216,8.102208,9.581571,13.202726,15.379653,18.314577,22.58017,31.916052,40.900734,48.24456,54.61893,61.780315,68.56781,72.45151,71.89279,73.103294,74.71121,76.438446,72.666885,56.83111,Text only tokens,616,1970,"user
 QUESTION: What is the expected ratio of offspring with vestigial wings to offspring with normal wings? Choose the most likely ratio.
OPTIONS:
0: 1:3
1: 4:0
2: 3:1
3: 2:2
4: 0:4

Answer with the correct option from 0 to 4. Only provide the numeric and nothing else 

Answer: 
assistant
0",0,3,grade8,"user
 QUESTION: What is the expected ratio of offspring with vestigial wings to offspring with normal wings? Choose the most likely ratio.
OPTIONS:
0: 1:3
1: 4:0
2: 3:1
3: 2:2
4: 0:4

Answer with the correct option from 0 to 4. Only provide the numeric and nothing else 

Answer: 
assistant
2",2,3,grade8
18,41.53247,48.522846,49.757877,50.629265,54.533924,55.83417,60.180344,1.398681,1.5213879,1.6528516,1.6672916,1.663392,1.7157441,1.7747166,1.8438078,1.8441497,1.8989238,1.9001826,2.0054467,2.1739926,2.5988998,2.807981,3.1212072,3.6356099,5.073728,6.7175355,8.572006,10.692849,13.926307,18.220139,21.839369,26.01863,30.022339,34.56427,38.020218,44.0051,42.10013,Text only tokens,27,100,"user
 QUESTION: Compare the average kinetic energies of the particles in each sample. Which sample has the higher temperature?
OPTIONS:
0: neither; the samples have the same temperature
1: sample B
2: sample A

Answer with the correct option from 0 to 2. Only provide the numeric and nothing else 

Answer: 
assistant
0",0,1,grade7,"user
 QUESTION: Compare the average kinetic energies of the particles in each sample. Which sample has the higher temperature?
OPTIONS:
0: neither; the samples have the same temperature
1: sample B
2: sample A

Answer with the correct option from 0 to 2. Only provide the numeric and nothing else 

Answer: 
assistant
2",2,1,grade7
19,39.74912,47.243313,43.248035,42.031628,46.168755,48.77521,52.766727,1.2369437,1.3104796,1.3827137,1.3893248,1.3840804,1.4106321,1.4390751,1.4822885,1.4822118,1.5190334,1.5219271,1.5810905,1.6798989,1.899866,2.0076463,2.1678972,2.4449146,3.1843448,4.026106,5.0590086,6.170323,7.9290714,10.484136,12.714678,15.869183,19.007023,22.939314,26.688744,36.238358,37.788372,Text only tokens,574,1844,"user
 QUESTION: Which solution has a higher concentration of green particles?
OPTIONS:
0: Solution B
1: Solution A
2: neither; their concentrations are the same

Answer with the correct option from 0 to 2. Only provide the numeric and nothing else 

Answer: 
assistant
0",0,0,grade7,"user
 QUESTION: Which solution has a higher concentration of green particles?
OPTIONS:
0: Solution B
1: Solution A
2: neither; their concentrations are the same

Answer with the correct option from 0 to 2. Only provide the numeric and nothing else 

Answer: 
assistant
1",1,0,grade7
20,35.455276,40.73107,40.207283,39.978596,41.576206,42.65256,44.765568,1.2161853,1.2727382,1.3392321,1.3400158,1.3348665,1.362655,1.3856763,1.4174114,1.4129825,1.4392327,1.4387801,1.4863836,1.5605704,1.7294207,1.8128256,1.945081,2.1700692,2.716706,3.3944232,4.15917,5.083513,6.431523,8.402172,10.317308,13.152505,15.803671,19.432915,22.839197,30.831535,31.627453,Text only tokens,203,671,"user
 QUESTION: Will these magnets attract or repel each other?
OPTIONS:
0: attract
1: repel

Answer with the correct option from 0 to 1. Only provide the numeric and nothing else 

Answer: 
assistant
1",1,0,grade3,"user
 QUESTION: Will these magnets attract or repel each other?
OPTIONS:
0: attract
1: repel

Answer with the correct option from 0 to 1. Only provide the numeric and nothing else 

Answer: 
assistant
0",0,0,grade3
21,44.763905,59.01267,63.526203,66.62631,70.612114,70.89473,75.71193,1.7557912,1.982984,2.2278366,2.2538366,2.2255197,2.3098907,2.3959146,2.5256116,2.5241802,2.6105986,2.587243,2.7567348,3.0486453,3.7520893,4.1430645,4.7018886,5.751311,8.5518675,12.393419,16.32153,20.547932,25.869217,32.526314,37.39253,41.98713,46.451927,51.47206,55.851963,60.420525,47.052727,Text only tokens,429,1349,"user
 QUESTION: Which air temperature was measured within the outlined area shown?
OPTIONS:
0: 30°C
1: 14°C
2: 10°C

Answer with the correct option from 0 to 2. Only provide the numeric and nothing else 

Answer: 
assistant
0",0,0,grade6,"user
 QUESTION: Which air temperature was measured within the outlined area shown?
OPTIONS:
0: 30°C
1: 14°C
2: 10°C

Answer with the correct option from 0 to 2. Only provide the numeric and nothing else 

Answer: 
assistant
1",1,0,grade6
22,24.745523,32.671547,29.367569,28.584267,32.699852,36.260433,39.34256,1.1273359,1.1643977,1.1985141,1.2036542,1.1963216,1.2055608,1.2185638,1.234162,1.2347407,1.2515565,1.2506708,1.27761,1.3162053,1.4010955,1.4422352,1.5063744,1.6192814,1.8808913,2.20512,2.6024976,3.0324717,3.697422,4.56896,5.4997187,6.9540935,8.577155,10.779549,13.060794,22.099586,25.826248,Text only tokens,225,738,"user
 QUESTION: Which country is highlighted?
OPTIONS:
0: Cuba
1: Haiti
2: Trinidad and Tobago
3: Grenada

Answer with the correct option from 0 to 3. Only provide the numeric and nothing else 

Answer: 
assistant
1",1,1,grade7,"user
 QUESTION: Which country is highlighted?
OPTIONS:
0: Cuba
1: Haiti
2: Trinidad and Tobago
3: Grenada

Answer with the correct option from 0 to 3. Only provide the numeric and nothing else 

Answer: 
assistant
2",2,1,grade7
23,41.532143,48.60581,49.69131,50.391903,54.187706,55.59361,60.157333,1.3987383,1.5217478,1.6534351,1.6705657,1.6613599,1.7140697,1.7739831,1.8424212,1.8453306,1.9026948,1.9036427,2.006925,2.1730368,2.6025076,2.810198,3.1213129,3.636362,5.057371,6.7147007,8.561568,10.677252,13.894288,18.19508,21.81978,26.049196,30.080248,34.623043,38.096558,44.0042,41.804615,Text only tokens,459,1465,"user
 QUESTION: Compare the average kinetic energies of the particles in each sample. Which sample has the higher temperature?
OPTIONS:
0: sample B
1: neither; the samples have the same temperature
2: sample A

Answer with the correct option from 0 to 2. Only provide the numeric and nothing else 

Answer: 
assistant
0",0,0,grade6,"user
 QUESTION: Compare the average kinetic energies of the particles in each sample. Which sample has the higher temperature?
OPTIONS:
0: sample B
1: neither; the samples have the same temperature
2: sample A

Answer with the correct option from 0 to 2. Only provide the numeric and nothing else 

Answer: 
assistant
2",2,0,grade6
24,38.66607,46.62819,49.167397,52.2134,54.722553,56.85721,60.73616,1.5182502,1.6743144,1.8597782,1.8718262,1.8554839,1.9353247,2.0137613,2.091265,2.1092482,2.1834388,2.185028,2.3315768,2.5454144,3.1377056,3.4297748,3.855716,4.617679,6.6636796,9.045998,11.785331,14.67757,18.656435,24.057259,28.01586,32.579735,36.682007,40.91337,44.07357,48.057014,43.97785,Text only tokens,603,1930,"user
 QUESTION: Think about the magnetic force between the magnets in each pair. Which of the following statements is true?
OPTIONS:
0: The magnetic force is weaker in Pair 2.
1: The magnetic force is weaker in Pair 1.
2: The strength of the magnetic force is the same in both pairs.

Answer with the correct option from 0 to 2. Only provide the numeric and nothing else 

Answer: 
assistant
2",2,2,grade3,"user
 QUESTION: Think about the magnetic force between the magnets in each pair. Which of the following statements is true?
OPTIONS:
0: The magnetic force is weaker in Pair 2.
1: The magnetic force is weaker in Pair 1.
2: The strength of the magnetic force is the same in both pairs.

Answer with the correct option from 0 to 2. Only provide the numeric and nothing else 

Answer: 
assistant
0",0,2,grade3
25,36.981647,42.529316,38.70377,36.35502,41.32803,44.429558,49.50213,1.2238086,1.2960453,1.360482,1.3572731,1.3526765,1.3889936,1.4160979,1.4448566,1.4511957,1.4801328,1.4805632,1.5286639,1.5985769,1.7721771,1.8599213,1.9905632,2.215244,2.8304315,3.5113518,4.317628,5.3406825,6.7531285,8.86769,10.674291,13.530855,16.455475,20.01726,23.471865,33.599827,35.003937,Text only tokens,284,930,"user
 QUESTION: Is the following statement about our solar system true or false?
The volume of Uranus is less than ten times the volume of Neptune.
OPTIONS:
0: false
1: true

Answer with the correct option from 0 to 1. Only provide the numeric and nothing else 

Answer: 
assistant
1",1,1,grade8,"user
 QUESTION: Is the following statement about our solar system true or false?
The volume of Uranus is less than ten times the volume of Neptune.
OPTIONS:
0: false
1: true

Answer with the correct option from 0 to 1. Only provide the numeric and nothing else 

Answer: 
assistant
0",0,1,grade8
26,30.014095,35.87866,31.682842,30.613476,35.23446,37.828537,40.918507,1.1295283,1.1660726,1.2044672,1.2069342,1.2021903,1.2198838,1.2324562,1.2499737,1.2468189,1.2640011,1.2650017,1.291595,1.3341129,1.4285535,1.4692601,1.5397406,1.6570957,1.9429649,2.2727025,2.660503,3.104371,3.7873178,4.8093805,5.7872214,7.4559383,9.071191,11.577963,14.145411,22.866695,28.810768,Text only tokens,6,26,"user
 QUESTION: Will these magnets attract or repel each other?
OPTIONS:
0: repel
1: attract

Answer with the correct option from 0 to 1. Only provide the numeric and nothing else 

Answer: 
assistant
0",0,0,grade5,"user
 QUESTION: Will these magnets attract or repel each other?
OPTIONS:
0: repel
1: attract

Answer with the correct option from 0 to 1. Only provide the numeric and nothing else 

Answer: 
assistant
1",1,0,grade5
27,24.150064,30.516768,27.175257,26.493828,30.849752,34.28814,37.29109,1.1147022,1.1476649,1.1795914,1.1833906,1.1808497,1.1909735,1.2041034,1.2190385,1.2189922,1.2346374,1.2339624,1.258815,1.2959863,1.37555,1.4153838,1.473224,1.5776584,1.816908,2.0971258,2.4397688,2.8160617,3.4192412,4.2366734,5.1530166,6.5036335,7.931431,9.971031,12.048271,20.598696,25.020538,Text only tokens,163,523,"user
 QUESTION: Which state is highlighted?
OPTIONS:
0: Pennsylvania
1: Vermont
2: Rhode Island
3: New Jersey

Answer with the correct option from 0 to 3. Only provide the numeric and nothing else 

Answer: 
assistant
3",3,3,grade3,"user
 QUESTION: Which state is highlighted?
OPTIONS:
0: Pennsylvania
1: Vermont
2: Rhode Island
3: New Jersey

Answer with the correct option from 0 to 3. Only provide the numeric and nothing else 

Answer: 
assistant
2",2,3,grade3
28,26.110737,32.93226,29.987465,29.54545,33.92511,37.28203,40.070187,1.1328933,1.1695954,1.2063541,1.2081295,1.205179,1.2209746,1.236227,1.2532595,1.2525879,1.2687917,1.271215,1.297414,1.3403001,1.4346342,1.4826852,1.5512797,1.6755891,1.9611318,2.2830725,2.713477,3.1666608,3.8599937,4.8568864,5.8913617,7.468339,9.082479,11.391186,13.708895,22.316061,27.14158,Text only tokens,348,1112,"user
 QUESTION: Which of these states is farthest west?
OPTIONS:
0: Delaware
1: Florida
2: Rhode Island
3: Maine

Answer with the correct option from 0 to 3. Only provide the numeric and nothing else 

Answer: 
assistant
0",0,1,grade5,"user
 QUESTION: Which of these states is farthest west?
OPTIONS:
0: Delaware
1: Florida
2: Rhode Island
3: Maine

Answer with the correct option from 0 to 3. Only provide the numeric and nothing else 

Answer: 
assistant
3",3,1,grade5
29,31.071024,38.287136,33.288803,32.250217,36.872215,40.213726,43.35377,1.1515288,1.1976427,1.2463579,1.2483352,1.2408634,1.2618583,1.2799293,1.2990937,1.3003793,1.3240097,1.3262169,1.3595177,1.4059304,1.5198911,1.5748463,1.6595758,1.8111279,2.1658545,2.6182082,3.120848,3.7818987,4.7980356,6.1057067,7.4248304,9.461371,11.41422,14.1821575,16.854462,26.064938,30.19115,Text only tokens,159,516,"user
 QUESTION: Which is the main persuasive appeal used in this ad?
OPTIONS:
0: pathos (emotion)
1: ethos (character)
2: logos (reason)

Answer with the correct option from 0 to 2. Only provide the numeric and nothing else 

Answer: 
assistant
2",2,2,grade7,"user
 QUESTION: Which is the main persuasive appeal used in this ad?
OPTIONS:
0: pathos (emotion)
1: ethos (character)
2: logos (reason)

Answer with the correct option from 0 to 2. Only provide the numeric and nothing else 

Answer: 
assistant
0",0,2,grade7
30,45.705032,54.107445,55.416336,55.803883,58.24541,59.264736,61.196293,1.5798346,1.7339935,1.9146194,1.9200978,1.9136237,1.9784361,2.0544174,2.1411884,2.1385307,2.2093077,2.2092505,2.3284385,2.5209315,3.0372312,3.2804608,3.6517994,4.387595,6.121206,8.33055,10.78891,13.460392,17.176466,22.022055,25.856388,29.803175,33.4448,37.608242,41.98836,47.86305,41.378845,Text only tokens,220,720,"user
 QUESTION: Which statement describes the Steigerwald Forest ecosystem?
OPTIONS:
0: It has soil that is rich in nutrients.
1: It has a small amount of rain or snow.
2: It has soil that is poor in nutrients.

Answer with the correct option from 0 to 2. Only provide the numeric and nothing else 

Answer: 
assistant
0",0,0,grade8,"user
 QUESTION: Which statement describes the Steigerwald Forest ecosystem?
OPTIONS:
0: It has soil that is rich in nutrients.
1: It has a small amount of rain or snow.
2: It has soil that is poor in nutrients.

Answer with the correct option from 0 to 2. Only provide the numeric and nothing else 

Answer: 
assistant
2",2,0,grade8
31,28.674267,35.24877,30.29362,28.808727,33.323204,36.645023,40.61838,1.1278464,1.1667293,1.2106493,1.2075576,1.198221,1.2177504,1.2278986,1.2439874,1.2465252,1.2618806,1.2617425,1.2926327,1.3291283,1.4252043,1.4695587,1.5391009,1.6626772,1.9589812,2.3017426,2.7256482,3.2078605,3.937563,5.010342,5.993886,7.7117624,9.406282,11.758725,14.129652,22.935646,26.47861,Text only tokens,344,1101,"user
 QUESTION: Which property do these three objects have in common?
OPTIONS:
0: shiny
1: rough
2: fragile

Answer with the correct option from 0 to 2. Only provide the numeric and nothing else 

Answer: 
assistant
0",0,0,grade3,"user
 QUESTION: Which property do these three objects have in common?
OPTIONS:
0: shiny
1: rough
2: fragile

Answer with the correct option from 0 to 2. Only provide the numeric and nothing else 

Answer: 
assistant
2",2,0,grade3
32,25.485085,32.30437,28.960402,28.50725,32.93829,36.161682,39.157356,1.1257863,1.1620818,1.1953546,1.1993868,1.1953803,1.2105486,1.2241863,1.2397488,1.2396744,1.2540965,1.2560314,1.2832626,1.3259947,1.4169993,1.4620857,1.5289092,1.6453297,1.9195241,2.2196548,2.6257248,3.0647943,3.7528965,4.735627,5.7521167,7.292484,8.865331,11.136179,13.475124,22.328066,28.047285,Text only tokens,94,305,"user
 QUESTION: Which of these states is farthest south?
OPTIONS:
0: Colorado
1: Montana
2: Washington
3: Pennsylvania

Answer with the correct option from 0 to 3. Only provide the numeric and nothing else 

Answer: 
assistant
0",0,0,grade2,"user
 QUESTION: Which of these states is farthest south?
OPTIONS:
0: Colorado
1: Montana
2: Washington
3: Pennsylvania

Answer with the correct option from 0 to 3. Only provide the numeric and nothing else 

Answer: 
assistant
3",3,0,grade2
33,39.749165,47.317513,43.342216,42.09387,46.288105,48.91524,52.88649,1.237066,1.3101419,1.3821948,1.388384,1.3833321,1.4093821,1.4375683,1.4811524,1.4813757,1.516951,1.5188128,1.5765357,1.6738931,1.8926724,2.0007393,2.1601458,2.4366102,3.1739695,4.019366,5.047448,6.158067,7.9097996,10.466626,12.725817,15.88137,19.03552,22.99995,26.779785,36.366367,38.503174,Text only tokens,389,1239,"user
 QUESTION: Which solution has a higher concentration of green particles?
OPTIONS:
0: Solution A
1: Solution B
2: neither; their concentrations are the same

Answer with the correct option from 0 to 2. Only provide the numeric and nothing else 

Answer: 
assistant
1",1,1,grade8,"user
 QUESTION: Which solution has a higher concentration of green particles?
OPTIONS:
0: Solution A
1: Solution B
2: neither; their concentrations are the same

Answer with the correct option from 0 to 2. Only provide the numeric and nothing else 

Answer: 
assistant
0",0,1,grade8
34,35.455276,40.73107,40.207283,39.978596,41.576206,42.65256,44.765568,1.2161853,1.2727382,1.3392321,1.3400158,1.3348665,1.362655,1.3856763,1.4174114,1.4129825,1.4392327,1.4387801,1.4863836,1.5605704,1.7294207,1.8128256,1.945081,2.1700692,2.716706,3.3944232,4.15917,5.083513,6.431523,8.402172,10.317308,13.152505,15.803671,19.432915,22.839197,30.831535,31.627453,Text only tokens,99,323,"user
 QUESTION: Will these magnets attract or repel each other?
OPTIONS:
0: attract
1: repel

Answer with the correct option from 0 to 1. Only provide the numeric and nothing else 

Answer: 
assistant
1",1,1,grade2,"user
 QUESTION: Will these magnets attract or repel each other?
OPTIONS:
0: attract
1: repel

Answer with the correct option from 0 to 1. Only provide the numeric and nothing else 

Answer: 
assistant
0",0,1,grade2
35,37.92239,45.079964,48.04847,51.072983,53.805023,55.70586,59.43469,1.5612518,1.731291,1.922789,1.936163,1.9312552,2.0183563,2.1033628,2.1909232,2.2121675,2.2919734,2.2989864,2.4631727,2.707144,3.378998,3.726328,4.2231226,5.115828,7.3974886,10.083714,13.037522,16.155634,20.408016,26.040377,30.245949,34.796215,38.76708,42.96213,46.211864,49.595947,46.068295,Text only tokens,367,1174,"user
 QUESTION: Think about the magnetic force between the magnets in each pair. Which of the following statements is true?
OPTIONS:
0: The magnitude of the magnetic force is greater in Pair 1.
1: The magnitude of the magnetic force is the same in both pairs.
2: The magnitude of the magnetic force is greater in Pair 2.

Answer with the correct option from 0 to 2. Only provide the numeric and nothing else 

Answer: 
assistant
2",2,2,grade5,"user
 QUESTION: Think about the magnetic force between the magnets in each pair. Which of the following statements is true?
OPTIONS:
0: The magnitude of the magnetic force is greater in Pair 1.
1: The magnitude of the magnetic force is the same in both pairs.
2: The magnitude of the magnetic force is greater in Pair 2.

Answer with the correct option from 0 to 2. Only provide the numeric and nothing else 

Answer: 
assistant
0",0,2,grade5
36,38.692226,46.5081,49.02892,51.996117,54.506443,56.64095,60.553574,1.5174488,1.6737746,1.8573374,1.8684545,1.8518376,1.9335833,2.0129,2.0906134,2.1057606,2.1773498,2.1819038,2.3296623,2.5471027,3.1404285,3.4304266,3.856826,4.6254086,6.678816,9.066819,11.813992,14.720389,18.704647,24.115383,28.131876,32.74911,36.860546,41.09129,44.289196,48.30798,44.42202,Text only tokens,352,1129,"user
 QUESTION: Think about the magnetic force between the magnets in each pair. Which of the following statements is true?
OPTIONS:
0: The magnetic force is stronger in Pair 2.
1: The magnetic force is stronger in Pair 1.
2: The strength of the magnetic force is the same in both pairs.

Answer with the correct option from 0 to 2. Only provide the numeric and nothing else 

Answer: 
assistant
1",1,1,grade4,"user
 QUESTION: Think about the magnetic force between the magnets in each pair. Which of the following statements is true?
OPTIONS:
0: The magnetic force is stronger in Pair 2.
1: The magnetic force is stronger in Pair 1.
2: The strength of the magnetic force is the same in both pairs.

Answer with the correct option from 0 to 2. Only provide the numeric and nothing else 

Answer: 
assistant
0",0,1,grade4
37,22.577156,29.821123,25.910435,25.192451,29.418156,32.88348,36.242004,1.1036574,1.1338873,1.1660337,1.1693819,1.1668681,1.1769111,1.1879231,1.2031196,1.2018672,1.2168102,1.2156938,1.2380602,1.2706852,1.3434329,1.3798327,1.4317281,1.5219226,1.7412419,1.9798318,2.2912054,2.6480803,3.1873648,3.887218,4.5726914,5.8252554,6.9970307,8.830004,10.771754,18.568544,26.08085,Text only tokens,618,1978,"user
 QUESTION: Which continent is highlighted?
OPTIONS:
0: Africa
1: Australia
2: Antarctica
3: Asia

Answer with the correct option from 0 to 3. Only provide the numeric and nothing else 

Answer: 
assistant
2",2,2,grade7,"user
 QUESTION: Which continent is highlighted?
OPTIONS:
0: Africa
1: Australia
2: Antarctica
3: Asia

Answer with the correct option from 0 to 3. Only provide the numeric and nothing else 

Answer: 
assistant
0",0,2,grade7
38,26.805641,35.36426,33.30433,32.542217,35.98609,38.854397,41.983032,1.1536397,1.2005336,1.2334776,1.2393849,1.2284474,1.239549,1.254436,1.2724466,1.2738547,1.2925035,1.2909032,1.3221061,1.3669859,1.4660354,1.5147564,1.5907986,1.7266147,2.0405445,2.4364407,2.9354293,3.4924061,4.30479,5.4029856,6.5650105,8.349242,10.256619,12.837279,15.547444,25.36825,26.944016,Text only tokens,270,897,"user
 QUESTION: Which country is highlighted?
OPTIONS:
0: Haiti
1: Saint Kitts and Nevis
2: the Dominican Republic
3: Dominica

Answer with the correct option from 0 to 3. Only provide the numeric and nothing else 

Answer: 
assistant
3",3,3,grade6,"user
 QUESTION: Which country is highlighted?
OPTIONS:
0: Haiti
1: Saint Kitts and Nevis
2: the Dominican Republic
3: Dominica

Answer with the correct option from 0 to 3. Only provide the numeric and nothing else 

Answer: 
assistant
2",2,3,grade6
39,23.318039,30.531519,26.740526,25.943426,30.140003,33.594044,36.93467,1.1090543,1.1396685,1.1730645,1.1766672,1.1744292,1.1845175,1.1966485,1.2129564,1.2120572,1.2265285,1.2249408,1.2477243,1.2817565,1.3567778,1.3943607,1.448247,1.5439595,1.7758445,2.0265489,2.3543277,2.7068145,3.2794433,4.0249467,4.7789335,6.109774,7.360038,9.280227,11.305492,19.267773,26.295925,Text only tokens,44,156,"user
 QUESTION: Which continent is highlighted?
OPTIONS:
0: Australia
1: Africa
2: South America
3: Europe

Answer with the correct option from 0 to 3. Only provide the numeric and nothing else 

Answer: 
assistant
2",2,2,grade4,"user
 QUESTION: Which continent is highlighted?
OPTIONS:
0: Australia
1: Africa
2: South America
3: Europe

Answer with the correct option from 0 to 3. Only provide the numeric and nothing else 

Answer: 
assistant
0",0,2,grade4
40,23.502401,31.707243,28.529272,27.671898,31.787642,35.347366,38.756855,1.1196244,1.1543291,1.1875421,1.1929238,1.1870868,1.1988759,1.2109637,1.2256259,1.2248023,1.2413425,1.2411458,1.2662587,1.3030169,1.3831112,1.4216956,1.4814951,1.5862836,1.8338658,2.1204834,2.4642596,2.8554773,3.4671705,4.3043327,5.2588325,6.6987686,8.278928,10.360123,12.487875,21.105036,24.736462,Text only tokens,470,1504,"user
 QUESTION: Which country is highlighted?
OPTIONS:
0: Fiji
1: Solomon Islands
2: Australia
3: the Marshall Islands

Answer with the correct option from 0 to 3. Only provide the numeric and nothing else 

Answer: 
assistant
1",1,1,grade8,"user
 QUESTION: Which country is highlighted?
OPTIONS:
0: Fiji
1: Solomon Islands
2: Australia
3: the Marshall Islands

Answer with the correct option from 0 to 3. Only provide the numeric and nothing else 

Answer: 
assistant
3",3,1,grade8
41,35.455574,40.70261,40.208443,40.04084,41.645554,42.82002,44.937153,1.2163485,1.2724054,1.3393279,1.3396857,1.3341312,1.3624375,1.3856194,1.4174696,1.4125223,1.4396572,1.4396851,1.4873309,1.5616083,1.7327145,1.8153791,1.946783,2.173739,2.7181363,3.4048908,4.170778,5.1001816,6.4482846,8.410817,10.303791,13.129518,15.757291,19.321548,22.678751,30.356121,31.1946,Text only tokens,549,1737,"user
 QUESTION: Will these magnets attract or repel each other?
OPTIONS:
0: repel
1: attract

Answer with the correct option from 0 to 1. Only provide the numeric and nothing else 

Answer: 
assistant
0",0,1,grade2,"user
 QUESTION: Will these magnets attract or repel each other?
OPTIONS:
0: repel
1: attract

Answer with the correct option from 0 to 1. Only provide the numeric and nothing else 

Answer: 
assistant
1",1,1,grade2
42,55.348232,61.068703,67.05617,70.30276,73.798485,74.78338,77.82881,2.4643698,2.9464688,3.5152104,3.5138335,3.387815,3.6187353,3.7866213,4.1338983,4.0794024,4.3322864,4.277455,4.68623,5.438701,7.337539,8.434275,10.020355,12.450784,18.372314,24.984083,30.553171,36.188507,42.273006,49.335857,54.09574,57.466564,59.955536,61.49651,62.1426,62.410603,53.76181,Text only tokens,127,407,"user
 QUESTION: What can Austin and Colin trade to each get what they want?
OPTIONS:
0: Colin can trade his broccoli for Austin's oranges.
1: Colin can trade his almonds for Austin's tomatoes.
2: Austin can trade his tomatoes for Colin's carrots.
3: Austin can trade his tomatoes for Colin's broccoli.

Answer with the correct option from 0 to 3. Only provide the numeric and nothing else 

Answer: 
assistant
0",0,3,grade8,"user
 QUESTION: What can Austin and Colin trade to each get what they want?
OPTIONS:
0: Colin can trade his broccoli for Austin's oranges.
1: Colin can trade his almonds for Austin's tomatoes.
2: Austin can trade his tomatoes for Colin's carrots.
3: Austin can trade his tomatoes for Colin's broccoli.

Answer with the correct option from 0 to 3. Only provide the numeric and nothing else 

Answer: 
assistant
3",3,3,grade8
43,40.717216,48.67584,52.206345,55.431717,57.99153,59.69983,63.4823,1.6427127,1.8409808,2.0638256,2.0788383,2.0693328,2.1689734,2.2659206,2.3708103,2.3950953,2.4947407,2.5019915,2.697085,2.9919605,3.8035078,4.212816,4.8218513,5.8950167,8.6761265,11.851812,15.301781,18.90396,23.684113,29.829462,34.139233,38.54547,42.551956,46.644733,49.569256,51.52941,47.727684,Text only tokens,387,1237,"user
 QUESTION: Think about the magnetic force between the magnets in each pair. Which of the following statements is true?
OPTIONS:
0: The magnitude of the magnetic force is greater in Pair 1.
1: The magnitude of the magnetic force is the same in both pairs.
2: The magnitude of the magnetic force is greater in Pair 2.

Answer with the correct option from 0 to 2. Only provide the numeric and nothing else 

Answer: 
assistant
0",0,0,grade8,"user
 QUESTION: Think about the magnetic force between the magnets in each pair. Which of the following statements is true?
OPTIONS:
0: The magnitude of the magnetic force is greater in Pair 1.
1: The magnitude of the magnetic force is the same in both pairs.
2: The magnitude of the magnetic force is greater in Pair 2.

Answer with the correct option from 0 to 2. Only provide the numeric and nothing else 

Answer: 
assistant
2",2,0,grade8
44,25.302198,33.283176,30.821167,30.246948,34.378006,37.655735,40.307056,1.137401,1.1781489,1.21318,1.2179328,1.2111872,1.2203811,1.2328146,1.2493756,1.251268,1.2695234,1.2693833,1.2972171,1.3378391,1.429417,1.4740514,1.5442518,1.6687435,1.9505574,2.3040614,2.7411757,3.2312787,3.971021,4.9424896,5.98981,7.606859,9.395549,11.799332,14.315616,23.82906,26.52075,Text only tokens,80,276,"user
 QUESTION: Which country is highlighted?
OPTIONS:
0: the Dominican Republic
1: Grenada
2: Jamaica
3: Trinidad and Tobago

Answer with the correct option from 0 to 3. Only provide the numeric and nothing else 

Answer: 
assistant
3",3,3,grade7,"user
 QUESTION: Which country is highlighted?
OPTIONS:
0: the Dominican Republic
1: Grenada
2: Jamaica
3: Trinidad and Tobago

Answer with the correct option from 0 to 3. Only provide the numeric and nothing else 

Answer: 
assistant
2",2,3,grade7
45,35.08958,40.49393,35.56929,33.067272,37.87485,41.586094,46.689716,1.1846292,1.2446208,1.2986538,1.2989599,1.2968024,1.3224782,1.3465086,1.3687999,1.3740396,1.3986267,1.3996161,1.4406531,1.4995,1.6427244,1.7072287,1.812071,1.992052,2.4914055,3.0065677,3.6516125,4.4771514,5.590527,7.376662,8.990527,11.578139,14.08859,17.327484,20.63113,30.81373,33.509552,Text only tokens,565,1805,"user
 QUESTION: Is the following statement about our solar system true or false?
The smallest planet is made mainly of rock.
OPTIONS:
0: false
1: true

Answer with the correct option from 0 to 1. Only provide the numeric and nothing else 

Answer: 
assistant
1",1,1,grade6,"user
 QUESTION: Is the following statement about our solar system true or false?
The smallest planet is made mainly of rock.
OPTIONS:
0: false
1: true

Answer with the correct option from 0 to 1. Only provide the numeric and nothing else 

Answer: 
assistant
0",0,1,grade6
46,44.10725,54.13635,56.108887,56.532692,61.208664,62.633068,65.71245,1.4773748,1.6250019,1.7958518,1.8241961,1.8033781,1.8550708,1.9278021,2.0167365,2.0126355,2.0801487,2.0727527,2.1793947,2.3632083,2.8257685,3.0722291,3.4671576,4.1626997,5.9036107,8.119728,10.574893,13.427781,17.17785,22.159449,26.460497,31.235971,35.257233,39.844673,43.892525,50.384083,46.788948,Text only tokens,300,974,"user
 QUESTION: Does this passage describe the weather or the climate?
OPTIONS:
0: weather
1: climate

Answer with the correct option from 0 to 1. Only provide the numeric and nothing else 

Answer: 
assistant
0",0,0,grade6,"user
 QUESTION: Does this passage describe the weather or the climate?
OPTIONS:
0: weather
1: climate

Answer with the correct option from 0 to 1. Only provide the numeric and nothing else 

Answer: 
assistant
1",1,0,grade6
47,40.73315,48.642315,52.102314,55.35235,57.95209,59.842964,63.71967,1.6419849,1.8401374,2.066884,2.0807493,2.0693865,2.1695986,2.2690632,2.370445,2.3955047,2.4966588,2.5001793,2.69832,2.9912918,3.8021257,4.1896205,4.802856,5.8616905,8.629357,11.796857,15.279652,18.88609,23.676163,29.843483,34.1368,38.756023,42.722824,46.766624,49.554276,51.984848,46.88193,Text only tokens,370,1185,"user
 QUESTION: Think about the magnetic force between the magnets in each pair. Which of the following statements is true?
OPTIONS:
0: The magnitude of the magnetic force is smaller in Pair 2.
1: The magnitude of the magnetic force is smaller in Pair 1.
2: The magnitude of the magnetic force is the same in both pairs.

Answer with the correct option from 0 to 2. Only provide the numeric and nothing else 

Answer: 
assistant
2",2,1,grade7,"user
 QUESTION: Think about the magnetic force between the magnets in each pair. Which of the following statements is true?
OPTIONS:
0: The magnitude of the magnetic force is smaller in Pair 2.
1: The magnitude of the magnetic force is smaller in Pair 1.
2: The magnitude of the magnetic force is the same in both pairs.

Answer with the correct option from 0 to 2. Only provide the numeric and nothing else 

Answer: 
assistant
0",0,1,grade7
48,30.014095,35.87866,31.682842,30.613476,35.23446,37.828537,40.918507,1.1295283,1.1660726,1.2044672,1.2069342,1.2021903,1.2198838,1.2324562,1.2499737,1.2468189,1.2640011,1.2650017,1.291595,1.3341129,1.4285535,1.4692601,1.5397406,1.6570957,1.9429649,2.2727025,2.660503,3.104371,3.7873178,4.8093805,5.7872214,7.4559383,9.071191,11.577963,14.145411,22.866695,28.810768,Text only tokens,591,1884,"user
 QUESTION: Will these magnets attract or repel each other?
OPTIONS:
0: repel
1: attract

Answer with the correct option from 0 to 1. Only provide the numeric and nothing else 

Answer: 
assistant
0",0,0,grade4,"user
 QUESTION: Will these magnets attract or repel each other?
OPTIONS:
0: repel
1: attract

Answer with the correct option from 0 to 1. Only provide the numeric and nothing else 

Answer: 
assistant
1",1,0,grade4
49,24.745853,32.27714,28.93098,28.28438,32.229816,35.546062,38.979946,1.1259531,1.1624213,1.1972035,1.206426,1.1980892,1.2092857,1.2203385,1.2364687,1.2354046,1.2519885,1.2528889,1.2782795,1.3158351,1.397774,1.4377652,1.500303,1.6113921,1.8687221,2.1787,2.5405178,2.9505417,3.6200662,4.523773,5.500725,6.9751925,8.589638,10.732275,12.9549,21.92492,25.678984,Text only tokens,196,647,"user
 QUESTION: Which country is highlighted?
OPTIONS:
0: Solomon Islands
1: New Zealand
2: Papua New Guinea
3: Australia

Answer with the correct option from 0 to 3. Only provide the numeric and nothing else 

Answer: 
assistant
3",3,3,grade7,"user
 QUESTION: Which country is highlighted?
OPTIONS:
0: Solomon Islands
1: New Zealand
2: Papua New Guinea
3: Australia

Answer with the correct option from 0 to 3. Only provide the numeric and nothing else 

Answer: 
assistant
2",2,3,grade7
