,idx_main,outputwImg,predictionwImg,gold_referencewImg,tagwImg,outputwoImg,predictionwoImg,gold_referencewoImg,tagwoImg
0,0,"[INST]  
 QUESTION: How many blue floats are there?
OPTIONS:
0: 0
1: 3
2: 2
3: 1

Answer with the correct option from 0 to 3. Only provide the numeric and nothing else 


Answer:  [/INST] 1 ",1,3,Counting,"[INST]  
 QUESTION: How many blue floats are there?
OPTIONS:
0: 0
1: 3
2: 2
3: 1

Answer with the correct option from 0 to 3. Only provide the numeric and nothing else 


Answer:  [/INST] 0 ",0,3,Counting
1,3,"[INST]  
 QUESTION: How many people are in purple?
OPTIONS:
0: 0
1: 1
2: 3
3: 2

Answer with the correct option from 0 to 3. Only provide the numeric and nothing else 


Answer:  [/INST] 1 ",1,1,Counting,"[INST]  
 QUESTION: How many people are in purple?
OPTIONS:
0: 0
1: 1
2: 3
3: 2

Answer with the correct option from 0 to 3. Only provide the numeric and nothing else 


Answer:  [/INST] 0 ",0,1,Counting
2,4,"[INST]  
 QUESTION: How many colored tiles are above the sink?
OPTIONS:
0: 6
1: 3
2: 4
3: 5

Answer with the correct option from 0 to 3. Only provide the numeric and nothing else 


Answer:  [/INST] 1 ",1,0,Counting,"[INST]  
 QUESTION: How many colored tiles are above the sink?
OPTIONS:
0: 6
1: 3
2: 4
3: 5

Answer with the correct option from 0 to 3. Only provide the numeric and nothing else 


Answer:  [/INST] 0 ",0,0,Counting
3,5,"[INST]  
 QUESTION: How many big nuts are in the green bowl?
OPTIONS:
0: 3
1: 5
2: 2
3: 4

Answer with the correct option from 0 to 3. Only provide the numeric and nothing else 


Answer:  [/INST] 2 ",2,0,Counting,"[INST]  
 QUESTION: How many big nuts are in the green bowl?
OPTIONS:
0: 3
1: 5
2: 2
3: 4

Answer with the correct option from 0 to 3. Only provide the numeric and nothing else 


Answer:  [/INST] 0 ",0,0,Counting
4,6,"[INST]  
 QUESTION: How many baseball players are looking towards the camera?
OPTIONS:
0: 3
1: 2
2: 1
3: 0

Answer with the correct option from 0 to 3. Only provide the numeric and nothing else 


Answer:  [/INST] 1 ",1,2,Counting,"[INST]  
 QUESTION: How many baseball players are looking towards the camera?
OPTIONS:
0: 3
1: 2
2: 1
3: 0

Answer with the correct option from 0 to 3. Only provide the numeric and nothing else 


Answer:  [/INST] 0 ",0,2,Counting
5,7,"[INST]  
 QUESTION: How many people are wearing red shirt?
OPTIONS:
0: 0
1: 1
2: 3
3: 2

Answer with the correct option from 0 to 3. Only provide the numeric and nothing else 


Answer:  [/INST] 1 ",1,1,Counting,"[INST]  
 QUESTION: How many people are wearing red shirt?
OPTIONS:
0: 0
1: 1
2: 3
3: 2

Answer with the correct option from 0 to 3. Only provide the numeric and nothing else 


Answer:  [/INST] 0 ",0,1,Counting
6,8,"[INST]  
 QUESTION: How many black suitcases are pulled in the image?
OPTIONS:
0: 2
1: 4
2: 1
3: 3

Answer with the correct option from 0 to 3. Only provide the numeric and nothing else 


Answer:  [/INST] 1 ",1,0,Counting,"[INST]  
 QUESTION: How many black suitcases are pulled in the image?
OPTIONS:
0: 2
1: 4
2: 1
3: 3

Answer with the correct option from 0 to 3. Only provide the numeric and nothing else 


Answer:  [/INST] 2 ",2,0,Counting
7,9,"[INST]  
 QUESTION: How many tall buildings have a flat top?
OPTIONS:
0: 2
1: 1
2: 0
3: 3

Answer with the correct option from 0 to 3. Only provide the numeric and nothing else 


Answer:  [/INST] 1 ",1,2,Counting,"[INST]  
 QUESTION: How many tall buildings have a flat top?
OPTIONS:
0: 2
1: 1
2: 0
3: 3

Answer with the correct option from 0 to 3. Only provide the numeric and nothing else 


Answer:  [/INST] 2 ",2,2,Counting
8,10,"[INST]  
 QUESTION: How many people are eating food?
OPTIONS:
0: 1
1: 0
2: 3
3: 2

Answer with the correct option from 0 to 3. Only provide the numeric and nothing else 


Answer:  [/INST] 0 ",0,1,Counting,"[INST]  
 QUESTION: How many people are eating food?
OPTIONS:
0: 1
1: 0
2: 3
3: 2

Answer with the correct option from 0 to 3. Only provide the numeric and nothing else 


Answer:  [/INST] 1 ",1,1,Counting
9,12,"[INST]  
 QUESTION: How many people are wearing hat?
OPTIONS:
0: 1
1: 3
2: 0
3: 2

Answer with the correct option from 0 to 3. Only provide the numeric and nothing else 


Answer:  [/INST] 1 ",1,0,Counting,"[INST]  
 QUESTION: How many people are wearing hat?
OPTIONS:
0: 1
1: 3
2: 0
3: 2

Answer with the correct option from 0 to 3. Only provide the numeric and nothing else 


Answer:  [/INST] 2 ",2,0,Counting
10,14,"[INST]  
 QUESTION: How many people are wearing glasses?
OPTIONS:
0: 3
1: 2
2: 0
3: 1

Answer with the correct option from 0 to 3. Only provide the numeric and nothing else 


Answer:  [/INST] 3 ",3,3,Counting,"[INST]  
 QUESTION: How many people are wearing glasses?
OPTIONS:
0: 3
1: 2
2: 0
3: 1

Answer with the correct option from 0 to 3. Only provide the numeric and nothing else 


Answer:  [/INST] 1 ",1,3,Counting
11,15,"[INST]  
 QUESTION: How many kids are infront of the yellow schoolbus?
OPTIONS:
0: 5
1: 4
2: 3
3: 6

Answer with the correct option from 0 to 3. Only provide the numeric and nothing else 


Answer:  [/INST] 3 ",3,1,Counting,"[INST]  
 QUESTION: How many kids are infront of the yellow schoolbus?
OPTIONS:
0: 5
1: 4
2: 3
3: 6

Answer with the correct option from 0 to 3. Only provide the numeric and nothing else 


Answer:  [/INST] 0 ",0,1,Counting
12,16,"[INST]  
 QUESTION: How many people are wearing a red coat?
OPTIONS:
0: 3
1: 2
2: 1
3: 0

Answer with the correct option from 0 to 3. Only provide the numeric and nothing else 


Answer:  [/INST] 1 ",1,2,Counting,"[INST]  
 QUESTION: How many people are wearing a red coat?
OPTIONS:
0: 3
1: 2
2: 1
3: 0

Answer with the correct option from 0 to 3. Only provide the numeric and nothing else 


Answer:  [/INST] 3 ",3,2,Counting
13,18,"[INST]  
 QUESTION: How many green tiles are on the wall?
OPTIONS:
0: 6
1: 4
2: 5
3: 3

Answer with the correct option from 0 to 3. Only provide the numeric and nothing else 


Answer:  [/INST] 1 ",1,0,Counting,"[INST]  
 QUESTION: How many green tiles are on the wall?
OPTIONS:
0: 6
1: 4
2: 5
3: 3

Answer with the correct option from 0 to 3. Only provide the numeric and nothing else 


Answer:  [/INST] 0 ",0,0,Counting
14,19,"[INST]  
 QUESTION: How many toilets are to the left of the basins?
OPTIONS:
0: 6
1: 3
2: 4
3: 5

Answer with the correct option from 0 to 3. Only provide the numeric and nothing else 


Answer:  [/INST] 1 ",1,0,Counting,"[INST]  
 QUESTION: How many toilets are to the left of the basins?
OPTIONS:
0: 6
1: 3
2: 4
3: 5

Answer with the correct option from 0 to 3. Only provide the numeric and nothing else 


Answer:  [/INST] 0 ",0,0,Counting
15,20,"[INST]  
 QUESTION: How many red buses are there?
OPTIONS:
0: 1
1: 2
2: 0
3: 3

Answer with the correct option from 0 to 3. Only provide the numeric and nothing else 


Answer:  [/INST] 1 ",1,0,Counting,"[INST]  
 QUESTION: How many red buses are there?
OPTIONS:
0: 1
1: 2
2: 0
3: 3

Answer with the correct option from 0 to 3. Only provide the numeric and nothing else 


Answer:  [/INST] 2 ",2,0,Counting
16,21,"[INST]  
 QUESTION: How many people are drinking water?
OPTIONS:
0: 1
1: 3
2: 0
3: 2

Answer with the correct option from 0 to 3. Only provide the numeric and nothing else 


Answer:  [/INST] 2 ",2,2,Counting,"[INST]  
 QUESTION: How many people are drinking water?
OPTIONS:
0: 1
1: 3
2: 0
3: 2

Answer with the correct option from 0 to 3. Only provide the numeric and nothing else 


Answer:  [/INST] 0 ",0,2,Counting
17,22,"[INST]  
 QUESTION: How many bananas are on the plate?
OPTIONS:
0: 3
1: 4
2: 6
3: 5

Answer with the correct option from 0 to 3. Only provide the numeric and nothing else 


Answer:  [/INST] 3 ",3,2,Counting,"[INST]  
 QUESTION: How many bananas are on the plate?
OPTIONS:
0: 3
1: 4
2: 6
3: 5

Answer with the correct option from 0 to 3. Only provide the numeric and nothing else 


Answer:  [/INST] 0 ",0,2,Counting
18,23,"[INST]  
 QUESTION: How many windows are on the front and not the sides of the bus?
OPTIONS:
0: 4
1: 2
2: 3
3: 1

Answer with the correct option from 0 to 3. Only provide the numeric and nothing else 


Answer:  [/INST] 1 ",1,1,Counting,"[INST]  
 QUESTION: How many windows are on the front and not the sides of the bus?
OPTIONS:
0: 4
1: 2
2: 3
3: 1

Answer with the correct option from 0 to 3. Only provide the numeric and nothing else 


Answer:  [/INST] 0 ",0,1,Counting
19,26,"[INST]  
 QUESTION: How many people are laying down?
OPTIONS:
0: 2
1: 1
2: 3
3: 0

Answer with the correct option from 0 to 3. Only provide the numeric and nothing else 


Answer:  [/INST] 1 ",1,1,Counting,"[INST]  
 QUESTION: How many people are laying down?
OPTIONS:
0: 2
1: 1
2: 3
3: 0

Answer with the correct option from 0 to 3. Only provide the numeric and nothing else 


Answer:  [/INST] 3 ",3,1,Counting
20,27,"[INST]  
 QUESTION: How many people are sitting on the bed?
OPTIONS:
0: 3
1: 1
2: 2
3: 0

Answer with the correct option from 0 to 3. Only provide the numeric and nothing else 


Answer:  [/INST] 1 ",1,1,Counting,"[INST]  
 QUESTION: How many people are sitting on the bed?
OPTIONS:
0: 3
1: 1
2: 2
3: 0

Answer with the correct option from 0 to 3. Only provide the numeric and nothing else 


Answer:  [/INST] 3 ",3,1,Counting
21,28,"[INST]  
 QUESTION: How many red cars are there?
OPTIONS:
0: 1
1: 2
2: 3
3: 0

Answer with the correct option from 0 to 3. Only provide the numeric and nothing else 


Answer:  [/INST] 1 ",1,3,Counting,"[INST]  
 QUESTION: How many red cars are there?
OPTIONS:
0: 1
1: 2
2: 3
3: 0

Answer with the correct option from 0 to 3. Only provide the numeric and nothing else 


Answer:  [/INST] 3 ",3,3,Counting
22,29,"[INST]  
 QUESTION: How many people are wearing a green jacket?
OPTIONS:
0: 3
1: 2
2: 0
3: 1

Answer with the correct option from 0 to 3. Only provide the numeric and nothing else 


Answer:  [/INST] 2 ",2,2,Counting,"[INST]  
 QUESTION: How many people are wearing a green jacket?
OPTIONS:
0: 3
1: 2
2: 0
3: 1

Answer with the correct option from 0 to 3. Only provide the numeric and nothing else 


Answer:  [/INST] 0 ",0,2,Counting
23,33,"[INST]  
 QUESTION: How many ""one way"" signs are pointing to the left in the image?
OPTIONS:
0: 3
1: 5
2: 2
3: 4

Answer with the correct option from 0 to 3. Only provide the numeric and nothing else 


Answer:  [/INST] 3 ",3,0,Counting,"[INST]  
 QUESTION: How many ""one way"" signs are pointing to the left in the image?
OPTIONS:
0: 3
1: 5
2: 2
3: 4

Answer with the correct option from 0 to 3. Only provide the numeric and nothing else 


Answer:  [/INST] 0 ",0,0,Counting
24,34,"[INST]  
 QUESTION: How many kids are sitting on the bench in the image?
OPTIONS:
0: 5
1: 6
2: 3
3: 4

Answer with the correct option from 0 to 3. Only provide the numeric and nothing else 


Answer:  [/INST] 3 ",3,3,Counting,"[INST]  
 QUESTION: How many kids are sitting on the bench in the image?
OPTIONS:
0: 5
1: 6
2: 3
3: 4

Answer with the correct option from 0 to 3. Only provide the numeric and nothing else 


Answer:  [/INST] 2 ",2,3,Counting
25,38,"[INST]  
 QUESTION: How many blue buses are there?
OPTIONS:
0: 0
1: 1
2: 3
3: 2

Answer with the correct option from 0 to 3. Only provide the numeric and nothing else 


Answer:  [/INST] 2 ",2,1,Counting,"[INST]  
 QUESTION: How many blue buses are there?
OPTIONS:
0: 0
1: 1
2: 3
3: 2

Answer with the correct option from 0 to 3. Only provide the numeric and nothing else 


Answer:  [/INST] 0 ",0,1,Counting
26,39,"[INST]  
 QUESTION: How many skiers are wearing red?
OPTIONS:
0: 2
1: 3
2: 0
3: 1

Answer with the correct option from 0 to 3. Only provide the numeric and nothing else 


Answer:  [/INST] 0 ",0,2,Counting,"[INST]  
 QUESTION: How many skiers are wearing red?
OPTIONS:
0: 2
1: 3
2: 0
3: 1

Answer with the correct option from 0 to 3. Only provide the numeric and nothing else 


Answer:  [/INST] 2 ",2,2,Counting
27,40,"[INST]  
 QUESTION: How many parking meters are there in the garden?
OPTIONS:
0: 2
1: 0
2: 1
3: 3

Answer with the correct option from 0 to 3. Only provide the numeric and nothing else 


Answer:  [/INST] 2 ",2,2,Counting,"[INST]  
 QUESTION: How many parking meters are there in the garden?
OPTIONS:
0: 2
1: 0
2: 1
3: 3

Answer with the correct option from 0 to 3. Only provide the numeric and nothing else 


Answer:  [/INST] 1 ",1,2,Counting
28,41,"[INST]  
 QUESTION: How many flower pots have flowers in them?
OPTIONS:
0: 5
1: 4
2: 6
3: 3

Answer with the correct option from 0 to 3. Only provide the numeric and nothing else 


Answer:  [/INST] 2 ",2,2,Counting,"[INST]  
 QUESTION: How many flower pots have flowers in them?
OPTIONS:
0: 5
1: 4
2: 6
3: 3

Answer with the correct option from 0 to 3. Only provide the numeric and nothing else 


Answer:  [/INST] 1 ",1,2,Counting
29,42,"[INST]  
 QUESTION: How many elephants have their trunks in the water?
OPTIONS:
0: 3
1: 1
2: 0
3: 2

Answer with the correct option from 0 to 3. Only provide the numeric and nothing else 


Answer:  [/INST] 1 ",1,1,Counting,"[INST]  
 QUESTION: How many elephants have their trunks in the water?
OPTIONS:
0: 3
1: 1
2: 0
3: 2

Answer with the correct option from 0 to 3. Only provide the numeric and nothing else 


Answer:  [/INST] 0 ",0,1,Counting
30,45,"[INST]  
 QUESTION: How many blue circles are on this building?
OPTIONS:
0: 0
1: 3
2: 2
3: 1

Answer with the correct option from 0 to 3. Only provide the numeric and nothing else 


Answer:  [/INST] 1 ",1,3,Counting,"[INST]  
 QUESTION: How many blue circles are on this building?
OPTIONS:
0: 0
1: 3
2: 2
3: 1

Answer with the correct option from 0 to 3. Only provide the numeric and nothing else 


Answer:  [/INST] 0 ",0,3,Counting
31,46,"[INST]  
 QUESTION: How many people are reading book?
OPTIONS:
0: 1
1: 3
2: 2
3: 0

Answer with the correct option from 0 to 3. Only provide the numeric and nothing else 


Answer:  [/INST] 3 ",3,3,Counting,"[INST]  
 QUESTION: How many people are reading book?
OPTIONS:
0: 1
1: 3
2: 2
3: 0

Answer with the correct option from 0 to 3. Only provide the numeric and nothing else 


Answer:  [/INST] 1 ",1,3,Counting
32,47,"[INST]  
 QUESTION: How many toilets have lids?
OPTIONS:
0: 4
1: 1
2: 3
3: 2

Answer with the correct option from 0 to 3. Only provide the numeric and nothing else 


Answer:  [/INST] 0 ",0,3,Counting,"[INST]  
 QUESTION: How many toilets have lids?
OPTIONS:
0: 4
1: 1
2: 3
3: 2

Answer with the correct option from 0 to 3. Only provide the numeric and nothing else 


Answer:  [/INST] 3 ",3,3,Counting
33,48,"[INST]  
 QUESTION: How many people are standing in the picture?
OPTIONS:
0: 2
1: 4
2: 1
3: 3

Answer with the correct option from 0 to 3. Only provide the numeric and nothing else 


Answer:  [/INST] 3 ",3,0,Counting,"[INST]  
 QUESTION: How many people are standing in the picture?
OPTIONS:
0: 2
1: 4
2: 1
3: 3

Answer with the correct option from 0 to 3. Only provide the numeric and nothing else 


Answer:  [/INST] 0 ",0,0,Counting
34,49,"[INST]  
 QUESTION: How many blue towels are in the picture?
OPTIONS:
0: 3
1: 0
2: 2
3: 1

Answer with the correct option from 0 to 3. Only provide the numeric and nothing else 


Answer:  [/INST] 1 ",1,3,Counting,"[INST]  
 QUESTION: How many blue towels are in the picture?
OPTIONS:
0: 3
1: 0
2: 2
3: 1

Answer with the correct option from 0 to 3. Only provide the numeric and nothing else 


Answer:  [/INST] 0 ",0,3,Counting
35,51,"[INST]  
 QUESTION: How many red motorcycles are in the picture?
OPTIONS:
0: 2
1: 1
2: 0
3: 3

Answer with the correct option from 0 to 3. Only provide the numeric and nothing else 


Answer:  [/INST] 1 ",1,1,Counting,"[INST]  
 QUESTION: How many red motorcycles are in the picture?
OPTIONS:
0: 2
1: 1
2: 0
3: 3

Answer with the correct option from 0 to 3. Only provide the numeric and nothing else 


Answer:  [/INST] 2 ",2,1,Counting
36,52,"[INST]  
 QUESTION: How many clear bottles of wine are on the table?
OPTIONS:
0: 1
1: 3
2: 2
3: 0

Answer with the correct option from 0 to 3. Only provide the numeric and nothing else 


Answer:  [/INST] 2 ",2,0,Counting,"[INST]  
 QUESTION: How many clear bottles of wine are on the table?
OPTIONS:
0: 1
1: 3
2: 2
3: 0

Answer with the correct option from 0 to 3. Only provide the numeric and nothing else 


Answer:  [/INST] 0 ",0,0,Counting
37,55,"[INST]  
 QUESTION: How many candlights are to the right of the television?
OPTIONS:
0: 2
1: 5
2: 4
3: 3

Answer with the correct option from 0 to 3. Only provide the numeric and nothing else 


Answer:  [/INST] 2 ",2,3,Counting,"[INST]  
 QUESTION: How many candlights are to the right of the television?
OPTIONS:
0: 2
1: 5
2: 4
3: 3

Answer with the correct option from 0 to 3. Only provide the numeric and nothing else 


Answer:  [/INST] 0 ",0,3,Counting
38,57,"[INST]  
 QUESTION: How many drive wheels are on the engine?
OPTIONS:
0: 5
1: 4
2: 2
3: 3

Answer with the correct option from 0 to 3. Only provide the numeric and nothing else 


Answer:  [/INST] 1 ",1,3,Counting,"[INST]  
 QUESTION: How many drive wheels are on the engine?
OPTIONS:
0: 5
1: 4
2: 2
3: 3

Answer with the correct option from 0 to 3. Only provide the numeric and nothing else 


Answer:  [/INST] 2 ",2,3,Counting
39,58,"[INST]  
 QUESTION: How many people are wearing white hats?
OPTIONS:
0: 5
1: 6
2: 4
3: 3

Answer with the correct option from 0 to 3. Only provide the numeric and nothing else 


Answer:  [/INST] 1 ",1,2,Counting,"[INST]  
 QUESTION: How many people are wearing white hats?
OPTIONS:
0: 5
1: 6
2: 4
3: 3

Answer with the correct option from 0 to 3. Only provide the numeric and nothing else 


Answer:  [/INST] 0 ",0,2,Counting
40,60,"[INST]  
 QUESTION: How many people are sitting near motor?
OPTIONS:
0: 1
1: 3
2: 0
3: 2

Answer with the correct option from 0 to 3. Only provide the numeric and nothing else 


Answer:  [/INST] 1 ",1,2,Counting,"[INST]  
 QUESTION: How many people are sitting near motor?
OPTIONS:
0: 1
1: 3
2: 0
3: 2

Answer with the correct option from 0 to 3. Only provide the numeric and nothing else 


Answer:  [/INST] 0 ",0,2,Counting
41,61,"[INST]  
 QUESTION: How many men are looking through a camera?
OPTIONS:
0: 2
1: 0
2: 3
3: 1

Answer with the correct option from 0 to 3. Only provide the numeric and nothing else 


Answer:  [/INST] 1 ",1,3,Counting,"[INST]  
 QUESTION: How many men are looking through a camera?
OPTIONS:
0: 2
1: 0
2: 3
3: 1

Answer with the correct option from 0 to 3. Only provide the numeric and nothing else 


Answer:  [/INST] 0 ",0,3,Counting
42,62,"[INST]  
 QUESTION: How many cows are on the train?
OPTIONS:
0: 3
1: 1
2: 2
3: 0

Answer with the correct option from 0 to 3. Only provide the numeric and nothing else 


Answer:  [/INST] 1 ",1,3,Counting,"[INST]  
 QUESTION: How many cows are on the train?
OPTIONS:
0: 3
1: 1
2: 2
3: 0

Answer with the correct option from 0 to 3. Only provide the numeric and nothing else 


Answer:  [/INST] 3 ",3,3,Counting
43,64,"[INST]  
 QUESTION: How many red letters are on the front of the train?
OPTIONS:
0: 6
1: 3
2: 5
3: 4

Answer with the correct option from 0 to 3. Only provide the numeric and nothing else 


Answer:  [/INST] 1 ",1,2,Counting,"[INST]  
 QUESTION: How many red letters are on the front of the train?
OPTIONS:
0: 6
1: 3
2: 5
3: 4

Answer with the correct option from 0 to 3. Only provide the numeric and nothing else 


Answer:  [/INST] 0 ",0,2,Counting
44,66,"[INST]  
 QUESTION: How many white umbrellas are there on the left side?
OPTIONS:
0: 2
1: 5
2: 4
3: 3

Answer with the correct option from 0 to 3. Only provide the numeric and nothing else 


Answer:  [/INST] 2 ",2,3,Counting,"[INST]  
 QUESTION: How many white umbrellas are there on the left side?
OPTIONS:
0: 2
1: 5
2: 4
3: 3

Answer with the correct option from 0 to 3. Only provide the numeric and nothing else 


Answer:  [/INST] 0 ",0,3,Counting
45,67,"[INST]  
 QUESTION: How many people are holding a baseball bat?
OPTIONS:
0: 2
1: 0
2: 3
3: 1

Answer with the correct option from 0 to 3. Only provide the numeric and nothing else 


Answer:  [/INST] 3 ",3,3,Counting,"[INST]  
 QUESTION: How many people are holding a baseball bat?
OPTIONS:
0: 2
1: 0
2: 3
3: 1

Answer with the correct option from 0 to 3. Only provide the numeric and nothing else 


Answer:  [/INST] 0 ",0,3,Counting
46,69,"[INST]  
 QUESTION: How many doors with red line are on the train?
OPTIONS:
0: 2
1: 4
2: 3
3: 1

Answer with the correct option from 0 to 3. Only provide the numeric and nothing else 


Answer:  [/INST] 1 ",1,0,Counting,"[INST]  
 QUESTION: How many doors with red line are on the train?
OPTIONS:
0: 2
1: 4
2: 3
3: 1

Answer with the correct option from 0 to 3. Only provide the numeric and nothing else 


Answer:  [/INST] 0 ",0,0,Counting
47,72,"[INST]  
 QUESTION: How many elephants are in the water?
OPTIONS:
0: 3
1: 2
2: 1
3: 4

Answer with the correct option from 0 to 3. Only provide the numeric and nothing else 


Answer:  [/INST] 1 ",1,1,Counting,"[INST]  
 QUESTION: How many elephants are in the water?
OPTIONS:
0: 3
1: 2
2: 1
3: 4

Answer with the correct option from 0 to 3. Only provide the numeric and nothing else 


Answer:  [/INST] 0 ",0,1,Counting
48,73,"[INST]  
 QUESTION: How many of the glasses are empty?
OPTIONS:
0: 0
1: 2
2: 3
3: 1

Answer with the correct option from 0 to 3. Only provide the numeric and nothing else 


Answer:  [/INST] 3 ",3,3,Counting,"[INST]  
 QUESTION: How many of the glasses are empty?
OPTIONS:
0: 0
1: 2
2: 3
3: 1

Answer with the correct option from 0 to 3. Only provide the numeric and nothing else 


Answer:  [/INST] 0 ",0,3,Counting
49,74,"[INST]  
 QUESTION: How many people are reflected in the mirror?
OPTIONS:
0: 2
1: 1
2: 3
3: 4

Answer with the correct option from 0 to 3. Only provide the numeric and nothing else 


Answer:  [/INST] 2 ",2,0,Counting,"[INST]  
 QUESTION: How many people are reflected in the mirror?
OPTIONS:
0: 2
1: 1
2: 3
3: 4

Answer with the correct option from 0 to 3. Only provide the numeric and nothing else 


Answer:  [/INST] 1 ",1,0,Counting
50,75,"[INST]  
 QUESTION: How many people ski on the mountain?
OPTIONS:
0: 2
1: 3
2: 1
3: 0

Answer with the correct option from 0 to 3. Only provide the numeric and nothing else 


Answer:  [/INST] 2 ",2,2,Counting,"[INST]  
 QUESTION: How many people ski on the mountain?
OPTIONS:
0: 2
1: 3
2: 1
3: 0

Answer with the correct option from 0 to 3. Only provide the numeric and nothing else 


Answer:  [/INST] 3 ",3,2,Counting
51,76,"[INST]  
 QUESTION: How many people are wearing suit?
OPTIONS:
0: 3
1: 1
2: 0
3: 2

Answer with the correct option from 0 to 3. Only provide the numeric and nothing else 


Answer:  [/INST] 1 ",1,1,Counting,"[INST]  
 QUESTION: How many people are wearing suit?
OPTIONS:
0: 3
1: 1
2: 0
3: 2

Answer with the correct option from 0 to 3. Only provide the numeric and nothing else 


Answer:  [/INST] 2 ",2,1,Counting
52,77,"[INST]  
 QUESTION: How many people are climbing on the wall?
OPTIONS:
0: 1
1: 3
2: 0
3: 2

Answer with the correct option from 0 to 3. Only provide the numeric and nothing else 


Answer:  [/INST] 2 ",2,2,Counting,"[INST]  
 QUESTION: How many people are climbing on the wall?
OPTIONS:
0: 1
1: 3
2: 0
3: 2

Answer with the correct option from 0 to 3. Only provide the numeric and nothing else 


Answer:  [/INST] 0 ",0,2,Counting
53,79,"[INST]  
 QUESTION: How many empty blue seats are in the picture?
OPTIONS:
0: 3
1: 5
2: 2
3: 4

Answer with the correct option from 0 to 3. Only provide the numeric and nothing else 


Answer:  [/INST] 3 ",3,0,Counting,"[INST]  
 QUESTION: How many empty blue seats are in the picture?
OPTIONS:
0: 3
1: 5
2: 2
3: 4

Answer with the correct option from 0 to 3. Only provide the numeric and nothing else 


Answer:  [/INST] 0 ",0,0,Counting
54,82,"[INST]  
 QUESTION: How many person in the images is wearing cap?
OPTIONS:
0: 4
1: 5
2: 3
3: 2

Answer with the correct option from 0 to 3. Only provide the numeric and nothing else 


Answer:  [/INST] 2 ",2,2,Counting,"[INST]  
 QUESTION: How many person in the images is wearing cap?
OPTIONS:
0: 4
1: 5
2: 3
3: 2

Answer with the correct option from 0 to 3. Only provide the numeric and nothing else 


Answer:  [/INST] 0 ",0,2,Counting
55,83,"[INST]  
 QUESTION: How many people are wearing a white hat?
OPTIONS:
0: 4
1: 3
2: 5
3: 6

Answer with the correct option from 0 to 3. Only provide the numeric and nothing else 


Answer:  [/INST] 1 ",1,0,Counting,"[INST]  
 QUESTION: How many people are wearing a white hat?
OPTIONS:
0: 4
1: 3
2: 5
3: 6

Answer with the correct option from 0 to 3. Only provide the numeric and nothing else 


Answer:  [/INST] 0 ",0,0,Counting
56,85,"[INST]  
 QUESTION: How many banners do you see in the awning?
OPTIONS:
0: 6
1: 5
2: 3
3: 4

Answer with the correct option from 0 to 3. Only provide the numeric and nothing else 


Answer:  [/INST] 1 ",1,0,Counting,"[INST]  
 QUESTION: How many banners do you see in the awning?
OPTIONS:
0: 6
1: 5
2: 3
3: 4

Answer with the correct option from 0 to 3. Only provide the numeric and nothing else 


Answer:  [/INST] 0 ",0,0,Counting
57,87,"[INST]  
 QUESTION: How many of the bears are yellow?
OPTIONS:
0: 4
1: 3
2: 5
3: 6

Answer with the correct option from 0 to 3. Only provide the numeric and nothing else 


Answer:  [/INST] 1 ",1,2,Counting,"[INST]  
 QUESTION: How many of the bears are yellow?
OPTIONS:
0: 4
1: 3
2: 5
3: 6

Answer with the correct option from 0 to 3. Only provide the numeric and nothing else 


Answer:  [/INST] 0 ",0,2,Counting
58,88,"[INST]  
 QUESTION: How many plates on the counter?
OPTIONS:
0: 4
1: 5
2: 3
3: 6

Answer with the correct option from 0 to 3. Only provide the numeric and nothing else 


Answer:  [/INST] 3 ",3,0,Counting,"[INST]  
 QUESTION: How many plates on the counter?
OPTIONS:
0: 4
1: 5
2: 3
3: 6

Answer with the correct option from 0 to 3. Only provide the numeric and nothing else 


Answer:  [/INST] 0 ",0,0,Counting
59,89,"[INST]  
 QUESTION: How many signs have black letters?
OPTIONS:
0: 2
1: 1
2: 4
3: 3

Answer with the correct option from 0 to 3. Only provide the numeric and nothing else 


Answer:  [/INST] 0 ",0,0,Counting,"[INST]  
 QUESTION: How many signs have black letters?
OPTIONS:
0: 2
1: 1
2: 4
3: 3

Answer with the correct option from 0 to 3. Only provide the numeric and nothing else 


Answer:  [/INST] 1 ",1,0,Counting
60,91,"[INST]  
 QUESTION: How many people are carrying tennis rackets?
OPTIONS:
0: 1
1: 4
2: 2
3: 3

Answer with the correct option from 0 to 3. Only provide the numeric and nothing else 


Answer:  [/INST] 2 ",2,2,Counting,"[INST]  
 QUESTION: How many people are carrying tennis rackets?
OPTIONS:
0: 1
1: 4
2: 2
3: 3

Answer with the correct option from 0 to 3. Only provide the numeric and nothing else 


Answer:  [/INST] 0 ",0,2,Counting
61,92,"[INST]  
 QUESTION: How many people are washing hand?
OPTIONS:
0: 1
1: 3
2: 2
3: 0

Answer with the correct option from 0 to 3. Only provide the numeric and nothing else 


Answer:  [/INST] 3 ",3,3,Counting,"[INST]  
 QUESTION: How many people are washing hand?
OPTIONS:
0: 1
1: 3
2: 2
3: 0

Answer with the correct option from 0 to 3. Only provide the numeric and nothing else 


Answer:  [/INST] 1 ",1,3,Counting
62,93,"[INST]  
 QUESTION: How many people are driving white motor on the street?
OPTIONS:
0: 1
1: 3
2: 0
3: 2

Answer with the correct option from 0 to 3. Only provide the numeric and nothing else 


Answer:  [/INST] 1 ",1,2,Counting,"[INST]  
 QUESTION: How many people are driving white motor on the street?
OPTIONS:
0: 1
1: 3
2: 0
3: 2

Answer with the correct option from 0 to 3. Only provide the numeric and nothing else 


Answer:  [/INST] 2 ",2,2,Counting
63,96,"[INST]  
 QUESTION: How many people in this image are wearing solid red shirts?
OPTIONS:
0: 2
1: 5
2: 3
3: 4

Answer with the correct option from 0 to 3. Only provide the numeric and nothing else 


Answer:  [/INST] 2 ",2,2,Counting,"[INST]  
 QUESTION: How many people in this image are wearing solid red shirts?
OPTIONS:
0: 2
1: 5
2: 3
3: 4

Answer with the correct option from 0 to 3. Only provide the numeric and nothing else 


Answer:  [/INST] 0 ",0,2,Counting
64,97,"[INST]  
 QUESTION: How many trains are stopped at a station?
OPTIONS:
0: 2
1: 1
2: 3
3: 0

Answer with the correct option from 0 to 3. Only provide the numeric and nothing else 


Answer:  [/INST] 1 ",1,3,Counting,"[INST]  
 QUESTION: How many trains are stopped at a station?
OPTIONS:
0: 2
1: 1
2: 3
3: 0

Answer with the correct option from 0 to 3. Only provide the numeric and nothing else 


Answer:  [/INST] 3 ",3,3,Counting
65,101,"[INST]  
 QUESTION: How many people are wearing blue shirt?
OPTIONS:
0: 2
1: 4
2: 3
3: 1

Answer with the correct option from 0 to 3. Only provide the numeric and nothing else 


Answer:  [/INST] 0 ",0,0,Counting,"[INST]  
 QUESTION: How many people are wearing blue shirt?
OPTIONS:
0: 2
1: 4
2: 3
3: 1

Answer with the correct option from 0 to 3. Only provide the numeric and nothing else 


Answer:  [/INST] 1 ",1,0,Counting
66,102,"[INST]  
 QUESTION: How many people are wearing yellow jacket?
OPTIONS:
0: 3
1: 0
2: 1
3: 2

Answer with the correct option from 0 to 3. Only provide the numeric and nothing else 


Answer:  [/INST] 2 ",2,2,Counting,"[INST]  
 QUESTION: How many people are wearing yellow jacket?
OPTIONS:
0: 3
1: 0
2: 1
3: 2

Answer with the correct option from 0 to 3. Only provide the numeric and nothing else 


Answer:  [/INST] 0 ",0,2,Counting
67,104,"[INST]  
 QUESTION: How many signs with arrows are in the picture?
OPTIONS:
0: 4
1: 1
2: 2
3: 3

Answer with the correct option from 0 to 3. Only provide the numeric and nothing else 


Answer:  [/INST] 2 ",2,2,Counting,"[INST]  
 QUESTION: How many signs with arrows are in the picture?
OPTIONS:
0: 4
1: 1
2: 2
3: 3

Answer with the correct option from 0 to 3. Only provide the numeric and nothing else 


Answer:  [/INST] 0 ",0,2,Counting
68,105,"[INST]  
 QUESTION: How many white vertical lines are drawn on the ground?
OPTIONS:
0: 3
1: 6
2: 5
3: 4

Answer with the correct option from 0 to 3. Only provide the numeric and nothing else 


Answer:  [/INST] 1 ",1,2,Counting,"[INST]  
 QUESTION: How many white vertical lines are drawn on the ground?
OPTIONS:
0: 3
1: 6
2: 5
3: 4

Answer with the correct option from 0 to 3. Only provide the numeric and nothing else 


Answer:  [/INST] 0 ",0,2,Counting
69,108,"[INST]  
 QUESTION: How many people are wearing glasses?
OPTIONS:
0: 2
1: 1
2: 3
3: 0

Answer with the correct option from 0 to 3. Only provide the numeric and nothing else 


Answer:  [/INST] 1 ",1,1,Counting,"[INST]  
 QUESTION: How many people are wearing glasses?
OPTIONS:
0: 2
1: 1
2: 3
3: 0

Answer with the correct option from 0 to 3. Only provide the numeric and nothing else 


Answer:  [/INST] 0 ",0,1,Counting
70,112,"[INST]  
 QUESTION: How many of the cars a black?
OPTIONS:
0: 2
1: 1
2: 0
3: 3

Answer with the correct option from 0 to 3. Only provide the numeric and nothing else 


Answer:  [/INST] 1 ",1,1,Counting,"[INST]  
 QUESTION: How many of the cars a black?
OPTIONS:
0: 2
1: 1
2: 0
3: 3

Answer with the correct option from 0 to 3. Only provide the numeric and nothing else 


Answer:  [/INST] 2 ",2,1,Counting
71,114,"[INST]  
 QUESTION: How many birds are facing the right of frame?
OPTIONS:
0: 3
1: 2
2: 0
3: 1

Answer with the correct option from 0 to 3. Only provide the numeric and nothing else 


Answer:  [/INST] 1 ",1,3,Counting,"[INST]  
 QUESTION: How many birds are facing the right of frame?
OPTIONS:
0: 3
1: 2
2: 0
3: 1

Answer with the correct option from 0 to 3. Only provide the numeric and nothing else 


Answer:  [/INST] 0 ",0,3,Counting
72,116,"[INST]  
 QUESTION: How many yellow cars are in the picture?
OPTIONS:
0: 0
1: 3
2: 2
3: 1

Answer with the correct option from 0 to 3. Only provide the numeric and nothing else 


Answer:  [/INST] 1 ",1,3,Counting,"[INST]  
 QUESTION: How many yellow cars are in the picture?
OPTIONS:
0: 0
1: 3
2: 2
3: 1

Answer with the correct option from 0 to 3. Only provide the numeric and nothing else 


Answer:  [/INST] 0 ",0,3,Counting
73,118,"[INST]  
 QUESTION: How many people are wearing yellow shirt?
OPTIONS:
0: 1
1: 3
2: 0
3: 2

Answer with the correct option from 0 to 3. Only provide the numeric and nothing else 


Answer:  [/INST] 2 ",2,2,Counting,"[INST]  
 QUESTION: How many people are wearing yellow shirt?
OPTIONS:
0: 1
1: 3
2: 0
3: 2

Answer with the correct option from 0 to 3. Only provide the numeric and nothing else 


Answer:  [/INST] 0 ",0,2,Counting
74,119,"[INST]  
 QUESTION: How many small signs say ""kumquat"" on them?
OPTIONS:
0: 1
1: 3
2: 2
3: 0

Answer with the correct option from 0 to 3. Only provide the numeric and nothing else 


Answer:  [/INST] 1 ",1,0,Counting,"[INST]  
 QUESTION: How many small signs say ""kumquat"" on them?
OPTIONS:
0: 1
1: 3
2: 2
3: 0

Answer with the correct option from 0 to 3. Only provide the numeric and nothing else 


Answer:  [/INST] 0 ",0,0,Counting
75,120,"[INST]  
 QUESTION: Which one picture follows the same pattern or rule established by the previous pictures?
OPTIONS:
0: Picture A
1: Picture B
2: Picture C
3: Picture D

Answer with the correct option from 0 to 3. Only provide the numeric and nothing else 


Answer:  [/INST] 1 ",1,2,IQ Test,"[INST]  
 QUESTION: Which one picture follows the same pattern or rule established by the previous pictures?
OPTIONS:
0: Picture A
1: Picture B
2: Picture C
3: Picture D

Answer with the correct option from 0 to 3. Only provide the numeric and nothing else 


Answer:  [/INST] 0 ",0,2,IQ Test
76,121,"[INST]  
 QUESTION: Which one picture follows the same pattern or rule established by the previous pictures?
OPTIONS:
0: Picture A
1: Picture B
2: Picture C
3: Picture D

Answer with the correct option from 0 to 3. Only provide the numeric and nothing else 


Answer:  [/INST] 1 ",1,3,IQ Test,"[INST]  
 QUESTION: Which one picture follows the same pattern or rule established by the previous pictures?
OPTIONS:
0: Picture A
1: Picture B
2: Picture C
3: Picture D

Answer with the correct option from 0 to 3. Only provide the numeric and nothing else 


Answer:  [/INST] 0 ",0,3,IQ Test
77,122,"[INST]  
 QUESTION: Which one picture follows the same pattern or rule established by the previous pictures?
OPTIONS:
0: Picture A
1: Picture B
2: Picture C
3: Picture D

Answer with the correct option from 0 to 3. Only provide the numeric and nothing else 


Answer:  [/INST] 1 ",1,0,IQ Test,"[INST]  
 QUESTION: Which one picture follows the same pattern or rule established by the previous pictures?
OPTIONS:
0: Picture A
1: Picture B
2: Picture C
3: Picture D

Answer with the correct option from 0 to 3. Only provide the numeric and nothing else 


Answer:  [/INST] 0 ",0,0,IQ Test
78,123,"[INST]  
 QUESTION: Which one picture follows the same pattern or rule established by the previous pictures?
OPTIONS:
0: Picture A
1: Picture B
2: Picture C
3: Picture D

Answer with the correct option from 0 to 3. Only provide the numeric and nothing else 


Answer:  [/INST] 1 ",1,3,IQ Test,"[INST]  
 QUESTION: Which one picture follows the same pattern or rule established by the previous pictures?
OPTIONS:
0: Picture A
1: Picture B
2: Picture C
3: Picture D

Answer with the correct option from 0 to 3. Only provide the numeric and nothing else 


Answer:  [/INST] 0 ",0,3,IQ Test
79,125,"[INST]  
 QUESTION: Which one picture follows the same pattern or rule established by the previous pictures?
OPTIONS:
0: Picture A
1: Picture B
2: Picture C
3: Picture D

Answer with the correct option from 0 to 3. Only provide the numeric and nothing else 


Answer:  [/INST] 1 ",1,3,IQ Test,"[INST]  
 QUESTION: Which one picture follows the same pattern or rule established by the previous pictures?
OPTIONS:
0: Picture A
1: Picture B
2: Picture C
3: Picture D

Answer with the correct option from 0 to 3. Only provide the numeric and nothing else 


Answer:  [/INST] 0 ",0,3,IQ Test
80,126,"[INST]  
 QUESTION: Which one picture follows the same pattern or rule established by the previous pictures?
OPTIONS:
0: Picture A
1: Picture B
2: Picture C
3: Picture D

Answer with the correct option from 0 to 3. Only provide the numeric and nothing else 


Answer:  [/INST] 1 ",1,0,IQ Test,"[INST]  
 QUESTION: Which one picture follows the same pattern or rule established by the previous pictures?
OPTIONS:
0: Picture A
1: Picture B
2: Picture C
3: Picture D

Answer with the correct option from 0 to 3. Only provide the numeric and nothing else 


Answer:  [/INST] 0 ",0,0,IQ Test
81,127,"[INST]  
 QUESTION: Which one picture follows the same pattern or rule established by the previous pictures?
OPTIONS:
0: Picture A
1: Picture B
2: Picture C
3: Picture D

Answer with the correct option from 0 to 3. Only provide the numeric and nothing else 


Answer:  [/INST] 1 ",1,1,IQ Test,"[INST]  
 QUESTION: Which one picture follows the same pattern or rule established by the previous pictures?
OPTIONS:
0: Picture A
1: Picture B
2: Picture C
3: Picture D

Answer with the correct option from 0 to 3. Only provide the numeric and nothing else 


Answer:  [/INST] 0 ",0,1,IQ Test
82,128,"[INST]  
 QUESTION: Which one picture follows the same pattern or rule established by the previous pictures?
OPTIONS:
0: Picture A
1: Picture B
2: Picture C
3: Picture D

Answer with the correct option from 0 to 3. Only provide the numeric and nothing else 


Answer:  [/INST] 1 ",1,3,IQ Test,"[INST]  
 QUESTION: Which one picture follows the same pattern or rule established by the previous pictures?
OPTIONS:
0: Picture A
1: Picture B
2: Picture C
3: Picture D

Answer with the correct option from 0 to 3. Only provide the numeric and nothing else 


Answer:  [/INST] 0 ",0,3,IQ Test
83,129,"[INST]  
 QUESTION: Which one picture follows the same pattern or rule established by the previous pictures?
OPTIONS:
0: Picture A
1: Picture B
2: Picture C
3: Picture D

Answer with the correct option from 0 to 3. Only provide the numeric and nothing else 


Answer:  [/INST] 1 ",1,1,IQ Test,"[INST]  
 QUESTION: Which one picture follows the same pattern or rule established by the previous pictures?
OPTIONS:
0: Picture A
1: Picture B
2: Picture C
3: Picture D

Answer with the correct option from 0 to 3. Only provide the numeric and nothing else 


Answer:  [/INST] 0 ",0,1,IQ Test
84,130,"[INST]  
 QUESTION: Which one picture follows the same pattern or rule established by the previous pictures?
OPTIONS:
0: Picture A
1: Picture B
2: Picture C
3: Picture D

Answer with the correct option from 0 to 3. Only provide the numeric and nothing else 


Answer:  [/INST] 1 ",1,2,IQ Test,"[INST]  
 QUESTION: Which one picture follows the same pattern or rule established by the previous pictures?
OPTIONS:
0: Picture A
1: Picture B
2: Picture C
3: Picture D

Answer with the correct option from 0 to 3. Only provide the numeric and nothing else 


Answer:  [/INST] 0 ",0,2,IQ Test
85,131,"[INST]  
 QUESTION: Which one picture follows the same pattern or rule established by the previous pictures?
OPTIONS:
0: Picture A
1: Picture B
2: Picture C
3: Picture D

Answer with the correct option from 0 to 3. Only provide the numeric and nothing else 


Answer:  [/INST] 1 ",1,3,IQ Test,"[INST]  
 QUESTION: Which one picture follows the same pattern or rule established by the previous pictures?
OPTIONS:
0: Picture A
1: Picture B
2: Picture C
3: Picture D

Answer with the correct option from 0 to 3. Only provide the numeric and nothing else 


Answer:  [/INST] 0 ",0,3,IQ Test
86,132,"[INST]  
 QUESTION: Which one picture follows the same pattern or rule established by the previous pictures?
OPTIONS:
0: Picture A
1: Picture B
2: Picture C
3: Picture D

Answer with the correct option from 0 to 3. Only provide the numeric and nothing else 


Answer:  [/INST] 1 ",1,2,IQ Test,"[INST]  
 QUESTION: Which one picture follows the same pattern or rule established by the previous pictures?
OPTIONS:
0: Picture A
1: Picture B
2: Picture C
3: Picture D

Answer with the correct option from 0 to 3. Only provide the numeric and nothing else 


Answer:  [/INST] 0 ",0,2,IQ Test
87,133,"[INST]  
 QUESTION: Which one picture follows the same pattern or rule established by the previous pictures?
OPTIONS:
0: Picture A
1: Picture B
2: Picture C
3: Picture D

Answer with the correct option from 0 to 3. Only provide the numeric and nothing else 


Answer:  [/INST] 1 ",1,2,IQ Test,"[INST]  
 QUESTION: Which one picture follows the same pattern or rule established by the previous pictures?
OPTIONS:
0: Picture A
1: Picture B
2: Picture C
3: Picture D

Answer with the correct option from 0 to 3. Only provide the numeric and nothing else 


Answer:  [/INST] 0 ",0,2,IQ Test
88,134,"[INST]  
 QUESTION: Which one picture follows the same pattern or rule established by the previous pictures?
OPTIONS:
0: Picture A
1: Picture B
2: Picture C
3: Picture D

Answer with the correct option from 0 to 3. Only provide the numeric and nothing else 


Answer:  [/INST] 1 ",1,0,IQ Test,"[INST]  
 QUESTION: Which one picture follows the same pattern or rule established by the previous pictures?
OPTIONS:
0: Picture A
1: Picture B
2: Picture C
3: Picture D

Answer with the correct option from 0 to 3. Only provide the numeric and nothing else 


Answer:  [/INST] 0 ",0,0,IQ Test
89,135,"[INST]  
 QUESTION: Which one picture follows the same pattern or rule established by the previous pictures?
OPTIONS:
0: Picture A
1: Picture B
2: Picture C
3: Picture D

Answer with the correct option from 0 to 3. Only provide the numeric and nothing else 


Answer:  [/INST] 1 ",1,2,IQ Test,"[INST]  
 QUESTION: Which one picture follows the same pattern or rule established by the previous pictures?
OPTIONS:
0: Picture A
1: Picture B
2: Picture C
3: Picture D

Answer with the correct option from 0 to 3. Only provide the numeric and nothing else 


Answer:  [/INST] 0 ",0,2,IQ Test
90,136,"[INST]  
 QUESTION: Which one picture follows the same pattern or rule established by the previous pictures?
OPTIONS:
0: Picture A
1: Picture B
2: Picture C
3: Picture D

Answer with the correct option from 0 to 3. Only provide the numeric and nothing else 


Answer:  [/INST] 1 ",1,3,IQ Test,"[INST]  
 QUESTION: Which one picture follows the same pattern or rule established by the previous pictures?
OPTIONS:
0: Picture A
1: Picture B
2: Picture C
3: Picture D

Answer with the correct option from 0 to 3. Only provide the numeric and nothing else 


Answer:  [/INST] 0 ",0,3,IQ Test
91,138,"[INST]  
 QUESTION: Which one picture follows the same pattern or rule established by the previous pictures?
OPTIONS:
0: Picture A
1: Picture B
2: Picture C
3: Picture D

Answer with the correct option from 0 to 3. Only provide the numeric and nothing else 


Answer:  [/INST] 1 ",1,3,IQ Test,"[INST]  
 QUESTION: Which one picture follows the same pattern or rule established by the previous pictures?
OPTIONS:
0: Picture A
1: Picture B
2: Picture C
3: Picture D

Answer with the correct option from 0 to 3. Only provide the numeric and nothing else 


Answer:  [/INST] 0 ",0,3,IQ Test
92,140,"[INST]  
 QUESTION: Which one picture follows the same pattern or rule established by the previous pictures?
OPTIONS:
0: Picture A
1: Picture B
2: Picture C
3: Picture D

Answer with the correct option from 0 to 3. Only provide the numeric and nothing else 


Answer:  [/INST] 1 ",1,1,IQ Test,"[INST]  
 QUESTION: Which one picture follows the same pattern or rule established by the previous pictures?
OPTIONS:
0: Picture A
1: Picture B
2: Picture C
3: Picture D

Answer with the correct option from 0 to 3. Only provide the numeric and nothing else 


Answer:  [/INST] 0 ",0,1,IQ Test
93,141,"[INST]  
 QUESTION: Which one picture follows the same pattern or rule established by the previous pictures?
OPTIONS:
0: Picture A
1: Picture B
2: Picture C
3: Picture D

Answer with the correct option from 0 to 3. Only provide the numeric and nothing else 


Answer:  [/INST] 1 ",1,3,IQ Test,"[INST]  
 QUESTION: Which one picture follows the same pattern or rule established by the previous pictures?
OPTIONS:
0: Picture A
1: Picture B
2: Picture C
3: Picture D

Answer with the correct option from 0 to 3. Only provide the numeric and nothing else 


Answer:  [/INST] 0 ",0,3,IQ Test
94,142,"[INST]  
 QUESTION: Which one picture follows the same pattern or rule established by the previous pictures?
OPTIONS:
0: Picture A
1: Picture B
2: Picture C
3: Picture D

Answer with the correct option from 0 to 3. Only provide the numeric and nothing else 


Answer:  [/INST] 1 ",1,3,IQ Test,"[INST]  
 QUESTION: Which one picture follows the same pattern or rule established by the previous pictures?
OPTIONS:
0: Picture A
1: Picture B
2: Picture C
3: Picture D

Answer with the correct option from 0 to 3. Only provide the numeric and nothing else 


Answer:  [/INST] 0 ",0,3,IQ Test
95,143,"[INST]  
 QUESTION: Which one picture can be folded from the outer surface displayed on the left?
OPTIONS:
0: Picture A
1: Picture B
2: Picture C
3: Picture D

Answer with the correct option from 0 to 3. Only provide the numeric and nothing else 


Answer:  [/INST] 1 ",1,1,IQ Test,"[INST]  
 QUESTION: Which one picture can be folded from the outer surface displayed on the left?
OPTIONS:
0: Picture A
1: Picture B
2: Picture C
3: Picture D

Answer with the correct option from 0 to 3. Only provide the numeric and nothing else 


Answer:  [/INST] 0 ",0,1,IQ Test
96,144,"[INST]  
 QUESTION: Which one picture follows the same pattern or rule established by the previous pictures?
OPTIONS:
0: Picture A
1: Picture B
2: Picture C
3: Picture D

Answer with the correct option from 0 to 3. Only provide the numeric and nothing else 


Answer:  [/INST] 1 ",1,0,IQ Test,"[INST]  
 QUESTION: Which one picture follows the same pattern or rule established by the previous pictures?
OPTIONS:
0: Picture A
1: Picture B
2: Picture C
3: Picture D

Answer with the correct option from 0 to 3. Only provide the numeric and nothing else 


Answer:  [/INST] 0 ",0,0,IQ Test
97,145,"[INST]  
 QUESTION: Which one picture follows the same pattern or rule established by the previous pictures?
OPTIONS:
0: Picture A
1: Picture B
2: Picture C
3: Picture D

Answer with the correct option from 0 to 3. Only provide the numeric and nothing else 


Answer:  [/INST] 1 ",1,1,IQ Test,"[INST]  
 QUESTION: Which one picture follows the same pattern or rule established by the previous pictures?
OPTIONS:
0: Picture A
1: Picture B
2: Picture C
3: Picture D

Answer with the correct option from 0 to 3. Only provide the numeric and nothing else 


Answer:  [/INST] 0 ",0,1,IQ Test
98,146,"[INST]  
 QUESTION: Which one picture follows the same pattern or rule established by the previous pictures?
OPTIONS:
0: Picture A
1: Picture B
2: Picture C
3: Picture D

Answer with the correct option from 0 to 3. Only provide the numeric and nothing else 


Answer:  [/INST] 1 ",1,1,IQ Test,"[INST]  
 QUESTION: Which one picture follows the same pattern or rule established by the previous pictures?
OPTIONS:
0: Picture A
1: Picture B
2: Picture C
3: Picture D

Answer with the correct option from 0 to 3. Only provide the numeric and nothing else 


Answer:  [/INST] 0 ",0,1,IQ Test
99,147,"[INST]  
 QUESTION: Which one picture can be folded from the outer surface displayed on the left?
OPTIONS:
0: Picture A
1: Picture B
2: Picture C
3: Picture D

Answer with the correct option from 0 to 3. Only provide the numeric and nothing else 


Answer:  [/INST] 1 ",1,0,IQ Test,"[INST]  
 QUESTION: Which one picture can be folded from the outer surface displayed on the left?
OPTIONS:
0: Picture A
1: Picture B
2: Picture C
3: Picture D

Answer with the correct option from 0 to 3. Only provide the numeric and nothing else 


Answer:  [/INST] 0 ",0,0,IQ Test
100,148,"[INST]  
 QUESTION: Which one picture follows the same pattern or rule established by the previous pictures?
OPTIONS:
0: Picture A
1: Picture B
2: Picture C
3: Picture D

Answer with the correct option from 0 to 3. Only provide the numeric and nothing else 


Answer:  [/INST] 1 ",1,1,IQ Test,"[INST]  
 QUESTION: Which one picture follows the same pattern or rule established by the previous pictures?
OPTIONS:
0: Picture A
1: Picture B
2: Picture C
3: Picture D

Answer with the correct option from 0 to 3. Only provide the numeric and nothing else 


Answer:  [/INST] 0 ",0,1,IQ Test
101,149,"[INST]  
 QUESTION: Which one picture follows the same pattern or rule established by the previous pictures?
OPTIONS:
0: Picture A
1: Picture B
2: Picture C
3: Picture D

Answer with the correct option from 0 to 3. Only provide the numeric and nothing else 


Answer:  [/INST] 1 ",1,2,IQ Test,"[INST]  
 QUESTION: Which one picture follows the same pattern or rule established by the previous pictures?
OPTIONS:
0: Picture A
1: Picture B
2: Picture C
3: Picture D

Answer with the correct option from 0 to 3. Only provide the numeric and nothing else 


Answer:  [/INST] 0 ",0,2,IQ Test
102,150,"[INST]  
 QUESTION: Which one picture follows the same pattern or rule established by the previous pictures?
OPTIONS:
0: Picture A
1: Picture B
2: Picture C
3: Picture D

Answer with the correct option from 0 to 3. Only provide the numeric and nothing else 


Answer:  [/INST] 1 ",1,2,IQ Test,"[INST]  
 QUESTION: Which one picture follows the same pattern or rule established by the previous pictures?
OPTIONS:
0: Picture A
1: Picture B
2: Picture C
3: Picture D

Answer with the correct option from 0 to 3. Only provide the numeric and nothing else 


Answer:  [/INST] 0 ",0,2,IQ Test
103,151,"[INST]  
 QUESTION: Which one picture follows the same pattern or rule established by the previous pictures?
OPTIONS:
0: Picture A
1: Picture B
2: Picture C
3: Picture D

Answer with the correct option from 0 to 3. Only provide the numeric and nothing else 


Answer:  [/INST] 1 ",1,2,IQ Test,"[INST]  
 QUESTION: Which one picture follows the same pattern or rule established by the previous pictures?
OPTIONS:
0: Picture A
1: Picture B
2: Picture C
3: Picture D

Answer with the correct option from 0 to 3. Only provide the numeric and nothing else 


Answer:  [/INST] 0 ",0,2,IQ Test
104,152,"[INST]  
 QUESTION: Which one picture follows the same pattern or rule established by the previous pictures?
OPTIONS:
0: Picture A
1: Picture B
2: Picture C
3: Picture D

Answer with the correct option from 0 to 3. Only provide the numeric and nothing else 


Answer:  [/INST] 1 ",1,3,IQ Test,"[INST]  
 QUESTION: Which one picture follows the same pattern or rule established by the previous pictures?
OPTIONS:
0: Picture A
1: Picture B
2: Picture C
3: Picture D

Answer with the correct option from 0 to 3. Only provide the numeric and nothing else 


Answer:  [/INST] 0 ",0,3,IQ Test
105,153,"[INST]  
 QUESTION: Which one picture follows the same pattern or rule established by the previous pictures?
OPTIONS:
0: Picture A
1: Picture B
2: Picture C
3: Picture D

Answer with the correct option from 0 to 3. Only provide the numeric and nothing else 


Answer:  [/INST] 1 ",1,0,IQ Test,"[INST]  
 QUESTION: Which one picture follows the same pattern or rule established by the previous pictures?
OPTIONS:
0: Picture A
1: Picture B
2: Picture C
3: Picture D

Answer with the correct option from 0 to 3. Only provide the numeric and nothing else 


Answer:  [/INST] 0 ",0,0,IQ Test
106,154,"[INST]  
 QUESTION: Which one picture follows the same pattern or rule established by the previous pictures?
OPTIONS:
0: Picture A
1: Picture B
2: Picture C
3: Picture D

Answer with the correct option from 0 to 3. Only provide the numeric and nothing else 


Answer:  [/INST] 1 ",1,1,IQ Test,"[INST]  
 QUESTION: Which one picture follows the same pattern or rule established by the previous pictures?
OPTIONS:
0: Picture A
1: Picture B
2: Picture C
3: Picture D

Answer with the correct option from 0 to 3. Only provide the numeric and nothing else 


Answer:  [/INST] 0 ",0,1,IQ Test
107,155,"[INST]  
 QUESTION: Which one picture follows the same pattern or rule established by the previous pictures?
OPTIONS:
0: Picture A
1: Picture B
2: Picture C
3: Picture D

Answer with the correct option from 0 to 3. Only provide the numeric and nothing else 


Answer:  [/INST] 1 ",1,0,IQ Test,"[INST]  
 QUESTION: Which one picture follows the same pattern or rule established by the previous pictures?
OPTIONS:
0: Picture A
1: Picture B
2: Picture C
3: Picture D

Answer with the correct option from 0 to 3. Only provide the numeric and nothing else 


Answer:  [/INST] 0 ",0,0,IQ Test
108,156,"[INST]  
 QUESTION: Which one picture follows the same pattern or rule established by the previous pictures?
OPTIONS:
0: Picture A
1: Picture B
2: Picture C
3: Picture D

Answer with the correct option from 0 to 3. Only provide the numeric and nothing else 


Answer:  [/INST] 1 ",1,2,IQ Test,"[INST]  
 QUESTION: Which one picture follows the same pattern or rule established by the previous pictures?
OPTIONS:
0: Picture A
1: Picture B
2: Picture C
3: Picture D

Answer with the correct option from 0 to 3. Only provide the numeric and nothing else 


Answer:  [/INST] 0 ",0,2,IQ Test
109,157,"[INST]  
 QUESTION: Which one picture follows the same pattern or rule established by the previous pictures?
OPTIONS:
0: Picture A
1: Picture B
2: Picture C
3: Picture D

Answer with the correct option from 0 to 3. Only provide the numeric and nothing else 


Answer:  [/INST] 1 ",1,3,IQ Test,"[INST]  
 QUESTION: Which one picture follows the same pattern or rule established by the previous pictures?
OPTIONS:
0: Picture A
1: Picture B
2: Picture C
3: Picture D

Answer with the correct option from 0 to 3. Only provide the numeric and nothing else 


Answer:  [/INST] 0 ",0,3,IQ Test
110,158,"[INST]  
 QUESTION: Which one picture follows the same pattern or rule established by the previous pictures?
OPTIONS:
0: Picture A
1: Picture B
2: Picture C
3: Picture D

Answer with the correct option from 0 to 3. Only provide the numeric and nothing else 


Answer:  [/INST] 1 ",1,2,IQ Test,"[INST]  
 QUESTION: Which one picture follows the same pattern or rule established by the previous pictures?
OPTIONS:
0: Picture A
1: Picture B
2: Picture C
3: Picture D

Answer with the correct option from 0 to 3. Only provide the numeric and nothing else 


Answer:  [/INST] 0 ",0,2,IQ Test
111,159,"[INST]  
 QUESTION: Which one picture follows the same pattern or rule established by the previous pictures?
OPTIONS:
0: Picture A
1: Picture B
2: Picture C
3: Picture D

Answer with the correct option from 0 to 3. Only provide the numeric and nothing else 


Answer:  [/INST] 1 ",1,3,IQ Test,"[INST]  
 QUESTION: Which one picture follows the same pattern or rule established by the previous pictures?
OPTIONS:
0: Picture A
1: Picture B
2: Picture C
3: Picture D

Answer with the correct option from 0 to 3. Only provide the numeric and nothing else 


Answer:  [/INST] 0 ",0,3,IQ Test
112,160,"[INST]  
 QUESTION: Which one picture follows the same pattern or rule established by the previous pictures?
OPTIONS:
0: Picture A
1: Picture B
2: Picture C
3: Picture D

Answer with the correct option from 0 to 3. Only provide the numeric and nothing else 


Answer:  [/INST] 1 ",1,1,IQ Test,"[INST]  
 QUESTION: Which one picture follows the same pattern or rule established by the previous pictures?
OPTIONS:
0: Picture A
1: Picture B
2: Picture C
3: Picture D

Answer with the correct option from 0 to 3. Only provide the numeric and nothing else 


Answer:  [/INST] 0 ",0,1,IQ Test
113,161,"[INST]  
 QUESTION: Which one picture follows the same pattern or rule established by the previous pictures?
OPTIONS:
0: Picture A
1: Picture B
2: Picture C
3: Picture D

Answer with the correct option from 0 to 3. Only provide the numeric and nothing else 


Answer:  [/INST] 1 ",1,3,IQ Test,"[INST]  
 QUESTION: Which one picture follows the same pattern or rule established by the previous pictures?
OPTIONS:
0: Picture A
1: Picture B
2: Picture C
3: Picture D

Answer with the correct option from 0 to 3. Only provide the numeric and nothing else 


Answer:  [/INST] 0 ",0,3,IQ Test
114,162,"[INST]  
 QUESTION: Which one picture follows the same pattern or rule established by the previous pictures?
OPTIONS:
0: Picture A
1: Picture B
2: Picture C
3: Picture D

Answer with the correct option from 0 to 3. Only provide the numeric and nothing else 


Answer:  [/INST] 1 ",1,1,IQ Test,"[INST]  
 QUESTION: Which one picture follows the same pattern or rule established by the previous pictures?
OPTIONS:
0: Picture A
1: Picture B
2: Picture C
3: Picture D

Answer with the correct option from 0 to 3. Only provide the numeric and nothing else 


Answer:  [/INST] 0 ",0,1,IQ Test
115,163,"[INST]  
 QUESTION: Which one picture follows the same pattern or rule established by the previous pictures?
OPTIONS:
0: Picture A
1: Picture B
2: Picture C
3: Picture D

Answer with the correct option from 0 to 3. Only provide the numeric and nothing else 


Answer:  [/INST] 1 ",1,2,IQ Test,"[INST]  
 QUESTION: Which one picture follows the same pattern or rule established by the previous pictures?
OPTIONS:
0: Picture A
1: Picture B
2: Picture C
3: Picture D

Answer with the correct option from 0 to 3. Only provide the numeric and nothing else 


Answer:  [/INST] 0 ",0,2,IQ Test
116,164,"[INST]  
 QUESTION: Which one picture follows the same pattern or rule established by the previous pictures?
OPTIONS:
0: Picture A
1: Picture B
2: Picture C
3: Picture D

Answer with the correct option from 0 to 3. Only provide the numeric and nothing else 


Answer:  [/INST] 1 ",1,0,IQ Test,"[INST]  
 QUESTION: Which one picture follows the same pattern or rule established by the previous pictures?
OPTIONS:
0: Picture A
1: Picture B
2: Picture C
3: Picture D

Answer with the correct option from 0 to 3. Only provide the numeric and nothing else 


Answer:  [/INST] 0 ",0,0,IQ Test
117,165,"[INST]  
 QUESTION: Which one picture follows the same pattern or rule established by the previous pictures?
OPTIONS:
0: Picture A
1: Picture B
2: Picture C
3: Picture D

Answer with the correct option from 0 to 3. Only provide the numeric and nothing else 


Answer:  [/INST] 1 ",1,1,IQ Test,"[INST]  
 QUESTION: Which one picture follows the same pattern or rule established by the previous pictures?
OPTIONS:
0: Picture A
1: Picture B
2: Picture C
3: Picture D

Answer with the correct option from 0 to 3. Only provide the numeric and nothing else 


Answer:  [/INST] 0 ",0,1,IQ Test
118,166,"[INST]  
 QUESTION: Which one picture follows the same pattern or rule established by the previous pictures?
OPTIONS:
0: Picture A
1: Picture B
2: Picture C
3: Picture D

Answer with the correct option from 0 to 3. Only provide the numeric and nothing else 


Answer:  [/INST] 1 ",1,3,IQ Test,"[INST]  
 QUESTION: Which one picture follows the same pattern or rule established by the previous pictures?
OPTIONS:
0: Picture A
1: Picture B
2: Picture C
3: Picture D

Answer with the correct option from 0 to 3. Only provide the numeric and nothing else 


Answer:  [/INST] 0 ",0,3,IQ Test
119,167,"[INST]  
 QUESTION: Which one picture follows the same pattern or rule established by the previous pictures?
OPTIONS:
0: Picture A
1: Picture B
2: Picture C
3: Picture D

Answer with the correct option from 0 to 3. Only provide the numeric and nothing else 


Answer:  [/INST] 1 ",1,1,IQ Test,"[INST]  
 QUESTION: Which one picture follows the same pattern or rule established by the previous pictures?
OPTIONS:
0: Picture A
1: Picture B
2: Picture C
3: Picture D

Answer with the correct option from 0 to 3. Only provide the numeric and nothing else 


Answer:  [/INST] 0 ",0,1,IQ Test
120,168,"[INST]  
 QUESTION: Which one picture follows the same pattern or rule established by the previous pictures?
OPTIONS:
0: Picture A
1: Picture B
2: Picture C
3: Picture D

Answer with the correct option from 0 to 3. Only provide the numeric and nothing else 


Answer:  [/INST] 1 ",1,1,IQ Test,"[INST]  
 QUESTION: Which one picture follows the same pattern or rule established by the previous pictures?
OPTIONS:
0: Picture A
1: Picture B
2: Picture C
3: Picture D

Answer with the correct option from 0 to 3. Only provide the numeric and nothing else 


Answer:  [/INST] 0 ",0,1,IQ Test
121,169,"[INST]  
 QUESTION: Which one picture follows the same pattern or rule established by the previous pictures?
OPTIONS:
0: Picture A
1: Picture B
2: Picture C
3: Picture D

Answer with the correct option from 0 to 3. Only provide the numeric and nothing else 


Answer:  [/INST] 1 ",1,0,IQ Test,"[INST]  
 QUESTION: Which one picture follows the same pattern or rule established by the previous pictures?
OPTIONS:
0: Picture A
1: Picture B
2: Picture C
3: Picture D

Answer with the correct option from 0 to 3. Only provide the numeric and nothing else 


Answer:  [/INST] 0 ",0,0,IQ Test
122,170,"[INST]  
 QUESTION: Which one picture follows the same pattern or rule established by the previous pictures?
OPTIONS:
0: Picture A
1: Picture B
2: Picture C
3: Picture D

Answer with the correct option from 0 to 3. Only provide the numeric and nothing else 


Answer:  [/INST] 1 ",1,1,IQ Test,"[INST]  
 QUESTION: Which one picture follows the same pattern or rule established by the previous pictures?
OPTIONS:
0: Picture A
1: Picture B
2: Picture C
3: Picture D

Answer with the correct option from 0 to 3. Only provide the numeric and nothing else 


Answer:  [/INST] 0 ",0,1,IQ Test
123,171,"[INST]  
 QUESTION: Which one picture follows the same pattern or rule established by the previous pictures?
OPTIONS:
0: Picture A
1: Picture B
2: Picture C
3: Picture D

Answer with the correct option from 0 to 3. Only provide the numeric and nothing else 


Answer:  [/INST] 1 ",1,2,IQ Test,"[INST]  
 QUESTION: Which one picture follows the same pattern or rule established by the previous pictures?
OPTIONS:
0: Picture A
1: Picture B
2: Picture C
3: Picture D

Answer with the correct option from 0 to 3. Only provide the numeric and nothing else 


Answer:  [/INST] 0 ",0,2,IQ Test
124,172,"[INST]  
 QUESTION: Which one picture follows the same pattern or rule established by the previous pictures?
OPTIONS:
0: Picture A
1: Picture B
2: Picture C
3: Picture D

Answer with the correct option from 0 to 3. Only provide the numeric and nothing else 


Answer:  [/INST] 1 ",1,2,IQ Test,"[INST]  
 QUESTION: Which one picture follows the same pattern or rule established by the previous pictures?
OPTIONS:
0: Picture A
1: Picture B
2: Picture C
3: Picture D

Answer with the correct option from 0 to 3. Only provide the numeric and nothing else 


Answer:  [/INST] 0 ",0,2,IQ Test
125,173,"[INST]  
 QUESTION: Which one picture follows the same pattern or rule established by the previous pictures?
OPTIONS:
0: Picture A
1: Picture B
2: Picture C
3: Picture D

Answer with the correct option from 0 to 3. Only provide the numeric and nothing else 


Answer:  [/INST] 1 ",1,2,IQ Test,"[INST]  
 QUESTION: Which one picture follows the same pattern or rule established by the previous pictures?
OPTIONS:
0: Picture A
1: Picture B
2: Picture C
3: Picture D

Answer with the correct option from 0 to 3. Only provide the numeric and nothing else 


Answer:  [/INST] 0 ",0,2,IQ Test
126,174,"[INST]  
 QUESTION: Which one picture follows the same pattern or rule established by the previous pictures?
OPTIONS:
0: Picture A
1: Picture B
2: Picture C
3: Picture D

Answer with the correct option from 0 to 3. Only provide the numeric and nothing else 


Answer:  [/INST] 1 ",1,1,IQ Test,"[INST]  
 QUESTION: Which one picture follows the same pattern or rule established by the previous pictures?
OPTIONS:
0: Picture A
1: Picture B
2: Picture C
3: Picture D

Answer with the correct option from 0 to 3. Only provide the numeric and nothing else 


Answer:  [/INST] 0 ",0,1,IQ Test
127,175,"[INST]  
 QUESTION: Which one picture follows the same pattern or rule established by the previous pictures?
OPTIONS:
0: Picture A
1: Picture B
2: Picture C
3: Picture D

Answer with the correct option from 0 to 3. Only provide the numeric and nothing else 


Answer:  [/INST] 1 ",1,1,IQ Test,"[INST]  
 QUESTION: Which one picture follows the same pattern or rule established by the previous pictures?
OPTIONS:
0: Picture A
1: Picture B
2: Picture C
3: Picture D

Answer with the correct option from 0 to 3. Only provide the numeric and nothing else 


Answer:  [/INST] 0 ",0,1,IQ Test
128,176,"[INST]  
 QUESTION: Which one picture follows the same pattern or rule established by the previous pictures?
OPTIONS:
0: Picture A
1: Picture B
2: Picture C
3: Picture D

Answer with the correct option from 0 to 3. Only provide the numeric and nothing else 


Answer:  [/INST] 1 ",1,2,IQ Test,"[INST]  
 QUESTION: Which one picture follows the same pattern or rule established by the previous pictures?
OPTIONS:
0: Picture A
1: Picture B
2: Picture C
3: Picture D

Answer with the correct option from 0 to 3. Only provide the numeric and nothing else 


Answer:  [/INST] 0 ",0,2,IQ Test
129,177,"[INST]  
 QUESTION: Which one picture follows the same pattern or rule established by the previous pictures?
OPTIONS:
0: Picture A
1: Picture B
2: Picture C
3: Picture D

Answer with the correct option from 0 to 3. Only provide the numeric and nothing else 


Answer:  [/INST] 1 ",1,0,IQ Test,"[INST]  
 QUESTION: Which one picture follows the same pattern or rule established by the previous pictures?
OPTIONS:
0: Picture A
1: Picture B
2: Picture C
3: Picture D

Answer with the correct option from 0 to 3. Only provide the numeric and nothing else 


Answer:  [/INST] 0 ",0,0,IQ Test
130,178,"[INST]  
 QUESTION: Which one picture follows the same pattern or rule established by the previous pictures?
OPTIONS:
0: Picture A
1: Picture B
2: Picture C
3: Picture D

Answer with the correct option from 0 to 3. Only provide the numeric and nothing else 


Answer:  [/INST] 1 ",1,3,IQ Test,"[INST]  
 QUESTION: Which one picture follows the same pattern or rule established by the previous pictures?
OPTIONS:
0: Picture A
1: Picture B
2: Picture C
3: Picture D

Answer with the correct option from 0 to 3. Only provide the numeric and nothing else 


Answer:  [/INST] 0 ",0,3,IQ Test
131,179,"[INST]  
 QUESTION: Which one picture follows the same pattern or rule established by the previous pictures?
OPTIONS:
0: Picture A
1: Picture B
2: Picture C
3: Picture D

Answer with the correct option from 0 to 3. Only provide the numeric and nothing else 


Answer:  [/INST] 1 ",1,1,IQ Test,"[INST]  
 QUESTION: Which one picture follows the same pattern or rule established by the previous pictures?
OPTIONS:
0: Picture A
1: Picture B
2: Picture C
3: Picture D

Answer with the correct option from 0 to 3. Only provide the numeric and nothing else 


Answer:  [/INST] 0 ",0,1,IQ Test
132,180,"[INST]  
 QUESTION: Which one picture follows the same pattern or rule established by the previous pictures?
OPTIONS:
0: Picture A
1: Picture B
2: Picture C
3: Picture D

Answer with the correct option from 0 to 3. Only provide the numeric and nothing else 


Answer:  [/INST] 1 ",1,3,IQ Test,"[INST]  
 QUESTION: Which one picture follows the same pattern or rule established by the previous pictures?
OPTIONS:
0: Picture A
1: Picture B
2: Picture C
3: Picture D

Answer with the correct option from 0 to 3. Only provide the numeric and nothing else 


Answer:  [/INST] 0 ",0,3,IQ Test
133,181,"[INST]  
 QUESTION: Which one picture follows the same pattern or rule established by the previous pictures?
OPTIONS:
0: Picture A
1: Picture B
2: Picture C
3: Picture D

Answer with the correct option from 0 to 3. Only provide the numeric and nothing else 


Answer:  [/INST] 1 ",1,0,IQ Test,"[INST]  
 QUESTION: Which one picture follows the same pattern or rule established by the previous pictures?
OPTIONS:
0: Picture A
1: Picture B
2: Picture C
3: Picture D

Answer with the correct option from 0 to 3. Only provide the numeric and nothing else 


Answer:  [/INST] 0 ",0,0,IQ Test
134,182,"[INST]  
 QUESTION: Which one picture follows the same pattern or rule established by the previous pictures?
OPTIONS:
0: Picture A
1: Picture B
2: Picture C
3: Picture D

Answer with the correct option from 0 to 3. Only provide the numeric and nothing else 


Answer:  [/INST] 1 ",1,1,IQ Test,"[INST]  
 QUESTION: Which one picture follows the same pattern or rule established by the previous pictures?
OPTIONS:
0: Picture A
1: Picture B
2: Picture C
3: Picture D

Answer with the correct option from 0 to 3. Only provide the numeric and nothing else 


Answer:  [/INST] 0 ",0,1,IQ Test
135,184,"[INST]  
 QUESTION: Which one picture follows the same pattern or rule established by the previous pictures?
OPTIONS:
0: Picture A
1: Picture B
2: Picture C
3: Picture D

Answer with the correct option from 0 to 3. Only provide the numeric and nothing else 


Answer:  [/INST] 1 ",1,3,IQ Test,"[INST]  
 QUESTION: Which one picture follows the same pattern or rule established by the previous pictures?
OPTIONS:
0: Picture A
1: Picture B
2: Picture C
3: Picture D

Answer with the correct option from 0 to 3. Only provide the numeric and nothing else 


Answer:  [/INST] 0 ",0,3,IQ Test
136,185,"[INST]  
 QUESTION: Which one picture follows the same pattern or rule established by the previous pictures?
OPTIONS:
0: Picture A
1: Picture B
2: Picture C
3: Picture D

Answer with the correct option from 0 to 3. Only provide the numeric and nothing else 


Answer:  [/INST] 1 ",1,0,IQ Test,"[INST]  
 QUESTION: Which one picture follows the same pattern or rule established by the previous pictures?
OPTIONS:
0: Picture A
1: Picture B
2: Picture C
3: Picture D

Answer with the correct option from 0 to 3. Only provide the numeric and nothing else 


Answer:  [/INST] 0 ",0,0,IQ Test
137,186,"[INST]  
 QUESTION: Which one picture follows the same pattern or rule established by the previous pictures?
OPTIONS:
0: Picture A
1: Picture B
2: Picture C
3: Picture D

Answer with the correct option from 0 to 3. Only provide the numeric and nothing else 


Answer:  [/INST] 1 ",1,1,IQ Test,"[INST]  
 QUESTION: Which one picture follows the same pattern or rule established by the previous pictures?
OPTIONS:
0: Picture A
1: Picture B
2: Picture C
3: Picture D

Answer with the correct option from 0 to 3. Only provide the numeric and nothing else 


Answer:  [/INST] 0 ",0,1,IQ Test
138,187,"[INST]  
 QUESTION: Which one picture follows the same pattern or rule established by the previous pictures?
OPTIONS:
0: Picture A
1: Picture B
2: Picture C
3: Picture D

Answer with the correct option from 0 to 3. Only provide the numeric and nothing else 


Answer:  [/INST] 1 ",1,3,IQ Test,"[INST]  
 QUESTION: Which one picture follows the same pattern or rule established by the previous pictures?
OPTIONS:
0: Picture A
1: Picture B
2: Picture C
3: Picture D

Answer with the correct option from 0 to 3. Only provide the numeric and nothing else 


Answer:  [/INST] 0 ",0,3,IQ Test
139,189,"[INST]  
 QUESTION: Which one picture follows the same pattern or rule established by the previous pictures?
OPTIONS:
0: Picture A
1: Picture B
2: Picture C
3: Picture D

Answer with the correct option from 0 to 3. Only provide the numeric and nothing else 


Answer:  [/INST] 1 ",1,1,IQ Test,"[INST]  
 QUESTION: Which one picture follows the same pattern or rule established by the previous pictures?
OPTIONS:
0: Picture A
1: Picture B
2: Picture C
3: Picture D

Answer with the correct option from 0 to 3. Only provide the numeric and nothing else 


Answer:  [/INST] 0 ",0,1,IQ Test
140,190,"[INST]  
 QUESTION: Which one picture follows the same pattern or rule established by the previous pictures?
OPTIONS:
0: Picture A
1: Picture B
2: Picture C
3: Picture D

Answer with the correct option from 0 to 3. Only provide the numeric and nothing else 


Answer:  [/INST] 1 ",1,2,IQ Test,"[INST]  
 QUESTION: Which one picture follows the same pattern or rule established by the previous pictures?
OPTIONS:
0: Picture A
1: Picture B
2: Picture C
3: Picture D

Answer with the correct option from 0 to 3. Only provide the numeric and nothing else 


Answer:  [/INST] 0 ",0,2,IQ Test
141,191,"[INST]  
 QUESTION: Which one picture follows the same pattern or rule established by the previous pictures?
OPTIONS:
0: Picture A
1: Picture B
2: Picture C
3: Picture D

Answer with the correct option from 0 to 3. Only provide the numeric and nothing else 


Answer:  [/INST] 1 ",1,3,IQ Test,"[INST]  
 QUESTION: Which one picture follows the same pattern or rule established by the previous pictures?
OPTIONS:
0: Picture A
1: Picture B
2: Picture C
3: Picture D

Answer with the correct option from 0 to 3. Only provide the numeric and nothing else 


Answer:  [/INST] 0 ",0,3,IQ Test
142,192,"[INST]  
 QUESTION: Which one picture follows the same pattern or rule established by the previous pictures?
OPTIONS:
0: Picture A
1: Picture B
2: Picture C
3: Picture D

Answer with the correct option from 0 to 3. Only provide the numeric and nothing else 


Answer:  [/INST] 1 ",1,3,IQ Test,"[INST]  
 QUESTION: Which one picture follows the same pattern or rule established by the previous pictures?
OPTIONS:
0: Picture A
1: Picture B
2: Picture C
3: Picture D

Answer with the correct option from 0 to 3. Only provide the numeric and nothing else 


Answer:  [/INST] 0 ",0,3,IQ Test
143,193,"[INST]  
 QUESTION: Which one picture follows the same pattern or rule established by the previous pictures?
OPTIONS:
0: Picture A
1: Picture B
2: Picture C
3: Picture D

Answer with the correct option from 0 to 3. Only provide the numeric and nothing else 


Answer:  [/INST] 1 ",1,2,IQ Test,"[INST]  
 QUESTION: Which one picture follows the same pattern or rule established by the previous pictures?
OPTIONS:
0: Picture A
1: Picture B
2: Picture C
3: Picture D

Answer with the correct option from 0 to 3. Only provide the numeric and nothing else 


Answer:  [/INST] 0 ",0,2,IQ Test
144,194,"[INST]  
 QUESTION: Which one picture follows the same pattern or rule established by the previous pictures?
OPTIONS:
0: Picture A
1: Picture B
2: Picture C
3: Picture D

Answer with the correct option from 0 to 3. Only provide the numeric and nothing else 


Answer:  [/INST] 1 ",1,0,IQ Test,"[INST]  
 QUESTION: Which one picture follows the same pattern or rule established by the previous pictures?
OPTIONS:
0: Picture A
1: Picture B
2: Picture C
3: Picture D

Answer with the correct option from 0 to 3. Only provide the numeric and nothing else 


Answer:  [/INST] 0 ",0,0,IQ Test
145,195,"[INST]  
 QUESTION: Which one picture follows the same pattern or rule established by the previous pictures?
OPTIONS:
0: Picture A
1: Picture B
2: Picture C
3: Picture D

Answer with the correct option from 0 to 3. Only provide the numeric and nothing else 


Answer:  [/INST] 1 ",1,1,IQ Test,"[INST]  
 QUESTION: Which one picture follows the same pattern or rule established by the previous pictures?
OPTIONS:
0: Picture A
1: Picture B
2: Picture C
3: Picture D

Answer with the correct option from 0 to 3. Only provide the numeric and nothing else 


Answer:  [/INST] 0 ",0,1,IQ Test
146,196,"[INST]  
 QUESTION: Which one picture follows the same pattern or rule established by the previous pictures?
OPTIONS:
0: Picture A
1: Picture B
2: Picture C
3: Picture D

Answer with the correct option from 0 to 3. Only provide the numeric and nothing else 


Answer:  [/INST] 1 ",1,1,IQ Test,"[INST]  
 QUESTION: Which one picture follows the same pattern or rule established by the previous pictures?
OPTIONS:
0: Picture A
1: Picture B
2: Picture C
3: Picture D

Answer with the correct option from 0 to 3. Only provide the numeric and nothing else 


Answer:  [/INST] 0 ",0,1,IQ Test
147,197,"[INST]  
 QUESTION: Which one picture follows the same pattern or rule established by the previous pictures?
OPTIONS:
0: Picture A
1: Picture B
2: Picture C
3: Picture D

Answer with the correct option from 0 to 3. Only provide the numeric and nothing else 


Answer:  [/INST] 1 ",1,0,IQ Test,"[INST]  
 QUESTION: Which one picture follows the same pattern or rule established by the previous pictures?
OPTIONS:
0: Picture A
1: Picture B
2: Picture C
3: Picture D

Answer with the correct option from 0 to 3. Only provide the numeric and nothing else 


Answer:  [/INST] 0 ",0,0,IQ Test
148,198,"[INST]  
 QUESTION: Which one picture follows the same pattern or rule established by the previous pictures?
OPTIONS:
0: Picture A
1: Picture B
2: Picture C
3: Picture D

Answer with the correct option from 0 to 3. Only provide the numeric and nothing else 


Answer:  [/INST] 1 ",1,3,IQ Test,"[INST]  
 QUESTION: Which one picture follows the same pattern or rule established by the previous pictures?
OPTIONS:
0: Picture A
1: Picture B
2: Picture C
3: Picture D

Answer with the correct option from 0 to 3. Only provide the numeric and nothing else 


Answer:  [/INST] 0 ",0,3,IQ Test
149,199,"[INST]  
 QUESTION: Which one picture follows the same pattern or rule established by the previous pictures?
OPTIONS:
0: Picture A
1: Picture B
2: Picture C
3: Picture D

Answer with the correct option from 0 to 3. Only provide the numeric and nothing else 


Answer:  [/INST] 1 ",1,2,IQ Test,"[INST]  
 QUESTION: Which one picture follows the same pattern or rule established by the previous pictures?
OPTIONS:
0: Picture A
1: Picture B
2: Picture C
3: Picture D

Answer with the correct option from 0 to 3. Only provide the numeric and nothing else 


Answer:  [/INST] 0 ",0,2,IQ Test
150,200,"[INST]  
 QUESTION: Which one picture follows the same pattern or rule established by the previous pictures?
OPTIONS:
0: Picture A
1: Picture B
2: Picture C
3: Picture D

Answer with the correct option from 0 to 3. Only provide the numeric and nothing else 


Answer:  [/INST] 1 ",1,3,IQ Test,"[INST]  
 QUESTION: Which one picture follows the same pattern or rule established by the previous pictures?
OPTIONS:
0: Picture A
1: Picture B
2: Picture C
3: Picture D

Answer with the correct option from 0 to 3. Only provide the numeric and nothing else 


Answer:  [/INST] 0 ",0,3,IQ Test
151,201,"[INST]  
 QUESTION: Which one picture follows the same pattern or rule established by the previous pictures?
OPTIONS:
0: Picture A
1: Picture B
2: Picture C
3: Picture D

Answer with the correct option from 0 to 3. Only provide the numeric and nothing else 


Answer:  [/INST] 1 ",1,1,IQ Test,"[INST]  
 QUESTION: Which one picture follows the same pattern or rule established by the previous pictures?
OPTIONS:
0: Picture A
1: Picture B
2: Picture C
3: Picture D

Answer with the correct option from 0 to 3. Only provide the numeric and nothing else 


Answer:  [/INST] 0 ",0,1,IQ Test
152,202,"[INST]  
 QUESTION: Which one picture follows the same pattern or rule established by the previous pictures?
OPTIONS:
0: Picture A
1: Picture B
2: Picture C
3: Picture D

Answer with the correct option from 0 to 3. Only provide the numeric and nothing else 


Answer:  [/INST] 1 ",1,1,IQ Test,"[INST]  
 QUESTION: Which one picture follows the same pattern or rule established by the previous pictures?
OPTIONS:
0: Picture A
1: Picture B
2: Picture C
3: Picture D

Answer with the correct option from 0 to 3. Only provide the numeric and nothing else 


Answer:  [/INST] 0 ",0,1,IQ Test
153,203,"[INST]  
 QUESTION: Which one picture follows the same pattern or rule established by the previous pictures?
OPTIONS:
0: Picture A
1: Picture B
2: Picture C
3: Picture D

Answer with the correct option from 0 to 3. Only provide the numeric and nothing else 


Answer:  [/INST] 1 ",1,1,IQ Test,"[INST]  
 QUESTION: Which one picture follows the same pattern or rule established by the previous pictures?
OPTIONS:
0: Picture A
1: Picture B
2: Picture C
3: Picture D

Answer with the correct option from 0 to 3. Only provide the numeric and nothing else 


Answer:  [/INST] 0 ",0,1,IQ Test
154,204,"[INST]  
 QUESTION: Which one picture follows the same pattern or rule established by the previous pictures?
OPTIONS:
0: Picture A
1: Picture B
2: Picture C
3: Picture D

Answer with the correct option from 0 to 3. Only provide the numeric and nothing else 


Answer:  [/INST] 1 ",1,3,IQ Test,"[INST]  
 QUESTION: Which one picture follows the same pattern or rule established by the previous pictures?
OPTIONS:
0: Picture A
1: Picture B
2: Picture C
3: Picture D

Answer with the correct option from 0 to 3. Only provide the numeric and nothing else 


Answer:  [/INST] 0 ",0,3,IQ Test
155,205,"[INST]  
 QUESTION: Which one picture follows the same pattern or rule established by the previous pictures?
OPTIONS:
0: Picture A
1: Picture B
2: Picture C
3: Picture D

Answer with the correct option from 0 to 3. Only provide the numeric and nothing else 


Answer:  [/INST] 1 ",1,2,IQ Test,"[INST]  
 QUESTION: Which one picture follows the same pattern or rule established by the previous pictures?
OPTIONS:
0: Picture A
1: Picture B
2: Picture C
3: Picture D

Answer with the correct option from 0 to 3. Only provide the numeric and nothing else 


Answer:  [/INST] 0 ",0,2,IQ Test
156,206,"[INST]  
 QUESTION: Which one picture follows the same pattern or rule established by the previous pictures?
OPTIONS:
0: Picture A
1: Picture B
2: Picture C
3: Picture D

Answer with the correct option from 0 to 3. Only provide the numeric and nothing else 


Answer:  [/INST] 1 ",1,0,IQ Test,"[INST]  
 QUESTION: Which one picture follows the same pattern or rule established by the previous pictures?
OPTIONS:
0: Picture A
1: Picture B
2: Picture C
3: Picture D

Answer with the correct option from 0 to 3. Only provide the numeric and nothing else 


Answer:  [/INST] 0 ",0,0,IQ Test
157,207,"[INST]  
 QUESTION: Which one picture follows the same pattern or rule established by the previous pictures?
OPTIONS:
0: Picture A
1: Picture B
2: Picture C
3: Picture D

Answer with the correct option from 0 to 3. Only provide the numeric and nothing else 


Answer:  [/INST] 1 ",1,2,IQ Test,"[INST]  
 QUESTION: Which one picture follows the same pattern or rule established by the previous pictures?
OPTIONS:
0: Picture A
1: Picture B
2: Picture C
3: Picture D

Answer with the correct option from 0 to 3. Only provide the numeric and nothing else 


Answer:  [/INST] 0 ",0,2,IQ Test
158,208,"[INST]  
 QUESTION: Which one picture follows the same pattern or rule established by the previous pictures?
OPTIONS:
0: Picture A
1: Picture B
2: Picture C
3: Picture D

Answer with the correct option from 0 to 3. Only provide the numeric and nothing else 


Answer:  [/INST] 1 ",1,3,IQ Test,"[INST]  
 QUESTION: Which one picture follows the same pattern or rule established by the previous pictures?
OPTIONS:
0: Picture A
1: Picture B
2: Picture C
3: Picture D

Answer with the correct option from 0 to 3. Only provide the numeric and nothing else 


Answer:  [/INST] 0 ",0,3,IQ Test
159,209,"[INST]  
 QUESTION: Which one picture follows the same pattern or rule established by the previous pictures?
OPTIONS:
0: Picture A
1: Picture B
2: Picture C
3: Picture D

Answer with the correct option from 0 to 3. Only provide the numeric and nothing else 


Answer:  [/INST] 1 ",1,0,IQ Test,"[INST]  
 QUESTION: Which one picture follows the same pattern or rule established by the previous pictures?
OPTIONS:
0: Picture A
1: Picture B
2: Picture C
3: Picture D

Answer with the correct option from 0 to 3. Only provide the numeric and nothing else 


Answer:  [/INST] 0 ",0,0,IQ Test
160,210,"[INST]  
 QUESTION: Which one picture follows the same pattern or rule established by the previous pictures?
OPTIONS:
0: Picture A
1: Picture B
2: Picture C
3: Picture D

Answer with the correct option from 0 to 3. Only provide the numeric and nothing else 


Answer:  [/INST] 1 ",1,0,IQ Test,"[INST]  
 QUESTION: Which one picture follows the same pattern or rule established by the previous pictures?
OPTIONS:
0: Picture A
1: Picture B
2: Picture C
3: Picture D

Answer with the correct option from 0 to 3. Only provide the numeric and nothing else 


Answer:  [/INST] 0 ",0,0,IQ Test
161,211,"[INST]  
 QUESTION: Which one picture follows the same pattern or rule established by the previous pictures?
OPTIONS:
0: Picture A
1: Picture B
2: Picture C
3: Picture D

Answer with the correct option from 0 to 3. Only provide the numeric and nothing else 


Answer:  [/INST] 1 ",1,2,IQ Test,"[INST]  
 QUESTION: Which one picture follows the same pattern or rule established by the previous pictures?
OPTIONS:
0: Picture A
1: Picture B
2: Picture C
3: Picture D

Answer with the correct option from 0 to 3. Only provide the numeric and nothing else 


Answer:  [/INST] 0 ",0,2,IQ Test
162,212,"[INST]  
 QUESTION: Which one picture follows the same pattern or rule established by the previous pictures?
OPTIONS:
0: Picture A
1: Picture B
2: Picture C
3: Picture D

Answer with the correct option from 0 to 3. Only provide the numeric and nothing else 


Answer:  [/INST] 1 ",1,0,IQ Test,"[INST]  
 QUESTION: Which one picture follows the same pattern or rule established by the previous pictures?
OPTIONS:
0: Picture A
1: Picture B
2: Picture C
3: Picture D

Answer with the correct option from 0 to 3. Only provide the numeric and nothing else 


Answer:  [/INST] 0 ",0,0,IQ Test
163,213,"[INST]  
 QUESTION: Which one picture follows the same pattern or rule established by the previous pictures?
OPTIONS:
0: Picture A
1: Picture B
2: Picture C
3: Picture D

Answer with the correct option from 0 to 3. Only provide the numeric and nothing else 


Answer:  [/INST] 1 ",1,1,IQ Test,"[INST]  
 QUESTION: Which one picture follows the same pattern or rule established by the previous pictures?
OPTIONS:
0: Picture A
1: Picture B
2: Picture C
3: Picture D

Answer with the correct option from 0 to 3. Only provide the numeric and nothing else 


Answer:  [/INST] 0 ",0,1,IQ Test
164,214,"[INST]  
 QUESTION: Which one picture follows the same pattern or rule established by the previous pictures?
OPTIONS:
0: Picture A
1: Picture B
2: Picture C
3: Picture D

Answer with the correct option from 0 to 3. Only provide the numeric and nothing else 


Answer:  [/INST] 1 ",1,2,IQ Test,"[INST]  
 QUESTION: Which one picture follows the same pattern or rule established by the previous pictures?
OPTIONS:
0: Picture A
1: Picture B
2: Picture C
3: Picture D

Answer with the correct option from 0 to 3. Only provide the numeric and nothing else 


Answer:  [/INST] 0 ",0,2,IQ Test
165,215,"[INST]  
 QUESTION: Which one picture follows the same pattern or rule established by the previous pictures?
OPTIONS:
0: Picture A
1: Picture B
2: Picture C
3: Picture D

Answer with the correct option from 0 to 3. Only provide the numeric and nothing else 


Answer:  [/INST] 1 ",1,3,IQ Test,"[INST]  
 QUESTION: Which one picture follows the same pattern or rule established by the previous pictures?
OPTIONS:
0: Picture A
1: Picture B
2: Picture C
3: Picture D

Answer with the correct option from 0 to 3. Only provide the numeric and nothing else 


Answer:  [/INST] 0 ",0,3,IQ Test
166,216,"[INST]  
 QUESTION: Which one picture follows the same pattern or rule established by the previous pictures?
OPTIONS:
0: Picture A
1: Picture B
2: Picture C
3: Picture D

Answer with the correct option from 0 to 3. Only provide the numeric and nothing else 


Answer:  [/INST] 1 ",1,3,IQ Test,"[INST]  
 QUESTION: Which one picture follows the same pattern or rule established by the previous pictures?
OPTIONS:
0: Picture A
1: Picture B
2: Picture C
3: Picture D

Answer with the correct option from 0 to 3. Only provide the numeric and nothing else 


Answer:  [/INST] 0 ",0,3,IQ Test
167,217,"[INST]  
 QUESTION: Which one picture follows the same pattern or rule established by the previous pictures?
OPTIONS:
0: Picture A
1: Picture B
2: Picture C
3: Picture D

Answer with the correct option from 0 to 3. Only provide the numeric and nothing else 


Answer:  [/INST] 1 ",1,3,IQ Test,"[INST]  
 QUESTION: Which one picture follows the same pattern or rule established by the previous pictures?
OPTIONS:
0: Picture A
1: Picture B
2: Picture C
3: Picture D

Answer with the correct option from 0 to 3. Only provide the numeric and nothing else 


Answer:  [/INST] 0 ",0,3,IQ Test
168,218,"[INST]  
 QUESTION: Which one picture follows the same pattern or rule established by the previous pictures?
OPTIONS:
0: Picture A
1: Picture B
2: Picture C
3: Picture D

Answer with the correct option from 0 to 3. Only provide the numeric and nothing else 


Answer:  [/INST] 1 ",1,1,IQ Test,"[INST]  
 QUESTION: Which one picture follows the same pattern or rule established by the previous pictures?
OPTIONS:
0: Picture A
1: Picture B
2: Picture C
3: Picture D

Answer with the correct option from 0 to 3. Only provide the numeric and nothing else 


Answer:  [/INST] 0 ",0,1,IQ Test
169,219,"[INST]  
 QUESTION: Which one picture follows the same pattern or rule established by the previous pictures?
OPTIONS:
0: Picture A
1: Picture B
2: Picture C
3: Picture D

Answer with the correct option from 0 to 3. Only provide the numeric and nothing else 


Answer:  [/INST] 1 ",1,3,IQ Test,"[INST]  
 QUESTION: Which one picture follows the same pattern or rule established by the previous pictures?
OPTIONS:
0: Picture A
1: Picture B
2: Picture C
3: Picture D

Answer with the correct option from 0 to 3. Only provide the numeric and nothing else 


Answer:  [/INST] 0 ",0,3,IQ Test
170,220,"[INST]  
 QUESTION: Which one picture follows the same pattern or rule established by the previous pictures?
OPTIONS:
0: Picture A
1: Picture B
2: Picture C
3: Picture D

Answer with the correct option from 0 to 3. Only provide the numeric and nothing else 


Answer:  [/INST] 1 ",1,3,IQ Test,"[INST]  
 QUESTION: Which one picture follows the same pattern or rule established by the previous pictures?
OPTIONS:
0: Picture A
1: Picture B
2: Picture C
3: Picture D

Answer with the correct option from 0 to 3. Only provide the numeric and nothing else 


Answer:  [/INST] 0 ",0,3,IQ Test
171,222,"[INST]  
 QUESTION: Which one picture follows the same pattern or rule established by the previous pictures?
OPTIONS:
0: Picture A
1: Picture B
2: Picture C
3: Picture D

Answer with the correct option from 0 to 3. Only provide the numeric and nothing else 


Answer:  [/INST] 1 ",1,0,IQ Test,"[INST]  
 QUESTION: Which one picture follows the same pattern or rule established by the previous pictures?
OPTIONS:
0: Picture A
1: Picture B
2: Picture C
3: Picture D

Answer with the correct option from 0 to 3. Only provide the numeric and nothing else 


Answer:  [/INST] 0 ",0,0,IQ Test
172,223,"[INST]  
 QUESTION: Which one picture follows the same pattern or rule established by the previous pictures?
OPTIONS:
0: Picture A
1: Picture B
2: Picture C
3: Picture D

Answer with the correct option from 0 to 3. Only provide the numeric and nothing else 


Answer:  [/INST] 1 ",1,3,IQ Test,"[INST]  
 QUESTION: Which one picture follows the same pattern or rule established by the previous pictures?
OPTIONS:
0: Picture A
1: Picture B
2: Picture C
3: Picture D

Answer with the correct option from 0 to 3. Only provide the numeric and nothing else 


Answer:  [/INST] 0 ",0,3,IQ Test
173,224,"[INST]  
 QUESTION: Which one picture follows the same pattern or rule established by the previous pictures?
OPTIONS:
0: Picture A
1: Picture B
2: Picture C
3: Picture D

Answer with the correct option from 0 to 3. Only provide the numeric and nothing else 


Answer:  [/INST] 1 ",1,2,IQ Test,"[INST]  
 QUESTION: Which one picture follows the same pattern or rule established by the previous pictures?
OPTIONS:
0: Picture A
1: Picture B
2: Picture C
3: Picture D

Answer with the correct option from 0 to 3. Only provide the numeric and nothing else 


Answer:  [/INST] 0 ",0,2,IQ Test
174,225,"[INST]  
 QUESTION: Which one picture follows the same pattern or rule established by the previous pictures?
OPTIONS:
0: Picture A
1: Picture B
2: Picture C
3: Picture D

Answer with the correct option from 0 to 3. Only provide the numeric and nothing else 


Answer:  [/INST] 1 ",1,0,IQ Test,"[INST]  
 QUESTION: Which one picture follows the same pattern or rule established by the previous pictures?
OPTIONS:
0: Picture A
1: Picture B
2: Picture C
3: Picture D

Answer with the correct option from 0 to 3. Only provide the numeric and nothing else 


Answer:  [/INST] 0 ",0,0,IQ Test
175,226,"[INST]  
 QUESTION: Which one picture follows the same pattern or rule established by the previous pictures?
OPTIONS:
0: Picture A
1: Picture B
2: Picture C
3: Picture D

Answer with the correct option from 0 to 3. Only provide the numeric and nothing else 


Answer:  [/INST] 1 ",1,0,IQ Test,"[INST]  
 QUESTION: Which one picture follows the same pattern or rule established by the previous pictures?
OPTIONS:
0: Picture A
1: Picture B
2: Picture C
3: Picture D

Answer with the correct option from 0 to 3. Only provide the numeric and nothing else 


Answer:  [/INST] 0 ",0,0,IQ Test
176,227,"[INST]  
 QUESTION: Which one picture follows the same pattern or rule established by the previous pictures?
OPTIONS:
0: Picture A
1: Picture B
2: Picture C
3: Picture D

Answer with the correct option from 0 to 3. Only provide the numeric and nothing else 


Answer:  [/INST] 1 ",1,3,IQ Test,"[INST]  
 QUESTION: Which one picture follows the same pattern or rule established by the previous pictures?
OPTIONS:
0: Picture A
1: Picture B
2: Picture C
3: Picture D

Answer with the correct option from 0 to 3. Only provide the numeric and nothing else 


Answer:  [/INST] 0 ",0,3,IQ Test
177,228,"[INST]  
 QUESTION: Which one picture follows the same pattern or rule established by the previous pictures?
OPTIONS:
0: Picture A
1: Picture B
2: Picture C
3: Picture D

Answer with the correct option from 0 to 3. Only provide the numeric and nothing else 


Answer:  [/INST] 1 ",1,1,IQ Test,"[INST]  
 QUESTION: Which one picture follows the same pattern or rule established by the previous pictures?
OPTIONS:
0: Picture A
1: Picture B
2: Picture C
3: Picture D

Answer with the correct option from 0 to 3. Only provide the numeric and nothing else 


Answer:  [/INST] 0 ",0,1,IQ Test
178,229,"[INST]  
 QUESTION: Which one picture follows the same pattern or rule established by the previous pictures?
OPTIONS:
0: Picture A
1: Picture B
2: Picture C
3: Picture D

Answer with the correct option from 0 to 3. Only provide the numeric and nothing else 


Answer:  [/INST] 1 ",1,2,IQ Test,"[INST]  
 QUESTION: Which one picture follows the same pattern or rule established by the previous pictures?
OPTIONS:
0: Picture A
1: Picture B
2: Picture C
3: Picture D

Answer with the correct option from 0 to 3. Only provide the numeric and nothing else 


Answer:  [/INST] 0 ",0,2,IQ Test
179,230,"[INST]  
 QUESTION: Which one picture follows the same pattern or rule established by the previous pictures?
OPTIONS:
0: Picture A
1: Picture B
2: Picture C
3: Picture D

Answer with the correct option from 0 to 3. Only provide the numeric and nothing else 


Answer:  [/INST] 1 ",1,3,IQ Test,"[INST]  
 QUESTION: Which one picture follows the same pattern or rule established by the previous pictures?
OPTIONS:
0: Picture A
1: Picture B
2: Picture C
3: Picture D

Answer with the correct option from 0 to 3. Only provide the numeric and nothing else 


Answer:  [/INST] 0 ",0,3,IQ Test
180,231,"[INST]  
 QUESTION: Which one picture follows the same pattern or rule established by the previous pictures?
OPTIONS:
0: Picture A
1: Picture B
2: Picture C
3: Picture D

Answer with the correct option from 0 to 3. Only provide the numeric and nothing else 


Answer:  [/INST] 1 ",1,2,IQ Test,"[INST]  
 QUESTION: Which one picture follows the same pattern or rule established by the previous pictures?
OPTIONS:
0: Picture A
1: Picture B
2: Picture C
3: Picture D

Answer with the correct option from 0 to 3. Only provide the numeric and nothing else 


Answer:  [/INST] 0 ",0,2,IQ Test
181,232,"[INST]  
 QUESTION: Which one picture follows the same pattern or rule established by the previous pictures?
OPTIONS:
0: Picture A
1: Picture B
2: Picture C
3: Picture D

Answer with the correct option from 0 to 3. Only provide the numeric and nothing else 


Answer:  [/INST] 1 ",1,3,IQ Test,"[INST]  
 QUESTION: Which one picture follows the same pattern or rule established by the previous pictures?
OPTIONS:
0: Picture A
1: Picture B
2: Picture C
3: Picture D

Answer with the correct option from 0 to 3. Only provide the numeric and nothing else 


Answer:  [/INST] 0 ",0,3,IQ Test
182,233,"[INST]  
 QUESTION: Which one picture follows the same pattern or rule established by the previous pictures?
OPTIONS:
0: Picture A
1: Picture B
2: Picture C
3: Picture D

Answer with the correct option from 0 to 3. Only provide the numeric and nothing else 


Answer:  [/INST] 1 ",1,0,IQ Test,"[INST]  
 QUESTION: Which one picture follows the same pattern or rule established by the previous pictures?
OPTIONS:
0: Picture A
1: Picture B
2: Picture C
3: Picture D

Answer with the correct option from 0 to 3. Only provide the numeric and nothing else 


Answer:  [/INST] 0 ",0,0,IQ Test
183,234,"[INST]  
 QUESTION: Which one picture follows the same pattern or rule established by the previous pictures?
OPTIONS:
0: Picture A
1: Picture B
2: Picture C
3: Picture D

Answer with the correct option from 0 to 3. Only provide the numeric and nothing else 


Answer:  [/INST] 1 ",1,2,IQ Test,"[INST]  
 QUESTION: Which one picture follows the same pattern or rule established by the previous pictures?
OPTIONS:
0: Picture A
1: Picture B
2: Picture C
3: Picture D

Answer with the correct option from 0 to 3. Only provide the numeric and nothing else 


Answer:  [/INST] 0 ",0,2,IQ Test
184,235,"[INST]  
 QUESTION: Which one picture follows the same pattern or rule established by the previous pictures?
OPTIONS:
0: Picture A
1: Picture B
2: Picture C
3: Picture D

Answer with the correct option from 0 to 3. Only provide the numeric and nothing else 


Answer:  [/INST] 1 ",1,1,IQ Test,"[INST]  
 QUESTION: Which one picture follows the same pattern or rule established by the previous pictures?
OPTIONS:
0: Picture A
1: Picture B
2: Picture C
3: Picture D

Answer with the correct option from 0 to 3. Only provide the numeric and nothing else 


Answer:  [/INST] 0 ",0,1,IQ Test
185,236,"[INST]  
 QUESTION: Which one picture follows the same pattern or rule established by the previous pictures?
OPTIONS:
0: Picture A
1: Picture B
2: Picture C
3: Picture D

Answer with the correct option from 0 to 3. Only provide the numeric and nothing else 


Answer:  [/INST] 1 ",1,2,IQ Test,"[INST]  
 QUESTION: Which one picture follows the same pattern or rule established by the previous pictures?
OPTIONS:
0: Picture A
1: Picture B
2: Picture C
3: Picture D

Answer with the correct option from 0 to 3. Only provide the numeric and nothing else 


Answer:  [/INST] 0 ",0,2,IQ Test
186,237,"[INST]  
 QUESTION: Which one picture follows the same pattern or rule established by the previous pictures?
OPTIONS:
0: Picture A
1: Picture B
2: Picture C
3: Picture D

Answer with the correct option from 0 to 3. Only provide the numeric and nothing else 


Answer:  [/INST] 1 ",1,0,IQ Test,"[INST]  
 QUESTION: Which one picture follows the same pattern or rule established by the previous pictures?
OPTIONS:
0: Picture A
1: Picture B
2: Picture C
3: Picture D

Answer with the correct option from 0 to 3. Only provide the numeric and nothing else 


Answer:  [/INST] 0 ",0,0,IQ Test
187,238,"[INST]  
 QUESTION: Which one picture follows the same pattern or rule established by the previous pictures?
OPTIONS:
0: Picture A
1: Picture B
2: Picture C
3: Picture D

Answer with the correct option from 0 to 3. Only provide the numeric and nothing else 


Answer:  [/INST] 1 ",1,2,IQ Test,"[INST]  
 QUESTION: Which one picture follows the same pattern or rule established by the previous pictures?
OPTIONS:
0: Picture A
1: Picture B
2: Picture C
3: Picture D

Answer with the correct option from 0 to 3. Only provide the numeric and nothing else 


Answer:  [/INST] 0 ",0,2,IQ Test
188,239,"[INST]  
 QUESTION: Which one picture follows the same pattern or rule established by the previous pictures?
OPTIONS:
0: Picture A
1: Picture B
2: Picture C
3: Picture D

Answer with the correct option from 0 to 3. Only provide the numeric and nothing else 


Answer:  [/INST] 1 ",1,3,IQ Test,"[INST]  
 QUESTION: Which one picture follows the same pattern or rule established by the previous pictures?
OPTIONS:
0: Picture A
1: Picture B
2: Picture C
3: Picture D

Answer with the correct option from 0 to 3. Only provide the numeric and nothing else 


Answer:  [/INST] 0 ",0,3,IQ Test
189,240,"[INST]  
 QUESTION: Which one picture follows the same pattern or rule established by the previous pictures?
OPTIONS:
0: Picture A
1: Picture B
2: Picture C
3: Picture D

Answer with the correct option from 0 to 3. Only provide the numeric and nothing else 


Answer:  [/INST] 1 ",1,3,IQ Test,"[INST]  
 QUESTION: Which one picture follows the same pattern or rule established by the previous pictures?
OPTIONS:
0: Picture A
1: Picture B
2: Picture C
3: Picture D

Answer with the correct option from 0 to 3. Only provide the numeric and nothing else 


Answer:  [/INST] 0 ",0,3,IQ Test
190,241,"[INST]  
 QUESTION: Which one picture follows the same pattern or rule established by the previous pictures?
OPTIONS:
0: Picture A
1: Picture B
2: Picture C
3: Picture D

Answer with the correct option from 0 to 3. Only provide the numeric and nothing else 


Answer:  [/INST] 1 ",1,2,IQ Test,"[INST]  
 QUESTION: Which one picture follows the same pattern or rule established by the previous pictures?
OPTIONS:
0: Picture A
1: Picture B
2: Picture C
3: Picture D

Answer with the correct option from 0 to 3. Only provide the numeric and nothing else 


Answer:  [/INST] 0 ",0,2,IQ Test
191,242,"[INST]  
 QUESTION: Which one picture follows the same pattern or rule established by the previous pictures?
OPTIONS:
0: Picture A
1: Picture B
2: Picture C
3: Picture D

Answer with the correct option from 0 to 3. Only provide the numeric and nothing else 


Answer:  [/INST] 1 ",1,3,IQ Test,"[INST]  
 QUESTION: Which one picture follows the same pattern or rule established by the previous pictures?
OPTIONS:
0: Picture A
1: Picture B
2: Picture C
3: Picture D

Answer with the correct option from 0 to 3. Only provide the numeric and nothing else 


Answer:  [/INST] 0 ",0,3,IQ Test
192,243,"[INST]  
 QUESTION: Which one picture follows the same pattern or rule established by the previous pictures?
OPTIONS:
0: Picture A
1: Picture B
2: Picture C
3: Picture D

Answer with the correct option from 0 to 3. Only provide the numeric and nothing else 


Answer:  [/INST] 1 ",1,1,IQ Test,"[INST]  
 QUESTION: Which one picture follows the same pattern or rule established by the previous pictures?
OPTIONS:
0: Picture A
1: Picture B
2: Picture C
3: Picture D

Answer with the correct option from 0 to 3. Only provide the numeric and nothing else 


Answer:  [/INST] 0 ",0,1,IQ Test
193,244,"[INST]  
 QUESTION: Which one picture follows the same pattern or rule established by the previous pictures?
OPTIONS:
0: Picture A
1: Picture B
2: Picture C
3: Picture D

Answer with the correct option from 0 to 3. Only provide the numeric and nothing else 


Answer:  [/INST] 1 ",1,0,IQ Test,"[INST]  
 QUESTION: Which one picture follows the same pattern or rule established by the previous pictures?
OPTIONS:
0: Picture A
1: Picture B
2: Picture C
3: Picture D

Answer with the correct option from 0 to 3. Only provide the numeric and nothing else 


Answer:  [/INST] 0 ",0,0,IQ Test
194,245,"[INST]  
 QUESTION: Which one picture follows the same pattern or rule established by the previous pictures?
OPTIONS:
0: Picture A
1: Picture B
2: Picture C
3: Picture D

Answer with the correct option from 0 to 3. Only provide the numeric and nothing else 


Answer:  [/INST] 1 ",1,0,IQ Test,"[INST]  
 QUESTION: Which one picture follows the same pattern or rule established by the previous pictures?
OPTIONS:
0: Picture A
1: Picture B
2: Picture C
3: Picture D

Answer with the correct option from 0 to 3. Only provide the numeric and nothing else 


Answer:  [/INST] 0 ",0,0,IQ Test
195,246,"[INST]  
 QUESTION: Which one picture follows the same pattern or rule established by the previous pictures?
OPTIONS:
0: Picture A
1: Picture B
2: Picture C
3: Picture D

Answer with the correct option from 0 to 3. Only provide the numeric and nothing else 


Answer:  [/INST] 1 ",1,2,IQ Test,"[INST]  
 QUESTION: Which one picture follows the same pattern or rule established by the previous pictures?
OPTIONS:
0: Picture A
1: Picture B
2: Picture C
3: Picture D

Answer with the correct option from 0 to 3. Only provide the numeric and nothing else 


Answer:  [/INST] 0 ",0,2,IQ Test
196,247,"[INST]  
 QUESTION: Which one picture follows the same pattern or rule established by the previous pictures?
OPTIONS:
0: Picture A
1: Picture B
2: Picture C
3: Picture D

Answer with the correct option from 0 to 3. Only provide the numeric and nothing else 


Answer:  [/INST] 1 ",1,2,IQ Test,"[INST]  
 QUESTION: Which one picture follows the same pattern or rule established by the previous pictures?
OPTIONS:
0: Picture A
1: Picture B
2: Picture C
3: Picture D

Answer with the correct option from 0 to 3. Only provide the numeric and nothing else 


Answer:  [/INST] 0 ",0,2,IQ Test
197,248,"[INST]  
 QUESTION: Which one picture follows the same pattern or rule established by the previous pictures?
OPTIONS:
0: Picture A
1: Picture B
2: Picture C
3: Picture D

Answer with the correct option from 0 to 3. Only provide the numeric and nothing else 


Answer:  [/INST] 1 ",1,0,IQ Test,"[INST]  
 QUESTION: Which one picture follows the same pattern or rule established by the previous pictures?
OPTIONS:
0: Picture A
1: Picture B
2: Picture C
3: Picture D

Answer with the correct option from 0 to 3. Only provide the numeric and nothing else 


Answer:  [/INST] 0 ",0,0,IQ Test
198,249,"[INST]  
 QUESTION: Which one picture follows the same pattern or rule established by the previous pictures?
OPTIONS:
0: Picture A
1: Picture B
2: Picture C
3: Picture D

Answer with the correct option from 0 to 3. Only provide the numeric and nothing else 


Answer:  [/INST] 1 ",1,3,IQ Test,"[INST]  
 QUESTION: Which one picture follows the same pattern or rule established by the previous pictures?
OPTIONS:
0: Picture A
1: Picture B
2: Picture C
3: Picture D

Answer with the correct option from 0 to 3. Only provide the numeric and nothing else 


Answer:  [/INST] 0 ",0,3,IQ Test
199,250,"[INST]  
 QUESTION: Which one picture follows the same pattern or rule established by the previous pictures?
OPTIONS:
0: Picture A
1: Picture B
2: Picture C
3: Picture D

Answer with the correct option from 0 to 3. Only provide the numeric and nothing else 


Answer:  [/INST] 1 ",1,0,IQ Test,"[INST]  
 QUESTION: Which one picture follows the same pattern or rule established by the previous pictures?
OPTIONS:
0: Picture A
1: Picture B
2: Picture C
3: Picture D

Answer with the correct option from 0 to 3. Only provide the numeric and nothing else 


Answer:  [/INST] 0 ",0,0,IQ Test
200,251,"[INST]  
 QUESTION: Which one picture follows the same pattern or rule established by the previous pictures?
OPTIONS:
0: Picture A
1: Picture B
2: Picture C
3: Picture D

Answer with the correct option from 0 to 3. Only provide the numeric and nothing else 


Answer:  [/INST] 1 ",1,2,IQ Test,"[INST]  
 QUESTION: Which one picture follows the same pattern or rule established by the previous pictures?
OPTIONS:
0: Picture A
1: Picture B
2: Picture C
3: Picture D

Answer with the correct option from 0 to 3. Only provide the numeric and nothing else 


Answer:  [/INST] 0 ",0,2,IQ Test
201,252,"[INST]  
 QUESTION: Which one picture follows the same pattern or rule established by the previous pictures?
OPTIONS:
0: Picture A
1: Picture B
2: Picture C
3: Picture D

Answer with the correct option from 0 to 3. Only provide the numeric and nothing else 


Answer:  [/INST] 1 ",1,1,IQ Test,"[INST]  
 QUESTION: Which one picture follows the same pattern or rule established by the previous pictures?
OPTIONS:
0: Picture A
1: Picture B
2: Picture C
3: Picture D

Answer with the correct option from 0 to 3. Only provide the numeric and nothing else 


Answer:  [/INST] 0 ",0,1,IQ Test
202,253,"[INST]  
 QUESTION: Which one picture follows the same pattern or rule established by the previous pictures?
OPTIONS:
0: Picture A
1: Picture B
2: Picture C
3: Picture D

Answer with the correct option from 0 to 3. Only provide the numeric and nothing else 


Answer:  [/INST] 1 ",1,2,IQ Test,"[INST]  
 QUESTION: Which one picture follows the same pattern or rule established by the previous pictures?
OPTIONS:
0: Picture A
1: Picture B
2: Picture C
3: Picture D

Answer with the correct option from 0 to 3. Only provide the numeric and nothing else 


Answer:  [/INST] 0 ",0,2,IQ Test
203,254,"[INST]  
 QUESTION: Which one picture follows the same pattern or rule established by the previous pictures?
OPTIONS:
0: Picture A
1: Picture B
2: Picture C
3: Picture D

Answer with the correct option from 0 to 3. Only provide the numeric and nothing else 


Answer:  [/INST] 1 ",1,1,IQ Test,"[INST]  
 QUESTION: Which one picture follows the same pattern or rule established by the previous pictures?
OPTIONS:
0: Picture A
1: Picture B
2: Picture C
3: Picture D

Answer with the correct option from 0 to 3. Only provide the numeric and nothing else 


Answer:  [/INST] 0 ",0,1,IQ Test
204,255,"[INST]  
 QUESTION: Which one picture follows the same pattern or rule established by the previous pictures?
OPTIONS:
0: Picture A
1: Picture B
2: Picture C
3: Picture D

Answer with the correct option from 0 to 3. Only provide the numeric and nothing else 


Answer:  [/INST] 1 ",1,1,IQ Test,"[INST]  
 QUESTION: Which one picture follows the same pattern or rule established by the previous pictures?
OPTIONS:
0: Picture A
1: Picture B
2: Picture C
3: Picture D

Answer with the correct option from 0 to 3. Only provide the numeric and nothing else 


Answer:  [/INST] 0 ",0,1,IQ Test
205,256,"[INST]  
 QUESTION: Which one picture follows the same pattern or rule established by the previous pictures?
OPTIONS:
0: Picture A
1: Picture B
2: Picture C
3: Picture D

Answer with the correct option from 0 to 3. Only provide the numeric and nothing else 


Answer:  [/INST] 1 ",1,2,IQ Test,"[INST]  
 QUESTION: Which one picture follows the same pattern or rule established by the previous pictures?
OPTIONS:
0: Picture A
1: Picture B
2: Picture C
3: Picture D

Answer with the correct option from 0 to 3. Only provide the numeric and nothing else 


Answer:  [/INST] 0 ",0,2,IQ Test
206,257,"[INST]  
 QUESTION: Which one picture follows the same pattern or rule established by the previous pictures?
OPTIONS:
0: Picture A
1: Picture B
2: Picture C
3: Picture D

Answer with the correct option from 0 to 3. Only provide the numeric and nothing else 


Answer:  [/INST] 1 ",1,2,IQ Test,"[INST]  
 QUESTION: Which one picture follows the same pattern or rule established by the previous pictures?
OPTIONS:
0: Picture A
1: Picture B
2: Picture C
3: Picture D

Answer with the correct option from 0 to 3. Only provide the numeric and nothing else 


Answer:  [/INST] 0 ",0,2,IQ Test
207,258,"[INST]  
 QUESTION: Which one picture follows the same pattern or rule established by the previous pictures?
OPTIONS:
0: Picture A
1: Picture B
2: Picture C
3: Picture D

Answer with the correct option from 0 to 3. Only provide the numeric and nothing else 


Answer:  [/INST] 1 ",1,0,IQ Test,"[INST]  
 QUESTION: Which one picture follows the same pattern or rule established by the previous pictures?
OPTIONS:
0: Picture A
1: Picture B
2: Picture C
3: Picture D

Answer with the correct option from 0 to 3. Only provide the numeric and nothing else 


Answer:  [/INST] 0 ",0,0,IQ Test
208,259,"[INST]  
 QUESTION: Which one picture follows the same pattern or rule established by the previous pictures?
OPTIONS:
0: Picture A
1: Picture B
2: Picture C
3: Picture D

Answer with the correct option from 0 to 3. Only provide the numeric and nothing else 


Answer:  [/INST] 1 ",1,2,IQ Test,"[INST]  
 QUESTION: Which one picture follows the same pattern or rule established by the previous pictures?
OPTIONS:
0: Picture A
1: Picture B
2: Picture C
3: Picture D

Answer with the correct option from 0 to 3. Only provide the numeric and nothing else 


Answer:  [/INST] 0 ",0,2,IQ Test
209,260,"[INST]  
 QUESTION: Which one picture follows the same pattern or rule established by the previous pictures?
OPTIONS:
0: Picture A
1: Picture B
2: Picture C
3: Picture D

Answer with the correct option from 0 to 3. Only provide the numeric and nothing else 


Answer:  [/INST] 1 ",1,2,IQ Test,"[INST]  
 QUESTION: Which one picture follows the same pattern or rule established by the previous pictures?
OPTIONS:
0: Picture A
1: Picture B
2: Picture C
3: Picture D

Answer with the correct option from 0 to 3. Only provide the numeric and nothing else 


Answer:  [/INST] 0 ",0,2,IQ Test
210,261,"[INST]  
 QUESTION: Which one picture can be folded from the outer surface displayed on the left?
OPTIONS:
0: Picture A
1: Picture B
2: Picture C
3: Picture D

Answer with the correct option from 0 to 3. Only provide the numeric and nothing else 


Answer:  [/INST] 1 ",1,1,IQ Test,"[INST]  
 QUESTION: Which one picture can be folded from the outer surface displayed on the left?
OPTIONS:
0: Picture A
1: Picture B
2: Picture C
3: Picture D

Answer with the correct option from 0 to 3. Only provide the numeric and nothing else 


Answer:  [/INST] 0 ",0,1,IQ Test
211,265,"[INST]  
 QUESTION: Which one picture can be folded from the outer surface displayed on the left?
OPTIONS:
0: Picture A
1: Picture B
2: Picture C
3: Picture D

Answer with the correct option from 0 to 3. Only provide the numeric and nothing else 


Answer:  [/INST] 1 ",1,3,IQ Test,"[INST]  
 QUESTION: Which one picture can be folded from the outer surface displayed on the left?
OPTIONS:
0: Picture A
1: Picture B
2: Picture C
3: Picture D

Answer with the correct option from 0 to 3. Only provide the numeric and nothing else 


Answer:  [/INST] 0 ",0,3,IQ Test
212,269,"[INST]  
 QUESTION: Which bounding box more accurately localizes and encloses the refrigerator?
OPTIONS:
0: Box A
1: Box B

Answer with the correct option from 0 to 1. Only provide the numeric and nothing else 


Answer:  [/INST] 1 ",1,1,Object Localization,"[INST]  
 QUESTION: Which bounding box more accurately localizes and encloses the refrigerator?
OPTIONS:
0: Box A
1: Box B

Answer with the correct option from 0 to 1. Only provide the numeric and nothing else 


Answer:  [/INST] 0 ",0,1,Object Localization
213,273,"[INST]  
 QUESTION: Which bounding box more accurately localizes and encloses the hat?
OPTIONS:
0: Box A
1: Box B

Answer with the correct option from 0 to 1. Only provide the numeric and nothing else 


Answer:  [/INST] 1 ",1,1,Object Localization,"[INST]  
 QUESTION: Which bounding box more accurately localizes and encloses the hat?
OPTIONS:
0: Box A
1: Box B

Answer with the correct option from 0 to 1. Only provide the numeric and nothing else 


Answer:  [/INST] 0 ",0,1,Object Localization
214,274,"[INST]  
 QUESTION: Which bounding box more accurately localizes and encloses the flower arrangement?
OPTIONS:
0: Box A
1: Box B

Answer with the correct option from 0 to 1. Only provide the numeric and nothing else 


Answer:  [/INST] 1 ",1,1,Object Localization,"[INST]  
 QUESTION: Which bounding box more accurately localizes and encloses the flower arrangement?
OPTIONS:
0: Box A
1: Box B

Answer with the correct option from 0 to 1. Only provide the numeric and nothing else 


Answer:  [/INST] 0 ",0,1,Object Localization
215,276,"[INST]  
 QUESTION: Which bounding box more accurately localizes and encloses the cake?
OPTIONS:
0: Box A
1: Box B

Answer with the correct option from 0 to 1. Only provide the numeric and nothing else 


Answer:  [/INST] 1 ",1,0,Object Localization,"[INST]  
 QUESTION: Which bounding box more accurately localizes and encloses the cake?
OPTIONS:
0: Box A
1: Box B

Answer with the correct option from 0 to 1. Only provide the numeric and nothing else 


Answer:  [/INST] 0 ",0,0,Object Localization
216,285,"[INST]  
 QUESTION: Which bounding box more accurately localizes and encloses the kite?
OPTIONS:
0: Box A
1: Box B

Answer with the correct option from 0 to 1. Only provide the numeric and nothing else 


Answer:  [/INST] 1 ",1,0,Object Localization,"[INST]  
 QUESTION: Which bounding box more accurately localizes and encloses the kite?
OPTIONS:
0: Box A
1: Box B

Answer with the correct option from 0 to 1. Only provide the numeric and nothing else 


Answer:  [/INST] 0 ",0,0,Object Localization
217,287,"[INST]  
 QUESTION: Which bounding box more accurately localizes and encloses the pillow?
OPTIONS:
0: Box A
1: Box B

Answer with the correct option from 0 to 1. Only provide the numeric and nothing else 


Answer:  [/INST] 1 ",1,0,Object Localization,"[INST]  
 QUESTION: Which bounding box more accurately localizes and encloses the pillow?
OPTIONS:
0: Box A
1: Box B

Answer with the correct option from 0 to 1. Only provide the numeric and nothing else 


Answer:  [/INST] 0 ",0,0,Object Localization
218,294,"[INST]  
 QUESTION: Which bounding box more accurately localizes and encloses the remote control?
OPTIONS:
0: Box A
1: Box B

Answer with the correct option from 0 to 1. Only provide the numeric and nothing else 


Answer:  [/INST] 1 ",1,1,Object Localization,"[INST]  
 QUESTION: Which bounding box more accurately localizes and encloses the remote control?
OPTIONS:
0: Box A
1: Box B

Answer with the correct option from 0 to 1. Only provide the numeric and nothing else 


Answer:  [/INST] 0 ",0,1,Object Localization
219,295,"[INST]  
 QUESTION: Which bounding box more accurately localizes and encloses the telephone?
OPTIONS:
0: Box A
1: Box B

Answer with the correct option from 0 to 1. Only provide the numeric and nothing else 


Answer:  [/INST] 1 ",1,0,Object Localization,"[INST]  
 QUESTION: Which bounding box more accurately localizes and encloses the telephone?
OPTIONS:
0: Box A
1: Box B

Answer with the correct option from 0 to 1. Only provide the numeric and nothing else 


Answer:  [/INST] 0 ",0,0,Object Localization
220,304,"[INST]  
 QUESTION: Which bounding box more accurately localizes and encloses the bus (vehicle)?
OPTIONS:
0: Box A
1: Box B

Answer with the correct option from 0 to 1. Only provide the numeric and nothing else 


Answer:  [/INST] 1 ",1,1,Object Localization,"[INST]  
 QUESTION: Which bounding box more accurately localizes and encloses the bus (vehicle)?
OPTIONS:
0: Box A
1: Box B

Answer with the correct option from 0 to 1. Only provide the numeric and nothing else 


Answer:  [/INST] 0 ",0,1,Object Localization
221,305,"[INST]  
 QUESTION: Which bounding box more accurately localizes and encloses the teddy bear?
OPTIONS:
0: Box A
1: Box B

Answer with the correct option from 0 to 1. Only provide the numeric and nothing else 


Answer:  [/INST] 1 ",1,1,Object Localization,"[INST]  
 QUESTION: Which bounding box more accurately localizes and encloses the teddy bear?
OPTIONS:
0: Box A
1: Box B

Answer with the correct option from 0 to 1. Only provide the numeric and nothing else 


Answer:  [/INST] 0 ",0,1,Object Localization
222,306,"[INST]  
 QUESTION: Which bounding box more accurately localizes and encloses the bullet train?
OPTIONS:
0: Box A
1: Box B

Answer with the correct option from 0 to 1. Only provide the numeric and nothing else 


Answer:  [/INST] 1 ",1,1,Object Localization,"[INST]  
 QUESTION: Which bounding box more accurately localizes and encloses the bullet train?
OPTIONS:
0: Box A
1: Box B

Answer with the correct option from 0 to 1. Only provide the numeric and nothing else 


Answer:  [/INST] 0 ",0,1,Object Localization
223,317,"[INST]  
 QUESTION: Which bounding box more accurately localizes and encloses the bench?
OPTIONS:
0: Box A
1: Box B

Answer with the correct option from 0 to 1. Only provide the numeric and nothing else 


Answer:  [/INST] 1 ",1,0,Object Localization,"[INST]  
 QUESTION: Which bounding box more accurately localizes and encloses the bench?
OPTIONS:
0: Box A
1: Box B

Answer with the correct option from 0 to 1. Only provide the numeric and nothing else 


Answer:  [/INST] 0 ",0,0,Object Localization
224,318,"[INST]  
 QUESTION: Which bounding box more accurately localizes and encloses the umbrella?
OPTIONS:
0: Box A
1: Box B

Answer with the correct option from 0 to 1. Only provide the numeric and nothing else 


Answer:  [/INST] 1 ",1,1,Object Localization,"[INST]  
 QUESTION: Which bounding box more accurately localizes and encloses the umbrella?
OPTIONS:
0: Box A
1: Box B

Answer with the correct option from 0 to 1. Only provide the numeric and nothing else 


Answer:  [/INST] 0 ",0,1,Object Localization
225,324,"[INST]  
 QUESTION: Which bounding box more accurately localizes and encloses the wineglass?
OPTIONS:
0: Box A
1: Box B

Answer with the correct option from 0 to 1. Only provide the numeric and nothing else 


Answer:  [/INST] 1 ",1,1,Object Localization,"[INST]  
 QUESTION: Which bounding box more accurately localizes and encloses the wineglass?
OPTIONS:
0: Box A
1: Box B

Answer with the correct option from 0 to 1. Only provide the numeric and nothing else 


Answer:  [/INST] 0 ",0,1,Object Localization
226,328,"[INST]  
 QUESTION: Which bounding box more accurately localizes and encloses the basket?
OPTIONS:
0: Box A
1: Box B

Answer with the correct option from 0 to 1. Only provide the numeric and nothing else 


Answer:  [/INST] 1 ",1,1,Object Localization,"[INST]  
 QUESTION: Which bounding box more accurately localizes and encloses the basket?
OPTIONS:
0: Box A
1: Box B

Answer with the correct option from 0 to 1. Only provide the numeric and nothing else 


Answer:  [/INST] 0 ",0,1,Object Localization
227,330,"[INST]  
 QUESTION: Which bounding box more accurately localizes and encloses the bun?
OPTIONS:
0: Box A
1: Box B

Answer with the correct option from 0 to 1. Only provide the numeric and nothing else 


Answer:  [/INST] 1 ",1,0,Object Localization,"[INST]  
 QUESTION: Which bounding box more accurately localizes and encloses the bun?
OPTIONS:
0: Box A
1: Box B

Answer with the correct option from 0 to 1. Only provide the numeric and nothing else 


Answer:  [/INST] 0 ",0,0,Object Localization
228,336,"[INST]  
 QUESTION: Which bounding box more accurately localizes and encloses the onion?
OPTIONS:
0: Box A
1: Box B

Answer with the correct option from 0 to 1. Only provide the numeric and nothing else 


Answer:  [/INST] 1 ",1,1,Object Localization,"[INST]  
 QUESTION: Which bounding box more accurately localizes and encloses the onion?
OPTIONS:
0: Box A
1: Box B

Answer with the correct option from 0 to 1. Only provide the numeric and nothing else 


Answer:  [/INST] 0 ",0,1,Object Localization
229,356,"[INST]  
 QUESTION: Which bounding box more accurately localizes and encloses the toilet?
OPTIONS:
0: Box A
1: Box B

Answer with the correct option from 0 to 1. Only provide the numeric and nothing else 


Answer:  [/INST] 1 ",1,1,Object Localization,"[INST]  
 QUESTION: Which bounding box more accurately localizes and encloses the toilet?
OPTIONS:
0: Box A
1: Box B

Answer with the correct option from 0 to 1. Only provide the numeric and nothing else 


Answer:  [/INST] 0 ",0,1,Object Localization
230,362,"[INST]  
 QUESTION: Which bounding box more accurately localizes and encloses the polo shirt?
OPTIONS:
0: Box A
1: Box B

Answer with the correct option from 0 to 1. Only provide the numeric and nothing else 


Answer:  [/INST] 1 ",1,0,Object Localization,"[INST]  
 QUESTION: Which bounding box more accurately localizes and encloses the polo shirt?
OPTIONS:
0: Box A
1: Box B

Answer with the correct option from 0 to 1. Only provide the numeric and nothing else 


Answer:  [/INST] 0 ",0,0,Object Localization
231,366,"[INST]  
 QUESTION: Which bounding box more accurately localizes and encloses the pillow?
OPTIONS:
0: Box A
1: Box B

Answer with the correct option from 0 to 1. Only provide the numeric and nothing else 


Answer:  [/INST] 1 ",1,0,Object Localization,"[INST]  
 QUESTION: Which bounding box more accurately localizes and encloses the pillow?
OPTIONS:
0: Box A
1: Box B

Answer with the correct option from 0 to 1. Only provide the numeric and nothing else 


Answer:  [/INST] 0 ",0,0,Object Localization
232,367,"[INST]  
 QUESTION: Which bounding box more accurately localizes and encloses the computer keyboard?
OPTIONS:
0: Box A
1: Box B

Answer with the correct option from 0 to 1. Only provide the numeric and nothing else 


Answer:  [/INST] 1 ",1,0,Object Localization,"[INST]  
 QUESTION: Which bounding box more accurately localizes and encloses the computer keyboard?
OPTIONS:
0: Box A
1: Box B

Answer with the correct option from 0 to 1. Only provide the numeric and nothing else 


Answer:  [/INST] 0 ",0,0,Object Localization
233,372,"[INST]  
 QUESTION: Which bounding box more accurately localizes and encloses the bird?
OPTIONS:
0: Box A
1: Box B

Answer with the correct option from 0 to 1. Only provide the numeric and nothing else 


Answer:  [/INST] 1 ",1,0,Object Localization,"[INST]  
 QUESTION: Which bounding box more accurately localizes and encloses the bird?
OPTIONS:
0: Box A
1: Box B

Answer with the correct option from 0 to 1. Only provide the numeric and nothing else 


Answer:  [/INST] 0 ",0,0,Object Localization
234,373,"[INST]  
 QUESTION: Which bounding box more accurately localizes and encloses the book?
OPTIONS:
0: Box A
1: Box B

Answer with the correct option from 0 to 1. Only provide the numeric and nothing else 


Answer:  [/INST] 1 ",1,0,Object Localization,"[INST]  
 QUESTION: Which bounding box more accurately localizes and encloses the book?
OPTIONS:
0: Box A
1: Box B

Answer with the correct option from 0 to 1. Only provide the numeric and nothing else 


Answer:  [/INST] 0 ",0,0,Object Localization
235,374,"[INST]  
 QUESTION: Which bounding box more accurately localizes and encloses the bear?
OPTIONS:
0: Box A
1: Box B

Answer with the correct option from 0 to 1. Only provide the numeric and nothing else 


Answer:  [/INST] 1 ",1,1,Object Localization,"[INST]  
 QUESTION: Which bounding box more accurately localizes and encloses the bear?
OPTIONS:
0: Box A
1: Box B

Answer with the correct option from 0 to 1. Only provide the numeric and nothing else 


Answer:  [/INST] 0 ",0,1,Object Localization
236,375,"[INST]  
 QUESTION: Which bounding box more accurately localizes and encloses the chandelier?
OPTIONS:
0: Box A
1: Box B

Answer with the correct option from 0 to 1. Only provide the numeric and nothing else 


Answer:  [/INST] 1 ",1,1,Object Localization,"[INST]  
 QUESTION: Which bounding box more accurately localizes and encloses the chandelier?
OPTIONS:
0: Box A
1: Box B

Answer with the correct option from 0 to 1. Only provide the numeric and nothing else 


Answer:  [/INST] 0 ",0,1,Object Localization
237,376,"[INST]  
 QUESTION: Which bounding box more accurately localizes and encloses the cat?
OPTIONS:
0: Box A
1: Box B

Answer with the correct option from 0 to 1. Only provide the numeric and nothing else 


Answer:  [/INST] 1 ",1,0,Object Localization,"[INST]  
 QUESTION: Which bounding box more accurately localizes and encloses the cat?
OPTIONS:
0: Box A
1: Box B

Answer with the correct option from 0 to 1. Only provide the numeric and nothing else 


Answer:  [/INST] 0 ",0,0,Object Localization
238,377,"[INST]  
 QUESTION: Which bounding box more accurately localizes and encloses the cellular telephone?
OPTIONS:
0: Box A
1: Box B

Answer with the correct option from 0 to 1. Only provide the numeric and nothing else 


Answer:  [/INST] 1 ",1,0,Object Localization,"[INST]  
 QUESTION: Which bounding box more accurately localizes and encloses the cellular telephone?
OPTIONS:
0: Box A
1: Box B

Answer with the correct option from 0 to 1. Only provide the numeric and nothing else 


Answer:  [/INST] 0 ",0,0,Object Localization
239,378,"[INST]  
 QUESTION: Which bounding box more accurately localizes and encloses the bath towel?
OPTIONS:
0: Box A
1: Box B

Answer with the correct option from 0 to 1. Only provide the numeric and nothing else 


Answer:  [/INST] 1 ",1,0,Object Localization,"[INST]  
 QUESTION: Which bounding box more accurately localizes and encloses the bath towel?
OPTIONS:
0: Box A
1: Box B

Answer with the correct option from 0 to 1. Only provide the numeric and nothing else 


Answer:  [/INST] 0 ",0,0,Object Localization
240,387,"[INST]  
 QUESTION: Which bounding box more accurately localizes and encloses the shower curtain?
OPTIONS:
0: Box A
1: Box B

Answer with the correct option from 0 to 1. Only provide the numeric and nothing else 


Answer:  [/INST] 1 ",1,1,Object Localization,"[INST]  
 QUESTION: Which bounding box more accurately localizes and encloses the shower curtain?
OPTIONS:
0: Box A
1: Box B

Answer with the correct option from 0 to 1. Only provide the numeric and nothing else 


Answer:  [/INST] 0 ",0,1,Object Localization
241,389,"[INST]  
 QUESTION: Which bounding box more accurately localizes and encloses the chair?
OPTIONS:
0: Box A
1: Box B

Answer with the correct option from 0 to 1. Only provide the numeric and nothing else 


Answer:  [/INST] 1 ",1,0,Object Localization,"[INST]  
 QUESTION: Which bounding box more accurately localizes and encloses the chair?
OPTIONS:
0: Box A
1: Box B

Answer with the correct option from 0 to 1. Only provide the numeric and nothing else 


Answer:  [/INST] 0 ",0,0,Object Localization
242,391,"[INST]  
 QUESTION: Which point is closer to the camera?
OPTIONS:
0: A is closer
1: B is closer

Answer with the correct option from 0 to 1. Only provide the numeric and nothing else 


Answer:  [/INST] 1 ",1,1,Relative Depth,"[INST]  
 QUESTION: Which point is closer to the camera?
OPTIONS:
0: A is closer
1: B is closer

Answer with the correct option from 0 to 1. Only provide the numeric and nothing else 


Answer:  [/INST] 0 ",0,1,Relative Depth
243,392,"[INST]  
 QUESTION: Which point is closer to the camera?
OPTIONS:
0: A is closer
1: B is closer

Answer with the correct option from 0 to 1. Only provide the numeric and nothing else 


Answer:  [/INST] 1 ",1,1,Relative Depth,"[INST]  
 QUESTION: Which point is closer to the camera?
OPTIONS:
0: A is closer
1: B is closer

Answer with the correct option from 0 to 1. Only provide the numeric and nothing else 


Answer:  [/INST] 0 ",0,1,Relative Depth
244,393,"[INST]  
 QUESTION: Which point is closer to the camera?
OPTIONS:
0: A is closer
1: B is closer

Answer with the correct option from 0 to 1. Only provide the numeric and nothing else 


Answer:  [/INST] 1 ",1,0,Relative Depth,"[INST]  
 QUESTION: Which point is closer to the camera?
OPTIONS:
0: A is closer
1: B is closer

Answer with the correct option from 0 to 1. Only provide the numeric and nothing else 


Answer:  [/INST] 0 ",0,0,Relative Depth
245,394,"[INST]  
 QUESTION: Which point is closer to the camera?
OPTIONS:
0: A is closer
1: B is closer

Answer with the correct option from 0 to 1. Only provide the numeric and nothing else 


Answer:  [/INST] 1 ",1,0,Relative Depth,"[INST]  
 QUESTION: Which point is closer to the camera?
OPTIONS:
0: A is closer
1: B is closer

Answer with the correct option from 0 to 1. Only provide the numeric and nothing else 


Answer:  [/INST] 0 ",0,0,Relative Depth
246,395,"[INST]  
 QUESTION: Which point is closer to the camera?
OPTIONS:
0: A is closer
1: B is closer

Answer with the correct option from 0 to 1. Only provide the numeric and nothing else 


Answer:  [/INST] 1 ",1,0,Relative Depth,"[INST]  
 QUESTION: Which point is closer to the camera?
OPTIONS:
0: A is closer
1: B is closer

Answer with the correct option from 0 to 1. Only provide the numeric and nothing else 


Answer:  [/INST] 0 ",0,0,Relative Depth
247,398,"[INST]  
 QUESTION: Which point is closer to the camera?
OPTIONS:
0: A is closer
1: B is closer

Answer with the correct option from 0 to 1. Only provide the numeric and nothing else 


Answer:  [/INST] 1 ",1,1,Relative Depth,"[INST]  
 QUESTION: Which point is closer to the camera?
OPTIONS:
0: A is closer
1: B is closer

Answer with the correct option from 0 to 1. Only provide the numeric and nothing else 


Answer:  [/INST] 0 ",0,1,Relative Depth
248,400,"[INST]  
 QUESTION: Which point is closer to the camera?
OPTIONS:
0: A is closer
1: B is closer

Answer with the correct option from 0 to 1. Only provide the numeric and nothing else 


Answer:  [/INST] 1 ",1,1,Relative Depth,"[INST]  
 QUESTION: Which point is closer to the camera?
OPTIONS:
0: A is closer
1: B is closer

Answer with the correct option from 0 to 1. Only provide the numeric and nothing else 


Answer:  [/INST] 0 ",0,1,Relative Depth
249,401,"[INST]  
 QUESTION: Which point is closer to the camera?
OPTIONS:
0: A is closer
1: B is closer

Answer with the correct option from 0 to 1. Only provide the numeric and nothing else 


Answer:  [/INST] 1 ",1,0,Relative Depth,"[INST]  
 QUESTION: Which point is closer to the camera?
OPTIONS:
0: A is closer
1: B is closer

Answer with the correct option from 0 to 1. Only provide the numeric and nothing else 


Answer:  [/INST] 0 ",0,0,Relative Depth
250,403,"[INST]  
 QUESTION: Which point is closer to the camera?
OPTIONS:
0: A is closer
1: B is closer

Answer with the correct option from 0 to 1. Only provide the numeric and nothing else 


Answer:  [/INST] 1 ",1,0,Relative Depth,"[INST]  
 QUESTION: Which point is closer to the camera?
OPTIONS:
0: A is closer
1: B is closer

Answer with the correct option from 0 to 1. Only provide the numeric and nothing else 


Answer:  [/INST] 0 ",0,0,Relative Depth
251,406,"[INST]  
 QUESTION: Which point is closer to the camera?
OPTIONS:
0: A is closer
1: B is closer

Answer with the correct option from 0 to 1. Only provide the numeric and nothing else 


Answer:  [/INST] 1 ",1,1,Relative Depth,"[INST]  
 QUESTION: Which point is closer to the camera?
OPTIONS:
0: A is closer
1: B is closer

Answer with the correct option from 0 to 1. Only provide the numeric and nothing else 


Answer:  [/INST] 0 ",0,1,Relative Depth
252,410,"[INST]  
 QUESTION: Which point is closer to the camera?
OPTIONS:
0: A is closer
1: B is closer

Answer with the correct option from 0 to 1. Only provide the numeric and nothing else 


Answer:  [/INST] 1 ",1,1,Relative Depth,"[INST]  
 QUESTION: Which point is closer to the camera?
OPTIONS:
0: A is closer
1: B is closer

Answer with the correct option from 0 to 1. Only provide the numeric and nothing else 


Answer:  [/INST] 0 ",0,1,Relative Depth
253,411,"[INST]  
 QUESTION: Which point is closer to the camera?
OPTIONS:
0: A is closer
1: B is closer

Answer with the correct option from 0 to 1. Only provide the numeric and nothing else 


Answer:  [/INST] 1 ",1,1,Relative Depth,"[INST]  
 QUESTION: Which point is closer to the camera?
OPTIONS:
0: A is closer
1: B is closer

Answer with the correct option from 0 to 1. Only provide the numeric and nothing else 


Answer:  [/INST] 0 ",0,1,Relative Depth
254,416,"[INST]  
 QUESTION: Which point is closer to the camera?
OPTIONS:
0: A is closer
1: B is closer

Answer with the correct option from 0 to 1. Only provide the numeric and nothing else 


Answer:  [/INST] 1 ",1,0,Relative Depth,"[INST]  
 QUESTION: Which point is closer to the camera?
OPTIONS:
0: A is closer
1: B is closer

Answer with the correct option from 0 to 1. Only provide the numeric and nothing else 


Answer:  [/INST] 0 ",0,0,Relative Depth
255,417,"[INST]  
 QUESTION: Which point is closer to the camera?
OPTIONS:
0: A is closer
1: B is closer

Answer with the correct option from 0 to 1. Only provide the numeric and nothing else 


Answer:  [/INST] 1 ",1,0,Relative Depth,"[INST]  
 QUESTION: Which point is closer to the camera?
OPTIONS:
0: A is closer
1: B is closer

Answer with the correct option from 0 to 1. Only provide the numeric and nothing else 


Answer:  [/INST] 0 ",0,0,Relative Depth
256,421,"[INST]  
 QUESTION: Which point is closer to the camera?
OPTIONS:
0: A is closer
1: B is closer

Answer with the correct option from 0 to 1. Only provide the numeric and nothing else 


Answer:  [/INST] 1 ",1,1,Relative Depth,"[INST]  
 QUESTION: Which point is closer to the camera?
OPTIONS:
0: A is closer
1: B is closer

Answer with the correct option from 0 to 1. Only provide the numeric and nothing else 


Answer:  [/INST] 0 ",0,1,Relative Depth
257,426,"[INST]  
 QUESTION: Which point is closer to the camera?
OPTIONS:
0: A is closer
1: B is closer

Answer with the correct option from 0 to 1. Only provide the numeric and nothing else 


Answer:  [/INST] 1 ",1,0,Relative Depth,"[INST]  
 QUESTION: Which point is closer to the camera?
OPTIONS:
0: A is closer
1: B is closer

Answer with the correct option from 0 to 1. Only provide the numeric and nothing else 


Answer:  [/INST] 0 ",0,0,Relative Depth
258,427,"[INST]  
 QUESTION: Which point is closer to the camera?
OPTIONS:
0: A is closer
1: B is closer

Answer with the correct option from 0 to 1. Only provide the numeric and nothing else 


Answer:  [/INST] 1 ",1,1,Relative Depth,"[INST]  
 QUESTION: Which point is closer to the camera?
OPTIONS:
0: A is closer
1: B is closer

Answer with the correct option from 0 to 1. Only provide the numeric and nothing else 


Answer:  [/INST] 0 ",0,1,Relative Depth
259,430,"[INST]  
 QUESTION: Which point is closer to the camera?
OPTIONS:
0: A is closer
1: B is closer

Answer with the correct option from 0 to 1. Only provide the numeric and nothing else 


Answer:  [/INST] 1 ",1,1,Relative Depth,"[INST]  
 QUESTION: Which point is closer to the camera?
OPTIONS:
0: A is closer
1: B is closer

Answer with the correct option from 0 to 1. Only provide the numeric and nothing else 


Answer:  [/INST] 0 ",0,1,Relative Depth
260,431,"[INST]  
 QUESTION: Which point is closer to the camera?
OPTIONS:
0: A is closer
1: B is closer

Answer with the correct option from 0 to 1. Only provide the numeric and nothing else 


Answer:  [/INST] 1 ",1,0,Relative Depth,"[INST]  
 QUESTION: Which point is closer to the camera?
OPTIONS:
0: A is closer
1: B is closer

Answer with the correct option from 0 to 1. Only provide the numeric and nothing else 


Answer:  [/INST] 0 ",0,0,Relative Depth
261,432,"[INST]  
 QUESTION: Which point is closer to the camera?
OPTIONS:
0: A is closer
1: B is closer

Answer with the correct option from 0 to 1. Only provide the numeric and nothing else 


Answer:  [/INST] 1 ",1,1,Relative Depth,"[INST]  
 QUESTION: Which point is closer to the camera?
OPTIONS:
0: A is closer
1: B is closer

Answer with the correct option from 0 to 1. Only provide the numeric and nothing else 


Answer:  [/INST] 0 ",0,1,Relative Depth
262,433,"[INST]  
 QUESTION: Which point is closer to the camera?
OPTIONS:
0: A is closer
1: B is closer

Answer with the correct option from 0 to 1. Only provide the numeric and nothing else 


Answer:  [/INST] 1 ",1,0,Relative Depth,"[INST]  
 QUESTION: Which point is closer to the camera?
OPTIONS:
0: A is closer
1: B is closer

Answer with the correct option from 0 to 1. Only provide the numeric and nothing else 


Answer:  [/INST] 0 ",0,0,Relative Depth
263,434,"[INST]  
 QUESTION: Which point is closer to the camera?
OPTIONS:
0: A is closer
1: B is closer

Answer with the correct option from 0 to 1. Only provide the numeric and nothing else 


Answer:  [/INST] 1 ",1,0,Relative Depth,"[INST]  
 QUESTION: Which point is closer to the camera?
OPTIONS:
0: A is closer
1: B is closer

Answer with the correct option from 0 to 1. Only provide the numeric and nothing else 


Answer:  [/INST] 0 ",0,0,Relative Depth
264,438,"[INST]  
 QUESTION: Which point is closer to the camera?
OPTIONS:
0: A is closer
1: B is closer

Answer with the correct option from 0 to 1. Only provide the numeric and nothing else 


Answer:  [/INST] 1 ",1,1,Relative Depth,"[INST]  
 QUESTION: Which point is closer to the camera?
OPTIONS:
0: A is closer
1: B is closer

Answer with the correct option from 0 to 1. Only provide the numeric and nothing else 


Answer:  [/INST] 0 ",0,1,Relative Depth
265,440,"[INST]  
 QUESTION: Which point is closer to the camera?
OPTIONS:
0: A is closer
1: B is closer

Answer with the correct option from 0 to 1. Only provide the numeric and nothing else 


Answer:  [/INST] 1 ",1,1,Relative Depth,"[INST]  
 QUESTION: Which point is closer to the camera?
OPTIONS:
0: A is closer
1: B is closer

Answer with the correct option from 0 to 1. Only provide the numeric and nothing else 


Answer:  [/INST] 0 ",0,1,Relative Depth
266,443,"[INST]  
 QUESTION: Which point is closer to the camera?
OPTIONS:
0: A is closer
1: B is closer

Answer with the correct option from 0 to 1. Only provide the numeric and nothing else 


Answer:  [/INST] 1 ",1,0,Relative Depth,"[INST]  
 QUESTION: Which point is closer to the camera?
OPTIONS:
0: A is closer
1: B is closer

Answer with the correct option from 0 to 1. Only provide the numeric and nothing else 


Answer:  [/INST] 0 ",0,0,Relative Depth
267,446,"[INST]  
 QUESTION: Which point is closer to the camera?
OPTIONS:
0: A is closer
1: B is closer

Answer with the correct option from 0 to 1. Only provide the numeric and nothing else 


Answer:  [/INST] 1 ",1,1,Relative Depth,"[INST]  
 QUESTION: Which point is closer to the camera?
OPTIONS:
0: A is closer
1: B is closer

Answer with the correct option from 0 to 1. Only provide the numeric and nothing else 


Answer:  [/INST] 0 ",0,1,Relative Depth
268,447,"[INST]  
 QUESTION: Which point is closer to the camera?
OPTIONS:
0: A is closer
1: B is closer

Answer with the correct option from 0 to 1. Only provide the numeric and nothing else 


Answer:  [/INST] 1 ",1,1,Relative Depth,"[INST]  
 QUESTION: Which point is closer to the camera?
OPTIONS:
0: A is closer
1: B is closer

Answer with the correct option from 0 to 1. Only provide the numeric and nothing else 


Answer:  [/INST] 0 ",0,1,Relative Depth
269,448,"[INST]  
 QUESTION: Which point is closer to the camera?
OPTIONS:
0: A is closer
1: B is closer

Answer with the correct option from 0 to 1. Only provide the numeric and nothing else 


Answer:  [/INST] 1 ",1,1,Relative Depth,"[INST]  
 QUESTION: Which point is closer to the camera?
OPTIONS:
0: A is closer
1: B is closer

Answer with the correct option from 0 to 1. Only provide the numeric and nothing else 


Answer:  [/INST] 0 ",0,1,Relative Depth
270,450,"[INST]  
 QUESTION: Which point is closer to the camera?
OPTIONS:
0: A is closer
1: B is closer

Answer with the correct option from 0 to 1. Only provide the numeric and nothing else 


Answer:  [/INST] 1 ",1,0,Relative Depth,"[INST]  
 QUESTION: Which point is closer to the camera?
OPTIONS:
0: A is closer
1: B is closer

Answer with the correct option from 0 to 1. Only provide the numeric and nothing else 


Answer:  [/INST] 0 ",0,0,Relative Depth
271,451,"[INST]  
 QUESTION: Which point is closer to the camera?
OPTIONS:
0: A is closer
1: B is closer

Answer with the correct option from 0 to 1. Only provide the numeric and nothing else 


Answer:  [/INST] 1 ",1,0,Relative Depth,"[INST]  
 QUESTION: Which point is closer to the camera?
OPTIONS:
0: A is closer
1: B is closer

Answer with the correct option from 0 to 1. Only provide the numeric and nothing else 


Answer:  [/INST] 0 ",0,0,Relative Depth
272,454,"[INST]  
 QUESTION: Which point is closer to the camera?
OPTIONS:
0: A is closer
1: B is closer

Answer with the correct option from 0 to 1. Only provide the numeric and nothing else 


Answer:  [/INST] 1 ",1,0,Relative Depth,"[INST]  
 QUESTION: Which point is closer to the camera?
OPTIONS:
0: A is closer
1: B is closer

Answer with the correct option from 0 to 1. Only provide the numeric and nothing else 


Answer:  [/INST] 0 ",0,0,Relative Depth
273,455,"[INST]  
 QUESTION: Which point is closer to the camera?
OPTIONS:
0: A is closer
1: B is closer

Answer with the correct option from 0 to 1. Only provide the numeric and nothing else 


Answer:  [/INST] 1 ",1,0,Relative Depth,"[INST]  
 QUESTION: Which point is closer to the camera?
OPTIONS:
0: A is closer
1: B is closer

Answer with the correct option from 0 to 1. Only provide the numeric and nothing else 


Answer:  [/INST] 0 ",0,0,Relative Depth
274,456,"[INST]  
 QUESTION: Which point is closer to the camera?
OPTIONS:
0: A is closer
1: B is closer

Answer with the correct option from 0 to 1. Only provide the numeric and nothing else 


Answer:  [/INST] 1 ",1,1,Relative Depth,"[INST]  
 QUESTION: Which point is closer to the camera?
OPTIONS:
0: A is closer
1: B is closer

Answer with the correct option from 0 to 1. Only provide the numeric and nothing else 


Answer:  [/INST] 0 ",0,1,Relative Depth
275,457,"[INST]  
 QUESTION: Which point is closer to the camera?
OPTIONS:
0: A is closer
1: B is closer

Answer with the correct option from 0 to 1. Only provide the numeric and nothing else 


Answer:  [/INST] 1 ",1,1,Relative Depth,"[INST]  
 QUESTION: Which point is closer to the camera?
OPTIONS:
0: A is closer
1: B is closer

Answer with the correct option from 0 to 1. Only provide the numeric and nothing else 


Answer:  [/INST] 0 ",0,1,Relative Depth
276,459,"[INST]  
 QUESTION: Which point is closer to the camera?
OPTIONS:
0: A is closer
1: B is closer

Answer with the correct option from 0 to 1. Only provide the numeric and nothing else 


Answer:  [/INST] 1 ",1,1,Relative Depth,"[INST]  
 QUESTION: Which point is closer to the camera?
OPTIONS:
0: A is closer
1: B is closer

Answer with the correct option from 0 to 1. Only provide the numeric and nothing else 


Answer:  [/INST] 0 ",0,1,Relative Depth
277,460,"[INST]  
 QUESTION: Which point is closer to the camera?
OPTIONS:
0: A is closer
1: B is closer

Answer with the correct option from 0 to 1. Only provide the numeric and nothing else 


Answer:  [/INST] 1 ",1,1,Relative Depth,"[INST]  
 QUESTION: Which point is closer to the camera?
OPTIONS:
0: A is closer
1: B is closer

Answer with the correct option from 0 to 1. Only provide the numeric and nothing else 


Answer:  [/INST] 0 ",0,1,Relative Depth
278,461,"[INST]  
 QUESTION: Which point is closer to the camera?
OPTIONS:
0: A is closer
1: B is closer

Answer with the correct option from 0 to 1. Only provide the numeric and nothing else 


Answer:  [/INST] 1 ",1,0,Relative Depth,"[INST]  
 QUESTION: Which point is closer to the camera?
OPTIONS:
0: A is closer
1: B is closer

Answer with the correct option from 0 to 1. Only provide the numeric and nothing else 


Answer:  [/INST] 0 ",0,0,Relative Depth
279,464,"[INST]  
 QUESTION: Which point is closer to the camera?
OPTIONS:
0: A is closer
1: B is closer

Answer with the correct option from 0 to 1. Only provide the numeric and nothing else 


Answer:  [/INST] 1 ",1,1,Relative Depth,"[INST]  
 QUESTION: Which point is closer to the camera?
OPTIONS:
0: A is closer
1: B is closer

Answer with the correct option from 0 to 1. Only provide the numeric and nothing else 


Answer:  [/INST] 0 ",0,1,Relative Depth
280,467,"[INST]  
 QUESTION: Which point is closer to the camera?
OPTIONS:
0: A is closer
1: B is closer

Answer with the correct option from 0 to 1. Only provide the numeric and nothing else 


Answer:  [/INST] 1 ",1,0,Relative Depth,"[INST]  
 QUESTION: Which point is closer to the camera?
OPTIONS:
0: A is closer
1: B is closer

Answer with the correct option from 0 to 1. Only provide the numeric and nothing else 


Answer:  [/INST] 0 ",0,0,Relative Depth
281,468,"[INST]  
 QUESTION: Which point is closer to the camera?
OPTIONS:
0: A is closer
1: B is closer

Answer with the correct option from 0 to 1. Only provide the numeric and nothing else 


Answer:  [/INST] 1 ",1,1,Relative Depth,"[INST]  
 QUESTION: Which point is closer to the camera?
OPTIONS:
0: A is closer
1: B is closer

Answer with the correct option from 0 to 1. Only provide the numeric and nothing else 


Answer:  [/INST] 0 ",0,1,Relative Depth
282,470,"[INST]  
 QUESTION: Which point is closer to the camera?
OPTIONS:
0: A is closer
1: B is closer

Answer with the correct option from 0 to 1. Only provide the numeric and nothing else 


Answer:  [/INST] 1 ",1,1,Relative Depth,"[INST]  
 QUESTION: Which point is closer to the camera?
OPTIONS:
0: A is closer
1: B is closer

Answer with the correct option from 0 to 1. Only provide the numeric and nothing else 


Answer:  [/INST] 0 ",0,1,Relative Depth
283,471,"[INST]  
 QUESTION: Which point is closer to the camera?
OPTIONS:
0: A is closer
1: B is closer

Answer with the correct option from 0 to 1. Only provide the numeric and nothing else 


Answer:  [/INST] 1 ",1,0,Relative Depth,"[INST]  
 QUESTION: Which point is closer to the camera?
OPTIONS:
0: A is closer
1: B is closer

Answer with the correct option from 0 to 1. Only provide the numeric and nothing else 


Answer:  [/INST] 0 ",0,0,Relative Depth
284,473,"[INST]  
 QUESTION: Which point is closer to the camera?
OPTIONS:
0: A is closer
1: B is closer

Answer with the correct option from 0 to 1. Only provide the numeric and nothing else 


Answer:  [/INST] 1 ",1,0,Relative Depth,"[INST]  
 QUESTION: Which point is closer to the camera?
OPTIONS:
0: A is closer
1: B is closer

Answer with the correct option from 0 to 1. Only provide the numeric and nothing else 


Answer:  [/INST] 0 ",0,0,Relative Depth
285,474,"[INST]  
 QUESTION: Which point is closer to the camera?
OPTIONS:
0: A is closer
1: B is closer

Answer with the correct option from 0 to 1. Only provide the numeric and nothing else 


Answer:  [/INST] 1 ",1,1,Relative Depth,"[INST]  
 QUESTION: Which point is closer to the camera?
OPTIONS:
0: A is closer
1: B is closer

Answer with the correct option from 0 to 1. Only provide the numeric and nothing else 


Answer:  [/INST] 0 ",0,1,Relative Depth
286,476,"[INST]  
 QUESTION: Which point is closer to the camera?
OPTIONS:
0: A is closer
1: B is closer

Answer with the correct option from 0 to 1. Only provide the numeric and nothing else 


Answer:  [/INST] 1 ",1,0,Relative Depth,"[INST]  
 QUESTION: Which point is closer to the camera?
OPTIONS:
0: A is closer
1: B is closer

Answer with the correct option from 0 to 1. Only provide the numeric and nothing else 


Answer:  [/INST] 0 ",0,0,Relative Depth
287,478,"[INST]  
 QUESTION: Which point is closer to the camera?
OPTIONS:
0: A is closer
1: B is closer

Answer with the correct option from 0 to 1. Only provide the numeric and nothing else 


Answer:  [/INST] 1 ",1,1,Relative Depth,"[INST]  
 QUESTION: Which point is closer to the camera?
OPTIONS:
0: A is closer
1: B is closer

Answer with the correct option from 0 to 1. Only provide the numeric and nothing else 


Answer:  [/INST] 0 ",0,1,Relative Depth
288,479,"[INST]  
 QUESTION: Which point is closer to the camera?
OPTIONS:
0: A is closer
1: B is closer

Answer with the correct option from 0 to 1. Only provide the numeric and nothing else 


Answer:  [/INST] 1 ",1,0,Relative Depth,"[INST]  
 QUESTION: Which point is closer to the camera?
OPTIONS:
0: A is closer
1: B is closer

Answer with the correct option from 0 to 1. Only provide the numeric and nothing else 


Answer:  [/INST] 0 ",0,0,Relative Depth
289,481,"[INST]  
 QUESTION: Which point is closer to the camera?
OPTIONS:
0: A is closer
1: B is closer

Answer with the correct option from 0 to 1. Only provide the numeric and nothing else 


Answer:  [/INST] 1 ",1,1,Relative Depth,"[INST]  
 QUESTION: Which point is closer to the camera?
OPTIONS:
0: A is closer
1: B is closer

Answer with the correct option from 0 to 1. Only provide the numeric and nothing else 


Answer:  [/INST] 0 ",0,1,Relative Depth
290,482,"[INST]  
 QUESTION: Which point is closer to the camera?
OPTIONS:
0: A is closer
1: B is closer

Answer with the correct option from 0 to 1. Only provide the numeric and nothing else 


Answer:  [/INST] 1 ",1,0,Relative Depth,"[INST]  
 QUESTION: Which point is closer to the camera?
OPTIONS:
0: A is closer
1: B is closer

Answer with the correct option from 0 to 1. Only provide the numeric and nothing else 


Answer:  [/INST] 0 ",0,0,Relative Depth
291,488,"[INST]  
 QUESTION: Which point is closer to the camera?
OPTIONS:
0: A is closer
1: B is closer

Answer with the correct option from 0 to 1. Only provide the numeric and nothing else 


Answer:  [/INST] 1 ",1,0,Relative Depth,"[INST]  
 QUESTION: Which point is closer to the camera?
OPTIONS:
0: A is closer
1: B is closer

Answer with the correct option from 0 to 1. Only provide the numeric and nothing else 


Answer:  [/INST] 0 ",0,0,Relative Depth
292,489,"[INST]  
 QUESTION: Which point is closer to the camera?
OPTIONS:
0: A is closer
1: B is closer

Answer with the correct option from 0 to 1. Only provide the numeric and nothing else 


Answer:  [/INST] 1 ",1,0,Relative Depth,"[INST]  
 QUESTION: Which point is closer to the camera?
OPTIONS:
0: A is closer
1: B is closer

Answer with the correct option from 0 to 1. Only provide the numeric and nothing else 


Answer:  [/INST] 0 ",0,0,Relative Depth
293,492,"[INST]  
 QUESTION: Which point is closer to the camera?
OPTIONS:
0: A is closer
1: B is closer

Answer with the correct option from 0 to 1. Only provide the numeric and nothing else 


Answer:  [/INST] 1 ",1,1,Relative Depth,"[INST]  
 QUESTION: Which point is closer to the camera?
OPTIONS:
0: A is closer
1: B is closer

Answer with the correct option from 0 to 1. Only provide the numeric and nothing else 


Answer:  [/INST] 0 ",0,1,Relative Depth
294,493,"[INST]  
 QUESTION: Which point is closer to the camera?
OPTIONS:
0: A is closer
1: B is closer

Answer with the correct option from 0 to 1. Only provide the numeric and nothing else 


Answer:  [/INST] 1 ",1,1,Relative Depth,"[INST]  
 QUESTION: Which point is closer to the camera?
OPTIONS:
0: A is closer
1: B is closer

Answer with the correct option from 0 to 1. Only provide the numeric and nothing else 


Answer:  [/INST] 0 ",0,1,Relative Depth
295,497,"[INST]  
 QUESTION: Which point is closer to the camera?
OPTIONS:
0: A is closer
1: B is closer

Answer with the correct option from 0 to 1. Only provide the numeric and nothing else 


Answer:  [/INST] 1 ",1,1,Relative Depth,"[INST]  
 QUESTION: Which point is closer to the camera?
OPTIONS:
0: A is closer
1: B is closer

Answer with the correct option from 0 to 1. Only provide the numeric and nothing else 


Answer:  [/INST] 0 ",0,1,Relative Depth
296,498,"[INST]  
 QUESTION: Which point is closer to the camera?
OPTIONS:
0: A is closer
1: B is closer

Answer with the correct option from 0 to 1. Only provide the numeric and nothing else 


Answer:  [/INST] 1 ",1,1,Relative Depth,"[INST]  
 QUESTION: Which point is closer to the camera?
OPTIONS:
0: A is closer
1: B is closer

Answer with the correct option from 0 to 1. Only provide the numeric and nothing else 


Answer:  [/INST] 0 ",0,1,Relative Depth
297,499,"[INST]  
 QUESTION: Which point is closer to the camera?
OPTIONS:
0: A is closer
1: B is closer

Answer with the correct option from 0 to 1. Only provide the numeric and nothing else 


Answer:  [/INST] 1 ",1,0,Relative Depth,"[INST]  
 QUESTION: Which point is closer to the camera?
OPTIONS:
0: A is closer
1: B is closer

Answer with the correct option from 0 to 1. Only provide the numeric and nothing else 


Answer:  [/INST] 0 ",0,0,Relative Depth
298,500,"[INST]  
 QUESTION: Which point is closer to the camera?
OPTIONS:
0: A is closer
1: B is closer

Answer with the correct option from 0 to 1. Only provide the numeric and nothing else 


Answer:  [/INST] 1 ",1,0,Relative Depth,"[INST]  
 QUESTION: Which point is closer to the camera?
OPTIONS:
0: A is closer
1: B is closer

Answer with the correct option from 0 to 1. Only provide the numeric and nothing else 


Answer:  [/INST] 0 ",0,0,Relative Depth
299,501,"[INST]  
 QUESTION: Which point is closer to the camera?
OPTIONS:
0: A is closer
1: B is closer

Answer with the correct option from 0 to 1. Only provide the numeric and nothing else 


Answer:  [/INST] 1 ",1,0,Relative Depth,"[INST]  
 QUESTION: Which point is closer to the camera?
OPTIONS:
0: A is closer
1: B is closer

Answer with the correct option from 0 to 1. Only provide the numeric and nothing else 


Answer:  [/INST] 0 ",0,0,Relative Depth
300,504,"[INST]  
 QUESTION: Which point is closer to the camera?
OPTIONS:
0: A is closer
1: B is closer

Answer with the correct option from 0 to 1. Only provide the numeric and nothing else 


Answer:  [/INST] 1 ",1,0,Relative Depth,"[INST]  
 QUESTION: Which point is closer to the camera?
OPTIONS:
0: A is closer
1: B is closer

Answer with the correct option from 0 to 1. Only provide the numeric and nothing else 


Answer:  [/INST] 0 ",0,0,Relative Depth
301,505,"[INST]  
 QUESTION: Which point is closer to the camera?
OPTIONS:
0: A is closer
1: B is closer

Answer with the correct option from 0 to 1. Only provide the numeric and nothing else 


Answer:  [/INST] 1 ",1,1,Relative Depth,"[INST]  
 QUESTION: Which point is closer to the camera?
OPTIONS:
0: A is closer
1: B is closer

Answer with the correct option from 0 to 1. Only provide the numeric and nothing else 


Answer:  [/INST] 0 ",0,1,Relative Depth
302,508,"[INST]  
 QUESTION: Which point is closer to the camera?
OPTIONS:
0: A is closer
1: B is closer

Answer with the correct option from 0 to 1. Only provide the numeric and nothing else 


Answer:  [/INST] 1 ",1,0,Relative Depth,"[INST]  
 QUESTION: Which point is closer to the camera?
OPTIONS:
0: A is closer
1: B is closer

Answer with the correct option from 0 to 1. Only provide the numeric and nothing else 


Answer:  [/INST] 0 ",0,0,Relative Depth
303,509,"[INST]  
 QUESTION: Which point is closer to the camera?
OPTIONS:
0: A is closer
1: B is closer

Answer with the correct option from 0 to 1. Only provide the numeric and nothing else 


Answer:  [/INST] 1 ",1,0,Relative Depth,"[INST]  
 QUESTION: Which point is closer to the camera?
OPTIONS:
0: A is closer
1: B is closer

Answer with the correct option from 0 to 1. Only provide the numeric and nothing else 


Answer:  [/INST] 0 ",0,0,Relative Depth
304,510,"[INST]  
 QUESTION: Which point is closer to the camera?
OPTIONS:
0: A is closer
1: B is closer

Answer with the correct option from 0 to 1. Only provide the numeric and nothing else 


Answer:  [/INST] 1 ",1,1,Relative Depth,"[INST]  
 QUESTION: Which point is closer to the camera?
OPTIONS:
0: A is closer
1: B is closer

Answer with the correct option from 0 to 1. Only provide the numeric and nothing else 


Answer:  [/INST] 0 ",0,1,Relative Depth
305,649,"[INST]  
 QUESTION: Is the car under the cat?
OPTIONS:
0: yes
1: no

Answer with the correct option from 0 to 1. Only provide the numeric and nothing else 


Answer:  [/INST] 0 ",0,0,Spatial Relation,"[INST]  
 QUESTION: Is the car under the cat?
OPTIONS:
0: yes
1: no

Answer with the correct option from 0 to 1. Only provide the numeric and nothing else 


Answer:  [/INST] 1 ",1,0,Spatial Relation
306,650,"[INST]  
 QUESTION: Is the bed at the right side of the dining table?
OPTIONS:
0: yes
1: no

Answer with the correct option from 0 to 1. Only provide the numeric and nothing else 


Answer:  [/INST] 0 ",0,0,Spatial Relation,"[INST]  
 QUESTION: Is the bed at the right side of the dining table?
OPTIONS:
0: yes
1: no

Answer with the correct option from 0 to 1. Only provide the numeric and nothing else 


Answer:  [/INST] 1 ",1,0,Spatial Relation
307,651,"[INST]  
 QUESTION: Is the bowl in front of the apple?
OPTIONS:
0: yes
1: no

Answer with the correct option from 0 to 1. Only provide the numeric and nothing else 


Answer:  [/INST] 0 ",0,0,Spatial Relation,"[INST]  
 QUESTION: Is the bowl in front of the apple?
OPTIONS:
0: yes
1: no

Answer with the correct option from 0 to 1. Only provide the numeric and nothing else 


Answer:  [/INST] 1 ",1,0,Spatial Relation
308,652,"[INST]  
 QUESTION: Is the person on top of the bed?
OPTIONS:
0: yes
1: no

Answer with the correct option from 0 to 1. Only provide the numeric and nothing else 


Answer:  [/INST] 0 ",0,0,Spatial Relation,"[INST]  
 QUESTION: Is the person on top of the bed?
OPTIONS:
0: yes
1: no

Answer with the correct option from 0 to 1. Only provide the numeric and nothing else 


Answer:  [/INST] 1 ",1,0,Spatial Relation
309,653,"[INST]  
 QUESTION: Is the bicycle on the bus?
OPTIONS:
0: yes
1: no

Answer with the correct option from 0 to 1. Only provide the numeric and nothing else 


Answer:  [/INST] 0 ",0,0,Spatial Relation,"[INST]  
 QUESTION: Is the bicycle on the bus?
OPTIONS:
0: yes
1: no

Answer with the correct option from 0 to 1. Only provide the numeric and nothing else 


Answer:  [/INST] 1 ",1,0,Spatial Relation
310,654,"[INST]  
 QUESTION: Is the person next to the banana?
OPTIONS:
0: yes
1: no

Answer with the correct option from 0 to 1. Only provide the numeric and nothing else 


Answer:  [/INST] 0 ",0,0,Spatial Relation,"[INST]  
 QUESTION: Is the person next to the banana?
OPTIONS:
0: yes
1: no

Answer with the correct option from 0 to 1. Only provide the numeric and nothing else 


Answer:  [/INST] 1 ",1,0,Spatial Relation
311,655,"[INST]  
 QUESTION: Is the person touching the kite?
OPTIONS:
0: yes
1: no

Answer with the correct option from 0 to 1. Only provide the numeric and nothing else 


Answer:  [/INST] 0 ",0,0,Spatial Relation,"[INST]  
 QUESTION: Is the person touching the kite?
OPTIONS:
0: yes
1: no

Answer with the correct option from 0 to 1. Only provide the numeric and nothing else 


Answer:  [/INST] 1 ",1,0,Spatial Relation
312,656,"[INST]  
 QUESTION: Is the hair drier left of the person?
OPTIONS:
0: yes
1: no

Answer with the correct option from 0 to 1. Only provide the numeric and nothing else 


Answer:  [/INST] 0 ",0,0,Spatial Relation,"[INST]  
 QUESTION: Is the hair drier left of the person?
OPTIONS:
0: yes
1: no

Answer with the correct option from 0 to 1. Only provide the numeric and nothing else 


Answer:  [/INST] 1 ",1,0,Spatial Relation
313,658,"[INST]  
 QUESTION: Is the person on top of the elephant?
OPTIONS:
0: yes
1: no

Answer with the correct option from 0 to 1. Only provide the numeric and nothing else 


Answer:  [/INST] 0 ",0,0,Spatial Relation,"[INST]  
 QUESTION: Is the person on top of the elephant?
OPTIONS:
0: yes
1: no

Answer with the correct option from 0 to 1. Only provide the numeric and nothing else 


Answer:  [/INST] 1 ",1,0,Spatial Relation
314,660,"[INST]  
 QUESTION: Is the cat touching the wine glass?
OPTIONS:
0: yes
1: no

Answer with the correct option from 0 to 1. Only provide the numeric and nothing else 


Answer:  [/INST] 0 ",0,1,Spatial Relation,"[INST]  
 QUESTION: Is the cat touching the wine glass?
OPTIONS:
0: yes
1: no

Answer with the correct option from 0 to 1. Only provide the numeric and nothing else 


Answer:  [/INST] 1 ",1,1,Spatial Relation
315,661,"[INST]  
 QUESTION: Is the person touching the donut?
OPTIONS:
0: yes
1: no

Answer with the correct option from 0 to 1. Only provide the numeric and nothing else 


Answer:  [/INST] 0 ",0,0,Spatial Relation,"[INST]  
 QUESTION: Is the person touching the donut?
OPTIONS:
0: yes
1: no

Answer with the correct option from 0 to 1. Only provide the numeric and nothing else 


Answer:  [/INST] 1 ",1,0,Spatial Relation
316,662,"[INST]  
 QUESTION: Is the vase behind the cat?
OPTIONS:
0: yes
1: no

Answer with the correct option from 0 to 1. Only provide the numeric and nothing else 


Answer:  [/INST] 0 ",0,1,Spatial Relation,"[INST]  
 QUESTION: Is the vase behind the cat?
OPTIONS:
0: yes
1: no

Answer with the correct option from 0 to 1. Only provide the numeric and nothing else 


Answer:  [/INST] 1 ",1,1,Spatial Relation
317,667,"[INST]  
 QUESTION: Is the laptop touching the teddy bear?
OPTIONS:
0: yes
1: no

Answer with the correct option from 0 to 1. Only provide the numeric and nothing else 


Answer:  [/INST] 0 ",0,0,Spatial Relation,"[INST]  
 QUESTION: Is the laptop touching the teddy bear?
OPTIONS:
0: yes
1: no

Answer with the correct option from 0 to 1. Only provide the numeric and nothing else 


Answer:  [/INST] 1 ",1,0,Spatial Relation
318,668,"[INST]  
 QUESTION: Is the dining table under the cat?
OPTIONS:
0: yes
1: no

Answer with the correct option from 0 to 1. Only provide the numeric and nothing else 


Answer:  [/INST] 0 ",0,0,Spatial Relation,"[INST]  
 QUESTION: Is the dining table under the cat?
OPTIONS:
0: yes
1: no

Answer with the correct option from 0 to 1. Only provide the numeric and nothing else 


Answer:  [/INST] 1 ",1,0,Spatial Relation
319,669,"[INST]  
 QUESTION: Is the pizza touching the person?
OPTIONS:
0: yes
1: no

Answer with the correct option from 0 to 1. Only provide the numeric and nothing else 


Answer:  [/INST] 0 ",0,0,Spatial Relation,"[INST]  
 QUESTION: Is the pizza touching the person?
OPTIONS:
0: yes
1: no

Answer with the correct option from 0 to 1. Only provide the numeric and nothing else 


Answer:  [/INST] 1 ",1,0,Spatial Relation
320,671,"[INST]  
 QUESTION: Is the cat surrounding the teddy bear?
OPTIONS:
0: yes
1: no

Answer with the correct option from 0 to 1. Only provide the numeric and nothing else 


Answer:  [/INST] 0 ",0,0,Spatial Relation,"[INST]  
 QUESTION: Is the cat surrounding the teddy bear?
OPTIONS:
0: yes
1: no

Answer with the correct option from 0 to 1. Only provide the numeric and nothing else 


Answer:  [/INST] 1 ",1,0,Spatial Relation
321,672,"[INST]  
 QUESTION: Is the sheep outside the bottle?
OPTIONS:
0: yes
1: no

Answer with the correct option from 0 to 1. Only provide the numeric and nothing else 


Answer:  [/INST] 0 ",0,0,Spatial Relation,"[INST]  
 QUESTION: Is the sheep outside the bottle?
OPTIONS:
0: yes
1: no

Answer with the correct option from 0 to 1. Only provide the numeric and nothing else 


Answer:  [/INST] 1 ",1,0,Spatial Relation
322,673,"[INST]  
 QUESTION: Is the motorcycle at the left side of the train?
OPTIONS:
0: yes
1: no

Answer with the correct option from 0 to 1. Only provide the numeric and nothing else 


Answer:  [/INST] 0 ",0,1,Spatial Relation,"[INST]  
 QUESTION: Is the motorcycle at the left side of the train?
OPTIONS:
0: yes
1: no

Answer with the correct option from 0 to 1. Only provide the numeric and nothing else 


Answer:  [/INST] 1 ",1,1,Spatial Relation
323,678,"[INST]  
 QUESTION: Is the airplane far away from the bicycle?
OPTIONS:
0: yes
1: no

Answer with the correct option from 0 to 1. Only provide the numeric and nothing else 


Answer:  [/INST] 0 ",0,0,Spatial Relation,"[INST]  
 QUESTION: Is the airplane far away from the bicycle?
OPTIONS:
0: yes
1: no

Answer with the correct option from 0 to 1. Only provide the numeric and nothing else 


Answer:  [/INST] 1 ",1,0,Spatial Relation
324,680,"[INST]  
 QUESTION: Is the car alongside the bus?
OPTIONS:
0: yes
1: no

Answer with the correct option from 0 to 1. Only provide the numeric and nothing else 


Answer:  [/INST] 0 ",0,0,Spatial Relation,"[INST]  
 QUESTION: Is the car alongside the bus?
OPTIONS:
0: yes
1: no

Answer with the correct option from 0 to 1. Only provide the numeric and nothing else 


Answer:  [/INST] 1 ",1,0,Spatial Relation
325,681,"[INST]  
 QUESTION: Is the horse far away from the potted plant?
OPTIONS:
0: yes
1: no

Answer with the correct option from 0 to 1. Only provide the numeric and nothing else 


Answer:  [/INST] 1 ",1,0,Spatial Relation,"[INST]  
 QUESTION: Is the horse far away from the potted plant?
OPTIONS:
0: yes
1: no

Answer with the correct option from 0 to 1. Only provide the numeric and nothing else 


Answer:  [/INST] 0 ",0,0,Spatial Relation
326,685,"[INST]  
 QUESTION: Is the bowl on top of the cat?
OPTIONS:
0: yes
1: no

Answer with the correct option from 0 to 1. Only provide the numeric and nothing else 


Answer:  [/INST] 0 ",0,0,Spatial Relation,"[INST]  
 QUESTION: Is the bowl on top of the cat?
OPTIONS:
0: yes
1: no

Answer with the correct option from 0 to 1. Only provide the numeric and nothing else 


Answer:  [/INST] 1 ",1,0,Spatial Relation
327,686,"[INST]  
 QUESTION: Is the bench right of the bed?
OPTIONS:
0: yes
1: no

Answer with the correct option from 0 to 1. Only provide the numeric and nothing else 


Answer:  [/INST] 0 ",0,0,Spatial Relation,"[INST]  
 QUESTION: Is the bench right of the bed?
OPTIONS:
0: yes
1: no

Answer with the correct option from 0 to 1. Only provide the numeric and nothing else 


Answer:  [/INST] 1 ",1,0,Spatial Relation
328,689,"[INST]  
 QUESTION: Is the cat on the chair?
OPTIONS:
0: yes
1: no

Answer with the correct option from 0 to 1. Only provide the numeric and nothing else 


Answer:  [/INST] 0 ",0,1,Spatial Relation,"[INST]  
 QUESTION: Is the cat on the chair?
OPTIONS:
0: yes
1: no

Answer with the correct option from 0 to 1. Only provide the numeric and nothing else 


Answer:  [/INST] 1 ",1,1,Spatial Relation
329,690,"[INST]  
 QUESTION: Is the cat in the sink?
OPTIONS:
0: yes
1: no

Answer with the correct option from 0 to 1. Only provide the numeric and nothing else 


Answer:  [/INST] 0 ",0,0,Spatial Relation,"[INST]  
 QUESTION: Is the cat in the sink?
OPTIONS:
0: yes
1: no

Answer with the correct option from 0 to 1. Only provide the numeric and nothing else 


Answer:  [/INST] 1 ",1,0,Spatial Relation
330,692,"[INST]  
 QUESTION: Does the cake consist of the truck?
OPTIONS:
0: yes
1: no

Answer with the correct option from 0 to 1. Only provide the numeric and nothing else 


Answer:  [/INST] 0 ",0,1,Spatial Relation,"[INST]  
 QUESTION: Does the cake consist of the truck?
OPTIONS:
0: yes
1: no

Answer with the correct option from 0 to 1. Only provide the numeric and nothing else 


Answer:  [/INST] 1 ",1,1,Spatial Relation
331,695,"[INST]  
 QUESTION: Is the broccoli beside the bowl?
OPTIONS:
0: yes
1: no

Answer with the correct option from 0 to 1. Only provide the numeric and nothing else 


Answer:  [/INST] 0 ",0,1,Spatial Relation,"[INST]  
 QUESTION: Is the broccoli beside the bowl?
OPTIONS:
0: yes
1: no

Answer with the correct option from 0 to 1. Only provide the numeric and nothing else 


Answer:  [/INST] 1 ",1,1,Spatial Relation
332,696,"[INST]  
 QUESTION: Is the dog on top of the motorcycle?
OPTIONS:
0: yes
1: no

Answer with the correct option from 0 to 1. Only provide the numeric and nothing else 


Answer:  [/INST] 0 ",0,0,Spatial Relation,"[INST]  
 QUESTION: Is the dog on top of the motorcycle?
OPTIONS:
0: yes
1: no

Answer with the correct option from 0 to 1. Only provide the numeric and nothing else 


Answer:  [/INST] 1 ",1,0,Spatial Relation
333,697,"[INST]  
 QUESTION: Is the sandwich at the left side of the laptop?
OPTIONS:
0: yes
1: no

Answer with the correct option from 0 to 1. Only provide the numeric and nothing else 


Answer:  [/INST] 0 ",0,1,Spatial Relation,"[INST]  
 QUESTION: Is the sandwich at the left side of the laptop?
OPTIONS:
0: yes
1: no

Answer with the correct option from 0 to 1. Only provide the numeric and nothing else 


Answer:  [/INST] 1 ",1,1,Spatial Relation
334,700,"[INST]  
 QUESTION: Is the orange behind the apple?
OPTIONS:
0: yes
1: no

Answer with the correct option from 0 to 1. Only provide the numeric and nothing else 


Answer:  [/INST] 0 ",0,1,Spatial Relation,"[INST]  
 QUESTION: Is the orange behind the apple?
OPTIONS:
0: yes
1: no

Answer with the correct option from 0 to 1. Only provide the numeric and nothing else 


Answer:  [/INST] 1 ",1,1,Spatial Relation
335,701,"[INST]  
 QUESTION: Is the teddy bear beside the bottle?
OPTIONS:
0: yes
1: no

Answer with the correct option from 0 to 1. Only provide the numeric and nothing else 


Answer:  [/INST] 0 ",0,0,Spatial Relation,"[INST]  
 QUESTION: Is the teddy bear beside the bottle?
OPTIONS:
0: yes
1: no

Answer with the correct option from 0 to 1. Only provide the numeric and nothing else 


Answer:  [/INST] 1 ",1,0,Spatial Relation
336,705,"[INST]  
 QUESTION: Is the cat on the backpack?
OPTIONS:
0: yes
1: no

Answer with the correct option from 0 to 1. Only provide the numeric and nothing else 


Answer:  [/INST] 0 ",0,1,Spatial Relation,"[INST]  
 QUESTION: Is the cat on the backpack?
OPTIONS:
0: yes
1: no

Answer with the correct option from 0 to 1. Only provide the numeric and nothing else 


Answer:  [/INST] 1 ",1,1,Spatial Relation
337,706,"[INST]  
 QUESTION: Is the teddy bear on top of the dining table?
OPTIONS:
0: yes
1: no

Answer with the correct option from 0 to 1. Only provide the numeric and nothing else 


Answer:  [/INST] 0 ",0,0,Spatial Relation,"[INST]  
 QUESTION: Is the teddy bear on top of the dining table?
OPTIONS:
0: yes
1: no

Answer with the correct option from 0 to 1. Only provide the numeric and nothing else 


Answer:  [/INST] 1 ",1,0,Spatial Relation
338,707,"[INST]  
 QUESTION: Is the sandwich touching the dining table?
OPTIONS:
0: yes
1: no

Answer with the correct option from 0 to 1. Only provide the numeric and nothing else 


Answer:  [/INST] 0 ",0,0,Spatial Relation,"[INST]  
 QUESTION: Is the sandwich touching the dining table?
OPTIONS:
0: yes
1: no

Answer with the correct option from 0 to 1. Only provide the numeric and nothing else 


Answer:  [/INST] 1 ",1,0,Spatial Relation
339,709,"[INST]  
 QUESTION: Is the boat on the truck?
OPTIONS:
0: yes
1: no

Answer with the correct option from 0 to 1. Only provide the numeric and nothing else 


Answer:  [/INST] 0 ",0,0,Spatial Relation,"[INST]  
 QUESTION: Is the boat on the truck?
OPTIONS:
0: yes
1: no

Answer with the correct option from 0 to 1. Only provide the numeric and nothing else 


Answer:  [/INST] 1 ",1,0,Spatial Relation
340,710,"[INST]  
 QUESTION: Is the teddy bear facing the book?
OPTIONS:
0: yes
1: no

Answer with the correct option from 0 to 1. Only provide the numeric and nothing else 


Answer:  [/INST] 0 ",0,1,Spatial Relation,"[INST]  
 QUESTION: Is the teddy bear facing the book?
OPTIONS:
0: yes
1: no

Answer with the correct option from 0 to 1. Only provide the numeric and nothing else 


Answer:  [/INST] 1 ",1,1,Spatial Relation
341,711,"[INST]  
 QUESTION: Is the hair drier on the chair?
OPTIONS:
0: yes
1: no

Answer with the correct option from 0 to 1. Only provide the numeric and nothing else 


Answer:  [/INST] 0 ",0,1,Spatial Relation,"[INST]  
 QUESTION: Is the hair drier on the chair?
OPTIONS:
0: yes
1: no

Answer with the correct option from 0 to 1. Only provide the numeric and nothing else 


Answer:  [/INST] 1 ",1,1,Spatial Relation
342,712,"[INST]  
 QUESTION: Is the hot dog far away from the person?
OPTIONS:
0: yes
1: no

Answer with the correct option from 0 to 1. Only provide the numeric and nothing else 


Answer:  [/INST] 1 ",1,0,Spatial Relation,"[INST]  
 QUESTION: Is the hot dog far away from the person?
OPTIONS:
0: yes
1: no

Answer with the correct option from 0 to 1. Only provide the numeric and nothing else 


Answer:  [/INST] 0 ",0,0,Spatial Relation
343,713,"[INST]  
 QUESTION: Is the umbrella behind the cat?
OPTIONS:
0: yes
1: no

Answer with the correct option from 0 to 1. Only provide the numeric and nothing else 


Answer:  [/INST] 0 ",0,0,Spatial Relation,"[INST]  
 QUESTION: Is the umbrella behind the cat?
OPTIONS:
0: yes
1: no

Answer with the correct option from 0 to 1. Only provide the numeric and nothing else 


Answer:  [/INST] 1 ",1,0,Spatial Relation
344,714,"[INST]  
 QUESTION: Is the bicycle under the cat?
OPTIONS:
0: yes
1: no

Answer with the correct option from 0 to 1. Only provide the numeric and nothing else 


Answer:  [/INST] 0 ",0,1,Spatial Relation,"[INST]  
 QUESTION: Is the bicycle under the cat?
OPTIONS:
0: yes
1: no

Answer with the correct option from 0 to 1. Only provide the numeric and nothing else 


Answer:  [/INST] 1 ",1,1,Spatial Relation
345,716,"[INST]  
 QUESTION: Does the sink contain the cat?
OPTIONS:
0: yes
1: no

Answer with the correct option from 0 to 1. Only provide the numeric and nothing else 


Answer:  [/INST] 0 ",0,0,Spatial Relation,"[INST]  
 QUESTION: Does the sink contain the cat?
OPTIONS:
0: yes
1: no

Answer with the correct option from 0 to 1. Only provide the numeric and nothing else 


Answer:  [/INST] 1 ",1,0,Spatial Relation
346,717,"[INST]  
 QUESTION: Does the car contain the dog?
OPTIONS:
0: yes
1: no

Answer with the correct option from 0 to 1. Only provide the numeric and nothing else 


Answer:  [/INST] 1 ",1,1,Spatial Relation,"[INST]  
 QUESTION: Does the car contain the dog?
OPTIONS:
0: yes
1: no

Answer with the correct option from 0 to 1. Only provide the numeric and nothing else 


Answer:  [/INST] 0 ",0,1,Spatial Relation
347,718,"[INST]  
 QUESTION: Is the laptop opposite to the couch?
OPTIONS:
0: yes
1: no

Answer with the correct option from 0 to 1. Only provide the numeric and nothing else 


Answer:  [/INST] 0 ",0,0,Spatial Relation,"[INST]  
 QUESTION: Is the laptop opposite to the couch?
OPTIONS:
0: yes
1: no

Answer with the correct option from 0 to 1. Only provide the numeric and nothing else 


Answer:  [/INST] 1 ",1,0,Spatial Relation
348,720,"[INST]  
 QUESTION: Is the surfboard beside the dining table?
OPTIONS:
0: yes
1: no

Answer with the correct option from 0 to 1. Only provide the numeric and nothing else 


Answer:  [/INST] 0 ",0,0,Spatial Relation,"[INST]  
 QUESTION: Is the surfboard beside the dining table?
OPTIONS:
0: yes
1: no

Answer with the correct option from 0 to 1. Only provide the numeric and nothing else 


Answer:  [/INST] 1 ",1,0,Spatial Relation
349,721,"[INST]  
 QUESTION: Is the fire hydrant touching the teddy bear?
OPTIONS:
0: yes
1: no

Answer with the correct option from 0 to 1. Only provide the numeric and nothing else 


Answer:  [/INST] 0 ",0,0,Spatial Relation,"[INST]  
 QUESTION: Is the fire hydrant touching the teddy bear?
OPTIONS:
0: yes
1: no

Answer with the correct option from 0 to 1. Only provide the numeric and nothing else 


Answer:  [/INST] 1 ",1,0,Spatial Relation
350,723,"[INST]  
 QUESTION: Is the cat facing away from the toilet?
OPTIONS:
0: yes
1: no

Answer with the correct option from 0 to 1. Only provide the numeric and nothing else 


Answer:  [/INST] 0 ",0,1,Spatial Relation,"[INST]  
 QUESTION: Is the cat facing away from the toilet?
OPTIONS:
0: yes
1: no

Answer with the correct option from 0 to 1. Only provide the numeric and nothing else 


Answer:  [/INST] 1 ",1,1,Spatial Relation
351,728,"[INST]  
 QUESTION: Is the person touching the pizza?
OPTIONS:
0: yes
1: no

Answer with the correct option from 0 to 1. Only provide the numeric and nothing else 


Answer:  [/INST] 0 ",0,0,Spatial Relation,"[INST]  
 QUESTION: Is the person touching the pizza?
OPTIONS:
0: yes
1: no

Answer with the correct option from 0 to 1. Only provide the numeric and nothing else 


Answer:  [/INST] 1 ",1,0,Spatial Relation
352,730,"[INST]  
 QUESTION: Is the cat next to the bed?
OPTIONS:
0: yes
1: no

Answer with the correct option from 0 to 1. Only provide the numeric and nothing else 


Answer:  [/INST] 0 ",0,0,Spatial Relation,"[INST]  
 QUESTION: Is the cat next to the bed?
OPTIONS:
0: yes
1: no

Answer with the correct option from 0 to 1. Only provide the numeric and nothing else 


Answer:  [/INST] 1 ",1,0,Spatial Relation
353,731,"[INST]  
 QUESTION: Is the truck below the boat?
OPTIONS:
0: yes
1: no

Answer with the correct option from 0 to 1. Only provide the numeric and nothing else 


Answer:  [/INST] 0 ",0,0,Spatial Relation,"[INST]  
 QUESTION: Is the truck below the boat?
OPTIONS:
0: yes
1: no

Answer with the correct option from 0 to 1. Only provide the numeric and nothing else 


Answer:  [/INST] 1 ",1,0,Spatial Relation
354,732,"[INST]  
 QUESTION: Is the truck in front of the boat?
OPTIONS:
0: yes
1: no

Answer with the correct option from 0 to 1. Only provide the numeric and nothing else 


Answer:  [/INST] 0 ",0,0,Spatial Relation,"[INST]  
 QUESTION: Is the truck in front of the boat?
OPTIONS:
0: yes
1: no

Answer with the correct option from 0 to 1. Only provide the numeric and nothing else 


Answer:  [/INST] 1 ",1,0,Spatial Relation
355,733,"[INST]  
 QUESTION: Is the person at the left side of the bed?
OPTIONS:
0: yes
1: no

Answer with the correct option from 0 to 1. Only provide the numeric and nothing else 


Answer:  [/INST] 0 ",0,1,Spatial Relation,"[INST]  
 QUESTION: Is the person at the left side of the bed?
OPTIONS:
0: yes
1: no

Answer with the correct option from 0 to 1. Only provide the numeric and nothing else 


Answer:  [/INST] 1 ",1,1,Spatial Relation
356,734,"[INST]  
 QUESTION: Is the truck over the cat?
OPTIONS:
0: yes
1: no

Answer with the correct option from 0 to 1. Only provide the numeric and nothing else 


Answer:  [/INST] 0 ",0,0,Spatial Relation,"[INST]  
 QUESTION: Is the truck over the cat?
OPTIONS:
0: yes
1: no

Answer with the correct option from 0 to 1. Only provide the numeric and nothing else 


Answer:  [/INST] 1 ",1,0,Spatial Relation
357,735,"[INST]  
 QUESTION: Is the cup at the left side of the bowl?
OPTIONS:
0: yes
1: no

Answer with the correct option from 0 to 1. Only provide the numeric and nothing else 


Answer:  [/INST] 0 ",0,0,Spatial Relation,"[INST]  
 QUESTION: Is the cup at the left side of the bowl?
OPTIONS:
0: yes
1: no

Answer with the correct option from 0 to 1. Only provide the numeric and nothing else 


Answer:  [/INST] 1 ",1,0,Spatial Relation
358,736,"[INST]  
 QUESTION: Is the dining table beneath the cat?
OPTIONS:
0: yes
1: no

Answer with the correct option from 0 to 1. Only provide the numeric and nothing else 


Answer:  [/INST] 0 ",0,0,Spatial Relation,"[INST]  
 QUESTION: Is the dining table beneath the cat?
OPTIONS:
0: yes
1: no

Answer with the correct option from 0 to 1. Only provide the numeric and nothing else 


Answer:  [/INST] 1 ",1,0,Spatial Relation
359,739,"[INST]  
 QUESTION: Is the tv under the cat?
OPTIONS:
0: yes
1: no

Answer with the correct option from 0 to 1. Only provide the numeric and nothing else 


Answer:  [/INST] 0 ",0,0,Spatial Relation,"[INST]  
 QUESTION: Is the tv under the cat?
OPTIONS:
0: yes
1: no

Answer with the correct option from 0 to 1. Only provide the numeric and nothing else 


Answer:  [/INST] 1 ",1,0,Spatial Relation
360,740,"[INST]  
 QUESTION: Is the cat at the left side of the pizza?
OPTIONS:
0: yes
1: no

Answer with the correct option from 0 to 1. Only provide the numeric and nothing else 


Answer:  [/INST] 0 ",0,0,Spatial Relation,"[INST]  
 QUESTION: Is the cat at the left side of the pizza?
OPTIONS:
0: yes
1: no

Answer with the correct option from 0 to 1. Only provide the numeric and nothing else 


Answer:  [/INST] 1 ",1,0,Spatial Relation
361,741,"[INST]  
 QUESTION: Does the backpack contain the cat?
OPTIONS:
0: yes
1: no

Answer with the correct option from 0 to 1. Only provide the numeric and nothing else 


Answer:  [/INST] 0 ",0,0,Spatial Relation,"[INST]  
 QUESTION: Does the backpack contain the cat?
OPTIONS:
0: yes
1: no

Answer with the correct option from 0 to 1. Only provide the numeric and nothing else 


Answer:  [/INST] 1 ",1,0,Spatial Relation
362,742,"[INST]  
 QUESTION: Is the cat on top of the handbag?
OPTIONS:
0: yes
1: no

Answer with the correct option from 0 to 1. Only provide the numeric and nothing else 


Answer:  [/INST] 0 ",0,0,Spatial Relation,"[INST]  
 QUESTION: Is the cat on top of the handbag?
OPTIONS:
0: yes
1: no

Answer with the correct option from 0 to 1. Only provide the numeric and nothing else 


Answer:  [/INST] 1 ",1,0,Spatial Relation
363,745,"[INST]  
 QUESTION: Is the horse on the cake?
OPTIONS:
0: yes
1: no

Answer with the correct option from 0 to 1. Only provide the numeric and nothing else 


Answer:  [/INST] 0 ",0,0,Spatial Relation,"[INST]  
 QUESTION: Is the horse on the cake?
OPTIONS:
0: yes
1: no

Answer with the correct option from 0 to 1. Only provide the numeric and nothing else 


Answer:  [/INST] 1 ",1,0,Spatial Relation
364,746,"[INST]  
 QUESTION: Is the bicycle in front of the umbrella?
OPTIONS:
0: yes
1: no

Answer with the correct option from 0 to 1. Only provide the numeric and nothing else 


Answer:  [/INST] 0 ",0,0,Spatial Relation,"[INST]  
 QUESTION: Is the bicycle in front of the umbrella?
OPTIONS:
0: yes
1: no

Answer with the correct option from 0 to 1. Only provide the numeric and nothing else 


Answer:  [/INST] 1 ",1,0,Spatial Relation
365,749,"[INST]  
 QUESTION: Is the couch under the suitcase?
OPTIONS:
0: yes
1: no

Answer with the correct option from 0 to 1. Only provide the numeric and nothing else 


Answer:  [/INST] 0 ",0,0,Spatial Relation,"[INST]  
 QUESTION: Is the couch under the suitcase?
OPTIONS:
0: yes
1: no

Answer with the correct option from 0 to 1. Only provide the numeric and nothing else 


Answer:  [/INST] 1 ",1,0,Spatial Relation
366,750,"[INST]  
 QUESTION: Is the dog touching the cat?
OPTIONS:
0: yes
1: no

Answer with the correct option from 0 to 1. Only provide the numeric and nothing else 


Answer:  [/INST] 0 ",0,0,Spatial Relation,"[INST]  
 QUESTION: Is the dog touching the cat?
OPTIONS:
0: yes
1: no

Answer with the correct option from 0 to 1. Only provide the numeric and nothing else 


Answer:  [/INST] 1 ",1,0,Spatial Relation
367,751,"[INST]  
 QUESTION: Is the pizza left of the person?
OPTIONS:
0: yes
1: no

Answer with the correct option from 0 to 1. Only provide the numeric and nothing else 


Answer:  [/INST] 0 ",0,1,Spatial Relation,"[INST]  
 QUESTION: Is the pizza left of the person?
OPTIONS:
0: yes
1: no

Answer with the correct option from 0 to 1. Only provide the numeric and nothing else 


Answer:  [/INST] 1 ",1,1,Spatial Relation
368,752,"[INST]  
 QUESTION: Is the couch under the truck?
OPTIONS:
0: yes
1: no

Answer with the correct option from 0 to 1. Only provide the numeric and nothing else 


Answer:  [/INST] 0 ",0,1,Spatial Relation,"[INST]  
 QUESTION: Is the couch under the truck?
OPTIONS:
0: yes
1: no

Answer with the correct option from 0 to 1. Only provide the numeric and nothing else 


Answer:  [/INST] 1 ",1,1,Spatial Relation
369,756,"[INST]  
 QUESTION: Is the sandwich touching the person?
OPTIONS:
0: yes
1: no

Answer with the correct option from 0 to 1. Only provide the numeric and nothing else 


Answer:  [/INST] 0 ",0,0,Spatial Relation,"[INST]  
 QUESTION: Is the sandwich touching the person?
OPTIONS:
0: yes
1: no

Answer with the correct option from 0 to 1. Only provide the numeric and nothing else 


Answer:  [/INST] 1 ",1,0,Spatial Relation
370,758,"[INST]  
 QUESTION: Is the dining table at the right side of the person?
OPTIONS:
0: yes
1: no

Answer with the correct option from 0 to 1. Only provide the numeric and nothing else 


Answer:  [/INST] 0 ",0,1,Spatial Relation,"[INST]  
 QUESTION: Is the dining table at the right side of the person?
OPTIONS:
0: yes
1: no

Answer with the correct option from 0 to 1. Only provide the numeric and nothing else 


Answer:  [/INST] 1 ",1,1,Spatial Relation
371,759,"[INST]  
 QUESTION: Is the bed under the suitcase?
OPTIONS:
0: yes
1: no

Answer with the correct option from 0 to 1. Only provide the numeric and nothing else 


Answer:  [/INST] 0 ",0,1,Spatial Relation,"[INST]  
 QUESTION: Is the bed under the suitcase?
OPTIONS:
0: yes
1: no

Answer with the correct option from 0 to 1. Only provide the numeric and nothing else 


Answer:  [/INST] 1 ",1,1,Spatial Relation
372,761,"[INST]  
 QUESTION: Is the teddy bear under the dog?
OPTIONS:
0: yes
1: no

Answer with the correct option from 0 to 1. Only provide the numeric and nothing else 


Answer:  [/INST] 0 ",0,1,Spatial Relation,"[INST]  
 QUESTION: Is the teddy bear under the dog?
OPTIONS:
0: yes
1: no

Answer with the correct option from 0 to 1. Only provide the numeric and nothing else 


Answer:  [/INST] 1 ",1,1,Spatial Relation
373,762,"[INST]  
 QUESTION: Is the chair under the horse?
OPTIONS:
0: yes
1: no

Answer with the correct option from 0 to 1. Only provide the numeric and nothing else 


Answer:  [/INST] 0 ",0,1,Spatial Relation,"[INST]  
 QUESTION: Is the chair under the horse?
OPTIONS:
0: yes
1: no

Answer with the correct option from 0 to 1. Only provide the numeric and nothing else 


Answer:  [/INST] 1 ",1,1,Spatial Relation
374,763,"[INST]  
 QUESTION: Is the person below the hair drier?
OPTIONS:
0: yes
1: no

Answer with the correct option from 0 to 1. Only provide the numeric and nothing else 


Answer:  [/INST] 0 ",0,1,Spatial Relation,"[INST]  
 QUESTION: Is the person below the hair drier?
OPTIONS:
0: yes
1: no

Answer with the correct option from 0 to 1. Only provide the numeric and nothing else 


Answer:  [/INST] 1 ",1,1,Spatial Relation
375,764,"[INST]  
 QUESTION: Is the refrigerator far from the cat?
OPTIONS:
0: yes
1: no

Answer with the correct option from 0 to 1. Only provide the numeric and nothing else 


Answer:  [/INST] 1 ",1,1,Spatial Relation,"[INST]  
 QUESTION: Is the refrigerator far from the cat?
OPTIONS:
0: yes
1: no

Answer with the correct option from 0 to 1. Only provide the numeric and nothing else 


Answer:  [/INST] 0 ",0,1,Spatial Relation
376,765,"[INST]  
 QUESTION: Is the dog on the left side of the car?
OPTIONS:
0: yes
1: no

Answer with the correct option from 0 to 1. Only provide the numeric and nothing else 


Answer:  [/INST] 0 ",0,1,Spatial Relation,"[INST]  
 QUESTION: Is the dog on the left side of the car?
OPTIONS:
0: yes
1: no

Answer with the correct option from 0 to 1. Only provide the numeric and nothing else 


Answer:  [/INST] 1 ",1,1,Spatial Relation
377,767,"[INST]  
 QUESTION: Is the bed touching the book?
OPTIONS:
0: yes
1: no

Answer with the correct option from 0 to 1. Only provide the numeric and nothing else 


Answer:  [/INST] 0 ",0,1,Spatial Relation,"[INST]  
 QUESTION: Is the bed touching the book?
OPTIONS:
0: yes
1: no

Answer with the correct option from 0 to 1. Only provide the numeric and nothing else 


Answer:  [/INST] 1 ",1,1,Spatial Relation
378,769,"[INST]  
 QUESTION: Is the bench at the left side of the cat?
OPTIONS:
0: yes
1: no

Answer with the correct option from 0 to 1. Only provide the numeric and nothing else 


Answer:  [/INST] 0 ",0,1,Spatial Relation,"[INST]  
 QUESTION: Is the bench at the left side of the cat?
OPTIONS:
0: yes
1: no

Answer with the correct option from 0 to 1. Only provide the numeric and nothing else 


Answer:  [/INST] 1 ",1,1,Spatial Relation
379,770,"[INST]  
 QUESTION: Is the bed beneath the dog?
OPTIONS:
0: yes
1: no

Answer with the correct option from 0 to 1. Only provide the numeric and nothing else 


Answer:  [/INST] 1 ",1,1,Spatial Relation,"[INST]  
 QUESTION: Is the bed beneath the dog?
OPTIONS:
0: yes
1: no

Answer with the correct option from 0 to 1. Only provide the numeric and nothing else 


Answer:  [/INST] 0 ",0,1,Spatial Relation
380,772,"[INST]  
 QUESTION: Is the person beneath the remote?
OPTIONS:
0: yes
1: no

Answer with the correct option from 0 to 1. Only provide the numeric and nothing else 


Answer:  [/INST] 0 ",0,1,Spatial Relation,"[INST]  
 QUESTION: Is the person beneath the remote?
OPTIONS:
0: yes
1: no

Answer with the correct option from 0 to 1. Only provide the numeric and nothing else 


Answer:  [/INST] 1 ",1,1,Spatial Relation
381,774,"[INST]  
 QUESTION: Is the truck far away from the suitcase?
OPTIONS:
0: yes
1: no

Answer with the correct option from 0 to 1. Only provide the numeric and nothing else 


Answer:  [/INST] 1 ",1,0,Spatial Relation,"[INST]  
 QUESTION: Is the truck far away from the suitcase?
OPTIONS:
0: yes
1: no

Answer with the correct option from 0 to 1. Only provide the numeric and nothing else 


Answer:  [/INST] 0 ",0,0,Spatial Relation
382,775,"[INST]  
 QUESTION: Is the donut on the dining table?
OPTIONS:
0: yes
1: no

Answer with the correct option from 0 to 1. Only provide the numeric and nothing else 


Answer:  [/INST] 0 ",0,0,Spatial Relation,"[INST]  
 QUESTION: Is the donut on the dining table?
OPTIONS:
0: yes
1: no

Answer with the correct option from 0 to 1. Only provide the numeric and nothing else 


Answer:  [/INST] 1 ",1,0,Spatial Relation
383,777,"[INST]  
 QUESTION: Is the cat facing away from the suitcase?
OPTIONS:
0: yes
1: no

Answer with the correct option from 0 to 1. Only provide the numeric and nothing else 


Answer:  [/INST] 0 ",0,0,Spatial Relation,"[INST]  
 QUESTION: Is the cat facing away from the suitcase?
OPTIONS:
0: yes
1: no

Answer with the correct option from 0 to 1. Only provide the numeric and nothing else 


Answer:  [/INST] 1 ",1,0,Spatial Relation
384,778,"[INST]  
 QUESTION: Is the suitcase beside the cat?
OPTIONS:
0: yes
1: no

Answer with the correct option from 0 to 1. Only provide the numeric and nothing else 


Answer:  [/INST] 0 ",0,0,Spatial Relation,"[INST]  
 QUESTION: Is the suitcase beside the cat?
OPTIONS:
0: yes
1: no

Answer with the correct option from 0 to 1. Only provide the numeric and nothing else 


Answer:  [/INST] 1 ",1,0,Spatial Relation
385,779,"[INST]  
 QUESTION: Is the cat facing the refrigerator?
OPTIONS:
0: yes
1: no

Answer with the correct option from 0 to 1. Only provide the numeric and nothing else 


Answer:  [/INST] 0 ",0,0,Spatial Relation,"[INST]  
 QUESTION: Is the cat facing the refrigerator?
OPTIONS:
0: yes
1: no

Answer with the correct option from 0 to 1. Only provide the numeric and nothing else 


Answer:  [/INST] 1 ",1,0,Spatial Relation
386,780,"[INST]  
 QUESTION: Is the banana behind the orange?
OPTIONS:
0: yes
1: no

Answer with the correct option from 0 to 1. Only provide the numeric and nothing else 


Answer:  [/INST] 0 ",0,0,Spatial Relation,"[INST]  
 QUESTION: Is the banana behind the orange?
OPTIONS:
0: yes
1: no

Answer with the correct option from 0 to 1. Only provide the numeric and nothing else 


Answer:  [/INST] 1 ",1,0,Spatial Relation
387,781,"[INST]  
 QUESTION: Is the car under the dog?
OPTIONS:
0: yes
1: no

Answer with the correct option from 0 to 1. Only provide the numeric and nothing else 


Answer:  [/INST] 0 ",0,1,Spatial Relation,"[INST]  
 QUESTION: Is the car under the dog?
OPTIONS:
0: yes
1: no

Answer with the correct option from 0 to 1. Only provide the numeric and nothing else 


Answer:  [/INST] 1 ",1,1,Spatial Relation
388,783,"[INST]  
 QUESTION: Is the teddy bear on top of the cake?
OPTIONS:
0: yes
1: no

Answer with the correct option from 0 to 1. Only provide the numeric and nothing else 


Answer:  [/INST] 0 ",0,0,Spatial Relation,"[INST]  
 QUESTION: Is the teddy bear on top of the cake?
OPTIONS:
0: yes
1: no

Answer with the correct option from 0 to 1. Only provide the numeric and nothing else 


Answer:  [/INST] 1 ",1,0,Spatial Relation
389,787,"[INST]  
 QUESTION: Is the zebra by the person?
OPTIONS:
0: yes
1: no

Answer with the correct option from 0 to 1. Only provide the numeric and nothing else 


Answer:  [/INST] 0 ",0,0,Spatial Relation,"[INST]  
 QUESTION: Is the zebra by the person?
OPTIONS:
0: yes
1: no

Answer with the correct option from 0 to 1. Only provide the numeric and nothing else 


Answer:  [/INST] 1 ",1,0,Spatial Relation
390,788,"[INST]  
 QUESTION: Is the person facing the frisbee?
OPTIONS:
0: yes
1: no

Answer with the correct option from 0 to 1. Only provide the numeric and nothing else 


Answer:  [/INST] 0 ",0,1,Spatial Relation,"[INST]  
 QUESTION: Is the person facing the frisbee?
OPTIONS:
0: yes
1: no

Answer with the correct option from 0 to 1. Only provide the numeric and nothing else 


Answer:  [/INST] 1 ",1,1,Spatial Relation
391,789,"[INST]  
 QUESTION: Is the cat on top of the laptop?
OPTIONS:
0: yes
1: no

Answer with the correct option from 0 to 1. Only provide the numeric and nothing else 


Answer:  [/INST] 0 ",0,1,Spatial Relation,"[INST]  
 QUESTION: Is the cat on top of the laptop?
OPTIONS:
0: yes
1: no

Answer with the correct option from 0 to 1. Only provide the numeric and nothing else 


Answer:  [/INST] 1 ",1,1,Spatial Relation
392,790,"[INST]  
 QUESTION: Is the person behind the cup?
OPTIONS:
0: yes
1: no

Answer with the correct option from 0 to 1. Only provide the numeric and nothing else 


Answer:  [/INST] 0 ",0,1,Spatial Relation,"[INST]  
 QUESTION: Is the person behind the cup?
OPTIONS:
0: yes
1: no

Answer with the correct option from 0 to 1. Only provide the numeric and nothing else 


Answer:  [/INST] 1 ",1,1,Spatial Relation
