,idx_main,outputwImg,predictionwImg,gold_referencewImg,tagwImg,outputwoImg,predictionwoImg,gold_referencewoImg,tagwoImg
0,1,"[INST]  
 QUESTION: Which kite has the longest string?
<image1>
OPTIONS:
0: A
1: B
2: C
3: D
4: E

Answer with the correct option from 0 to 4. Only provide the numeric and nothing else 

Answer:  [/INST] 1 ",1,2,1,"[INST]  
 QUESTION: Which kite has the longest string?
<image1>
OPTIONS:
0: A
1: B
2: C
3: D
4: E

Answer with the correct option from 0 to 4. Only provide the numeric and nothing else 

Answer:  [/INST] 0 ",0,2,1
1,3,"[INST]  
 QUESTION: A squirrel is following the paths of labyrinth and collecting food for winter. Which stuff it will not be able to take?
<image1>
OPTIONS:
0: A
1: B
2: C
3: D
4: E

Answer with the correct option from 0 to 4. Only provide the numeric and nothing else 

Answer:  [/INST] 1 ",1,3,1,"[INST]  
 QUESTION: A squirrel is following the paths of labyrinth and collecting food for winter. Which stuff it will not be able to take?
<image1>
OPTIONS:
0: A
1: B
2: C
3: D
4: E

Answer with the correct option from 0 to 4. Only provide the numeric and nothing else 

Answer:  [/INST] 0 ",0,3,1
2,4,"[INST]  
 QUESTION: Which of these figures differs from the rest four?
<image1>
OPTIONS:
0: A
1: B
2: C
3: D
4: E

Answer with the correct option from 0 to 4. Only provide the numeric and nothing else 

Answer:  [/INST] 3 ",3,4,2,"[INST]  
 QUESTION: Which of these figures differs from the rest four?
<image1>
OPTIONS:
0: A
1: B
2: C
3: D
4: E

Answer with the correct option from 0 to 4. Only provide the numeric and nothing else 

Answer:  [/INST] 1 ",1,4,2
3,10,"[INST]  
 QUESTION: The ladybird would like to sit on his flower. The flower has five petals and the stem has three leaves. On which flower should the ladybird sit?
<image1>
OPTIONS:
0: A
1: B
2: C
3: D
4: E

Answer with the correct option from 0 to 4. Only provide the numeric and nothing else 

Answer:  [/INST] 1 ",1,1,1,"[INST]  
 QUESTION: The ladybird would like to sit on his flower. The flower has five petals and the stem has three leaves. On which flower should the ladybird sit?
<image1>
OPTIONS:
0: A
1: B
2: C
3: D
4: E

Answer with the correct option from 0 to 4. Only provide the numeric and nothing else 

Answer:  [/INST] 0 ",0,1,1
4,12,"[INST]  
 QUESTION: How many ducks weigh the same as a crocodile?
<image1>
<image2>
OPTIONS:
0: A
1: B
2: C
3: D
4: E

Answer with the correct option from 0 to 4. Only provide the numeric and nothing else 

Answer:  [/INST] 1 ",1,1,2,"[INST]  
 QUESTION: How many ducks weigh the same as a crocodile?
<image1>
<image2>
OPTIONS:
0: A
1: B
2: C
3: D
4: E

Answer with the correct option from 0 to 4. Only provide the numeric and nothing else 

Answer:  [/INST] 0 ",0,1,2
5,26,"[INST]  
 QUESTION: Gerda walks along the road and writes down the letters she can see on her right hand side. Which word is formed while Gerda walks from point 1 to point 2?
<image1>
OPTIONS:
0: KNAO
1: KNGO
2: KNR
3: AGRO
4: KAO

Answer with the correct option from 0 to 4. Only provide the numeric and nothing else 

Answer:  [/INST] 0 ",0,0,1,"[INST]  
 QUESTION: Gerda walks along the road and writes down the letters she can see on her right hand side. Which word is formed while Gerda walks from point 1 to point 2?
<image1>
OPTIONS:
0: KNAO
1: KNGO
2: KNR
3: AGRO
4: KAO

Answer with the correct option from 0 to 4. Only provide the numeric and nothing else 

Answer:  [/INST] 1 ",1,0,1
6,27,"[INST]  
 QUESTION: Konrad has some pieces of cardboard which all look like this:
<image1>
Which of the shapes below can he not make out of these pieces?
<image2>
OPTIONS:
0: A
1: B
2: C
3: D
4: E

Answer with the correct option from 0 to 4. Only provide the numeric and nothing else 

Answer:  [/INST] 3 ",3,3,1,"[INST]  
 QUESTION: Konrad has some pieces of cardboard which all look like this:
<image1>
Which of the shapes below can he not make out of these pieces?
<image2>
OPTIONS:
0: A
1: B
2: C
3: D
4: E

Answer with the correct option from 0 to 4. Only provide the numeric and nothing else 

Answer:  [/INST] 1 ",1,3,1
7,29,"[INST]  
 QUESTION: Ellen wants to decorate the butterfly Which butterfly can she make?
<image1>
using these 6 stickers
<image2>
<image3>
OPTIONS:
0: A
1: B
2: C
3: D
4: E

Answer with the correct option from 0 to 4. Only provide the numeric and nothing else 

Answer:  [/INST] 1 ",1,0,1,"[INST]  
 QUESTION: Ellen wants to decorate the butterfly Which butterfly can she make?
<image1>
using these 6 stickers
<image2>
<image3>
OPTIONS:
0: A
1: B
2: C
3: D
4: E

Answer with the correct option from 0 to 4. Only provide the numeric and nothing else 

Answer:  [/INST] 0 ",0,0,1
8,41,"[INST]  
 QUESTION: Lisa needs exactly 3 pieces to complete her jigsaw.
Which of the 4 pieces is left over?
<image1>
<image2>
OPTIONS:
0: A
1: B
2: C
3: D
4: C or D

Answer with the correct option from 0 to 4. Only provide the numeric and nothing else 

Answer:  [/INST] 1 ",1,0,1,"[INST]  
 QUESTION: Lisa needs exactly 3 pieces to complete her jigsaw.
Which of the 4 pieces is left over?
<image1>
<image2>
OPTIONS:
0: A
1: B
2: C
3: D
4: C or D

Answer with the correct option from 0 to 4. Only provide the numeric and nothing else 

Answer:  [/INST] 4 ",4,0,1
9,58,"[INST]  
 QUESTION: Ana has the cards shown on the left. She chooses several of them to assemble the tower shown on the right. Which cards did she not use?
<image1>
<image2>
<image3>
OPTIONS:
0: A
1: B
2: C
3: D
4: E

Answer with the correct option from 0 to 4. Only provide the numeric and nothing else 

Answer:  [/INST] 4 ",4,2,1,"[INST]  
 QUESTION: Ana has the cards shown on the left. She chooses several of them to assemble the tower shown on the right. Which cards did she not use?
<image1>
<image2>
<image3>
OPTIONS:
0: A
1: B
2: C
3: D
4: E

Answer with the correct option from 0 to 4. Only provide the numeric and nothing else 

Answer:  [/INST] 0 ",0,2,1
10,64,"[INST]  
 QUESTION: Turning a card around on the top side, we see the photo of the kangaroo. Instead, if we turn the card around on the right side, what will appear?
<image1>
<image2>
OPTIONS:
0: A
1: B
2: C
3: D
4: E

Answer with the correct option from 0 to 4. Only provide the numeric and nothing else 

Answer:  [/INST] 1 ",1,3,2,"[INST]  
 QUESTION: Turning a card around on the top side, we see the photo of the kangaroo. Instead, if we turn the card around on the right side, what will appear?
<image1>
<image2>
OPTIONS:
0: A
1: B
2: C
3: D
4: E

Answer with the correct option from 0 to 4. Only provide the numeric and nothing else 

Answer:  [/INST] 0 ",0,3,2
11,82,"[INST]  
 QUESTION: A monkey has torn off a piece of Captain Jack's map.
<image1>
What does the piece the monkey has torn off look like?
<image2>
OPTIONS:
0: A
1: B
2: C
3: D
4: E

Answer with the correct option from 0 to 4. Only provide the numeric and nothing else 

Answer:  [/INST] 1 ",1,1,1,"[INST]  
 QUESTION: A monkey has torn off a piece of Captain Jack's map.
<image1>
What does the piece the monkey has torn off look like?
<image2>
OPTIONS:
0: A
1: B
2: C
3: D
4: E

Answer with the correct option from 0 to 4. Only provide the numeric and nothing else 

Answer:  [/INST] 0 ",0,1,1
12,94,"[INST]  
 QUESTION: Each of the children Ali, Lea, Josef, Vittorio and Sophie get a birthday cake. The number on top of the cake shows how old the child is. Lea is two years older than Josef, but one year younger than Ali. Vittorio is the youngest. Which cake belongs to Sophie?
<image1>
OPTIONS:
0: A
1: B
2: C
3: D
4: E

Answer with the correct option from 0 to 4. Only provide the numeric and nothing else 

Answer:  [/INST] 1 ",1,2,3,"[INST]  
 QUESTION: Each of the children Ali, Lea, Josef, Vittorio and Sophie get a birthday cake. The number on top of the cake shows how old the child is. Lea is two years older than Josef, but one year younger than Ali. Vittorio is the youngest. Which cake belongs to Sophie?
<image1>
OPTIONS:
0: A
1: B
2: C
3: D
4: E

Answer with the correct option from 0 to 4. Only provide the numeric and nothing else 

Answer:  [/INST] 3 ",3,2,3
13,96,"[INST]  
 QUESTION: In a square of side $s$, where $s$ is an odd integer, the squares of side 1 on the diagonals are colored (like in the picture, where the square is of side 7). How many white squares are there?
<image1>
OPTIONS:
0: $s^{2}+1-2 s$
1: $s^{2}+4-4 s$
2: $2 s^{2}+1-4 s$
3: $s^{2}-1-2 s$
4: $s^{2}-2 s$

Answer with the correct option from 0 to 4. Only provide the numeric and nothing else 

Answer:  [/INST] 0 ",0,0,5,"[INST]  
 QUESTION: In a square of side $s$, where $s$ is an odd integer, the squares of side 1 on the diagonals are colored (like in the picture, where the square is of side 7). How many white squares are there?
<image1>
OPTIONS:
0: $s^{2}+1-2 s$
1: $s^{2}+4-4 s$
2: $2 s^{2}+1-4 s$
3: $s^{2}-1-2 s$
4: $s^{2}-2 s$

Answer with the correct option from 0 to 4. Only provide the numeric and nothing else 

Answer:  [/INST] 1 ",1,0,5
14,106,"[INST]  
 QUESTION: In the quadrilateral $A B C D$ the diagonal $B D$ is the bisector of $\angle A B C$ and $A C=B C$. Given $\angle B D C=80^{\circ}$ and $\angle A C B=20^{\circ}, \angle B A D$ is equal to:
<image1>
OPTIONS:
0: $90^{\circ}$
1: $100^{\circ}$
2: $110^{\circ}$
3: $120^{\circ}$
4: $135^{\circ}$

Answer with the correct option from 0 to 4. Only provide the numeric and nothing else 

Answer:  [/INST] 0 ",0,3,4,"[INST]  
 QUESTION: In the quadrilateral $A B C D$ the diagonal $B D$ is the bisector of $\angle A B C$ and $A C=B C$. Given $\angle B D C=80^{\circ}$ and $\angle A C B=20^{\circ}, \angle B A D$ is equal to:
<image1>
OPTIONS:
0: $90^{\circ}$
1: $100^{\circ}$
2: $110^{\circ}$
3: $120^{\circ}$
4: $135^{\circ}$

Answer with the correct option from 0 to 4. Only provide the numeric and nothing else 

Answer:  [/INST] 1 ",1,3,4
15,111,"[INST]  
 QUESTION: In how many ways can all the numbers $1,2,3,4,5,6$ be written in the squares of the figure (one in each square) so that there are no adjacent squares in which the difference of the numbers written is equal to 3? (Squares that share only a corner are not considered adjacent.)
<image1>
OPTIONS:
0: $3 \cdot 2^{5}$
1: $3^{6}$
2: $6^{3}$
3: $2 \cdot 3^{5}$
4: $3 \cdot 5^{2}$

Answer with the correct option from 0 to 4. Only provide the numeric and nothing else 

Answer:  [/INST] 1 ",1,0,5,"[INST]  
 QUESTION: In how many ways can all the numbers $1,2,3,4,5,6$ be written in the squares of the figure (one in each square) so that there are no adjacent squares in which the difference of the numbers written is equal to 3? (Squares that share only a corner are not considered adjacent.)
<image1>
OPTIONS:
0: $3 \cdot 2^{5}$
1: $3^{6}$
2: $6^{3}$
3: $2 \cdot 3^{5}$
4: $3 \cdot 5^{2}$

Answer with the correct option from 0 to 4. Only provide the numeric and nothing else 

Answer:  [/INST] 0 ",0,0,5
16,115,"[INST]  
 QUESTION: The segment $A E$ is divided into four equal parts and semicircles are drawn taking $A E, A D$ and $D E$ as diameters, creating two paths from $A$ to $E$ as shown. Determine the ratio of the length of the upper path to the length of the lower path.
<image1>
OPTIONS:
0: $1: 2$
1: $2: 3$
2: $2: 1$
3: $3: 2$
4: $1: 1$

Answer with the correct option from 0 to 4. Only provide the numeric and nothing else 

Answer:  [/INST] 1 ",1,4,5,"[INST]  
 QUESTION: The segment $A E$ is divided into four equal parts and semicircles are drawn taking $A E, A D$ and $D E$ as diameters, creating two paths from $A$ to $E$ as shown. Determine the ratio of the length of the upper path to the length of the lower path.
<image1>
OPTIONS:
0: $1: 2$
1: $2: 3$
2: $2: 1$
3: $3: 2$
4: $1: 1$

Answer with the correct option from 0 to 4. Only provide the numeric and nothing else 

Answer:  [/INST] 0 ",0,4,5
17,123,"[INST]  
 QUESTION: In the diagram on the right we want to colour the fields with the colours A, B, C and D so that adjacent fields are always in different colours. (Even fields that share only one corner, count as adjacent.) Some fields have already been coloured in. In which colour can the grey field be coloured in?
<image1>
OPTIONS:
0: either A or B
1: only C
2: only D
3: either C or D
4: A, B, C or D

Answer with the correct option from 0 to 4. Only provide the numeric and nothing else 

Answer:  [/INST] 1 ",1,3,5,"[INST]  
 QUESTION: In the diagram on the right we want to colour the fields with the colours A, B, C and D so that adjacent fields are always in different colours. (Even fields that share only one corner, count as adjacent.) Some fields have already been coloured in. In which colour can the grey field be coloured in?
<image1>
OPTIONS:
0: either A or B
1: only C
2: only D
3: either C or D
4: A, B, C or D

Answer with the correct option from 0 to 4. Only provide the numeric and nothing else 

Answer:  [/INST] 3 ",3,3,5
18,131,"[INST]  
 QUESTION: In the figure the square has side length 2. The semi-circles pass through the midpoint of the square and have their centres on the corners of the square. The grey circles have their centres on the sides of the square and touch the semi-circles. How big is the total area of the grey parts?
<image1>
OPTIONS:
0: $4 \cdot(3-2 \sqrt{2}) \cdot \pi$
1: $\sqrt{2} \cdot \pi$
2: $\frac{\sqrt{3}}{4} \cdot \pi$
3: $\pi$
4: $\frac{1}{4} \cdot \pi$

Answer with the correct option from 0 to 4. Only provide the numeric and nothing else 

Answer:  [/INST] 1 ",1,0,5,"[INST]  
 QUESTION: In the figure the square has side length 2. The semi-circles pass through the midpoint of the square and have their centres on the corners of the square. The grey circles have their centres on the sides of the square and touch the semi-circles. How big is the total area of the grey parts?
<image1>
OPTIONS:
0: $4 \cdot(3-2 \sqrt{2}) \cdot \pi$
1: $\sqrt{2} \cdot \pi$
2: $\frac{\sqrt{3}}{4} \cdot \pi$
3: $\pi$
4: $\frac{1}{4} \cdot \pi$

Answer with the correct option from 0 to 4. Only provide the numeric and nothing else 

Answer:  [/INST] 0 ",0,0,5
19,132,"[INST]  
 QUESTION: The chord $A B$ touches the smaller of the two concentric circles. The length $A B=$ 16. How big is the area of the grey part?
<image1>
OPTIONS:
0: $32 \pi$
1: $63 \pi$
2: $64 \pi$
3: $32 \pi^{2}$
4: It depends on the radius of the circles.

Answer with the correct option from 0 to 4. Only provide the numeric and nothing else 

Answer:  [/INST] 1 ",1,2,5,"[INST]  
 QUESTION: The chord $A B$ touches the smaller of the two concentric circles. The length $A B=$ 16. How big is the area of the grey part?
<image1>
OPTIONS:
0: $32 \pi$
1: $63 \pi$
2: $64 \pi$
3: $32 \pi^{2}$
4: It depends on the radius of the circles.

Answer with the correct option from 0 to 4. Only provide the numeric and nothing else 

Answer:  [/INST] 4 ",4,2,5
20,137,"[INST]  
 QUESTION: Jan cannot draw very accurately but nevertheless he tried to produce a roadmap of his village. The relative position of the houses and the street crossings are all correct but three of the roads are actually straight and only Qurwik street is not. Who lives in Qurwik street?
<image1>
OPTIONS:
0: Amy
1: Ben
2: Carol
3: David
4: It cannot be determined from the drawing.

Answer with the correct option from 0 to 4. Only provide the numeric and nothing else 

Answer:  [/INST] 3 ",3,2,1,"[INST]  
 QUESTION: Jan cannot draw very accurately but nevertheless he tried to produce a roadmap of his village. The relative position of the houses and the street crossings are all correct but three of the roads are actually straight and only Qurwik street is not. Who lives in Qurwik street?
<image1>
OPTIONS:
0: Amy
1: Ben
2: Carol
3: David
4: It cannot be determined from the drawing.

Answer with the correct option from 0 to 4. Only provide the numeric and nothing else 

Answer:  [/INST] 4 ",4,2,1
21,144,"[INST]  
 QUESTION: How big is the angle $\alpha$ in the regular five-sided star shown?
<image1>
OPTIONS:
0: $24^{\circ}$
1: $30^{\circ}$
2: $36^{\circ}$
3: $45^{\circ}$
4: $72^{\circ}$

Answer with the correct option from 0 to 4. Only provide the numeric and nothing else 

Answer:  [/INST] 1 ",1,2,4,"[INST]  
 QUESTION: How big is the angle $\alpha$ in the regular five-sided star shown?
<image1>
OPTIONS:
0: $24^{\circ}$
1: $30^{\circ}$
2: $36^{\circ}$
3: $45^{\circ}$
4: $72^{\circ}$

Answer with the correct option from 0 to 4. Only provide the numeric and nothing else 

Answer:  [/INST] 0 ",0,2,4
22,157,"[INST]  
 QUESTION: In the diagram on the right the following can be seen: a straight line, which is the common tangent of two touching circles with radius 1, and a square with one edge on the straight line and the other vertices one on each of the two circles. How big is the side length of the square?
<image1>
OPTIONS:
0: $\frac{2}{5}$
1: $\frac{1}{4}$
2: $\frac{1}{\sqrt{2}}$
3: $\frac{1}{\sqrt{5}}$
4: $\frac{1}{2}$

Answer with the correct option from 0 to 4. Only provide the numeric and nothing else 

Answer:  [/INST] 1 ",1,0,5,"[INST]  
 QUESTION: In the diagram on the right the following can be seen: a straight line, which is the common tangent of two touching circles with radius 1, and a square with one edge on the straight line and the other vertices one on each of the two circles. How big is the side length of the square?
<image1>
OPTIONS:
0: $\frac{2}{5}$
1: $\frac{1}{4}$
2: $\frac{1}{\sqrt{2}}$
3: $\frac{1}{\sqrt{5}}$
4: $\frac{1}{2}$

Answer with the correct option from 0 to 4. Only provide the numeric and nothing else 

Answer:  [/INST] 2 ",2,0,5
23,163,"[INST]  
 QUESTION: The diagram shows three concentric circles and two perpendicular, common diameters of the three circles. The three grey sections are of equal area, the small circle has radius 1. What is the product of the radii of the three circles?
<image1>
OPTIONS:
0: $\sqrt{6}$
1: 3
2: $\frac{3 \sqrt{3}}{2}$
3: $2 \sqrt{2}$
4: 6

Answer with the correct option from 0 to 4. Only provide the numeric and nothing else 

Answer:  [/INST] 4 ",4,0,5,"[INST]  
 QUESTION: The diagram shows three concentric circles and two perpendicular, common diameters of the three circles. The three grey sections are of equal area, the small circle has radius 1. What is the product of the radii of the three circles?
<image1>
OPTIONS:
0: $\sqrt{6}$
1: 3
2: $\frac{3 \sqrt{3}}{2}$
3: $2 \sqrt{2}$
4: 6

Answer with the correct option from 0 to 4. Only provide the numeric and nothing else 

Answer:  [/INST] 1 ",1,0,5
24,164,"[INST]  
 QUESTION: On a standard die the sum of the numbers on opposite faces is always 7. Two identical standard dice are shown in the figure. How many dots could there be on the non-visible right-hand face (marked with ""?"")?
<image1>
OPTIONS:
0: only 5
1: only 2
2: either 2 or 5
3: either 1, 2, 3 or 5
4: either 2,3 or 5

Answer with the correct option from 0 to 4. Only provide the numeric and nothing else 

Answer:  [/INST] 3 ",3,0,3,"[INST]  
 QUESTION: On a standard die the sum of the numbers on opposite faces is always 7. Two identical standard dice are shown in the figure. How many dots could there be on the non-visible right-hand face (marked with ""?"")?
<image1>
OPTIONS:
0: only 5
1: only 2
2: either 2 or 5
3: either 1, 2, 3 or 5
4: either 2,3 or 5

Answer with the correct option from 0 to 4. Only provide the numeric and nothing else 

Answer:  [/INST] 2 ",2,0,3
25,165,"[INST]  
 QUESTION: The curve in the diagram is defined by the equation
$$
\left(x^{2}+y^{2}-2 x\right)^{2}=2\left(x^{2}+y^{2}\right)
$$
Which of the lines $a, b, c, d$ is the $y$-axis?
<image1>
OPTIONS:
0: $a$
1: $b$
2: $c$
3: $d$
4: none of them

Answer with the correct option from 0 to 4. Only provide the numeric and nothing else 

Answer:  [/INST] 1 ",1,0,4,"[INST]  
 QUESTION: The curve in the diagram is defined by the equation
$$
\left(x^{2}+y^{2}-2 x\right)^{2}=2\left(x^{2}+y^{2}\right)
$$
Which of the lines $a, b, c, d$ is the $y$-axis?
<image1>
OPTIONS:
0: $a$
1: $b$
2: $c$
3: $d$
4: none of them

Answer with the correct option from 0 to 4. Only provide the numeric and nothing else 

Answer:  [/INST] 0 ",0,0,4
26,166,"[INST]  
 QUESTION: In the rectangle $A B C D$ pictured, $M_{1}$ is the midpoint of $D C, M_{2}$ the midpoint of $A M_{1}, M_{3}$ the midpoint of $B M_{2}$ and $M_{4}$ the midpoint of $C M_{3}$. Determine the ratio of the area of the quadrilateral $M_{1} M_{2} M_{3} M_{4}$ to the area of the rectangle $A B C D$.
<image1>
OPTIONS:
0: $\frac{7}{16}$
1: $\frac{3}{16}$
2: $\frac{7}{32}$
3: $\frac{9}{32}$
4: $\frac{1}{5}$

Answer with the correct option from 0 to 4. Only provide the numeric and nothing else 

Answer:  [/INST] 0 ",0,2,5,"[INST]  
 QUESTION: In the rectangle $A B C D$ pictured, $M_{1}$ is the midpoint of $D C, M_{2}$ the midpoint of $A M_{1}, M_{3}$ the midpoint of $B M_{2}$ and $M_{4}$ the midpoint of $C M_{3}$. Determine the ratio of the area of the quadrilateral $M_{1} M_{2} M_{3} M_{4}$ to the area of the rectangle $A B C D$.
<image1>
OPTIONS:
0: $\frac{7}{16}$
1: $\frac{3}{16}$
2: $\frac{7}{32}$
3: $\frac{9}{32}$
4: $\frac{1}{5}$

Answer with the correct option from 0 to 4. Only provide the numeric and nothing else 

Answer:  [/INST] 1 ",1,2,5
27,169,"[INST]  
 QUESTION: The rectangles $S_{1}$ and $S_{2}$ shown in the picture have the same area. Determine the ratio $x: y$.
<image1>
OPTIONS:
0: $1: 1$
1: $3: 2$
2: $4: 3$
3: $7: 4$
4: $8: 5$

Answer with the correct option from 0 to 4. Only provide the numeric and nothing else 

Answer:  [/INST] 1 ",1,4,4,"[INST]  
 QUESTION: The rectangles $S_{1}$ and $S_{2}$ shown in the picture have the same area. Determine the ratio $x: y$.
<image1>
OPTIONS:
0: $1: 1$
1: $3: 2$
2: $4: 3$
3: $7: 4$
4: $8: 5$

Answer with the correct option from 0 to 4. Only provide the numeric and nothing else 

Answer:  [/INST] 0 ",0,4,4
28,171,"[INST]  
 QUESTION: In this number pyramid each number in a higher cell is equal to the product of the two numbers in the cells immediately underneath that number. Which of the following numbers cannot appear in the topmost cell, if the cells on the bottom row hold natural numbers greater than 1 only?
<image1>
OPTIONS:
0: 56
1: 84
2: 90
3: 105
4: 220

Answer with the correct option from 0 to 4. Only provide the numeric and nothing else 

Answer:  [/INST] 0 ",0,3,5,"[INST]  
 QUESTION: In this number pyramid each number in a higher cell is equal to the product of the two numbers in the cells immediately underneath that number. Which of the following numbers cannot appear in the topmost cell, if the cells on the bottom row hold natural numbers greater than 1 only?
<image1>
OPTIONS:
0: 56
1: 84
2: 90
3: 105
4: 220

Answer with the correct option from 0 to 4. Only provide the numeric and nothing else 

Answer:  [/INST] 1 ",1,3,5
29,177,"[INST]  
 QUESTION: Four of the following five pictures show pieces of the graph of the same quadratic function. Which piece does not belong?
<image1>
OPTIONS:
0: A
1: B
2: C
3: D
4: E

Answer with the correct option from 0 to 4. Only provide the numeric and nothing else 

Answer:  [/INST] 3 ",3,2,4,"[INST]  
 QUESTION: Four of the following five pictures show pieces of the graph of the same quadratic function. Which piece does not belong?
<image1>
OPTIONS:
0: A
1: B
2: C
3: D
4: E

Answer with the correct option from 0 to 4. Only provide the numeric and nothing else 

Answer:  [/INST] 1 ",1,2,4
30,183,"[INST]  
 QUESTION: We look at a regular tetrahedron with volume 1. Its four vertices are cut off by planes that go through the midpoints of the respective edges (see diagram). How big is the volume of the remaining solid?
<image1>
OPTIONS:
0: $\frac{4}{5}$
1: $\frac{3}{4}$
2: $\frac{2}{3}$
3: $\frac{1}{2}$
4: $\frac{1}{3}$

Answer with the correct option from 0 to 4. Only provide the numeric and nothing else 

Answer:  [/INST] 1 ",1,3,3,"[INST]  
 QUESTION: We look at a regular tetrahedron with volume 1. Its four vertices are cut off by planes that go through the midpoints of the respective edges (see diagram). How big is the volume of the remaining solid?
<image1>
OPTIONS:
0: $\frac{4}{5}$
1: $\frac{3}{4}$
2: $\frac{2}{3}$
3: $\frac{1}{2}$
4: $\frac{1}{3}$

Answer with the correct option from 0 to 4. Only provide the numeric and nothing else 

Answer:  [/INST] 0 ",0,3,3
31,186,"[INST]  
 QUESTION: The faces of the brick have the areas A, B and C as shown. How big is the volume of the brick?
<image1>
OPTIONS:
0: $A B C$
1: $\sqrt{A B C}$
2: $\sqrt{A B+B C+C A}$
3: $\sqrt[3]{A B C}$
4: $2(A+B+C)$

Answer with the correct option from 0 to 4. Only provide the numeric and nothing else 

Answer:  [/INST] 0 ",0,1,3,"[INST]  
 QUESTION: The faces of the brick have the areas A, B and C as shown. How big is the volume of the brick?
<image1>
OPTIONS:
0: $A B C$
1: $\sqrt{A B C}$
2: $\sqrt{A B+B C+C A}$
3: $\sqrt[3]{A B C}$
4: $2(A+B+C)$

Answer with the correct option from 0 to 4. Only provide the numeric and nothing else 

Answer:  [/INST] 2 ",2,1,3
32,189,"[INST]  
 QUESTION: An octahedron is inscribed into a die with side length 1. The vertices of the octahedron are the midpoints of the faces of the die. How big is the volume of the octahedron?
<image1>
OPTIONS:
0: $\frac{1}{3}$
1: $\frac{1}{4}$
2: $\frac{1}{5}$
3: $\frac{1}{6}$
4: $\frac{1}{8}$

Answer with the correct option from 0 to 4. Only provide the numeric and nothing else 

Answer:  [/INST] 1 ",1,3,3,"[INST]  
 QUESTION: An octahedron is inscribed into a die with side length 1. The vertices of the octahedron are the midpoints of the faces of the die. How big is the volume of the octahedron?
<image1>
OPTIONS:
0: $\frac{1}{3}$
1: $\frac{1}{4}$
2: $\frac{1}{5}$
3: $\frac{1}{6}$
4: $\frac{1}{8}$

Answer with the correct option from 0 to 4. Only provide the numeric and nothing else 

Answer:  [/INST] 0 ",0,3,3
33,194,"[INST]  
 QUESTION: Archimedes has calculated 15!. The result is on the board. Unfortunately two of the digits, the second and the tenth, cannot be read. What are the two missing digits? (Remark: $15 !=15 \cdot 14 \cdot 13 \cdot \ldots \cdot 2 \cdot 1$ )
<image1>
OPTIONS:
0: 2 and 0
1: 4 and 8
2: 7 and 4
3: 9 and 2
4: 3 and 8

Answer with the correct option from 0 to 4. Only provide the numeric and nothing else 

Answer:  [/INST] 2 ",2,4,1,"[INST]  
 QUESTION: Archimedes has calculated 15!. The result is on the board. Unfortunately two of the digits, the second and the tenth, cannot be read. What are the two missing digits? (Remark: $15 !=15 \cdot 14 \cdot 13 \cdot \ldots \cdot 2 \cdot 1$ )
<image1>
OPTIONS:
0: 2 and 0
1: 4 and 8
2: 7 and 4
3: 9 and 2
4: 3 and 8

Answer with the correct option from 0 to 4. Only provide the numeric and nothing else 

Answer:  [/INST] 1 ",1,4,1
34,203,"[INST]  
 QUESTION: A path $D E F B$ with $D E \perp E F$ and $E F \perp F B$ lies within the square $A B C D$ as shown. We know that $D E=5, E F=1$ and $F B=2$. What is the side length of the square?
<image1>
OPTIONS:
0: $3 \sqrt{2}$
1: $\frac{7 \sqrt{2}}{2}$
2: $\frac{11}{2}$
3: $5 \sqrt{2}$
4: another value

Answer with the correct option from 0 to 4. Only provide the numeric and nothing else 

Answer:  [/INST] 1 ",1,4,5,"[INST]  
 QUESTION: A path $D E F B$ with $D E \perp E F$ and $E F \perp F B$ lies within the square $A B C D$ as shown. We know that $D E=5, E F=1$ and $F B=2$. What is the side length of the square?
<image1>
OPTIONS:
0: $3 \sqrt{2}$
1: $\frac{7 \sqrt{2}}{2}$
2: $\frac{11}{2}$
3: $5 \sqrt{2}$
4: another value

Answer with the correct option from 0 to 4. Only provide the numeric and nothing else 

Answer:  [/INST] 0 ",0,4,5
35,209,"[INST]  
 QUESTION: A circle is tangent to one side of a rectangle and passes through two of its vertices, as shown beside. A square of $20 \mathrm{~cm}^{2}$ area has one side over the side of the rectangle and two vertices over the circle, as shown in the figure. What is the area of the rectangle?
<image1>
OPTIONS:
0: $40 \mathrm{~cm}^{2}$
1: $45 \mathrm{~cm}^{2}$
2: $50 \mathrm{~cm}^{2}$
3: $55 \mathrm{~cm}^{2}$
4: $60 \mathrm{~cm}^{2}$

Answer with the correct option from 0 to 4. Only provide the numeric and nothing else 

Answer:  [/INST] 0 ",0,2,5,"[INST]  
 QUESTION: A circle is tangent to one side of a rectangle and passes through two of its vertices, as shown beside. A square of $20 \mathrm{~cm}^{2}$ area has one side over the side of the rectangle and two vertices over the circle, as shown in the figure. What is the area of the rectangle?
<image1>
OPTIONS:
0: $40 \mathrm{~cm}^{2}$
1: $45 \mathrm{~cm}^{2}$
2: $50 \mathrm{~cm}^{2}$
3: $55 \mathrm{~cm}^{2}$
4: $60 \mathrm{~cm}^{2}$

Answer with the correct option from 0 to 4. Only provide the numeric and nothing else 

Answer:  [/INST] 1 ",1,2,5
36,211,"[INST]  
 QUESTION: The figure shows the lines $r$ and $s$, which equations are, respectively, $y=a x
+b$ e $y=c x+d$. Which of the following statements is true?
<image1>
OPTIONS:
0: $a b+c d<0$
1: $a+b+c+d<0$
2: $a c+b d \geq 0$
3: $a+b+c+d>0$
4: $a b c d>0$

Answer with the correct option from 0 to 4. Only provide the numeric and nothing else 

Answer:  [/INST] 2 ",2,0,4,"[INST]  
 QUESTION: The figure shows the lines $r$ and $s$, which equations are, respectively, $y=a x
+b$ e $y=c x+d$. Which of the following statements is true?
<image1>
OPTIONS:
0: $a b+c d<0$
1: $a+b+c+d<0$
2: $a c+b d \geq 0$
3: $a+b+c+d>0$
4: $a b c d>0$

Answer with the correct option from 0 to 4. Only provide the numeric and nothing else 

Answer:  [/INST] 1 ",1,0,4
37,223,"[INST]  
 QUESTION: Two plane mirrors $O P$ and $O Q$ are inclined at an acute angle (diagram is not to scale). A ray of light $X Y$ parallel to $O Q$ strikes mirror $O P$ at $Y$. The ray is reflected and hits mirror $O Q$, is reflected again and hits mirror $O P$ and is reflected for a third time and strikes mirror $O Q$ at right angles at $R$ as shown. If $O R=5 \mathrm{~cm}$, what is the distance $d$ of the ray $X Y$ from the mirror $O Q$?
<image1>
OPTIONS:
0: $4 \mathrm{~cm}$
1: $4.5 \mathrm{~cm}$
2: $5 \mathrm{~cm}$
3: $5.5 \mathrm{~cm}$
4: $6 \mathrm{~cm}$

Answer with the correct option from 0 to 4. Only provide the numeric and nothing else 

Answer:  [/INST] 2 ",2,2,5,"[INST]  
 QUESTION: Two plane mirrors $O P$ and $O Q$ are inclined at an acute angle (diagram is not to scale). A ray of light $X Y$ parallel to $O Q$ strikes mirror $O P$ at $Y$. The ray is reflected and hits mirror $O Q$, is reflected again and hits mirror $O P$ and is reflected for a third time and strikes mirror $O Q$ at right angles at $R$ as shown. If $O R=5 \mathrm{~cm}$, what is the distance $d$ of the ray $X Y$ from the mirror $O Q$?
<image1>
OPTIONS:
0: $4 \mathrm{~cm}$
1: $4.5 \mathrm{~cm}$
2: $5 \mathrm{~cm}$
3: $5.5 \mathrm{~cm}$
4: $6 \mathrm{~cm}$

Answer with the correct option from 0 to 4. Only provide the numeric and nothing else 

Answer:  [/INST] 1 ",1,2,5
38,236,"[INST]  
 QUESTION: The diagram shows a spiral of consecutive numbers starting with 1. In which order will the numbers 625, 626 and 627 appear in the spiral? <image1>
OPTIONS:
0: $625 \uparrow 626 \uparrow 627$
1: $625 \uparrow 626 \rightarrow$
2: $625 \rightarrow 626 \rightarrow 627$
3: $625 \rightarrow 626 \uparrow 627$
4: $625 \downarrow 626 \downarrow 627$

Answer with the correct option from 0 to 4. Only provide the numeric and nothing else 

Answer:  [/INST] 1 ",1,1,5,"[INST]  
 QUESTION: The diagram shows a spiral of consecutive numbers starting with 1. In which order will the numbers 625, 626 and 627 appear in the spiral? <image1>
OPTIONS:
0: $625 \uparrow 626 \uparrow 627$
1: $625 \uparrow 626 \rightarrow$
2: $625 \rightarrow 626 \rightarrow 627$
3: $625 \rightarrow 626 \uparrow 627$
4: $625 \downarrow 626 \downarrow 627$

Answer with the correct option from 0 to 4. Only provide the numeric and nothing else 

Answer:  [/INST] 2 ",2,1,5
39,240,"[INST]  
 QUESTION: Two identical cylindrical glasses contain the same amount of water. The left glass is upright, while the right one rests against the other one at a slant. The water level in both glasses is at the same height. The water level in the leaning glass touches its bottom in exactly one point (see diagram). The bases of both glasses have an area of $3 \pi \mathrm{cm}^{2}$. How much water is in each glass? <image1>
OPTIONS:
0: $9 \pi \mathrm{cm}^{3}$
1: $6 \pi \mathrm{cm}^{3}$
2: $3 \sqrt{3} \pi \mathrm{cm}^{3}$
3: $\frac{3 \pi}{4} \mathrm{~cm}^{3}$
4: It cannot be uniquely determined from this information.

Answer with the correct option from 0 to 4. Only provide the numeric and nothing else 

Answer:  [/INST] 4 ",4,0,5,"[INST]  
 QUESTION: Two identical cylindrical glasses contain the same amount of water. The left glass is upright, while the right one rests against the other one at a slant. The water level in both glasses is at the same height. The water level in the leaning glass touches its bottom in exactly one point (see diagram). The bases of both glasses have an area of $3 \pi \mathrm{cm}^{2}$. How much water is in each glass? <image1>
OPTIONS:
0: $9 \pi \mathrm{cm}^{3}$
1: $6 \pi \mathrm{cm}^{3}$
2: $3 \sqrt{3} \pi \mathrm{cm}^{3}$
3: $\frac{3 \pi}{4} \mathrm{~cm}^{3}$
4: It cannot be uniquely determined from this information.

Answer with the correct option from 0 to 4. Only provide the numeric and nothing else 

Answer:  [/INST] 1 ",1,0,5
40,243,"[INST]  
 QUESTION: Which numbers are written in the area that belongs to the rectangle and to the circle but doesn't belong to the triangle?
<image1>
OPTIONS:
0: 5 and 11
1: 1 and 10
2: 13
3: 3 and 9
4: 6, 7, and 4

Answer with the correct option from 0 to 4. Only provide the numeric and nothing else 

Answer:  [/INST] 1 ",1,1,2,"[INST]  
 QUESTION: Which numbers are written in the area that belongs to the rectangle and to the circle but doesn't belong to the triangle?
<image1>
OPTIONS:
0: 5 and 11
1: 1 and 10
2: 13
3: 3 and 9
4: 6, 7, and 4

Answer with the correct option from 0 to 4. Only provide the numeric and nothing else 

Answer:  [/INST] 0 ",0,1,2
41,248,"[INST]  
 QUESTION: This is a multiplication table. Which two letters represent the same number?
<image1>
OPTIONS:
0: $L$ and $M$
1: $P$ and $N$
2: $R$ and $S$
3: $K$ and $R$
4: $M$ and $T$

Answer with the correct option from 0 to 4. Only provide the numeric and nothing else 

Answer:  [/INST] 1 ",1,4,2,"[INST]  
 QUESTION: This is a multiplication table. Which two letters represent the same number?
<image1>
OPTIONS:
0: $L$ and $M$
1: $P$ and $N$
2: $R$ and $S$
3: $K$ and $R$
4: $M$ and $T$

Answer with the correct option from 0 to 4. Only provide the numeric and nothing else 

Answer:  [/INST] 0 ",0,4,2
42,249,"[INST]  
 QUESTION: At noon the minute hand of a clock is in the position shown on the left and after the quarter of an hour -- in the position shown on the right. Which position the minute hand will take after seventeen quarters from the noon?
<image1>
<image2>
OPTIONS:
0: A
1: B
2: C
3: D
4: E

Answer with the correct option from 0 to 4. Only provide the numeric and nothing else 

Answer:  [/INST] 4 ",4,0,3,"[INST]  
 QUESTION: At noon the minute hand of a clock is in the position shown on the left and after the quarter of an hour -- in the position shown on the right. Which position the minute hand will take after seventeen quarters from the noon?
<image1>
<image2>
OPTIONS:
0: A
1: B
2: C
3: D
4: E

Answer with the correct option from 0 to 4. Only provide the numeric and nothing else 

Answer:  [/INST] 1 ",1,0,3
43,253,"[INST]  
 QUESTION: Betty keeps drawing three different figures in the same order. Which figure should be the next?
<image1>
<image2>
OPTIONS:
0: A
1: B
2: C
3: D
4: E

Answer with the correct option from 0 to 4. Only provide the numeric and nothing else 

Answer:  [/INST] 4 ",4,3,1,"[INST]  
 QUESTION: Betty keeps drawing three different figures in the same order. Which figure should be the next?
<image1>
<image2>
OPTIONS:
0: A
1: B
2: C
3: D
4: E

Answer with the correct option from 0 to 4. Only provide the numeric and nothing else 

Answer:  [/INST] 1 ",1,3,1
44,260,"[INST]  
 QUESTION: A square piece of paper is folded twice so that the result is a square again. In this square one of the corners is cut off. Then the paper is folded out. Which sample below cannot be obtained in this way?
<image1>
<image2>
OPTIONS:
0: A
1: B
2: C
3: D
4: E

Answer with the correct option from 0 to 4. Only provide the numeric and nothing else 

Answer:  [/INST] 4 ",4,4,1,"[INST]  
 QUESTION: A square piece of paper is folded twice so that the result is a square again. In this square one of the corners is cut off. Then the paper is folded out. Which sample below cannot be obtained in this way?
<image1>
<image2>
OPTIONS:
0: A
1: B
2: C
3: D
4: E

Answer with the correct option from 0 to 4. Only provide the numeric and nothing else 

Answer:  [/INST] 1 ",1,4,1
45,269,"[INST]  
 QUESTION: Which of the following diagrams is impossible to make with the two dominos?
<image1>
<image2>
OPTIONS:
0: A
1: B
2: C
3: D
4: E

Answer with the correct option from 0 to 4. Only provide the numeric and nothing else 

Answer:  [/INST] 3 ",3,4,2,"[INST]  
 QUESTION: Which of the following diagrams is impossible to make with the two dominos?
<image1>
<image2>
OPTIONS:
0: A
1: B
2: C
3: D
4: E

Answer with the correct option from 0 to 4. Only provide the numeric and nothing else 

Answer:  [/INST] 1 ",1,4,2
46,273,"[INST]  
 QUESTION: I have tiles that look like this...
<image1>
Which pattern can I not create with them?
<image2>
OPTIONS:
0: A
1: B
2: C
3: D
4: E

Answer with the correct option from 0 to 4. Only provide the numeric and nothing else 

Answer:  [/INST] 4 ",4,1,2,"[INST]  
 QUESTION: I have tiles that look like this...
<image1>
Which pattern can I not create with them?
<image2>
OPTIONS:
0: A
1: B
2: C
3: D
4: E

Answer with the correct option from 0 to 4. Only provide the numeric and nothing else 

Answer:  [/INST] 1 ",1,1,2
47,289,"[INST]  
 QUESTION: Anna has <image1>.
Barbara gave Eva <image2>.
Josef has a <image3>.
Bob has <image4>.
Who is Barbara?
<image5>
OPTIONS:
0: A
1: B
2: C
3: D
4: E

Answer with the correct option from 0 to 4. Only provide the numeric and nothing else 

Answer:  [/INST] 1 ",1,3,2,"[INST]  
 QUESTION: Anna has <image1>.
Barbara gave Eva <image2>.
Josef has a <image3>.
Bob has <image4>.
Who is Barbara?
<image5>
OPTIONS:
0: A
1: B
2: C
3: D
4: E

Answer with the correct option from 0 to 4. Only provide the numeric and nothing else 

Answer:  [/INST] 0 ",0,3,2
48,290,"[INST]  
 QUESTION: Anna starts in the direction of the arrow. At each crossing she turns either right or left. At the first crossing she turns right, at the next left, then left again, then right, then left and left again. What will she find at the next crossing that she comes to?
<image1>
<image2>
OPTIONS:
0: A
1: B
2: C
3: D
4: E

Answer with the correct option from 0 to 4. Only provide the numeric and nothing else 

Answer:  [/INST] 1 ",1,0,2,"[INST]  
 QUESTION: Anna starts in the direction of the arrow. At each crossing she turns either right or left. At the first crossing she turns right, at the next left, then left again, then right, then left and left again. What will she find at the next crossing that she comes to?
<image1>
<image2>
OPTIONS:
0: A
1: B
2: C
3: D
4: E

Answer with the correct option from 0 to 4. Only provide the numeric and nothing else 

Answer:  [/INST] 0 ",0,0,2
49,294,"[INST]  
 QUESTION: For which houses, were exactly the same building blocks used?
<image1>
OPTIONS:
0: House 1 and 4
1: House 3 and 4
2: House 1, 4 and 5
3: House 3, 4 and 5
4: House 1, 2, 4 and 5

Answer with the correct option from 0 to 4. Only provide the numeric and nothing else 

Answer:  [/INST] 1 ",1,0,2,"[INST]  
 QUESTION: For which houses, were exactly the same building blocks used?
<image1>
OPTIONS:
0: House 1 and 4
1: House 3 and 4
2: House 1, 4 and 5
3: House 3, 4 and 5
4: House 1, 2, 4 and 5

Answer with the correct option from 0 to 4. Only provide the numeric and nothing else 

Answer:  [/INST] 0 ",0,0,2
50,296,"[INST]  
 QUESTION: Mr Hofer has drawn a picture of flowers on the inside of a display window (large picture). What do these flowers look like when you look at the picture from the outside?
<image1>
<image2>
OPTIONS:
0: A
1: B
2: C
3: D
4: E

Answer with the correct option from 0 to 4. Only provide the numeric and nothing else 

Answer:  [/INST] 1 ",1,4,5,"[INST]  
 QUESTION: Mr Hofer has drawn a picture of flowers on the inside of a display window (large picture). What do these flowers look like when you look at the picture from the outside?
<image1>
<image2>
OPTIONS:
0: A
1: B
2: C
3: D
4: E

Answer with the correct option from 0 to 4. Only provide the numeric and nothing else 

Answer:  [/INST] 0 ",0,4,5
51,299,"[INST]  
 QUESTION: Katja throws darts at the target pictured on the right. If she does not hit the target she gets no points. She throws twice and adds her points. What can her total not be?
<image1>
OPTIONS:
0: 60
1: 70
2: 80
3: 90
4: 100

Answer with the correct option from 0 to 4. Only provide the numeric and nothing else 

Answer:  [/INST] 4 ",4,3,3,"[INST]  
 QUESTION: Katja throws darts at the target pictured on the right. If she does not hit the target she gets no points. She throws twice and adds her points. What can her total not be?
<image1>
OPTIONS:
0: 60
1: 70
2: 80
3: 90
4: 100

Answer with the correct option from 0 to 4. Only provide the numeric and nothing else 

Answer:  [/INST] 0 ",0,3,3
52,302,"[INST]  
 QUESTION: Heinzi the kangaroo has bought some toys. For this he gave 150 Kangoo-coins (KC) and received 20 kangoo-coins back. Just before leaving the shop he changed his mind, and exchanged one of the toys he had bought with another one. Therefore he received a further 5 kangoo-coins back from the shopkeeper. Which of the toys in the picture has Heinzi taken home with him?
<image1>
OPTIONS:
0: Carriage and Aeroplane
1: Carriage and Bus
2: Carriage and Tram
3: Motorbike and Tram
4: Bus, Motorbike and Tram

Answer with the correct option from 0 to 4. Only provide the numeric and nothing else 

Answer:  [/INST] 1 ",1,0,2,"[INST]  
 QUESTION: Heinzi the kangaroo has bought some toys. For this he gave 150 Kangoo-coins (KC) and received 20 kangoo-coins back. Just before leaving the shop he changed his mind, and exchanged one of the toys he had bought with another one. Therefore he received a further 5 kangoo-coins back from the shopkeeper. Which of the toys in the picture has Heinzi taken home with him?
<image1>
OPTIONS:
0: Carriage and Aeroplane
1: Carriage and Bus
2: Carriage and Tram
3: Motorbike and Tram
4: Bus, Motorbike and Tram

Answer with the correct option from 0 to 4. Only provide the numeric and nothing else 

Answer:  [/INST] 0 ",0,0,2
53,304,"[INST]  
 QUESTION: In kangaroo land you pay with ""Kangas"". Lucy has a few Kangas in her purse. She buys a ball and pays 7 Kangas. How many Kangas does she have left over, after she has paid fort he ball?
<image1>
<image2>
OPTIONS:
0: A
1: B
2: C
3: D
4: E

Answer with the correct option from 0 to 4. Only provide the numeric and nothing else 

Answer:  [/INST] 1 ",1,1,3,"[INST]  
 QUESTION: In kangaroo land you pay with ""Kangas"". Lucy has a few Kangas in her purse. She buys a ball and pays 7 Kangas. How many Kangas does she have left over, after she has paid fort he ball?
<image1>
<image2>
OPTIONS:
0: A
1: B
2: C
3: D
4: E

Answer with the correct option from 0 to 4. Only provide the numeric and nothing else 

Answer:  [/INST] 0 ",0,1,3
54,313,"[INST]  
 QUESTION: Part of a rectangle is hidden by a curtain. The hidden part is a
<image1>
OPTIONS:
0: triangle
1: square
2: hexagon
3: circle
4: rectangle

Answer with the correct option from 0 to 4. Only provide the numeric and nothing else 

Answer:  [/INST] 1 ",1,0,5,"[INST]  
 QUESTION: Part of a rectangle is hidden by a curtain. The hidden part is a
<image1>
OPTIONS:
0: triangle
1: square
2: hexagon
3: circle
4: rectangle

Answer with the correct option from 0 to 4. Only provide the numeric and nothing else 

Answer:  [/INST] 4 ",4,0,5
55,314,"[INST]  
 QUESTION: Which of the following sentences fits to the picture?
<image1>
OPTIONS:
0: There are equally many circles as squares.
1: There are fewer circles than triangles.
2: There are twice as many circles as triangles.
3: There are more squares than triangles.
4: There are two more triangles than circles.

Answer with the correct option from 0 to 4. Only provide the numeric and nothing else 

Answer:  [/INST] 0 ",0,2,2,"[INST]  
 QUESTION: Which of the following sentences fits to the picture?
<image1>
OPTIONS:
0: There are equally many circles as squares.
1: There are fewer circles than triangles.
2: There are twice as many circles as triangles.
3: There are more squares than triangles.
4: There are two more triangles than circles.

Answer with the correct option from 0 to 4. Only provide the numeric and nothing else 

Answer:  [/INST] 1 ",1,2,2
56,321,"[INST]  
 QUESTION: Two square sheets are made up of seethrough and black little squares. Both are placed on top of each other onto the sheet in the middle. Which shape can then still be seen?
<image1>
<image2>
OPTIONS:
0: (A)
1: (B)
2: (C)
3: (D)
4: (E)

Answer with the correct option from 0 to 4. Only provide the numeric and nothing else 

Answer:  [/INST] 1 ",1,4,5,"[INST]  
 QUESTION: Two square sheets are made up of seethrough and black little squares. Both are placed on top of each other onto the sheet in the middle. Which shape can then still be seen?
<image1>
<image2>
OPTIONS:
0: (A)
1: (B)
2: (C)
3: (D)
4: (E)

Answer with the correct option from 0 to 4. Only provide the numeric and nothing else 

Answer:  [/INST] 0 ",0,4,5
57,322,"[INST]  
 QUESTION: The picture above rotated. The picture below shows the new position after the rotation. Which footprints are missing after the rotation?
<image1>
<image2>
<image3>
OPTIONS:
0: (A)
1: (B)
2: (C)
3: (D)
4: (E)

Answer with the correct option from 0 to 4. Only provide the numeric and nothing else 

Answer:  [/INST] 1 ",1,2,1,"[INST]  
 QUESTION: The picture above rotated. The picture below shows the new position after the rotation. Which footprints are missing after the rotation?
<image1>
<image2>
<image3>
OPTIONS:
0: (A)
1: (B)
2: (C)
3: (D)
4: (E)

Answer with the correct option from 0 to 4. Only provide the numeric and nothing else 

Answer:  [/INST] 0 ",0,2,1
58,323,"[INST]  
 QUESTION: The following picture shows a necklace with six pearls:
<image1>
Which of the following diagrams shows the same necklace?
<image2>
OPTIONS:
0: (A)
1: (B)
2: (C)
3: (D)
4: (E)

Answer with the correct option from 0 to 4. Only provide the numeric and nothing else 

Answer:  [/INST] 1 ",1,0,4,"[INST]  
 QUESTION: The following picture shows a necklace with six pearls:
<image1>
Which of the following diagrams shows the same necklace?
<image2>
OPTIONS:
0: (A)
1: (B)
2: (C)
3: (D)
4: (E)

Answer with the correct option from 0 to 4. Only provide the numeric and nothing else 

Answer:  [/INST] 0 ",0,0,4
59,328,"[INST]  
 QUESTION: On the right you can see a picture of ladybird Sophie. Sophie turns. Which of the pictures below is not Sophie?
<image1>
<image2>
OPTIONS:
0: A
1: B
2: C
3: D
4: E

Answer with the correct option from 0 to 4. Only provide the numeric and nothing else 

Answer:  [/INST] 1 ",1,3,1,"[INST]  
 QUESTION: On the right you can see a picture of ladybird Sophie. Sophie turns. Which of the pictures below is not Sophie?
<image1>
<image2>
OPTIONS:
0: A
1: B
2: C
3: D
4: E

Answer with the correct option from 0 to 4. Only provide the numeric and nothing else 

Answer:  [/INST] 0 ",0,3,1
60,332,"[INST]  
 QUESTION: <image1>
Felix the rabbit has 20 carrots. Every day he eats 2 of them. He has eaten the 12th carrot on a Wednesday. On which day of the week did he start eating the carrots?
OPTIONS:
0: Monday
1: Tuesday
2: Wednesday
3: Thursday
4: Friday

Answer with the correct option from 0 to 4. Only provide the numeric and nothing else 

Answer:  [/INST] 1 ",1,4,3,"[INST]  
 QUESTION: <image1>
Felix the rabbit has 20 carrots. Every day he eats 2 of them. He has eaten the 12th carrot on a Wednesday. On which day of the week did he start eating the carrots?
OPTIONS:
0: Monday
1: Tuesday
2: Wednesday
3: Thursday
4: Friday

Answer with the correct option from 0 to 4. Only provide the numeric and nothing else 

Answer:  [/INST] 0 ",0,4,3
61,333,"[INST]  
 QUESTION: <image1>
The map shows the roundtrip that Captain Bluebear covers during his journey. Three distances are given on the map. He sails from island to island and starts at the island Berg. In total he covers a distance of $100 \mathrm{~km}$. The distances between the islands Wüste and Wald is equal to the distance between the islands Berg and Blume via Vulkan. How big is the distance between Berg and Wald?
OPTIONS:
0: $17 \mathrm{~km}$
1: $23 \mathrm{~km}$
2: $26 \mathrm{~km}$
3: $33 \mathrm{~km}$
4: $35 \mathrm{~km}$

Answer with the correct option from 0 to 4. Only provide the numeric and nothing else 

Answer:  [/INST] 2 ",2,3,2,"[INST]  
 QUESTION: <image1>
The map shows the roundtrip that Captain Bluebear covers during his journey. Three distances are given on the map. He sails from island to island and starts at the island Berg. In total he covers a distance of $100 \mathrm{~km}$. The distances between the islands Wüste and Wald is equal to the distance between the islands Berg and Blume via Vulkan. How big is the distance between Berg and Wald?
OPTIONS:
0: $17 \mathrm{~km}$
1: $23 \mathrm{~km}$
2: $26 \mathrm{~km}$
3: $33 \mathrm{~km}$
4: $35 \mathrm{~km}$

Answer with the correct option from 0 to 4. Only provide the numeric and nothing else 

Answer:  [/INST] 1 ",1,3,2
62,341,"[INST]  
 QUESTION: There are two holes in the cover of a book. The book lies on the table opened up (see diagram).
<image1>
After closing up the book which vehicles can Olaf see?
<image2>
OPTIONS:
0: A
1: B
2: C
3: D
4: E

Answer with the correct option from 0 to 4. Only provide the numeric and nothing else 

Answer:  [/INST] 1 ",1,3,5,"[INST]  
 QUESTION: There are two holes in the cover of a book. The book lies on the table opened up (see diagram).
<image1>
After closing up the book which vehicles can Olaf see?
<image2>
OPTIONS:
0: A
1: B
2: C
3: D
4: E

Answer with the correct option from 0 to 4. Only provide the numeric and nothing else 

Answer:  [/INST] 0 ",0,3,5
63,344,"[INST]  
 QUESTION: Using the connected sticks shown, Pia forms different shapes. Which shape can she not make?
<image1>
<image2>
OPTIONS:
0: A
1: B
2: C
3: D
4: E

Answer with the correct option from 0 to 4. Only provide the numeric and nothing else 

Answer:  [/INST] 3 ",3,3,2,"[INST]  
 QUESTION: Using the connected sticks shown, Pia forms different shapes. Which shape can she not make?
<image1>
<image2>
OPTIONS:
0: A
1: B
2: C
3: D
4: E

Answer with the correct option from 0 to 4. Only provide the numeric and nothing else 

Answer:  [/INST] 1 ",1,3,2
64,346,"[INST]  
 QUESTION: All dogs are equally heavy.
<image1>
How much could one dog weigh?
OPTIONS:
0: $7 \mathrm{~kg}$
1: $8 \mathrm{~kg}$
2: $9 \mathrm{~kg}$
3: $10 \mathrm{~kg}$
4: $11 \mathrm{~kg}$

Answer with the correct option from 0 to 4. Only provide the numeric and nothing else 

Answer:  [/INST] 1 ",1,4,2,"[INST]  
 QUESTION: All dogs are equally heavy.
<image1>
How much could one dog weigh?
OPTIONS:
0: $7 \mathrm{~kg}$
1: $8 \mathrm{~kg}$
2: $9 \mathrm{~kg}$
3: $10 \mathrm{~kg}$
4: $11 \mathrm{~kg}$

Answer with the correct option from 0 to 4. Only provide the numeric and nothing else 

Answer:  [/INST] 0 ",0,4,2
65,347,"[INST]  
 QUESTION: Steven wants to write each of the digits $2,0,1$ and 9 into the boxes of this addition:
<image1>
He wants to obtain the biggest result possible. Which digit does he have to use for the single-digit number?
OPTIONS:
0: either 0 or 1
1: either 0 or 2
2: only 0
3: only 1
4: only 2

Answer with the correct option from 0 to 4. Only provide the numeric and nothing else 

Answer:  [/INST] 1 ",1,0,2,"[INST]  
 QUESTION: Steven wants to write each of the digits $2,0,1$ and 9 into the boxes of this addition:
<image1>
He wants to obtain the biggest result possible. Which digit does he have to use for the single-digit number?
OPTIONS:
0: either 0 or 1
1: either 0 or 2
2: only 0
3: only 1
4: only 2

Answer with the correct option from 0 to 4. Only provide the numeric and nothing else 

Answer:  [/INST] 4 ",4,0,2
66,353,"[INST]  
 QUESTION: John paints the squares of the board next to it if the result of the calculation inside them is 24. How did the painting of the board look?
\begin{tabular}{|l|l|l|}
\hline $28-4$ & $4 \times 6$ & $18+6$ \\
\hline $19+6$ & $8 \times 3$ & $29-6$ \\
\hline
\end{tabular}
<image1>
OPTIONS:
0: A
1: B
2: C
3: D
4: E

Answer with the correct option from 0 to 4. Only provide the numeric and nothing else 

Answer:  [/INST] 1 ",1,2,3,"[INST]  
 QUESTION: John paints the squares of the board next to it if the result of the calculation inside them is 24. How did the painting of the board look?
\begin{tabular}{|l|l|l|}
\hline $28-4$ & $4 \times 6$ & $18+6$ \\
\hline $19+6$ & $8 \times 3$ & $29-6$ \\
\hline
\end{tabular}
<image1>
OPTIONS:
0: A
1: B
2: C
3: D
4: E

Answer with the correct option from 0 to 4. Only provide the numeric and nothing else 

Answer:  [/INST] 0 ",0,2,3
67,354,"[INST]  
 QUESTION: Which of the following pictures can you NOT do with all the pieces beside?
<image1>
<image2>
OPTIONS:
0: A
1: B
2: C
3: D
4: E

Answer with the correct option from 0 to 4. Only provide the numeric and nothing else 

Answer:  [/INST] 1 ",1,2,2,"[INST]  
 QUESTION: Which of the following pictures can you NOT do with all the pieces beside?
<image1>
<image2>
OPTIONS:
0: A
1: B
2: C
3: D
4: E

Answer with the correct option from 0 to 4. Only provide the numeric and nothing else 

Answer:  [/INST] 0 ",0,2,2
68,356,"[INST]  
 QUESTION: Five children should paint three quarters of the total amount of the little squares on their trays. One of the children A, B, C, D or E was wrong. Which one?
<image1>
OPTIONS:
0: A
1: B
2: C
3: D
4: E

Answer with the correct option from 0 to 4. Only provide the numeric and nothing else 

Answer:  [/INST] 1 ",1,2,2,"[INST]  
 QUESTION: Five children should paint three quarters of the total amount of the little squares on their trays. One of the children A, B, C, D or E was wrong. Which one?
<image1>
OPTIONS:
0: A
1: B
2: C
3: D
4: E

Answer with the correct option from 0 to 4. Only provide the numeric and nothing else 

Answer:  [/INST] 0 ",0,2,2
69,361,"[INST]  
 QUESTION: Alaya draws a picture of the sun. Which of the following answers is part of her picture?
<image1>
<image2>
OPTIONS:
0: (A)
1: (B)
2: (C)
3: (D)
4: (E)

Answer with the correct option from 0 to 4. Only provide the numeric and nothing else 

Answer:  [/INST] 1 ",1,1,2,"[INST]  
 QUESTION: Alaya draws a picture of the sun. Which of the following answers is part of her picture?
<image1>
<image2>
OPTIONS:
0: (A)
1: (B)
2: (C)
3: (D)
4: (E)

Answer with the correct option from 0 to 4. Only provide the numeric and nothing else 

Answer:  [/INST] 0 ",0,1,2
70,363,"[INST]  
 QUESTION: Nisa has 3 different types of cards in a game: apple <image1>, cherry <image2> and grapes <image3>. She chooses 2 cards from the set and swaps their places. She wants to arrange the cards so that all the cards with the same fruit on are next to each other. For which set is this NOT possible?
<image4>
OPTIONS:
0: A
1: B
2: C
3: D
4: E

Answer with the correct option from 0 to 4. Only provide the numeric and nothing else 

Answer:  [/INST] 2 ",2,0,3,"[INST]  
 QUESTION: Nisa has 3 different types of cards in a game: apple <image1>, cherry <image2> and grapes <image3>. She chooses 2 cards from the set and swaps their places. She wants to arrange the cards so that all the cards with the same fruit on are next to each other. For which set is this NOT possible?
<image4>
OPTIONS:
0: A
1: B
2: C
3: D
4: E

Answer with the correct option from 0 to 4. Only provide the numeric and nothing else 

Answer:  [/INST] 1 ",1,0,3
71,367,"[INST]  
 QUESTION: Nora plays with 3 cups on the kitchen table. She takes the left-hand cup, flips it over, and puts it to the right of the other cups. The picture shows the first
move. What do the cups look like after 10 moves?
<image1>
<image2>
OPTIONS:
0: (A)
1: (B)
2: (C)
3: (D)
4: (E)

Answer with the correct option from 0 to 4. Only provide the numeric and nothing else 

Answer:  [/INST] 1 ",1,1,2,"[INST]  
 QUESTION: Nora plays with 3 cups on the kitchen table. She takes the left-hand cup, flips it over, and puts it to the right of the other cups. The picture shows the first
move. What do the cups look like after 10 moves?
<image1>
<image2>
OPTIONS:
0: (A)
1: (B)
2: (C)
3: (D)
4: (E)

Answer with the correct option from 0 to 4. Only provide the numeric and nothing else 

Answer:  [/INST] 0 ",0,1,2
72,369,"[INST]  
 QUESTION: Each of the 5 boxes contains either apples or bananas, but not both. The total weight of all the bananas is 3 times the weight of all the apples. Which boxes contain apples?
<image1>
OPTIONS:
0: 1 and 2
1: 2 and 3
2: 2 and 4
3: 3 and 4
4: 1 and 4

Answer with the correct option from 0 to 4. Only provide the numeric and nothing else 

Answer:  [/INST] 1 ",1,4,2,"[INST]  
 QUESTION: Each of the 5 boxes contains either apples or bananas, but not both. The total weight of all the bananas is 3 times the weight of all the apples. Which boxes contain apples?
<image1>
OPTIONS:
0: 1 and 2
1: 2 and 3
2: 2 and 4
3: 3 and 4
4: 1 and 4

Answer with the correct option from 0 to 4. Only provide the numeric and nothing else 

Answer:  [/INST] 0 ",0,4,2
73,371,"[INST]  
 QUESTION: The bee wants to get to the flower. Each arrow indicates a move to one neighbouring square. Which path can the bee fly to get to the flower?
<image1>
OPTIONS:
0: $\downarrow \rightarrow \rightarrow \downarrow \downarrow \downarrow$
1: $\downarrow \downarrow \rightarrow \downarrow \downarrow \rightarrow$
2: $\rightarrow \downarrow \rightarrow \downarrow \rightarrow \rightarrow$
3: $\rightarrow \rightarrow \downarrow \downarrow \downarrow \downarrow$
4: $\rightarrow \downarrow \rightarrow \downarrow \downarrow \rightarrow$

Answer with the correct option from 0 to 4. Only provide the numeric and nothing else 

Answer:  [/INST] 1 ",1,4,2,"[INST]  
 QUESTION: The bee wants to get to the flower. Each arrow indicates a move to one neighbouring square. Which path can the bee fly to get to the flower?
<image1>
OPTIONS:
0: $\downarrow \rightarrow \rightarrow \downarrow \downarrow \downarrow$
1: $\downarrow \downarrow \rightarrow \downarrow \downarrow \rightarrow$
2: $\rightarrow \downarrow \rightarrow \downarrow \rightarrow \rightarrow$
3: $\rightarrow \rightarrow \downarrow \downarrow \downarrow \downarrow$
4: $\rightarrow \downarrow \rightarrow \downarrow \downarrow \rightarrow$

Answer with the correct option from 0 to 4. Only provide the numeric and nothing else 

Answer:  [/INST] 3 ",3,4,2
74,390,"[INST]  
 QUESTION: The diagram shows four cars 1, 2, 3 and 4. The arrows show where the cars move to in 5 seconds. Which cars will crash into each other?
<image1>
OPTIONS:
0: 1 and 2
1: 1 and 3
2: 1 and 4
3: 2 and 3
4: 3 and 4

Answer with the correct option from 0 to 4. Only provide the numeric and nothing else 

Answer:  [/INST] 1 ",1,3,1,"[INST]  
 QUESTION: The diagram shows four cars 1, 2, 3 and 4. The arrows show where the cars move to in 5 seconds. Which cars will crash into each other?
<image1>
OPTIONS:
0: 1 and 2
1: 1 and 3
2: 1 and 4
3: 2 and 3
4: 3 and 4

Answer with the correct option from 0 to 4. Only provide the numeric and nothing else 

Answer:  [/INST] 3 ",3,3,1
75,391,"[INST]  
 QUESTION: An underground line has the six stations A, B, C, D, E and F. The train stops at every station. After reaching the end of the line $A$ or $F$ the train continues in the opposite direction. The train conductor starts his journey in station B. His first stop is in station C. In which station will be his $46^{\text {th}}$ stop?
<image1>
OPTIONS:
0: A
1: B
2: C
3: D
4: E

Answer with the correct option from 0 to 4. Only provide the numeric and nothing else 

Answer:  [/INST] 3 ",3,3,2,"[INST]  
 QUESTION: An underground line has the six stations A, B, C, D, E and F. The train stops at every station. After reaching the end of the line $A$ or $F$ the train continues in the opposite direction. The train conductor starts his journey in station B. His first stop is in station C. In which station will be his $46^{\text {th}}$ stop?
<image1>
OPTIONS:
0: A
1: B
2: C
3: D
4: E

Answer with the correct option from 0 to 4. Only provide the numeric and nothing else 

Answer:  [/INST] 1 ",1,3,2
76,406,"[INST]  
 QUESTION: $|A B|=4 \mathrm{~m},|B C|=1 \mathrm{~m}$. $E$ is a midpoint of $A B, F$ is a midpoint of $A E, G$ is a midpoint of $A D$ and $H$ is a midpoint of $A G$. The area of the black rectangle is equal to:
<image1>
OPTIONS:
0: $\frac{1}{4} \mathrm{~m}^{2}$
1: $1 \mathrm{~m}^{2}$
2: $\frac{1}{8} \mathrm{~m}^{2}$
3: $\frac{1}{2} \mathrm{~m}^{2} $
4: $\frac{1}{16} \mathrm{~m}^{2}$

Answer with the correct option from 0 to 4. Only provide the numeric and nothing else 

Answer:  [/INST] 2 ",2,0,2,"[INST]  
 QUESTION: $|A B|=4 \mathrm{~m},|B C|=1 \mathrm{~m}$. $E$ is a midpoint of $A B, F$ is a midpoint of $A E, G$ is a midpoint of $A D$ and $H$ is a midpoint of $A G$. The area of the black rectangle is equal to:
<image1>
OPTIONS:
0: $\frac{1}{4} \mathrm{~m}^{2}$
1: $1 \mathrm{~m}^{2}$
2: $\frac{1}{8} \mathrm{~m}^{2}$
3: $\frac{1}{2} \mathrm{~m}^{2} $
4: $\frac{1}{16} \mathrm{~m}^{2}$

Answer with the correct option from 0 to 4. Only provide the numeric and nothing else 

Answer:  [/INST] 3 ",3,0,2
77,422,"[INST]  
 QUESTION: The triangle and the square have the same perimeter. What is the perimeter of the whole figure (a pentagon)?
<image1>
OPTIONS:
0: $12 \mathrm{~cm}$
1: $24 \mathrm{~cm}$
2: $28 \mathrm{~cm}$
3: $32 \mathrm{~cm}$
4: It depends on the lengths of triangle sides

Answer with the correct option from 0 to 4. Only provide the numeric and nothing else 

Answer:  [/INST] 4 ",4,1,3,"[INST]  
 QUESTION: The triangle and the square have the same perimeter. What is the perimeter of the whole figure (a pentagon)?
<image1>
OPTIONS:
0: $12 \mathrm{~cm}$
1: $24 \mathrm{~cm}$
2: $28 \mathrm{~cm}$
3: $32 \mathrm{~cm}$
4: It depends on the lengths of triangle sides

Answer with the correct option from 0 to 4. Only provide the numeric and nothing else 

Answer:  [/INST] 1 ",1,1,3
78,436,"[INST]  
 QUESTION: In the adjacent picture we see that $1+3+5+7=4 \times 4$. How big is $1+3+5+7+\ldots+17+19$ ?
<image1>
OPTIONS:
0: $10 \times 10$
1: $11 \times 11$
2: $12 \times 12$
3: $13 \times 13$
4: $14 \times 14$

Answer with the correct option from 0 to 4. Only provide the numeric and nothing else 

Answer:  [/INST] 0 ",0,0,2,"[INST]  
 QUESTION: In the adjacent picture we see that $1+3+5+7=4 \times 4$. How big is $1+3+5+7+\ldots+17+19$ ?
<image1>
OPTIONS:
0: $10 \times 10$
1: $11 \times 11$
2: $12 \times 12$
3: $13 \times 13$
4: $14 \times 14$

Answer with the correct option from 0 to 4. Only provide the numeric and nothing else 

Answer:  [/INST] 1 ",1,0,2
79,447,"[INST]  
 QUESTION: Which three puzzle pieces do you need to complete the large puzzle?
<image1>
OPTIONS:
0: 1, 3, 4
1: 1, 3, 6
2: 2, 3, 5
3: 2, 3, 6
4: 2, 5, 6

Answer with the correct option from 0 to 4. Only provide the numeric and nothing else 

Answer:  [/INST] 1 ",1,3,2,"[INST]  
 QUESTION: Which three puzzle pieces do you need to complete the large puzzle?
<image1>
OPTIONS:
0: 1, 3, 4
1: 1, 3, 6
2: 2, 3, 5
3: 2, 3, 6
4: 2, 5, 6

Answer with the correct option from 0 to 4. Only provide the numeric and nothing else 

Answer:  [/INST] 0 ",0,3,2
80,462,"[INST]  
 QUESTION: A square can be made out of four of the given pieces. Which piece will not be used?
<image1>
OPTIONS:
0: A
1: B
2: C
3: D
4: E

Answer with the correct option from 0 to 4. Only provide the numeric and nothing else 

Answer:  [/INST] 3 ",3,1,2,"[INST]  
 QUESTION: A square can be made out of four of the given pieces. Which piece will not be used?
<image1>
OPTIONS:
0: A
1: B
2: C
3: D
4: E

Answer with the correct option from 0 to 4. Only provide the numeric and nothing else 

Answer:  [/INST] 1 ",1,1,2
81,466,"[INST]  
 QUESTION: <image1>
How much does Dita weigh?
OPTIONS:
0: $2 \mathrm{~kg}$
1: $3 \mathrm{~kg}$
2: $4 \mathrm{~kg}$
3: $5 \mathrm{~kg}$
4: $6 \mathrm{~kg}$

Answer with the correct option from 0 to 4. Only provide the numeric and nothing else 

Answer:  [/INST] 1 ",1,3,2,"[INST]  
 QUESTION: <image1>
How much does Dita weigh?
OPTIONS:
0: $2 \mathrm{~kg}$
1: $3 \mathrm{~kg}$
2: $4 \mathrm{~kg}$
3: $5 \mathrm{~kg}$
4: $6 \mathrm{~kg}$

Answer with the correct option from 0 to 4. Only provide the numeric and nothing else 

Answer:  [/INST] 0 ",0,3,2
82,467,"[INST]  
 QUESTION: Peter looks at the picture hanging on the wall in more detail through a magnifying glass. Which section can he not see?
<image1>
<image2>
OPTIONS:
0: A
1: B
2: C
3: D
4: E

Answer with the correct option from 0 to 4. Only provide the numeric and nothing else 

Answer:  [/INST] 3 ",3,4,1,"[INST]  
 QUESTION: Peter looks at the picture hanging on the wall in more detail through a magnifying glass. Which section can he not see?
<image1>
<image2>
OPTIONS:
0: A
1: B
2: C
3: D
4: E

Answer with the correct option from 0 to 4. Only provide the numeric and nothing else 

Answer:  [/INST] 0 ",0,4,1
83,469,"[INST]  
 QUESTION: A rectangle is formed from 4 equally sized smaller rectangles. The shorter side is $10 \mathrm{~cm}$ long. How long is the longer side?
<image1>
OPTIONS:
0: $40 \mathrm{~cm}$
1: $30 \mathrm{~cm}$
2: $20 \mathrm{~cm}$
3: $10 \mathrm{~cm}$
4: $5 \mathrm{~cm}$

Answer with the correct option from 0 to 4. Only provide the numeric and nothing else 

Answer:  [/INST] 0 ",0,2,2,"[INST]  
 QUESTION: A rectangle is formed from 4 equally sized smaller rectangles. The shorter side is $10 \mathrm{~cm}$ long. How long is the longer side?
<image1>
OPTIONS:
0: $40 \mathrm{~cm}$
1: $30 \mathrm{~cm}$
2: $20 \mathrm{~cm}$
3: $10 \mathrm{~cm}$
4: $5 \mathrm{~cm}$

Answer with the correct option from 0 to 4. Only provide the numeric and nothing else 

Answer:  [/INST] 1 ",1,2,2
84,470,"[INST]  
 QUESTION: Each of the 9 sides of the triangles in the picture will be coloured blue, green or red. Three of the sides are already coloured. Which colour can side $\mathrm{x}$ have, if the sides of each triangle must be coloured in three different colours?
<image1>
OPTIONS:
0: only blue
1: only green
2: only red
3: Each of the three colours is possible.
4: The colouring described is not possible

Answer with the correct option from 0 to 4. Only provide the numeric and nothing else 

Answer:  [/INST] 4 ",4,2,2,"[INST]  
 QUESTION: Each of the 9 sides of the triangles in the picture will be coloured blue, green or red. Three of the sides are already coloured. Which colour can side $\mathrm{x}$ have, if the sides of each triangle must be coloured in three different colours?
<image1>
OPTIONS:
0: only blue
1: only green
2: only red
3: Each of the three colours is possible.
4: The colouring described is not possible

Answer with the correct option from 0 to 4. Only provide the numeric and nothing else 

Answer:  [/INST] 3 ",3,2,2
85,474,"[INST]  
 QUESTION: Kathi draws a square with side length $10 \mathrm{~cm}$. Then she joins the midpoints of each side to form a smaller square. What is the area of the smaller square?
<image1>
OPTIONS:
0: $10 \mathrm{~cm}^{2}$
1: $20 \mathrm{~cm}^{2}$
2: $25 \mathrm{~cm}^{2}$
3: $40 \mathrm{~cm}^{2}$
4: $50 \mathrm{~cm}^{2}$

Answer with the correct option from 0 to 4. Only provide the numeric and nothing else 

Answer:  [/INST] 1 ",1,4,2,"[INST]  
 QUESTION: Kathi draws a square with side length $10 \mathrm{~cm}$. Then she joins the midpoints of each side to form a smaller square. What is the area of the smaller square?
<image1>
OPTIONS:
0: $10 \mathrm{~cm}^{2}$
1: $20 \mathrm{~cm}^{2}$
2: $25 \mathrm{~cm}^{2}$
3: $40 \mathrm{~cm}^{2}$
4: $50 \mathrm{~cm}^{2}$

Answer with the correct option from 0 to 4. Only provide the numeric and nothing else 

Answer:  [/INST] 2 ",2,4,2
86,478,"[INST]  
 QUESTION: Bart sits at the hairdressers. In the mirror he sees a clock as shown in the diagram: What was the mirror image of the clock 10 minutes earlier?
<image1>
<image2>
OPTIONS:
0: (A)
1: (B)
2: (C)
3: (D)
4: (E)

Answer with the correct option from 0 to 4. Only provide the numeric and nothing else 

Answer:  [/INST] 1 ",1,4,1,"[INST]  
 QUESTION: Bart sits at the hairdressers. In the mirror he sees a clock as shown in the diagram: What was the mirror image of the clock 10 minutes earlier?
<image1>
<image2>
OPTIONS:
0: (A)
1: (B)
2: (C)
3: (D)
4: (E)

Answer with the correct option from 0 to 4. Only provide the numeric and nothing else 

Answer:  [/INST] 0 ",0,4,1
87,493,"[INST]  
 QUESTION: A figure is made up of three squares. The side length of the smallest square is $6 \mathrm{~cm}$. How long is the side length of the biggest square?
<image1>
OPTIONS:
0: $8 \mathrm{~cm}$
1: $10 \mathrm{~cm}$
2: $12 \mathrm{~cm}$
3: $14 \mathrm{~cm}$
4: $16 \mathrm{~cm}$

Answer with the correct option from 0 to 4. Only provide the numeric and nothing else 

Answer:  [/INST] 0 ",0,2,3,"[INST]  
 QUESTION: A figure is made up of three squares. The side length of the smallest square is $6 \mathrm{~cm}$. How long is the side length of the biggest square?
<image1>
OPTIONS:
0: $8 \mathrm{~cm}$
1: $10 \mathrm{~cm}$
2: $12 \mathrm{~cm}$
3: $14 \mathrm{~cm}$
4: $16 \mathrm{~cm}$

Answer with the correct option from 0 to 4. Only provide the numeric and nothing else 

Answer:  [/INST] 1 ",1,2,3
88,494,"[INST]  
 QUESTION: Four equally big squares are partially coloured in black. In which of the four squares is the total area of the black parts biggest?
<image1>
OPTIONS:
0: A
1: B
2: C
3: D
4: The total area of the black parts is always equally big.

Answer with the correct option from 0 to 4. Only provide the numeric and nothing else 

Answer:  [/INST] 4 ",4,4,2,"[INST]  
 QUESTION: Four equally big squares are partially coloured in black. In which of the four squares is the total area of the black parts biggest?
<image1>
OPTIONS:
0: A
1: B
2: C
3: D
4: The total area of the black parts is always equally big.

Answer with the correct option from 0 to 4. Only provide the numeric and nothing else 

Answer:  [/INST] 1 ",1,4,2
89,497,"[INST]  
 QUESTION: The five balls weigh $30 \mathrm{~g}$, $50 \mathrm{~g}, 50 \mathrm{~g}, 50 \mathrm{~g}$ and $80 \mathrm{~g}$. Which of the balls weighs $30 \mathrm{~g}$ ?
<image1>
OPTIONS:
0: A
1: B
2: C
3: D
4: E

Answer with the correct option from 0 to 4. Only provide the numeric and nothing else 

Answer:  [/INST] 1 ",1,2,2,"[INST]  
 QUESTION: The five balls weigh $30 \mathrm{~g}$, $50 \mathrm{~g}, 50 \mathrm{~g}, 50 \mathrm{~g}$ and $80 \mathrm{~g}$. Which of the balls weighs $30 \mathrm{~g}$ ?
<image1>
OPTIONS:
0: A
1: B
2: C
3: D
4: E

Answer with the correct option from 0 to 4. Only provide the numeric and nothing else 

Answer:  [/INST] 0 ",0,2,2
90,504,"[INST]  
 QUESTION: Pia has a folding yardstick consisting of 10 equally long pieces. Which of the following figures can she not make?
<image1>
<image2>
OPTIONS:
0: A
1: B
2: C
3: D
4: E

Answer with the correct option from 0 to 4. Only provide the numeric and nothing else 

Answer:  [/INST] 3 ",3,0,2,"[INST]  
 QUESTION: Pia has a folding yardstick consisting of 10 equally long pieces. Which of the following figures can she not make?
<image1>
<image2>
OPTIONS:
0: A
1: B
2: C
3: D
4: E

Answer with the correct option from 0 to 4. Only provide the numeric and nothing else 

Answer:  [/INST] 1 ",1,0,2
91,517,"[INST]  
 QUESTION: Amelia glues these six stickers on the faces of a cube: <image1>. The figure shows this cube in two different positions. Which adhesive is on the opposite side of the duck?
<image2>
<image3>
OPTIONS:
0: (A)
1: (B)
2: (C)
3: (D)
4: (E)

Answer with the correct option from 0 to 4. Only provide the numeric and nothing else 

Answer:  [/INST] 1 ",1,4,5,"[INST]  
 QUESTION: Amelia glues these six stickers on the faces of a cube: <image1>. The figure shows this cube in two different positions. Which adhesive is on the opposite side of the duck?
<image2>
<image3>
OPTIONS:
0: (A)
1: (B)
2: (C)
3: (D)
4: (E)

Answer with the correct option from 0 to 4. Only provide the numeric and nothing else 

Answer:  [/INST] 0 ",0,4,5
92,529,"[INST]  
 QUESTION: The map shows three bus stations at points $A, B$ and $C$. A tour from station $A$ to the Zoo and the Port and back to $A$ is $10 \mathrm{~km}$ long. $A$ tour from station $B$ to the Park and the Zoo and back to B is $12 \mathrm{~km}$ long. A tour from station C to the Port and the Park and back to $C$ is $13 \mathrm{~km}$ long. Also, A tour from the Zoo to the Park and the Port and back to the Zoo is $15 \mathrm{~km}$ long. How long is the shortest tour from A to B to $C$ and back to $A$?
<image1>
OPTIONS:
0: $18 \mathrm{~km}$
1: $20 \mathrm{~km}$
2: $25 \mathrm{~km}$
3: $35 \mathrm{~km}$
4: $50 \mathrm{~km}$

Answer with the correct option from 0 to 4. Only provide the numeric and nothing else 

Answer:  [/INST] 0 ",0,1,2,"[INST]  
 QUESTION: The map shows three bus stations at points $A, B$ and $C$. A tour from station $A$ to the Zoo and the Port and back to $A$ is $10 \mathrm{~km}$ long. $A$ tour from station $B$ to the Park and the Zoo and back to B is $12 \mathrm{~km}$ long. A tour from station C to the Port and the Park and back to $C$ is $13 \mathrm{~km}$ long. Also, A tour from the Zoo to the Park and the Port and back to the Zoo is $15 \mathrm{~km}$ long. How long is the shortest tour from A to B to $C$ and back to $A$?
<image1>
OPTIONS:
0: $18 \mathrm{~km}$
1: $20 \mathrm{~km}$
2: $25 \mathrm{~km}$
3: $35 \mathrm{~km}$
4: $50 \mathrm{~km}$

Answer with the correct option from 0 to 4. Only provide the numeric and nothing else 

Answer:  [/INST] 1 ",1,1,2
93,533,"[INST]  
 QUESTION: Ronja had four white tokens and Wanja had four grey tokens. They played a game in which they took turns to place one of their tokens to create two piles. Ronja placed her first token first. Which pair of piles could they not create?
<image1>
OPTIONS:
0: A
1: B
2: C
3: D
4: E

Answer with the correct option from 0 to 4. Only provide the numeric and nothing else 

Answer:  [/INST] 3 ",3,4,3,"[INST]  
 QUESTION: Ronja had four white tokens and Wanja had four grey tokens. They played a game in which they took turns to place one of their tokens to create two piles. Ronja placed her first token first. Which pair of piles could they not create?
<image1>
OPTIONS:
0: A
1: B
2: C
3: D
4: E

Answer with the correct option from 0 to 4. Only provide the numeric and nothing else 

Answer:  [/INST] 1 ",1,4,3
94,554,"[INST]  
 QUESTION: A terrace is covered with square tiles of different sizes. The smallest tile has a perimeter of $80 \mathrm{~cm}$. A snake lay down along the edges of the tiles (see diagram). How long is the snake? <image1>
OPTIONS:
0: $380 \mathrm{~cm}$
1: $400 \mathrm{~cm}$
2: $420 \mathrm{~cm}$
3: $440 \mathrm{~cm}$
4: $1680 \mathrm{~cm}$

Answer with the correct option from 0 to 4. Only provide the numeric and nothing else 

Answer:  [/INST] 0 ",0,2,2,"[INST]  
 QUESTION: A terrace is covered with square tiles of different sizes. The smallest tile has a perimeter of $80 \mathrm{~cm}$. A snake lay down along the edges of the tiles (see diagram). How long is the snake? <image1>
OPTIONS:
0: $380 \mathrm{~cm}$
1: $400 \mathrm{~cm}$
2: $420 \mathrm{~cm}$
3: $440 \mathrm{~cm}$
4: $1680 \mathrm{~cm}$

Answer with the correct option from 0 to 4. Only provide the numeric and nothing else 

Answer:  [/INST] 1 ",1,2,2
95,556,"[INST]  
 QUESTION: The sums of the numbers in the white and in the grey fields should be equally big. Which two numbers have to be swapped so that the sums are equally big? <image1>
OPTIONS:
0: 1 and 11
1: 2 and 8
2: 3 and 7
3: 4 and 13
4: 7 and 13

Answer with the correct option from 0 to 4. Only provide the numeric and nothing else 

Answer:  [/INST] 3 ",3,0,2,"[INST]  
 QUESTION: The sums of the numbers in the white and in the grey fields should be equally big. Which two numbers have to be swapped so that the sums are equally big? <image1>
OPTIONS:
0: 1 and 11
1: 2 and 8
2: 3 and 7
3: 4 and 13
4: 7 and 13

Answer with the correct option from 0 to 4. Only provide the numeric and nothing else 

Answer:  [/INST] 1 ",1,0,2
96,574,"[INST]  
 QUESTION: Let $a$ and $b$ be two shorter sides of the right-angled triangle. Then the sum of the diameter of the incircle and that of the circumcircle of this triangle is equal to:
<image1>
OPTIONS:
0: $\sqrt{a^{2}+b^{2}}$
1: $\sqrt{a b}$
2: $0.5(a+b)$
3: $2(a+b)$
4: $a+b$

Answer with the correct option from 0 to 4. Only provide the numeric and nothing else 

Answer:  [/INST] 0 ",0,4,2,"[INST]  
 QUESTION: Let $a$ and $b$ be two shorter sides of the right-angled triangle. Then the sum of the diameter of the incircle and that of the circumcircle of this triangle is equal to:
<image1>
OPTIONS:
0: $\sqrt{a^{2}+b^{2}}$
1: $\sqrt{a b}$
2: $0.5(a+b)$
3: $2(a+b)$
4: $a+b$

Answer with the correct option from 0 to 4. Only provide the numeric and nothing else 

Answer:  [/INST] 2 ",2,4,2
97,576,"[INST]  
 QUESTION: The point $O$ is the centre of a regular pentagon. How much of the pentagon is shaded?
<image1>
OPTIONS:
0: $10 \%$
1: $20 \%$
2: $25 \%$
3: $30 \%$
4: $40 \%$

Answer with the correct option from 0 to 4. Only provide the numeric and nothing else 

Answer:  [/INST] 1 ",1,3,3,"[INST]  
 QUESTION: The point $O$ is the centre of a regular pentagon. How much of the pentagon is shaded?
<image1>
OPTIONS:
0: $10 \%$
1: $20 \%$
2: $25 \%$
3: $30 \%$
4: $40 \%$

Answer with the correct option from 0 to 4. Only provide the numeric and nothing else 

Answer:  [/INST] 2 ",2,3,3
98,586,"[INST]  
 QUESTION: In an isosceles triangle $A B C(A B=A C)$, the bisector $C D$ of the angle $C$ is equal to the base $B C$. Then the angle $C D A$ is equal to
<image1>
OPTIONS:
0: $90^{\circ}$
1: $100^{\circ}$
2: $108^{\circ}$
3: $120^{\circ}$
4: Impossible to determine

Answer with the correct option from 0 to 4. Only provide the numeric and nothing else 

Answer:  [/INST] 0 ",0,2,5,"[INST]  
 QUESTION: In an isosceles triangle $A B C(A B=A C)$, the bisector $C D$ of the angle $C$ is equal to the base $B C$. Then the angle $C D A$ is equal to
<image1>
OPTIONS:
0: $90^{\circ}$
1: $100^{\circ}$
2: $108^{\circ}$
3: $120^{\circ}$
4: Impossible to determine

Answer with the correct option from 0 to 4. Only provide the numeric and nothing else 

Answer:  [/INST] 2 ",2,2,5
99,590,"[INST]  
 QUESTION: Which of the following is made using more than one piece of string?
<image1>
OPTIONS:
0: I, III, IV and V
1: I, III and V
2: III, IV and V
3: all
4: None of these answers

Answer with the correct option from 0 to 4. Only provide the numeric and nothing else 

Answer:  [/INST] 1 ",1,1,3,"[INST]  
 QUESTION: Which of the following is made using more than one piece of string?
<image1>
OPTIONS:
0: I, III, IV and V
1: I, III and V
2: III, IV and V
3: all
4: None of these answers

Answer with the correct option from 0 to 4. Only provide the numeric and nothing else 

Answer:  [/INST] 0 ",0,1,3
100,591,"[INST]  
 QUESTION: What fraction of the largest square is grey?
<image1>
OPTIONS:
0: $\frac{1}{4}$
1: $\frac{1}{5}$
2: $\frac{2}{5}$
3: $\frac{3}{8}$
4: $\frac{1}{3}$

Answer with the correct option from 0 to 4. Only provide the numeric and nothing else 

Answer:  [/INST] 1 ",1,0,3,"[INST]  
 QUESTION: What fraction of the largest square is grey?
<image1>
OPTIONS:
0: $\frac{1}{4}$
1: $\frac{1}{5}$
2: $\frac{2}{5}$
3: $\frac{3}{8}$
4: $\frac{1}{3}$

Answer with the correct option from 0 to 4. Only provide the numeric and nothing else 

Answer:  [/INST] 0 ",0,0,3
101,594,"[INST]  
 QUESTION: The fractions $\frac{1}{3}$ und $\frac{1}{5}$ are shown on the number line. In which position should $\frac{1}{4}$ be shown?
<image1>
OPTIONS:
0: a
1: b
2: c
3: d
4: e

Answer with the correct option from 0 to 4. Only provide the numeric and nothing else 

Answer:  [/INST] 2 ",2,0,4,"[INST]  
 QUESTION: The fractions $\frac{1}{3}$ und $\frac{1}{5}$ are shown on the number line. In which position should $\frac{1}{4}$ be shown?
<image1>
OPTIONS:
0: a
1: b
2: c
3: d
4: e

Answer with the correct option from 0 to 4. Only provide the numeric and nothing else 

Answer:  [/INST] 3 ",3,0,4
102,602,"[INST]  
 QUESTION: In the picture on the right we can see three squares. The corners of the middle square are on the midpoints of the sides of the larger square, and the corners of the smaller square are on the midpoints of the sides of the middle square. The area of the small square is $6 \mathrm{~cm}^{2}$. What is the area of the big square?
<image1>
OPTIONS:
0: $24 \mathrm{~cm}^{2}$
1: $18 \mathrm{~cm}^{2}$
2: $15 \mathrm{~cm}^{2}$
3: $12 \mathrm{~cm}^{2}$
4: $9 \mathrm{~cm}^{2}$

Answer with the correct option from 0 to 4. Only provide the numeric and nothing else 

Answer:  [/INST] 0 ",0,0,3,"[INST]  
 QUESTION: In the picture on the right we can see three squares. The corners of the middle square are on the midpoints of the sides of the larger square, and the corners of the smaller square are on the midpoints of the sides of the middle square. The area of the small square is $6 \mathrm{~cm}^{2}$. What is the area of the big square?
<image1>
OPTIONS:
0: $24 \mathrm{~cm}^{2}$
1: $18 \mathrm{~cm}^{2}$
2: $15 \mathrm{~cm}^{2}$
3: $12 \mathrm{~cm}^{2}$
4: $9 \mathrm{~cm}^{2}$

Answer with the correct option from 0 to 4. Only provide the numeric and nothing else 

Answer:  [/INST] 1 ",1,0,3
103,603,"[INST]  
 QUESTION: Each area in the picture on the right should be coloured using one of the colours, red (R), green (G), blue (B) or orange (O). Areas which touch must be different colours. Which colour is the area marked $X$?
<image1>
OPTIONS:
0: red
1: blue
2: green
3: orange
4: The colour cannot definitely be determined.

Answer with the correct option from 0 to 4. Only provide the numeric and nothing else 

Answer:  [/INST] 4 ",4,0,4,"[INST]  
 QUESTION: Each area in the picture on the right should be coloured using one of the colours, red (R), green (G), blue (B) or orange (O). Areas which touch must be different colours. Which colour is the area marked $X$?
<image1>
OPTIONS:
0: red
1: blue
2: green
3: orange
4: The colour cannot definitely be determined.

Answer with the correct option from 0 to 4. Only provide the numeric and nothing else 

Answer:  [/INST] 2 ",2,0,4
104,607,"[INST]  
 QUESTION: On the inside of a square with side length $7 \mathrm{~cm}$ another square is drawn with side length $3 \mathrm{~cm}$. Then a third square with side length $5 \mathrm{~cm}$ is drawn so that it cuts the first two as shown in the picture on the right. How big is the difference between the black area and the grey area?
<image1>
OPTIONS:
0: $0 \mathrm{~cm}^{2}$
1: $10 \mathrm{~cm}^{2}$
2: $11 \mathrm{~cm}^{2}$
3: $15 \mathrm{~cm}^{2}$
4: It can not be decided from the information given.

Answer with the correct option from 0 to 4. Only provide the numeric and nothing else 

Answer:  [/INST] 1 ",1,3,3,"[INST]  
 QUESTION: On the inside of a square with side length $7 \mathrm{~cm}$ another square is drawn with side length $3 \mathrm{~cm}$. Then a third square with side length $5 \mathrm{~cm}$ is drawn so that it cuts the first two as shown in the picture on the right. How big is the difference between the black area and the grey area?
<image1>
OPTIONS:
0: $0 \mathrm{~cm}^{2}$
1: $10 \mathrm{~cm}^{2}$
2: $11 \mathrm{~cm}^{2}$
3: $15 \mathrm{~cm}^{2}$
4: It can not be decided from the information given.

Answer with the correct option from 0 to 4. Only provide the numeric and nothing else 

Answer:  [/INST] 2 ",2,3,3
105,609,"[INST]  
 QUESTION: Each of the nine paths in a park are $100 \mathrm{~m}$ long. Anna wants to walk from $A$ to $B$ without using the same path twice. How long the longest path she can choose?
<image1>
OPTIONS:
0: $900 \mathrm{~m}$
1: $800 \mathrm{~m}$
2: $700 \mathrm{~m}$
3: $500 \mathrm{~m}$
4: $400 \mathrm{~m}$

Answer with the correct option from 0 to 4. Only provide the numeric and nothing else 

Answer:  [/INST] 0 ",0,2,4,"[INST]  
 QUESTION: Each of the nine paths in a park are $100 \mathrm{~m}$ long. Anna wants to walk from $A$ to $B$ without using the same path twice. How long the longest path she can choose?
<image1>
OPTIONS:
0: $900 \mathrm{~m}$
1: $800 \mathrm{~m}$
2: $700 \mathrm{~m}$
3: $500 \mathrm{~m}$
4: $400 \mathrm{~m}$

Answer with the correct option from 0 to 4. Only provide the numeric and nothing else 

Answer:  [/INST] 1 ",1,2,4
106,617,"[INST]  
 QUESTION: A piece of string is folded as shown in the diagram by folding it in the middle, then folding it in the middle again und finally folding it in the middle once more. Then this folded piece of string is cut so that several pieces emerge. Amongst the resulting pieces there are some with length $4 \mathrm{~m}$ and some with length $9 \mathrm{~m}$. Which of the following lengths cannot be the total length of the original piece of string?
<image1>
OPTIONS:
0: $52 \mathrm{~m}$
1: $68 \mathrm{~m}$
2: $72 \mathrm{~m}$
3: $88 \mathrm{~m}$
4: All answers are possible.

Answer with the correct option from 0 to 4. Only provide the numeric and nothing else 

Answer:  [/INST] 4 ",4,2,4,"[INST]  
 QUESTION: A piece of string is folded as shown in the diagram by folding it in the middle, then folding it in the middle again und finally folding it in the middle once more. Then this folded piece of string is cut so that several pieces emerge. Amongst the resulting pieces there are some with length $4 \mathrm{~m}$ and some with length $9 \mathrm{~m}$. Which of the following lengths cannot be the total length of the original piece of string?
<image1>
OPTIONS:
0: $52 \mathrm{~m}$
1: $68 \mathrm{~m}$
2: $72 \mathrm{~m}$
3: $88 \mathrm{~m}$
4: All answers are possible.

Answer with the correct option from 0 to 4. Only provide the numeric and nothing else 

Answer:  [/INST] 1 ",1,2,4
107,619,"[INST]  
 QUESTION: The five shapes pictured were cut out of paper. Four of them can be folded to form a cube. For which shape is this not possible.
<image1>
OPTIONS:
0: Shape 1
1: Shape 2
2: Shape 3
3: Shape 4
4: Shape 5

Answer with the correct option from 0 to 4. Only provide the numeric and nothing else 

Answer:  [/INST] 0 ",0,2,4,"[INST]  
 QUESTION: The five shapes pictured were cut out of paper. Four of them can be folded to form a cube. For which shape is this not possible.
<image1>
OPTIONS:
0: Shape 1
1: Shape 2
2: Shape 3
3: Shape 4
4: Shape 5

Answer with the correct option from 0 to 4. Only provide the numeric and nothing else 

Answer:  [/INST] 1 ",1,2,4
108,621,"[INST]  
 QUESTION: The sides of the rectangle $A B C D$ are parallel to the co-ordinate axes. The rectangle is positioned below the $x$-axis and to the right of the $y$-axis, as shown in the picture. The co-ordinates of the points $A, B, C, D$ are whole numbers. For each of the points we calculate the value of ( $y$ co-ordinate) $\div$(x co-ordinate). Which of the points will give the smallest value?
<image1>
OPTIONS:
0: A
1: B
2: C
3: D
4: It depends on the rectangle.

Answer with the correct option from 0 to 4. Only provide the numeric and nothing else 

Answer:  [/INST] 4 ",4,0,3,"[INST]  
 QUESTION: The sides of the rectangle $A B C D$ are parallel to the co-ordinate axes. The rectangle is positioned below the $x$-axis and to the right of the $y$-axis, as shown in the picture. The co-ordinates of the points $A, B, C, D$ are whole numbers. For each of the points we calculate the value of ( $y$ co-ordinate) $\div$(x co-ordinate). Which of the points will give the smallest value?
<image1>
OPTIONS:
0: A
1: B
2: C
3: D
4: It depends on the rectangle.

Answer with the correct option from 0 to 4. Only provide the numeric and nothing else 

Answer:  [/INST] 1 ",1,0,3
109,629,"[INST]  
 QUESTION: The diagram shows the net of a cube whose faces are numbered. Sascha adds the numbers that are on opposite faces of the cube. Which three results does he get?
<image1>
OPTIONS:
0: $4,6,11$
1: $4,5,12$
2: $5,6,10$
3: $5,7,9$
4: $5,8,8$

Answer with the correct option from 0 to 4. Only provide the numeric and nothing else 

Answer:  [/INST] 1 ",1,0,4,"[INST]  
 QUESTION: The diagram shows the net of a cube whose faces are numbered. Sascha adds the numbers that are on opposite faces of the cube. Which three results does he get?
<image1>
OPTIONS:
0: $4,6,11$
1: $4,5,12$
2: $5,6,10$
3: $5,7,9$
4: $5,8,8$

Answer with the correct option from 0 to 4. Only provide the numeric and nothing else 

Answer:  [/INST] 0 ",0,0,4
110,633,"[INST]  
 QUESTION: Each side of each triangle in the diagram is painted either blue, green or red. Four of the sides are already painted. Which colour can the line marked ""x"" have, if each triangle must have all sides in different colours?
<image1>
OPTIONS:
0: only green
1: only red
2: only blue
3: either red or blue
4: The question cannot be solved.

Answer with the correct option from 0 to 4. Only provide the numeric and nothing else 

Answer:  [/INST] 4 ",4,0,4,"[INST]  
 QUESTION: Each side of each triangle in the diagram is painted either blue, green or red. Four of the sides are already painted. Which colour can the line marked ""x"" have, if each triangle must have all sides in different colours?
<image1>
OPTIONS:
0: only green
1: only red
2: only blue
3: either red or blue
4: The question cannot be solved.

Answer with the correct option from 0 to 4. Only provide the numeric and nothing else 

Answer:  [/INST] 3 ",3,0,4
111,634,"[INST]  
 QUESTION: A square with area 30 is split into two by its diagonal and then Split into triangles as shown in the diagram. Some of the areas of the triangles are given in the diagram. Which of the line segments $a, b, c, d, e$ of the diagonal is the longest?
<image1>
OPTIONS:
0: a
1: b
2: c
3: d
4: e

Answer with the correct option from 0 to 4. Only provide the numeric and nothing else 

Answer:  [/INST] 3 ",3,3,2,"[INST]  
 QUESTION: A square with area 30 is split into two by its diagonal and then Split into triangles as shown in the diagram. Some of the areas of the triangles are given in the diagram. Which of the line segments $a, b, c, d, e$ of the diagonal is the longest?
<image1>
OPTIONS:
0: a
1: b
2: c
3: d
4: e

Answer with the correct option from 0 to 4. Only provide the numeric and nothing else 

Answer:  [/INST] 1 ",1,3,2
112,641,"[INST]  
 QUESTION: Anne has glued together some cubes and has obtained the solid shown on the right. She turns it around to check it out from different sides. Which view can she not obtain?
<image1>
<image2>
OPTIONS:
0: A
1: B
2: C
3: D
4: E

Answer with the correct option from 0 to 4. Only provide the numeric and nothing else 

Answer:  [/INST] 3 ",3,0,4,"[INST]  
 QUESTION: Anne has glued together some cubes and has obtained the solid shown on the right. She turns it around to check it out from different sides. Which view can she not obtain?
<image1>
<image2>
OPTIONS:
0: A
1: B
2: C
3: D
4: E

Answer with the correct option from 0 to 4. Only provide the numeric and nothing else 

Answer:  [/INST] 1 ",1,0,4
113,642,"[INST]  
 QUESTION: A $3 \mathrm{~cm}$ wide strip of paper is dark on one side and light on the other. The folded strip of paper lies exactly within a rectangle with length $27 \mathrm{~cm}$ and width $9 \mathrm{~cm}$ (see diagram). How long is the strip of paper?
<image1>
OPTIONS:
0: $36 \mathrm{~cm}$
1: $48 \mathrm{~cm}$
2: $54 \mathrm{~cm}$
3: $57 \mathrm{~cm}$
4: $81 \mathrm{~cm}$

Answer with the correct option from 0 to 4. Only provide the numeric and nothing else 

Answer:  [/INST] 4 ",4,3,2,"[INST]  
 QUESTION: A $3 \mathrm{~cm}$ wide strip of paper is dark on one side and light on the other. The folded strip of paper lies exactly within a rectangle with length $27 \mathrm{~cm}$ and width $9 \mathrm{~cm}$ (see diagram). How long is the strip of paper?
<image1>
OPTIONS:
0: $36 \mathrm{~cm}$
1: $48 \mathrm{~cm}$
2: $54 \mathrm{~cm}$
3: $57 \mathrm{~cm}$
4: $81 \mathrm{~cm}$

Answer with the correct option from 0 to 4. Only provide the numeric and nothing else 

Answer:  [/INST] 1 ",1,3,2
114,643,"[INST]  
 QUESTION: The diagram shows a pentagon and indicates the length of each side. Five circles are drawn with centres A, B, C, D and E. On each side of the pentagon the two circles that are drawn around the ends of that side touch each other. Which point is the centre of the biggest circle?
<image1>
OPTIONS:
0: A
1: B
2: C
3: D
4: E

Answer with the correct option from 0 to 4. Only provide the numeric and nothing else 

Answer:  [/INST] 1 ",1,0,4,"[INST]  
 QUESTION: The diagram shows a pentagon and indicates the length of each side. Five circles are drawn with centres A, B, C, D and E. On each side of the pentagon the two circles that are drawn around the ends of that side touch each other. Which point is the centre of the biggest circle?
<image1>
OPTIONS:
0: A
1: B
2: C
3: D
4: E

Answer with the correct option from 0 to 4. Only provide the numeric and nothing else 

Answer:  [/INST] 0 ",0,0,4
115,644,"[INST]  
 QUESTION: A cube of side length 3 consists of 15 black and 12 white unit cubes. In the diagram five of the six faces of the big cube can be seen. Which of the regions shown below is the 6th face of the big cube?
<image1>
<image2>
OPTIONS:
0: A
1: B
2: C
3: D
4: E

Answer with the correct option from 0 to 4. Only provide the numeric and nothing else 

Answer:  [/INST] 3 ",3,0,4,"[INST]  
 QUESTION: A cube of side length 3 consists of 15 black and 12 white unit cubes. In the diagram five of the six faces of the big cube can be seen. Which of the regions shown below is the 6th face of the big cube?
<image1>
<image2>
OPTIONS:
0: A
1: B
2: C
3: D
4: E

Answer with the correct option from 0 to 4. Only provide the numeric and nothing else 

Answer:  [/INST] 1 ",1,0,4
116,658,"[INST]  
 QUESTION: The square $A B C D$ has side length $3 \mathrm{~cm}$. The points $M$ and $N$, which lie on the sides $A D$ and $A B$ respectively, are joined to the corner $C$. That way the square is split up into three parts with equal area. How long is the line segment DM?
<image1>
OPTIONS:
0: $0.5 \mathrm{~cm}$
1: $1 \mathrm{~cm}$
2: $1.5 \mathrm{~cm}$
3: $2 \mathrm{~cm}$
4: $2.5 \mathrm{~cm}$

Answer with the correct option from 0 to 4. Only provide the numeric and nothing else 

Answer:  [/INST] 0 ",0,3,2,"[INST]  
 QUESTION: The square $A B C D$ has side length $3 \mathrm{~cm}$. The points $M$ and $N$, which lie on the sides $A D$ and $A B$ respectively, are joined to the corner $C$. That way the square is split up into three parts with equal area. How long is the line segment DM?
<image1>
OPTIONS:
0: $0.5 \mathrm{~cm}$
1: $1 \mathrm{~cm}$
2: $1.5 \mathrm{~cm}$
3: $2 \mathrm{~cm}$
4: $2.5 \mathrm{~cm}$

Answer with the correct option from 0 to 4. Only provide the numeric and nothing else 

Answer:  [/INST] 2 ",2,3,2
117,659,"[INST]  
 QUESTION: Valentin draws a zig-zag line inside a rectangle as shown in the diagram. For that he uses the angles $10^{\circ}, 14^{\circ}, 33^{\circ}$ and $26^{\circ}$. How big is angle $\varphi$?
<image1>
OPTIONS:
0: $11^{\circ}$
1: $12^{\circ}$
2: $16^{\circ}$
3: $17^{\circ}$
4: $33^{\circ}$

Answer with the correct option from 0 to 4. Only provide the numeric and nothing else 

Answer:  [/INST] 0 ",0,0,5,"[INST]  
 QUESTION: Valentin draws a zig-zag line inside a rectangle as shown in the diagram. For that he uses the angles $10^{\circ}, 14^{\circ}, 33^{\circ}$ and $26^{\circ}$. How big is angle $\varphi$?
<image1>
OPTIONS:
0: $11^{\circ}$
1: $12^{\circ}$
2: $16^{\circ}$
3: $17^{\circ}$
4: $33^{\circ}$

Answer with the correct option from 0 to 4. Only provide the numeric and nothing else 

Answer:  [/INST] 1 ",1,0,5
118,668,"[INST]  
 QUESTION: Four of the following five diagrams can be drawn without lifting the pencil and without going over a line twice. For one diagram this is not true. Which one is it?
<image1>
OPTIONS:
0: A
1: B
2: C
3: D
4: E

Answer with the correct option from 0 to 4. Only provide the numeric and nothing else 

Answer:  [/INST] 3 ",3,3,3,"[INST]  
 QUESTION: Four of the following five diagrams can be drawn without lifting the pencil and without going over a line twice. For one diagram this is not true. Which one is it?
<image1>
OPTIONS:
0: A
1: B
2: C
3: D
4: E

Answer with the correct option from 0 to 4. Only provide the numeric and nothing else 

Answer:  [/INST] 1 ",1,3,3
119,672,"[INST]  
 QUESTION: A $4 \times 4$ square is made up of the two pieces shown. Which of the following $4 \times 4$ squares cannot be made this way?
<image1>
<image2>
OPTIONS:
0: A
1: B
2: C
3: D
4: E

Answer with the correct option from 0 to 4. Only provide the numeric and nothing else 

Answer:  [/INST] 3 ",3,4,4,"[INST]  
 QUESTION: A $4 \times 4$ square is made up of the two pieces shown. Which of the following $4 \times 4$ squares cannot be made this way?
<image1>
<image2>
OPTIONS:
0: A
1: B
2: C
3: D
4: E

Answer with the correct option from 0 to 4. Only provide the numeric and nothing else 

Answer:  [/INST] 1 ",1,4,4
120,685,"[INST]  
 QUESTION: The figure shows three concentric circles with four lines passing through their common centre. What percentage of the figure is shaded?
<image1>
OPTIONS:
0: $30 \%$
1: $35 \%$
2: $40 \%$
3: $45 \%$
4: $50 \%$

Answer with the correct option from 0 to 4. Only provide the numeric and nothing else 

Answer:  [/INST] 4 ",4,4,3,"[INST]  
 QUESTION: The figure shows three concentric circles with four lines passing through their common centre. What percentage of the figure is shaded?
<image1>
OPTIONS:
0: $30 \%$
1: $35 \%$
2: $40 \%$
3: $45 \%$
4: $50 \%$

Answer with the correct option from 0 to 4. Only provide the numeric and nothing else 

Answer:  [/INST] 1 ",1,4,3
121,688,"[INST]  
 QUESTION: A bike lock has four wheels numbered with the digits 0 to 9 in order. Each of the four wheels is rotated by $180^{\circ}$ from the code shown in the first diagram to get the correct code. What is the correct code for the bike lock?
<image1>
<image2>
OPTIONS:
0: A
1: B
2: C
3: D
4: E

Answer with the correct option from 0 to 4. Only provide the numeric and nothing else 

Answer:  [/INST] 1 ",1,1,3,"[INST]  
 QUESTION: A bike lock has four wheels numbered with the digits 0 to 9 in order. Each of the four wheels is rotated by $180^{\circ}$ from the code shown in the first diagram to get the correct code. What is the correct code for the bike lock?
<image1>
<image2>
OPTIONS:
0: A
1: B
2: C
3: D
4: E

Answer with the correct option from 0 to 4. Only provide the numeric and nothing else 

Answer:  [/INST] 0 ",0,1,3
122,689,"[INST]  
 QUESTION: Five squares are positioned as shown. The small square indicated has area 1. What is the value of $h$?
<image1>
OPTIONS:
0: $3 \mathrm{~m}$
1: $3.5 \mathrm{~m}$
2: $4 \mathrm{~m}$
3: $4.2 \mathrm{~m}$
4: $4.5 \mathrm{~m}$

Answer with the correct option from 0 to 4. Only provide the numeric and nothing else 

Answer:  [/INST] 1 ",1,2,2,"[INST]  
 QUESTION: Five squares are positioned as shown. The small square indicated has area 1. What is the value of $h$?
<image1>
OPTIONS:
0: $3 \mathrm{~m}$
1: $3.5 \mathrm{~m}$
2: $4 \mathrm{~m}$
3: $4.2 \mathrm{~m}$
4: $4.5 \mathrm{~m}$

Answer with the correct option from 0 to 4. Only provide the numeric and nothing else 

Answer:  [/INST] 0 ",0,2,2
123,706,"[INST]  
 QUESTION: A $4\times 6$ grid should be cut along the black lines into several identical shapes. No piece is to be left over. Into which of the following shapes is it not possible to cut this grid in this way? <image1> <image2>
OPTIONS:
0: A
1: B
2: C
3: D
4: E

Answer with the correct option from 0 to 4. Only provide the numeric and nothing else 

Answer:  [/INST] 3 ",3,3,4,"[INST]  
 QUESTION: A $4\times 6$ grid should be cut along the black lines into several identical shapes. No piece is to be left over. Into which of the following shapes is it not possible to cut this grid in this way? <image1> <image2>
OPTIONS:
0: A
1: B
2: C
3: D
4: E

Answer with the correct option from 0 to 4. Only provide the numeric and nothing else 

Answer:  [/INST] 1 ",1,3,4
124,707,"[INST]  
 QUESTION: The diagram shows the starting position, the direction and the distance covered within 5 seconds by four bumper cars. Which two cars will first crash into each other? <image1>
OPTIONS:
0: A and B
1: A and C
2: A and D
3: B and C
4: C and D

Answer with the correct option from 0 to 4. Only provide the numeric and nothing else 

Answer:  [/INST] 1 ",1,1,3,"[INST]  
 QUESTION: The diagram shows the starting position, the direction and the distance covered within 5 seconds by four bumper cars. Which two cars will first crash into each other? <image1>
OPTIONS:
0: A and B
1: A and C
2: A and D
3: B and C
4: C and D

Answer with the correct option from 0 to 4. Only provide the numeric and nothing else 

Answer:  [/INST] 3 ",3,1,3
125,715,"[INST]  
 QUESTION: The diagram shows four semicircles with radius 1. The centres of the semicircles are at the mid-points of the sides of a square. What is the radius of the circle which touches all four semicircles?
<image1>
OPTIONS:
0: $\sqrt{2}-1$
1: $\frac{\pi}{2}-1$
2: $\sqrt{3}-1$
3: $\sqrt{5}-2$
4: $\sqrt{7}-2$

Answer with the correct option from 0 to 4. Only provide the numeric and nothing else 

Answer:  [/INST] 1 ",1,0,4,"[INST]  
 QUESTION: The diagram shows four semicircles with radius 1. The centres of the semicircles are at the mid-points of the sides of a square. What is the radius of the circle which touches all four semicircles?
<image1>
OPTIONS:
0: $\sqrt{2}-1$
1: $\frac{\pi}{2}-1$
2: $\sqrt{3}-1$
3: $\sqrt{5}-2$
4: $\sqrt{7}-2$

Answer with the correct option from 0 to 4. Only provide the numeric and nothing else 

Answer:  [/INST] 0 ",0,0,4
126,719,"[INST]  
 QUESTION: The circles with centers $C$ and $D$ meet at the points $A$ and $B$, as shown. Angle $A C B=60^{\circ}$ and angle $A D B=90^{\circ}$. How many times longer is the radius of the larger circle than the radius of the smaller circle?
<image1>
OPTIONS:
0: $\frac{4}{3}$
1: $\sqrt{2}$
2: $\frac{3}{2}$
3: $\sqrt{3}$
4: 2

Answer with the correct option from 0 to 4. Only provide the numeric and nothing else 

Answer:  [/INST] 1 ",1,1,4,"[INST]  
 QUESTION: The circles with centers $C$ and $D$ meet at the points $A$ and $B$, as shown. Angle $A C B=60^{\circ}$ and angle $A D B=90^{\circ}$. How many times longer is the radius of the larger circle than the radius of the smaller circle?
<image1>
OPTIONS:
0: $\frac{4}{3}$
1: $\sqrt{2}$
2: $\frac{3}{2}$
3: $\sqrt{3}$
4: 2

Answer with the correct option from 0 to 4. Only provide the numeric and nothing else 

Answer:  [/INST] 0 ",0,1,4
127,720,"[INST]  
 QUESTION: In tank I, whose base has an area of $2 \mathrm{dm}^{2}$ and whose height is $10 \mathrm{~cm}$, the water is $5 \mathrm{~cm}$ high. An empty tank II with a base of area $1 \mathrm{dm}^{2}$ and a height of $7 \mathrm{~cm}$ is placed in tank I. The water of tank I rises, of course, and spills over into tank II. What level does the water reach in tank II?
<image1>
OPTIONS:
0: $1 \mathrm{~cm}$
1: $2 \mathrm{~cm}$
2: $3 \mathrm{~cm}$
3: $4 \mathrm{~cm}$
4: $5 \mathrm{~cm}$

Answer with the correct option from 0 to 4. Only provide the numeric and nothing else 

Answer:  [/INST] 1 ",1,2,2,"[INST]  
 QUESTION: In tank I, whose base has an area of $2 \mathrm{dm}^{2}$ and whose height is $10 \mathrm{~cm}$, the water is $5 \mathrm{~cm}$ high. An empty tank II with a base of area $1 \mathrm{dm}^{2}$ and a height of $7 \mathrm{~cm}$ is placed in tank I. The water of tank I rises, of course, and spills over into tank II. What level does the water reach in tank II?
<image1>
OPTIONS:
0: $1 \mathrm{~cm}$
1: $2 \mathrm{~cm}$
2: $3 \mathrm{~cm}$
3: $4 \mathrm{~cm}$
4: $5 \mathrm{~cm}$

Answer with the correct option from 0 to 4. Only provide the numeric and nothing else 

Answer:  [/INST] 3 ",3,2,2
128,724,"[INST]  
 QUESTION: What is the sum of the 10 angles marked in the picture?
<image1>
OPTIONS:
0: $720^{\circ}$
1: $600^{\circ}$
2: $450^{\circ}$
3: $360^{\circ}$
4: $300^{\circ}$

Answer with the correct option from 0 to 4. Only provide the numeric and nothing else 

Answer:  [/INST] 1 ",1,0,2,"[INST]  
 QUESTION: What is the sum of the 10 angles marked in the picture?
<image1>
OPTIONS:
0: $720^{\circ}$
1: $600^{\circ}$
2: $450^{\circ}$
3: $360^{\circ}$
4: $300^{\circ}$

Answer with the correct option from 0 to 4. Only provide the numeric and nothing else 

Answer:  [/INST] 0 ",0,0,2
129,736,"[INST]  
 QUESTION: An equilateral triangle and a regular hexagon are inscribed in a circle, the latter beeing inscribed in an equilateral triangle (see the picture). $S$ is the area of the big triangle, $s$ the area of the little one and $Q$ is the area of the hexagon. What is true?
<image1>
OPTIONS:
0: $Q=\sqrt{S \cdot s}$
1: $Q=\frac{S+s}{2}$
2: $S=s+Q$
3: $Q=\sqrt{S^{2}+s^{2}}$
4: $S=Q+3 s$

Answer with the correct option from 0 to 4. Only provide the numeric and nothing else 

Answer:  [/INST] 1 ",1,0,4,"[INST]  
 QUESTION: An equilateral triangle and a regular hexagon are inscribed in a circle, the latter beeing inscribed in an equilateral triangle (see the picture). $S$ is the area of the big triangle, $s$ the area of the little one and $Q$ is the area of the hexagon. What is true?
<image1>
OPTIONS:
0: $Q=\sqrt{S \cdot s}$
1: $Q=\frac{S+s}{2}$
2: $S=s+Q$
3: $Q=\sqrt{S^{2}+s^{2}}$
4: $S=Q+3 s$

Answer with the correct option from 0 to 4. Only provide the numeric and nothing else 

Answer:  [/INST] 0 ",0,0,4
130,744,"[INST]  
 QUESTION: Find the length of the arc denoted by the interrogation sign.
<image1>
OPTIONS:
0: $\frac{5 \pi}{4}$
1: $\frac{5 \pi}{3}$
2: $\frac{\pi}{2}$
3: $\frac{3 \pi}{2}$
4: $\frac{2 \pi}{3}$

Answer with the correct option from 0 to 4. Only provide the numeric and nothing else 

Answer:  [/INST] 1 ",1,3,4,"[INST]  
 QUESTION: Find the length of the arc denoted by the interrogation sign.
<image1>
OPTIONS:
0: $\frac{5 \pi}{4}$
1: $\frac{5 \pi}{3}$
2: $\frac{\pi}{2}$
3: $\frac{3 \pi}{2}$
4: $\frac{2 \pi}{3}$

Answer with the correct option from 0 to 4. Only provide the numeric and nothing else 

Answer:  [/INST] 0 ",0,3,4
131,753,"[INST]  
 QUESTION: In the picture opposite we see that $1+3+5+7=4 \times 4$. How big is $1+3+5+7+\ldots+17+19$?
<image1>
OPTIONS:
0: $10 \times 10$
1: $11 \times 11$
2: $12 \times 12$
3: $13 \times 13$
4: $14 \times 14$

Answer with the correct option from 0 to 4. Only provide the numeric and nothing else 

Answer:  [/INST] 0 ",0,0,3,"[INST]  
 QUESTION: In the picture opposite we see that $1+3+5+7=4 \times 4$. How big is $1+3+5+7+\ldots+17+19$?
<image1>
OPTIONS:
0: $10 \times 10$
1: $11 \times 11$
2: $12 \times 12$
3: $13 \times 13$
4: $14 \times 14$

Answer with the correct option from 0 to 4. Only provide the numeric and nothing else 

Answer:  [/INST] 1 ",1,0,3
132,755,"[INST]  
 QUESTION: How big is the angle indicated with a question mark?
<image1>
OPTIONS:
0: $10^{\circ}$
1: $20^{\circ}$
2: $30^{\circ}$
3: $40^{\circ}$
4: $50^{\circ}$

Answer with the correct option from 0 to 4. Only provide the numeric and nothing else 

Answer:  [/INST] 2 ",2,3,2,"[INST]  
 QUESTION: How big is the angle indicated with a question mark?
<image1>
OPTIONS:
0: $10^{\circ}$
1: $20^{\circ}$
2: $30^{\circ}$
3: $40^{\circ}$
4: $50^{\circ}$

Answer with the correct option from 0 to 4. Only provide the numeric and nothing else 

Answer:  [/INST] 0 ",0,3,2
133,756,"[INST]  
 QUESTION: A circle of radius $4 \mathrm{~cm}$ is divided, as shown, by four semicircles with radius $2 \mathrm{~cm}$ into four congruent parts. What is the perimeter of one of these parts?
<image1>
OPTIONS:
0: $2 \pi$
1: $4 \pi$
2: $6 \pi$
3: $8 \pi$
4: $12 \pi$

Answer with the correct option from 0 to 4. Only provide the numeric and nothing else 

Answer:  [/INST] 0 ",0,2,4,"[INST]  
 QUESTION: A circle of radius $4 \mathrm{~cm}$ is divided, as shown, by four semicircles with radius $2 \mathrm{~cm}$ into four congruent parts. What is the perimeter of one of these parts?
<image1>
OPTIONS:
0: $2 \pi$
1: $4 \pi$
2: $6 \pi$
3: $8 \pi$
4: $12 \pi$

Answer with the correct option from 0 to 4. Only provide the numeric and nothing else 

Answer:  [/INST] 1 ",1,2,4
134,759,"[INST]  
 QUESTION: Lines drawn parallel to the base of the triangle pictured, separate the other two sides into 10 equally large parts. What percentage of the triangle is grey?
<image1>
OPTIONS:
0: $41.75 \%$
1: $42.5 \%$
2: $45 \%$
3: $46 \%$
4: $47.5 \%$

Answer with the correct option from 0 to 4. Only provide the numeric and nothing else 

Answer:  [/INST] 1 ",1,2,4,"[INST]  
 QUESTION: Lines drawn parallel to the base of the triangle pictured, separate the other two sides into 10 equally large parts. What percentage of the triangle is grey?
<image1>
OPTIONS:
0: $41.75 \%$
1: $42.5 \%$
2: $45 \%$
3: $46 \%$
4: $47.5 \%$

Answer with the correct option from 0 to 4. Only provide the numeric and nothing else 

Answer:  [/INST] 0 ",0,2,4
135,761,"[INST]  
 QUESTION: The two bold lines on the right are rotations of each other. Which of the given points could be the centre of this rotation?
<image1>
OPTIONS:
0: only $X$
1: $X$ and $Z$
2: $X$ and $T$
3: only $T$
4: $X, Y, Z$ and $T$

Answer with the correct option from 0 to 4. Only provide the numeric and nothing else 

Answer:  [/INST] 1 ",1,2,4,"[INST]  
 QUESTION: The two bold lines on the right are rotations of each other. Which of the given points could be the centre of this rotation?
<image1>
OPTIONS:
0: only $X$
1: $X$ and $Z$
2: $X$ and $T$
3: only $T$
4: $X, Y, Z$ and $T$

Answer with the correct option from 0 to 4. Only provide the numeric and nothing else 

Answer:  [/INST] 4 ",4,2,4
136,767,"[INST]  
 QUESTION: One of the two sides of a rectangle has length $6 \mathrm{~cm}$. In the rectangle circles are drawn next to each other in such a way that their centres form an equilateral triangle. What is the shortest distance between the two grey circles (in $\mathrm{cm}$ )?
<image1>
OPTIONS:
0: 1
1: $\sqrt{2}$
2: $2 \sqrt{3}-2$
3: $\frac{\pi}{2}$
4: 2

Answer with the correct option from 0 to 4. Only provide the numeric and nothing else 

Answer:  [/INST] 1 ",1,2,4,"[INST]  
 QUESTION: One of the two sides of a rectangle has length $6 \mathrm{~cm}$. In the rectangle circles are drawn next to each other in such a way that their centres form an equilateral triangle. What is the shortest distance between the two grey circles (in $\mathrm{cm}$ )?
<image1>
OPTIONS:
0: 1
1: $\sqrt{2}$
2: $2 \sqrt{3}-2$
3: $\frac{\pi}{2}$
4: 2

Answer with the correct option from 0 to 4. Only provide the numeric and nothing else 

Answer:  [/INST] 2 ",2,2,4
137,781,"[INST]  
 QUESTION: Paul hangs rectangular pictures on a wall. For each picture he hammers a nail into the wall $2.5 \mathrm{~m}$ above the floor. He ties a $2 \mathrm{~m}$ long string to the upper corners of each picture (see diagram). which picture size (width in $\mathrm{cm} \times$ height in $\mathrm{cm}$ ) has its lower edge nearest to the floor?
<image1>
OPTIONS:
0: $60 \times 40$
1: $120 \times 50$
2: $120 \times 90$
3: $160 \times 60$
4: $160 \times 100$

Answer with the correct option from 0 to 4. Only provide the numeric and nothing else 

Answer:  [/INST] 0 ",0,2,4,"[INST]  
 QUESTION: Paul hangs rectangular pictures on a wall. For each picture he hammers a nail into the wall $2.5 \mathrm{~m}$ above the floor. He ties a $2 \mathrm{~m}$ long string to the upper corners of each picture (see diagram). which picture size (width in $\mathrm{cm} \times$ height in $\mathrm{cm}$ ) has its lower edge nearest to the floor?
<image1>
OPTIONS:
0: $60 \times 40$
1: $120 \times 50$
2: $120 \times 90$
3: $160 \times 60$
4: $160 \times 100$

Answer with the correct option from 0 to 4. Only provide the numeric and nothing else 

Answer:  [/INST] 1 ",1,2,4
138,785,"[INST]  
 QUESTION: The grey areas of the square with side length $a$ are bounded by a semi-circle and two quarter-circles respectively. What is their total area?
<image1>
OPTIONS:
0: $\frac{\pi a^{2}}{8}$
1: $\frac{a^{2}}{2}$
2: $\frac{\pi a^{2}}{2}$
3: $\frac{a^{2}}{4}$
4: $\frac{\pi a^{2}}{4}$

Answer with the correct option from 0 to 4. Only provide the numeric and nothing else 

Answer:  [/INST] 1 ",1,1,4,"[INST]  
 QUESTION: The grey areas of the square with side length $a$ are bounded by a semi-circle and two quarter-circles respectively. What is their total area?
<image1>
OPTIONS:
0: $\frac{\pi a^{2}}{8}$
1: $\frac{a^{2}}{2}$
2: $\frac{\pi a^{2}}{2}$
3: $\frac{a^{2}}{4}$
4: $\frac{\pi a^{2}}{4}$

Answer with the correct option from 0 to 4. Only provide the numeric and nothing else 

Answer:  [/INST] 0 ",0,1,4
139,787,"[INST]  
 QUESTION: In the diagram one can see my decision-die in three different positions. What is the probability I get a ""YES"", when rolling this die once.
<image1>
OPTIONS:
0: $\frac{1}{3}$
1: $\frac{1}{2}$
2: $\frac{5}{9}$
3: $\frac{2}{3}$
4: $\frac{5}{6}$

Answer with the correct option from 0 to 4. Only provide the numeric and nothing else 

Answer:  [/INST] 1 ",1,1,2,"[INST]  
 QUESTION: In the diagram one can see my decision-die in three different positions. What is the probability I get a ""YES"", when rolling this die once.
<image1>
OPTIONS:
0: $\frac{1}{3}$
1: $\frac{1}{2}$
2: $\frac{5}{9}$
3: $\frac{2}{3}$
4: $\frac{5}{6}$

Answer with the correct option from 0 to 4. Only provide the numeric and nothing else 

Answer:  [/INST] 0 ",0,1,2
140,794,"[INST]  
 QUESTION: In the diagram we see a cube and four marked angles. How big is the sum of those angles?
<image1>
OPTIONS:
0: $315^{\circ}$
1: $330^{\circ}$
2: $345^{\circ}$
3: $360^{\circ}$
4: $375^{\circ}$

Answer with the correct option from 0 to 4. Only provide the numeric and nothing else 

Answer:  [/INST] 3 ",3,1,2,"[INST]  
 QUESTION: In the diagram we see a cube and four marked angles. How big is the sum of those angles?
<image1>
OPTIONS:
0: $315^{\circ}$
1: $330^{\circ}$
2: $345^{\circ}$
3: $360^{\circ}$
4: $375^{\circ}$

Answer with the correct option from 0 to 4. Only provide the numeric and nothing else 

Answer:  [/INST] 1 ",1,1,2
141,799,"[INST]  
 QUESTION: In an equilateral triangle with area 1, we draw the six perpendicular lines from the midpoints of each side to the other two sides as seen in the diagram. How big is the area of the grey hexagon that has been created this way?
<image1>
OPTIONS:
0: $\frac{1}{3}$
1: $\frac{2}{5}$
2: $\frac{4}{9}$
3: $\frac{1}{2}$
4: $\frac{2}{3}$

Answer with the correct option from 0 to 4. Only provide the numeric and nothing else 

Answer:  [/INST] 0 ",0,3,4,"[INST]  
 QUESTION: In an equilateral triangle with area 1, we draw the six perpendicular lines from the midpoints of each side to the other two sides as seen in the diagram. How big is the area of the grey hexagon that has been created this way?
<image1>
OPTIONS:
0: $\frac{1}{3}$
1: $\frac{2}{5}$
2: $\frac{4}{9}$
3: $\frac{1}{2}$
4: $\frac{2}{3}$

Answer with the correct option from 0 to 4. Only provide the numeric and nothing else 

Answer:  [/INST] 1 ",1,3,4
142,800,"[INST]  
 QUESTION: A belt system is made up of wheels $A, B$ and $C$, which rotate without sliding. $B$ rotates 4 times around, while $A$ turns 5 times around, and $B$ rotates 6 times around, while $C$ turns 7 times around. The circumference of $C$ is $30 \mathrm{~cm}$. How big is the circumference of $A$?
<image1>
OPTIONS:
0: $27 \mathrm{~cm}$
1: $28 \mathrm{~cm}$
2: $29 \mathrm{~cm}$
3: $30 \mathrm{~cm}$
4: $31 \mathrm{~cm}$

Answer with the correct option from 0 to 4. Only provide the numeric and nothing else 

Answer:  [/INST] 0 ",0,1,4,"[INST]  
 QUESTION: A belt system is made up of wheels $A, B$ and $C$, which rotate without sliding. $B$ rotates 4 times around, while $A$ turns 5 times around, and $B$ rotates 6 times around, while $C$ turns 7 times around. The circumference of $C$ is $30 \mathrm{~cm}$. How big is the circumference of $A$?
<image1>
OPTIONS:
0: $27 \mathrm{~cm}$
1: $28 \mathrm{~cm}$
2: $29 \mathrm{~cm}$
3: $30 \mathrm{~cm}$
4: $31 \mathrm{~cm}$

Answer with the correct option from 0 to 4. Only provide the numeric and nothing else 

Answer:  [/INST] 1 ",1,1,4
143,806,"[INST]  
 QUESTION: Two chords $A B$ and $A C$ are drawn into a circle with diameter $\mathrm{AD}. \angle B A C=60^{\circ}$, $\overline{A B}=24 \mathrm{~cm}$, $\mathrm{E}$ lies on $\mathrm{AC}$ so that $\overline{E C}=3 \mathrm{~cm}$, and $\mathrm{BE}$ is perpendicular to $\mathrm{AC}$. How long is the chord $\mathrm{BD}$?
<image1>
OPTIONS:
0: $\sqrt{3} \mathrm{~cm}$
1: $2 \mathrm{~cm}$
2: $3 \mathrm{~cm}$
3: $2 \sqrt{3} \mathrm{~cm}$
4: $3 \sqrt{2} \mathrm{~cm}$

Answer with the correct option from 0 to 4. Only provide the numeric and nothing else 

Answer:  [/INST] 4 ",4,3,4,"[INST]  
 QUESTION: Two chords $A B$ and $A C$ are drawn into a circle with diameter $\mathrm{AD}. \angle B A C=60^{\circ}$, $\overline{A B}=24 \mathrm{~cm}$, $\mathrm{E}$ lies on $\mathrm{AC}$ so that $\overline{E C}=3 \mathrm{~cm}$, and $\mathrm{BE}$ is perpendicular to $\mathrm{AC}$. How long is the chord $\mathrm{BD}$?
<image1>
OPTIONS:
0: $\sqrt{3} \mathrm{~cm}$
1: $2 \mathrm{~cm}$
2: $3 \mathrm{~cm}$
3: $2 \sqrt{3} \mathrm{~cm}$
4: $3 \sqrt{2} \mathrm{~cm}$

Answer with the correct option from 0 to 4. Only provide the numeric and nothing else 

Answer:  [/INST] 3 ",3,3,4
144,811,"[INST]  
 QUESTION: Three five-digit numbers are written onto three separate pieces of paper as shown. Three of the digits in the picture are hidden. The sum of the three numbers is 57263. Which are the hidden digits?
<image1>
OPTIONS:
0: 0,2 and 2
1: 1,2 and 9
2: 2,4 and 9
3: 2,7 and 8
4: 5,7 and 8

Answer with the correct option from 0 to 4. Only provide the numeric and nothing else 

Answer:  [/INST] 2 ",2,1,3,"[INST]  
 QUESTION: Three five-digit numbers are written onto three separate pieces of paper as shown. Three of the digits in the picture are hidden. The sum of the three numbers is 57263. Which are the hidden digits?
<image1>
OPTIONS:
0: 0,2 and 2
1: 1,2 and 9
2: 2,4 and 9
3: 2,7 and 8
4: 5,7 and 8

Answer with the correct option from 0 to 4. Only provide the numeric and nothing else 

Answer:  [/INST] 1 ",1,1,3
145,826,"[INST]  
 QUESTION: A park is shaped like an equilateral triangle. A cat wants to walk along one of the three indicated paths (thicker lines) from the upper corner to the lower right corner. The lengths of the paths are $P, Q$ and $R$, as shown. Which of the following statements about the lengths of the paths is true?
<image1>
OPTIONS:
0: $P<Q<R$
1: $P<R<Q$
2: $P<Q=R$
3: $P=R<Q$
4: $P=Q=R$

Answer with the correct option from 0 to 4. Only provide the numeric and nothing else 

Answer:  [/INST] 0 ",0,1,4,"[INST]  
 QUESTION: A park is shaped like an equilateral triangle. A cat wants to walk along one of the three indicated paths (thicker lines) from the upper corner to the lower right corner. The lengths of the paths are $P, Q$ and $R$, as shown. Which of the following statements about the lengths of the paths is true?
<image1>
OPTIONS:
0: $P<Q<R$
1: $P<R<Q$
2: $P<Q=R$
3: $P=R<Q$
4: $P=Q=R$

Answer with the correct option from 0 to 4. Only provide the numeric and nothing else 

Answer:  [/INST] 1 ",1,1,4
146,827,"[INST]  
 QUESTION: Six rectangles are arranged as shown. The top left-hand rectangle has height $6 \mathrm{~cm}$. The numbers within the rectangles indicate their areas in $\mathrm{cm}^{2}$. What is the height of the bottom right-hand rectangle?
<image1>
OPTIONS:
0: $4 \mathrm{~cm}$
1: $5 \mathrm{~cm}$
2: $6 \mathrm{~cm}$
3: $7.5 \mathrm{~cm}$
4: $10 \mathrm{~cm}$

Answer with the correct option from 0 to 4. Only provide the numeric and nothing else 

Answer:  [/INST] 0 ",0,1,4,"[INST]  
 QUESTION: Six rectangles are arranged as shown. The top left-hand rectangle has height $6 \mathrm{~cm}$. The numbers within the rectangles indicate their areas in $\mathrm{cm}^{2}$. What is the height of the bottom right-hand rectangle?
<image1>
OPTIONS:
0: $4 \mathrm{~cm}$
1: $5 \mathrm{~cm}$
2: $6 \mathrm{~cm}$
3: $7.5 \mathrm{~cm}$
4: $10 \mathrm{~cm}$

Answer with the correct option from 0 to 4. Only provide the numeric and nothing else 

Answer:  [/INST] 1 ",1,1,4
147,832,"[INST]  
 QUESTION: What is the sum of the six marked angles in the picture?
<image1>
OPTIONS:
0: $360^{\circ}$
1: $900^{\circ}$
2: $1080^{\circ}$
3: $1120^{\circ}$
4: $1440^{\circ}$

Answer with the correct option from 0 to 4. Only provide the numeric and nothing else 

Answer:  [/INST] 1 ",1,2,2,"[INST]  
 QUESTION: What is the sum of the six marked angles in the picture?
<image1>
OPTIONS:
0: $360^{\circ}$
1: $900^{\circ}$
2: $1080^{\circ}$
3: $1120^{\circ}$
4: $1440^{\circ}$

Answer with the correct option from 0 to 4. Only provide the numeric and nothing else 

Answer:  [/INST] 2 ",2,2,2
148,841,"[INST]  
 QUESTION: A hemispheric hole is carved into each face of a wooden cube with sides of length 2. All holes are equally sized, and their midpoints are in the centre of the faces of the cube. The holes are as big as possible so that each hemisphere touches each adjacent hemisphere in exactly one point. How big is the diameter of the holes?
<image1>
OPTIONS:
0: 1
1: 2
2: $\sqrt{2}$
3: $\frac{3}{2}$
4: $\sqrt{\frac{3}{2}}$

Answer with the correct option from 0 to 4. Only provide the numeric and nothing else 

Answer:  [/INST] 2 ",2,2,2,"[INST]  
 QUESTION: A hemispheric hole is carved into each face of a wooden cube with sides of length 2. All holes are equally sized, and their midpoints are in the centre of the faces of the cube. The holes are as big as possible so that each hemisphere touches each adjacent hemisphere in exactly one point. How big is the diameter of the holes?
<image1>
OPTIONS:
0: 1
1: 2
2: $\sqrt{2}$
3: $\frac{3}{2}$
4: $\sqrt{\frac{3}{2}}$

Answer with the correct option from 0 to 4. Only provide the numeric and nothing else 

Answer:  [/INST] 4 ",4,2,2
149,844,"[INST]  
 QUESTION: A small square with side length $4 \mathrm{~cm}$ is drawn within a big square with side length $10 \mathrm{~cm}$; their sides are parallel to each other (see diagram). What percentage of the figure is shaded? <image1>
OPTIONS:
0: $25 \%$
1: $30 \%$
2: $40 \%$
3: $42 \%$
4: $45 \%$

Answer with the correct option from 0 to 4. Only provide the numeric and nothing else 

Answer:  [/INST] 0 ",0,3,4,"[INST]  
 QUESTION: A small square with side length $4 \mathrm{~cm}$ is drawn within a big square with side length $10 \mathrm{~cm}$; their sides are parallel to each other (see diagram). What percentage of the figure is shaded? <image1>
OPTIONS:
0: $25 \%$
1: $30 \%$
2: $40 \%$
3: $42 \%$
4: $45 \%$

Answer with the correct option from 0 to 4. Only provide the numeric and nothing else 

Answer:  [/INST] 1 ",1,3,4
150,848,"[INST]  
 QUESTION: The points $M$ and $N$ are the midpoints of two sides of the big rectangle (see diagram). Which part of the area of the big rectangle is shaded? <image1>
OPTIONS:
0: $\frac{1}{6}$
1: $\frac{1}{5}$
2: $\frac{1}{4}$
3: $\frac{1}{3}$
4: $\frac{1}{2}$

Answer with the correct option from 0 to 4. Only provide the numeric and nothing else 

Answer:  [/INST] 1 ",1,2,4,"[INST]  
 QUESTION: The points $M$ and $N$ are the midpoints of two sides of the big rectangle (see diagram). Which part of the area of the big rectangle is shaded? <image1>
OPTIONS:
0: $\frac{1}{6}$
1: $\frac{1}{5}$
2: $\frac{1}{4}$
3: $\frac{1}{3}$
4: $\frac{1}{2}$

Answer with the correct option from 0 to 4. Only provide the numeric and nothing else 

Answer:  [/INST] 0 ",0,2,4
151,859,"[INST]  
 QUESTION: In the diagram the large square is divided into 25 smaller squares. Adding up the sizes of the five angles $X P Y, X Q Y, X R Y, X S Y$ and $X T Y$, what total is obtained? <image1>
OPTIONS:
0: $30^{\circ}$
1: $45^{\circ}$
2: $60^{\circ}$
3: $75^{\circ}$
4: $90^{\circ}$

Answer with the correct option from 0 to 4. Only provide the numeric and nothing else 

Answer:  [/INST] 1 ",1,1,4,"[INST]  
 QUESTION: In the diagram the large square is divided into 25 smaller squares. Adding up the sizes of the five angles $X P Y, X Q Y, X R Y, X S Y$ and $X T Y$, what total is obtained? <image1>
OPTIONS:
0: $30^{\circ}$
1: $45^{\circ}$
2: $60^{\circ}$
3: $75^{\circ}$
4: $90^{\circ}$

Answer with the correct option from 0 to 4. Only provide the numeric and nothing else 

Answer:  [/INST] 3 ",3,1,4
152,872,"[INST]  
 QUESTION: Gregor's computer is tracing out a path in the first quadrant as shown in the diagram. In the first second the computer draws the line from the origin to $(1,0)$ and after that it continues to follow the directions indicated in the diagram at a speed of 1 unit length per second.
Which point will the traced path reach after exactly 2 minutes? <image1>
OPTIONS:
0: $(10,0)$
1: $(1,11)$
2: $(10,11)$
3: $(2,10)$
4: $(11,11)$

Answer with the correct option from 0 to 4. Only provide the numeric and nothing else 

Answer:  [/INST] 3 ",3,0,4,"[INST]  
 QUESTION: Gregor's computer is tracing out a path in the first quadrant as shown in the diagram. In the first second the computer draws the line from the origin to $(1,0)$ and after that it continues to follow the directions indicated in the diagram at a speed of 1 unit length per second.
Which point will the traced path reach after exactly 2 minutes? <image1>
OPTIONS:
0: $(10,0)$
1: $(1,11)$
2: $(10,11)$
3: $(2,10)$
4: $(11,11)$

Answer with the correct option from 0 to 4. Only provide the numeric and nothing else 

Answer:  [/INST] 1 ",1,0,4
153,873,"[INST]  
 QUESTION: Let $a$ and $b$ be the lengths of the two shorter sides of the right-angled triangle shown in the diagram. The longest side, $D$, is the diameter of the large circle and $d$ is the diameter of the small circle, which touches all three sides of the triangle.
Which one of the following expressions is equal to $D+d$ ? <image1>
OPTIONS:
0: $(a+b)$
1: $2(a+b)$
2: $\frac{1}{2}(a+b)$
3: $\sqrt{a b}$
4: $\sqrt{a^{2}+b^{2}}$

Answer with the correct option from 0 to 4. Only provide the numeric and nothing else 

Answer:  [/INST] 4 ",4,0,2,"[INST]  
 QUESTION: Let $a$ and $b$ be the lengths of the two shorter sides of the right-angled triangle shown in the diagram. The longest side, $D$, is the diameter of the large circle and $d$ is the diameter of the small circle, which touches all three sides of the triangle.
Which one of the following expressions is equal to $D+d$ ? <image1>
OPTIONS:
0: $(a+b)$
1: $2(a+b)$
2: $\frac{1}{2}(a+b)$
3: $\sqrt{a b}$
4: $\sqrt{a^{2}+b^{2}}$

Answer with the correct option from 0 to 4. Only provide the numeric and nothing else 

Answer:  [/INST] 1 ",1,0,2
154,877,"[INST]  
 QUESTION: <image1>
In the diagram above there are 11 cards, each printed with two letters. The diagram below shows a rearangement of the cards, but only the top letters are shown.
<image2>
Which one of the following sequences of letters could appear on the bottom row of the second diagram?
OPTIONS:
0: ANJAMKILIOR
1: RLIIMKOJNAA
2: JANAMKILIRO
3: RAONJMILIKA
4: ANMAIKOLIRJ

Answer with the correct option from 0 to 4. Only provide the numeric and nothing else 

Answer:  [/INST] 0 ",0,4,4,"[INST]  
 QUESTION: <image1>
In the diagram above there are 11 cards, each printed with two letters. The diagram below shows a rearangement of the cards, but only the top letters are shown.
<image2>
Which one of the following sequences of letters could appear on the bottom row of the second diagram?
OPTIONS:
0: ANJAMKILIOR
1: RLIIMKOJNAA
2: JANAMKILIRO
3: RAONJMILIKA
4: ANMAIKOLIRJ

Answer with the correct option from 0 to 4. Only provide the numeric and nothing else 

Answer:  [/INST] 1 ",1,4,4
155,887,"[INST]  
 QUESTION: The diagram shows four circles each of which touches the largest square and two adjacent circles. A second square has its vertices at the midpoints of the sides of the largest square and the central square has its vertices at the centres of the circles.
<image1>
What is the ratio of the total shaded area to the area of the outer square?
OPTIONS:
0: $\pi: 12$
1: $1: 4$
2: $(\pi+2): 16$
3: $1: 3$
4: $\pi: 4$

Answer with the correct option from 0 to 4. Only provide the numeric and nothing else 

Answer:  [/INST] 1 ",1,1,3,"[INST]  
 QUESTION: The diagram shows four circles each of which touches the largest square and two adjacent circles. A second square has its vertices at the midpoints of the sides of the largest square and the central square has its vertices at the centres of the circles.
<image1>
What is the ratio of the total shaded area to the area of the outer square?
OPTIONS:
0: $\pi: 12$
1: $1: 4$
2: $(\pi+2): 16$
3: $1: 3$
4: $\pi: 4$

Answer with the correct option from 0 to 4. Only provide the numeric and nothing else 

Answer:  [/INST] 2 ",2,1,3
156,896,"[INST]  
 QUESTION: The diagram shows three squares. The medium square is formed by joining the midpoints of the sides of the large square. The small square is formed by joining the midpoints of the sides of the medium square. The area of the small square is $6 \mathrm{~cm}^{2}$. What is the difference between the area of the medium square and the area of the large square? <image1>
OPTIONS:
0: $3 \mathrm{~cm}^{2}$
1: $6 \mathrm{~cm}^{2}$
2: $9 \mathrm{~cm}^{2}$
3: $12 \mathrm{~cm}^{2}$
4: $15 \mathrm{~cm}^{2}$

Answer with the correct option from 0 to 4. Only provide the numeric and nothing else 

Answer:  [/INST] 0 ",0,3,3,"[INST]  
 QUESTION: The diagram shows three squares. The medium square is formed by joining the midpoints of the sides of the large square. The small square is formed by joining the midpoints of the sides of the medium square. The area of the small square is $6 \mathrm{~cm}^{2}$. What is the difference between the area of the medium square and the area of the large square? <image1>
OPTIONS:
0: $3 \mathrm{~cm}^{2}$
1: $6 \mathrm{~cm}^{2}$
2: $9 \mathrm{~cm}^{2}$
3: $12 \mathrm{~cm}^{2}$
4: $15 \mathrm{~cm}^{2}$

Answer with the correct option from 0 to 4. Only provide the numeric and nothing else 

Answer:  [/INST] 2 ",2,3,3
157,900,"[INST]  
 QUESTION: The diagram on the right shows a square with side $3 \mathrm{~cm}$ inside a square with side $7 \mathrm{~cm}$ and another square with side $5 \mathrm{~cm}$ which intersects the first two squares. What is the difference between the area of the black region and the total area of the grey regions? <image1>
OPTIONS:
0: $0 \mathrm{~cm}^{2}$
1: $10 \mathrm{~cm}^{2}$
2: $11 \mathrm{~cm}^{2}$
3: $15 \mathrm{~cm}^{2}$
4: more information needed

Answer with the correct option from 0 to 4. Only provide the numeric and nothing else 

Answer:  [/INST] 1 ",1,3,3,"[INST]  
 QUESTION: The diagram on the right shows a square with side $3 \mathrm{~cm}$ inside a square with side $7 \mathrm{~cm}$ and another square with side $5 \mathrm{~cm}$ which intersects the first two squares. What is the difference between the area of the black region and the total area of the grey regions? <image1>
OPTIONS:
0: $0 \mathrm{~cm}^{2}$
1: $10 \mathrm{~cm}^{2}$
2: $11 \mathrm{~cm}^{2}$
3: $15 \mathrm{~cm}^{2}$
4: more information needed

Answer with the correct option from 0 to 4. Only provide the numeric and nothing else 

Answer:  [/INST] 2 ",2,3,3
158,909,"[INST]  
 QUESTION: The edges of rectangle $P Q R S$ are parallel to the coordinate axes. $P Q R S$ lies below the $x$-axis and to the right of the $y$-axis as shown in the diagram. The coordinates of $P, Q, R$ and $S$ are all integers. For each point, we calculate the value $(y$-coordinate $) \div(x$-coordinate $)$. Which of the four points gives the least value? <image1>
OPTIONS:
0: P
1: Q
2: R
3: S
4: It depends on the rectangle.

Answer with the correct option from 0 to 4. Only provide the numeric and nothing else 

Answer:  [/INST] 0 ",0,0,3,"[INST]  
 QUESTION: The edges of rectangle $P Q R S$ are parallel to the coordinate axes. $P Q R S$ lies below the $x$-axis and to the right of the $y$-axis as shown in the diagram. The coordinates of $P, Q, R$ and $S$ are all integers. For each point, we calculate the value $(y$-coordinate $) \div(x$-coordinate $)$. Which of the four points gives the least value? <image1>
OPTIONS:
0: P
1: Q
2: R
3: S
4: It depends on the rectangle.

Answer with the correct option from 0 to 4. Only provide the numeric and nothing else 

Answer:  [/INST] 1 ",1,0,3
159,915,"[INST]  
 QUESTION: The diagram shows the triangle $P Q R$ in which $R H$ is a perpendicular height and $P S$ is the angle bisector at $P$. The obtuse angle between $R H$ and $P S$ is four times angle $S P Q$. What is angle $R P Q$ ? <image1>
OPTIONS:
0: $30^{\circ}$
1: $45^{\circ}$
2: $60^{\circ}$
3: $75^{\circ}$
4: $90^{\circ}$

Answer with the correct option from 0 to 4. Only provide the numeric and nothing else 

Answer:  [/INST] 1 ",1,2,5,"[INST]  
 QUESTION: The diagram shows the triangle $P Q R$ in which $R H$ is a perpendicular height and $P S$ is the angle bisector at $P$. The obtuse angle between $R H$ and $P S$ is four times angle $S P Q$. What is angle $R P Q$ ? <image1>
OPTIONS:
0: $30^{\circ}$
1: $45^{\circ}$
2: $60^{\circ}$
3: $75^{\circ}$
4: $90^{\circ}$

Answer with the correct option from 0 to 4. Only provide the numeric and nothing else 

Answer:  [/INST] 3 ",3,2,5
160,920,"[INST]  
 QUESTION: Luis wants to make a pattern by colouring the sides of the triangles shown in the diagram. He wants each triangle to have one red side, one green side and one blue side. Luis has already coloured some of the sides as shown. What colour can he use for the side marked $x$ ? <image1>
OPTIONS:
0: only green
1: only blue
2: only red
3: either blue or red
4: The task is impossible

Answer with the correct option from 0 to 4. Only provide the numeric and nothing else 

Answer:  [/INST] 4 ",4,0,4,"[INST]  
 QUESTION: Luis wants to make a pattern by colouring the sides of the triangles shown in the diagram. He wants each triangle to have one red side, one green side and one blue side. Luis has already coloured some of the sides as shown. What colour can he use for the side marked $x$ ? <image1>
OPTIONS:
0: only green
1: only blue
2: only red
3: either blue or red
4: The task is impossible

Answer with the correct option from 0 to 4. Only provide the numeric and nothing else 

Answer:  [/INST] 3 ",3,0,4
161,927,"[INST]  
 QUESTION: The diagram shows a pentagon. The lengths of the sides of the pentagon are given in the diagram.
Sepideh draws five circles with centres $A, B, C, D$ and $E$ such that the two circles with centres at the ends of a side of the pentagon touch on that side. Which point is the centre of the largest circle that she draws? <image1>
OPTIONS:
0: $A$
1: $B$
2: $C$
3: $D$
4: $E$

Answer with the correct option from 0 to 4. Only provide the numeric and nothing else 

Answer:  [/INST] 1 ",1,0,2,"[INST]  
 QUESTION: The diagram shows a pentagon. The lengths of the sides of the pentagon are given in the diagram.
Sepideh draws five circles with centres $A, B, C, D$ and $E$ such that the two circles with centres at the ends of a side of the pentagon touch on that side. Which point is the centre of the largest circle that she draws? <image1>
OPTIONS:
0: $A$
1: $B$
2: $C$
3: $D$
4: $E$

Answer with the correct option from 0 to 4. Only provide the numeric and nothing else 

Answer:  [/INST] 0 ",0,0,2
162,928,"[INST]  
 QUESTION: A $3 \times 3 \times 3$ cube is built from 15 black cubes and 12 white cubes. Five faces of the larger cube are shown.
<image1>
Which of the following is the sixth face of the larger cube?
<image2>
OPTIONS:
0: A
1: B
2: C
3: D
4: E

Answer with the correct option from 0 to 4. Only provide the numeric and nothing else 

Answer:  [/INST] 4 ",4,0,4,"[INST]  
 QUESTION: A $3 \times 3 \times 3$ cube is built from 15 black cubes and 12 white cubes. Five faces of the larger cube are shown.
<image1>
Which of the following is the sixth face of the larger cube?
<image2>
OPTIONS:
0: A
1: B
2: C
3: D
4: E

Answer with the correct option from 0 to 4. Only provide the numeric and nothing else 

Answer:  [/INST] 1 ",1,0,4
163,937,"[INST]  
 QUESTION: Square $A B C D$ has sides of length $3 \mathrm{~cm}$. The points $M$ and $N$ lie on $A D$ and $A B$ so that $C M$ and $C N$ split the square into three pieces of the same area. What is the length of $D M$ ? <image1>
OPTIONS:
0: $0.5 \mathrm{~cm}$
1: $1 \mathrm{~cm}$
2: $1.5 \mathrm{~cm}$
3: $2 \mathrm{~cm}$
4: $2.5 \mathrm{~cm}$

Answer with the correct option from 0 to 4. Only provide the numeric and nothing else 

Answer:  [/INST] 0 ",0,3,2,"[INST]  
 QUESTION: Square $A B C D$ has sides of length $3 \mathrm{~cm}$. The points $M$ and $N$ lie on $A D$ and $A B$ so that $C M$ and $C N$ split the square into three pieces of the same area. What is the length of $D M$ ? <image1>
OPTIONS:
0: $0.5 \mathrm{~cm}$
1: $1 \mathrm{~cm}$
2: $1.5 \mathrm{~cm}$
3: $2 \mathrm{~cm}$
4: $2.5 \mathrm{~cm}$

Answer with the correct option from 0 to 4. Only provide the numeric and nothing else 

Answer:  [/INST] 2 ",2,3,2
164,951,"[INST]  
 QUESTION: The shortest path from Atown to Cetown runs through Betown. The two signposts shown are set up at different places along this path. What distance is written on the broken sign? <image1>
OPTIONS:
0: $1 \mathrm{~km}$
1: $3 \mathrm{~km}$
2: $4 \mathrm{~km}$
3: $5 \mathrm{~km}$
4: $9 \mathrm{~km}$

Answer with the correct option from 0 to 4. Only provide the numeric and nothing else 

Answer:  [/INST] 4 ",4,0,2,"[INST]  
 QUESTION: The shortest path from Atown to Cetown runs through Betown. The two signposts shown are set up at different places along this path. What distance is written on the broken sign? <image1>
OPTIONS:
0: $1 \mathrm{~km}$
1: $3 \mathrm{~km}$
2: $4 \mathrm{~km}$
3: $5 \mathrm{~km}$
4: $9 \mathrm{~km}$

Answer with the correct option from 0 to 4. Only provide the numeric and nothing else 

Answer:  [/INST] 1 ",1,0,2
165,956,"[INST]  
 QUESTION: Three villages are connected by paths as shown. From Downend to Uphill, the detour via Middleton is $1 \mathrm{~km}$ longer than the direct path. From Downend to Middleton, the detour via Uphill is $5 \mathrm{~km}$ longer than the direct path. From Uphill to Middleton, the detour via Downend is $7 \mathrm{~km}$ longer than the direct path. What is the length of the shortest of the three direct paths between the villages?
<image1>
OPTIONS:
0: $1 \mathrm{~km}$
1: $2 \mathrm{~km}$
2: $3 \mathrm{~km}$
3: $4 \mathrm{~km}$
4: $5 \mathrm{~km}$

Answer with the correct option from 0 to 4. Only provide the numeric and nothing else 

Answer:  [/INST] 1 ",1,2,2,"[INST]  
 QUESTION: Three villages are connected by paths as shown. From Downend to Uphill, the detour via Middleton is $1 \mathrm{~km}$ longer than the direct path. From Downend to Middleton, the detour via Uphill is $5 \mathrm{~km}$ longer than the direct path. From Uphill to Middleton, the detour via Downend is $7 \mathrm{~km}$ longer than the direct path. What is the length of the shortest of the three direct paths between the villages?
<image1>
OPTIONS:
0: $1 \mathrm{~km}$
1: $2 \mathrm{~km}$
2: $3 \mathrm{~km}$
3: $4 \mathrm{~km}$
4: $5 \mathrm{~km}$

Answer with the correct option from 0 to 4. Only provide the numeric and nothing else 

Answer:  [/INST] 2 ",2,2,2
166,957,"[INST]  
 QUESTION: A triangular pyramid is built with 20 cannonballs, as shown. Each cannonball is labelled with one of A, B, C, D or E. There are four cannonballs with each type of label.
<image1>
The diagrams show the labels on the cannonballs on three of the faces of the pyramid. What is the label on the hidden cannonball in the middle of the fourth face?
OPTIONS:
0: A
1: B
2: C
3: D
4: E

Answer with the correct option from 0 to 4. Only provide the numeric and nothing else 

Answer:  [/INST] 3 ",3,3,4,"[INST]  
 QUESTION: A triangular pyramid is built with 20 cannonballs, as shown. Each cannonball is labelled with one of A, B, C, D or E. There are four cannonballs with each type of label.
<image1>
The diagrams show the labels on the cannonballs on three of the faces of the pyramid. What is the label on the hidden cannonball in the middle of the fourth face?
OPTIONS:
0: A
1: B
2: C
3: D
4: E

Answer with the correct option from 0 to 4. Only provide the numeric and nothing else 

Answer:  [/INST] 1 ",1,3,4
167,961,"[INST]  
 QUESTION: The large rectangle $W X Y Z$ is divided into seven identical rectangles, as shown. What is the ratio $W X: X Y$ ? <image1>
OPTIONS:
0: $3: 2$
1: $4: 3$
2: $8: 5$
3: $12: 7$
4: $7: 3$

Answer with the correct option from 0 to 4. Only provide the numeric and nothing else 

Answer:  [/INST] 1 ",1,3,2,"[INST]  
 QUESTION: The large rectangle $W X Y Z$ is divided into seven identical rectangles, as shown. What is the ratio $W X: X Y$ ? <image1>
OPTIONS:
0: $3: 2$
1: $4: 3$
2: $8: 5$
3: $12: 7$
4: $7: 3$

Answer with the correct option from 0 to 4. Only provide the numeric and nothing else 

Answer:  [/INST] 4 ",4,3,2
168,969,"[INST]  
 QUESTION: A rectangular garden is surrounded by a path of constant width. The perimeter of the garden is $24 \mathrm{~m}$ shorter than the distance along the outside edge of the path. What is the width of the path? <image1>
OPTIONS:
0: $1 \mathrm{~m}$
1: $2 \mathrm{~m}$
2: $3 \mathrm{~m}$
3: $4 \mathrm{~m}$
4: $5 \mathrm{~m}$

Answer with the correct option from 0 to 4. Only provide the numeric and nothing else 

Answer:  [/INST] 1 ",1,2,3,"[INST]  
 QUESTION: A rectangular garden is surrounded by a path of constant width. The perimeter of the garden is $24 \mathrm{~m}$ shorter than the distance along the outside edge of the path. What is the width of the path? <image1>
OPTIONS:
0: $1 \mathrm{~m}$
1: $2 \mathrm{~m}$
2: $3 \mathrm{~m}$
3: $4 \mathrm{~m}$
4: $5 \mathrm{~m}$

Answer with the correct option from 0 to 4. Only provide the numeric and nothing else 

Answer:  [/INST] 2 ",2,2,3
169,982,"[INST]  
 QUESTION: Henna has four hair ribbons of width $10 \mathrm{~cm}$. When she measures them, she finds that each ribbon is $25 \mathrm{~cm}$ longer than the next smallest ribbon. She then arranges the ribbons to form two different shapes as shown in the diagram. How much longer is the perimeter of the second shape than the perimeter of the first shape? <image1>
OPTIONS:
0: $75 \mathrm{~cm}$
1: $50 \mathrm{~cm}$
2: $25 \mathrm{~cm}$
3: $20 \mathrm{~cm}$
4: $0 \mathrm{~cm}$

Answer with the correct option from 0 to 4. Only provide the numeric and nothing else 

Answer:  [/INST] 0 ",0,1,2,"[INST]  
 QUESTION: Henna has four hair ribbons of width $10 \mathrm{~cm}$. When she measures them, she finds that each ribbon is $25 \mathrm{~cm}$ longer than the next smallest ribbon. She then arranges the ribbons to form two different shapes as shown in the diagram. How much longer is the perimeter of the second shape than the perimeter of the first shape? <image1>
OPTIONS:
0: $75 \mathrm{~cm}$
1: $50 \mathrm{~cm}$
2: $25 \mathrm{~cm}$
3: $20 \mathrm{~cm}$
4: $0 \mathrm{~cm}$

Answer with the correct option from 0 to 4. Only provide the numeric and nothing else 

Answer:  [/INST] 1 ",1,1,2
170,983,"[INST]  
 QUESTION: In the diagram, $P Q R S$ is a square of side $10 \mathrm{~cm} . T$ is a point inside the square so that $\angle S P T=75^{\circ}$ and $\angle T S P=30^{\circ}$. What is the length of $T R$ ? <image1>
OPTIONS:
0: $8 \mathrm{~cm}$
1: $8.5 \mathrm{~cm}$
2: $9 \mathrm{~cm}$
3: $9.5 \mathrm{~cm}$
4: $10 \mathrm{~cm}$

Answer with the correct option from 0 to 4. Only provide the numeric and nothing else 

Answer:  [/INST] 0 ",0,4,3,"[INST]  
 QUESTION: In the diagram, $P Q R S$ is a square of side $10 \mathrm{~cm} . T$ is a point inside the square so that $\angle S P T=75^{\circ}$ and $\angle T S P=30^{\circ}$. What is the length of $T R$ ? <image1>
OPTIONS:
0: $8 \mathrm{~cm}$
1: $8.5 \mathrm{~cm}$
2: $9 \mathrm{~cm}$
3: $9.5 \mathrm{~cm}$
4: $10 \mathrm{~cm}$

Answer with the correct option from 0 to 4. Only provide the numeric and nothing else 

Answer:  [/INST] 1 ",1,4,3
171,986,"[INST]  
 QUESTION: Emily has two identical cards in the shape of equilateral triangles. She places them both onto a sheet of paper so that they touch or overlap and draws around the shape she creates. Which one of the following is it impossible for her to draw?
<image1>
OPTIONS:
0: A
1: B
2: C
3: D
4: E

Answer with the correct option from 0 to 4. Only provide the numeric and nothing else 

Answer:  [/INST] 3 ",3,4,2,"[INST]  
 QUESTION: Emily has two identical cards in the shape of equilateral triangles. She places them both onto a sheet of paper so that they touch or overlap and draws around the shape she creates. Which one of the following is it impossible for her to draw?
<image1>
OPTIONS:
0: A
1: B
2: C
3: D
4: E

Answer with the correct option from 0 to 4. Only provide the numeric and nothing else 

Answer:  [/INST] 1 ",1,4,2
172,991,"[INST]  
 QUESTION: The diagram shows a plan of a town with various bus stops. There are four bus routes in the town.
Route 1 goes $\mathrm{C}-\mathrm{D}-\mathrm{E}-\mathrm{F}-\mathrm{G}-\mathrm{H}-\mathrm{C}$ and is $17 \mathrm{~km}$ long.
Route 2 goes $\mathrm{A}-\mathrm{B}-\mathrm{C}-\mathrm{F}-\mathrm{G}-\mathrm{H}-\mathrm{A}$ and is $12 \mathrm{~km}$ long.
Route 3 goes $\mathrm{A}-\mathrm{B}-\mathrm{C}-\mathrm{D}-\mathrm{E}-\mathrm{F}-\mathrm{G}-\mathrm{H}-\mathrm{A}$ and is $20 \mathrm{~km}$ long.
Route 4 goes $\mathrm{C}-\mathrm{F}-\mathrm{G}-\mathrm{H}-\mathrm{C}$.
<image1>
How long is route 4 ?
OPTIONS:
0: $10 \mathrm{~km}$
1: $9 \mathrm{~km}$
2: $8 \mathrm{~km}$
3: $7 \mathrm{~km}$
4: $6 \mathrm{~km}$

Answer with the correct option from 0 to 4. Only provide the numeric and nothing else 

Answer:  [/INST] 0 ",0,1,3,"[INST]  
 QUESTION: The diagram shows a plan of a town with various bus stops. There are four bus routes in the town.
Route 1 goes $\mathrm{C}-\mathrm{D}-\mathrm{E}-\mathrm{F}-\mathrm{G}-\mathrm{H}-\mathrm{C}$ and is $17 \mathrm{~km}$ long.
Route 2 goes $\mathrm{A}-\mathrm{B}-\mathrm{C}-\mathrm{F}-\mathrm{G}-\mathrm{H}-\mathrm{A}$ and is $12 \mathrm{~km}$ long.
Route 3 goes $\mathrm{A}-\mathrm{B}-\mathrm{C}-\mathrm{D}-\mathrm{E}-\mathrm{F}-\mathrm{G}-\mathrm{H}-\mathrm{A}$ and is $20 \mathrm{~km}$ long.
Route 4 goes $\mathrm{C}-\mathrm{F}-\mathrm{G}-\mathrm{H}-\mathrm{C}$.
<image1>
How long is route 4 ?
OPTIONS:
0: $10 \mathrm{~km}$
1: $9 \mathrm{~km}$
2: $8 \mathrm{~km}$
3: $7 \mathrm{~km}$
4: $6 \mathrm{~km}$

Answer with the correct option from 0 to 4. Only provide the numeric and nothing else 

Answer:  [/INST] 1 ",1,1,3
173,996,"[INST]  
 QUESTION: The diagram shows a square, an equilateral triangle and a regular pentagon. What is the size of $\angle W U V$ ? <image1>
OPTIONS:
0: $21^{\circ}$
1: $23^{\circ}$
2: $25^{\circ}$
3: $27^{\circ}$
4: $29^{\circ}$

Answer with the correct option from 0 to 4. Only provide the numeric and nothing else 

Answer:  [/INST] 1 ",1,0,3,"[INST]  
 QUESTION: The diagram shows a square, an equilateral triangle and a regular pentagon. What is the size of $\angle W U V$ ? <image1>
OPTIONS:
0: $21^{\circ}$
1: $23^{\circ}$
2: $25^{\circ}$
3: $27^{\circ}$
4: $29^{\circ}$

Answer with the correct option from 0 to 4. Only provide the numeric and nothing else 

Answer:  [/INST] 0 ",0,0,3
174,998,"[INST]  
 QUESTION: Sid is colouring the cells in the grid using the four colours red, blue, yellow and green in such a way that any two cells that share a vertex are coloured differently. He has already coloured some of the cells as shown.
What colour will he use for the cell marked $X$ ?
<image1>
OPTIONS:
0: Red
1: Blue
2: Yellow
3: Green
4: You can't be certain

Answer with the correct option from 0 to 4. Only provide the numeric and nothing else 

Answer:  [/INST] 4 ",4,0,2,"[INST]  
 QUESTION: Sid is colouring the cells in the grid using the four colours red, blue, yellow and green in such a way that any two cells that share a vertex are coloured differently. He has already coloured some of the cells as shown.
What colour will he use for the cell marked $X$ ?
<image1>
OPTIONS:
0: Red
1: Blue
2: Yellow
3: Green
4: You can't be certain

Answer with the correct option from 0 to 4. Only provide the numeric and nothing else 

Answer:  [/INST] 1 ",1,0,2
175,1008,"[INST]  
 QUESTION: One slice of a circular cake is $15 \%$ of the whole cake. What is the size of the angle marked with the question mark? <image1>
OPTIONS:
0: $30^{\circ}$
1: $45^{\circ}$
2: $54^{\circ}$
3: $15^{\circ}$
4: $20^{\circ}$

Answer with the correct option from 0 to 4. Only provide the numeric and nothing else 

Answer:  [/INST] 1 ",1,2,2,"[INST]  
 QUESTION: One slice of a circular cake is $15 \%$ of the whole cake. What is the size of the angle marked with the question mark? <image1>
OPTIONS:
0: $30^{\circ}$
1: $45^{\circ}$
2: $54^{\circ}$
3: $15^{\circ}$
4: $20^{\circ}$

Answer with the correct option from 0 to 4. Only provide the numeric and nothing else 

Answer:  [/INST] 3 ",3,2,2
176,1010,"[INST]  
 QUESTION: In figure 1, alongside, the area of the square equals $a$. The area of each circle in both figures equals $b$. Three circles are lined up as shown in figure 2. An elastic band is placed around these three circles without moving them. What is the area inside the elastic band?

<image1>
OPTIONS:
0: $3 b$
1: $2 a+b$
2: $a+2 b$
3: $3 a$
4: $a+b$

Answer with the correct option from 0 to 4. Only provide the numeric and nothing else 

Answer:  [/INST] 1 ",1,1,4,"[INST]  
 QUESTION: In figure 1, alongside, the area of the square equals $a$. The area of each circle in both figures equals $b$. Three circles are lined up as shown in figure 2. An elastic band is placed around these three circles without moving them. What is the area inside the elastic band?

<image1>
OPTIONS:
0: $3 b$
1: $2 a+b$
2: $a+2 b$
3: $3 a$
4: $a+b$

Answer with the correct option from 0 to 4. Only provide the numeric and nothing else 

Answer:  [/INST] 0 ",0,1,4
177,1012,"[INST]  
 QUESTION: What is the ratio of the areas of the triangles $A D E$ and $A B C$ in the picture? <image1>
OPTIONS:
0: $9: 4$
1: $7: 3$
2: $4: 5$
3: $15: 10$
4: $26: 9$

Answer with the correct option from 0 to 4. Only provide the numeric and nothing else 

Answer:  [/INST] 3 ",3,0,4,"[INST]  
 QUESTION: What is the ratio of the areas of the triangles $A D E$ and $A B C$ in the picture? <image1>
OPTIONS:
0: $9: 4$
1: $7: 3$
2: $4: 5$
3: $15: 10$
4: $26: 9$

Answer with the correct option from 0 to 4. Only provide the numeric and nothing else 

Answer:  [/INST] 1 ",1,0,4
178,1016,"[INST]  
 QUESTION: The target shown consists of an inner black circle with two rings, one black and one white, around it. The width of each ring is equal to the radius of the black circle. What is the ratio of the area of the black ring to the area of the inner black circle? <image1>
OPTIONS:
0: $2: 1$
1: $3: 1$
2: $4: 1$
3: $5: 1$
4: $6: 1$

Answer with the correct option from 0 to 4. Only provide the numeric and nothing else 

Answer:  [/INST] 1 ",1,3,4,"[INST]  
 QUESTION: The target shown consists of an inner black circle with two rings, one black and one white, around it. The width of each ring is equal to the radius of the black circle. What is the ratio of the area of the black ring to the area of the inner black circle? <image1>
OPTIONS:
0: $2: 1$
1: $3: 1$
2: $4: 1$
3: $5: 1$
4: $6: 1$

Answer with the correct option from 0 to 4. Only provide the numeric and nothing else 

Answer:  [/INST] 0 ",0,3,4
179,1017,"[INST]  
 QUESTION: Sol is having fun playing with water in two tanks. Tank $X$ has a base of area of $200 \mathrm{~cm}^{2}$.
Tank $Y$ has a base of area $100 \mathrm{~cm}^{2}$ and height $7 \mathrm{~cm}$. Sol has partly filled Tank X to a depth of $5 \mathrm{~cm}$. He then places Tank Y, which is empty, on the bottom of Tank X. The water in Tank X rises, of course, and spills over into in Tank Y. What level does the water reach in Tank Y ? <image1>
OPTIONS:
0: $1 \mathrm{~cm}$
1: $2 \mathrm{~cm}$
2: $3 \mathrm{~cm}$
3: $4 \mathrm{~cm}$
4: $5 \mathrm{~cm}$

Answer with the correct option from 0 to 4. Only provide the numeric and nothing else 

Answer:  [/INST] 4 ",4,2,2,"[INST]  
 QUESTION: Sol is having fun playing with water in two tanks. Tank $X$ has a base of area of $200 \mathrm{~cm}^{2}$.
Tank $Y$ has a base of area $100 \mathrm{~cm}^{2}$ and height $7 \mathrm{~cm}$. Sol has partly filled Tank X to a depth of $5 \mathrm{~cm}$. He then places Tank Y, which is empty, on the bottom of Tank X. The water in Tank X rises, of course, and spills over into in Tank Y. What level does the water reach in Tank Y ? <image1>
OPTIONS:
0: $1 \mathrm{~cm}$
1: $2 \mathrm{~cm}$
2: $3 \mathrm{~cm}$
3: $4 \mathrm{~cm}$
4: $5 \mathrm{~cm}$

Answer with the correct option from 0 to 4. Only provide the numeric and nothing else 

Answer:  [/INST] 3 ",3,2,2
180,1023,"[INST]  
 QUESTION: The flag shown in the diagram consists of three stripes, each of equal height, which are divided into two, three and four equal parts, respectively. What fraction of the area of the flag is shaded? <image1>
OPTIONS:
0: $\frac{1}{2}$
1: $\frac{2}{3}$
2: $\frac{3}{5}$
3: $\frac{4}{7}$
4: $\frac{5}{9}$

Answer with the correct option from 0 to 4. Only provide the numeric and nothing else 

Answer:  [/INST] 0 ",0,4,4,"[INST]  
 QUESTION: The flag shown in the diagram consists of three stripes, each of equal height, which are divided into two, three and four equal parts, respectively. What fraction of the area of the flag is shaded? <image1>
OPTIONS:
0: $\frac{1}{2}$
1: $\frac{2}{3}$
2: $\frac{3}{5}$
3: $\frac{4}{7}$
4: $\frac{5}{9}$

Answer with the correct option from 0 to 4. Only provide the numeric and nothing else 

Answer:  [/INST] 1 ",1,4,4
181,1029,"[INST]  
 QUESTION: An equilateral triangle and a regular hexagon are inscribed in a circle which is itself inscribed in an equilateral triangle. $L$ is the area of the large triangle, $S$ is the area of the smaller triangle and $H$ is the area of the hexagon. Which of these statements is true? <image1>
OPTIONS:
0: $L=H+3 S$
1: $H=L S$
2: $H=\frac{1}{2}(L+S)$
3: $H=L-S$
4: $H=\sqrt{L S}$

Answer with the correct option from 0 to 4. Only provide the numeric and nothing else 

Answer:  [/INST] 2 ",2,4,4,"[INST]  
 QUESTION: An equilateral triangle and a regular hexagon are inscribed in a circle which is itself inscribed in an equilateral triangle. $L$ is the area of the large triangle, $S$ is the area of the smaller triangle and $H$ is the area of the hexagon. Which of these statements is true? <image1>
OPTIONS:
0: $L=H+3 S$
1: $H=L S$
2: $H=\frac{1}{2}(L+S)$
3: $H=L-S$
4: $H=\sqrt{L S}$

Answer with the correct option from 0 to 4. Only provide the numeric and nothing else 

Answer:  [/INST] 1 ",1,4,4
182,1035,"[INST]  
 QUESTION: On the number line below, each gap equals one unit. Six integers are marked as shown. At least two of the integers are divisible by 3 , and at least two of them are divisible by 5 . Which of the integers are divisible by 15 ?
<image1>
OPTIONS:
0: $F$ and $K$
1: $G$ and $J$
2: $H$ and $I$
3: all six numbers
4: only one of them

Answer with the correct option from 0 to 4. Only provide the numeric and nothing else 

Answer:  [/INST] 2 ",2,0,3,"[INST]  
 QUESTION: On the number line below, each gap equals one unit. Six integers are marked as shown. At least two of the integers are divisible by 3 , and at least two of them are divisible by 5 . Which of the integers are divisible by 15 ?
<image1>
OPTIONS:
0: $F$ and $K$
1: $G$ and $J$
2: $H$ and $I$
3: all six numbers
4: only one of them

Answer with the correct option from 0 to 4. Only provide the numeric and nothing else 

Answer:  [/INST] 1 ",1,0,3
183,1041,"[INST]  
 QUESTION: The diagram shows two identical large circles and two identical smaller circles whose centres are at the corners of a square. The two large circles are touching, and they each touch the two smaller circles. The radius of the small circles is $1 \mathrm{~cm}$. What is the radius of a large circle in centimetres? <image1>
OPTIONS:
0: $1+\sqrt{2}$
1: $\sqrt{5}$
2: $\sqrt{2}$
3: $\frac{5}{2}$
4: $\frac{4}{5} \pi$

Answer with the correct option from 0 to 4. Only provide the numeric and nothing else 

Answer:  [/INST] 0 ",0,0,4,"[INST]  
 QUESTION: The diagram shows two identical large circles and two identical smaller circles whose centres are at the corners of a square. The two large circles are touching, and they each touch the two smaller circles. The radius of the small circles is $1 \mathrm{~cm}$. What is the radius of a large circle in centimetres? <image1>
OPTIONS:
0: $1+\sqrt{2}$
1: $\sqrt{5}$
2: $\sqrt{2}$
3: $\frac{5}{2}$
4: $\frac{4}{5} \pi$

Answer with the correct option from 0 to 4. Only provide the numeric and nothing else 

Answer:  [/INST] 2 ",2,0,4
184,1046,"[INST]  
 QUESTION: A circle of radius $4 \mathrm{~cm}$ is divided into four congruent parts by arcs of radius $2 \mathrm{~cm}$ as shown. What is the length of the perimeter of one of the parts, in $\mathrm{cm}$ ? <image1>
OPTIONS:
0: $2 \pi$
1: $4 \pi$
2: $6 \pi$
3: $8 \pi$
4: $12 \pi$

Answer with the correct option from 0 to 4. Only provide the numeric and nothing else 

Answer:  [/INST] 0 ",0,2,4,"[INST]  
 QUESTION: A circle of radius $4 \mathrm{~cm}$ is divided into four congruent parts by arcs of radius $2 \mathrm{~cm}$ as shown. What is the length of the perimeter of one of the parts, in $\mathrm{cm}$ ? <image1>
OPTIONS:
0: $2 \pi$
1: $4 \pi$
2: $6 \pi$
3: $8 \pi$
4: $12 \pi$

Answer with the correct option from 0 to 4. Only provide the numeric and nothing else 

Answer:  [/INST] 2 ",2,2,4
185,1047,"[INST]  
 QUESTION: The scatter graph shows the distance run and time taken by five students during a training session. Who ran with the fastest average speed? <image1>
OPTIONS:
0: Alicia
1: Bea
2: Carlos
3: Dani
4: Ernesto

Answer with the correct option from 0 to 4. Only provide the numeric and nothing else 

Answer:  [/INST] 0 ",0,3,5,"[INST]  
 QUESTION: The scatter graph shows the distance run and time taken by five students during a training session. Who ran with the fastest average speed? <image1>
OPTIONS:
0: Alicia
1: Bea
2: Carlos
3: Dani
4: Ernesto

Answer with the correct option from 0 to 4. Only provide the numeric and nothing else 

Answer:  [/INST] 1 ",1,3,5
186,1048,"[INST]  
 QUESTION: The diagram shows a square with sides of length 2. Four semicircles are drawn whose centres are the four vertices of the square. These semicircles meet at the centre of the square, and adjacent semicircles meet at their ends. Four circles are drawn whose centres lie on the edges of the square and which each touch two semicircles. What is the total shaded area? <image1>
OPTIONS:
0: $4 \pi(3-2 \sqrt{2})$
1: $4 \pi \sqrt{2}$
2: $\frac{16}{9} \pi$
3: $\pi$
4: $\frac{4}{\sqrt{2}} \pi$

Answer with the correct option from 0 to 4. Only provide the numeric and nothing else 

Answer:  [/INST] 1 ",1,0,4,"[INST]  
 QUESTION: The diagram shows a square with sides of length 2. Four semicircles are drawn whose centres are the four vertices of the square. These semicircles meet at the centre of the square, and adjacent semicircles meet at their ends. Four circles are drawn whose centres lie on the edges of the square and which each touch two semicircles. What is the total shaded area? <image1>
OPTIONS:
0: $4 \pi(3-2 \sqrt{2})$
1: $4 \pi \sqrt{2}$
2: $\frac{16}{9} \pi$
3: $\pi$
4: $\frac{4}{\sqrt{2}} \pi$

Answer with the correct option from 0 to 4. Only provide the numeric and nothing else 

Answer:  [/INST] 0 ",0,0,4
187,1049,"[INST]  
 QUESTION: One of the line segments shown on the grid is the image produced by a rotation of the other line segment. Which of the points $T, U, V$, $W$ could be the centre of such a rotation? <image1>
OPTIONS:
0: only $T$
1: only $U$
2: either of $U$ and $W$
3: any of $U, V$ and $W$
4: any of $T, U, V$ and $W$

Answer with the correct option from 0 to 4. Only provide the numeric and nothing else 

Answer:  [/INST] 3 ",3,2,4,"[INST]  
 QUESTION: One of the line segments shown on the grid is the image produced by a rotation of the other line segment. Which of the points $T, U, V$, $W$ could be the centre of such a rotation? <image1>
OPTIONS:
0: only $T$
1: only $U$
2: either of $U$ and $W$
3: any of $U, V$ and $W$
4: any of $T, U, V$ and $W$

Answer with the correct option from 0 to 4. Only provide the numeric and nothing else 

Answer:  [/INST] 4 ",4,2,4
188,1050,"[INST]  
 QUESTION: The diagram shows a shape made from a regular hexagon of side one unit, six triangles and six squares. What is the perimeter of the shape? <image1>
OPTIONS:
0: $6(1+\sqrt{2})$
1: $6\left(1+\frac{1}{2} \sqrt{3}\right)$
2: $12$
3: $6+3 \sqrt{2}$
4: $9$

Answer with the correct option from 0 to 4. Only provide the numeric and nothing else 

Answer:  [/INST] 2 ",2,2,4,"[INST]  
 QUESTION: The diagram shows a shape made from a regular hexagon of side one unit, six triangles and six squares. What is the perimeter of the shape? <image1>
OPTIONS:
0: $6(1+\sqrt{2})$
1: $6\left(1+\frac{1}{2} \sqrt{3}\right)$
2: $12$
3: $6+3 \sqrt{2}$
4: $9$

Answer with the correct option from 0 to 4. Only provide the numeric and nothing else 

Answer:  [/INST] 1 ",1,2,4
189,1051,"[INST]  
 QUESTION: During a rough sailing trip, Jacques tried to sketch a map of his village. He managed to draw the four streets, the seven places where they cross and the houses of his friends. The houses are marked on the correct streets, and the intersections are correct, however, in reality, Arrow Street, Nail Street and Ruler Street are all absolutely straight. The fourth street is Curvy Street. Who lives on Curvy Street?
<image1>
OPTIONS:
0: Adeline
1: Benjamin
2: Carole
3: David
4: It is impossible to tell without a better map

Answer with the correct option from 0 to 4. Only provide the numeric and nothing else 

Answer:  [/INST] 3 ",3,0,2,"[INST]  
 QUESTION: During a rough sailing trip, Jacques tried to sketch a map of his village. He managed to draw the four streets, the seven places where they cross and the houses of his friends. The houses are marked on the correct streets, and the intersections are correct, however, in reality, Arrow Street, Nail Street and Ruler Street are all absolutely straight. The fourth street is Curvy Street. Who lives on Curvy Street?
<image1>
OPTIONS:
0: Adeline
1: Benjamin
2: Carole
3: David
4: It is impossible to tell without a better map

Answer with the correct option from 0 to 4. Only provide the numeric and nothing else 

Answer:  [/INST] 4 ",4,0,2
190,1060,"[INST]  
 QUESTION: If $r, s$, and $t$ denote the lengths of the 'lines' in the picture, then which of the following inequalities is correct? <image1>
OPTIONS:
0: $r<s<t$
1: $r<t<s$
2: $s<r<t$
3: $s<t<r$
4: $t<s<r$

Answer with the correct option from 0 to 4. Only provide the numeric and nothing else 

Answer:  [/INST] 0 ",0,4,3,"[INST]  
 QUESTION: If $r, s$, and $t$ denote the lengths of the 'lines' in the picture, then which of the following inequalities is correct? <image1>
OPTIONS:
0: $r<s<t$
1: $r<t<s$
2: $s<r<t$
3: $s<t<r$
4: $t<s<r$

Answer with the correct option from 0 to 4. Only provide the numeric and nothing else 

Answer:  [/INST] 1 ",1,4,3
191,1061,"[INST]  
 QUESTION: In the picture, $P T$ is a tangent to the circle with centre $O$ and $P S$ is the angle bisector of angle $R P T$.
What is the size of angle TSP? <image1>
OPTIONS:
0: $30^{\circ}$
1: $45^{\circ}$
2: $50^{\circ}$
3: $60^{\circ}$
4: It depends on the position of point $P$.

Answer with the correct option from 0 to 4. Only provide the numeric and nothing else 

Answer:  [/INST] 4 ",4,1,2,"[INST]  
 QUESTION: In the picture, $P T$ is a tangent to the circle with centre $O$ and $P S$ is the angle bisector of angle $R P T$.
What is the size of angle TSP? <image1>
OPTIONS:
0: $30^{\circ}$
1: $45^{\circ}$
2: $50^{\circ}$
3: $60^{\circ}$
4: It depends on the position of point $P$.

Answer with the correct option from 0 to 4. Only provide the numeric and nothing else 

Answer:  [/INST] 1 ",1,1,2
192,1075,"[INST]  
 QUESTION: On a balance scale, three different masses were put at random on each pan and the result is shown in the picture. The masses are of 101, 102, 103, 104, 105 and 106 grams. What is the probability that the 106 gram mass stands on the heavier pan?
<image1>
OPTIONS:
0: $75 \%$
1: $80 \%$
2: $90 \%$
3: $95 \%$
4: $100 \%$

Answer with the correct option from 0 to 4. Only provide the numeric and nothing else 

Answer:  [/INST] 1 ",1,1,4,"[INST]  
 QUESTION: On a balance scale, three different masses were put at random on each pan and the result is shown in the picture. The masses are of 101, 102, 103, 104, 105 and 106 grams. What is the probability that the 106 gram mass stands on the heavier pan?
<image1>
OPTIONS:
0: $75 \%$
1: $80 \%$
2: $90 \%$
3: $95 \%$
4: $100 \%$

Answer with the correct option from 0 to 4. Only provide the numeric and nothing else 

Answer:  [/INST] 0 ",0,1,4
193,1079,"[INST]  
 QUESTION: Two chords $P Q$ and $P R$ are drawn in a circle with diameter $P S$. The point $T$ lies on $P R$ and $Q T$ is perpendicular to $P R$. The angle $Q P R=60^{\circ}, P Q=24 \mathrm{~cm}, R T=3 \mathrm{~cm}$. What is the length of the chord $Q S$ in $\mathrm{cm}$ ? <image1>
OPTIONS:
0: $\sqrt{3}$
1: 2
2: 3
3: $2 \sqrt{3}$
4: $3 \sqrt{2}$

Answer with the correct option from 0 to 4. Only provide the numeric and nothing else 

Answer:  [/INST] 4 ",4,3,4,"[INST]  
 QUESTION: Two chords $P Q$ and $P R$ are drawn in a circle with diameter $P S$. The point $T$ lies on $P R$ and $Q T$ is perpendicular to $P R$. The angle $Q P R=60^{\circ}, P Q=24 \mathrm{~cm}, R T=3 \mathrm{~cm}$. What is the length of the chord $Q S$ in $\mathrm{cm}$ ? <image1>
OPTIONS:
0: $\sqrt{3}$
1: 2
2: 3
3: $2 \sqrt{3}$
4: $3 \sqrt{2}$

Answer with the correct option from 0 to 4. Only provide the numeric and nothing else 

Answer:  [/INST] 3 ",3,3,4
194,1082,"[INST]  
 QUESTION: On each of three pieces of paper a five-digit number is written as shown. Three of the digits are covered. The sum of the three numbers is 57263 . What are the covered digits? <image1>
OPTIONS:
0: 0,2 and 2
1: 1,2 and 9
2: 2, 4 and 9
3: 2,7 and 8
4: 5,7 and 8

Answer with the correct option from 0 to 4. Only provide the numeric and nothing else 

Answer:  [/INST] 2 ",2,1,3,"[INST]  
 QUESTION: On each of three pieces of paper a five-digit number is written as shown. Three of the digits are covered. The sum of the three numbers is 57263 . What are the covered digits? <image1>
OPTIONS:
0: 0,2 and 2
1: 1,2 and 9
2: 2, 4 and 9
3: 2,7 and 8
4: 5,7 and 8

Answer with the correct option from 0 to 4. Only provide the numeric and nothing else 

Answer:  [/INST] 1 ",1,1,3
195,1086,"[INST]  
 QUESTION: A square has two of its vertices on a semicircle and the other two on the diameter of the semicircle as shown. The radius of the circle is 1 . What is the area of the square? <image1>
OPTIONS:
0: $\frac{4}{5}$
1: $\frac{\pi}{4}$
2: 1
3: $\frac{4}{3}$
4: $\frac{2}{\sqrt{3}}$

Answer with the correct option from 0 to 4. Only provide the numeric and nothing else 

Answer:  [/INST] 0 ",0,0,4,"[INST]  
 QUESTION: A square has two of its vertices on a semicircle and the other two on the diameter of the semicircle as shown. The radius of the circle is 1 . What is the area of the square? <image1>
OPTIONS:
0: $\frac{4}{5}$
1: $\frac{\pi}{4}$
2: 1
3: $\frac{4}{3}$
4: $\frac{2}{\sqrt{3}}$

Answer with the correct option from 0 to 4. Only provide the numeric and nothing else 

Answer:  [/INST] 1 ",1,0,4
196,1092,"[INST]  
 QUESTION: Two identical rectangles with sides of length $3 \mathrm{~cm}$ and $9 \mathrm{~cm}$ are overlapping as in the diagram. What is the area of the overlap of the two rectangles? <image1>
OPTIONS:
0: $12 \mathrm{~cm}^{2}$
1: $13.5 \mathrm{~cm}^{2}$
2: $14 \mathrm{~cm}^{2}$
3: $15 \mathrm{~cm}^{2}$
4: $16 \mathrm{~cm}^{2}$

Answer with the correct option from 0 to 4. Only provide the numeric and nothing else 

Answer:  [/INST] 0 ",0,3,4,"[INST]  
 QUESTION: Two identical rectangles with sides of length $3 \mathrm{~cm}$ and $9 \mathrm{~cm}$ are overlapping as in the diagram. What is the area of the overlap of the two rectangles? <image1>
OPTIONS:
0: $12 \mathrm{~cm}^{2}$
1: $13.5 \mathrm{~cm}^{2}$
2: $14 \mathrm{~cm}^{2}$
3: $15 \mathrm{~cm}^{2}$
4: $16 \mathrm{~cm}^{2}$

Answer with the correct option from 0 to 4. Only provide the numeric and nothing else 

Answer:  [/INST] 1 ",1,3,4
197,1104,"[INST]  
 QUESTION: A large square of side-length $10 \mathrm{~cm}$ contains a smaller square of side-length $4 \mathrm{~cm}$, as shown in the diagram. The corresponding sides of the two squares are parallel. What percentage of the area of the large square is shaded? <image1>
OPTIONS:
0: $25 \%$
1: $30 \%$
2: $40 \%$
3: $42 \%$
4: $45 \%$

Answer with the correct option from 0 to 4. Only provide the numeric and nothing else 

Answer:  [/INST] 0 ",0,3,4,"[INST]  
 QUESTION: A large square of side-length $10 \mathrm{~cm}$ contains a smaller square of side-length $4 \mathrm{~cm}$, as shown in the diagram. The corresponding sides of the two squares are parallel. What percentage of the area of the large square is shaded? <image1>
OPTIONS:
0: $25 \%$
1: $30 \%$
2: $40 \%$
3: $42 \%$
4: $45 \%$

Answer with the correct option from 0 to 4. Only provide the numeric and nothing else 

Answer:  [/INST] 1 ",1,3,4
198,1107,"[INST]  
 QUESTION: Points $M$ and $N$ are the midpoints of two sides of the rectangle, shown in the diagram. What fraction of the rectangle's area is shaded? <image1>
OPTIONS:
0: $\frac{1}{6}$
1: $\frac{1}{5}$
2: $\frac{1}{4}$
3: $\frac{1}{3}$
4: $\frac{1}{2}$

Answer with the correct option from 0 to 4. Only provide the numeric and nothing else 

Answer:  [/INST] 0 ",0,2,4,"[INST]  
 QUESTION: Points $M$ and $N$ are the midpoints of two sides of the rectangle, shown in the diagram. What fraction of the rectangle's area is shaded? <image1>
OPTIONS:
0: $\frac{1}{6}$
1: $\frac{1}{5}$
2: $\frac{1}{4}$
3: $\frac{1}{3}$
4: $\frac{1}{2}$

Answer with the correct option from 0 to 4. Only provide the numeric and nothing else 

Answer:  [/INST] 2 ",2,2,4
199,1109,"[INST]  
 QUESTION: A square of side-length $30 \mathrm{~cm}$ is divided into nine smaller identical squares. The large square contains three circles with radii $5 \mathrm{~cm}$ (bottom right), $4 \mathrm{~cm}$ (top left) and $3 \mathrm{~cm}$ (top right), as shown. What is the total area of the shaded part? <image1>
OPTIONS:
0: $400 \mathrm{~cm}^{2}$
1: $500 \mathrm{~cm}^{2}$
2: $(400+50 \pi) \mathrm{cm}^{2}$
3: $(500-25 \pi) \mathrm{cm}^{2}$
4: $(500+25 \pi) \mathrm{cm}^{2}$

Answer with the correct option from 0 to 4. Only provide the numeric and nothing else 

Answer:  [/INST] 0 ",0,1,4,"[INST]  
 QUESTION: A square of side-length $30 \mathrm{~cm}$ is divided into nine smaller identical squares. The large square contains three circles with radii $5 \mathrm{~cm}$ (bottom right), $4 \mathrm{~cm}$ (top left) and $3 \mathrm{~cm}$ (top right), as shown. What is the total area of the shaded part? <image1>
OPTIONS:
0: $400 \mathrm{~cm}^{2}$
1: $500 \mathrm{~cm}^{2}$
2: $(400+50 \pi) \mathrm{cm}^{2}$
3: $(500-25 \pi) \mathrm{cm}^{2}$
4: $(500+25 \pi) \mathrm{cm}^{2}$

Answer with the correct option from 0 to 4. Only provide the numeric and nothing else 

Answer:  [/INST] 2 ",2,1,4
200,1115,"[INST]  
 QUESTION: There are $5$ yellow pegs, $4$ red pegs, $3$ green pegs, $2$ blue pegs, and $1$ orange peg on a triangular peg board. In how many ways can the pegs be placed so that no (horizontal) row or (vertical) column contains two pegs of the same color?

<image1>
OPTIONS:
0: $0$
1: $1$
2: $5!\cdot4!\cdot3!\cdot2!\cdot1!$
3: $\frac{15!}{5!\cdot4!\cdot3!\cdot2!\cdot1!}$
4: $15!$

Answer with the correct option from 0 to 4. Only provide the numeric and nothing else 

Answer:  [/INST] 2 ",2,1,4,"[INST]  
 QUESTION: There are $5$ yellow pegs, $4$ red pegs, $3$ green pegs, $2$ blue pegs, and $1$ orange peg on a triangular peg board. In how many ways can the pegs be placed so that no (horizontal) row or (vertical) column contains two pegs of the same color?

<image1>
OPTIONS:
0: $0$
1: $1$
2: $5!\cdot4!\cdot3!\cdot2!\cdot1!$
3: $\frac{15!}{5!\cdot4!\cdot3!\cdot2!\cdot1!}$
4: $15!$

Answer with the correct option from 0 to 4. Only provide the numeric and nothing else 

Answer:  [/INST] 3 ",3,1,4
201,1117,"[INST]  
 QUESTION: Consider the dark square in an array of unit squares, part of which is shown. The first ring of squares around this center square contains $ 8$ unit squares. The second ring contains $ 16$ unit squares.
<image1>
If we continue this process, the number of unit squares in the $ 100^\text{th}$ ring is
OPTIONS:
0: $396$
1: $404$
2: $800$
3: $10,\!000$
4: $10,\!404$

Answer with the correct option from 0 to 4. Only provide the numeric and nothing else 

Answer:  [/INST] 3 ",3,2,3,"[INST]  
 QUESTION: Consider the dark square in an array of unit squares, part of which is shown. The first ring of squares around this center square contains $ 8$ unit squares. The second ring contains $ 16$ unit squares.
<image1>
If we continue this process, the number of unit squares in the $ 100^\text{th}$ ring is
OPTIONS:
0: $396$
1: $404$
2: $800$
3: $10,\!000$
4: $10,\!404$

Answer with the correct option from 0 to 4. Only provide the numeric and nothing else 

Answer:  [/INST] 1 ",1,2,3
202,1125,"[INST]  
 QUESTION: Many television screens are rectangles that are measured by the length of their diagonals. The ratio of the horizontal length to the height in a standard television screen is $ 4 : 3$. The horizontal length of a “$ 27$-inch” television screen is closest, in inches, to which of the following?
<image1>
OPTIONS:
0: 20
1: 20.5
2: 21
3: 21.5
4: 22

Answer with the correct option from 0 to 4. Only provide the numeric and nothing else 

Answer:  [/INST] 1 ",1,3,4,"[INST]  
 QUESTION: Many television screens are rectangles that are measured by the length of their diagonals. The ratio of the horizontal length to the height in a standard television screen is $ 4 : 3$. The horizontal length of a “$ 27$-inch” television screen is closest, in inches, to which of the following?
<image1>
OPTIONS:
0: 20
1: 20.5
2: 21
3: 21.5
4: 22

Answer with the correct option from 0 to 4. Only provide the numeric and nothing else 

Answer:  [/INST] 2 ",2,3,4
203,1126,"[INST]  
 QUESTION: Three semicircles of radius $ 1$ are constructed on diameter $ AB$ of a semicircle of radius $ 2$. The centers of the small semicircles divide $ \overline{AB}$ into four line segments of equal length, as shown. What is the area of the shaded region that lies within the large semicircle but outside the smaller semicircles?
<image1>
OPTIONS:
0: $\pi-\sqrt{3}$
1: $\pi-\sqrt{2}$
2: $\frac{\pi+\sqrt{2}}{2}$
3: $\frac{\pi+\sqrt{3}}{2}$
4: $\frac{7}{6}\pi-\frac{\sqrt{3}}{2}$

Answer with the correct option from 0 to 4. Only provide the numeric and nothing else 

Answer:  [/INST] 1 ",1,4,4,"[INST]  
 QUESTION: Three semicircles of radius $ 1$ are constructed on diameter $ AB$ of a semicircle of radius $ 2$. The centers of the small semicircles divide $ \overline{AB}$ into four line segments of equal length, as shown. What is the area of the shaded region that lies within the large semicircle but outside the smaller semicircles?
<image1>
OPTIONS:
0: $\pi-\sqrt{3}$
1: $\pi-\sqrt{2}$
2: $\frac{\pi+\sqrt{2}}{2}$
3: $\frac{\pi+\sqrt{3}}{2}$
4: $\frac{7}{6}\pi-\frac{\sqrt{3}}{2}$

Answer with the correct option from 0 to 4. Only provide the numeric and nothing else 

Answer:  [/INST] 4 ",4,4,4
204,1135,"[INST]  
 QUESTION: Three circles of radius $ 1$ are externally tangent to each other and internally tangent to a larger circle. What is the radius of the large circle?

<image1>
OPTIONS:
0: $\frac{2 + \sqrt{6}}{3}$
1: $2$
2: $\frac{2 + 3\sqrt{2}}{3}$
3: $\frac{3 + 2\sqrt{3}}{3}$
4: $\frac{3 + \sqrt{3}}{2}$

Answer with the correct option from 0 to 4. Only provide the numeric and nothing else 

Answer:  [/INST] 0 ",0,3,4,"[INST]  
 QUESTION: Three circles of radius $ 1$ are externally tangent to each other and internally tangent to a larger circle. What is the radius of the large circle?

<image1>
OPTIONS:
0: $\frac{2 + \sqrt{6}}{3}$
1: $2$
2: $\frac{2 + 3\sqrt{2}}{3}$
3: $\frac{3 + 2\sqrt{3}}{3}$
4: $\frac{3 + \sqrt{3}}{2}$

Answer with the correct option from 0 to 4. Only provide the numeric and nothing else 

Answer:  [/INST] 1 ",1,3,4
205,1137,"[INST]  
 QUESTION: In $ \triangle ABC$ points $ D$ and $ E$ lie on $ \overline{BC}$ and $ \overline{AC}$, respectively. If $ \overline{AD}$ and $ \overline{BE}$ intersect at $ T$ so that $ AT/DT = 3$ and $ BT/ET = 4$, what is $ CD/BD$?
<image1>
OPTIONS:
0: $\frac{1}{8}$
1: $\frac{2}{9}$
2: $\frac{3}{10}$
3: $\frac{4}{11}$
4: $\frac{5}{12}$

Answer with the correct option from 0 to 4. Only provide the numeric and nothing else 

Answer:  [/INST] 1 ",1,3,4,"[INST]  
 QUESTION: In $ \triangle ABC$ points $ D$ and $ E$ lie on $ \overline{BC}$ and $ \overline{AC}$, respectively. If $ \overline{AD}$ and $ \overline{BE}$ intersect at $ T$ so that $ AT/DT = 3$ and $ BT/ET = 4$, what is $ CD/BD$?
<image1>
OPTIONS:
0: $\frac{1}{8}$
1: $\frac{2}{9}$
2: $\frac{3}{10}$
3: $\frac{4}{11}$
4: $\frac{5}{12}$

Answer with the correct option from 0 to 4. Only provide the numeric and nothing else 

Answer:  [/INST] 0 ",0,3,4
206,1151,"[INST]  
 QUESTION: A circle of radius 2 is centered at $ O$. Square $ OABC$ has side length 1. Sides $ \overline{AB}$ and $ \overline{CB}$ are extended past $ b$ to meet the circle at $ D$ and $ E$, respectively. What is the area of the shaded region in the figure, which is bounded by $ \overline{BD}$, $ \overline{BE}$, and the minor arc connecting $ D$ and $ E$?

<image1>
OPTIONS:
0: $\frac{\pi}3 + 1 - \sqrt{3}$
1: $\frac{\pi}2\left( 2 - \sqrt{3}\right)$
2: $\pi\left(2 - \sqrt{3}\right)$
3: $\frac{\pi}{6} + \frac{\sqrt{3} - 1}{2} \  \indent$
4: $\frac{\pi}{3} - 1 + \sqrt{3}$

Answer with the correct option from 0 to 4. Only provide the numeric and nothing else 

Answer:  [/INST] 1 ",1,0,4,"[INST]  
 QUESTION: A circle of radius 2 is centered at $ O$. Square $ OABC$ has side length 1. Sides $ \overline{AB}$ and $ \overline{CB}$ are extended past $ b$ to meet the circle at $ D$ and $ E$, respectively. What is the area of the shaded region in the figure, which is bounded by $ \overline{BD}$, $ \overline{BE}$, and the minor arc connecting $ D$ and $ E$?

<image1>
OPTIONS:
0: $\frac{\pi}3 + 1 - \sqrt{3}$
1: $\frac{\pi}2\left( 2 - \sqrt{3}\right)$
2: $\pi\left(2 - \sqrt{3}\right)$
3: $\frac{\pi}{6} + \frac{\sqrt{3} - 1}{2} \  \indent$
4: $\frac{\pi}{3} - 1 + \sqrt{3}$

Answer with the correct option from 0 to 4. Only provide the numeric and nothing else 

Answer:  [/INST] 3 ",3,0,4
207,1167,"[INST]  
 QUESTION: The area of $\triangle EBD$ is one third of the area of $3-4-5$ $ \triangle ABC$. Segment $DE$ is perpendicular to segment $AB$. What is $BD$?

<image1>
OPTIONS:
0: $\frac{4}{3}$
1: $\sqrt{5}$
2: $\frac{9}{4}$
3: $\frac{4\sqrt{3}}{3}$
4: $\frac{5}{2}$

Answer with the correct option from 0 to 4. Only provide the numeric and nothing else 

Answer:  [/INST] 0 ",0,3,4,"[INST]  
 QUESTION: The area of $\triangle EBD$ is one third of the area of $3-4-5$ $ \triangle ABC$. Segment $DE$ is perpendicular to segment $AB$. What is $BD$?

<image1>
OPTIONS:
0: $\frac{4}{3}$
1: $\sqrt{5}$
2: $\frac{9}{4}$
3: $\frac{4\sqrt{3}}{3}$
4: $\frac{5}{2}$

Answer with the correct option from 0 to 4. Only provide the numeric and nothing else 

Answer:  [/INST] 1 ",1,3,4
208,1169,"[INST]  
 QUESTION: Three unit squares and two line segments connecting two pairs of vertices are shown. What is the area of $\triangle ABC$?

<image1>
OPTIONS:
0: $\frac{1}{6}$
1: $\frac{1}{5}$
2: $\frac{2}{9}$
3: $\frac{1}{3}$
4: $\frac{\sqrt{2}}{4}$

Answer with the correct option from 0 to 4. Only provide the numeric and nothing else 

Answer:  [/INST] 1 ",1,1,4,"[INST]  
 QUESTION: Three unit squares and two line segments connecting two pairs of vertices are shown. What is the area of $\triangle ABC$?

<image1>
OPTIONS:
0: $\frac{1}{6}$
1: $\frac{1}{5}$
2: $\frac{2}{9}$
3: $\frac{1}{3}$
4: $\frac{\sqrt{2}}{4}$

Answer with the correct option from 0 to 4. Only provide the numeric and nothing else 

Answer:  [/INST] 0 ",0,1,4
209,1174,"[INST]  
 QUESTION: In rectangle $ABCD$, $AB=1$, $BC=2$, and points $E$, $F$, and $G$ are midpoints of $\overline{BC}$, $\overline{CD}$, and $\overline{AD}$, respectively. Point $H$ is the midpoint of $\overline{GE}$. What is the area of the shaded region?

<image1>
OPTIONS:
0: $\frac{1}{12}$
1: $\frac{\sqrt{3}}{18}$
2: $\frac{\sqrt{2}}{12}$
3: $\frac{\sqrt{3}}{12}$
4: $\frac{1}{6}$

Answer with the correct option from 0 to 4. Only provide the numeric and nothing else 

Answer:  [/INST] 1 ",1,4,4,"[INST]  
 QUESTION: In rectangle $ABCD$, $AB=1$, $BC=2$, and points $E$, $F$, and $G$ are midpoints of $\overline{BC}$, $\overline{CD}$, and $\overline{AD}$, respectively. Point $H$ is the midpoint of $\overline{GE}$. What is the area of the shaded region?

<image1>
OPTIONS:
0: $\frac{1}{12}$
1: $\frac{\sqrt{3}}{18}$
2: $\frac{\sqrt{2}}{12}$
3: $\frac{\sqrt{3}}{12}$
4: $\frac{1}{6}$

Answer with the correct option from 0 to 4. Only provide the numeric and nothing else 

Answer:  [/INST] 4 ",4,4,4
210,1198,"[INST]  
 QUESTION: A square with side length $3$ is inscribed in an isosceles triangle with one side of the square along the base of the triangle. A square with side length $2$ has two vertices on the other square and the other two on sides of the triangle, as shown. What is the area of the triangle?

<image1>
OPTIONS:
0: $19\frac{1}{4}$
1: $20\frac{1}{4}$
2: $21\frac{3}{4}$
3: $22\frac{1}{2}$
4: $23\frac{3}{4}$

Answer with the correct option from 0 to 4. Only provide the numeric and nothing else 

Answer:  [/INST] 0 ",0,1,4,"[INST]  
 QUESTION: A square with side length $3$ is inscribed in an isosceles triangle with one side of the square along the base of the triangle. A square with side length $2$ has two vertices on the other square and the other two on sides of the triangle, as shown. What is the area of the triangle?

<image1>
OPTIONS:
0: $19\frac{1}{4}$
1: $20\frac{1}{4}$
2: $21\frac{3}{4}$
3: $22\frac{1}{2}$
4: $23\frac{3}{4}$

Answer with the correct option from 0 to 4. Only provide the numeric and nothing else 

Answer:  [/INST] 1 ",1,1,4
211,1213,"[INST]  
 QUESTION: Given triangle $ PQR$ with $ \overline{RS}$ bisecting $ \angle R$, $ PQ$ extended to $ D$ and $ \angle n$ a right angle, then:
<image1>
OPTIONS:
0: $\angle m = \frac{1}{2}(\angle p - \angle q)$
1: $\angle m = \frac{1}{2}(\angle p + \angle q)$
2: $\angle d = \frac{1}{2} (\angle q + \angle p)$
3: $\angle d = \frac{1}{2}\angle m$
4: $\text{none of these is correct}$

Answer with the correct option from 0 to 4. Only provide the numeric and nothing else 

Answer:  [/INST] 0 ",0,1,4,"[INST]  
 QUESTION: Given triangle $ PQR$ with $ \overline{RS}$ bisecting $ \angle R$, $ PQ$ extended to $ D$ and $ \angle n$ a right angle, then:
<image1>
OPTIONS:
0: $\angle m = \frac{1}{2}(\angle p - \angle q)$
1: $\angle m = \frac{1}{2}(\angle p + \angle q)$
2: $\angle d = \frac{1}{2} (\angle q + \angle p)$
3: $\angle d = \frac{1}{2}\angle m$
4: $\text{none of these is correct}$

Answer with the correct option from 0 to 4. Only provide the numeric and nothing else 

Answer:  [/INST] 1 ",1,1,4
212,1217,"[INST]  
 QUESTION: In the figure $ \overline{AB} = \overline{AC}$, angle $ BAD = 30^{\circ}$, and $ \overline{AE} = \overline{AD}$.
<image1>Then angle $ CDE$ equals:
OPTIONS:
0: $7\frac{1}{2}^{\circ}$
1: $10^{\circ}$
2: $12\frac{1}{2}^{\circ}$
3: $15^{\circ}$
4: $20^{\circ}$

Answer with the correct option from 0 to 4. Only provide the numeric and nothing else 

Answer:  [/INST] 0 ",0,3,4,"[INST]  
 QUESTION: In the figure $ \overline{AB} = \overline{AC}$, angle $ BAD = 30^{\circ}$, and $ \overline{AE} = \overline{AD}$.
<image1>Then angle $ CDE$ equals:
OPTIONS:
0: $7\frac{1}{2}^{\circ}$
1: $10^{\circ}$
2: $12\frac{1}{2}^{\circ}$
3: $15^{\circ}$
4: $20^{\circ}$

Answer with the correct option from 0 to 4. Only provide the numeric and nothing else 

Answer:  [/INST] 1 ",1,3,4
213,1221,"[INST]  
 QUESTION: In circle $ O$, the midpoint of radius $ OX$ is $ Q$; at $ Q$, $ \overline{AB} \perp \overline{XY}$. The semi-circle with $ \overline{AB}$ as diameter intersects $ \overline{XY}$ in $ M$. Line $ \overline{AM}$ intersects circle $ O$ in $ C$, and line $ \overline{BM}$ intersects circle $ O$ in $ D$. Line $ \overline{AD}$ is drawn. Then, if the radius of circle $ O$ is $ r$, $ AD$ is:
<image1>
OPTIONS:
0: $r\sqrt{2}$
1: $r$
2: $\text{not a side of an inscribed regular polygon}$
3: $\frac{r\sqrt{3}}{2}$
4: $r\sqrt{3}$

Answer with the correct option from 0 to 4. Only provide the numeric and nothing else 

Answer:  [/INST] 0 ",0,0,5,"[INST]  
 QUESTION: In circle $ O$, the midpoint of radius $ OX$ is $ Q$; at $ Q$, $ \overline{AB} \perp \overline{XY}$. The semi-circle with $ \overline{AB}$ as diameter intersects $ \overline{XY}$ in $ M$. Line $ \overline{AM}$ intersects circle $ O$ in $ C$, and line $ \overline{BM}$ intersects circle $ O$ in $ D$. Line $ \overline{AD}$ is drawn. Then, if the radius of circle $ O$ is $ r$, $ AD$ is:
<image1>
OPTIONS:
0: $r\sqrt{2}$
1: $r$
2: $\text{not a side of an inscribed regular polygon}$
3: $\frac{r\sqrt{3}}{2}$
4: $r\sqrt{3}$

Answer with the correct option from 0 to 4. Only provide the numeric and nothing else 

Answer:  [/INST] 3 ",3,0,5
214,1222,"[INST]  
 QUESTION: Let $ ABC$ be an equilateral triangle inscribed in circle $ O$. $ M$ is a point on arc $ BC$. Lines $ \overline{AM}$, $ \overline{BM}$, and $ \overline{CM}$ are drawn. Then $ AM$ is:
<image1>
OPTIONS:
0: $\text{equal to }{BM + CM}$
1: $\text{less than }{BM + CM}$
2: $\text{greater than }{BM + CM}$
3: $\text{equal, less than, or greater than }{BM + CM}\text{, depending upon the position of }{ {M} }$
4: $\text{none of these}$

Answer with the correct option from 0 to 4. Only provide the numeric and nothing else 

Answer:  [/INST] 0 ",0,0,5,"[INST]  
 QUESTION: Let $ ABC$ be an equilateral triangle inscribed in circle $ O$. $ M$ is a point on arc $ BC$. Lines $ \overline{AM}$, $ \overline{BM}$, and $ \overline{CM}$ are drawn. Then $ AM$ is:
<image1>
OPTIONS:
0: $\text{equal to }{BM + CM}$
1: $\text{less than }{BM + CM}$
2: $\text{greater than }{BM + CM}$
3: $\text{equal, less than, or greater than }{BM + CM}\text{, depending upon the position of }{ {M} }$
4: $\text{none of these}$

Answer with the correct option from 0 to 4. Only provide the numeric and nothing else 

Answer:  [/INST] 1 ",1,0,5
215,1235,"[INST]  
 QUESTION: The magnitudes of the sides of triangle $ABC$ are $a$, $b$, and $c$, as shown, with $c\le b\le a$. Through interior point $P$ and the vertices $A$, $B$, $C$, lines are drawn meeting the opposite sides in $A'$, $B'$, $C'$, respectively.
<image1>
Let $s=AA'+BB'+CC'$. Then, for all positions of point $P$, $s$ is less than:
OPTIONS:
0: 2a+b
1: 2a+c
2: 2b+c
3: a+2b
4: a+b+c

Answer with the correct option from 0 to 4. Only provide the numeric and nothing else 

Answer:  [/INST] 1 ",1,0,5,"[INST]  
 QUESTION: The magnitudes of the sides of triangle $ABC$ are $a$, $b$, and $c$, as shown, with $c\le b\le a$. Through interior point $P$ and the vertices $A$, $B$, $C$, lines are drawn meeting the opposite sides in $A'$, $B'$, $C'$, respectively.
<image1>
Let $s=AA'+BB'+CC'$. Then, for all positions of point $P$, $s$ is less than:
OPTIONS:
0: 2a+b
1: 2a+c
2: 2b+c
3: a+2b
4: a+b+c

Answer with the correct option from 0 to 4. Only provide the numeric and nothing else 

Answer:  [/INST] 0 ",0,0,5
216,1238,"[INST]  
 QUESTION: <image1>
In this figure $AB$ is a diameter of a circle, centered at $O$, with radius $a$.  A  chord $AD$ is drawn and extended to meet the tangent to the circle at $B$ in point $C$.  Point $E$ is taken on $AC$ so that $AE=DC$.  Denoting the distances of $E$ from the tangent through $A$ and from the diameter $AB$ by $x$ and $y$, respectively, we can deduce the relation:
OPTIONS:
0: $y^2=\frac{x^3}{2a-x}$
1: $y^2=\frac{x^3}{2a+x}$
2: $y^4=\frac{x^2}{2-x} \\$
3: $x^2=\frac{y^2}{2a-x}$
4: $x^2=\frac{y^2}{2a+x}$

Answer with the correct option from 0 to 4. Only provide the numeric and nothing else 

Answer:  [/INST] 0 ",0,0,5,"[INST]  
 QUESTION: <image1>
In this figure $AB$ is a diameter of a circle, centered at $O$, with radius $a$.  A  chord $AD$ is drawn and extended to meet the tangent to the circle at $B$ in point $C$.  Point $E$ is taken on $AC$ so that $AE=DC$.  Denoting the distances of $E$ from the tangent through $A$ and from the diameter $AB$ by $x$ and $y$, respectively, we can deduce the relation:
OPTIONS:
0: $y^2=\frac{x^3}{2a-x}$
1: $y^2=\frac{x^3}{2a+x}$
2: $y^4=\frac{x^2}{2-x} \\$
3: $x^2=\frac{y^2}{2a-x}$
4: $x^2=\frac{y^2}{2a+x}$

Answer with the correct option from 0 to 4. Only provide the numeric and nothing else 

Answer:  [/INST] 1 ",1,0,5
217,1239,"[INST]  
 QUESTION: <image1>

In this diagram semi-circles are constructed on diameters $\overline{AB}$, $\overline{AC}$, and $\overline{CB}$, so that they are mutually tangent.  If $\overline{CD} \bot \overline{AB}$, then the ratio of the shaded area to the area of a circle with $\overline{CD}$ as radius is:
OPTIONS:
0: $1:2$
1: $1:3$
2: $\sqrt{3}:7$
3: $1:4$
4: $\sqrt{2}:6$

Answer with the correct option from 0 to 4. Only provide the numeric and nothing else 

Answer:  [/INST] 4 ",4,3,5,"[INST]  
 QUESTION: <image1>

In this diagram semi-circles are constructed on diameters $\overline{AB}$, $\overline{AC}$, and $\overline{CB}$, so that they are mutually tangent.  If $\overline{CD} \bot \overline{AB}$, then the ratio of the shaded area to the area of a circle with $\overline{CD}$ as radius is:
OPTIONS:
0: $1:2$
1: $1:3$
2: $\sqrt{3}:7$
3: $1:4$
4: $\sqrt{2}:6$

Answer with the correct option from 0 to 4. Only provide the numeric and nothing else 

Answer:  [/INST] 1 ",1,3,5
218,1245,"[INST]  
 QUESTION: Points $A,B,Q,D,$ and $C$ lie on the circle shown and the measures of arcs $\widehat{BQ}$ and $\widehat{QD}$ are $42^\circ$ and $38^\circ$ respectively.
<image1>
The sum of the measures of angles $P$ and $Q$ is
OPTIONS:
0: $80^\circ$
1: $62^\circ$
2: $40^\circ$
3: $46^\circ$
4: $\text{None of these}$

Answer with the correct option from 0 to 4. Only provide the numeric and nothing else 

Answer:  [/INST] 0 ",0,2,4,"[INST]  
 QUESTION: Points $A,B,Q,D,$ and $C$ lie on the circle shown and the measures of arcs $\widehat{BQ}$ and $\widehat{QD}$ are $42^\circ$ and $38^\circ$ respectively.
<image1>
The sum of the measures of angles $P$ and $Q$ is
OPTIONS:
0: $80^\circ$
1: $62^\circ$
2: $40^\circ$
3: $46^\circ$
4: $\text{None of these}$

Answer with the correct option from 0 to 4. Only provide the numeric and nothing else 

Answer:  [/INST] 1 ",1,2,4
219,1246,"[INST]  
 QUESTION: <image1>

Pascal's triangle is an array of positive integers(See figure), in which the first row is $1$, the second row is two $1$'s, each row begins and ends with $1$, and the $k^\text{th}$ number in any row when it is not $1$, is the sum of the $k^\text{th}$ and $(k-1)^\text{th}$ numbers in the immediately preceding row. The quotient of the number of numbers in the first $n$ rows which are not $1$'s and the number of $1$'s is
OPTIONS:
0: $\frac{n^2-n}{2n-1}$
1: $\frac{n^2-n}{4n-2}$
2: $\frac{n^2-2n}{2n-1}$
3: $\frac{n^2-3n+2}{4n-2}$
4: $\text{None of these}$

Answer with the correct option from 0 to 4. Only provide the numeric and nothing else 

Answer:  [/INST] 0 ",0,3,5,"[INST]  
 QUESTION: <image1>

Pascal's triangle is an array of positive integers(See figure), in which the first row is $1$, the second row is two $1$'s, each row begins and ends with $1$, and the $k^\text{th}$ number in any row when it is not $1$, is the sum of the $k^\text{th}$ and $(k-1)^\text{th}$ numbers in the immediately preceding row. The quotient of the number of numbers in the first $n$ rows which are not $1$'s and the number of $1$'s is
OPTIONS:
0: $\frac{n^2-n}{2n-1}$
1: $\frac{n^2-n}{4n-2}$
2: $\frac{n^2-2n}{2n-1}$
3: $\frac{n^2-3n+2}{4n-2}$
4: $\text{None of these}$

Answer with the correct option from 0 to 4. Only provide the numeric and nothing else 

Answer:  [/INST] 1 ",1,3,5
220,1248,"[INST]  
 QUESTION: <image1>

Quadrilateral $ABCD$ is inscribed in a circle with side $AD$, a diameter of length $4$. If sides $AB$ and $BC$ each have length $1$, then side $CD$ has length
OPTIONS:
0: $\frac{7}{2}$
1: $\frac{5\sqrt{2}}{2}$
2: $\sqrt{11}$
3: $\sqrt{13}$
4: $2\sqrt{3}$

Answer with the correct option from 0 to 4. Only provide the numeric and nothing else 

Answer:  [/INST] 1 ",1,0,5,"[INST]  
 QUESTION: <image1>

Quadrilateral $ABCD$ is inscribed in a circle with side $AD$, a diameter of length $4$. If sides $AB$ and $BC$ each have length $1$, then side $CD$ has length
OPTIONS:
0: $\frac{7}{2}$
1: $\frac{5\sqrt{2}}{2}$
2: $\sqrt{11}$
3: $\sqrt{13}$
4: $2\sqrt{3}$

Answer with the correct option from 0 to 4. Only provide the numeric and nothing else 

Answer:  [/INST] 2 ",2,0,5
221,1252,"[INST]  
 QUESTION: <image1>

A rectangular piece of paper $6$ inches wide is folded as in the diagram so that one corner touches the opposite side. The length in inches of the crease $L$ in terms of angle $\theta$ is
OPTIONS:
0: $3\sec ^2\theta\csc\theta$
1: $6\sin\theta\sec\theta$
2: $3\sec\theta\csc\theta$
3: $6\sec\theta\csc ^2\theta$
4: $\text{None of these}$

Answer with the correct option from 0 to 4. Only provide the numeric and nothing else 

Answer:  [/INST] 1 ",1,0,5,"[INST]  
 QUESTION: <image1>

A rectangular piece of paper $6$ inches wide is folded as in the diagram so that one corner touches the opposite side. The length in inches of the crease $L$ in terms of angle $\theta$ is
OPTIONS:
0: $3\sec ^2\theta\csc\theta$
1: $6\sin\theta\sec\theta$
2: $3\sec\theta\csc\theta$
3: $6\sec\theta\csc ^2\theta$
4: $\text{None of these}$

Answer with the correct option from 0 to 4. Only provide the numeric and nothing else 

Answer:  [/INST] 2 ",2,0,5
222,1253,"[INST]  
 QUESTION: <image1>

Chords $AB$ and $CD$ in the circle above intersect at $E$ and are perpendicular to each other. If segments $AE$, $EB$, and $ED$ have measures $2$, $3$, and $6$ respectively, then the length of the diameter of the circle is
OPTIONS:
0: $4\sqrt{5}$
1: $\sqrt{65}$
2: $2\sqrt{17}$
3: $3\sqrt{7}$
4: $6\sqrt{2}$

Answer with the correct option from 0 to 4. Only provide the numeric and nothing else 

Answer:  [/INST] 1 ",1,1,5,"[INST]  
 QUESTION: <image1>

Chords $AB$ and $CD$ in the circle above intersect at $E$ and are perpendicular to each other. If segments $AE$, $EB$, and $ED$ have measures $2$, $3$, and $6$ respectively, then the length of the diameter of the circle is
OPTIONS:
0: $4\sqrt{5}$
1: $\sqrt{65}$
2: $2\sqrt{17}$
3: $3\sqrt{7}$
4: $6\sqrt{2}$

Answer with the correct option from 0 to 4. Only provide the numeric and nothing else 

Answer:  [/INST] 0 ",0,1,5
223,1262,"[INST]  
 QUESTION: In triangle $ABC$ shown in the adjoining figure, $M$ is the midpoint of side $BC$, $AB=12$ and $AC=16$. Points $E$ and $F$ are taken on $AC$ and $AB$, respectively, and lines $EF$ and $AM$ intersect at $G$. If $AE=2AF$ then $\frac{EG}{GF}$ equals
<image1>
OPTIONS:
0: $\frac{3}{2}$
1: $\frac{4}{3}$
2: $\frac{5}{4}$
3: $\frac{6}{5} \$
4: $\text{not enough information to solve the problem}$

Answer with the correct option from 0 to 4. Only provide the numeric and nothing else 

Answer:  [/INST] 4 ",4,0,5,"[INST]  
 QUESTION: In triangle $ABC$ shown in the adjoining figure, $M$ is the midpoint of side $BC$, $AB=12$ and $AC=16$. Points $E$ and $F$ are taken on $AC$ and $AB$, respectively, and lines $EF$ and $AM$ intersect at $G$. If $AE=2AF$ then $\frac{EG}{GF}$ equals
<image1>
OPTIONS:
0: $\frac{3}{2}$
1: $\frac{4}{3}$
2: $\frac{5}{4}$
3: $\frac{6}{5} \$
4: $\text{not enough information to solve the problem}$

Answer with the correct option from 0 to 4. Only provide the numeric and nothing else 

Answer:  [/INST] 0 ",0,0,5
224,1267,"[INST]  
 QUESTION: <image1>

In the adjoining figure $\measuredangle E=40^\circ$ and arc $AB$, arc $BC$, and arc $CD$ all have equal length. Find the measure of $\measuredangle ACD$.
OPTIONS:
0: $10^\circ$
1: $15^\circ$
2: $20^\circ$
3: $\left(\frac{45}{2}\right)^\circ$
4: $30^\circ$

Answer with the correct option from 0 to 4. Only provide the numeric and nothing else 

Answer:  [/INST] 3 ",3,1,4,"[INST]  
 QUESTION: <image1>

In the adjoining figure $\measuredangle E=40^\circ$ and arc $AB$, arc $BC$, and arc $CD$ all have equal length. Find the measure of $\measuredangle ACD$.
OPTIONS:
0: $10^\circ$
1: $15^\circ$
2: $20^\circ$
3: $\left(\frac{45}{2}\right)^\circ$
4: $30^\circ$

Answer with the correct option from 0 to 4. Only provide the numeric and nothing else 

Answer:  [/INST] 1 ",1,1,4
225,1272,"[INST]  
 QUESTION: <image1>

If $\triangle A_1A_2A_3$ is equilateral and $A_{n+3}$ is the midpoint of line segment $A_nA_{n+1}$ for all positive integers $n$, then the measure of $\measuredangle A_{44}A_{45}A_{43}$ equals
OPTIONS:
0: $30^\circ$
1: $45^\circ$
2: $60^\circ$
3: $90^\circ$
4: $120^\circ$

Answer with the correct option from 0 to 4. Only provide the numeric and nothing else 

Answer:  [/INST] 0 ",0,4,4,"[INST]  
 QUESTION: <image1>

If $\triangle A_1A_2A_3$ is equilateral and $A_{n+3}$ is the midpoint of line segment $A_nA_{n+1}$ for all positive integers $n$, then the measure of $\measuredangle A_{44}A_{45}A_{43}$ equals
OPTIONS:
0: $30^\circ$
1: $45^\circ$
2: $60^\circ$
3: $90^\circ$
4: $120^\circ$

Answer with the correct option from 0 to 4. Only provide the numeric and nothing else 

Answer:  [/INST] 1 ",1,4,4
226,1275,"[INST]  
 QUESTION: The edges of a regular tetrahedron with vertices $A ,~ B,~ C$, and $D$ each have length one. Find the least possible distance between a pair of points $P$ and $Q$, where $P$ is on edge $AB$ and $Q$ is on edge $CD$.
<image1>
OPTIONS:
0: $\frac{1}{2}$
1: $\frac{3}{4}$
2: $\frac{\sqrt{2}}{2}$
3: $\frac{\sqrt{3}}{2}$
4: $\frac{\sqrt{3}}{3}$

Answer with the correct option from 0 to 4. Only provide the numeric and nothing else 

Answer:  [/INST] 3 ",3,2,3,"[INST]  
 QUESTION: The edges of a regular tetrahedron with vertices $A ,~ B,~ C$, and $D$ each have length one. Find the least possible distance between a pair of points $P$ and $Q$, where $P$ is on edge $AB$ and $Q$ is on edge $CD$.
<image1>
OPTIONS:
0: $\frac{1}{2}$
1: $\frac{3}{4}$
2: $\frac{\sqrt{2}}{2}$
3: $\frac{\sqrt{3}}{2}$
4: $\frac{\sqrt{3}}{3}$

Answer with the correct option from 0 to 4. Only provide the numeric and nothing else 

Answer:  [/INST] 2 ",2,2,3
227,1287,"[INST]  
 QUESTION: In the adjoining figure, the triangle $ABC$ is a right triangle with $\angle BCA=90^\circ$. Median $CM$ is perpendicular to median $BN$, and side $BC=s$. The length of $BN$ is

<image1>
OPTIONS:
0: $s\sqrt{2}$
1: $\frac{3}{2}s\sqrt{2}$
2: $2s\sqrt{2}$
3: $\frac{1}{2}s\sqrt{5}$
4: $\frac{1}{2}s\sqrt{6}$

Answer with the correct option from 0 to 4. Only provide the numeric and nothing else 

Answer:  [/INST] 0 ",0,4,5,"[INST]  
 QUESTION: In the adjoining figure, the triangle $ABC$ is a right triangle with $\angle BCA=90^\circ$. Median $CM$ is perpendicular to median $BN$, and side $BC=s$. The length of $BN$ is

<image1>
OPTIONS:
0: $s\sqrt{2}$
1: $\frac{3}{2}s\sqrt{2}$
2: $2s\sqrt{2}$
3: $\frac{1}{2}s\sqrt{5}$
4: $\frac{1}{2}s\sqrt{6}$

Answer with the correct option from 0 to 4. Only provide the numeric and nothing else 

Answer:  [/INST] 1 ",1,4,5
228,1289,"[INST]  
 QUESTION: The adjacent map is part of a city: the small rectangles are rocks, and the paths in between are streets. Each morning, a student walks from intersection A to intersection B, always walking along streets shown, and always going east or south. For variety, at each intersection where he has a choice, he chooses with probability $\frac{1}{2}$ whether to go east or south. Find the probability that through any given morning, he goes through $C$.

<image1>
OPTIONS:
0: $\frac{11}{32}$
1: $\frac{1}{2}$
2: $\frac{4}{7}$
3: $\frac{21}{32}$
4: $\frac{3}{4}$

Answer with the correct option from 0 to 4. Only provide the numeric and nothing else 

Answer:  [/INST] 1 ",1,3,5,"[INST]  
 QUESTION: The adjacent map is part of a city: the small rectangles are rocks, and the paths in between are streets. Each morning, a student walks from intersection A to intersection B, always walking along streets shown, and always going east or south. For variety, at each intersection where he has a choice, he chooses with probability $\frac{1}{2}$ whether to go east or south. Find the probability that through any given morning, he goes through $C$.

<image1>
OPTIONS:
0: $\frac{11}{32}$
1: $\frac{1}{2}$
2: $\frac{4}{7}$
3: $\frac{21}{32}$
4: $\frac{3}{4}$

Answer with the correct option from 0 to 4. Only provide the numeric and nothing else 

Answer:  [/INST] 0 ",0,3,5
229,1293,"[INST]  
 QUESTION: A rectangle intersects a circle as shown: $AB=4$, $BC=5$, and $DE=3$. Then $EF$ equals:

<image1>
OPTIONS:
0: $6$
1: $7$
2: $\frac{20}{3}$
3: $8$
4: $9$

Answer with the correct option from 0 to 4. Only provide the numeric and nothing else 

Answer:  [/INST] 0 ",0,1,5,"[INST]  
 QUESTION: A rectangle intersects a circle as shown: $AB=4$, $BC=5$, and $DE=3$. Then $EF$ equals:

<image1>
OPTIONS:
0: $6$
1: $7$
2: $\frac{20}{3}$
3: $8$
4: $9$

Answer with the correct option from 0 to 4. Only provide the numeric and nothing else 

Answer:  [/INST] 1 ",1,1,5
230,1302,"[INST]  
 QUESTION: Using a table of a certain height, two identical blocks of wood are placed as shown in Figure 1.  Length $r$ is found to be $32$ inches.  After rearranging the blocks as in Figure 2, length $s$ is found to be $28$ inches.  How high is the table?

<image1>
OPTIONS:
0: $28\text{ inches}$
1: $29\text{ inches}$
2: $30\text{ inches}$
3: $31\text{ inches}$
4: $32\text{ inches}$

Answer with the correct option from 0 to 4. Only provide the numeric and nothing else 

Answer:  [/INST] 4 ",4,2,5,"[INST]  
 QUESTION: Using a table of a certain height, two identical blocks of wood are placed as shown in Figure 1.  Length $r$ is found to be $32$ inches.  After rearranging the blocks as in Figure 2, length $s$ is found to be $28$ inches.  How high is the table?

<image1>
OPTIONS:
0: $28\text{ inches}$
1: $29\text{ inches}$
2: $30\text{ inches}$
3: $31\text{ inches}$
4: $32\text{ inches}$

Answer with the correct option from 0 to 4. Only provide the numeric and nothing else 

Answer:  [/INST] 1 ",1,2,5
231,1315,"[INST]  
 QUESTION: In $\triangle ABC, \angle A = 100^\circ, \angle B = 50^\circ, \angle C = 30^\circ, \overline{AH}$ is an altitude, and $\overline{BM}$ is a median. Then $\angle MHC =$

<image1>
OPTIONS:
0: $15^\circ$
1: $22.5^\circ$
2: $30^\circ$
3: $40^\circ$
4: $45^\circ$

Answer with the correct option from 0 to 4. Only provide the numeric and nothing else 

Answer:  [/INST] 0 ",0,2,4,"[INST]  
 QUESTION: In $\triangle ABC, \angle A = 100^\circ, \angle B = 50^\circ, \angle C = 30^\circ, \overline{AH}$ is an altitude, and $\overline{BM}$ is a median. Then $\angle MHC =$

<image1>
OPTIONS:
0: $15^\circ$
1: $22.5^\circ$
2: $30^\circ$
3: $40^\circ$
4: $45^\circ$

Answer with the correct option from 0 to 4. Only provide the numeric and nothing else 

Answer:  [/INST] 1 ",1,2,4
232,1318,"[INST]  
 QUESTION: A particle moves through the first quadrant as follows. During the first minute it moves from the origin to $(1,0)$. Thereafter, it continues to follow the directions indicated in the figure, going back and forth between the positive $x$ and $y$ axes, moving one unit of distance parallel to an axis in each minute. At which point will the particle be after exactly $1989$ minutes?
<image1>
OPTIONS:
0: (35,44)
1: (36,45)
2: (37,45)
3: (44,35)
4: (45,36)

Answer with the correct option from 0 to 4. Only provide the numeric and nothing else 

Answer:  [/INST] 3 ",3,3,5,"[INST]  
 QUESTION: A particle moves through the first quadrant as follows. During the first minute it moves from the origin to $(1,0)$. Thereafter, it continues to follow the directions indicated in the figure, going back and forth between the positive $x$ and $y$ axes, moving one unit of distance parallel to an axis in each minute. At which point will the particle be after exactly $1989$ minutes?
<image1>
OPTIONS:
0: (35,44)
1: (36,45)
2: (37,45)
3: (44,35)
4: (45,36)

Answer with the correct option from 0 to 4. Only provide the numeric and nothing else 

Answer:  [/INST] 1 ",1,3,5
233,1327,"[INST]  
 QUESTION: In $\triangle ABC$, $\angle A=55^{\circ}$, $\angle C=75^{\circ}$, $D$ is on side $\overline{AB}$ and $E$ is on side $\overline{BC}$. If $DB=BE$, then $\angle BED=$
<image1>
OPTIONS:
0: $50^{\circ}$
1: $55^{\circ}$
2: $60^{\circ}$
3: $65^{\circ}$
4: $70^{\circ}$

Answer with the correct option from 0 to 4. Only provide the numeric and nothing else 

Answer:  [/INST] 0 ",0,3,4,"[INST]  
 QUESTION: In $\triangle ABC$, $\angle A=55^{\circ}$, $\angle C=75^{\circ}$, $D$ is on side $\overline{AB}$ and $E$ is on side $\overline{BC}$. If $DB=BE$, then $\angle BED=$
<image1>
OPTIONS:
0: $50^{\circ}$
1: $55^{\circ}$
2: $60^{\circ}$
3: $65^{\circ}$
4: $70^{\circ}$

Answer with the correct option from 0 to 4. Only provide the numeric and nothing else 

Answer:  [/INST] 2 ",2,3,4
234,1331,"[INST]  
 QUESTION: Let $S$ be the set of points on the rays forming the sides of a $120^{\circ}$ angle, and let $P$ be a fixed point inside the angle on the angle bisector. Consider all distinct equilateral triangles $PQR$ with $Q$ and $R$ in $S$. (Points $Q$ and $R$ may be on the same ray, and switching the names of $Q$ and $R$ does not create a distinct triangle.) There are
<image1>
OPTIONS:
0: $\text{exactly 2 such triangles} \$
1: $\text{exactly 3 such triangles} \$
2: $\text{exactly 7 such triangles} \$
3: $\text{exactly 15 such triangles} \$
4: $\text{more than 15 such triangles}$

Answer with the correct option from 0 to 4. Only provide the numeric and nothing else 

Answer:  [/INST] 1 ",1,4,5,"[INST]  
 QUESTION: Let $S$ be the set of points on the rays forming the sides of a $120^{\circ}$ angle, and let $P$ be a fixed point inside the angle on the angle bisector. Consider all distinct equilateral triangles $PQR$ with $Q$ and $R$ in $S$. (Points $Q$ and $R$ may be on the same ray, and switching the names of $Q$ and $R$ does not create a distinct triangle.) There are
<image1>
OPTIONS:
0: $\text{exactly 2 such triangles} \$
1: $\text{exactly 3 such triangles} \$
2: $\text{exactly 7 such triangles} \$
3: $\text{exactly 15 such triangles} \$
4: $\text{more than 15 such triangles}$

Answer with the correct option from 0 to 4. Only provide the numeric and nothing else 

Answer:  [/INST] 3 ",3,4,5
235,1333,"[INST]  
 QUESTION: In the $xy$-plane, consider the L-shaped region bounded by horizontal and vertical segments with vertices at $(0,0), (0,3), (3,3), (3,1), (5,1)$ and $(5,0)$. The slope of the line through the origin that divides the area of this region exactly in half is
<image1>
OPTIONS:
0: $\frac{2}{7}$
1: $\frac{1}{3}$
2: $\frac{2}{3}$
3: $\frac{3}{4}$
4: $\frac{7}{9}$

Answer with the correct option from 0 to 4. Only provide the numeric and nothing else 

Answer:  [/INST] 1 ",1,4,4,"[INST]  
 QUESTION: In the $xy$-plane, consider the L-shaped region bounded by horizontal and vertical segments with vertices at $(0,0), (0,3), (3,3), (3,1), (5,1)$ and $(5,0)$. The slope of the line through the origin that divides the area of this region exactly in half is
<image1>
OPTIONS:
0: $\frac{2}{7}$
1: $\frac{1}{3}$
2: $\frac{2}{3}$
3: $\frac{3}{4}$
4: $\frac{7}{9}$

Answer with the correct option from 0 to 4. Only provide the numeric and nothing else 

Answer:  [/INST] 0 ",0,4,4
236,1334,"[INST]  
 QUESTION: Points $A, B$ and $C$ on a circle of radius $r$ are situated so that $AB=AC, AB>r$, and the length of minor arc $BC$ is $r$. If angles are measured in radians, then $AB/BC=$
<image1>
OPTIONS:
0: $\frac{1}{2}\csc{\frac{1}{4}}$
1: $2\cos{\frac{1}{2}}$
2: $4\sin{\frac{1}{2}}$
3: $\csc{\frac{1}{2}}$
4: $2\sec{\frac{1}{2}}$

Answer with the correct option from 0 to 4. Only provide the numeric and nothing else 

Answer:  [/INST] 0 ",0,0,5,"[INST]  
 QUESTION: Points $A, B$ and $C$ on a circle of radius $r$ are situated so that $AB=AC, AB>r$, and the length of minor arc $BC$ is $r$. If angles are measured in radians, then $AB/BC=$
<image1>
OPTIONS:
0: $\frac{1}{2}\csc{\frac{1}{4}}$
1: $2\cos{\frac{1}{2}}$
2: $4\sin{\frac{1}{2}}$
3: $\csc{\frac{1}{2}}$
4: $2\sec{\frac{1}{2}}$

Answer with the correct option from 0 to 4. Only provide the numeric and nothing else 

Answer:  [/INST] 1 ",1,0,5
237,1337,"[INST]  
 QUESTION: Equilateral triangle $DEF$ is inscribed in equilateral triangle $ABC$ such that $\overline{DE} \perp \overline{BC}$. The ratio of the area of $\triangle DEF$ to the area of $\triangle ABC$ is
<image1>
OPTIONS:
0: $\frac{1}{6}$
1: $\frac{1}{4}$
2: $\frac{1}{3}$
3: $\frac{2}{5}$
4: $\frac{1}{2}$

Answer with the correct option from 0 to 4. Only provide the numeric and nothing else 

Answer:  [/INST] 1 ",1,2,5,"[INST]  
 QUESTION: Equilateral triangle $DEF$ is inscribed in equilateral triangle $ABC$ such that $\overline{DE} \perp \overline{BC}$. The ratio of the area of $\triangle DEF$ to the area of $\triangle ABC$ is
<image1>
OPTIONS:
0: $\frac{1}{6}$
1: $\frac{1}{4}$
2: $\frac{1}{3}$
3: $\frac{2}{5}$
4: $\frac{1}{2}$

Answer with the correct option from 0 to 4. Only provide the numeric and nothing else 

Answer:  [/INST] 0 ",0,2,5
238,1347,"[INST]  
 QUESTION: A circle centered at $ O$ has radius $ 1$ and contains the point $ A$. Segment $ AB$ is tangent to the circle at $ A$ and $ \angle{AOB} = \theta$. If point $ C$ lies on $ \overline{OA}$ and $ \overline{BC}$ bisects $ \angle{ABO}$, then $ OC =$

<image1>
OPTIONS:
0: $\sec^2\theta - \tan\theta$
1: $\frac{1}{2}$
2: $\frac{\cos^2\theta}{1 + \sin\theta}$
3: $\frac{1}{1 + \sin\theta}$
4: $\frac{\sin\theta}{\cos^2\theta}$

Answer with the correct option from 0 to 4. Only provide the numeric and nothing else 

Answer:  [/INST] 0 ",0,3,5,"[INST]  
 QUESTION: A circle centered at $ O$ has radius $ 1$ and contains the point $ A$. Segment $ AB$ is tangent to the circle at $ A$ and $ \angle{AOB} = \theta$. If point $ C$ lies on $ \overline{OA}$ and $ \overline{BC}$ bisects $ \angle{ABO}$, then $ OC =$

<image1>
OPTIONS:
0: $\sec^2\theta - \tan\theta$
1: $\frac{1}{2}$
2: $\frac{\cos^2\theta}{1 + \sin\theta}$
3: $\frac{1}{1 + \sin\theta}$
4: $\frac{\sin\theta}{\cos^2\theta}$

Answer with the correct option from 0 to 4. Only provide the numeric and nothing else 

Answer:  [/INST] 1 ",1,3,5
239,1349,"[INST]  
 QUESTION: A point $ P$ is selected at random from the interior of the pentagon with vertices $ A = (0,2)$, $B = (4,0)$, $C = (2 \pi + 1, 0)$, $D = (2 \pi + 1,4)$, and $ E = (0,4)$. What is the probability that $ \angle APB$ is obtuse?
<image1>
OPTIONS:
0: $\frac{1}{5}$
1: $\frac{1}{4}$
2: $\frac{5}{16}$
3: $\frac{3}{8}$
4: $\frac{1}{2}$

Answer with the correct option from 0 to 4. Only provide the numeric and nothing else 

Answer:  [/INST] 0 ",0,2,4,"[INST]  
 QUESTION: A point $ P$ is selected at random from the interior of the pentagon with vertices $ A = (0,2)$, $B = (4,0)$, $C = (2 \pi + 1, 0)$, $D = (2 \pi + 1,4)$, and $ E = (0,4)$. What is the probability that $ \angle APB$ is obtuse?
<image1>
OPTIONS:
0: $\frac{1}{5}$
1: $\frac{1}{4}$
2: $\frac{5}{16}$
3: $\frac{3}{8}$
4: $\frac{1}{2}$

Answer with the correct option from 0 to 4. Only provide the numeric and nothing else 

Answer:  [/INST] 2 ",2,2,4
240,1357,"[INST]  
 QUESTION: Part of the graph of $ f(x) = x^3 + bx^2 + cx + d$ is shown. What is $ b$?
<image1>
OPTIONS:
0: $-\!4$
1: $-\!2$
2: $0$
3: $2$
4: $4$

Answer with the correct option from 0 to 4. Only provide the numeric and nothing else 

Answer:  [/INST] 1 ",1,1,4,"[INST]  
 QUESTION: Part of the graph of $ f(x) = x^3 + bx^2 + cx + d$ is shown. What is $ b$?
<image1>
OPTIONS:
0: $-\!4$
1: $-\!2$
2: $0$
3: $2$
4: $4$

Answer with the correct option from 0 to 4. Only provide the numeric and nothing else 

Answer:  [/INST] 0 ",0,1,4
241,1386,"[INST]  
 QUESTION: Usain is walking for exercise by zigzagging across a $100$-meter by $30$-meter rectangular field, beginning at point $A$ and ending on the segment $\overline{BC}$. He wants to increase the distance walked by zigzagging as shown in the figure below $(APQRS)$. What angle $\theta=\angle PAB=\angle QPC=\angle RQB=\cdots$ will produce in a length that is $120$ meters? (Do not assume the zigzag path has exactly four segments as shown; there could be more or fewer.)

<image1>
OPTIONS:
0: $\arccos\frac{5}{6}$
1: $\arccos\frac{4}{5}$
2: $\arccos\frac{3}{10}$
3: $\arcsin\frac{4}{5}$
4: $\arcsin\frac{5}{6}$

Answer with the correct option from 0 to 4. Only provide the numeric and nothing else 

Answer:  [/INST] 1 ",1,0,4,"[INST]  
 QUESTION: Usain is walking for exercise by zigzagging across a $100$-meter by $30$-meter rectangular field, beginning at point $A$ and ending on the segment $\overline{BC}$. He wants to increase the distance walked by zigzagging as shown in the figure below $(APQRS)$. What angle $\theta=\angle PAB=\angle QPC=\angle RQB=\cdots$ will produce in a length that is $120$ meters? (Do not assume the zigzag path has exactly four segments as shown; there could be more or fewer.)

<image1>
OPTIONS:
0: $\arccos\frac{5}{6}$
1: $\arccos\frac{4}{5}$
2: $\arccos\frac{3}{10}$
3: $\arcsin\frac{4}{5}$
4: $\arcsin\frac{5}{6}$

Answer with the correct option from 0 to 4. Only provide the numeric and nothing else 

Answer:  [/INST] 0 ",0,0,4
242,1390,"[INST]  
 QUESTION: <image1>

Five cards are lying on a table as shown.  Each card has a letter on one side and a whole number on the other side.  Jane said, ""If a vowel is on one side of any card, then an even number is on the other side.""  Mary showed Jane was wrong by turning over one card.  Which card did Mary turn over?
OPTIONS:
0: $3$
1: $4$
2: $6$
3: $\text{P}$
4: $\text{Q}$

Answer with the correct option from 0 to 4. Only provide the numeric and nothing else 

Answer:  [/INST] 1 ",1,0,4,"[INST]  
 QUESTION: <image1>

Five cards are lying on a table as shown.  Each card has a letter on one side and a whole number on the other side.  Jane said, ""If a vowel is on one side of any card, then an even number is on the other side.""  Mary showed Jane was wrong by turning over one card.  Which card did Mary turn over?
OPTIONS:
0: $3$
1: $4$
2: $6$
3: $\text{P}$
4: $\text{Q}$

Answer with the correct option from 0 to 4. Only provide the numeric and nothing else 

Answer:  [/INST] 2 ",2,0,4
243,1392,"[INST]  
 QUESTION: <image1>

Given that all angles shown are marked, the perimeter of the polygon shown is
OPTIONS:
0: $14$
1: $20$
2: $28$
3: $48$
4: $\text{cannot be determined from the information given}$

Answer with the correct option from 0 to 4. Only provide the numeric and nothing else 

Answer:  [/INST] 4 ",4,2,2,"[INST]  
 QUESTION: <image1>

Given that all angles shown are marked, the perimeter of the polygon shown is
OPTIONS:
0: $14$
1: $20$
2: $28$
3: $48$
4: $\text{cannot be determined from the information given}$

Answer with the correct option from 0 to 4. Only provide the numeric and nothing else 

Answer:  [/INST] 2 ",2,2,2
244,1393,"[INST]  
 QUESTION: <image1>

The large circle has diameter $ \overline{AC}$.  The two small circles have their centers on $ \overline{AC}$ and just touch at $ O$, the center of the large circle.  If each small circle has radius $ 1$, what is the value of the ratio of the area of the shaded region to the area of one of the small circles?
OPTIONS:
0: $\text{between }\frac{1}{2} \text{ and }1$
1: $1$
2: $\text{between 1 and }\frac{3}{2}$
3: $\text{between }\frac{3}{2} \text{ and }2 \\$
4: $\text{cannot be determined from the information given}$

Answer with the correct option from 0 to 4. Only provide the numeric and nothing else 

Answer:  [/INST] 1 ",1,1,3,"[INST]  
 QUESTION: <image1>

The large circle has diameter $ \overline{AC}$.  The two small circles have their centers on $ \overline{AC}$ and just touch at $ O$, the center of the large circle.  If each small circle has radius $ 1$, what is the value of the ratio of the area of the shaded region to the area of one of the small circles?
OPTIONS:
0: $\text{between }\frac{1}{2} \text{ and }1$
1: $1$
2: $\text{between 1 and }\frac{3}{2}$
3: $\text{between }\frac{3}{2} \text{ and }2 \\$
4: $\text{cannot be determined from the information given}$

Answer with the correct option from 0 to 4. Only provide the numeric and nothing else 

Answer:  [/INST] 2 ",2,1,3
245,1394,"[INST]  
 QUESTION: The area of the rectangular region is

<image1>
OPTIONS:
0: $\text{.088 m}^2$
1: $\text{.62 m}^2$
2: $\text{.88 m}^2$
3: $\text{1.24 m}^2$
4: $\text{4.22 m}^2$

Answer with the correct option from 0 to 4. Only provide the numeric and nothing else 

Answer:  [/INST] 4 ",4,0,3,"[INST]  
 QUESTION: The area of the rectangular region is

<image1>
OPTIONS:
0: $\text{.088 m}^2$
1: $\text{.62 m}^2$
2: $\text{.88 m}^2$
3: $\text{1.24 m}^2$
4: $\text{4.22 m}^2$

Answer with the correct option from 0 to 4. Only provide the numeric and nothing else 

Answer:  [/INST] 1 ",1,0,3
246,1399,"[INST]  
 QUESTION: The shaded region formed by the two intersecting perpendicular rectangles, in square units, is

<image1>
OPTIONS:
0: $23$
1: $38$
2: $44$
3: $46$
4: $\text{unable to be determined from the information given}$

Answer with the correct option from 0 to 4. Only provide the numeric and nothing else 

Answer:  [/INST] 4 ",4,2,3,"[INST]  
 QUESTION: The shaded region formed by the two intersecting perpendicular rectangles, in square units, is

<image1>
OPTIONS:
0: $23$
1: $38$
2: $44$
3: $46$
4: $\text{unable to be determined from the information given}$

Answer with the correct option from 0 to 4. Only provide the numeric and nothing else 

Answer:  [/INST] 1 ",1,2,3
247,1405,"[INST]  
 QUESTION: On this monthly calendar, the date behind one of the letters is added to the date behind $C$. If this sum equals the sum of the dates behind $A$ and $B$, then the letter is

<image1>
OPTIONS:
0: $\text{P}$
1: $\text{Q}$
2: $\text{R}$
3: $\text{S}$
4: $\text{T}$

Answer with the correct option from 0 to 4. Only provide the numeric and nothing else 

Answer:  [/INST] 0 ",0,0,4,"[INST]  
 QUESTION: On this monthly calendar, the date behind one of the letters is added to the date behind $C$. If this sum equals the sum of the dates behind $A$ and $B$, then the letter is

<image1>
OPTIONS:
0: $\text{P}$
1: $\text{Q}$
2: $\text{R}$
3: $\text{S}$
4: $\text{T}$

Answer with the correct option from 0 to 4. Only provide the numeric and nothing else 

Answer:  [/INST] 1 ",1,0,4
248,1406,"[INST]  
 QUESTION: The area of this figure is $ 100\text{ cm}^{2} $. Its perimeter is


<image1>
OPTIONS:
0: $\text{20 cm}$
1: $\text{25 cm}$
2: $\text{30 cm}$
3: $\text{40 cm}$
4: $\text{50 cm}$

Answer with the correct option from 0 to 4. Only provide the numeric and nothing else 

Answer:  [/INST] 0 ",0,4,2,"[INST]  
 QUESTION: The area of this figure is $ 100\text{ cm}^{2} $. Its perimeter is


<image1>
OPTIONS:
0: $\text{20 cm}$
1: $\text{25 cm}$
2: $\text{30 cm}$
3: $\text{40 cm}$
4: $\text{50 cm}$

Answer with the correct option from 0 to 4. Only provide the numeric and nothing else 

Answer:  [/INST] 1 ",1,4,2
249,1408,"[INST]  
 QUESTION: A ""domino"" is made up of two small squares:
<image1>
Which of the ""checkerboards"" illustrated below CANNOT be covered exactly and completely by a whole number of non-overlapping dominoes?

<image2>
OPTIONS:
0: $3\times 4$
1: $3\times 5$
2: $4\times 4$
3: $4\times 5$
4: $6\times 3$

Answer with the correct option from 0 to 4. Only provide the numeric and nothing else 

Answer:  [/INST] 0 ",0,1,4,"[INST]  
 QUESTION: A ""domino"" is made up of two small squares:
<image1>
Which of the ""checkerboards"" illustrated below CANNOT be covered exactly and completely by a whole number of non-overlapping dominoes?

<image2>
OPTIONS:
0: $3\times 4$
1: $3\times 5$
2: $4\times 4$
3: $4\times 5$
4: $6\times 3$

Answer with the correct option from 0 to 4. Only provide the numeric and nothing else 

Answer:  [/INST] 1 ",1,1,4
250,1411,"[INST]  
 QUESTION: Each spinner is divided into $3$ equal parts.  The results obtained from spinning the two spinners are multiplied.  What is the probability that this product is an even number?

<image1>
OPTIONS:
0: $\frac{1}{3}$
1: $\frac{1}{2}$
2: $\frac{2}{3}$
3: $\frac{7}{9}$
4: $1$

Answer with the correct option from 0 to 4. Only provide the numeric and nothing else 

Answer:  [/INST] 1 ",1,3,2,"[INST]  
 QUESTION: Each spinner is divided into $3$ equal parts.  The results obtained from spinning the two spinners are multiplied.  What is the probability that this product is an even number?

<image1>
OPTIONS:
0: $\frac{1}{3}$
1: $\frac{1}{2}$
2: $\frac{2}{3}$
3: $\frac{7}{9}$
4: $1$

Answer with the correct option from 0 to 4. Only provide the numeric and nothing else 

Answer:  [/INST] 0 ",0,3,2
251,1413,"[INST]  
 QUESTION: A circle of diameter $1$ is removed from a $2\times 3$ rectangle, as shown.  Which whole number is closest to the area of the shaded region?

<image1>
OPTIONS:
0: 1
1: 2
2: 3
3: 4
4: 5

Answer with the correct option from 0 to 4. Only provide the numeric and nothing else 

Answer:  [/INST] 1 ",1,4,3,"[INST]  
 QUESTION: A circle of diameter $1$ is removed from a $2\times 3$ rectangle, as shown.  Which whole number is closest to the area of the shaded region?

<image1>
OPTIONS:
0: 1
1: 2
2: 3
3: 4
4: 5

Answer with the correct option from 0 to 4. Only provide the numeric and nothing else 

Answer:  [/INST] 3 ",3,4,3
252,1414,"[INST]  
 QUESTION: The bar graph shows the results of a survey on color preferences.  What percent preferred blue?

<image1>
OPTIONS:
0: $20\%$
1: $24\%$
2: $30\%$
3: $36\%$
4: $42\%$

Answer with the correct option from 0 to 4. Only provide the numeric and nothing else 

Answer:  [/INST] 4 ",4,1,2,"[INST]  
 QUESTION: The bar graph shows the results of a survey on color preferences.  What percent preferred blue?

<image1>
OPTIONS:
0: $20\%$
1: $24\%$
2: $30\%$
3: $36\%$
4: $42\%$

Answer with the correct option from 0 to 4. Only provide the numeric and nothing else 

Answer:  [/INST] 1 ",1,1,2
253,1417,"[INST]  
 QUESTION: Northside's Drum and Bugle Corps raised money for a trip.  The drummers and bugle players kept separate sales records.  According to the double bar graph, in what month did one group's sales exceed the other's by the greatest percent?

<image1>
OPTIONS:
0: $\text{Jan}$
1: $\text{Feb}$
2: $\text{Mar}$
3: $\text{Apr}$
4: $\text{May}$

Answer with the correct option from 0 to 4. Only provide the numeric and nothing else 

Answer:  [/INST] 4 ",4,1,2,"[INST]  
 QUESTION: Northside's Drum and Bugle Corps raised money for a trip.  The drummers and bugle players kept separate sales records.  According to the double bar graph, in what month did one group's sales exceed the other's by the greatest percent?

<image1>
OPTIONS:
0: $\text{Jan}$
1: $\text{Feb}$
2: $\text{Mar}$
3: $\text{Apr}$
4: $\text{May}$

Answer with the correct option from 0 to 4. Only provide the numeric and nothing else 

Answer:  [/INST] 3 ",3,1,2
254,1422,"[INST]  
 QUESTION: If $\angle A = 60^\circ $, $\angle E = 40^\circ $ and $\angle C = 30^\circ $, then $\angle BDC = $

<image1>
OPTIONS:
0: $40^\circ$
1: $50^\circ$
2: $60^\circ$
3: $70^\circ$
4: $80^\circ$

Answer with the correct option from 0 to 4. Only provide the numeric and nothing else 

Answer:  [/INST] 0 ",0,1,5,"[INST]  
 QUESTION: If $\angle A = 60^\circ $, $\angle E = 40^\circ $ and $\angle C = 30^\circ $, then $\angle BDC = $

<image1>
OPTIONS:
0: $40^\circ$
1: $50^\circ$
2: $60^\circ$
3: $70^\circ$
4: $80^\circ$

Answer with the correct option from 0 to 4. Only provide the numeric and nothing else 

Answer:  [/INST] 1 ",1,1,5
255,1426,"[INST]  
 QUESTION: The two wheels shown below are spun and the two resulting numbers are added.  The probability that the sum is even is

<image1>
OPTIONS:
0: $\frac{1}{6}$
1: $\frac{1}{4}$
2: $\frac{1}{3}$
3: $\frac{5}{12}$
4: $\frac{4}{9}$

Answer with the correct option from 0 to 4. Only provide the numeric and nothing else 

Answer:  [/INST] 1 ",1,3,2,"[INST]  
 QUESTION: The two wheels shown below are spun and the two resulting numbers are added.  The probability that the sum is even is

<image1>
OPTIONS:
0: $\frac{1}{6}$
1: $\frac{1}{4}$
2: $\frac{1}{3}$
3: $\frac{5}{12}$
4: $\frac{4}{9}$

Answer with the correct option from 0 to 4. Only provide the numeric and nothing else 

Answer:  [/INST] 0 ",0,3,2
256,1429,"[INST]  
 QUESTION: The letters $P$, $Q$, $R$, $S$, and $T$ represent numbers located on the number line as shown.
<image1>

Which of the following expressions represents a negative number?
OPTIONS:
0: $P-Q$
1: $P\cdot Q$
2: $\frac{S}{Q}\cdot P$
3: $\frac{R}{P\cdot Q}$
4: $\frac{S+T}{R}$

Answer with the correct option from 0 to 4. Only provide the numeric and nothing else 

Answer:  [/INST] 0 ",0,0,4,"[INST]  
 QUESTION: The letters $P$, $Q$, $R$, $S$, and $T$ represent numbers located on the number line as shown.
<image1>

Which of the following expressions represents a negative number?
OPTIONS:
0: $P-Q$
1: $P\cdot Q$
2: $\frac{S}{Q}\cdot P$
3: $\frac{R}{P\cdot Q}$
4: $\frac{S+T}{R}$

Answer with the correct option from 0 to 4. Only provide the numeric and nothing else 

Answer:  [/INST] 2 ",2,0,4
257,1435,"[INST]  
 QUESTION: $\angle 1 + \angle 2 = 180^\circ $

$\angle 3 = \angle 4$

Find $\angle 4$.

<image1>
OPTIONS:
0: $20^\circ$
1: $25^\circ$
2: $30^\circ$
3: $35^\circ$
4: $40^\circ$

Answer with the correct option from 0 to 4. Only provide the numeric and nothing else 

Answer:  [/INST] 4 ",4,3,5,"[INST]  
 QUESTION: $\angle 1 + \angle 2 = 180^\circ $

$\angle 3 = \angle 4$

Find $\angle 4$.

<image1>
OPTIONS:
0: $20^\circ$
1: $25^\circ$
2: $30^\circ$
3: $35^\circ$
4: $40^\circ$

Answer with the correct option from 0 to 4. Only provide the numeric and nothing else 

Answer:  [/INST] 1 ",1,3,5
258,1438,"[INST]  
 QUESTION: Diameter $ACE$ is divided at $C$ in the ratio $2:3$.  The two semicircles, $ABC$ and $CDE$, divide the circular region into an upper (shaded) region and a lower region.  The ratio of the area of the upper region to that of the lower region is

<image1>
OPTIONS:
0: 2:3
1: 1:1
2: 3:2
3: 9:4
4: 5:2

Answer with the correct option from 0 to 4. Only provide the numeric and nothing else 

Answer:  [/INST] 0 ",0,2,3,"[INST]  
 QUESTION: Diameter $ACE$ is divided at $C$ in the ratio $2:3$.  The two semicircles, $ABC$ and $CDE$, divide the circular region into an upper (shaded) region and a lower region.  The ratio of the area of the upper region to that of the lower region is

<image1>
OPTIONS:
0: 2:3
1: 1:1
2: 3:2
3: 9:4
4: 5:2

Answer with the correct option from 0 to 4. Only provide the numeric and nothing else 

Answer:  [/INST] 1 ",1,2,3
259,1450,"[INST]  
 QUESTION: A square piece of paper, 4 inches on a side, is folded in half vertically. Both layers are then cut in half parallel to the fold. Three new rectangles are formed, a large one and two small ones. What is the ratio of the perimeter of one of the small rectangles to the perimeter of the large rectangle?
<image1>
OPTIONS:
0: $\frac{1}{3}$
1: $\frac{1}{2}$
2: $\frac{3}{4}$
3: $\frac{4}{5}$
4: $\frac{5}{6}$

Answer with the correct option from 0 to 4. Only provide the numeric and nothing else 

Answer:  [/INST] 0 ",0,4,3,"[INST]  
 QUESTION: A square piece of paper, 4 inches on a side, is folded in half vertically. Both layers are then cut in half parallel to the fold. Three new rectangles are formed, a large one and two small ones. What is the ratio of the perimeter of one of the small rectangles to the perimeter of the large rectangle?
<image1>
OPTIONS:
0: $\frac{1}{3}$
1: $\frac{1}{2}$
2: $\frac{3}{4}$
3: $\frac{4}{5}$
4: $\frac{5}{6}$

Answer with the correct option from 0 to 4. Only provide the numeric and nothing else 

Answer:  [/INST] 1 ",1,4,3
260,1455,"[INST]  
 QUESTION: Which of the following polygons has the largest area?

<image1>
OPTIONS:
0: $\text{A}$
1: $\text{B}$
2: $\text{C}$
3: $\text{D}$
4: $\text{E}$

Answer with the correct option from 0 to 4. Only provide the numeric and nothing else 

Answer:  [/INST] 1 ",1,4,4,"[INST]  
 QUESTION: Which of the following polygons has the largest area?

<image1>
OPTIONS:
0: $\text{A}$
1: $\text{B}$
2: $\text{C}$
3: $\text{D}$
4: $\text{E}$

Answer with the correct option from 0 to 4. Only provide the numeric and nothing else 

Answer:  [/INST] 0 ",0,4,4
261,1456,"[INST]  
 QUESTION: Right isosceles triangles are constructed on the sides of a 3-4-5 right triangle, as shown.  A capital letter represents the area of each triangle.  Which one of the following is true?

<image1>
OPTIONS:
0: $X+Z=W+Y$
1: $W+X=Z$
2: $3X+4Y=5Z$
3: $X+W=\frac{1}{2}(Y+Z)$
4: $X+Y=Z$

Answer with the correct option from 0 to 4. Only provide the numeric and nothing else 

Answer:  [/INST] 1 ",1,4,3,"[INST]  
 QUESTION: Right isosceles triangles are constructed on the sides of a 3-4-5 right triangle, as shown.  A capital letter represents the area of each triangle.  Which one of the following is true?

<image1>
OPTIONS:
0: $X+Z=W+Y$
1: $W+X=Z$
2: $3X+4Y=5Z$
3: $X+W=\frac{1}{2}(Y+Z)$
4: $X+Y=Z$

Answer with the correct option from 0 to 4. Only provide the numeric and nothing else 

Answer:  [/INST] 3 ",3,4,3
262,1459,"[INST]  
 QUESTION: $\textbf{Bake Sale}$
Four friends, Art, Roger, Paul and Trisha, bake cookies, and all cookies have the same thickness. The shapes of the cookies differ, as shown.

$\circ$ Art's cookies are trapezoids:
<image1>

$\circ$ Roger's cookies are rectangles:
<image2>

$\circ$ Paul's cookies are parallelograms:
<image3>

$\circ$ Trisha's cookies are triangles:
<image4>

Each friend uses the same amount of dough, and Art makes exactly 12 cookies. Who gets the fewest cookies from one batch of cookie dough?
OPTIONS:
0: $\text{Art}$
1: $\text{Roger}$
2: $\text{Paul}$
3: $\text{Trisha}$
4: $\text{There is a tie for fewest.}$

Answer with the correct option from 0 to 4. Only provide the numeric and nothing else 

Answer:  [/INST] 3 ",3,0,3,"[INST]  
 QUESTION: $\textbf{Bake Sale}$
Four friends, Art, Roger, Paul and Trisha, bake cookies, and all cookies have the same thickness. The shapes of the cookies differ, as shown.

$\circ$ Art's cookies are trapezoids:
<image1>

$\circ$ Roger's cookies are rectangles:
<image2>

$\circ$ Paul's cookies are parallelograms:
<image3>

$\circ$ Trisha's cookies are triangles:
<image4>

Each friend uses the same amount of dough, and Art makes exactly 12 cookies. Who gets the fewest cookies from one batch of cookie dough?
OPTIONS:
0: $\text{Art}$
1: $\text{Roger}$
2: $\text{Paul}$
3: $\text{Trisha}$
4: $\text{There is a tie for fewest.}$

Answer with the correct option from 0 to 4. Only provide the numeric and nothing else 

Answer:  [/INST] 1 ",1,0,3
263,1460,"[INST]  
 QUESTION: The following figures are composed of squares and circles. Which figure has a shaded region with largest area?
<image1>
OPTIONS:
0: $\text{A only}$
1: $\text{B only}$
2: $\text{C only}$
3: $\text{both A and B}$
4: $\text{all are equal}$

Answer with the correct option from 0 to 4. Only provide the numeric and nothing else 

Answer:  [/INST] 1 ",1,2,3,"[INST]  
 QUESTION: The following figures are composed of squares and circles. Which figure has a shaded region with largest area?
<image1>
OPTIONS:
0: $\text{A only}$
1: $\text{B only}$
2: $\text{C only}$
3: $\text{both A and B}$
4: $\text{all are equal}$

Answer with the correct option from 0 to 4. Only provide the numeric and nothing else 

Answer:  [/INST] 3 ",3,2,3
264,1463,"[INST]  
 QUESTION: In the figure, the area of square WXYZ is $25 \text{cm}^2$. The four smaller squares have sides 1 cm long, either parallel to or coinciding with the sides of the large square. In $\Delta ABC$, $AB = AC$, and when $\Delta ABC$ is folded over side BC, point A coincides with O, the center of square WXYZ. What is the area of $\Delta ABC$, in square centimeters?

<image1>
OPTIONS:
0: $\frac{15}4$
1: $\frac{21}4$
2: $\frac{27}4$
3: $\frac{21}2$
4: $\frac{27}2$

Answer with the correct option from 0 to 4. Only provide the numeric and nothing else 

Answer:  [/INST] 0 ",0,2,3,"[INST]  
 QUESTION: In the figure, the area of square WXYZ is $25 \text{cm}^2$. The four smaller squares have sides 1 cm long, either parallel to or coinciding with the sides of the large square. In $\Delta ABC$, $AB = AC$, and when $\Delta ABC$ is folded over side BC, point A coincides with O, the center of square WXYZ. What is the area of $\Delta ABC$, in square centimeters?

<image1>
OPTIONS:
0: $\frac{15}4$
1: $\frac{21}4$
2: $\frac{27}4$
3: $\frac{21}2$
4: $\frac{27}2$

Answer with the correct option from 0 to 4. Only provide the numeric and nothing else 

Answer:  [/INST] 1 ",1,2,3
265,1465,"[INST]  
 QUESTION: Spinners A and B are spun. On each spinner, the arrow is equally likely to land on each number. What is the probability that the product of the two spinners' numbers is even?

<image1>
OPTIONS:
0: $\frac{1}{4}$
1: $\frac{1}{3}$
2: $\frac{1}{2}$
3: $\frac{2}{3}$
4: $\frac{3}{4}$

Answer with the correct option from 0 to 4. Only provide the numeric and nothing else 

Answer:  [/INST] 1 ",1,3,2,"[INST]  
 QUESTION: Spinners A and B are spun. On each spinner, the arrow is equally likely to land on each number. What is the probability that the product of the two spinners' numbers is even?

<image1>
OPTIONS:
0: $\frac{1}{4}$
1: $\frac{1}{3}$
2: $\frac{1}{2}$
3: $\frac{2}{3}$
4: $\frac{3}{4}$

Answer with the correct option from 0 to 4. Only provide the numeric and nothing else 

Answer:  [/INST] 0 ",0,3,2
266,1470,"[INST]  
 QUESTION: A square with side length 2 and a circle share the same center. The total area of the regions that are inside the circle and outside the square is equal to the total area of the regions that are outside the circle and inside the square. What is the radius of the circle?

<image1>
OPTIONS:
0: $\frac{2}{\sqrt{\pi}}$
1: $\frac{1+\sqrt{2}}{2}$
2: $\frac{3}{2}$
3: $\sqrt{3}$
4: $\sqrt{\pi}$

Answer with the correct option from 0 to 4. Only provide the numeric and nothing else 

Answer:  [/INST] 0 ",0,0,2,"[INST]  
 QUESTION: A square with side length 2 and a circle share the same center. The total area of the regions that are inside the circle and outside the square is equal to the total area of the regions that are outside the circle and inside the square. What is the radius of the circle?

<image1>
OPTIONS:
0: $\frac{2}{\sqrt{\pi}}$
1: $\frac{1+\sqrt{2}}{2}$
2: $\frac{3}{2}$
3: $\sqrt{3}$
4: $\sqrt{\pi}$

Answer with the correct option from 0 to 4. Only provide the numeric and nothing else 

Answer:  [/INST] 1 ",1,0,2
267,1471,"[INST]  
 QUESTION: Initially, a spinner points west. Chenille moves it clockwise $ 2 \frac{1}{4}$ revolutions and then counterclockwise $ 3 \frac{3}{4}$ revolutions. In what direction does the spinner point after the two moves?

<image1>
OPTIONS:
0: $\text{north}$
1: $\text{east}$
2: $\text{south}$
3: $\text{west}$
4: $\text{northwest}$

Answer with the correct option from 0 to 4. Only provide the numeric and nothing else 

Answer:  [/INST] 1 ",1,1,3,"[INST]  
 QUESTION: Initially, a spinner points west. Chenille moves it clockwise $ 2 \frac{1}{4}$ revolutions and then counterclockwise $ 3 \frac{3}{4}$ revolutions. In what direction does the spinner point after the two moves?

<image1>
OPTIONS:
0: $\text{north}$
1: $\text{east}$
2: $\text{south}$
3: $\text{west}$
4: $\text{northwest}$

Answer with the correct option from 0 to 4. Only provide the numeric and nothing else 

Answer:  [/INST] 3 ",3,1,3
268,1473,"[INST]  
 QUESTION: Jeff rotates spinners $ P$, $ Q$ and $ R$ and adds the resulting numbers. What is the probability that his sum is an odd number?

<image1>
OPTIONS:
0: $\frac{1}{4}$
1: $\frac{1}{3}$
2: $\frac{1}{2}$
3: $\frac{2}{3}$
4: $\frac{3}{4}$

Answer with the correct option from 0 to 4. Only provide the numeric and nothing else 

Answer:  [/INST] 1 ",1,1,2,"[INST]  
 QUESTION: Jeff rotates spinners $ P$, $ Q$ and $ R$ and adds the resulting numbers. What is the probability that his sum is an odd number?

<image1>
OPTIONS:
0: $\frac{1}{4}$
1: $\frac{1}{3}$
2: $\frac{1}{2}$
3: $\frac{2}{3}$
4: $\frac{3}{4}$

Answer with the correct option from 0 to 4. Only provide the numeric and nothing else 

Answer:  [/INST] 0 ",0,1,2
269,1474,"[INST]  
 QUESTION: Six-hundred fifty students were surveyed about their pasta preferences. The choices were lasagna, manicotti, ravioli and spaghetti. The results of the survey are displayed in the bar graph. What is the ratio of the number of students who preferred spaghetti to the number of students who preferred manicotti?

<image1>
OPTIONS:
0: $\frac{2}{5}$
1: $\frac{1}{2}$
2: $\frac{5}{4}$
3: $\frac{5}{3}$
4: $\frac{5}{2}$

Answer with the correct option from 0 to 4. Only provide the numeric and nothing else 

Answer:  [/INST] 1 ",1,4,2,"[INST]  
 QUESTION: Six-hundred fifty students were surveyed about their pasta preferences. The choices were lasagna, manicotti, ravioli and spaghetti. The results of the survey are displayed in the bar graph. What is the ratio of the number of students who preferred spaghetti to the number of students who preferred manicotti?

<image1>
OPTIONS:
0: $\frac{2}{5}$
1: $\frac{1}{2}$
2: $\frac{5}{4}$
3: $\frac{5}{3}$
4: $\frac{5}{2}$

Answer with the correct option from 0 to 4. Only provide the numeric and nothing else 

Answer:  [/INST] 0 ",0,4,2
270,1489,"[INST]  
 QUESTION: On a checkerboard composed of 64 unit squares, what is the probability that a randomly chosen unit square does  not   touch the outer edge of the board?
<image1>
OPTIONS:
0: $\frac{1}{16}$
1: $\frac{7}{16}$
2: $\frac{1}{2}$
3: $\frac{9}{16}$
4: $\frac{49}{64}$

Answer with the correct option from 0 to 4. Only provide the numeric and nothing else 

Answer:  [/INST] 0 ",0,3,5,"[INST]  
 QUESTION: On a checkerboard composed of 64 unit squares, what is the probability that a randomly chosen unit square does  not   touch the outer edge of the board?
<image1>
OPTIONS:
0: $\frac{1}{16}$
1: $\frac{7}{16}$
2: $\frac{1}{2}$
3: $\frac{9}{16}$
4: $\frac{49}{64}$

Answer with the correct option from 0 to 4. Only provide the numeric and nothing else 

Answer:  [/INST] 1 ",1,3,5
271,1490,"[INST]  
 QUESTION: The two spinners shown are spun once and each lands on one of the numbered sectors. What is the probability that the sum of the numbers in the two sectors is prime?
<image1>
<image2>
OPTIONS:
0: $\frac{1}{2}$
1: $\frac{2}{3}$
2: $\frac{3}{4}$
3: $\frac{7}{9}$
4: $\frac{5}{6}$

Answer with the correct option from 0 to 4. Only provide the numeric and nothing else 

Answer:  [/INST] 3 ",3,3,2,"[INST]  
 QUESTION: The two spinners shown are spun once and each lands on one of the numbered sectors. What is the probability that the sum of the numbers in the two sectors is prime?
<image1>
<image2>
OPTIONS:
0: $\frac{1}{2}$
1: $\frac{2}{3}$
2: $\frac{3}{4}$
3: $\frac{7}{9}$
4: $\frac{5}{6}$

Answer with the correct option from 0 to 4. Only provide the numeric and nothing else 

Answer:  [/INST] 0 ",0,3,2
272,1491,"[INST]  
 QUESTION: A one-cubic-foot cube is cut into four pieces by three cuts parallel to the top face of the cube. The first cub is $\frac{1}{2}$ foot from the top face. The second cut is $\frac{1}{3}$ foot below the first cut, and the third cut is $\frac{1}{17}$ foot below the second cut. From the top to the bottom the pieces are labeled A, B, C, and D. The pieces are then glued together end to end as shown in the second diagram. What is the total surface area of this solid in square feet?
<image1>

<image2>
OPTIONS:
0: 6$
1: $7$
2: $\frac{419}{51}$
3: $\frac{158}{17}$
4: $11$

Answer with the correct option from 0 to 4. Only provide the numeric and nothing else 

Answer:  [/INST] 1 ",1,4,4,"[INST]  
 QUESTION: A one-cubic-foot cube is cut into four pieces by three cuts parallel to the top face of the cube. The first cub is $\frac{1}{2}$ foot from the top face. The second cut is $\frac{1}{3}$ foot below the first cut, and the third cut is $\frac{1}{17}$ foot below the second cut. From the top to the bottom the pieces are labeled A, B, C, and D. The pieces are then glued together end to end as shown in the second diagram. What is the total surface area of this solid in square feet?
<image1>

<image2>
OPTIONS:
0: 6$
1: $7$
2: $\frac{419}{51}$
3: $\frac{158}{17}$
4: $11$

Answer with the correct option from 0 to 4. Only provide the numeric and nothing else 

Answer:  [/INST] 2 ",2,4,4
273,1495,"[INST]  
 QUESTION: Semicircles $POQ$ and $ROS$ pass through the center of circle $O$. What is the ratio of the combined areas of the two semicircles to the area of circle $O$?
<image1>
OPTIONS:
0: $\frac{\sqrt{2}}{4}$
1: $\frac{1}{2}$
2: $\frac{2}{\pi}$
3: $\frac{2}{3}$
4: $\frac{\sqrt{2}}{2}$

Answer with the correct option from 0 to 4. Only provide the numeric and nothing else 

Answer:  [/INST] 1 ",1,1,3,"[INST]  
 QUESTION: Semicircles $POQ$ and $ROS$ pass through the center of circle $O$. What is the ratio of the combined areas of the two semicircles to the area of circle $O$?
<image1>
OPTIONS:
0: $\frac{\sqrt{2}}{4}$
1: $\frac{1}{2}$
2: $\frac{2}{\pi}$
3: $\frac{2}{3}$
4: $\frac{\sqrt{2}}{2}$

Answer with the correct option from 0 to 4. Only provide the numeric and nothing else 

Answer:  [/INST] 2 ",2,1,3
274,1496,"[INST]  
 QUESTION: Extend the square pattern of $8$ black and $17$ white square tiles by attaching a border of black tiles around the square. What is the ratio of black tiles to white tiles in the extended pattern?
<image1>
OPTIONS:
0: 8:17
1: 25:49
2: 36:25
3: 32:17
4: 36:17

Answer with the correct option from 0 to 4. Only provide the numeric and nothing else 

Answer:  [/INST] 3 ",3,3,4,"[INST]  
 QUESTION: Extend the square pattern of $8$ black and $17$ white square tiles by attaching a border of black tiles around the square. What is the ratio of black tiles to white tiles in the extended pattern?
<image1>
OPTIONS:
0: 8:17
1: 25:49
2: 36:25
3: 32:17
4: 36:17

Answer with the correct option from 0 to 4. Only provide the numeric and nothing else 

Answer:  [/INST] 0 ",0,3,4
275,1506,"[INST]  
 QUESTION: In the given figure hexagon $ABCDEF$ is equiangular, $ABJI$ and $FEHG$ are squares with areas $18$ and $32$ respectively, $\triangle JBK$ is equilateral and $FE=BC$. What is the area of $\triangle KBC$?
<image1>
OPTIONS:
0: $6\sqrt{2}$
1: $9$
2: $12$
3: $9\sqrt{2}$
4: $32$

Answer with the correct option from 0 to 4. Only provide the numeric and nothing else 

Answer:  [/INST] 1 ",1,2,3,"[INST]  
 QUESTION: In the given figure hexagon $ABCDEF$ is equiangular, $ABJI$ and $FEHG$ are squares with areas $18$ and $32$ respectively, $\triangle JBK$ is equilateral and $FE=BC$. What is the area of $\triangle KBC$?
<image1>
OPTIONS:
0: $6\sqrt{2}$
1: $9$
2: $12$
3: $9\sqrt{2}$
4: $32$

Answer with the correct option from 0 to 4. Only provide the numeric and nothing else 

Answer:  [/INST] 0 ",0,2,3
276,1509,"[INST]  
 QUESTION: A semicircle is inscribed in an isosceles triangle with base $16$ and height $15$ so that the diameter of the semicircle is contained in the base of the triangle as shown. What is the radius of the semicircle?

<image1>
OPTIONS:
0: $4 \sqrt{3}$
1: $\frac{120}{17}$
2: $10$
3: $\frac{17\sqrt{2}}{2}$
4: $\frac{17\sqrt{3}}{2}$

Answer with the correct option from 0 to 4. Only provide the numeric and nothing else 

Answer:  [/INST] 1 ",1,1,2,"[INST]  
 QUESTION: A semicircle is inscribed in an isosceles triangle with base $16$ and height $15$ so that the diameter of the semicircle is contained in the base of the triangle as shown. What is the radius of the semicircle?

<image1>
OPTIONS:
0: $4 \sqrt{3}$
1: $\frac{120}{17}$
2: $10$
3: $\frac{17\sqrt{2}}{2}$
4: $\frac{17\sqrt{3}}{2}$

Answer with the correct option from 0 to 4. Only provide the numeric and nothing else 

Answer:  [/INST] 4 ",4,1,2
277,1510,"[INST]  
 QUESTION: In the figure below, choose point $D$ on $\overline{BC}$ so that $\triangle ACD$ and $\triangle ABD$ have equal perimeters. What is the area of $\triangle ABD$?
<image1>
OPTIONS:
0: $\frac{3}{4}$
1: $\frac{3}{2}$
2: $2$
3: $\frac{12}{5}$
4: $\frac{5}{2}$

Answer with the correct option from 0 to 4. Only provide the numeric and nothing else 

Answer:  [/INST] 0 ",0,3,3,"[INST]  
 QUESTION: In the figure below, choose point $D$ on $\overline{BC}$ so that $\triangle ACD$ and $\triangle ABD$ have equal perimeters. What is the area of $\triangle ABD$?
<image1>
OPTIONS:
0: $\frac{3}{4}$
1: $\frac{3}{2}$
2: $2$
3: $\frac{12}{5}$
4: $\frac{5}{2}$

Answer with the correct option from 0 to 4. Only provide the numeric and nothing else 

Answer:  [/INST] 1 ",1,3,3
278,1511,"[INST]  
 QUESTION: In the right triangle $ABC$, $AC=12$, $BC=5$, and angle $C$ is a right angle. A semicircle is inscribed in the triangle as shown. What is the radius of the semicircle?
<image1>
OPTIONS:
0: $\frac{7}{6}$
1: $\frac{13}{5}$
2: $\frac{59}{18}$
3: $\frac{10}{3}$
4: $\frac{60}{13}$

Answer with the correct option from 0 to 4. Only provide the numeric and nothing else 

Answer:  [/INST] 1 ",1,3,2,"[INST]  
 QUESTION: In the right triangle $ABC$, $AC=12$, $BC=5$, and angle $C$ is a right angle. A semicircle is inscribed in the triangle as shown. What is the radius of the semicircle?
<image1>
OPTIONS:
0: $\frac{7}{6}$
1: $\frac{13}{5}$
2: $\frac{59}{18}$
3: $\frac{10}{3}$
4: $\frac{60}{13}$

Answer with the correct option from 0 to 4. Only provide the numeric and nothing else 

Answer:  [/INST] 0 ",0,3,2
279,1518,"[INST]  
 QUESTION: There are 81 grid points (uniformly spaced) in the square shown in the diagram below, including the points on the edges. Point $P$ is the center of the square. Given that point $Q$ is randomly chosen from among the other 80 points, what is the probability that line $PQ$ is a line of symmetry for the square?
<image1>
OPTIONS:
0: $\frac{1}{5}$
1: $\frac{1}{4}$
2: $\frac{2}{5}$
3: $\frac{9}{20}$
4: $\frac{1}{2}$

Answer with the correct option from 0 to 4. Only provide the numeric and nothing else 

Answer:  [/INST] 3 ",3,2,2,"[INST]  
 QUESTION: There are 81 grid points (uniformly spaced) in the square shown in the diagram below, including the points on the edges. Point $P$ is the center of the square. Given that point $Q$ is randomly chosen from among the other 80 points, what is the probability that line $PQ$ is a line of symmetry for the square?
<image1>
OPTIONS:
0: $\frac{1}{5}$
1: $\frac{1}{4}$
2: $\frac{2}{5}$
3: $\frac{9}{20}$
4: $\frac{1}{2}$

Answer with the correct option from 0 to 4. Only provide the numeric and nothing else 

Answer:  [/INST] 1 ",1,2,2
280,1520,"[INST]  
 QUESTION: The faces of a cube are painted in six different colors: red (R), white (W), green (G), brown (B), aqua (A), and purple (P). Three views of the cube are shown below. What is the color of the face opposite the aqua face?
<image1>
OPTIONS:
0: $\text{red}$
1: $\text{white}$
2: $\text{green}$
3: $\text{brown}$
4: $\text{purple}
$

Answer with the correct option from 0 to 4. Only provide the numeric and nothing else 

Answer:  [/INST] 1 ",1,0,4,"[INST]  
 QUESTION: The faces of a cube are painted in six different colors: red (R), white (W), green (G), brown (B), aqua (A), and purple (P). Three views of the cube are shown below. What is the color of the face opposite the aqua face?
<image1>
OPTIONS:
0: $\text{red}$
1: $\text{white}$
2: $\text{green}$
3: $\text{brown}$
4: $\text{purple}
$

Answer with the correct option from 0 to 4. Only provide the numeric and nothing else 

Answer:  [/INST] 3 ",3,0,4
281,1521,"[INST]  
 QUESTION: There are $20$ cities in the County of Newton. Their populations are shown in the bar chart below. The average population of all the cities is indicated by the horizontal dashed line. Which of the following is closest to the total population of all $20$ cities?

<image1>
OPTIONS:
0: 65{,}000
1: 75{,}000
2: 85{,}000
3: 95{,}000
4: 105{,}000

Answer with the correct option from 0 to 4. Only provide the numeric and nothing else 

Answer:  [/INST] 4 ",4,3,2,"[INST]  
 QUESTION: There are $20$ cities in the County of Newton. Their populations are shown in the bar chart below. The average population of all the cities is indicated by the horizontal dashed line. Which of the following is closest to the total population of all $20$ cities?

<image1>
OPTIONS:
0: 65{,}000
1: 75{,}000
2: 85{,}000
3: 95{,}000
4: 105{,}000

Answer with the correct option from 0 to 4. Only provide the numeric and nothing else 

Answer:  [/INST] 1 ",1,3,2
282,1523,"[INST]  
 QUESTION: A large square region is paved with $n^2$ gray square tiles, each measuring $s$ inches on a side. A border $d$ inches wide surrounds each tile. The figure below shows the case for $n = 3$. When $n = 24$, the $576$ gray tiles cover $64\%$ of the area of the large square region. What is the ratio $\frac{d}{s}$ for this larger value of $n$?

<image1>
OPTIONS:
0: $\frac{6}{25}$
1: $\frac{1}{4}$
2: $\frac{9}{25}$
3: $\frac{7}{16}$
4: $\frac{9}{16}$

Answer with the correct option from 0 to 4. Only provide the numeric and nothing else 

Answer:  [/INST] 1 ",1,0,3,"[INST]  
 QUESTION: A large square region is paved with $n^2$ gray square tiles, each measuring $s$ inches on a side. A border $d$ inches wide surrounds each tile. The figure below shows the case for $n = 3$. When $n = 24$, the $576$ gray tiles cover $64\%$ of the area of the large square region. What is the ratio $\frac{d}{s}$ for this larger value of $n$?

<image1>
OPTIONS:
0: $\frac{6}{25}$
1: $\frac{1}{4}$
2: $\frac{9}{25}$
3: $\frac{7}{16}$
4: $\frac{9}{16}$

Answer with the correct option from 0 to 4. Only provide the numeric and nothing else 

Answer:  [/INST] 0 ",0,0,3
