,idx_main,outputwImg,predictionwImg,gold_referencewImg,tagwImg,outputwoImg,predictionwoImg,gold_referencewoImg,tagwoImg
0,2,"user
 QUESTION: Misty the cat has five kittens: two of them are striped, one spotty, the rest of them are absolutely white. In which picture can we see the kittens of Misty, knowing that the ears of one of them are of different colour?
<image1>
OPTIONS:
0: A
1: B
2: C
3: D
4: E

Answer with the correct option from 0 to 4. Only provide the numeric and nothing else 

Answer: 
assistant
0",0,3,3,"user
 QUESTION: Misty the cat has five kittens: two of them are striped, one spotty, the rest of them are absolutely white. In which picture can we see the kittens of Misty, knowing that the ears of one of them are of different colour?
<image1>
OPTIONS:
0: A
1: B
2: C
3: D
4: E

Answer with the correct option from 0 to 4. Only provide the numeric and nothing else 

Answer: 
assistant
2",2,3,3
1,3,"user
 QUESTION: A squirrel is following the paths of labyrinth and collecting food for winter. Which stuff it will not be able to take?
<image1>
OPTIONS:
0: A
1: B
2: C
3: D
4: E

Answer with the correct option from 0 to 4. Only provide the numeric and nothing else 

Answer: 
assistant
2",2,3,1,"user
 QUESTION: A squirrel is following the paths of labyrinth and collecting food for winter. Which stuff it will not be able to take?
<image1>
OPTIONS:
0: A
1: B
2: C
3: D
4: E

Answer with the correct option from 0 to 4. Only provide the numeric and nothing else 

Answer: 
assistant
3",3,3,1
2,4,"user
 QUESTION: Which of these figures differs from the rest four?
<image1>
OPTIONS:
0: A
1: B
2: C
3: D
4: E

Answer with the correct option from 0 to 4. Only provide the numeric and nothing else 

Answer: 
assistant
4",4,4,2,"user
 QUESTION: Which of these figures differs from the rest four?
<image1>
OPTIONS:
0: A
1: B
2: C
3: D
4: E

Answer with the correct option from 0 to 4. Only provide the numeric and nothing else 

Answer: 
assistant
2",2,4,2
3,9,"user
 QUESTION: A trip of the pupils to the zoo took 135 minutes.
<image1>
How many hours and minutes does it make?
OPTIONS:
0: 3 h 5 min
1: 2 h 15 min
2: 1 h 35 min
3: 2 h 35 min
4: 3 h 35 min

Answer with the correct option from 0 to 4. Only provide the numeric and nothing else 

Answer: 
assistant
2",2,1,2,"user
 QUESTION: A trip of the pupils to the zoo took 135 minutes.
<image1>
How many hours and minutes does it make?
OPTIONS:
0: 3 h 5 min
1: 2 h 15 min
2: 1 h 35 min
3: 2 h 35 min
4: 3 h 35 min

Answer with the correct option from 0 to 4. Only provide the numeric and nothing else 

Answer: 
assistant
3",3,1,2
4,10,"user
 QUESTION: The ladybird would like to sit on his flower. The flower has five petals and the stem has three leaves. On which flower should the ladybird sit?
<image1>
OPTIONS:
0: A
1: B
2: C
3: D
4: E

Answer with the correct option from 0 to 4. Only provide the numeric and nothing else 

Answer: 
assistant
2",2,1,1,"user
 QUESTION: The ladybird would like to sit on his flower. The flower has five petals and the stem has three leaves. On which flower should the ladybird sit?
<image1>
OPTIONS:
0: A
1: B
2: C
3: D
4: E

Answer with the correct option from 0 to 4. Only provide the numeric and nothing else 

Answer: 
assistant
1",1,1,1
5,12,"user
 QUESTION: How many ducks weigh the same as a crocodile?
<image1>
<image2>
OPTIONS:
0: A
1: B
2: C
3: D
4: E

Answer with the correct option from 0 to 4. Only provide the numeric and nothing else 

Answer: 
assistant
3",3,1,2,"user
 QUESTION: How many ducks weigh the same as a crocodile?
<image1>
<image2>
OPTIONS:
0: A
1: B
2: C
3: D
4: E

Answer with the correct option from 0 to 4. Only provide the numeric and nothing else 

Answer: 
assistant
2",2,1,2
6,14,"user
 QUESTION: Max has cut a rectangle into two pieces. One piece looks like:
<image1>
What does the other piece look like?
<image2>
OPTIONS:
0: A
1: B
2: C
3: D
4: E

Answer with the correct option from 0 to 4. Only provide the numeric and nothing else 

Answer: 
assistant
2",2,4,1,"user
 QUESTION: Max has cut a rectangle into two pieces. One piece looks like:
<image1>
What does the other piece look like?
<image2>
OPTIONS:
0: A
1: B
2: C
3: D
4: E

Answer with the correct option from 0 to 4. Only provide the numeric and nothing else 

Answer: 
assistant
0",0,4,1
7,16,"user
 QUESTION: Ingrid has 4 red, 3 blue, 2 green and 1 yellow cube. She uses them to build the following object:
<image1>
Cubes with the same colour don't touch each other. Which colour is the cube with the question mark?
OPTIONS:
0: red
1: blue
2: green
3: Yellow
4: This cannot be worked out for certain.

Answer with the correct option from 0 to 4. Only provide the numeric and nothing else 

Answer: 
assistant
1",1,0,3,"user
 QUESTION: Ingrid has 4 red, 3 blue, 2 green and 1 yellow cube. She uses them to build the following object:
<image1>
Cubes with the same colour don't touch each other. Which colour is the cube with the question mark?
OPTIONS:
0: red
1: blue
2: green
3: Yellow
4: This cannot be worked out for certain.

Answer with the correct option from 0 to 4. Only provide the numeric and nothing else 

Answer: 
assistant
0",0,0,3
8,17,"user
 QUESTION: Which shape cannot be seen in every picture?
<image1>
OPTIONS:
0: A
1: B
2: C
3: D
4: E

Answer with the correct option from 0 to 4. Only provide the numeric and nothing else 

Answer: 
assistant
3",3,3,1,"user
 QUESTION: Which shape cannot be seen in every picture?
<image1>
OPTIONS:
0: A
1: B
2: C
3: D
4: E

Answer with the correct option from 0 to 4. Only provide the numeric and nothing else 

Answer: 
assistant
2",2,3,1
9,18,"user
 QUESTION: Which part of the house is missing?
<image1>
<image2>
OPTIONS:
0: A
1: B
2: C
3: D
4: E

Answer with the correct option from 0 to 4. Only provide the numeric and nothing else 

Answer: 
assistant
1",1,4,1,"user
 QUESTION: Which part of the house is missing?
<image1>
<image2>
OPTIONS:
0: A
1: B
2: C
3: D
4: E

Answer with the correct option from 0 to 4. Only provide the numeric and nothing else 

Answer: 
assistant
2",2,4,1
10,19,"user
 QUESTION: Florian has 10 equally long metal strips with equally many holes.
<image1>
He bolts the metal strips together in pairs. Now he has five long strips (see the diagram).
<image2>
Which of the long strips is the shortest?
OPTIONS:
0: A
1: B
2: C
3: D
4: E

Answer with the correct option from 0 to 4. Only provide the numeric and nothing else 

Answer: 
assistant
1",1,1,1,"user
 QUESTION: Florian has 10 equally long metal strips with equally many holes.
<image1>
He bolts the metal strips together in pairs. Now he has five long strips (see the diagram).
<image2>
Which of the long strips is the shortest?
OPTIONS:
0: A
1: B
2: C
3: D
4: E

Answer with the correct option from 0 to 4. Only provide the numeric and nothing else 

Answer: 
assistant
2",2,1,1
11,20,"user
 QUESTION: Which of the kangaroo cards shown below can be turned around so that it then looks the same as the card shown on the right?
<image1>
<image2>
OPTIONS:
0: A
1: B
2: C
3: D
4: E

Answer with the correct option from 0 to 4. Only provide the numeric and nothing else 

Answer: 
assistant
3",3,4,2,"user
 QUESTION: Which of the kangaroo cards shown below can be turned around so that it then looks the same as the card shown on the right?
<image1>
<image2>
OPTIONS:
0: A
1: B
2: C
3: D
4: E

Answer with the correct option from 0 to 4. Only provide the numeric and nothing else 

Answer: 
assistant
2",2,4,2
12,22,"user
 QUESTION: Michael has two building blocks. Each building block is made up of two cubes glued together. Which figure can he not make using the blocks?
<image1>
<image2>
OPTIONS:
0: A
1: B
2: C
3: D
4: E

Answer with the correct option from 0 to 4. Only provide the numeric and nothing else 

Answer: 
assistant
4",4,1,1,"user
 QUESTION: Michael has two building blocks. Each building block is made up of two cubes glued together. Which figure can he not make using the blocks?
<image1>
<image2>
OPTIONS:
0: A
1: B
2: C
3: D
4: E

Answer with the correct option from 0 to 4. Only provide the numeric and nothing else 

Answer: 
assistant
2",2,1,1
13,23,"user
 QUESTION: Which piece is missing?
<image1>
<image2>
OPTIONS:
0: A
1: B
2: C
3: D
4: E

Answer with the correct option from 0 to 4. Only provide the numeric and nothing else 

Answer: 
assistant
2",2,0,2,"user
 QUESTION: Which piece is missing?
<image1>
<image2>
OPTIONS:
0: A
1: B
2: C
3: D
4: E

Answer with the correct option from 0 to 4. Only provide the numeric and nothing else 

Answer: 
assistant
1",1,0,2
14,24,"user
 QUESTION: Which point in the labyrinth can we get to, starting at point $O$?
<image1>
OPTIONS:
0: A
1: B
2: C
3: D
4: E

Answer with the correct option from 0 to 4. Only provide the numeric and nothing else 

Answer: 
assistant
4",4,2,1,"user
 QUESTION: Which point in the labyrinth can we get to, starting at point $O$?
<image1>
OPTIONS:
0: A
1: B
2: C
3: D
4: E

Answer with the correct option from 0 to 4. Only provide the numeric and nothing else 

Answer: 
assistant
0",0,2,1
15,25,"user
 QUESTION: Max has 10 dice. Which one of the following solids can he build with them?
<image1>
OPTIONS:
0: A
1: B
2: C
3: D
4: E

Answer with the correct option from 0 to 4. Only provide the numeric and nothing else 

Answer: 
assistant
0",0,0,1,"user
 QUESTION: Max has 10 dice. Which one of the following solids can he build with them?
<image1>
OPTIONS:
0: A
1: B
2: C
3: D
4: E

Answer with the correct option from 0 to 4. Only provide the numeric and nothing else 

Answer: 
assistant
2",2,0,1
16,26,"user
 QUESTION: Gerda walks along the road and writes down the letters she can see on her right hand side. Which word is formed while Gerda walks from point 1 to point 2?
<image1>
OPTIONS:
0: KNAO
1: KNGO
2: KNR
3: AGRO
4: KAO

Answer with the correct option from 0 to 4. Only provide the numeric and nothing else 

Answer: 
assistant
1",1,0,1,"user
 QUESTION: Gerda walks along the road and writes down the letters she can see on her right hand side. Which word is formed while Gerda walks from point 1 to point 2?
<image1>
OPTIONS:
0: KNAO
1: KNGO
2: KNR
3: AGRO
4: KAO

Answer with the correct option from 0 to 4. Only provide the numeric and nothing else 

Answer: 
assistant
0",0,0,1
17,27,"user
 QUESTION: Konrad has some pieces of cardboard which all look like this:
<image1>
Which of the shapes below can he not make out of these pieces?
<image2>
OPTIONS:
0: A
1: B
2: C
3: D
4: E

Answer with the correct option from 0 to 4. Only provide the numeric and nothing else 

Answer: 
assistant
4",4,3,1,"user
 QUESTION: Konrad has some pieces of cardboard which all look like this:
<image1>
Which of the shapes below can he not make out of these pieces?
<image2>
OPTIONS:
0: A
1: B
2: C
3: D
4: E

Answer with the correct option from 0 to 4. Only provide the numeric and nothing else 

Answer: 
assistant
2",2,3,1
18,28,"user
 QUESTION: <image1>
In the picture above five ladybirds can be seen. Each one is sitting on a certain flower. A ladybird is only allowed to sit on a flower if the following conditions are met:
1) The difference between the number of points on each wing is equal to the number of leaves on the stem.
2) The number of points on the wings of the ladybird is equal to the number of petals on the flower. Which of the following flowers is without a ladybird?
<image2>
OPTIONS:
0: A
1: B
2: C
3: D
4: E

Answer with the correct option from 0 to 4. Only provide the numeric and nothing else 

Answer: 
assistant
1",1,4,3,"user
 QUESTION: <image1>
In the picture above five ladybirds can be seen. Each one is sitting on a certain flower. A ladybird is only allowed to sit on a flower if the following conditions are met:
1) The difference between the number of points on each wing is equal to the number of leaves on the stem.
2) The number of points on the wings of the ladybird is equal to the number of petals on the flower. Which of the following flowers is without a ladybird?
<image2>
OPTIONS:
0: A
1: B
2: C
3: D
4: E

Answer with the correct option from 0 to 4. Only provide the numeric and nothing else 

Answer: 
assistant
2",2,4,3
19,30,"user
 QUESTION: This picture shows a bracelet with pearls.
<image1>
Which of the bands below shows the same bracelet as above?
<image2>
OPTIONS:
0: A
1: B
2: C
3: D
4: E

Answer with the correct option from 0 to 4. Only provide the numeric and nothing else 

Answer: 
assistant
4",4,4,5,"user
 QUESTION: This picture shows a bracelet with pearls.
<image1>
Which of the bands below shows the same bracelet as above?
<image2>
OPTIONS:
0: A
1: B
2: C
3: D
4: E

Answer with the correct option from 0 to 4. Only provide the numeric and nothing else 

Answer: 
assistant
2",2,4,5
20,32,"user
 QUESTION: Alfred turns his building block 10 times. The first three times can be seen in the picture.
What is the final position of the building block?
<image1>
<image2>
OPTIONS:
0: A
1: B
2: C
3: D
4: E

Answer with the correct option from 0 to 4. Only provide the numeric and nothing else 

Answer: 
assistant
3",3,3,2,"user
 QUESTION: Alfred turns his building block 10 times. The first three times can be seen in the picture.
What is the final position of the building block?
<image1>
<image2>
OPTIONS:
0: A
1: B
2: C
3: D
4: E

Answer with the correct option from 0 to 4. Only provide the numeric and nothing else 

Answer: 
assistant
2",2,3,2
21,33,"user
 QUESTION: In which picture are there half as many circles as triangles and twice as many squares as triangles?
<image1>
OPTIONS:
0: A
1: B
2: C
3: D
4: E

Answer with the correct option from 0 to 4. Only provide the numeric and nothing else 

Answer: 
assistant
0",0,4,1,"user
 QUESTION: In which picture are there half as many circles as triangles and twice as many squares as triangles?
<image1>
OPTIONS:
0: A
1: B
2: C
3: D
4: E

Answer with the correct option from 0 to 4. Only provide the numeric and nothing else 

Answer: 
assistant
2",2,4,1
22,34,"user
 QUESTION: Simon has two identical tiles, whose front look like this: The back is white.
<image1>
Which pattern can he make with those two tiles?
<image2>
OPTIONS:
0: A
1: B
2: C
3: D
4: E

Answer with the correct option from 0 to 4. Only provide the numeric and nothing else 

Answer: 
assistant
2",2,0,2,"user
 QUESTION: Simon has two identical tiles, whose front look like this: The back is white.
<image1>
Which pattern can he make with those two tiles?
<image2>
OPTIONS:
0: A
1: B
2: C
3: D
4: E

Answer with the correct option from 0 to 4. Only provide the numeric and nothing else 

Answer: 
assistant
0",0,0,2
23,36,"user
 QUESTION: Alice draws lines between the beetles. She starts with the beetle with the fewest points. Then she continues drawing to the beetle with one more point. Which figure is formed?
<image1>
<image2>
OPTIONS:
0: A
1: B
2: C
3: D
4: E

Answer with the correct option from 0 to 4. Only provide the numeric and nothing else 

Answer: 
assistant
3",3,3,1,"user
 QUESTION: Alice draws lines between the beetles. She starts with the beetle with the fewest points. Then she continues drawing to the beetle with one more point. Which figure is formed?
<image1>
<image2>
OPTIONS:
0: A
1: B
2: C
3: D
4: E

Answer with the correct option from 0 to 4. Only provide the numeric and nothing else 

Answer: 
assistant
2",2,3,1
24,38,"user
 QUESTION: Peter has drawn this pattern:
<image1>
He draws exactly the same pattern once more.
Which point is on his drawing?
OPTIONS:
0: A
1: B
2: C
3: D
4: E

Answer with the correct option from 0 to 4. Only provide the numeric and nothing else 

Answer: 
assistant
3",3,3,1,"user
 QUESTION: Peter has drawn this pattern:
<image1>
He draws exactly the same pattern once more.
Which point is on his drawing?
OPTIONS:
0: A
1: B
2: C
3: D
4: E

Answer with the correct option from 0 to 4. Only provide the numeric and nothing else 

Answer: 
assistant
1",1,3,1
25,41,"user
 QUESTION: Lisa needs exactly 3 pieces to complete her jigsaw.
Which of the 4 pieces is left over?
<image1>
<image2>
OPTIONS:
0: A
1: B
2: C
3: D
4: C or D

Answer with the correct option from 0 to 4. Only provide the numeric and nothing else 

Answer: 
assistant
4",4,0,1,"user
 QUESTION: Lisa needs exactly 3 pieces to complete her jigsaw.
Which of the 4 pieces is left over?
<image1>
<image2>
OPTIONS:
0: A
1: B
2: C
3: D
4: C or D

Answer with the correct option from 0 to 4. Only provide the numeric and nothing else 

Answer: 
assistant
2",2,0,1
26,42,"user
 QUESTION: Charles cuts a rope into 3 equally long pieces. Then he makes one knot in one of the pieces, 2 in the next and in the third piece 3 knots. Then he lays the three pieces down in a random order. Which picture does he see?
<image1>
OPTIONS:
0: A
1: B
2: C
3: D
4: E

Answer with the correct option from 0 to 4. Only provide the numeric and nothing else 

Answer: 
assistant
1",1,1,1,"user
 QUESTION: Charles cuts a rope into 3 equally long pieces. Then he makes one knot in one of the pieces, 2 in the next and in the third piece 3 knots. Then he lays the three pieces down in a random order. Which picture does he see?
<image1>
OPTIONS:
0: A
1: B
2: C
3: D
4: E

Answer with the correct option from 0 to 4. Only provide the numeric and nothing else 

Answer: 
assistant
0",0,1,1
27,45,"user
 QUESTION: Which of these clouds contain only numbers that are smaller than 7 ?
<image1>
OPTIONS:
0: A
1: B
2: C
3: D
4: E

Answer with the correct option from 0 to 4. Only provide the numeric and nothing else 

Answer: 
assistant
1",1,3,2,"user
 QUESTION: Which of these clouds contain only numbers that are smaller than 7 ?
<image1>
OPTIONS:
0: A
1: B
2: C
3: D
4: E

Answer with the correct option from 0 to 4. Only provide the numeric and nothing else 

Answer: 
assistant
2",2,3,2
28,48,"user
 QUESTION: Five equally big square pieces of card are placed on a table on top of each other. The picture on the side is created this way. The cards are collected up from top to bottom. In which order are they collected?
<image1>
OPTIONS:
0: 5-4-3-2-1
1: 5-2-3-4-1
2: 5-4-2-3-1
3: 5-3-2-1-4
4: 5-2-3-1-4

Answer with the correct option from 0 to 4. Only provide the numeric and nothing else 

Answer: 
assistant
0",0,4,2,"user
 QUESTION: Five equally big square pieces of card are placed on a table on top of each other. The picture on the side is created this way. The cards are collected up from top to bottom. In which order are they collected?
<image1>
OPTIONS:
0: 5-4-3-2-1
1: 5-2-3-4-1
2: 5-4-2-3-1
3: 5-3-2-1-4
4: 5-2-3-1-4

Answer with the correct option from 0 to 4. Only provide the numeric and nothing else 

Answer: 
assistant
2",2,4,2
29,49,"user
 QUESTION: The floor of a room is covered with equally big rectangular tiles (see picture). How long is the room? <image1>
OPTIONS:
0: $6 \mathrm{~m}$
1: $8 \mathrm{~m}$
2: $10 \mathrm{~m}$
3: $11 \mathrm{~m}$
4: $12 \mathrm{~m}$

Answer with the correct option from 0 to 4. Only provide the numeric and nothing else 

Answer: 
assistant
2",2,4,1,"user
 QUESTION: The floor of a room is covered with equally big rectangular tiles (see picture). How long is the room? <image1>
OPTIONS:
0: $6 \mathrm{~m}$
1: $8 \mathrm{~m}$
2: $10 \mathrm{~m}$
3: $11 \mathrm{~m}$
4: $12 \mathrm{~m}$

Answer with the correct option from 0 to 4. Only provide the numeric and nothing else 

Answer: 
assistant
4",4,4,1
30,50,"user
 QUESTION: Which of the figures can be cut into these 3 pieces?
<image1>
<image2>
OPTIONS:
0: A
1: B
2: C
3: D
4: E

Answer with the correct option from 0 to 4. Only provide the numeric and nothing else 

Answer: 
assistant
4",4,2,1,"user
 QUESTION: Which of the figures can be cut into these 3 pieces?
<image1>
<image2>
OPTIONS:
0: A
1: B
2: C
3: D
4: E

Answer with the correct option from 0 to 4. Only provide the numeric and nothing else 

Answer: 
assistant
1",1,2,1
31,52,"user
 QUESTION: There are white, grey and black squares. Three children use these to make this pattern.
<image1>
First Anni replaces all black squares with white squares.
Then Bob replaces all grey squares with black squares.
Finally Chris replaces all white squares with grey squares.
Which picture have the three children now created?
<image2>
OPTIONS:
0: A
1: B
2: C
3: D
4: E

Answer with the correct option from 0 to 4. Only provide the numeric and nothing else 

Answer: 
assistant
4",4,0,1,"user
 QUESTION: There are white, grey and black squares. Three children use these to make this pattern.
<image1>
First Anni replaces all black squares with white squares.
Then Bob replaces all grey squares with black squares.
Finally Chris replaces all white squares with grey squares.
Which picture have the three children now created?
<image2>
OPTIONS:
0: A
1: B
2: C
3: D
4: E

Answer with the correct option from 0 to 4. Only provide the numeric and nothing else 

Answer: 
assistant
0",0,0,1
32,54,"user
 QUESTION: Four strips of paper are used to make a pattern (see picture).
<image1>
What do you see when you look at it from behind?
<image2>
OPTIONS:
0: A
1: B
2: C
3: D
4: E

Answer with the correct option from 0 to 4. Only provide the numeric and nothing else 

Answer: 
assistant
1",1,3,2,"user
 QUESTION: Four strips of paper are used to make a pattern (see picture).
<image1>
What do you see when you look at it from behind?
<image2>
OPTIONS:
0: A
1: B
2: C
3: D
4: E

Answer with the correct option from 0 to 4. Only provide the numeric and nothing else 

Answer: 
assistant
2",2,3,2
33,55,"user
 QUESTION: Julia has 5 pieces of plastic and has stacked these pieces on a table, as shown beside. What was the second piece she put on the table?
<image1>
<image2>
OPTIONS:
0: A
1: B
2: C
3: D
4: E

Answer with the correct option from 0 to 4. Only provide the numeric and nothing else 

Answer: 
assistant
2",2,2,2,"user
 QUESTION: Julia has 5 pieces of plastic and has stacked these pieces on a table, as shown beside. What was the second piece she put on the table?
<image1>
<image2>
OPTIONS:
0: A
1: B
2: C
3: D
4: E

Answer with the correct option from 0 to 4. Only provide the numeric and nothing else 

Answer: 
assistant
1",1,2,2
34,56,"user
 QUESTION: Marco's father took a picture of his son in front of the car shown beside. Which of the drawings below could represent this picture?
<image1>
<image2>
OPTIONS:
0: A
1: B
2: C
3: D
4: E

Answer with the correct option from 0 to 4. Only provide the numeric and nothing else 

Answer: 
assistant
4",4,4,2,"user
 QUESTION: Marco's father took a picture of his son in front of the car shown beside. Which of the drawings below could represent this picture?
<image1>
<image2>
OPTIONS:
0: A
1: B
2: C
3: D
4: E

Answer with the correct option from 0 to 4. Only provide the numeric and nothing else 

Answer: 
assistant
2",2,4,2
35,57,"user
 QUESTION: A magician takes animals out of his hat always in the same order, as shown below.
<image1>
The pattern of the figure is repeated every five animals. What will be the fourteenth animal he will pull out of his hat?
<image2>
OPTIONS:
0: A
1: B
2: C
3: D
4: E

Answer with the correct option from 0 to 4. Only provide the numeric and nothing else 

Answer: 
assistant
3",3,0,1,"user
 QUESTION: A magician takes animals out of his hat always in the same order, as shown below.
<image1>
The pattern of the figure is repeated every five animals. What will be the fourteenth animal he will pull out of his hat?
<image2>
OPTIONS:
0: A
1: B
2: C
3: D
4: E

Answer with the correct option from 0 to 4. Only provide the numeric and nothing else 

Answer: 
assistant
2",2,0,1
36,58,"user
 QUESTION: Ana has the cards shown on the left. She chooses several of them to assemble the tower shown on the right. Which cards did she not use?
<image1>
<image2>
<image3>
OPTIONS:
0: A
1: B
2: C
3: D
4: E

Answer with the correct option from 0 to 4. Only provide the numeric and nothing else 

Answer: 
assistant
0",0,2,1,"user
 QUESTION: Ana has the cards shown on the left. She chooses several of them to assemble the tower shown on the right. Which cards did she not use?
<image1>
<image2>
<image3>
OPTIONS:
0: A
1: B
2: C
3: D
4: E

Answer with the correct option from 0 to 4. Only provide the numeric and nothing else 

Answer: 
assistant
2",2,2,1
37,59,"user
 QUESTION: Ana draws some shapes on a sheet. Her drawing has fewer squares than triangles. What could be her drawing?
<image1>
OPTIONS:
0: A
1: B
2: C
3: D
4: E

Answer with the correct option from 0 to 4. Only provide the numeric and nothing else 

Answer: 
assistant
4",4,3,1,"user
 QUESTION: Ana draws some shapes on a sheet. Her drawing has fewer squares than triangles. What could be her drawing?
<image1>
OPTIONS:
0: A
1: B
2: C
3: D
4: E

Answer with the correct option from 0 to 4. Only provide the numeric and nothing else 

Answer: 
assistant
2",2,3,1
38,60,"user
 QUESTION: Which of the tiles below is NOT part of the wall next door?
<image1>
<image2>
OPTIONS:
0: A
1: B
2: C
3: D
4: E

Answer with the correct option from 0 to 4. Only provide the numeric and nothing else 

Answer: 
assistant
2",2,4,1,"user
 QUESTION: Which of the tiles below is NOT part of the wall next door?
<image1>
<image2>
OPTIONS:
0: A
1: B
2: C
3: D
4: E

Answer with the correct option from 0 to 4. Only provide the numeric and nothing else 

Answer: 
assistant
1",1,4,1
39,63,"user
 QUESTION: Six figures were drawn, one on each side of a cube, as shown beside, in different positions. On the side that does not appear beside is this drawing:
<image1>
What is the figure on the face opposite to it?
<image2>
<image3>
OPTIONS:
0: A
1: B
2: C
3: D
4: E

Answer with the correct option from 0 to 4. Only provide the numeric and nothing else 

Answer: 
assistant
0",0,1,2,"user
 QUESTION: Six figures were drawn, one on each side of a cube, as shown beside, in different positions. On the side that does not appear beside is this drawing:
<image1>
What is the figure on the face opposite to it?
<image2>
<image3>
OPTIONS:
0: A
1: B
2: C
3: D
4: E

Answer with the correct option from 0 to 4. Only provide the numeric and nothing else 

Answer: 
assistant
3",3,1,2
40,67,"user
 QUESTION: A kangaroo laid out 3 sticks like this to make a shape. It is not allowed to break or to bend the sticks. Which shape could the kangaroo make?
<image1>
OPTIONS:
0: A
1: B
2: C
3: D
4: E

Answer with the correct option from 0 to 4. Only provide the numeric and nothing else 

Answer: 
assistant
2",2,4,1,"user
 QUESTION: A kangaroo laid out 3 sticks like this to make a shape. It is not allowed to break or to bend the sticks. Which shape could the kangaroo make?
<image1>
OPTIONS:
0: A
1: B
2: C
3: D
4: E

Answer with the correct option from 0 to 4. Only provide the numeric and nothing else 

Answer: 
assistant
1",1,4,1
41,69,"user
 QUESTION: Four identical pieces of paper are placed as shown. Michael wants to punch a hole that goes through all four pieces. At which point should Michael punch the hole?
<image1>
OPTIONS:
0: A
1: B
2: C
3: D
4: E

Answer with the correct option from 0 to 4. Only provide the numeric and nothing else 

Answer: 
assistant
3",3,3,2,"user
 QUESTION: Four identical pieces of paper are placed as shown. Michael wants to punch a hole that goes through all four pieces. At which point should Michael punch the hole?
<image1>
OPTIONS:
0: A
1: B
2: C
3: D
4: E

Answer with the correct option from 0 to 4. Only provide the numeric and nothing else 

Answer: 
assistant
2",2,3,2
42,70,"user
 QUESTION: Ella puts on this t-shirt and stands in front of a mirror. Which of these images does she see in the mirror?
<image1>
<image2>
OPTIONS:
0: A
1: B
2: C
3: D
4: E

Answer with the correct option from 0 to 4. Only provide the numeric and nothing else 

Answer: 
assistant
1",1,0,2,"user
 QUESTION: Ella puts on this t-shirt and stands in front of a mirror. Which of these images does she see in the mirror?
<image1>
<image2>
OPTIONS:
0: A
1: B
2: C
3: D
4: E

Answer with the correct option from 0 to 4. Only provide the numeric and nothing else 

Answer: 
assistant
0",0,0,2
43,71,"user
 QUESTION: In the Kangaroo constellation, all stars have a number greater than 3 and their sum is 20 . Which is the Kangaroo constellation?
<image1>
OPTIONS:
0: A
1: B
2: C
3: D
4: E

Answer with the correct option from 0 to 4. Only provide the numeric and nothing else 

Answer: 
assistant
0",0,1,2,"user
 QUESTION: In the Kangaroo constellation, all stars have a number greater than 3 and their sum is 20 . Which is the Kangaroo constellation?
<image1>
OPTIONS:
0: A
1: B
2: C
3: D
4: E

Answer with the correct option from 0 to 4. Only provide the numeric and nothing else 

Answer: 
assistant
2",2,1,2
44,72,"user
 QUESTION: Rose the cat walks along the wall. She starts at point $B$ and follows the direction of the arrows shown in the picture. The cat walks a total of 20 metres. Where does she end up?
<image1>
OPTIONS:
0: A
1: B
2: C
3: D
4: E

Answer with the correct option from 0 to 4. Only provide the numeric and nothing else 

Answer: 
assistant
4",4,3,1,"user
 QUESTION: Rose the cat walks along the wall. She starts at point $B$ and follows the direction of the arrows shown in the picture. The cat walks a total of 20 metres. Where does she end up?
<image1>
OPTIONS:
0: A
1: B
2: C
3: D
4: E

Answer with the correct option from 0 to 4. Only provide the numeric and nothing else 

Answer: 
assistant
2",2,3,1
45,73,"user
 QUESTION: Tom encodes words using the board shown. For example, the word PIZZA has the code $A 2 A 4 C 1 C 1 B 2$. What word did Tom encode as B3B2C4D2?
<image1>
OPTIONS:
0: MAZE
1: MASK
2: MILK
3: MATE
4: MATH

Answer with the correct option from 0 to 4. Only provide the numeric and nothing else 

Answer: 
assistant
1",1,4,1,"user
 QUESTION: Tom encodes words using the board shown. For example, the word PIZZA has the code $A 2 A 4 C 1 C 1 B 2$. What word did Tom encode as B3B2C4D2?
<image1>
OPTIONS:
0: MAZE
1: MASK
2: MILK
3: MATE
4: MATH

Answer with the correct option from 0 to 4. Only provide the numeric and nothing else 

Answer: 
assistant
3",3,4,1
46,76,"user
 QUESTION: Mara built the square by using 4 of the following 5 shapes. Which shape was not used?
<image1>
<image2>
OPTIONS:
0: A
1: B
2: C
3: D
4: E

Answer with the correct option from 0 to 4. Only provide the numeric and nothing else 

Answer: 
assistant
4",4,3,1,"user
 QUESTION: Mara built the square by using 4 of the following 5 shapes. Which shape was not used?
<image1>
<image2>
OPTIONS:
0: A
1: B
2: C
3: D
4: E

Answer with the correct option from 0 to 4. Only provide the numeric and nothing else 

Answer: 
assistant
2",2,3,1
47,77,"user
 QUESTION: Every time the witch has 3 apples she turns them in to 1 banana. Every time she has 3 bananas she turns them in to 1 apple. What will she finish with if she starts with 4 apples and 5 bananas?
<image1>
<image2>
OPTIONS:
0: A
1: B
2: C
3: D
4: E

Answer with the correct option from 0 to 4. Only provide the numeric and nothing else 

Answer: 
assistant
1",1,0,1,"user
 QUESTION: Every time the witch has 3 apples she turns them in to 1 banana. Every time she has 3 bananas she turns them in to 1 apple. What will she finish with if she starts with 4 apples and 5 bananas?
<image1>
<image2>
OPTIONS:
0: A
1: B
2: C
3: D
4: E

Answer with the correct option from 0 to 4. Only provide the numeric and nothing else 

Answer: 
assistant
2",2,0,1
48,78,"user
 QUESTION: The picture beside shows two cogs, each with a black tooth. Where will the black teeth be after the small cog has made one full turn?
<image1>
<image2>
OPTIONS:
0: A
1: B
2: C
3: D
4: E

Answer with the correct option from 0 to 4. Only provide the numeric and nothing else 

Answer: 
assistant
2",2,2,2,"user
 QUESTION: The picture beside shows two cogs, each with a black tooth. Where will the black teeth be after the small cog has made one full turn?
<image1>
<image2>
OPTIONS:
0: A
1: B
2: C
3: D
4: E

Answer with the correct option from 0 to 4. Only provide the numeric and nothing else 

Answer: 
assistant
1",1,2,2
49,79,"user
 QUESTION: In which box are the most triangles?
<image1>
OPTIONS:
0: A
1: B
2: C
3: D
4: E

Answer with the correct option from 0 to 4. Only provide the numeric and nothing else 

Answer: 
assistant
1",1,1,1,"user
 QUESTION: In which box are the most triangles?
<image1>
OPTIONS:
0: A
1: B
2: C
3: D
4: E

Answer with the correct option from 0 to 4. Only provide the numeric and nothing else 

Answer: 
assistant
2",2,1,1
50,80,"user
 QUESTION: Anna cuts the picture of a mushroom in two halves.
<image1>
She then arranges the two pieces together to form a new picture. What could this new picture look like?
<image2>
OPTIONS:
0: A
1: B
2: C
3: D
4: E

Answer with the correct option from 0 to 4. Only provide the numeric and nothing else 

Answer: 
assistant
0",0,4,1,"user
 QUESTION: Anna cuts the picture of a mushroom in two halves.
<image1>
She then arranges the two pieces together to form a new picture. What could this new picture look like?
<image2>
OPTIONS:
0: A
1: B
2: C
3: D
4: E

Answer with the correct option from 0 to 4. Only provide the numeric and nothing else 

Answer: 
assistant
2",2,4,1
51,82,"user
 QUESTION: A monkey has torn off a piece of Captain Jack's map.
<image1>
What does the piece the monkey has torn off look like?
<image2>
OPTIONS:
0: A
1: B
2: C
3: D
4: E

Answer with the correct option from 0 to 4. Only provide the numeric and nothing else 

Answer: 
assistant
4",4,1,1,"user
 QUESTION: A monkey has torn off a piece of Captain Jack's map.
<image1>
What does the piece the monkey has torn off look like?
<image2>
OPTIONS:
0: A
1: B
2: C
3: D
4: E

Answer with the correct option from 0 to 4. Only provide the numeric and nothing else 

Answer: 
assistant
0",0,1,1
52,84,"user
 QUESTION: There is an animal asleep in each of the five baskets. The koala and the fox sleep in baskets with the same pattern and the same shape. The kangaroo and the rabbit sleep in baskets with the same pattern.
<image1>
In which basket does the mouse sleep?
OPTIONS:
0: Basket 1
1: Basket 2
2: Basket 3
3: Basket 4
4: Basket 5

Answer with the correct option from 0 to 4. Only provide the numeric and nothing else 

Answer: 
assistant
1",1,4,3,"user
 QUESTION: There is an animal asleep in each of the five baskets. The koala and the fox sleep in baskets with the same pattern and the same shape. The kangaroo and the rabbit sleep in baskets with the same pattern.
<image1>
In which basket does the mouse sleep?
OPTIONS:
0: Basket 1
1: Basket 2
2: Basket 3
3: Basket 4
4: Basket 5

Answer with the correct option from 0 to 4. Only provide the numeric and nothing else 

Answer: 
assistant
3",3,4,3
53,85,"user
 QUESTION: The kangaroo wants to visit the koala. On its way it is not allowed to jump through a square with water. Each arrow shows one jump on to a neighbouring field.
<image1>
Which path is the kangaroo allowed to take?
<image2>
OPTIONS:
0: A
1: B
2: C
3: D
4: E

Answer with the correct option from 0 to 4. Only provide the numeric and nothing else 

Answer: 
assistant
0",0,2,1,"user
 QUESTION: The kangaroo wants to visit the koala. On its way it is not allowed to jump through a square with water. Each arrow shows one jump on to a neighbouring field.
<image1>
Which path is the kangaroo allowed to take?
<image2>
OPTIONS:
0: A
1: B
2: C
3: D
4: E

Answer with the correct option from 0 to 4. Only provide the numeric and nothing else 

Answer: 
assistant
2",2,2,1
54,86,"user
 QUESTION: Below you see five pieces of lawn. Which one has the smallest area of grass?
<image1>
OPTIONS:
0: A
1: B
2: C
3: D
4: E

Answer with the correct option from 0 to 4. Only provide the numeric and nothing else 

Answer: 
assistant
4",4,0,1,"user
 QUESTION: Below you see five pieces of lawn. Which one has the smallest area of grass?
<image1>
OPTIONS:
0: A
1: B
2: C
3: D
4: E

Answer with the correct option from 0 to 4. Only provide the numeric and nothing else 

Answer: 
assistant
0",0,0,1
55,88,"user
 QUESTION: Each bowl has 4 balls. Add up the numbers on the balls. In which bowl is the result biggest?
<image1>
OPTIONS:
0: A
1: B
2: C
3: D
4: E

Answer with the correct option from 0 to 4. Only provide the numeric and nothing else 

Answer: 
assistant
0",0,0,2,"user
 QUESTION: Each bowl has 4 balls. Add up the numbers on the balls. In which bowl is the result biggest?
<image1>
OPTIONS:
0: A
1: B
2: C
3: D
4: E

Answer with the correct option from 0 to 4. Only provide the numeric and nothing else 

Answer: 
assistant
2",2,0,2
56,89,"user
 QUESTION: Mr Beaver re-arranges the parts to build a kangaroo.
<image1>
Which part is missing?
<image2>
OPTIONS:
0: A
1: B
2: C
3: D
4: E

Answer with the correct option from 0 to 4. Only provide the numeric and nothing else 

Answer: 
assistant
1",1,0,1,"user
 QUESTION: Mr Beaver re-arranges the parts to build a kangaroo.
<image1>
Which part is missing?
<image2>
OPTIONS:
0: A
1: B
2: C
3: D
4: E

Answer with the correct option from 0 to 4. Only provide the numeric and nothing else 

Answer: 
assistant
2",2,0,1
57,90,"user
 QUESTION: Sara says: ""My boat has more than one circle. It also has 2 triangles more than squares."" Which boat belongs to Sara?
<image1>
OPTIONS:
0: A
1: B
2: C
3: D
4: E

Answer with the correct option from 0 to 4. Only provide the numeric and nothing else 

Answer: 
assistant
4",4,4,1,"user
 QUESTION: Sara says: ""My boat has more than one circle. It also has 2 triangles more than squares."" Which boat belongs to Sara?
<image1>
OPTIONS:
0: A
1: B
2: C
3: D
4: E

Answer with the correct option from 0 to 4. Only provide the numeric and nothing else 

Answer: 
assistant
2",2,4,1
58,91,"user
 QUESTION: Susi folds a piece of paper in the middle. She stamps 2 holes.
<image1>
What does the piece of paper look like when she unfolds it again?
<image2>
OPTIONS:
0: A
1: B
2: C
3: D
4: E

Answer with the correct option from 0 to 4. Only provide the numeric and nothing else 

Answer: 
assistant
1",1,1,2,"user
 QUESTION: Susi folds a piece of paper in the middle. She stamps 2 holes.
<image1>
What does the piece of paper look like when she unfolds it again?
<image2>
OPTIONS:
0: A
1: B
2: C
3: D
4: E

Answer with the correct option from 0 to 4. Only provide the numeric and nothing else 

Answer: 
assistant
0",0,1,2
59,92,"user
 QUESTION: Max wants to complete the jigsaw shown. He has different pieces.
<image1>
Which pieces does he have to use?
<image2>
OPTIONS:
0: A
1: B
2: C
3: D
4: E

Answer with the correct option from 0 to 4. Only provide the numeric and nothing else 

Answer: 
assistant
1",1,0,1,"user
 QUESTION: Max wants to complete the jigsaw shown. He has different pieces.
<image1>
Which pieces does he have to use?
<image2>
OPTIONS:
0: A
1: B
2: C
3: D
4: E

Answer with the correct option from 0 to 4. Only provide the numeric and nothing else 

Answer: 
assistant
2",2,0,1
60,93,"user
 QUESTION: Elvis has 6 triangles with this pattern
<image1>
Which picture can he make with them?
<image2>
OPTIONS:
0: A
1: B
2: C
3: D
4: E

Answer with the correct option from 0 to 4. Only provide the numeric and nothing else 

Answer: 
assistant
4",4,0,1,"user
 QUESTION: Elvis has 6 triangles with this pattern
<image1>
Which picture can he make with them?
<image2>
OPTIONS:
0: A
1: B
2: C
3: D
4: E

Answer with the correct option from 0 to 4. Only provide the numeric and nothing else 

Answer: 
assistant
2",2,0,1
61,94,"user
 QUESTION: Each of the children Ali, Lea, Josef, Vittorio and Sophie get a birthday cake. The number on top of the cake shows how old the child is. Lea is two years older than Josef, but one year younger than Ali. Vittorio is the youngest. Which cake belongs to Sophie?
<image1>
OPTIONS:
0: A
1: B
2: C
3: D
4: E

Answer with the correct option from 0 to 4. Only provide the numeric and nothing else 

Answer: 
assistant
4",4,2,3,"user
 QUESTION: Each of the children Ali, Lea, Josef, Vittorio and Sophie get a birthday cake. The number on top of the cake shows how old the child is. Lea is two years older than Josef, but one year younger than Ali. Vittorio is the youngest. Which cake belongs to Sophie?
<image1>
OPTIONS:
0: A
1: B
2: C
3: D
4: E

Answer with the correct option from 0 to 4. Only provide the numeric and nothing else 

Answer: 
assistant
2",2,2,3
62,97,"user
 QUESTION: The set of all pairs $(x, y)$ which satisfy conditions $x y \leqslant 0$ and $x^{2}+y^{2}=4$ is on the graph:
<image1>
OPTIONS:
0: A
1: B
2: C
3: D
4: E

Answer with the correct option from 0 to 4. Only provide the numeric and nothing else 

Answer: 
assistant
1",1,2,4,"user
 QUESTION: The set of all pairs $(x, y)$ which satisfy conditions $x y \leqslant 0$ and $x^{2}+y^{2}=4$ is on the graph:
<image1>
OPTIONS:
0: A
1: B
2: C
3: D
4: E

Answer with the correct option from 0 to 4. Only provide the numeric and nothing else 

Answer: 
assistant
2",2,2,4
63,101,"user
 QUESTION: The figure shows graphs of functions $f$ and $g$ defined on real numbers. Each graph consists of two perpendicular halflines. Which equality is satisfied for every real number $x$?
<image1>
OPTIONS:
0: $f(x)=-g(x)+2$
1: $f(x)=-g(x)-2$
2: $f(x)=-g(x+2)$
3: $f(x+2)=-g(x)$
4: $f(x+1)=-g(x-1)$

Answer with the correct option from 0 to 4. Only provide the numeric and nothing else 

Answer: 
assistant
4",4,2,4,"user
 QUESTION: The figure shows graphs of functions $f$ and $g$ defined on real numbers. Each graph consists of two perpendicular halflines. Which equality is satisfied for every real number $x$?
<image1>
OPTIONS:
0: $f(x)=-g(x)+2$
1: $f(x)=-g(x)-2$
2: $f(x)=-g(x+2)$
3: $f(x+2)=-g(x)$
4: $f(x+1)=-g(x-1)$

Answer with the correct option from 0 to 4. Only provide the numeric and nothing else 

Answer: 
assistant
3",3,2,4
64,103,"user
 QUESTION: A square piece of paper has been cut in three pieces. Two of them are in the picture on the right. What is the third one?
<image1>
<image2>
OPTIONS:
0: A
1: B
2: C
3: D
4: E

Answer with the correct option from 0 to 4. Only provide the numeric and nothing else 

Answer: 
assistant
1",1,0,5,"user
 QUESTION: A square piece of paper has been cut in three pieces. Two of them are in the picture on the right. What is the third one?
<image1>
<image2>
OPTIONS:
0: A
1: B
2: C
3: D
4: E

Answer with the correct option from 0 to 4. Only provide the numeric and nothing else 

Answer: 
assistant
2",2,0,5
65,104,"user
 QUESTION: A $3 \times 3 \times 3$ cube weighs 810 grams. If we drill three holes through it as shown, each of which is a $1 \times 1 \times 3$ rectangular parallelepiped, the weight of the remaining solid is:
<image1>
OPTIONS:
0: $540 \mathrm{~g}$
1: $570 \mathrm{~g}$
2: $600 \mathrm{~g}$
3: $630 \mathrm{~g}$
4: $660 \mathrm{~g}$

Answer with the correct option from 0 to 4. Only provide the numeric and nothing else 

Answer: 
assistant
3",3,2,3,"user
 QUESTION: A $3 \times 3 \times 3$ cube weighs 810 grams. If we drill three holes through it as shown, each of which is a $1 \times 1 \times 3$ rectangular parallelepiped, the weight of the remaining solid is:
<image1>
OPTIONS:
0: $540 \mathrm{~g}$
1: $570 \mathrm{~g}$
2: $600 \mathrm{~g}$
3: $630 \mathrm{~g}$
4: $660 \mathrm{~g}$

Answer with the correct option from 0 to 4. Only provide the numeric and nothing else 

Answer: 
assistant
2",2,2,3
66,107,"user
 QUESTION: Susan has two pendants made of the same material. They are equally thick and weigh the same. One of them has the shape of an annulus created from two concentric circles with the radii $6 \mathrm{~cm}$ and $4 \mathrm{~cm}$ (see the diagram). The second has the shape of a solid circle. What is the radius of the second pendant?
<image1>
OPTIONS:
0: $4 \mathrm{~cm}$
1: $2 \sqrt{6} \mathrm{~cm}$
2: $5 \mathrm{~cm}$
3: $2 \sqrt{5} \mathrm{~cm}$
4: $\sqrt{10} \mathrm{~cm}$

Answer with the correct option from 0 to 4. Only provide the numeric and nothing else 

Answer: 
assistant
3",3,3,5,"user
 QUESTION: Susan has two pendants made of the same material. They are equally thick and weigh the same. One of them has the shape of an annulus created from two concentric circles with the radii $6 \mathrm{~cm}$ and $4 \mathrm{~cm}$ (see the diagram). The second has the shape of a solid circle. What is the radius of the second pendant?
<image1>
OPTIONS:
0: $4 \mathrm{~cm}$
1: $2 \sqrt{6} \mathrm{~cm}$
2: $5 \mathrm{~cm}$
3: $2 \sqrt{5} \mathrm{~cm}$
4: $\sqrt{10} \mathrm{~cm}$

Answer with the correct option from 0 to 4. Only provide the numeric and nothing else 

Answer: 
assistant
2",2,3,5
67,114,"user
 QUESTION: The billiard ball meets the board under $45^{\circ}$ as shown. Which pocket will it fall into?
<image1>
OPTIONS:
0: $A$
1: $B$
2: $C$
3: $D$
4: Neither of the pockets

Answer with the correct option from 0 to 4. Only provide the numeric and nothing else 

Answer: 
assistant
0",0,2,5,"user
 QUESTION: The billiard ball meets the board under $45^{\circ}$ as shown. Which pocket will it fall into?
<image1>
OPTIONS:
0: $A$
1: $B$
2: $C$
3: $D$
4: Neither of the pockets

Answer with the correct option from 0 to 4. Only provide the numeric and nothing else 

Answer: 
assistant
1",1,2,5
68,115,"user
 QUESTION: The segment $A E$ is divided into four equal parts and semicircles are drawn taking $A E, A D$ and $D E$ as diameters, creating two paths from $A$ to $E$ as shown. Determine the ratio of the length of the upper path to the length of the lower path.
<image1>
OPTIONS:
0: $1: 2$
1: $2: 3$
2: $2: 1$
3: $3: 2$
4: $1: 1$

Answer with the correct option from 0 to 4. Only provide the numeric and nothing else 

Answer: 
assistant
2",2,4,5,"user
 QUESTION: The segment $A E$ is divided into four equal parts and semicircles are drawn taking $A E, A D$ and $D E$ as diameters, creating two paths from $A$ to $E$ as shown. Determine the ratio of the length of the upper path to the length of the lower path.
<image1>
OPTIONS:
0: $1: 2$
1: $2: 3$
2: $2: 1$
3: $3: 2$
4: $1: 1$

Answer with the correct option from 0 to 4. Only provide the numeric and nothing else 

Answer: 
assistant
1",1,4,5
69,117,"user
 QUESTION: Which is the graph of the function $y=\sqrt{|(1+x)(1-|x|)|}$?
<image1>
OPTIONS:
0: A
1: B
2: C
3: D
4: E

Answer with the correct option from 0 to 4. Only provide the numeric and nothing else 

Answer: 
assistant
4",4,3,4,"user
 QUESTION: Which is the graph of the function $y=\sqrt{|(1+x)(1-|x|)|}$?
<image1>
OPTIONS:
0: A
1: B
2: C
3: D
4: E

Answer with the correct option from 0 to 4. Only provide the numeric and nothing else 

Answer: 
assistant
2",2,3,4
70,120,"user
 QUESTION: Each of the cubes in the figure has the length of an edge equal to 1. What is the length of the segment $A B$?
<image1>
OPTIONS:
0: $\sqrt{17}$
1: 7
2: $\sqrt{13}$
3: $\sqrt{7}$
4: $\sqrt{14}$

Answer with the correct option from 0 to 4. Only provide the numeric and nothing else 

Answer: 
assistant
4",4,0,3,"user
 QUESTION: Each of the cubes in the figure has the length of an edge equal to 1. What is the length of the segment $A B$?
<image1>
OPTIONS:
0: $\sqrt{17}$
1: 7
2: $\sqrt{13}$
3: $\sqrt{7}$
4: $\sqrt{14}$

Answer with the correct option from 0 to 4. Only provide the numeric and nothing else 

Answer: 
assistant
2",2,0,3
71,123,"user
 QUESTION: In the diagram on the right we want to colour the fields with the colours A, B, C and D so that adjacent fields are always in different colours. (Even fields that share only one corner, count as adjacent.) Some fields have already been coloured in. In which colour can the grey field be coloured in?
<image1>
OPTIONS:
0: either A or B
1: only C
2: only D
3: either C or D
4: A, B, C or D

Answer with the correct option from 0 to 4. Only provide the numeric and nothing else 

Answer: 
assistant
2",2,3,5,"user
 QUESTION: In the diagram on the right we want to colour the fields with the colours A, B, C and D so that adjacent fields are always in different colours. (Even fields that share only one corner, count as adjacent.) Some fields have already been coloured in. In which colour can the grey field be coloured in?
<image1>
OPTIONS:
0: either A or B
1: only C
2: only D
3: either C or D
4: A, B, C or D

Answer with the correct option from 0 to 4. Only provide the numeric and nothing else 

Answer: 
assistant
3",3,3,5
72,124,"user
 QUESTION: A (very small) ball is kicked off from point A on a square billiard table with side length $2 \mathrm{~m}$. After moving along the shown path and touching the sides three times as indicated, the path ends in point $B$. How long is the path that the bal travels from A to B? (As indicated on the right: incident angle = emergent angle.)
<image1>
OPTIONS:
0: 7
1: $2 \sqrt{13}$
2: 8
3: $4 \sqrt{3}$
4: $2 \cdot(\sqrt{2}+\sqrt{3})$

Answer with the correct option from 0 to 4. Only provide the numeric and nothing else 

Answer: 
assistant
1",1,1,5,"user
 QUESTION: A (very small) ball is kicked off from point A on a square billiard table with side length $2 \mathrm{~m}$. After moving along the shown path and touching the sides three times as indicated, the path ends in point $B$. How long is the path that the bal travels from A to B? (As indicated on the right: incident angle = emergent angle.)
<image1>
OPTIONS:
0: 7
1: $2 \sqrt{13}$
2: 8
3: $4 \sqrt{3}$
4: $2 \cdot(\sqrt{2}+\sqrt{3})$

Answer with the correct option from 0 to 4. Only provide the numeric and nothing else 

Answer: 
assistant
2",2,1,5
73,127,"user
 QUESTION: In the diagram on the right we see the birdô-eye view and front elevation of a solid that is defined by flat surfaces (i.e. view from obove and the front respectively). Bird' s-Eye View (view from above): <image1>. Front Elevation (view from the front): <image2>.
Which of the outlines I to IV can be the side elevation (i.e. view from the left) of the same object?
<image3>
OPTIONS:
0: I
1: II
2: III
3: IV
4: none of them

Answer with the correct option from 0 to 4. Only provide the numeric and nothing else 

Answer: 
assistant
1",1,3,1,"user
 QUESTION: In the diagram on the right we see the birdô-eye view and front elevation of a solid that is defined by flat surfaces (i.e. view from obove and the front respectively). Bird' s-Eye View (view from above): <image1>. Front Elevation (view from the front): <image2>.
Which of the outlines I to IV can be the side elevation (i.e. view from the left) of the same object?
<image3>
OPTIONS:
0: I
1: II
2: III
3: IV
4: none of them

Answer with the correct option from 0 to 4. Only provide the numeric and nothing else 

Answer: 
assistant
2",2,3,1
74,128,"user
 QUESTION: The sum of the number in each line, column and diagonal in the Ămagic squareñon the right is always constant. Only two numbers are visible. Which number is missing in field $a$?
<image1>
OPTIONS:
0: 16
1: 51
2: 54
3: 55
4: 110

Answer with the correct option from 0 to 4. Only provide the numeric and nothing else 

Answer: 
assistant
3",3,3,1,"user
 QUESTION: The sum of the number in each line, column and diagonal in the Ămagic squareñon the right is always constant. Only two numbers are visible. Which number is missing in field $a$?
<image1>
OPTIONS:
0: 16
1: 51
2: 54
3: 55
4: 110

Answer with the correct option from 0 to 4. Only provide the numeric and nothing else 

Answer: 
assistant
2",2,3,1
75,129,"user
 QUESTION: In a rectangle JKLM the angle bisector in $\mathrm{J}$ intersects the diagonal KM in $\mathrm{N}$. The distance of $\mathrm{N}$ to $\mathrm{LM}$ is 1 and the distance of $\mathrm{N}$ to $\mathrm{KL}$ is 8. How long is LM?
<image1>
OPTIONS:
0: $8+2 \sqrt{2}$
1: $11-\sqrt{2}$
2: 10
3: $8+3 \sqrt{2}$
4: $11+\frac{\sqrt{2}}{2}$

Answer with the correct option from 0 to 4. Only provide the numeric and nothing else 

Answer: 
assistant
2",2,0,5,"user
 QUESTION: In a rectangle JKLM the angle bisector in $\mathrm{J}$ intersects the diagonal KM in $\mathrm{N}$. The distance of $\mathrm{N}$ to $\mathrm{LM}$ is 1 and the distance of $\mathrm{N}$ to $\mathrm{KL}$ is 8. How long is LM?
<image1>
OPTIONS:
0: $8+2 \sqrt{2}$
1: $11-\sqrt{2}$
2: 10
3: $8+3 \sqrt{2}$
4: $11+\frac{\sqrt{2}}{2}$

Answer with the correct option from 0 to 4. Only provide the numeric and nothing else 

Answer: 
assistant
3",3,0,5
76,132,"user
 QUESTION: The chord $A B$ touches the smaller of the two concentric circles. The length $A B=$ 16. How big is the area of the grey part?
<image1>
OPTIONS:
0: $32 \pi$
1: $63 \pi$
2: $64 \pi$
3: $32 \pi^{2}$
4: It depends on the radius of the circles.

Answer with the correct option from 0 to 4. Only provide the numeric and nothing else 

Answer: 
assistant
2",2,2,5,"user
 QUESTION: The chord $A B$ touches the smaller of the two concentric circles. The length $A B=$ 16. How big is the area of the grey part?
<image1>
OPTIONS:
0: $32 \pi$
1: $63 \pi$
2: $64 \pi$
3: $32 \pi^{2}$
4: It depends on the radius of the circles.

Answer with the correct option from 0 to 4. Only provide the numeric and nothing else 

Answer: 
assistant
1",1,2,5
77,134,"user
 QUESTION: Which of the following graphs represents the solution set of $(x-|x|)^{2}+(y-|y|)^{2}=4$?
<image1>
OPTIONS:
0: A
1: B
2: C
3: D
4: E

Answer with the correct option from 0 to 4. Only provide the numeric and nothing else 

Answer: 
assistant
3",3,0,4,"user
 QUESTION: Which of the following graphs represents the solution set of $(x-|x|)^{2}+(y-|y|)^{2}=4$?
<image1>
OPTIONS:
0: A
1: B
2: C
3: D
4: E

Answer with the correct option from 0 to 4. Only provide the numeric and nothing else 

Answer: 
assistant
2",2,0,4
78,137,"user
 QUESTION: Jan cannot draw very accurately but nevertheless he tried to produce a roadmap of his village. The relative position of the houses and the street crossings are all correct but three of the roads are actually straight and only Qurwik street is not. Who lives in Qurwik street?
<image1>
OPTIONS:
0: Amy
1: Ben
2: Carol
3: David
4: It cannot be determined from the drawing.

Answer with the correct option from 0 to 4. Only provide the numeric and nothing else 

Answer: 
assistant
3",3,2,1,"user
 QUESTION: Jan cannot draw very accurately but nevertheless he tried to produce a roadmap of his village. The relative position of the houses and the street crossings are all correct but three of the roads are actually straight and only Qurwik street is not. Who lives in Qurwik street?
<image1>
OPTIONS:
0: Amy
1: Ben
2: Carol
3: David
4: It cannot be determined from the drawing.

Answer with the correct option from 0 to 4. Only provide the numeric and nothing else 

Answer: 
assistant
4",4,2,1
79,140,"user
 QUESTION: The rear window wiper of a car is made in a way so that the rod $r$ and the wiper blade $\mathrm{w}$ are equally long and are connected at an angle $\alpha$. The wiper rotates around the centre of rotation $\mathrm{O}$ and wipes over the area shown on the right. Calculate the angle $\beta$ between the right edge of the cleaned area and the tangent of the curved upper edge.
<image1>
OPTIONS:
0: $\frac{3 \pi-\alpha}{2}$
1: $\pi-\frac{\alpha}{2}$
2: $\frac{3 \pi}{2}-\alpha$
3: $\frac{\pi}{2}+\alpha$
4: $\pi+\frac{\alpha}{2}$

Answer with the correct option from 0 to 4. Only provide the numeric and nothing else 

Answer: 
assistant
1",1,1,4,"user
 QUESTION: The rear window wiper of a car is made in a way so that the rod $r$ and the wiper blade $\mathrm{w}$ are equally long and are connected at an angle $\alpha$. The wiper rotates around the centre of rotation $\mathrm{O}$ and wipes over the area shown on the right. Calculate the angle $\beta$ between the right edge of the cleaned area and the tangent of the curved upper edge.
<image1>
OPTIONS:
0: $\frac{3 \pi-\alpha}{2}$
1: $\pi-\frac{\alpha}{2}$
2: $\frac{3 \pi}{2}-\alpha$
3: $\frac{\pi}{2}+\alpha$
4: $\pi+\frac{\alpha}{2}$

Answer with the correct option from 0 to 4. Only provide the numeric and nothing else 

Answer: 
assistant
0",0,1,4
80,141,"user
 QUESTION: In the (x,y)-plane the co-ordinate axes are positioned as usual. Point $A(1,-10)$ which is on the parabola $y=a x^{2}+b x+c$ was marked. Afterwards the co-ordinate axis and the majority of the parabola were deleted. Which of the following statements could be false?
<image1>
OPTIONS:
0: $a>0$
1: $b<0$
2: $a+b+c<0$
3: $b^{2}>4 a c$
4: $c<0$

Answer with the correct option from 0 to 4. Only provide the numeric and nothing else 

Answer: 
assistant
4",4,4,4,"user
 QUESTION: In the (x,y)-plane the co-ordinate axes are positioned as usual. Point $A(1,-10)$ which is on the parabola $y=a x^{2}+b x+c$ was marked. Afterwards the co-ordinate axis and the majority of the parabola were deleted. Which of the following statements could be false?
<image1>
OPTIONS:
0: $a>0$
1: $b<0$
2: $a+b+c<0$
3: $b^{2}>4 a c$
4: $c<0$

Answer with the correct option from 0 to 4. Only provide the numeric and nothing else 

Answer: 
assistant
0",0,4,4
81,147,"user
 QUESTION: Renate wants to glue together a number of ordinary dice (whose number of points on opposite sides always adds up to 7) to form a ""dicebar"" as shown. Doing this she only wants to glue sides together with an equal number of points. She wants to make sure that the sum of all points on the non-glued sides equals 2012. How many dice does she have to glue together?
<image1>
OPTIONS:
0: 70
1: 71
2: 142
3: 143
4: It is impossible to obtain exactly 2012 points on the non-glued together sides.

Answer with the correct option from 0 to 4. Only provide the numeric and nothing else 

Answer: 
assistant
3",3,4,1,"user
 QUESTION: Renate wants to glue together a number of ordinary dice (whose number of points on opposite sides always adds up to 7) to form a ""dicebar"" as shown. Doing this she only wants to glue sides together with an equal number of points. She wants to make sure that the sum of all points on the non-glued sides equals 2012. How many dice does she have to glue together?
<image1>
OPTIONS:
0: 70
1: 71
2: 142
3: 143
4: It is impossible to obtain exactly 2012 points on the non-glued together sides.

Answer with the correct option from 0 to 4. Only provide the numeric and nothing else 

Answer: 
assistant
1",1,4,1
82,148,"user
 QUESTION: Let $a>b$. If the ellipse shown rotates about the $x$-axis an ellipsoid $E_{x}$ with volume $\operatorname{Vol}\left(E_{x}\right)$ is obtained. If it rotates about the $y$-axis an ellipsoid $E_{y}$ with volume $\operatorname{Vol}\left(E_{y}\right)$ is obtained. Which of the following statements is true?
<image1>
OPTIONS:
0: $\mathrm{E}_{\mathrm{x}}=\mathrm{E}_{\mathrm{y}}$ and $\operatorname{Vol}\left(\mathrm{E}_{\mathrm{x}}\right)=\operatorname{Vol}\left(\mathrm{E}_{\mathrm{y}}\right)$
1: $\mathrm{E}_{\mathrm{x}}=\mathrm{E}_{\mathrm{y}}$ but $\operatorname{Vol}\left(\mathrm{E}_{\mathrm{x}}\right) \neq \operatorname{Vol}\left(\mathrm{E}_{\mathrm{y}}\right)$
2: $\mathrm{E}_{\mathrm{x}} \neq \mathrm{E}_{\mathrm{y}}$ and $\operatorname{Vol}\left(\mathrm{E}_{\mathrm{x}}\right)>\operatorname{Vol}\left(\mathrm{E}_{\mathrm{y}}\right)$
3: $\mathrm{E}_{\mathrm{x}} \neq \mathrm{E}_{\mathrm{y}}$ and $\operatorname{Vol}\left(\mathrm{E}_{\mathrm{x}}\right)<\operatorname{Vol}\left(\mathrm{E}_{\mathrm{y}}\right)$
4: $\mathrm{E}_{\mathrm{x}} \neq \mathrm{E}_{\mathrm{y}}$ but $\operatorname{Vol}\left(\mathrm{E}_{\mathrm{x}}\right)=\operatorname{Vol}\left(\mathrm{E}_{\mathrm{y}}\right)$

Answer with the correct option from 0 to 4. Only provide the numeric and nothing else 

Answer: 
assistant
4",4,2,3,"user
 QUESTION: Let $a>b$. If the ellipse shown rotates about the $x$-axis an ellipsoid $E_{x}$ with volume $\operatorname{Vol}\left(E_{x}\right)$ is obtained. If it rotates about the $y$-axis an ellipsoid $E_{y}$ with volume $\operatorname{Vol}\left(E_{y}\right)$ is obtained. Which of the following statements is true?
<image1>
OPTIONS:
0: $\mathrm{E}_{\mathrm{x}}=\mathrm{E}_{\mathrm{y}}$ and $\operatorname{Vol}\left(\mathrm{E}_{\mathrm{x}}\right)=\operatorname{Vol}\left(\mathrm{E}_{\mathrm{y}}\right)$
1: $\mathrm{E}_{\mathrm{x}}=\mathrm{E}_{\mathrm{y}}$ but $\operatorname{Vol}\left(\mathrm{E}_{\mathrm{x}}\right) \neq \operatorname{Vol}\left(\mathrm{E}_{\mathrm{y}}\right)$
2: $\mathrm{E}_{\mathrm{x}} \neq \mathrm{E}_{\mathrm{y}}$ and $\operatorname{Vol}\left(\mathrm{E}_{\mathrm{x}}\right)>\operatorname{Vol}\left(\mathrm{E}_{\mathrm{y}}\right)$
3: $\mathrm{E}_{\mathrm{x}} \neq \mathrm{E}_{\mathrm{y}}$ and $\operatorname{Vol}\left(\mathrm{E}_{\mathrm{x}}\right)<\operatorname{Vol}\left(\mathrm{E}_{\mathrm{y}}\right)$
4: $\mathrm{E}_{\mathrm{x}} \neq \mathrm{E}_{\mathrm{y}}$ but $\operatorname{Vol}\left(\mathrm{E}_{\mathrm{x}}\right)=\operatorname{Vol}\left(\mathrm{E}_{\mathrm{y}}\right)$

Answer with the correct option from 0 to 4. Only provide the numeric and nothing else 

Answer: 
assistant
3",3,2,3
83,150,"user
 QUESTION: Inside the cube lattice pictured on the side one can see a solid, non-seethrough pyramid $A B C D S$ with square base $A B C D$, whose top $S$ is exactly in the middle of one edge of the cube. If you look at the pyramid from above, from below, from the front, from the back, from the right and from the left - which of the following views cannot be possible?
<image1>
<image2>
OPTIONS:
0: A
1: B
2: C
3: D
4: E

Answer with the correct option from 0 to 4. Only provide the numeric and nothing else 

Answer: 
assistant
0",0,4,1,"user
 QUESTION: Inside the cube lattice pictured on the side one can see a solid, non-seethrough pyramid $A B C D S$ with square base $A B C D$, whose top $S$ is exactly in the middle of one edge of the cube. If you look at the pyramid from above, from below, from the front, from the back, from the right and from the left - which of the following views cannot be possible?
<image1>
<image2>
OPTIONS:
0: A
1: B
2: C
3: D
4: E

Answer with the correct option from 0 to 4. Only provide the numeric and nothing else 

Answer: 
assistant
2",2,4,1
84,152,"user
 QUESTION: Amongst the graphs shown below there is the graph of the function $f(x)=(a-x)(b-x)^{2}$ with $a<b$. Which is it?
<image1>
OPTIONS:
0: A
1: B
2: C
3: D
4: E

Answer with the correct option from 0 to 4. Only provide the numeric and nothing else 

Answer: 
assistant
4",4,0,4,"user
 QUESTION: Amongst the graphs shown below there is the graph of the function $f(x)=(a-x)(b-x)^{2}$ with $a<b$. Which is it?
<image1>
OPTIONS:
0: A
1: B
2: C
3: D
4: E

Answer with the correct option from 0 to 4. Only provide the numeric and nothing else 

Answer: 
assistant
2",2,0,4
85,154,"user
 QUESTION: The cube pictured on the side is intersected by a plane that passes through the three points adjacent to $A$, that is $D, E$ and $B$. In a similar way the cube is also intersected by those planes that go through the three points adjacent to each of the other seven vertices. These planes dissect the cube into several pieces. What does the piece that contains the centre of the cube look like?
<image1>
<image2>
OPTIONS:
0: A
1: B
2: C
3: D
4: E

Answer with the correct option from 0 to 4. Only provide the numeric and nothing else 

Answer: 
assistant
4",4,0,3,"user
 QUESTION: The cube pictured on the side is intersected by a plane that passes through the three points adjacent to $A$, that is $D, E$ and $B$. In a similar way the cube is also intersected by those planes that go through the three points adjacent to each of the other seven vertices. These planes dissect the cube into several pieces. What does the piece that contains the centre of the cube look like?
<image1>
<image2>
OPTIONS:
0: A
1: B
2: C
3: D
4: E

Answer with the correct option from 0 to 4. Only provide the numeric and nothing else 

Answer: 
assistant
0",0,0,3
86,158,"user
 QUESTION: In the diagram a closed polygon can be seen whose vertices are the midpoints of the edges of the die. The interior angles are as usual defined as the angle that two sides of the polygon describe in a common vertex. How big is the sum of all interior angles of the polygon?
<image1>
OPTIONS:
0: $720^{\circ}$
1: $1080^{\circ}$
2: $1200^{\circ}$
3: $1440^{\circ}$
4: $1800^{\circ}$

Answer with the correct option from 0 to 4. Only provide the numeric and nothing else 

Answer: 
assistant
2",2,1,3,"user
 QUESTION: In the diagram a closed polygon can be seen whose vertices are the midpoints of the edges of the die. The interior angles are as usual defined as the angle that two sides of the polygon describe in a common vertex. How big is the sum of all interior angles of the polygon?
<image1>
OPTIONS:
0: $720^{\circ}$
1: $1080^{\circ}$
2: $1200^{\circ}$
3: $1440^{\circ}$
4: $1800^{\circ}$

Answer with the correct option from 0 to 4. Only provide the numeric and nothing else 

Answer: 
assistant
1",1,1,3
87,159,"user
 QUESTION: Diana produces a bar chart which shows the number of four different types of trees which she has counted on a biology trip. Heinz believes that a pie chart would represent the ratio of the different types of trees in a better way. What would the pie chart look like?
<image1>
<image2>
OPTIONS:
0: A
1: B
2: C
3: D
4: E

Answer with the correct option from 0 to 4. Only provide the numeric and nothing else 

Answer: 
assistant
2",2,0,3,"user
 QUESTION: Diana produces a bar chart which shows the number of four different types of trees which she has counted on a biology trip. Heinz believes that a pie chart would represent the ratio of the different types of trees in a better way. What would the pie chart look like?
<image1>
<image2>
OPTIONS:
0: A
1: B
2: C
3: D
4: E

Answer with the correct option from 0 to 4. Only provide the numeric and nothing else 

Answer: 
assistant
0",0,0,3
88,165,"user
 QUESTION: The curve in the diagram is defined by the equation
$$
\left(x^{2}+y^{2}-2 x\right)^{2}=2\left(x^{2}+y^{2}\right)
$$
Which of the lines $a, b, c, d$ is the $y$-axis?
<image1>
OPTIONS:
0: $a$
1: $b$
2: $c$
3: $d$
4: none of them

Answer with the correct option from 0 to 4. Only provide the numeric and nothing else 

Answer: 
assistant
1",1,0,4,"user
 QUESTION: The curve in the diagram is defined by the equation
$$
\left(x^{2}+y^{2}-2 x\right)^{2}=2\left(x^{2}+y^{2}\right)
$$
Which of the lines $a, b, c, d$ is the $y$-axis?
<image1>
OPTIONS:
0: $a$
1: $b$
2: $c$
3: $d$
4: none of them

Answer with the correct option from 0 to 4. Only provide the numeric and nothing else 

Answer: 
assistant
2",2,0,4
89,172,"user
 QUESTION: The square shown in the diagram has a perimeter of 4. The perimeter of the equilateral triangle is
<image1>
OPTIONS:
0: 4
1: $3+\sqrt{3}$
2: 3
3: $3+\sqrt{2}$
4: $4+\sqrt{3}$

Answer with the correct option from 0 to 4. Only provide the numeric and nothing else 

Answer: 
assistant
1",1,1,5,"user
 QUESTION: The square shown in the diagram has a perimeter of 4. The perimeter of the equilateral triangle is
<image1>
OPTIONS:
0: 4
1: $3+\sqrt{3}$
2: 3
3: $3+\sqrt{2}$
4: $4+\sqrt{3}$

Answer with the correct option from 0 to 4. Only provide the numeric and nothing else 

Answer: 
assistant
2",2,1,5
90,173,"user
 QUESTION: Each of the ten points in the diagram is labelled with one of the numbers 0,1 or 2. It is known that the sum of the numbers in the corner points of each white triangle is divisible by 3, while the sum of the numbers in the corner points of each black triangle is not divisible by 3. Three of the points are already labeled as shown in the diagram. With which numbers can the inner point be labeled?
<image1>
OPTIONS:
0: only 0
1: only 1
2: only 2
3: only 0 and 1
4: either 0 or 1 or 2

Answer with the correct option from 0 to 4. Only provide the numeric and nothing else 

Answer: 
assistant
1",1,0,5,"user
 QUESTION: Each of the ten points in the diagram is labelled with one of the numbers 0,1 or 2. It is known that the sum of the numbers in the corner points of each white triangle is divisible by 3, while the sum of the numbers in the corner points of each black triangle is not divisible by 3. Three of the points are already labeled as shown in the diagram. With which numbers can the inner point be labeled?
<image1>
OPTIONS:
0: only 0
1: only 1
2: only 2
3: only 0 and 1
4: either 0 or 1 or 2

Answer with the correct option from 0 to 4. Only provide the numeric and nothing else 

Answer: 
assistant
3",3,0,5
91,177,"user
 QUESTION: Four of the following five pictures show pieces of the graph of the same quadratic function. Which piece does not belong?
<image1>
OPTIONS:
0: A
1: B
2: C
3: D
4: E

Answer with the correct option from 0 to 4. Only provide the numeric and nothing else 

Answer: 
assistant
3",3,2,4,"user
 QUESTION: Four of the following five pictures show pieces of the graph of the same quadratic function. Which piece does not belong?
<image1>
OPTIONS:
0: A
1: B
2: C
3: D
4: E

Answer with the correct option from 0 to 4. Only provide the numeric and nothing else 

Answer: 
assistant
2",2,2,4
92,178,"user
 QUESTION: The diagram shows a circle with centre $O$ and the diameters $A B$ and $C X$. Let $O B=$ $B C$. Which fraction of the circle area is shaded?
<image1>
OPTIONS:
0: $\frac{2}{5}$
1: $\frac{1}{3}$
2: $\frac{2}{7}$
3: $\frac{3}{8}$
4: $\frac{4}{11}$

Answer with the correct option from 0 to 4. Only provide the numeric and nothing else 

Answer: 
assistant
1",1,1,5,"user
 QUESTION: The diagram shows a circle with centre $O$ and the diameters $A B$ and $C X$. Let $O B=$ $B C$. Which fraction of the circle area is shaded?
<image1>
OPTIONS:
0: $\frac{2}{5}$
1: $\frac{1}{3}$
2: $\frac{2}{7}$
3: $\frac{3}{8}$
4: $\frac{4}{11}$

Answer with the correct option from 0 to 4. Only provide the numeric and nothing else 

Answer: 
assistant
2",2,1,5
93,181,"user
 QUESTION: Julia has 2017 round discs available: 1009 black ones and 1008 white ones. Using them, she wants to lay the biggest square pattern (as shown) possible and starts by using a black disc in the left upper corner. Subsequently she lays the discs in such a way that the colours alternate in each row and column. How many discs are left over
when she has laid the biggest square possible?
<image1>
OPTIONS:
0: none
1: 40 of each colour
2: 40 black and 41 white ones
3: 41 of each colour
4: 40 white and 41 black ones

Answer with the correct option from 0 to 4. Only provide the numeric and nothing else 

Answer: 
assistant
4",4,4,5,"user
 QUESTION: Julia has 2017 round discs available: 1009 black ones and 1008 white ones. Using them, she wants to lay the biggest square pattern (as shown) possible and starts by using a black disc in the left upper corner. Subsequently she lays the discs in such a way that the colours alternate in each row and column. How many discs are left over
when she has laid the biggest square possible?
<image1>
OPTIONS:
0: none
1: 40 of each colour
2: 40 black and 41 white ones
3: 41 of each colour
4: 40 white and 41 black ones

Answer with the correct option from 0 to 4. Only provide the numeric and nothing else 

Answer: 
assistant
3",3,4,5
94,182,"user
 QUESTION: The diagram shows a regular hexagon with side length 1. The grey flower is outlined by circular arcs with radius 1 whose centre's lie in the vertices of the hexagon. How big is the area of the grey flower?
<image1>
OPTIONS:
0: $\frac{\pi}{2}$
1: $\frac{2 \pi}{3}$
2: $2 \sqrt{3}-\pi$
3: $\frac{\pi}{2}+\sqrt{3}$
4: $2 \pi-3 \sqrt{3}$

Answer with the correct option from 0 to 4. Only provide the numeric and nothing else 

Answer: 
assistant
4",4,4,5,"user
 QUESTION: The diagram shows a regular hexagon with side length 1. The grey flower is outlined by circular arcs with radius 1 whose centre's lie in the vertices of the hexagon. How big is the area of the grey flower?
<image1>
OPTIONS:
0: $\frac{\pi}{2}$
1: $\frac{2 \pi}{3}$
2: $2 \sqrt{3}-\pi$
3: $\frac{\pi}{2}+\sqrt{3}$
4: $2 \pi-3 \sqrt{3}$

Answer with the correct option from 0 to 4. Only provide the numeric and nothing else 

Answer: 
assistant
2",2,4,5
95,188,"user
 QUESTION: The five vases shown are filled with water. The filling rate is constant. For which of the five vases does the graph shown describe the height of the water $h$ as a function of the time t?
<image1>
<image2>
OPTIONS:
0: A
1: B
2: C
3: D
4: E

Answer with the correct option from 0 to 4. Only provide the numeric and nothing else 

Answer: 
assistant
4",4,3,3,"user
 QUESTION: The five vases shown are filled with water. The filling rate is constant. For which of the five vases does the graph shown describe the height of the water $h$ as a function of the time t?
<image1>
<image2>
OPTIONS:
0: A
1: B
2: C
3: D
4: E

Answer with the correct option from 0 to 4. Only provide the numeric and nothing else 

Answer: 
assistant
2",2,3,3
96,190,"user
 QUESTION: A regular pentagon is cut out of a page of lined paper. Step by step this pentagon is then rotated $21^{\circ}$ counter clockwise about its midpoint. The result after step one is shown in the diagram. Which of the diagrams shows the situation when the pentagon fills the hole entirely again for the first time?
<image1>
<image2>
OPTIONS:
0: A
1: B
2: C
3: D
4: E

Answer with the correct option from 0 to 4. Only provide the numeric and nothing else 

Answer: 
assistant
3",3,1,5,"user
 QUESTION: A regular pentagon is cut out of a page of lined paper. Step by step this pentagon is then rotated $21^{\circ}$ counter clockwise about its midpoint. The result after step one is shown in the diagram. Which of the diagrams shows the situation when the pentagon fills the hole entirely again for the first time?
<image1>
<image2>
OPTIONS:
0: A
1: B
2: C
3: D
4: E

Answer with the correct option from 0 to 4. Only provide the numeric and nothing else 

Answer: 
assistant
1",1,1,5
97,192,"user
 QUESTION: On an idealised rectangular billiard table with side lengths $3 \mathrm{~m}$ and $2 \mathrm{m}$ a ball (point-shaped) is pushed away from point $M$ on the long side $A B$. It is reflected exactly once on each of the other sides as shown. at which distance from the vertex $A$ will the ball hit this side again if $B M=1.2 \mathrm{~m}$ and $B N=$ $0.8 m$?
<image1>
OPTIONS:
0: $2 \mathrm{~m}$
1: $1.5 \mathrm{~m}$
2: $1.2 \mathrm{~m}$
3: $2.8 \mathrm{~m}$
4: $1.8 \mathrm{~m}$

Answer with the correct option from 0 to 4. Only provide the numeric and nothing else 

Answer: 
assistant
4",4,4,5,"user
 QUESTION: On an idealised rectangular billiard table with side lengths $3 \mathrm{~m}$ and $2 \mathrm{m}$ a ball (point-shaped) is pushed away from point $M$ on the long side $A B$. It is reflected exactly once on each of the other sides as shown. at which distance from the vertex $A$ will the ball hit this side again if $B M=1.2 \mathrm{~m}$ and $B N=$ $0.8 m$?
<image1>
OPTIONS:
0: $2 \mathrm{~m}$
1: $1.5 \mathrm{~m}$
2: $1.2 \mathrm{~m}$
3: $2.8 \mathrm{~m}$
4: $1.8 \mathrm{~m}$

Answer with the correct option from 0 to 4. Only provide the numeric and nothing else 

Answer: 
assistant
2",2,4,5
98,193,"user
 QUESTION: $A B C D E F$ is a regular hexagon, as shown in the diagram. $G$ is the midpoint of $A B. H$ and I are the intercepts of the line segments GD and GE respectively, with the line segment FC. How big is the ratio of the areas of the triangle GIF and the trapezium IHDE?
<image1>
OPTIONS:
0: $\frac{1}{2}$
1: $\frac{1}{3}$
2: $\frac{1}{4}$
3: $\frac{\sqrt{3}}{3}$
4: $\frac{\sqrt{3}}{4}$

Answer with the correct option from 0 to 4. Only provide the numeric and nothing else 

Answer: 
assistant
2",2,0,5,"user
 QUESTION: $A B C D E F$ is a regular hexagon, as shown in the diagram. $G$ is the midpoint of $A B. H$ and I are the intercepts of the line segments GD and GE respectively, with the line segment FC. How big is the ratio of the areas of the triangle GIF and the trapezium IHDE?
<image1>
OPTIONS:
0: $\frac{1}{2}$
1: $\frac{1}{3}$
2: $\frac{1}{4}$
3: $\frac{\sqrt{3}}{3}$
4: $\frac{\sqrt{3}}{4}$

Answer with the correct option from 0 to 4. Only provide the numeric and nothing else 

Answer: 
assistant
1",1,0,5
99,194,"user
 QUESTION: Archimedes has calculated 15!. The result is on the board. Unfortunately two of the digits, the second and the tenth, cannot be read. What are the two missing digits? (Remark: $15 !=15 \cdot 14 \cdot 13 \cdot \ldots \cdot 2 \cdot 1$ )
<image1>
OPTIONS:
0: 2 and 0
1: 4 and 8
2: 7 and 4
3: 9 and 2
4: 3 and 8

Answer with the correct option from 0 to 4. Only provide the numeric and nothing else 

Answer: 
assistant
1",1,4,1,"user
 QUESTION: Archimedes has calculated 15!. The result is on the board. Unfortunately two of the digits, the second and the tenth, cannot be read. What are the two missing digits? (Remark: $15 !=15 \cdot 14 \cdot 13 \cdot \ldots \cdot 2 \cdot 1$ )
<image1>
OPTIONS:
0: 2 and 0
1: 4 and 8
2: 7 and 4
3: 9 and 2
4: 3 and 8

Answer with the correct option from 0 to 4. Only provide the numeric and nothing else 

Answer: 
assistant
2",2,4,1
100,196,"user
 QUESTION: The numbers $1,2,3$ and 4 are inserted into different cells of the $2 \times 2$ table shown. Then the sums of the numbers in each row and column are determined. Two of these sums are 4 and 5. How big are the two remaining sums?
<image1>
OPTIONS:
0: 6 and 6
1: 3 and 5
2: 4 and 5
3: 4 and 6
4: 5 and 6

Answer with the correct option from 0 to 4. Only provide the numeric and nothing else 

Answer: 
assistant
4",4,4,5,"user
 QUESTION: The numbers $1,2,3$ and 4 are inserted into different cells of the $2 \times 2$ table shown. Then the sums of the numbers in each row and column are determined. Two of these sums are 4 and 5. How big are the two remaining sums?
<image1>
OPTIONS:
0: 6 and 6
1: 3 and 5
2: 4 and 5
3: 4 and 6
4: 5 and 6

Answer with the correct option from 0 to 4. Only provide the numeric and nothing else 

Answer: 
assistant
3",3,4,5
101,198,"user
 QUESTION: Three triangles are connected to each other as shown. In which of the following pictures are the three triangles connected in the same way?
<image1>
<image2>
OPTIONS:
0: A
1: B
2: C
3: D
4: E

Answer with the correct option from 0 to 4. Only provide the numeric and nothing else 

Answer: 
assistant
4",4,3,1,"user
 QUESTION: Three triangles are connected to each other as shown. In which of the following pictures are the three triangles connected in the same way?
<image1>
<image2>
OPTIONS:
0: A
1: B
2: C
3: D
4: E

Answer with the correct option from 0 to 4. Only provide the numeric and nothing else 

Answer: 
assistant
1",1,3,1
102,200,"user
 QUESTION: Each side of a die is marked with either 1,2 or 3 dots so that the probability of rolling a 1 is equal to $\frac{1}{2}$, the probability of rolling a 2 is equal to $\frac{1}{3}$ and the probability of rolling a 3 is equal to $\frac{1}{6}$. Which of these pictures cannot be a picture of this particular die?
<image1>
OPTIONS:
0: A
1: B
2: C
3: D
4: E

Answer with the correct option from 0 to 4. Only provide the numeric and nothing else 

Answer: 
assistant
1",1,2,3,"user
 QUESTION: Each side of a die is marked with either 1,2 or 3 dots so that the probability of rolling a 1 is equal to $\frac{1}{2}$, the probability of rolling a 2 is equal to $\frac{1}{3}$ and the probability of rolling a 3 is equal to $\frac{1}{6}$. Which of these pictures cannot be a picture of this particular die?
<image1>
OPTIONS:
0: A
1: B
2: C
3: D
4: E

Answer with the correct option from 0 to 4. Only provide the numeric and nothing else 

Answer: 
assistant
4",4,2,3
103,204,"user
 QUESTION: Three circles with radius 2 are drawn in such a way that each time one of the points of intersection of two circles is identical with the centre of the third circle. How big is the area of the grey zone?
<image1>
OPTIONS:
0: $\pi$
1: $3 \pi$
2: $\frac{\pi}{2}$
3: $2 \pi$
4: $4 \pi$

Answer with the correct option from 0 to 4. Only provide the numeric and nothing else 

Answer: 
assistant
1",1,3,5,"user
 QUESTION: Three circles with radius 2 are drawn in such a way that each time one of the points of intersection of two circles is identical with the centre of the third circle. How big is the area of the grey zone?
<image1>
OPTIONS:
0: $\pi$
1: $3 \pi$
2: $\frac{\pi}{2}$
3: $2 \pi$
4: $4 \pi$

Answer with the correct option from 0 to 4. Only provide the numeric and nothing else 

Answer: 
assistant
3",3,3,5
104,205,"user
 QUESTION: An ant walked $6 \mathrm{~m}$ every day to go from point $A$ to point $B$ in a straight line. One day Johnny put a straight cylinder of one meter high in that way. Now the ant walks on the same straight line or above it, having to go up and down the cylinder, as shown in the picture. How much does she have to walk now to go from $A$ to $B$?
<image1>
OPTIONS:
0: $8 \mathrm{~m}$
1: $9 \mathrm{~m}$
2: $6+\pi \mathrm{~m}$
3: $12-\pi \mathrm{~m}$
4: $10 \mathrm{~m}$

Answer with the correct option from 0 to 4. Only provide the numeric and nothing else 

Answer: 
assistant
1",1,0,3,"user
 QUESTION: An ant walked $6 \mathrm{~m}$ every day to go from point $A$ to point $B$ in a straight line. One day Johnny put a straight cylinder of one meter high in that way. Now the ant walks on the same straight line or above it, having to go up and down the cylinder, as shown in the picture. How much does she have to walk now to go from $A$ to $B$?
<image1>
OPTIONS:
0: $8 \mathrm{~m}$
1: $9 \mathrm{~m}$
2: $6+\pi \mathrm{~m}$
3: $12-\pi \mathrm{~m}$
4: $10 \mathrm{~m}$

Answer with the correct option from 0 to 4. Only provide the numeric and nothing else 

Answer: 
assistant
2",2,0,3
105,206,"user
 QUESTION: The pie chart beside refers to the number of inhabitants of the five zones of a city. The central zone has the same population as the north, west and east zones together and the south zone has half of the inhabitants of the west zone. What is the percentage difference between the inhabitants of the north and east zones?
<image1>
OPTIONS:
0: $6 \%$
1: $11 \%$
2: $12 \%$
3: $13 \%$
4: $18 \%$

Answer with the correct option from 0 to 4. Only provide the numeric and nothing else 

Answer: 
assistant
1",1,3,3,"user
 QUESTION: The pie chart beside refers to the number of inhabitants of the five zones of a city. The central zone has the same population as the north, west and east zones together and the south zone has half of the inhabitants of the west zone. What is the percentage difference between the inhabitants of the north and east zones?
<image1>
OPTIONS:
0: $6 \%$
1: $11 \%$
2: $12 \%$
3: $13 \%$
4: $18 \%$

Answer with the correct option from 0 to 4. Only provide the numeric and nothing else 

Answer: 
assistant
2",2,3,3
106,207,"user
 QUESTION: A gray square with an area of $36 \mathrm{~cm}^{2}$ and a black square with an area of $25 \mathrm{~cm}^{2}$ are superimposed, as shown beside. What is the perimeter of the overlapping region, represented by the white quadrilateral, which has a vertex on the side of the gray square?
<image1>
OPTIONS:
0: It is not determined.
1: $11 \mathrm{~cm}$
2: $16 \mathrm{~cm}$
3: $18 \mathrm{~cm}$
4: $20 \mathrm{~cm}$

Answer with the correct option from 0 to 4. Only provide the numeric and nothing else 

Answer: 
assistant
2",2,3,5,"user
 QUESTION: A gray square with an area of $36 \mathrm{~cm}^{2}$ and a black square with an area of $25 \mathrm{~cm}^{2}$ are superimposed, as shown beside. What is the perimeter of the overlapping region, represented by the white quadrilateral, which has a vertex on the side of the gray square?
<image1>
OPTIONS:
0: It is not determined.
1: $11 \mathrm{~cm}$
2: $16 \mathrm{~cm}$
3: $18 \mathrm{~cm}$
4: $20 \mathrm{~cm}$

Answer with the correct option from 0 to 4. Only provide the numeric and nothing else 

Answer: 
assistant
3",3,3,5
107,215,"user
 QUESTION: Adam and Bruna try to find out which is Carla's favorite figure, amongst the figures beside. Adam knows that Carla told Bruna what the shape of the figure was. Bruna knows that Carla told Adam what color the figure was. The following conversation takes place. Adam: ""I don't know what Carla's favorite figure is and I know that Bruna doesn't know either"". Bruna: ""At first I didn't know what Carla's favorite figure was, but now I know"". Adam: ""Now I know too"". What is Carla's favorite figure?
<image1>
<image2>
OPTIONS:
0: A
1: B
2: C
3: D
4: E

Answer with the correct option from 0 to 4. Only provide the numeric and nothing else 

Answer: 
assistant
1",1,4,1,"user
 QUESTION: Adam and Bruna try to find out which is Carla's favorite figure, amongst the figures beside. Adam knows that Carla told Bruna what the shape of the figure was. Bruna knows that Carla told Adam what color the figure was. The following conversation takes place. Adam: ""I don't know what Carla's favorite figure is and I know that Bruna doesn't know either"". Bruna: ""At first I didn't know what Carla's favorite figure was, but now I know"". Adam: ""Now I know too"". What is Carla's favorite figure?
<image1>
<image2>
OPTIONS:
0: A
1: B
2: C
3: D
4: E

Answer with the correct option from 0 to 4. Only provide the numeric and nothing else 

Answer: 
assistant
2",2,4,1
108,217,"user
 QUESTION: A large square is divided into smaller squares, as shown. A shaded circle is inscribed inside each of the smaller squares. What proportion of the area of the large square is shaded?
<image1>
OPTIONS:
0: $\frac{8 \pi}{9}$
1: $\frac{13 \pi}{16}$
2: $\frac{3}{\pi}$
3: $\frac{3}{4}$
4: $\frac{\pi}{4}$

Answer with the correct option from 0 to 4. Only provide the numeric and nothing else 

Answer: 
assistant
0",0,4,5,"user
 QUESTION: A large square is divided into smaller squares, as shown. A shaded circle is inscribed inside each of the smaller squares. What proportion of the area of the large square is shaded?
<image1>
OPTIONS:
0: $\frac{8 \pi}{9}$
1: $\frac{13 \pi}{16}$
2: $\frac{3}{\pi}$
3: $\frac{3}{4}$
4: $\frac{\pi}{4}$

Answer with the correct option from 0 to 4. Only provide the numeric and nothing else 

Answer: 
assistant
4",4,4,5
109,219,"user
 QUESTION: The parabola in the figure has an equation of the form $y=a x^{2}+b x+c$ for some distinct real numbers $a, b$ and $c$. Which of the following equations could be an equation of the line in the figure?
<image1>
OPTIONS:
0: $y=b x+c$
1: $y=c x+b$
2: $y=a x+b$
3: $y=a x+c$
4: $y=c x+a$

Answer with the correct option from 0 to 4. Only provide the numeric and nothing else 

Answer: 
assistant
4",4,3,4,"user
 QUESTION: The parabola in the figure has an equation of the form $y=a x^{2}+b x+c$ for some distinct real numbers $a, b$ and $c$. Which of the following equations could be an equation of the line in the figure?
<image1>
OPTIONS:
0: $y=b x+c$
1: $y=c x+b$
2: $y=a x+b$
3: $y=a x+c$
4: $y=c x+a$

Answer with the correct option from 0 to 4. Only provide the numeric and nothing else 

Answer: 
assistant
3",3,3,4
110,221,"user
 QUESTION: A naughty pup grabs the end of a roll of toilet paper and walks away at a constant speed. Which of the functions below best describes the thickness $y$ of the roll as a function of the unrolled part $x$?
<image1>
<image2>
OPTIONS:
0: A
1: B
2: C
3: D
4: E

Answer with the correct option from 0 to 4. Only provide the numeric and nothing else 

Answer: 
assistant
4",4,4,4,"user
 QUESTION: A naughty pup grabs the end of a roll of toilet paper and walks away at a constant speed. Which of the functions below best describes the thickness $y$ of the roll as a function of the unrolled part $x$?
<image1>
<image2>
OPTIONS:
0: A
1: B
2: C
3: D
4: E

Answer with the correct option from 0 to 4. Only provide the numeric and nothing else 

Answer: 
assistant
0",0,4,4
111,222,"user
 QUESTION: Five kangaroos named A, B, C, D and E have one child each, named a, b, c, d and e, not necessarily in that order. In the first group photo shown exactly 2 of the children are standing next to their mothers. In the second group photo exactly 3 of the children are standing next to their mothers. Whose child is a?
<image1>
OPTIONS:
0: A
1: B
2: C
3: D
4: E

Answer with the correct option from 0 to 4. Only provide the numeric and nothing else 

Answer: 
assistant
1",1,3,1,"user
 QUESTION: Five kangaroos named A, B, C, D and E have one child each, named a, b, c, d and e, not necessarily in that order. In the first group photo shown exactly 2 of the children are standing next to their mothers. In the second group photo exactly 3 of the children are standing next to their mothers. Whose child is a?
<image1>
OPTIONS:
0: A
1: B
2: C
3: D
4: E

Answer with the correct option from 0 to 4. Only provide the numeric and nothing else 

Answer: 
assistant
2",2,3,1
112,224,"user
 QUESTION: Martin's smartphone displays the diagram on the right. It shows how long he has worked with four different apps in the previous week. The apps are sorted from top to bottom according to the amount of time they have been used. This week he has spent only half the amount of time using two of the apps and the same amount of time as last week using the other two apps. Which of the following pictures cannot be the diagram for the current week?
<image1>
<image2>
OPTIONS:
0: A
1: B
2: C
3: D
4: E

Answer with the correct option from 0 to 4. Only provide the numeric and nothing else 

Answer: 
assistant
1",1,4,3,"user
 QUESTION: Martin's smartphone displays the diagram on the right. It shows how long he has worked with four different apps in the previous week. The apps are sorted from top to bottom according to the amount of time they have been used. This week he has spent only half the amount of time using two of the apps and the same amount of time as last week using the other two apps. Which of the following pictures cannot be the diagram for the current week?
<image1>
<image2>
OPTIONS:
0: A
1: B
2: C
3: D
4: E

Answer with the correct option from 0 to 4. Only provide the numeric and nothing else 

Answer: 
assistant
4",4,4,3
113,227,"user
 QUESTION: Four straight lines that intersect in one single point form eight equal angles (see diagram). Which one of the black arcs has the same length as the circumference of the little (grey) circle?
<image1>
OPTIONS:
0: A
1: B
2: C
3: D
4: E

Answer with the correct option from 0 to 4. Only provide the numeric and nothing else 

Answer: 
assistant
1",1,3,5,"user
 QUESTION: Four straight lines that intersect in one single point form eight equal angles (see diagram). Which one of the black arcs has the same length as the circumference of the little (grey) circle?
<image1>
OPTIONS:
0: A
1: B
2: C
3: D
4: E

Answer with the correct option from 0 to 4. Only provide the numeric and nothing else 

Answer: 
assistant
2",2,3,5
114,228,"user
 QUESTION: We check the water meter and see that all digits on the display are different. What is the minimum amount of water that has to be used before this happens again?
<image1>
OPTIONS:
0: $0.006 \mathrm{~m}^{3}$
1: $0.034 \mathrm{~m}^{3}$
2: $0.086 \mathrm{~m}^{3}$
3: $0.137 \mathrm{~m}^{3}$
4: $1.048 \mathrm{~m}^{3}$

Answer with the correct option from 0 to 4. Only provide the numeric and nothing else 

Answer: 
assistant
2",2,3,1,"user
 QUESTION: We check the water meter and see that all digits on the display are different. What is the minimum amount of water that has to be used before this happens again?
<image1>
OPTIONS:
0: $0.006 \mathrm{~m}^{3}$
1: $0.034 \mathrm{~m}^{3}$
2: $0.086 \mathrm{~m}^{3}$
3: $0.137 \mathrm{~m}^{3}$
4: $1.048 \mathrm{~m}^{3}$

Answer with the correct option from 0 to 4. Only provide the numeric and nothing else 

Answer: 
assistant
3",3,3,1
115,233,"user
 QUESTION: A square is placed in a co-ordinate system as shown. Each point $(x \mid y)$ of the square is deleted and replaced by the point $\left(\frac{1}{x} \mid \frac{1}{y}\right)$. Which diagram shows the resulting shape?
<image1>
<image2>
OPTIONS:
0: A
1: B
2: C
3: D
4: E

Answer with the correct option from 0 to 4. Only provide the numeric and nothing else 

Answer: 
assistant
4",4,2,4,"user
 QUESTION: A square is placed in a co-ordinate system as shown. Each point $(x \mid y)$ of the square is deleted and replaced by the point $\left(\frac{1}{x} \mid \frac{1}{y}\right)$. Which diagram shows the resulting shape?
<image1>
<image2>
OPTIONS:
0: A
1: B
2: C
3: D
4: E

Answer with the correct option from 0 to 4. Only provide the numeric and nothing else 

Answer: 
assistant
1",1,2,4
116,235,"user
 QUESTION: Leon has drawn a closed path on the surface of a cuboid. Which net can represent his path?
<image1>
OPTIONS:
0: A
1: B
2: C
3: D
4: E

Answer with the correct option from 0 to 4. Only provide the numeric and nothing else 

Answer: 
assistant
3",3,3,1,"user
 QUESTION: Leon has drawn a closed path on the surface of a cuboid. Which net can represent his path?
<image1>
OPTIONS:
0: A
1: B
2: C
3: D
4: E

Answer with the correct option from 0 to 4. Only provide the numeric and nothing else 

Answer: 
assistant
2",2,3,1
117,237,"user
 QUESTION: A game marker in the shape of a regular tetrahedron has one marked area. That side is placed on the triangle marked START. The marker is then moved within the diagram always to the next adjacent triangle by rolling it around an edge. On which triangle is the marker when it is on the marked side again for the first time? <image1>
OPTIONS:
0: A
1: B
2: C
3: D
4: E

Answer with the correct option from 0 to 4. Only provide the numeric and nothing else 

Answer: 
assistant
2",2,4,3,"user
 QUESTION: A game marker in the shape of a regular tetrahedron has one marked area. That side is placed on the triangle marked START. The marker is then moved within the diagram always to the next adjacent triangle by rolling it around an edge. On which triangle is the marker when it is on the marked side again for the first time? <image1>
OPTIONS:
0: A
1: B
2: C
3: D
4: E

Answer with the correct option from 0 to 4. Only provide the numeric and nothing else 

Answer: 
assistant
1",1,4,3
118,242,"user
 QUESTION: The picture on the right has been drawn on paper and cut out to make a house. Which of the houses does it make?
<image1>
<image2>
OPTIONS:
0: A
1: B
2: C
3: D
4: E

Answer with the correct option from 0 to 4. Only provide the numeric and nothing else 

Answer: 
assistant
1",1,0,5,"user
 QUESTION: The picture on the right has been drawn on paper and cut out to make a house. Which of the houses does it make?
<image1>
<image2>
OPTIONS:
0: A
1: B
2: C
3: D
4: E

Answer with the correct option from 0 to 4. Only provide the numeric and nothing else 

Answer: 
assistant
2",2,0,5
119,243,"user
 QUESTION: Which numbers are written in the area that belongs to the rectangle and to the circle but doesn't belong to the triangle?
<image1>
OPTIONS:
0: 5 and 11
1: 1 and 10
2: 13
3: 3 and 9
4: 6, 7, and 4

Answer with the correct option from 0 to 4. Only provide the numeric and nothing else 

Answer: 
assistant
2",2,1,2,"user
 QUESTION: Which numbers are written in the area that belongs to the rectangle and to the circle but doesn't belong to the triangle?
<image1>
OPTIONS:
0: 5 and 11
1: 1 and 10
2: 13
3: 3 and 9
4: 6, 7, and 4

Answer with the correct option from 0 to 4. Only provide the numeric and nothing else 

Answer: 
assistant
3",3,1,2
120,244,"user
 QUESTION: Which of the rectangles $\mathbf{A}$ to $\mathbf{E}$ can be covered by the pattern on the right-hand side in such a way that the result is a totally black rectangle?
<image1>
<image2>
OPTIONS:
0: A
1: B
2: C
3: D
4: E

Answer with the correct option from 0 to 4. Only provide the numeric and nothing else 

Answer: 
assistant
2",2,3,5,"user
 QUESTION: Which of the rectangles $\mathbf{A}$ to $\mathbf{E}$ can be covered by the pattern on the right-hand side in such a way that the result is a totally black rectangle?
<image1>
<image2>
OPTIONS:
0: A
1: B
2: C
3: D
4: E

Answer with the correct option from 0 to 4. Only provide the numeric and nothing else 

Answer: 
assistant
3",3,3,5
121,246,"user
 QUESTION: A cube (on the right) is colored in three colors so that each face has exactly one color and the opposite face has the same color. Which of the following developments is the development of this cube?
<image1>
<image2>
OPTIONS:
0: A
1: B
2: C
3: D
4: E

Answer with the correct option from 0 to 4. Only provide the numeric and nothing else 

Answer: 
assistant
1",1,4,5,"user
 QUESTION: A cube (on the right) is colored in three colors so that each face has exactly one color and the opposite face has the same color. Which of the following developments is the development of this cube?
<image1>
<image2>
OPTIONS:
0: A
1: B
2: C
3: D
4: E

Answer with the correct option from 0 to 4. Only provide the numeric and nothing else 

Answer: 
assistant
2",2,4,5
122,249,"user
 QUESTION: At noon the minute hand of a clock is in the position shown on the left and after the quarter of an hour -- in the position shown on the right. Which position the minute hand will take after seventeen quarters from the noon?
<image1>
<image2>
OPTIONS:
0: A
1: B
2: C
3: D
4: E

Answer with the correct option from 0 to 4. Only provide the numeric and nothing else 

Answer: 
assistant
0",0,0,3,"user
 QUESTION: At noon the minute hand of a clock is in the position shown on the left and after the quarter of an hour -- in the position shown on the right. Which position the minute hand will take after seventeen quarters from the noon?
<image1>
<image2>
OPTIONS:
0: A
1: B
2: C
3: D
4: E

Answer with the correct option from 0 to 4. Only provide the numeric and nothing else 

Answer: 
assistant
3",3,0,3
123,250,"user
 QUESTION: A square piece of paper has been cut in three pieces. Two of them are in the picture on the right. What is the third one?
<image1>
<image2>
OPTIONS:
0: A
1: B
2: C
3: D
4: E

Answer with the correct option from 0 to 4. Only provide the numeric and nothing else 

Answer: 
assistant
1",1,1,2,"user
 QUESTION: A square piece of paper has been cut in three pieces. Two of them are in the picture on the right. What is the third one?
<image1>
<image2>
OPTIONS:
0: A
1: B
2: C
3: D
4: E

Answer with the correct option from 0 to 4. Only provide the numeric and nothing else 

Answer: 
assistant
2",2,1,2
124,251,"user
 QUESTION: Two traffic signs mark the bridge in my village. These marks indicate the maximum width and the maximum possible weight. Which one of the following trucks is allowed to cross that bridge?
<image1>
OPTIONS:
0: The one $315 \mathrm{~cm}$ wide and weighing $4307 \mathrm{~kg}$
1: The one $330 \mathrm{~cm}$ wide and weighing $4250 \mathrm{~kg}$
2: The one $325 \mathrm{~cm}$ wide and weighing $4400 \mathrm{~kg}$
3: The one $322 \mathrm{~cm}$ wide and weighing $4298 \mathrm{~kg}$
4: No one of these

Answer with the correct option from 0 to 4. Only provide the numeric and nothing else 

Answer: 
assistant
1",1,3,2,"user
 QUESTION: Two traffic signs mark the bridge in my village. These marks indicate the maximum width and the maximum possible weight. Which one of the following trucks is allowed to cross that bridge?
<image1>
OPTIONS:
0: The one $315 \mathrm{~cm}$ wide and weighing $4307 \mathrm{~kg}$
1: The one $330 \mathrm{~cm}$ wide and weighing $4250 \mathrm{~kg}$
2: The one $325 \mathrm{~cm}$ wide and weighing $4400 \mathrm{~kg}$
3: The one $322 \mathrm{~cm}$ wide and weighing $4298 \mathrm{~kg}$
4: No one of these

Answer with the correct option from 0 to 4. Only provide the numeric and nothing else 

Answer: 
assistant
3",3,3,2
125,252,"user
 QUESTION: Which of the following cubes has been folded out of the plan on the right?
<image1>
<image2>
OPTIONS:
0: A
1: B
2: C
3: D
4: E

Answer with the correct option from 0 to 4. Only provide the numeric and nothing else 

Answer: 
assistant
0",0,4,5,"user
 QUESTION: Which of the following cubes has been folded out of the plan on the right?
<image1>
<image2>
OPTIONS:
0: A
1: B
2: C
3: D
4: E

Answer with the correct option from 0 to 4. Only provide the numeric and nothing else 

Answer: 
assistant
2",2,4,5
126,253,"user
 QUESTION: Betty keeps drawing three different figures in the same order. Which figure should be the next?
<image1>
<image2>
OPTIONS:
0: A
1: B
2: C
3: D
4: E

Answer with the correct option from 0 to 4. Only provide the numeric and nothing else 

Answer: 
assistant
0",0,3,1,"user
 QUESTION: Betty keeps drawing three different figures in the same order. Which figure should be the next?
<image1>
<image2>
OPTIONS:
0: A
1: B
2: C
3: D
4: E

Answer with the correct option from 0 to 4. Only provide the numeric and nothing else 

Answer: 
assistant
1",1,3,1
127,254,"user
 QUESTION: A kangaroo enters a building. He only passes through triangular rooms. Where does he leave the building?
<image1>
OPTIONS:
0: a
1: b
2: c
3: d
4: e

Answer with the correct option from 0 to 4. Only provide the numeric and nothing else 

Answer: 
assistant
4",4,4,2,"user
 QUESTION: A kangaroo enters a building. He only passes through triangular rooms. Where does he leave the building?
<image1>
OPTIONS:
0: a
1: b
2: c
3: d
4: e

Answer with the correct option from 0 to 4. Only provide the numeric and nothing else 

Answer: 
assistant
0",0,4,2
128,255,"user
 QUESTION: From which rectangular can you cut the figure shown on the right side out?
<image1>
<image2>
OPTIONS:
0: A
1: B
2: C
3: D
4: E

Answer with the correct option from 0 to 4. Only provide the numeric and nothing else 

Answer: 
assistant
4",4,4,2,"user
 QUESTION: From which rectangular can you cut the figure shown on the right side out?
<image1>
<image2>
OPTIONS:
0: A
1: B
2: C
3: D
4: E

Answer with the correct option from 0 to 4. Only provide the numeric and nothing else 

Answer: 
assistant
2",2,4,2
129,258,"user
 QUESTION: In which figure can you find the largest number of small squares?
<image1>
OPTIONS:
0: A
1: B
2: C
3: D
4: E

Answer with the correct option from 0 to 4. Only provide the numeric and nothing else 

Answer: 
assistant
1",1,2,2,"user
 QUESTION: In which figure can you find the largest number of small squares?
<image1>
OPTIONS:
0: A
1: B
2: C
3: D
4: E

Answer with the correct option from 0 to 4. Only provide the numeric and nothing else 

Answer: 
assistant
2",2,2,2
130,259,"user
 QUESTION: What is the piece that fits completely to the given one to form a rectangle?
<image1>
<image2>
OPTIONS:
0: A
1: B
2: C
3: D
4: E

Answer with the correct option from 0 to 4. Only provide the numeric and nothing else 

Answer: 
assistant
4",4,1,2,"user
 QUESTION: What is the piece that fits completely to the given one to form a rectangle?
<image1>
<image2>
OPTIONS:
0: A
1: B
2: C
3: D
4: E

Answer with the correct option from 0 to 4. Only provide the numeric and nothing else 

Answer: 
assistant
2",2,1,2
131,260,"user
 QUESTION: A square piece of paper is folded twice so that the result is a square again. In this square one of the corners is cut off. Then the paper is folded out. Which sample below cannot be obtained in this way?
<image1>
<image2>
OPTIONS:
0: A
1: B
2: C
3: D
4: E

Answer with the correct option from 0 to 4. Only provide the numeric and nothing else 

Answer: 
assistant
0",0,4,1,"user
 QUESTION: A square piece of paper is folded twice so that the result is a square again. In this square one of the corners is cut off. Then the paper is folded out. Which sample below cannot be obtained in this way?
<image1>
<image2>
OPTIONS:
0: A
1: B
2: C
3: D
4: E

Answer with the correct option from 0 to 4. Only provide the numeric and nothing else 

Answer: 
assistant
2",2,4,1
132,262,"user
 QUESTION: Anna made the figure on the right out of five cubes. Which of the following figures (when seen from any direction) cannot she get from the figure on the right side if she is allowed to move exactly one cube?
<image1>
<image2>
OPTIONS:
0: A
1: B
2: C
3: D
4: E

Answer with the correct option from 0 to 4. Only provide the numeric and nothing else 

Answer: 
assistant
1",1,3,2,"user
 QUESTION: Anna made the figure on the right out of five cubes. Which of the following figures (when seen from any direction) cannot she get from the figure on the right side if she is allowed to move exactly one cube?
<image1>
<image2>
OPTIONS:
0: A
1: B
2: C
3: D
4: E

Answer with the correct option from 0 to 4. Only provide the numeric and nothing else 

Answer: 
assistant
2",2,3,2
133,263,"user
 QUESTION: Which of the figures is shown most often in the sequence?
<image1>
<image2>
OPTIONS:
0: A
1: B
2: C
3: D
4: E

Answer with the correct option from 0 to 4. Only provide the numeric and nothing else 

Answer: 
assistant
0",0,3,2,"user
 QUESTION: Which of the figures is shown most often in the sequence?
<image1>
<image2>
OPTIONS:
0: A
1: B
2: C
3: D
4: E

Answer with the correct option from 0 to 4. Only provide the numeric and nothing else 

Answer: 
assistant
2",2,3,2
134,264,"user
 QUESTION: A garden of a square shape is divided into a pool (P), a flowerbed (F), a lawn (L) and a sandpit (S) (see the picture). The lawn and the flowerbed are of a square shape. The perimeter of the lawn is $20 \mathrm{~m}$, the perimeter of the flowerbed is $12 \mathrm{~m}$. What is the perimeter of the pool?
<image1>
OPTIONS:
0: $10 \mathrm{~m}$
1: $12 \mathrm{~m}$
2: $14 \mathrm{~m}$
3: $16 \mathrm{~m}$
4: $18 \mathrm{~m}$

Answer with the correct option from 0 to 4. Only provide the numeric and nothing else 

Answer: 
assistant
3",3,3,3,"user
 QUESTION: A garden of a square shape is divided into a pool (P), a flowerbed (F), a lawn (L) and a sandpit (S) (see the picture). The lawn and the flowerbed are of a square shape. The perimeter of the lawn is $20 \mathrm{~m}$, the perimeter of the flowerbed is $12 \mathrm{~m}$. What is the perimeter of the pool?
<image1>
OPTIONS:
0: $10 \mathrm{~m}$
1: $12 \mathrm{~m}$
2: $14 \mathrm{~m}$
3: $16 \mathrm{~m}$
4: $18 \mathrm{~m}$

Answer with the correct option from 0 to 4. Only provide the numeric and nothing else 

Answer: 
assistant
2",2,3,3
135,266,"user
 QUESTION: Where is the Kangaroo?
<image1>
OPTIONS:
0: In the circle and in the triangle but not in the square.
1: In the circle and in the square but not in the triangle.
2: In the triangle and in the square but not in the circle.
3: In the circle but in neither the square or the triangle.
4: In the square but in neither the circle or the triangle.

Answer with the correct option from 0 to 4. Only provide the numeric and nothing else 

Answer: 
assistant
1",1,1,2,"user
 QUESTION: Where is the Kangaroo?
<image1>
OPTIONS:
0: In the circle and in the triangle but not in the square.
1: In the circle and in the square but not in the triangle.
2: In the triangle and in the square but not in the circle.
3: In the circle but in neither the square or the triangle.
4: In the square but in neither the circle or the triangle.

Answer with the correct option from 0 to 4. Only provide the numeric and nothing else 

Answer: 
assistant
0",0,1,2
136,267,"user
 QUESTION: In his garden Tony made a pathway using 10 paving stones. Each paver was $4 \mathrm{dm}$ wide and 6 dm long. He then drew a black line connecting the middle points of each paving stone. How long is the black line?
<image1>
OPTIONS:
0: $24 \mathrm{dm}$
1: $40 \mathrm{dm}$
2: $46 \mathrm{dm}$
3: $50 \mathrm{dm}$
4: $56 \mathrm{dm}$

Answer with the correct option from 0 to 4. Only provide the numeric and nothing else 

Answer: 
assistant
4",4,2,2,"user
 QUESTION: In his garden Tony made a pathway using 10 paving stones. Each paver was $4 \mathrm{dm}$ wide and 6 dm long. He then drew a black line connecting the middle points of each paving stone. How long is the black line?
<image1>
OPTIONS:
0: $24 \mathrm{dm}$
1: $40 \mathrm{dm}$
2: $46 \mathrm{dm}$
3: $50 \mathrm{dm}$
4: $56 \mathrm{dm}$

Answer with the correct option from 0 to 4. Only provide the numeric and nothing else 

Answer: 
assistant
3",3,2,2
137,268,"user
 QUESTION: Picture $X$ is paired with picture $Y$. Which of the following pictures is paired with picture $G$ ?
<image1>
<image2>
OPTIONS:
0: A
1: B
2: C
3: D
4: E

Answer with the correct option from 0 to 4. Only provide the numeric and nothing else 

Answer: 
assistant
3",3,4,2,"user
 QUESTION: Picture $X$ is paired with picture $Y$. Which of the following pictures is paired with picture $G$ ?
<image1>
<image2>
OPTIONS:
0: A
1: B
2: C
3: D
4: E

Answer with the correct option from 0 to 4. Only provide the numeric and nothing else 

Answer: 
assistant
2",2,4,2
138,269,"user
 QUESTION: Which of the following diagrams is impossible to make with the two dominos?
<image1>
<image2>
OPTIONS:
0: A
1: B
2: C
3: D
4: E

Answer with the correct option from 0 to 4. Only provide the numeric and nothing else 

Answer: 
assistant
1",1,4,2,"user
 QUESTION: Which of the following diagrams is impossible to make with the two dominos?
<image1>
<image2>
OPTIONS:
0: A
1: B
2: C
3: D
4: E

Answer with the correct option from 0 to 4. Only provide the numeric and nothing else 

Answer: 
assistant
4",4,4,2
139,270,"user
 QUESTION: Sylvia draws shapes made up of straight lines which are each $1 \mathrm{~cm}$ long. At the end of each line she continues in a right angle either to the left or right. At every turn she notes down either a $\vee$ or a $\wedge$ on a piece of paper. The same symbol always indicates a turn in the same direction. Today her notes show $\vee \wedge \wedge \wedge \vee \vee$. Which of the following shapes could she have drawn today if $A$ indicates her starting point?
<image1>
OPTIONS:
0: A
1: B
2: C
3: D
4: E

Answer with the correct option from 0 to 4. Only provide the numeric and nothing else 

Answer: 
assistant
4",4,4,2,"user
 QUESTION: Sylvia draws shapes made up of straight lines which are each $1 \mathrm{~cm}$ long. At the end of each line she continues in a right angle either to the left or right. At every turn she notes down either a $\vee$ or a $\wedge$ on a piece of paper. The same symbol always indicates a turn in the same direction. Today her notes show $\vee \wedge \wedge \wedge \vee \vee$. Which of the following shapes could she have drawn today if $A$ indicates her starting point?
<image1>
OPTIONS:
0: A
1: B
2: C
3: D
4: E

Answer with the correct option from 0 to 4. Only provide the numeric and nothing else 

Answer: 
assistant
2",2,4,2
140,271,"user
 QUESTION: In the picture on the right you see a map. In the middle a piece is missing. The cat should be able to reach the milk, and the mouse the cheese, but the cat and the mouse must not meet each other. What should the piece in the middle look like?
<image1>
<image2>
OPTIONS:
0: A
1: B
2: C
3: D
4: E

Answer with the correct option from 0 to 4. Only provide the numeric and nothing else 

Answer: 
assistant
1",1,4,2,"user
 QUESTION: In the picture on the right you see a map. In the middle a piece is missing. The cat should be able to reach the milk, and the mouse the cheese, but the cat and the mouse must not meet each other. What should the piece in the middle look like?
<image1>
<image2>
OPTIONS:
0: A
1: B
2: C
3: D
4: E

Answer with the correct option from 0 to 4. Only provide the numeric and nothing else 

Answer: 
assistant
2",2,4,2
141,272,"user
 QUESTION: Which square contains 3 quadrilaterals, 3 circles and 4 hearts?
<image1>
OPTIONS:
0: A)
1: B)
2: C)
3: D)
4: E)

Answer with the correct option from 0 to 4. Only provide the numeric and nothing else 

Answer: 
assistant
0",0,3,2,"user
 QUESTION: Which square contains 3 quadrilaterals, 3 circles and 4 hearts?
<image1>
OPTIONS:
0: A)
1: B)
2: C)
3: D)
4: E)

Answer with the correct option from 0 to 4. Only provide the numeric and nothing else 

Answer: 
assistant
2",2,3,2
142,273,"user
 QUESTION: I have tiles that look like this...
<image1>
Which pattern can I not create with them?
<image2>
OPTIONS:
0: A
1: B
2: C
3: D
4: E

Answer with the correct option from 0 to 4. Only provide the numeric and nothing else 

Answer: 
assistant
4",4,1,2,"user
 QUESTION: I have tiles that look like this...
<image1>
Which pattern can I not create with them?
<image2>
OPTIONS:
0: A
1: B
2: C
3: D
4: E

Answer with the correct option from 0 to 4. Only provide the numeric and nothing else 

Answer: 
assistant
2",2,1,2
143,274,"user
 QUESTION: Kamilla wrote down all of the numbers from 1-100 one after the other in a table with 5 columns. A part of the table is shown. Her brother cut out a piece of the table and erased some of the numbers. Which of the following could this piece have been?
<image1>
<image2>
OPTIONS:
0: A)
1: B)
2: C)
3: D)
4: E)

Answer with the correct option from 0 to 4. Only provide the numeric and nothing else 

Answer: 
assistant
4",4,2,2,"user
 QUESTION: Kamilla wrote down all of the numbers from 1-100 one after the other in a table with 5 columns. A part of the table is shown. Her brother cut out a piece of the table and erased some of the numbers. Which of the following could this piece have been?
<image1>
<image2>
OPTIONS:
0: A)
1: B)
2: C)
3: D)
4: E)

Answer with the correct option from 0 to 4. Only provide the numeric and nothing else 

Answer: 
assistant
2",2,2,2
144,275,"user
 QUESTION: Which stone should Mr Flintstone place on the right side of the scales, so that both sides weigh the same?
<image1>
<image2>
OPTIONS:
0: A
1: B
2: C
3: D
4: E

Answer with the correct option from 0 to 4. Only provide the numeric and nothing else 

Answer: 
assistant
3",3,2,3,"user
 QUESTION: Which stone should Mr Flintstone place on the right side of the scales, so that both sides weigh the same?
<image1>
<image2>
OPTIONS:
0: A
1: B
2: C
3: D
4: E

Answer with the correct option from 0 to 4. Only provide the numeric and nothing else 

Answer: 
assistant
2",2,2,3
145,277,"user
 QUESTION: Maria describes one of these five shapes in the following way: ""It is not a square. It is grey. It is either round or three sided."" Which shape did she describe?
<image1>
OPTIONS:
0: A
1: B
2: C
3: D
4: E

Answer with the correct option from 0 to 4. Only provide the numeric and nothing else 

Answer: 
assistant
1",1,1,2,"user
 QUESTION: Maria describes one of these five shapes in the following way: ""It is not a square. It is grey. It is either round or three sided."" Which shape did she describe?
<image1>
OPTIONS:
0: A
1: B
2: C
3: D
4: E

Answer with the correct option from 0 to 4. Only provide the numeric and nothing else 

Answer: 
assistant
2",2,1,2
146,278,"user
 QUESTION: Which shape has the biggest area?
<image1>
OPTIONS:
0: A
1: B
2: C
3: D
4: E

Answer with the correct option from 0 to 4. Only provide the numeric and nothing else 

Answer: 
assistant
2",2,2,2,"user
 QUESTION: Which shape has the biggest area?
<image1>
OPTIONS:
0: A
1: B
2: C
3: D
4: E

Answer with the correct option from 0 to 4. Only provide the numeric and nothing else 

Answer: 
assistant
0",0,2,2
147,279,"user
 QUESTION: A page is folded along the thick line as shown. Which letter will not be covered by a grey square?
<image1>
OPTIONS:
0: A
1: B
2: C
3: D
4: E

Answer with the correct option from 0 to 4. Only provide the numeric and nothing else 

Answer: 
assistant
2",2,4,1,"user
 QUESTION: A page is folded along the thick line as shown. Which letter will not be covered by a grey square?
<image1>
OPTIONS:
0: A
1: B
2: C
3: D
4: E

Answer with the correct option from 0 to 4. Only provide the numeric and nothing else 

Answer: 
assistant
0",0,4,1
148,281,"user
 QUESTION: Four identical dice were put together to make a tower as shown. The sum of the numbers on opposite faces of each dice is always 7. What would the tower look like from behind?
<image1>
<image2>
OPTIONS:
0: A)
1: B)
2: C)
3: D)
4: E)

Answer with the correct option from 0 to 4. Only provide the numeric and nothing else 

Answer: 
assistant
3",3,2,5,"user
 QUESTION: Four identical dice were put together to make a tower as shown. The sum of the numbers on opposite faces of each dice is always 7. What would the tower look like from behind?
<image1>
<image2>
OPTIONS:
0: A)
1: B)
2: C)
3: D)
4: E)

Answer with the correct option from 0 to 4. Only provide the numeric and nothing else 

Answer: 
assistant
2",2,2,5
149,282,"user
 QUESTION: Andrea made the pattern in the picture out of several identical tiles. None of the tiles overlap each other. Which of the following tiles could she definitely not have used?
<image1>
<image2>
OPTIONS:
0: A
1: B
2: C
3: D
4: E

Answer with the correct option from 0 to 4. Only provide the numeric and nothing else 

Answer: 
assistant
1",1,3,2,"user
 QUESTION: Andrea made the pattern in the picture out of several identical tiles. None of the tiles overlap each other. Which of the following tiles could she definitely not have used?
<image1>
<image2>
OPTIONS:
0: A
1: B
2: C
3: D
4: E

Answer with the correct option from 0 to 4. Only provide the numeric and nothing else 

Answer: 
assistant
2",2,3,2
150,283,"user
 QUESTION: In which of the five pictures is the white area bigger than the grey area?
<image1>
OPTIONS:
0: A
1: B
2: C
3: D
4: E

Answer with the correct option from 0 to 4. Only provide the numeric and nothing else 

Answer: 
assistant
0",0,3,2,"user
 QUESTION: In which of the five pictures is the white area bigger than the grey area?
<image1>
OPTIONS:
0: A
1: B
2: C
3: D
4: E

Answer with the correct option from 0 to 4. Only provide the numeric and nothing else 

Answer: 
assistant
2",2,3,2
151,286,"user
 QUESTION: You need 3 pieces to build this shape. Each piece is made out of 4 , equally sized cubes of the same colour. What is the shape of the white piece?
<image1>
<image2>
OPTIONS:
0: (A)
1: (B)
2: (C)
3: (D)
4: (E)

Answer with the correct option from 0 to 4. Only provide the numeric and nothing else 

Answer: 
assistant
0",0,3,5,"user
 QUESTION: You need 3 pieces to build this shape. Each piece is made out of 4 , equally sized cubes of the same colour. What is the shape of the white piece?
<image1>
<image2>
OPTIONS:
0: (A)
1: (B)
2: (C)
3: (D)
4: (E)

Answer with the correct option from 0 to 4. Only provide the numeric and nothing else 

Answer: 
assistant
2",2,3,5
152,288,"user
 QUESTION: In which picture are there more black Kangaroos than white ones?
<image1>
OPTIONS:
0: A
1: B
2: C
3: D
4: E

Answer with the correct option from 0 to 4. Only provide the numeric and nothing else 

Answer: 
assistant
3",3,3,2,"user
 QUESTION: In which picture are there more black Kangaroos than white ones?
<image1>
OPTIONS:
0: A
1: B
2: C
3: D
4: E

Answer with the correct option from 0 to 4. Only provide the numeric and nothing else 

Answer: 
assistant
0",0,3,2
153,289,"user
 QUESTION: Anna has <image1>.
Barbara gave Eva <image2>.
Josef has a <image3>.
Bob has <image4>.
Who is Barbara?
<image5>
OPTIONS:
0: A
1: B
2: C
3: D
4: E

Answer with the correct option from 0 to 4. Only provide the numeric and nothing else 

Answer: 
assistant
2",2,3,2,"user
 QUESTION: Anna has <image1>.
Barbara gave Eva <image2>.
Josef has a <image3>.
Bob has <image4>.
Who is Barbara?
<image5>
OPTIONS:
0: A
1: B
2: C
3: D
4: E

Answer with the correct option from 0 to 4. Only provide the numeric and nothing else 

Answer: 
assistant
1",1,3,2
154,292,"user
 QUESTION: Which of the following pieces can be joined to the one pictured so that a rectangle is formed?
<image1>
<image2>
OPTIONS:
0: A
1: B
2: C
3: D
4: E

Answer with the correct option from 0 to 4. Only provide the numeric and nothing else 

Answer: 
assistant
4",4,1,2,"user
 QUESTION: Which of the following pieces can be joined to the one pictured so that a rectangle is formed?
<image1>
<image2>
OPTIONS:
0: A
1: B
2: C
3: D
4: E

Answer with the correct option from 0 to 4. Only provide the numeric and nothing else 

Answer: 
assistant
2",2,1,2
155,294,"user
 QUESTION: For which houses, were exactly the same building blocks used?
<image1>
OPTIONS:
0: House 1 and 4
1: House 3 and 4
2: House 1, 4 and 5
3: House 3, 4 and 5
4: House 1, 2, 4 and 5

Answer with the correct option from 0 to 4. Only provide the numeric and nothing else 

Answer: 
assistant
0",0,0,2,"user
 QUESTION: For which houses, were exactly the same building blocks used?
<image1>
OPTIONS:
0: House 1 and 4
1: House 3 and 4
2: House 1, 4 and 5
3: House 3, 4 and 5
4: House 1, 2, 4 and 5

Answer with the correct option from 0 to 4. Only provide the numeric and nothing else 

Answer: 
assistant
3",3,0,2
156,295,"user
 QUESTION: Christopher solved the sums next to the dots that you can see on the right, and got the answers 0 to 5 . He joined the dots in order. He started with the dot that had the answer 0 and finished with the dot that had the answer 5 . Which shape was he left with?
<image1>
<image2>
OPTIONS:
0: (A)
1: (B)
2: (C)
3: (D)
4: (E)

Answer with the correct option from 0 to 4. Only provide the numeric and nothing else 

Answer: 
assistant
1",1,0,3,"user
 QUESTION: Christopher solved the sums next to the dots that you can see on the right, and got the answers 0 to 5 . He joined the dots in order. He started with the dot that had the answer 0 and finished with the dot that had the answer 5 . Which shape was he left with?
<image1>
<image2>
OPTIONS:
0: (A)
1: (B)
2: (C)
3: (D)
4: (E)

Answer with the correct option from 0 to 4. Only provide the numeric and nothing else 

Answer: 
assistant
2",2,0,3
157,297,"user
 QUESTION: With which square do you have to swap the question mark, so that the white area and the black area are the same size?
<image1>
<image2>
OPTIONS:
0: A
1: B
2: C
3: D
4: E

Answer with the correct option from 0 to 4. Only provide the numeric and nothing else 

Answer: 
assistant
3",3,1,2,"user
 QUESTION: With which square do you have to swap the question mark, so that the white area and the black area are the same size?
<image1>
<image2>
OPTIONS:
0: A
1: B
2: C
3: D
4: E

Answer with the correct option from 0 to 4. Only provide the numeric and nothing else 

Answer: 
assistant
2",2,1,2
158,298,"user
 QUESTION: The solid in the diagram is made out of 8 identical cubes. What does the solid look like when viewed from above?
<image1>
<image2>
OPTIONS:
0: A
1: B
2: C
3: D
4: E

Answer with the correct option from 0 to 4. Only provide the numeric and nothing else 

Answer: 
assistant
4",4,2,5,"user
 QUESTION: The solid in the diagram is made out of 8 identical cubes. What does the solid look like when viewed from above?
<image1>
<image2>
OPTIONS:
0: A
1: B
2: C
3: D
4: E

Answer with the correct option from 0 to 4. Only provide the numeric and nothing else 

Answer: 
assistant
1",1,2,5
159,299,"user
 QUESTION: Katja throws darts at the target pictured on the right. If she does not hit the target she gets no points. She throws twice and adds her points. What can her total not be?
<image1>
OPTIONS:
0: 60
1: 70
2: 80
3: 90
4: 100

Answer with the correct option from 0 to 4. Only provide the numeric and nothing else 

Answer: 
assistant
3",3,3,3,"user
 QUESTION: Katja throws darts at the target pictured on the right. If she does not hit the target she gets no points. She throws twice and adds her points. What can her total not be?
<image1>
OPTIONS:
0: 60
1: 70
2: 80
3: 90
4: 100

Answer with the correct option from 0 to 4. Only provide the numeric and nothing else 

Answer: 
assistant
1",1,3,3
160,300,"user
 QUESTION: Erwin has got the following paper pieces:
<image1>
With these four pieces he must exactly cover a special shape. In which drawing will he manage this, if the piece <image2> is placed as shown?
<image3>
OPTIONS:
0: (A)
1: (B)
2: (C)
3: (D)
4: (E)

Answer with the correct option from 0 to 4. Only provide the numeric and nothing else 

Answer: 
assistant
4",4,2,2,"user
 QUESTION: Erwin has got the following paper pieces:
<image1>
With these four pieces he must exactly cover a special shape. In which drawing will he manage this, if the piece <image2> is placed as shown?
<image3>
OPTIONS:
0: (A)
1: (B)
2: (C)
3: (D)
4: (E)

Answer with the correct option from 0 to 4. Only provide the numeric and nothing else 

Answer: 
assistant
2",2,2,2
161,301,"user
 QUESTION: Seven children stand in a circle. Nowhere are two boys found standing next to each other. Nowhere are three girls found standing next to each other. What is possible for the number of girls? The number of girls can...
<image1>
OPTIONS:
0: ... only be 3.
1: ... be 3 or 4.
2: ... be 4 or 5.
3: ... only be 5.
4: ... only be 4.

Answer with the correct option from 0 to 4. Only provide the numeric and nothing else 

Answer: 
assistant
4",4,2,2,"user
 QUESTION: Seven children stand in a circle. Nowhere are two boys found standing next to each other. Nowhere are three girls found standing next to each other. What is possible for the number of girls? The number of girls can...
<image1>
OPTIONS:
0: ... only be 3.
1: ... be 3 or 4.
2: ... be 4 or 5.
3: ... only be 5.
4: ... only be 4.

Answer with the correct option from 0 to 4. Only provide the numeric and nothing else 

Answer: 
assistant
1",1,2,2
162,303,"user
 QUESTION: Florian has 10 identical metal strips, each with the same amount of holes (picture above). He bolts these strips in pairs. That way he gets the 5 long strips in the picture below. Which of the long strips is the longest?
<image1>
<image2>
OPTIONS:
0: A
1: B
2: C
3: D
4: E

Answer with the correct option from 0 to 4. Only provide the numeric and nothing else 

Answer: 
assistant
1",1,0,3,"user
 QUESTION: Florian has 10 identical metal strips, each with the same amount of holes (picture above). He bolts these strips in pairs. That way he gets the 5 long strips in the picture below. Which of the long strips is the longest?
<image1>
<image2>
OPTIONS:
0: A
1: B
2: C
3: D
4: E

Answer with the correct option from 0 to 4. Only provide the numeric and nothing else 

Answer: 
assistant
0",0,0,3
163,304,"user
 QUESTION: In kangaroo land you pay with ""Kangas"". Lucy has a few Kangas in her purse. She buys a ball and pays 7 Kangas. How many Kangas does she have left over, after she has paid fort he ball?
<image1>
<image2>
OPTIONS:
0: A
1: B
2: C
3: D
4: E

Answer with the correct option from 0 to 4. Only provide the numeric and nothing else 

Answer: 
assistant
2",2,1,3,"user
 QUESTION: In kangaroo land you pay with ""Kangas"". Lucy has a few Kangas in her purse. She buys a ball and pays 7 Kangas. How many Kangas does she have left over, after she has paid fort he ball?
<image1>
<image2>
OPTIONS:
0: A
1: B
2: C
3: D
4: E

Answer with the correct option from 0 to 4. Only provide the numeric and nothing else 

Answer: 
assistant
0",0,1,3
164,305,"user
 QUESTION: The word Kangaroo is written on the top of my umbrella. Which of the 5 pictures shows my umbrella
<image1>
<image2>
OPTIONS:
0: A
1: B
2: C
3: D
4: E

Answer with the correct option from 0 to 4. Only provide the numeric and nothing else 

Answer: 
assistant
0",0,0,5,"user
 QUESTION: The word Kangaroo is written on the top of my umbrella. Which of the 5 pictures shows my umbrella
<image1>
<image2>
OPTIONS:
0: A
1: B
2: C
3: D
4: E

Answer with the correct option from 0 to 4. Only provide the numeric and nothing else 

Answer: 
assistant
3",3,0,5
165,306,"user
 QUESTION: 9 points, numbered 1 to 9 are marked on a circle. Point 1 is joined to point 3, 3 to 5. Continue the drawing, always joining to the next but one point along. Which drawing do you get if you keep going until you get back to point 1?
<image1>
<image2>
OPTIONS:
0: (A)
1: (B)
2: (C)
3: (D)
4: (E)

Answer with the correct option from 0 to 4. Only provide the numeric and nothing else 

Answer: 
assistant
3",3,4,2,"user
 QUESTION: 9 points, numbered 1 to 9 are marked on a circle. Point 1 is joined to point 3, 3 to 5. Continue the drawing, always joining to the next but one point along. Which drawing do you get if you keep going until you get back to point 1?
<image1>
<image2>
OPTIONS:
0: (A)
1: (B)
2: (C)
3: (D)
4: (E)

Answer with the correct option from 0 to 4. Only provide the numeric and nothing else 

Answer: 
assistant
2",2,4,2
166,307,"user
 QUESTION: Peter rides his bike along a cycle path in a park. He starts at point $S$ and rides in the direction of the arrow. At the first crossing he turns right, then at the next left, and then again to the right and then again to left. Which crossing does he not reach?
<image1>
OPTIONS:
0: A
1: B
2: C
3: D
4: E

Answer with the correct option from 0 to 4. Only provide the numeric and nothing else 

Answer: 
assistant
4",4,3,2,"user
 QUESTION: Peter rides his bike along a cycle path in a park. He starts at point $S$ and rides in the direction of the arrow. At the first crossing he turns right, then at the next left, and then again to the right and then again to left. Which crossing does he not reach?
<image1>
OPTIONS:
0: A
1: B
2: C
3: D
4: E

Answer with the correct option from 0 to 4. Only provide the numeric and nothing else 

Answer: 
assistant
2",2,3,2
167,308,"user
 QUESTION: The shape in the picture is to be split into three identical pieces. What does one of these pieces look like?
<image1>
<image2>
OPTIONS:
0: A
1: B
2: C
3: D
4: E

Answer with the correct option from 0 to 4. Only provide the numeric and nothing else 

Answer: 
assistant
3",3,0,2,"user
 QUESTION: The shape in the picture is to be split into three identical pieces. What does one of these pieces look like?
<image1>
<image2>
OPTIONS:
0: A
1: B
2: C
3: D
4: E

Answer with the correct option from 0 to 4. Only provide the numeric and nothing else 

Answer: 
assistant
2",2,0,2
168,311,"user
 QUESTION: Clown Pipo looks like this:
<image1>
He looks at himself in the mirror. Which picture does he see?
<image2>
OPTIONS:
0: A
1: B
2: C
3: D
4: E

Answer with the correct option from 0 to 4. Only provide the numeric and nothing else 

Answer: 
assistant
0",0,0,5,"user
 QUESTION: Clown Pipo looks like this:
<image1>
He looks at himself in the mirror. Which picture does he see?
<image2>
OPTIONS:
0: A
1: B
2: C
3: D
4: E

Answer with the correct option from 0 to 4. Only provide the numeric and nothing else 

Answer: 
assistant
1",1,0,5
169,312,"user
 QUESTION: Georg goes to the circus with his father. They have the seat numbers 71 and 72 . Which arrow do they have to follow to get to their seats?
<image1>
<image2>
OPTIONS:
0: (A)
1: (B)
2: (C)
3: (D)
4: (E)

Answer with the correct option from 0 to 4. Only provide the numeric and nothing else 

Answer: 
assistant
1",1,3,3,"user
 QUESTION: Georg goes to the circus with his father. They have the seat numbers 71 and 72 . Which arrow do they have to follow to get to their seats?
<image1>
<image2>
OPTIONS:
0: (A)
1: (B)
2: (C)
3: (D)
4: (E)

Answer with the correct option from 0 to 4. Only provide the numeric and nothing else 

Answer: 
assistant
2",2,3,3
170,314,"user
 QUESTION: Which of the following sentences fits to the picture?
<image1>
OPTIONS:
0: There are equally many circles as squares.
1: There are fewer circles than triangles.
2: There are twice as many circles as triangles.
3: There are more squares than triangles.
4: There are two more triangles than circles.

Answer with the correct option from 0 to 4. Only provide the numeric and nothing else 

Answer: 
assistant
2",2,2,2,"user
 QUESTION: Which of the following sentences fits to the picture?
<image1>
OPTIONS:
0: There are equally many circles as squares.
1: There are fewer circles than triangles.
2: There are twice as many circles as triangles.
3: There are more squares than triangles.
4: There are two more triangles than circles.

Answer with the correct option from 0 to 4. Only provide the numeric and nothing else 

Answer: 
assistant
3",3,2,2
171,317,"user
 QUESTION: Karin wants to place five bowls on a table so that they are ordered according to their weight. She has already placed the bowls $Q, R, S$ and $T$ in order, where $Q$ is lightest and $T$ is heaviest. Where does she have to place bowl Z?
<image1>
OPTIONS:
0: to the left of bowl Q
1: between bowls Q and R
2: between bowls R and S
3: between bowls S and T
4: to the right of bowl T

Answer with the correct option from 0 to 4. Only provide the numeric and nothing else 

Answer: 
assistant
2",2,1,2,"user
 QUESTION: Karin wants to place five bowls on a table so that they are ordered according to their weight. She has already placed the bowls $Q, R, S$ and $T$ in order, where $Q$ is lightest and $T$ is heaviest. Where does she have to place bowl Z?
<image1>
OPTIONS:
0: to the left of bowl Q
1: between bowls Q and R
2: between bowls R and S
3: between bowls S and T
4: to the right of bowl T

Answer with the correct option from 0 to 4. Only provide the numeric and nothing else 

Answer: 
assistant
0",0,1,2
172,318,"user
 QUESTION: Leo has built a stick made up of 27 building blocks.
<image1>
He splits the stick into two pieces in a way so that one part is twice as long as the other. He keeps repeating this again and again. He takes one of the two pieces and splits it up so that one piece is twice as long as the other. Which of the following pieces can never result in this way?
<image2>
OPTIONS:
0: A
1: B
2: C
3: D
4: E

Answer with the correct option from 0 to 4. Only provide the numeric and nothing else 

Answer: 
assistant
4",4,4,2,"user
 QUESTION: Leo has built a stick made up of 27 building blocks.
<image1>
He splits the stick into two pieces in a way so that one part is twice as long as the other. He keeps repeating this again and again. He takes one of the two pieces and splits it up so that one piece is twice as long as the other. Which of the following pieces can never result in this way?
<image2>
OPTIONS:
0: A
1: B
2: C
3: D
4: E

Answer with the correct option from 0 to 4. Only provide the numeric and nothing else 

Answer: 
assistant
0",0,4,2
173,319,"user
 QUESTION: Five sparrows on a rope look in one or the other direction (see diagram). Every sparrow whistles as many times as the number of sparrows he can see in front of him. Azra therefore whistles four times. Then one sparrow turns in the opposite direction and again all sparrows whistle according to the same rule. The second time the sparrows whistle more often in total than the first time. Which sparrow has turned around?
<image1>
OPTIONS:
0: Azra
1: Bernhard
2: Christa
3: David
4: Elsa

Answer with the correct option from 0 to 4. Only provide the numeric and nothing else 

Answer: 
assistant
1",1,1,2,"user
 QUESTION: Five sparrows on a rope look in one or the other direction (see diagram). Every sparrow whistles as many times as the number of sparrows he can see in front of him. Azra therefore whistles four times. Then one sparrow turns in the opposite direction and again all sparrows whistle according to the same rule. The second time the sparrows whistle more often in total than the first time. Which sparrow has turned around?
<image1>
OPTIONS:
0: Azra
1: Bernhard
2: Christa
3: David
4: Elsa

Answer with the correct option from 0 to 4. Only provide the numeric and nothing else 

Answer: 
assistant
0",0,1,2
174,321,"user
 QUESTION: Two square sheets are made up of seethrough and black little squares. Both are placed on top of each other onto the sheet in the middle. Which shape can then still be seen?
<image1>
<image2>
OPTIONS:
0: (A)
1: (B)
2: (C)
3: (D)
4: (E)

Answer with the correct option from 0 to 4. Only provide the numeric and nothing else 

Answer: 
assistant
2",2,4,5,"user
 QUESTION: Two square sheets are made up of seethrough and black little squares. Both are placed on top of each other onto the sheet in the middle. Which shape can then still be seen?
<image1>
<image2>
OPTIONS:
0: (A)
1: (B)
2: (C)
3: (D)
4: (E)

Answer with the correct option from 0 to 4. Only provide the numeric and nothing else 

Answer: 
assistant
0",0,4,5
175,322,"user
 QUESTION: The picture above rotated. The picture below shows the new position after the rotation. Which footprints are missing after the rotation?
<image1>
<image2>
<image3>
OPTIONS:
0: (A)
1: (B)
2: (C)
3: (D)
4: (E)

Answer with the correct option from 0 to 4. Only provide the numeric and nothing else 

Answer: 
assistant
4",4,2,1,"user
 QUESTION: The picture above rotated. The picture below shows the new position after the rotation. Which footprints are missing after the rotation?
<image1>
<image2>
<image3>
OPTIONS:
0: (A)
1: (B)
2: (C)
3: (D)
4: (E)

Answer with the correct option from 0 to 4. Only provide the numeric and nothing else 

Answer: 
assistant
2",2,2,1
176,324,"user
 QUESTION: This picture shows you Anna's house from the front: At the back it has three windows but no door. Which picture shows Anna's house from the back?
<image1>
<image2>
OPTIONS:
0: A
1: B
2: C
3: D
4: E

Answer with the correct option from 0 to 4. Only provide the numeric and nothing else 

Answer: 
assistant
2",2,4,5,"user
 QUESTION: This picture shows you Anna's house from the front: At the back it has three windows but no door. Which picture shows Anna's house from the back?
<image1>
<image2>
OPTIONS:
0: A
1: B
2: C
3: D
4: E

Answer with the correct option from 0 to 4. Only provide the numeric and nothing else 

Answer: 
assistant
3",3,4,5
177,326,"user
 QUESTION: Ben wants to cut out two identical pieces out of the $4 \times 3$ grid. For which of the following shapes can he not achieve that?
<image1>
<image2>
OPTIONS:
0: A
1: B
2: C
3: D
4: E

Answer with the correct option from 0 to 4. Only provide the numeric and nothing else 

Answer: 
assistant
4",4,0,2,"user
 QUESTION: Ben wants to cut out two identical pieces out of the $4 \times 3$ grid. For which of the following shapes can he not achieve that?
<image1>
<image2>
OPTIONS:
0: A
1: B
2: C
3: D
4: E

Answer with the correct option from 0 to 4. Only provide the numeric and nothing else 

Answer: 
assistant
3",3,0,2
178,328,"user
 QUESTION: On the right you can see a picture of ladybird Sophie. Sophie turns. Which of the pictures below is not Sophie?
<image1>
<image2>
OPTIONS:
0: A
1: B
2: C
3: D
4: E

Answer with the correct option from 0 to 4. Only provide the numeric and nothing else 

Answer: 
assistant
1",1,3,1,"user
 QUESTION: On the right you can see a picture of ladybird Sophie. Sophie turns. Which of the pictures below is not Sophie?
<image1>
<image2>
OPTIONS:
0: A
1: B
2: C
3: D
4: E

Answer with the correct option from 0 to 4. Only provide the numeric and nothing else 

Answer: 
assistant
2",2,3,1
179,329,"user
 QUESTION: Lucy folds a piece of paper exactly half way and then cuts out a figure:
<image1>
Then she unfolds the paper again. Which of the five pictures can she see?
<image2>
OPTIONS:
0: A
1: B
2: C
3: D
4: E

Answer with the correct option from 0 to 4. Only provide the numeric and nothing else 

Answer: 
assistant
1",1,3,1,"user
 QUESTION: Lucy folds a piece of paper exactly half way and then cuts out a figure:
<image1>
Then she unfolds the paper again. Which of the five pictures can she see?
<image2>
OPTIONS:
0: A
1: B
2: C
3: D
4: E

Answer with the correct option from 0 to 4. Only provide the numeric and nothing else 

Answer: 
assistant
2",2,3,1
180,331,"user
 QUESTION: The two colours of this picture are swapped. Then the picture is turned. Which of the pictures below is obtained?
<image1>
<image2>
OPTIONS:
0: A
1: B
2: C
3: D
4: E

Answer with the correct option from 0 to 4. Only provide the numeric and nothing else 

Answer: 
assistant
4",4,4,1,"user
 QUESTION: The two colours of this picture are swapped. Then the picture is turned. Which of the pictures below is obtained?
<image1>
<image2>
OPTIONS:
0: A
1: B
2: C
3: D
4: E

Answer with the correct option from 0 to 4. Only provide the numeric and nothing else 

Answer: 
assistant
2",2,4,1
181,332,"user
 QUESTION: <image1>
Felix the rabbit has 20 carrots. Every day he eats 2 of them. He has eaten the 12th carrot on a Wednesday. On which day of the week did he start eating the carrots?
OPTIONS:
0: Monday
1: Tuesday
2: Wednesday
3: Thursday
4: Friday

Answer with the correct option from 0 to 4. Only provide the numeric and nothing else 

Answer: 
assistant
2",2,4,3,"user
 QUESTION: <image1>
Felix the rabbit has 20 carrots. Every day he eats 2 of them. He has eaten the 12th carrot on a Wednesday. On which day of the week did he start eating the carrots?
OPTIONS:
0: Monday
1: Tuesday
2: Wednesday
3: Thursday
4: Friday

Answer with the correct option from 0 to 4. Only provide the numeric and nothing else 

Answer: 
assistant
1",1,4,3
182,336,"user
 QUESTION: A belt can be joined together in 5 different ways.
<image1>
How many $\mathrm{cm}$ is the belt longer if it is only closed in the first hole instead of in all 5 holes?
<image2>
OPTIONS:
0: $4 \mathrm{~cm}$
1: $8 \mathrm{~cm}$
2: $10 \mathrm{~cm}$
3: $16 \mathrm{~cm}$
4: $20 \mathrm{~cm}$

Answer with the correct option from 0 to 4. Only provide the numeric and nothing else 

Answer: 
assistant
1",1,1,3,"user
 QUESTION: A belt can be joined together in 5 different ways.
<image1>
How many $\mathrm{cm}$ is the belt longer if it is only closed in the first hole instead of in all 5 holes?
<image2>
OPTIONS:
0: $4 \mathrm{~cm}$
1: $8 \mathrm{~cm}$
2: $10 \mathrm{~cm}$
3: $16 \mathrm{~cm}$
4: $20 \mathrm{~cm}$

Answer with the correct option from 0 to 4. Only provide the numeric and nothing else 

Answer: 
assistant
2",2,1,3
183,337,"user
 QUESTION: A decorated glass tile is mirrored several times along the boldly printed edge. The first mirror image is shown.
<image1>
What does the tile on the far right look like after the third reflection?
<image2>
OPTIONS:
0: A
1: B
2: C
3: D
4: E

Answer with the correct option from 0 to 4. Only provide the numeric and nothing else 

Answer: 
assistant
2",2,1,1,"user
 QUESTION: A decorated glass tile is mirrored several times along the boldly printed edge. The first mirror image is shown.
<image1>
What does the tile on the far right look like after the third reflection?
<image2>
OPTIONS:
0: A
1: B
2: C
3: D
4: E

Answer with the correct option from 0 to 4. Only provide the numeric and nothing else 

Answer: 
assistant
0",0,1,1
184,341,"user
 QUESTION: There are two holes in the cover of a book. The book lies on the table opened up (see diagram).
<image1>
After closing up the book which vehicles can Olaf see?
<image2>
OPTIONS:
0: A
1: B
2: C
3: D
4: E

Answer with the correct option from 0 to 4. Only provide the numeric and nothing else 

Answer: 
assistant
1",1,3,5,"user
 QUESTION: There are two holes in the cover of a book. The book lies on the table opened up (see diagram).
<image1>
After closing up the book which vehicles can Olaf see?
<image2>
OPTIONS:
0: A
1: B
2: C
3: D
4: E

Answer with the correct option from 0 to 4. Only provide the numeric and nothing else 

Answer: 
assistant
2",2,3,5
185,342,"user
 QUESTION: Three people walked through the snow in their winter boots. In which order did they walk through the snow?
<image1>
<image2>
OPTIONS:
0: A
1: B
2: C
3: D
4: E

Answer with the correct option from 0 to 4. Only provide the numeric and nothing else 

Answer: 
assistant
3",3,0,5,"user
 QUESTION: Three people walked through the snow in their winter boots. In which order did they walk through the snow?
<image1>
<image2>
OPTIONS:
0: A
1: B
2: C
3: D
4: E

Answer with the correct option from 0 to 4. Only provide the numeric and nothing else 

Answer: 
assistant
0",0,0,5
186,343,"user
 QUESTION: Karina cuts out a piece of this form <image1> from the diagram on the right. Which one of the following pieces can she cut out?
<image2>
<image3>
OPTIONS:
0: (A)
1: (B)
2: (C)
3: (D)
4: (E)

Answer with the correct option from 0 to 4. Only provide the numeric and nothing else 

Answer: 
assistant
1",1,1,2,"user
 QUESTION: Karina cuts out a piece of this form <image1> from the diagram on the right. Which one of the following pieces can she cut out?
<image2>
<image3>
OPTIONS:
0: (A)
1: (B)
2: (C)
3: (D)
4: (E)

Answer with the correct option from 0 to 4. Only provide the numeric and nothing else 

Answer: 
assistant
2",2,1,2
187,344,"user
 QUESTION: Using the connected sticks shown, Pia forms different shapes. Which shape can she not make?
<image1>
<image2>
OPTIONS:
0: A
1: B
2: C
3: D
4: E

Answer with the correct option from 0 to 4. Only provide the numeric and nothing else 

Answer: 
assistant
1",1,3,2,"user
 QUESTION: Using the connected sticks shown, Pia forms different shapes. Which shape can she not make?
<image1>
<image2>
OPTIONS:
0: A
1: B
2: C
3: D
4: E

Answer with the correct option from 0 to 4. Only provide the numeric and nothing else 

Answer: 
assistant
2",2,3,2
188,346,"user
 QUESTION: All dogs are equally heavy.
<image1>
How much could one dog weigh?
OPTIONS:
0: $7 \mathrm{~kg}$
1: $8 \mathrm{~kg}$
2: $9 \mathrm{~kg}$
3: $10 \mathrm{~kg}$
4: $11 \mathrm{~kg}$

Answer with the correct option from 0 to 4. Only provide the numeric and nothing else 

Answer: 
assistant
1",1,4,2,"user
 QUESTION: All dogs are equally heavy.
<image1>
How much could one dog weigh?
OPTIONS:
0: $7 \mathrm{~kg}$
1: $8 \mathrm{~kg}$
2: $9 \mathrm{~kg}$
3: $10 \mathrm{~kg}$
4: $11 \mathrm{~kg}$

Answer with the correct option from 0 to 4. Only provide the numeric and nothing else 

Answer: 
assistant
0",0,4,2
189,349,"user
 QUESTION: The pictures show how much 2 pieces of fruit cost altogether.
<image1>
OPTIONS:
0: 8 Taler
1: 9 Taler
2: 10 Taler
3: 11 Taler
4: 12 Taler

Answer with the correct option from 0 to 4. Only provide the numeric and nothing else 

Answer: 
assistant
1",1,3,2,"user
 QUESTION: The pictures show how much 2 pieces of fruit cost altogether.
<image1>
OPTIONS:
0: 8 Taler
1: 9 Taler
2: 10 Taler
3: 11 Taler
4: 12 Taler

Answer with the correct option from 0 to 4. Only provide the numeric and nothing else 

Answer: 
assistant
2",2,3,2
190,351,"user
 QUESTION: From above, the corridor of a school looks like in the diagram. A cat walks along the dotted line drawn in the middle of the room. How many meters does the cat walk?
<image1>
OPTIONS:
0: $75 \mathrm{~m}$
1: $77 \mathrm{~m}$
2: $79 \mathrm{~m}$
3: $81 \mathrm{~m}$
4: $83 \mathrm{~m}$

Answer with the correct option from 0 to 4. Only provide the numeric and nothing else 

Answer: 
assistant
1",1,4,3,"user
 QUESTION: From above, the corridor of a school looks like in the diagram. A cat walks along the dotted line drawn in the middle of the room. How many meters does the cat walk?
<image1>
OPTIONS:
0: $75 \mathrm{~m}$
1: $77 \mathrm{~m}$
2: $79 \mathrm{~m}$
3: $81 \mathrm{~m}$
4: $83 \mathrm{~m}$

Answer with the correct option from 0 to 4. Only provide the numeric and nothing else 

Answer: 
assistant
2",2,4,3
191,353,"user
 QUESTION: John paints the squares of the board next to it if the result of the calculation inside them is 24. How did the painting of the board look?
\begin{tabular}{|l|l|l|}
\hline $28-4$ & $4 \times 6$ & $18+6$ \\
\hline $19+6$ & $8 \times 3$ & $29-6$ \\
\hline
\end{tabular}
<image1>
OPTIONS:
0: A
1: B
2: C
3: D
4: E

Answer with the correct option from 0 to 4. Only provide the numeric and nothing else 

Answer: 
assistant
2",2,2,3,"user
 QUESTION: John paints the squares of the board next to it if the result of the calculation inside them is 24. How did the painting of the board look?
\begin{tabular}{|l|l|l|}
\hline $28-4$ & $4 \times 6$ & $18+6$ \\
\hline $19+6$ & $8 \times 3$ & $29-6$ \\
\hline
\end{tabular}
<image1>
OPTIONS:
0: A
1: B
2: C
3: D
4: E

Answer with the correct option from 0 to 4. Only provide the numeric and nothing else 

Answer: 
assistant
0",0,2,3
192,355,"user
 QUESTION: Eli drew a board on the floor with nine squares and wrote a number on each of them, starting from 1 and adding 3 units to each new number he wrote, until he filled the board. In the picture, three of the numbers that Eli wrote appear. Which number below can be one of the numbers she wrote in the colored box?
<image1>
OPTIONS:
0: 10
1: 14
2: 17
3: 20
4: 22

Answer with the correct option from 0 to 4. Only provide the numeric and nothing else 

Answer: 
assistant
1",1,4,2,"user
 QUESTION: Eli drew a board on the floor with nine squares and wrote a number on each of them, starting from 1 and adding 3 units to each new number he wrote, until he filled the board. In the picture, three of the numbers that Eli wrote appear. Which number below can be one of the numbers she wrote in the colored box?
<image1>
OPTIONS:
0: 10
1: 14
2: 17
3: 20
4: 22

Answer with the correct option from 0 to 4. Only provide the numeric and nothing else 

Answer: 
assistant
2",2,4,2
193,356,"user
 QUESTION: Five children should paint three quarters of the total amount of the little squares on their trays. One of the children A, B, C, D or E was wrong. Which one?
<image1>
OPTIONS:
0: A
1: B
2: C
3: D
4: E

Answer with the correct option from 0 to 4. Only provide the numeric and nothing else 

Answer: 
assistant
0",0,2,2,"user
 QUESTION: Five children should paint three quarters of the total amount of the little squares on their trays. One of the children A, B, C, D or E was wrong. Which one?
<image1>
OPTIONS:
0: A
1: B
2: C
3: D
4: E

Answer with the correct option from 0 to 4. Only provide the numeric and nothing else 

Answer: 
assistant
2",2,2,2
194,357,"user
 QUESTION: Janaína made the construction on a grid, using some lighted colored cubes and others darker. Looking from above the construction, what can she see?
<image1>
<image2>
OPTIONS:
0: A
1: B
2: C
3: D
4: E

Answer with the correct option from 0 to 4. Only provide the numeric and nothing else 

Answer: 
assistant
1",1,1,5,"user
 QUESTION: Janaína made the construction on a grid, using some lighted colored cubes and others darker. Looking from above the construction, what can she see?
<image1>
<image2>
OPTIONS:
0: A
1: B
2: C
3: D
4: E

Answer with the correct option from 0 to 4. Only provide the numeric and nothing else 

Answer: 
assistant
2",2,1,5
195,358,"user
 QUESTION: Julia drew the picture on the side of a cardboard sheet, cut, folded and glued to form a cube. Which of the cubes below can be the one she did?
<image1>
<image2>
OPTIONS:
0: A
1: B
2: C
3: D
4: E

Answer with the correct option from 0 to 4. Only provide the numeric and nothing else 

Answer: 
assistant
3",3,0,5,"user
 QUESTION: Julia drew the picture on the side of a cardboard sheet, cut, folded and glued to form a cube. Which of the cubes below can be the one she did?
<image1>
<image2>
OPTIONS:
0: A
1: B
2: C
3: D
4: E

Answer with the correct option from 0 to 4. Only provide the numeric and nothing else 

Answer: 
assistant
2",2,0,5
196,359,"user
 QUESTION: The $4 \times 4$ grid without a little square, shown beside, was divided into three equal pieces. Which of the following figures represents one of these pieces?
<image1>
<image2>
OPTIONS:
0: A
1: B
2: C
3: D
4: E

Answer with the correct option from 0 to 4. Only provide the numeric and nothing else 

Answer: 
assistant
3",3,0,2,"user
 QUESTION: The $4 \times 4$ grid without a little square, shown beside, was divided into three equal pieces. Which of the following figures represents one of these pieces?
<image1>
<image2>
OPTIONS:
0: A
1: B
2: C
3: D
4: E

Answer with the correct option from 0 to 4. Only provide the numeric and nothing else 

Answer: 
assistant
2",2,0,2
197,360,"user
 QUESTION: Erik has 4 bricks of the same size: <image1>. Which of the cubes shown below can he make with his 4 bricks?
<image2>
OPTIONS:
0: A
1: B
2: C
3: D
4: E

Answer with the correct option from 0 to 4. Only provide the numeric and nothing else 

Answer: 
assistant
4",4,2,2,"user
 QUESTION: Erik has 4 bricks of the same size: <image1>. Which of the cubes shown below can he make with his 4 bricks?
<image2>
OPTIONS:
0: A
1: B
2: C
3: D
4: E

Answer with the correct option from 0 to 4. Only provide the numeric and nothing else 

Answer: 
assistant
1",1,2,2
198,361,"user
 QUESTION: Alaya draws a picture of the sun. Which of the following answers is part of her picture?
<image1>
<image2>
OPTIONS:
0: (A)
1: (B)
2: (C)
3: (D)
4: (E)

Answer with the correct option from 0 to 4. Only provide the numeric and nothing else 

Answer: 
assistant
1",1,1,2,"user
 QUESTION: Alaya draws a picture of the sun. Which of the following answers is part of her picture?
<image1>
<image2>
OPTIONS:
0: (A)
1: (B)
2: (C)
3: (D)
4: (E)

Answer with the correct option from 0 to 4. Only provide the numeric and nothing else 

Answer: 
assistant
2",2,1,2
199,362,"user
 QUESTION: Five boys competed in a shooting challenge. Ricky scored the most points. Which target was Ricky's?
<image1>
OPTIONS:
0: A
1: B
2: C
3: D
4: E

Answer with the correct option from 0 to 4. Only provide the numeric and nothing else 

Answer: 
assistant
0",0,4,3,"user
 QUESTION: Five boys competed in a shooting challenge. Ricky scored the most points. Which target was Ricky's?
<image1>
OPTIONS:
0: A
1: B
2: C
3: D
4: E

Answer with the correct option from 0 to 4. Only provide the numeric and nothing else 

Answer: 
assistant
2",2,4,3
200,363,"user
 QUESTION: Nisa has 3 different types of cards in a game: apple <image1>, cherry <image2> and grapes <image3>. She chooses 2 cards from the set and swaps their places. She wants to arrange the cards so that all the cards with the same fruit on are next to each other. For which set is this NOT possible?
<image4>
OPTIONS:
0: A
1: B
2: C
3: D
4: E

Answer with the correct option from 0 to 4. Only provide the numeric and nothing else 

Answer: 
assistant
4",4,0,3,"user
 QUESTION: Nisa has 3 different types of cards in a game: apple <image1>, cherry <image2> and grapes <image3>. She chooses 2 cards from the set and swaps their places. She wants to arrange the cards so that all the cards with the same fruit on are next to each other. For which set is this NOT possible?
<image4>
OPTIONS:
0: A
1: B
2: C
3: D
4: E

Answer with the correct option from 0 to 4. Only provide the numeric and nothing else 

Answer: 
assistant
2",2,0,3
201,364,"user
 QUESTION: Sofie wants to pick 5 different shapes from the boxes. She can only pick 1 shape from each box. Which shape must she pick from box 4?
<image1>
<image2>
OPTIONS:
0: (A)
1: (B)
2: (C)
3: (D)
4: (E)

Answer with the correct option from 0 to 4. Only provide the numeric and nothing else 

Answer: 
assistant
4",4,4,2,"user
 QUESTION: Sofie wants to pick 5 different shapes from the boxes. She can only pick 1 shape from each box. Which shape must she pick from box 4?
<image1>
<image2>
OPTIONS:
0: (A)
1: (B)
2: (C)
3: (D)
4: (E)

Answer with the correct option from 0 to 4. Only provide the numeric and nothing else 

Answer: 
assistant
2",2,4,2
202,366,"user
 QUESTION: The 5 balls shown begin to move simultaneously in the directions indicated by their arrows.
<image1>
When two balls going in opposite directions collide, the bigger ball swallows the smaller one and increases its value by the value of the smaller ball. The bigger ball continues to move in its original direction, as shown in the following example.
<image2>
What is the final result of the collisions of the 5 balls shown?
<image3>
OPTIONS:
0: A
1: B
2: C
3: D
4: E

Answer with the correct option from 0 to 4. Only provide the numeric and nothing else 

Answer: 
assistant
0",0,2,3,"user
 QUESTION: The 5 balls shown begin to move simultaneously in the directions indicated by their arrows.
<image1>
When two balls going in opposite directions collide, the bigger ball swallows the smaller one and increases its value by the value of the smaller ball. The bigger ball continues to move in its original direction, as shown in the following example.
<image2>
What is the final result of the collisions of the 5 balls shown?
<image3>
OPTIONS:
0: A
1: B
2: C
3: D
4: E

Answer with the correct option from 0 to 4. Only provide the numeric and nothing else 

Answer: 
assistant
2",2,2,3
203,367,"user
 QUESTION: Nora plays with 3 cups on the kitchen table. She takes the left-hand cup, flips it over, and puts it to the right of the other cups. The picture shows the first
move. What do the cups look like after 10 moves?
<image1>
<image2>
OPTIONS:
0: (A)
1: (B)
2: (C)
3: (D)
4: (E)

Answer with the correct option from 0 to 4. Only provide the numeric and nothing else 

Answer: 
assistant
2",2,1,2,"user
 QUESTION: Nora plays with 3 cups on the kitchen table. She takes the left-hand cup, flips it over, and puts it to the right of the other cups. The picture shows the first
move. What do the cups look like after 10 moves?
<image1>
<image2>
OPTIONS:
0: (A)
1: (B)
2: (C)
3: (D)
4: (E)

Answer with the correct option from 0 to 4. Only provide the numeric and nothing else 

Answer: 
assistant
0",0,1,2
204,370,"user
 QUESTION: Martin placed 3 different types of objects, hexagons <image1>, squares <image2> and triangles <image3>, on sets of scales, as shown.
<image4>
What does he need to put on the left-hand side on the third set of scales for these scales to balance?
OPTIONS:
0: 1 square
1: 2 squares
2: 1 hexagon
3: 1 triangle
4: 2 triangles

Answer with the correct option from 0 to 4. Only provide the numeric and nothing else 

Answer: 
assistant
1",1,0,2,"user
 QUESTION: Martin placed 3 different types of objects, hexagons <image1>, squares <image2> and triangles <image3>, on sets of scales, as shown.
<image4>
What does he need to put on the left-hand side on the third set of scales for these scales to balance?
OPTIONS:
0: 1 square
1: 2 squares
2: 1 hexagon
3: 1 triangle
4: 2 triangles

Answer with the correct option from 0 to 4. Only provide the numeric and nothing else 

Answer: 
assistant
3",3,0,2
205,371,"user
 QUESTION: The bee wants to get to the flower. Each arrow indicates a move to one neighbouring square. Which path can the bee fly to get to the flower?
<image1>
OPTIONS:
0: $\downarrow \rightarrow \rightarrow \downarrow \downarrow \downarrow$
1: $\downarrow \downarrow \rightarrow \downarrow \downarrow \rightarrow$
2: $\rightarrow \downarrow \rightarrow \downarrow \rightarrow \rightarrow$
3: $\rightarrow \rightarrow \downarrow \downarrow \downarrow \downarrow$
4: $\rightarrow \downarrow \rightarrow \downarrow \downarrow \rightarrow$

Answer with the correct option from 0 to 4. Only provide the numeric and nothing else 

Answer: 
assistant
4",4,4,2,"user
 QUESTION: The bee wants to get to the flower. Each arrow indicates a move to one neighbouring square. Which path can the bee fly to get to the flower?
<image1>
OPTIONS:
0: $\downarrow \rightarrow \rightarrow \downarrow \downarrow \downarrow$
1: $\downarrow \downarrow \rightarrow \downarrow \downarrow \rightarrow$
2: $\rightarrow \downarrow \rightarrow \downarrow \rightarrow \rightarrow$
3: $\rightarrow \rightarrow \downarrow \downarrow \downarrow \downarrow$
4: $\rightarrow \downarrow \rightarrow \downarrow \downarrow \rightarrow$

Answer with the correct option from 0 to 4. Only provide the numeric and nothing else 

Answer: 
assistant
0",0,4,2
206,372,"user
 QUESTION: One of the five coins $A, B, C, D$ or $E$ shall be placed in an empty square so that there are exactly two coins in each row and in each column. Which coin should be moved?
<image1>
OPTIONS:
0: A
1: B
2: C
3: D
4: E

Answer with the correct option from 0 to 4. Only provide the numeric and nothing else 

Answer: 
assistant
3",3,2,2,"user
 QUESTION: One of the five coins $A, B, C, D$ or $E$ shall be placed in an empty square so that there are exactly two coins in each row and in each column. Which coin should be moved?
<image1>
OPTIONS:
0: A
1: B
2: C
3: D
4: E

Answer with the correct option from 0 to 4. Only provide the numeric and nothing else 

Answer: 
assistant
1",1,2,2
207,373,"user
 QUESTION: If a laser beam hits a mirror it changes its direction (see left diagram). Each mirror has mirrored sides on both sides. At which letter does the laser beam end?
<image1>
OPTIONS:
0: A
1: B
2: C
3: D
4: E

Answer with the correct option from 0 to 4. Only provide the numeric and nothing else 

Answer: 
assistant
4",4,1,1,"user
 QUESTION: If a laser beam hits a mirror it changes its direction (see left diagram). Each mirror has mirrored sides on both sides. At which letter does the laser beam end?
<image1>
OPTIONS:
0: A
1: B
2: C
3: D
4: E

Answer with the correct option from 0 to 4. Only provide the numeric and nothing else 

Answer: 
assistant
2",2,1,1
208,374,"user
 QUESTION: In the diagram below two neighbouring squares are never allowed to have the same number. Which puzzle piece has to be placed in the gap so that this rule is followed?
<image1>
<image2>
OPTIONS:
0: (A)
1: (B)
2: (C)
3: (D)
4: (E)

Answer with the correct option from 0 to 4. Only provide the numeric and nothing else 

Answer: 
assistant
3",3,3,3,"user
 QUESTION: In the diagram below two neighbouring squares are never allowed to have the same number. Which puzzle piece has to be placed in the gap so that this rule is followed?
<image1>
<image2>
OPTIONS:
0: (A)
1: (B)
2: (C)
3: (D)
4: (E)

Answer with the correct option from 0 to 4. Only provide the numeric and nothing else 

Answer: 
assistant
2",2,3,3
209,377,"user
 QUESTION: The members of a family of kangaroos are 2, 4, 5, 6, 8 and 10 years old. Four of them are 22 years old when added together. How old are the other two kangaroos?
<image1>
OPTIONS:
0: 2 and 8
1: 4 and 5
2: 5 and 8
3: 6 and 8
4: 6 and 10

Answer with the correct option from 0 to 4. Only provide the numeric and nothing else 

Answer: 
assistant
0",0,2,2,"user
 QUESTION: The members of a family of kangaroos are 2, 4, 5, 6, 8 and 10 years old. Four of them are 22 years old when added together. How old are the other two kangaroos?
<image1>
OPTIONS:
0: 2 and 8
1: 4 and 5
2: 5 and 8
3: 6 and 8
4: 6 and 10

Answer with the correct option from 0 to 4. Only provide the numeric and nothing else 

Answer: 
assistant
2",2,2,2
210,380,"user
 QUESTION: The little caterpillar <image1> rolls up to go to sleep. What could it look like then?
<image2>
OPTIONS:
0: A
1: B
2: C
3: D
4: E

Answer with the correct option from 0 to 4. Only provide the numeric and nothing else 

Answer: 
assistant
2",2,0,1,"user
 QUESTION: The little caterpillar <image1> rolls up to go to sleep. What could it look like then?
<image2>
OPTIONS:
0: A
1: B
2: C
3: D
4: E

Answer with the correct option from 0 to 4. Only provide the numeric and nothing else 

Answer: 
assistant
0",0,0,1
211,381,"user
 QUESTION: A pyramid is built from cubes (see diagram)
All cubes have side length $10 \mathrm{~cm}$.
An ant crawls along the line drawn across the pyramid (see diagram).
How long is the path taken by the ant?
<image1>
OPTIONS:
0: $30 \mathrm{~cm}$
1: $60 \mathrm{~cm}$
2: $70 \mathrm{~cm}$
3: $80 \mathrm{~cm}$
4: $90 \mathrm{~cm}$

Answer with the correct option from 0 to 4. Only provide the numeric and nothing else 

Answer: 
assistant
3",3,4,5,"user
 QUESTION: A pyramid is built from cubes (see diagram)
All cubes have side length $10 \mathrm{~cm}$.
An ant crawls along the line drawn across the pyramid (see diagram).
How long is the path taken by the ant?
<image1>
OPTIONS:
0: $30 \mathrm{~cm}$
1: $60 \mathrm{~cm}$
2: $70 \mathrm{~cm}$
3: $80 \mathrm{~cm}$
4: $90 \mathrm{~cm}$

Answer with the correct option from 0 to 4. Only provide the numeric and nothing else 

Answer: 
assistant
2",2,4,5
212,383,"user
 QUESTION: Five children each light a candle at the same time. Lisa blows out the candles at different times. Now they look as shown in the picture.
<image1>
Which candle did Lisa blow out first?
OPTIONS:
0: A
1: B
2: C
3: D
4: E

Answer with the correct option from 0 to 4. Only provide the numeric and nothing else 

Answer: 
assistant
0",0,3,3,"user
 QUESTION: Five children each light a candle at the same time. Lisa blows out the candles at different times. Now they look as shown in the picture.
<image1>
Which candle did Lisa blow out first?
OPTIONS:
0: A
1: B
2: C
3: D
4: E

Answer with the correct option from 0 to 4. Only provide the numeric and nothing else 

Answer: 
assistant
2",2,3,3
213,385,"user
 QUESTION: Alice has these four jigsaw pieces:
<image1>
Which two can she put together to form this square?
OPTIONS:
0: 1 and 2
1: 1 and 3
2: 2 and 3
3: 2 and 4
4: 1 and 4

Answer with the correct option from 0 to 4. Only provide the numeric and nothing else 

Answer: 
assistant
2",2,4,2,"user
 QUESTION: Alice has these four jigsaw pieces:
<image1>
Which two can she put together to form this square?
OPTIONS:
0: 1 and 2
1: 1 and 3
2: 2 and 3
3: 2 and 4
4: 1 and 4

Answer with the correct option from 0 to 4. Only provide the numeric and nothing else 

Answer: 
assistant
1",1,4,2
214,386,"user
 QUESTION: Christoph folds a see-through piece of foil along the dashed line. What can he then see?
<image1>
<image2>
OPTIONS:
0: A
1: B
2: C
3: D
4: E

Answer with the correct option from 0 to 4. Only provide the numeric and nothing else 

Answer: 
assistant
2",2,0,5,"user
 QUESTION: Christoph folds a see-through piece of foil along the dashed line. What can he then see?
<image1>
<image2>
OPTIONS:
0: A
1: B
2: C
3: D
4: E

Answer with the correct option from 0 to 4. Only provide the numeric and nothing else 

Answer: 
assistant
1",1,0,5
215,387,"user
 QUESTION: Daniel sticks these two pieces of paper <image1> on this black circle: <image2> The two pieces of paper are not allowed to overlap. Which picture does he get?
<image3>
OPTIONS:
0: A
1: B
2: C
3: D
4: E

Answer with the correct option from 0 to 4. Only provide the numeric and nothing else 

Answer: 
assistant
1",1,4,2,"user
 QUESTION: Daniel sticks these two pieces of paper <image1> on this black circle: <image2> The two pieces of paper are not allowed to overlap. Which picture does he get?
<image3>
OPTIONS:
0: A
1: B
2: C
3: D
4: E

Answer with the correct option from 0 to 4. Only provide the numeric and nothing else 

Answer: 
assistant
0",0,4,2
216,388,"user
 QUESTION: Using the pieces $A, B, C, D$ and $E$ one can fill this shape completely: Which of the pieces lies on the dot?
<image1>
<image2>
OPTIONS:
0: A
1: B
2: C
3: D
4: E

Answer with the correct option from 0 to 4. Only provide the numeric and nothing else 

Answer: 
assistant
1",1,4,2,"user
 QUESTION: Using the pieces $A, B, C, D$ and $E$ one can fill this shape completely: Which of the pieces lies on the dot?
<image1>
<image2>
OPTIONS:
0: A
1: B
2: C
3: D
4: E

Answer with the correct option from 0 to 4. Only provide the numeric and nothing else 

Answer: 
assistant
2",2,4,2
217,389,"user
 QUESTION: The six weights of a scale weigh $1 \mathrm{~kg}, 2 \mathrm{~kg}, 3 \mathrm{~kg}, 4 \mathrm{~kg}, 5 \mathrm{~kg}$ and $6 \mathrm{~kg}$. Rosi places five weights on the two scale pans so that they are balanced. The sixth weight is left aside. Which weight is left aside?
<image1>
OPTIONS:
0: $1 \mathrm{~kg}$
1: $2 \mathrm{~kg}$
2: $3 \mathrm{~kg}$
3: $4 \mathrm{~kg}$
4: $5 \mathrm{~kg}$

Answer with the correct option from 0 to 4. Only provide the numeric and nothing else 

Answer: 
assistant
0",0,0,2,"user
 QUESTION: The six weights of a scale weigh $1 \mathrm{~kg}, 2 \mathrm{~kg}, 3 \mathrm{~kg}, 4 \mathrm{~kg}, 5 \mathrm{~kg}$ and $6 \mathrm{~kg}$. Rosi places five weights on the two scale pans so that they are balanced. The sixth weight is left aside. Which weight is left aside?
<image1>
OPTIONS:
0: $1 \mathrm{~kg}$
1: $2 \mathrm{~kg}$
2: $3 \mathrm{~kg}$
3: $4 \mathrm{~kg}$
4: $5 \mathrm{~kg}$

Answer with the correct option from 0 to 4. Only provide the numeric and nothing else 

Answer: 
assistant
2",2,0,2
218,392,"user
 QUESTION: Rebecca folds a square piece of paper twice. Then she cuts off one corner as you can see in the diagram.
<image1>
Then she unfolds the paper. What could the paper look like now?
<image2>
OPTIONS:
0: A
1: B
2: C
3: D
4: E

Answer with the correct option from 0 to 4. Only provide the numeric and nothing else 

Answer: 
assistant
4",4,1,1,"user
 QUESTION: Rebecca folds a square piece of paper twice. Then she cuts off one corner as you can see in the diagram.
<image1>
Then she unfolds the paper. What could the paper look like now?
<image2>
OPTIONS:
0: A
1: B
2: C
3: D
4: E

Answer with the correct option from 0 to 4. Only provide the numeric and nothing else 

Answer: 
assistant
2",2,1,1
219,393,"user
 QUESTION: Five clocks are hanging on the wall. One clock is one hour ahead. Another one is one hour late and one is correct. Two clocks have stopped working. Which clock shows the correct time?
<image1>
OPTIONS:
0: A
1: B
2: C
3: D
4: E

Answer with the correct option from 0 to 4. Only provide the numeric and nothing else 

Answer: 
assistant
3",3,3,3,"user
 QUESTION: Five clocks are hanging on the wall. One clock is one hour ahead. Another one is one hour late and one is correct. Two clocks have stopped working. Which clock shows the correct time?
<image1>
OPTIONS:
0: A
1: B
2: C
3: D
4: E

Answer with the correct option from 0 to 4. Only provide the numeric and nothing else 

Answer: 
assistant
2",2,3,3
220,394,"user
 QUESTION: Else has two machines R and S. If she puts a square piece of paper into machine $R$ it is rotated: <image1>
If she puts the piece of paper in machine $S$ it is printed on: <image2>
She wants to produce the following picture: <image3>
In which order does Else use the two machines so that she gets this picture?
<image4>
OPTIONS:
0: SRR
1: RSR
2: RSS
3: RRS
4: SRS

Answer with the correct option from 0 to 4. Only provide the numeric and nothing else 

Answer: 
assistant
4",4,1,1,"user
 QUESTION: Else has two machines R and S. If she puts a square piece of paper into machine $R$ it is rotated: <image1>
If she puts the piece of paper in machine $S$ it is printed on: <image2>
She wants to produce the following picture: <image3>
In which order does Else use the two machines so that she gets this picture?
<image4>
OPTIONS:
0: SRR
1: RSR
2: RSS
3: RRS
4: SRS

Answer with the correct option from 0 to 4. Only provide the numeric and nothing else 

Answer: 
assistant
1",1,1,1
221,395,"user
 QUESTION: Maria colours exactly 5 cells of this grid <image1> in grey. Then she has her 5 friends guess which cells she has coloured in and their answers are the five patterns $A, B, C, D$ and $E$. Maria looks at the patterns and says: ""One of you is right. The others have each guessed exactly four cells correctly."" Which pattern did Maria paint?
<image2>
OPTIONS:
0: A
1: B
2: C
3: D
4: E

Answer with the correct option from 0 to 4. Only provide the numeric and nothing else 

Answer: 
assistant
1",1,4,2,"user
 QUESTION: Maria colours exactly 5 cells of this grid <image1> in grey. Then she has her 5 friends guess which cells she has coloured in and their answers are the five patterns $A, B, C, D$ and $E$. Maria looks at the patterns and says: ""One of you is right. The others have each guessed exactly four cells correctly."" Which pattern did Maria paint?
<image2>
OPTIONS:
0: A
1: B
2: C
3: D
4: E

Answer with the correct option from 0 to 4. Only provide the numeric and nothing else 

Answer: 
assistant
2",2,4,2
222,397,"user
 QUESTION: Walter displayed all the integers from 0 to 109 according to some simple rule. Here is the beginning of his 5-column numeral chart. Which of the following elements could not be the a part of Walter's chart?
<image1>
<image2>
OPTIONS:
0: A
1: B
2: C
3: D
4: E

Answer with the correct option from 0 to 4. Only provide the numeric and nothing else 

Answer: 
assistant
2",2,1,2,"user
 QUESTION: Walter displayed all the integers from 0 to 109 according to some simple rule. Here is the beginning of his 5-column numeral chart. Which of the following elements could not be the a part of Walter's chart?
<image1>
<image2>
OPTIONS:
0: A
1: B
2: C
3: D
4: E

Answer with the correct option from 0 to 4. Only provide the numeric and nothing else 

Answer: 
assistant
3",3,1,2
223,398,"user
 QUESTION: You have two identical pieces that you can turn around but not upside down. Which picture can you not make with these two pieces?
<image1>
<image2>
OPTIONS:
0: A
1: B
2: C
3: D
4: E

Answer with the correct option from 0 to 4. Only provide the numeric and nothing else 

Answer: 
assistant
1",1,3,2,"user
 QUESTION: You have two identical pieces that you can turn around but not upside down. Which picture can you not make with these two pieces?
<image1>
<image2>
OPTIONS:
0: A
1: B
2: C
3: D
4: E

Answer with the correct option from 0 to 4. Only provide the numeric and nothing else 

Answer: 
assistant
0",0,3,2
224,399,"user
 QUESTION: We have cut off one corner of a cube. Which of the developments below is the development of the remaining part?
<image1>
<image2>
OPTIONS:
0: A
1: B
2: C
3: D
4: E

Answer with the correct option from 0 to 4. Only provide the numeric and nothing else 

Answer: 
assistant
1",1,4,5,"user
 QUESTION: We have cut off one corner of a cube. Which of the developments below is the development of the remaining part?
<image1>
<image2>
OPTIONS:
0: A
1: B
2: C
3: D
4: E

Answer with the correct option from 0 to 4. Only provide the numeric and nothing else 

Answer: 
assistant
2",2,4,5
225,403,"user
 QUESTION: Choose the picture where the angle between the hands of a watch is $150^{\circ}$.
<image1>
OPTIONS:
0: A
1: B
2: C
3: D
4: E

Answer with the correct option from 0 to 4. Only provide the numeric and nothing else 

Answer: 
assistant
0",0,4,3,"user
 QUESTION: Choose the picture where the angle between the hands of a watch is $150^{\circ}$.
<image1>
OPTIONS:
0: A
1: B
2: C
3: D
4: E

Answer with the correct option from 0 to 4. Only provide the numeric and nothing else 

Answer: 
assistant
2",2,4,3
226,405,"user
 QUESTION: A square consists of 10 by 10 little squares. Those little squares are coloured in diagonals: red, white, blue, green, purple, red, white,
blue,... What will be the colour of the square in the right corner below?
<image1>
OPTIONS:
0: Red
1: White
2: Blue
3: Green
4: Purple

Answer with the correct option from 0 to 4. Only provide the numeric and nothing else 

Answer: 
assistant
4",4,3,2,"user
 QUESTION: A square consists of 10 by 10 little squares. Those little squares are coloured in diagonals: red, white, blue, green, purple, red, white,
blue,... What will be the colour of the square in the right corner below?
<image1>
OPTIONS:
0: Red
1: White
2: Blue
3: Green
4: Purple

Answer with the correct option from 0 to 4. Only provide the numeric and nothing else 

Answer: 
assistant
0",0,3,2
227,406,"user
 QUESTION: $|A B|=4 \mathrm{~m},|B C|=1 \mathrm{~m}$. $E$ is a midpoint of $A B, F$ is a midpoint of $A E, G$ is a midpoint of $A D$ and $H$ is a midpoint of $A G$. The area of the black rectangle is equal to:
<image1>
OPTIONS:
0: $\frac{1}{4} \mathrm{~m}^{2}$
1: $1 \mathrm{~m}^{2}$
2: $\frac{1}{8} \mathrm{~m}^{2}$
3: $\frac{1}{2} \mathrm{~m}^{2} $
4: $\frac{1}{16} \mathrm{~m}^{2}$

Answer with the correct option from 0 to 4. Only provide the numeric and nothing else 

Answer: 
assistant
2",2,0,2,"user
 QUESTION: $|A B|=4 \mathrm{~m},|B C|=1 \mathrm{~m}$. $E$ is a midpoint of $A B, F$ is a midpoint of $A E, G$ is a midpoint of $A D$ and $H$ is a midpoint of $A G$. The area of the black rectangle is equal to:
<image1>
OPTIONS:
0: $\frac{1}{4} \mathrm{~m}^{2}$
1: $1 \mathrm{~m}^{2}$
2: $\frac{1}{8} \mathrm{~m}^{2}$
3: $\frac{1}{2} \mathrm{~m}^{2} $
4: $\frac{1}{16} \mathrm{~m}^{2}$

Answer with the correct option from 0 to 4. Only provide the numeric and nothing else 

Answer: 
assistant
3",3,0,2
228,407,"user
 QUESTION: Which will be the result?
<image1>
OPTIONS:
0: 111 111 111
1: 1 010 101 010
2: 100 000 000
3: 999 999 999
4: 1 000 000 000

Answer with the correct option from 0 to 4. Only provide the numeric and nothing else 

Answer: 
assistant
0",0,1,2,"user
 QUESTION: Which will be the result?
<image1>
OPTIONS:
0: 111 111 111
1: 1 010 101 010
2: 100 000 000
3: 999 999 999
4: 1 000 000 000

Answer with the correct option from 0 to 4. Only provide the numeric and nothing else 

Answer: 
assistant
4",4,1,2
229,410,"user
 QUESTION: On the faces of a cube are written letters. First figure represents one possibility of its net. What letter should be written instead of the question mark in the other version of its net?
<image1>
OPTIONS:
0: A
1: B
2: C
3: E
4: Impossible to determine

Answer with the correct option from 0 to 4. Only provide the numeric and nothing else 

Answer: 
assistant
1",1,3,5,"user
 QUESTION: On the faces of a cube are written letters. First figure represents one possibility of its net. What letter should be written instead of the question mark in the other version of its net?
<image1>
OPTIONS:
0: A
1: B
2: C
3: E
4: Impossible to determine

Answer with the correct option from 0 to 4. Only provide the numeric and nothing else 

Answer: 
assistant
3",3,3,5
230,417,"user
 QUESTION: The squares are formed by intersecting the segment $A B$ of $24 \mathrm{~cm}$ by the broken line $A A_{1} A_{2} \ldots A_{12} B$ (see the figure). Find the length of $A A_{1} A_{2} \ldots A_{12} B$.
<image1>
OPTIONS:
0: $48 \mathrm{~cm}$
1: $72 \mathrm{~cm}$
2: $96 \mathrm{~cm}$
3: $56 \mathrm{~cm}$
4: $106 \mathrm{~cm}$

Answer with the correct option from 0 to 4. Only provide the numeric and nothing else 

Answer: 
assistant
1",1,1,3,"user
 QUESTION: The squares are formed by intersecting the segment $A B$ of $24 \mathrm{~cm}$ by the broken line $A A_{1} A_{2} \ldots A_{12} B$ (see the figure). Find the length of $A A_{1} A_{2} \ldots A_{12} B$.
<image1>
OPTIONS:
0: $48 \mathrm{~cm}$
1: $72 \mathrm{~cm}$
2: $96 \mathrm{~cm}$
3: $56 \mathrm{~cm}$
4: $106 \mathrm{~cm}$

Answer with the correct option from 0 to 4. Only provide the numeric and nothing else 

Answer: 
assistant
2",2,1,3
231,418,"user
 QUESTION: The side of the square $A B C D$ is $10 \mathrm{~cm}$. The inner point $E$ of the square is such that $\angle E A B=75^{\circ}, \angle A B E=30^{\circ}$. The length of the segment $E C$ is:
<image1>
OPTIONS:
0: $8 \mathrm{~cm}$
1: $9 \mathrm{~cm}$
2: $9.5 \mathrm{~cm}$
3: $10 \mathrm{~cm}$
4: $11 \mathrm{~cm}$

Answer with the correct option from 0 to 4. Only provide the numeric and nothing else 

Answer: 
assistant
3",3,3,3,"user
 QUESTION: The side of the square $A B C D$ is $10 \mathrm{~cm}$. The inner point $E$ of the square is such that $\angle E A B=75^{\circ}, \angle A B E=30^{\circ}$. The length of the segment $E C$ is:
<image1>
OPTIONS:
0: $8 \mathrm{~cm}$
1: $9 \mathrm{~cm}$
2: $9.5 \mathrm{~cm}$
3: $10 \mathrm{~cm}$
4: $11 \mathrm{~cm}$

Answer with the correct option from 0 to 4. Only provide the numeric and nothing else 

Answer: 
assistant
1",1,3,3
232,421,"user
 QUESTION: There are 5 boxes and each box contains some cards labeled K, M, H, P, T, as shown below. Peter wants to remove cards out of each box so that at the end each box contained only one card, and different boxes contained cards with different letters. Which card remains in the first box?
<image1>
OPTIONS:
0: It is impossible to do this
1: T
2: M
3: H
4: P

Answer with the correct option from 0 to 4. Only provide the numeric and nothing else 

Answer: 
assistant
4",4,3,2,"user
 QUESTION: There are 5 boxes and each box contains some cards labeled K, M, H, P, T, as shown below. Peter wants to remove cards out of each box so that at the end each box contained only one card, and different boxes contained cards with different letters. Which card remains in the first box?
<image1>
OPTIONS:
0: It is impossible to do this
1: T
2: M
3: H
4: P

Answer with the correct option from 0 to 4. Only provide the numeric and nothing else 

Answer: 
assistant
2",2,3,2
233,422,"user
 QUESTION: The triangle and the square have the same perimeter. What is the perimeter of the whole figure (a pentagon)?
<image1>
OPTIONS:
0: $12 \mathrm{~cm}$
1: $24 \mathrm{~cm}$
2: $28 \mathrm{~cm}$
3: $32 \mathrm{~cm}$
4: It depends on the lengths of triangle sides

Answer with the correct option from 0 to 4. Only provide the numeric and nothing else 

Answer: 
assistant
2",2,1,3,"user
 QUESTION: The triangle and the square have the same perimeter. What is the perimeter of the whole figure (a pentagon)?
<image1>
OPTIONS:
0: $12 \mathrm{~cm}$
1: $24 \mathrm{~cm}$
2: $28 \mathrm{~cm}$
3: $32 \mathrm{~cm}$
4: It depends on the lengths of triangle sides

Answer with the correct option from 0 to 4. Only provide the numeric and nothing else 

Answer: 
assistant
3",3,1,3
234,424,"user
 QUESTION: Which of the ""buildings"" A-E, each consisting of 5 cubes, cannot be obtained from the building on the right, if you are allowed to move only one cube?
<image1>
<image2>
OPTIONS:
0: A
1: B
2: C
3: D
4: E

Answer with the correct option from 0 to 4. Only provide the numeric and nothing else 

Answer: 
assistant
0",0,2,5,"user
 QUESTION: Which of the ""buildings"" A-E, each consisting of 5 cubes, cannot be obtained from the building on the right, if you are allowed to move only one cube?
<image1>
<image2>
OPTIONS:
0: A
1: B
2: C
3: D
4: E

Answer with the correct option from 0 to 4. Only provide the numeric and nothing else 

Answer: 
assistant
2",2,2,5
235,428,"user
 QUESTION: The diagram shows squares of different sizes. The side length of the smallest square is $20 \mathrm{~cm}$. How long is the black line?
<image1>
OPTIONS:
0: $380 \mathrm{~cm}$
1: $400 \mathrm{~cm}$
2: $420 \mathrm{~cm}$
3: $440 \mathrm{~cm}$
4: $1680 \mathrm{~cm}$

Answer with the correct option from 0 to 4. Only provide the numeric and nothing else 

Answer: 
assistant
2",2,2,2,"user
 QUESTION: The diagram shows squares of different sizes. The side length of the smallest square is $20 \mathrm{~cm}$. How long is the black line?
<image1>
OPTIONS:
0: $380 \mathrm{~cm}$
1: $400 \mathrm{~cm}$
2: $420 \mathrm{~cm}$
3: $440 \mathrm{~cm}$
4: $1680 \mathrm{~cm}$

Answer with the correct option from 0 to 4. Only provide the numeric and nothing else 

Answer: 
assistant
1",1,2,2
236,429,"user
 QUESTION: Which of the following is made using more than one piece of string?
<image1>
OPTIONS:
0: I, III, IV and V
1: III, IV and V
2: I, III and V
3: all
4: None of these answers

Answer with the correct option from 0 to 4. Only provide the numeric and nothing else 

Answer: 
assistant
1",1,2,4,"user
 QUESTION: Which of the following is made using more than one piece of string?
<image1>
OPTIONS:
0: I, III, IV and V
1: III, IV and V
2: I, III and V
3: all
4: None of these answers

Answer with the correct option from 0 to 4. Only provide the numeric and nothing else 

Answer: 
assistant
0",0,2,4
237,432,"user
 QUESTION: The number 4 is reflected twice in the picture. What apears in the field with the question mark if we do the same with the number 5 ?
<image1>
<image2>
OPTIONS:
0: A)
1: B)
2: C)
3: D)
4: E)

Answer with the correct option from 0 to 4. Only provide the numeric and nothing else 

Answer: 
assistant
3",3,2,1,"user
 QUESTION: The number 4 is reflected twice in the picture. What apears in the field with the question mark if we do the same with the number 5 ?
<image1>
<image2>
OPTIONS:
0: A)
1: B)
2: C)
3: D)
4: E)

Answer with the correct option from 0 to 4. Only provide the numeric and nothing else 

Answer: 
assistant
2",2,2,1
238,434,"user
 QUESTION: In the following figures you see five elastic bands, only one of which is tied in a knot. Which one?
<image1>
OPTIONS:
0: A
1: B
2: C
3: D
4: E

Answer with the correct option from 0 to 4. Only provide the numeric and nothing else 

Answer: 
assistant
1",1,3,4,"user
 QUESTION: In the following figures you see five elastic bands, only one of which is tied in a knot. Which one?
<image1>
OPTIONS:
0: A
1: B
2: C
3: D
4: E

Answer with the correct option from 0 to 4. Only provide the numeric and nothing else 

Answer: 
assistant
2",2,3,4
239,435,"user
 QUESTION: The figure should be rotated $180^{\circ}$ around point $\mathrm{F}$. What is the result?
<image1>
<image2>
OPTIONS:
0: A
1: B
2: C
3: D
4: E

Answer with the correct option from 0 to 4. Only provide the numeric and nothing else 

Answer: 
assistant
1",1,2,1,"user
 QUESTION: The figure should be rotated $180^{\circ}$ around point $\mathrm{F}$. What is the result?
<image1>
<image2>
OPTIONS:
0: A
1: B
2: C
3: D
4: E

Answer with the correct option from 0 to 4. Only provide the numeric and nothing else 

Answer: 
assistant
3",3,2,1
240,441,"user
 QUESTION: A shape is made by fitting together the four pieces of card with no overlaps. Which of the following shapes is not possible?
<image1>
<image2>
OPTIONS:
0: A)
1: B)
2: C)
3: D)
4: E)

Answer with the correct option from 0 to 4. Only provide the numeric and nothing else 

Answer: 
assistant
4",4,4,2,"user
 QUESTION: A shape is made by fitting together the four pieces of card with no overlaps. Which of the following shapes is not possible?
<image1>
<image2>
OPTIONS:
0: A)
1: B)
2: C)
3: D)
4: E)

Answer with the correct option from 0 to 4. Only provide the numeric and nothing else 

Answer: 
assistant
0",0,4,2
241,444,"user
 QUESTION: A blackboard has a total unfolded length of $6 \mathrm{~m}$. The middle section is $3 \mathrm{~m}$ long. How long is the section labelled with a questionmark?
<image1>
OPTIONS:
0: $1 \mathrm{~m}$
1: $1.25 \mathrm{~m}$
2: $1.5 \mathrm{~m}$
3: $1.75 \mathrm{~m}$
4: $2 \mathrm{~m}$

Answer with the correct option from 0 to 4. Only provide the numeric and nothing else 

Answer: 
assistant
2",2,2,3,"user
 QUESTION: A blackboard has a total unfolded length of $6 \mathrm{~m}$. The middle section is $3 \mathrm{~m}$ long. How long is the section labelled with a questionmark?
<image1>
OPTIONS:
0: $1 \mathrm{~m}$
1: $1.25 \mathrm{~m}$
2: $1.5 \mathrm{~m}$
3: $1.75 \mathrm{~m}$
4: $2 \mathrm{~m}$

Answer with the correct option from 0 to 4. Only provide the numeric and nothing else 

Answer: 
assistant
1",1,2,3
242,446,"user
 QUESTION: In addition to the weight of the basket a single balloon can lift $80 \mathrm{~kg}$. 2 balloons can lift $180 \mathrm{~kg}$ in addition to the weight of the basket. How heavy is the basket?
<image1>
OPTIONS:
0: $60 \mathrm{~kg}$
1: $50 \mathrm{~kg}$
2: $40 \mathrm{~kg}$
3: $30 \mathrm{~kg}$
4: $20 \mathrm{~kg}$

Answer with the correct option from 0 to 4. Only provide the numeric and nothing else 

Answer: 
assistant
1",1,4,2,"user
 QUESTION: In addition to the weight of the basket a single balloon can lift $80 \mathrm{~kg}$. 2 balloons can lift $180 \mathrm{~kg}$ in addition to the weight of the basket. How heavy is the basket?
<image1>
OPTIONS:
0: $60 \mathrm{~kg}$
1: $50 \mathrm{~kg}$
2: $40 \mathrm{~kg}$
3: $30 \mathrm{~kg}$
4: $20 \mathrm{~kg}$

Answer with the correct option from 0 to 4. Only provide the numeric and nothing else 

Answer: 
assistant
2",2,4,2
243,448,"user
 QUESTION: Lisa built a large cube out of 8 smaller ones. The small cubes have the same letter on each of their faces (A,B,C or D). Two cubes with a common face always have a different letter on them. Which letter is on the cube that cannot be seen in the picture?
<image1>
OPTIONS:
0: A
1: B
2: C
3: D
4: The picture is not possible.

Answer with the correct option from 0 to 4. Only provide the numeric and nothing else 

Answer: 
assistant
2",2,1,5,"user
 QUESTION: Lisa built a large cube out of 8 smaller ones. The small cubes have the same letter on each of their faces (A,B,C or D). Two cubes with a common face always have a different letter on them. Which letter is on the cube that cannot be seen in the picture?
<image1>
OPTIONS:
0: A
1: B
2: C
3: D
4: The picture is not possible.

Answer with the correct option from 0 to 4. Only provide the numeric and nothing else 

Answer: 
assistant
0",0,1,5
244,450,"user
 QUESTION: The upper coin rolls without sliding around the fixed lower coin. Which position will the two coins have afterwards?
<image1>
<image2>
OPTIONS:
0: A
1: B
2: C
3: D
4: E

Answer with the correct option from 0 to 4. Only provide the numeric and nothing else 

Answer: 
assistant
1",1,0,1,"user
 QUESTION: The upper coin rolls without sliding around the fixed lower coin. Which position will the two coins have afterwards?
<image1>
<image2>
OPTIONS:
0: A
1: B
2: C
3: D
4: E

Answer with the correct option from 0 to 4. Only provide the numeric and nothing else 

Answer: 
assistant
2",2,0,1
245,451,"user
 QUESTION: A regular octagon is folded three times down the middle as shown, until a triangle is formed. Then the rightmost corner is cut away. Which of the following shapes is formed when the paper is unfolded?
<image1>
<image2>
OPTIONS:
0: A
1: B
2: C
3: D
4: E

Answer with the correct option from 0 to 4. Only provide the numeric and nothing else 

Answer: 
assistant
4",4,2,1,"user
 QUESTION: A regular octagon is folded three times down the middle as shown, until a triangle is formed. Then the rightmost corner is cut away. Which of the following shapes is formed when the paper is unfolded?
<image1>
<image2>
OPTIONS:
0: A
1: B
2: C
3: D
4: E

Answer with the correct option from 0 to 4. Only provide the numeric and nothing else 

Answer: 
assistant
2",2,2,1
246,453,"user
 QUESTION: A few fields of a $4 \times 4$ grid were painted red. The numbers in the bottom row and left column give the number of fields coloured red. The red was then rubbed away. Which of the following could grids could be a solution?
<image1>
OPTIONS:
0: A
1: B
2: C
3: D
4: E

Answer with the correct option from 0 to 4. Only provide the numeric and nothing else 

Answer: 
assistant
0",0,3,2,"user
 QUESTION: A few fields of a $4 \times 4$ grid were painted red. The numbers in the bottom row and left column give the number of fields coloured red. The red was then rubbed away. Which of the following could grids could be a solution?
<image1>
OPTIONS:
0: A
1: B
2: C
3: D
4: E

Answer with the correct option from 0 to 4. Only provide the numeric and nothing else 

Answer: 
assistant
2",2,3,2
247,454,"user
 QUESTION: How far must Maria walk to reach her friend Bianca?
<image1>
OPTIONS:
0: $300 \mathrm{~m}$
1: $400 \mathrm{~m}$
2: $800 \mathrm{~m}$
3: $1 \mathrm{~km}$
4: $700 \mathrm{~m}$

Answer with the correct option from 0 to 4. Only provide the numeric and nothing else 

Answer: 
assistant
2",2,2,3,"user
 QUESTION: How far must Maria walk to reach her friend Bianca?
<image1>
OPTIONS:
0: $300 \mathrm{~m}$
1: $400 \mathrm{~m}$
2: $800 \mathrm{~m}$
3: $1 \mathrm{~km}$
4: $700 \mathrm{~m}$

Answer with the correct option from 0 to 4. Only provide the numeric and nothing else 

Answer: 
assistant
0",0,2,3
248,455,"user
 QUESTION: Patricia drives one afternoon at a constant speed to her friend. She looks at her watch as she leaves and when she arrives.
<image1>
In which position will the minute hand be when she has completed one third of her journey?
<image2>
OPTIONS:
0: A
1: B
2: C
3: D
4: E

Answer with the correct option from 0 to 4. Only provide the numeric and nothing else 

Answer: 
assistant
1",1,3,1,"user
 QUESTION: Patricia drives one afternoon at a constant speed to her friend. She looks at her watch as she leaves and when she arrives.
<image1>
In which position will the minute hand be when she has completed one third of her journey?
<image2>
OPTIONS:
0: A
1: B
2: C
3: D
4: E

Answer with the correct option from 0 to 4. Only provide the numeric and nothing else 

Answer: 
assistant
2",2,3,1
249,456,"user
 QUESTION: Johann stacks $1 \times 1$ cubes on the squares of a $4 \times 4$ grid. The diagram on the right shows how many cubes were piled on top of each other on each square of the grid. What will Johann see if he looks from behind (hinten) at the tower?
<image1>
<image2>
OPTIONS:
0: (A)
1: (B)
2: (C)
3: (D)
4: (E)

Answer with the correct option from 0 to 4. Only provide the numeric and nothing else 

Answer: 
assistant
2",2,2,5,"user
 QUESTION: Johann stacks $1 \times 1$ cubes on the squares of a $4 \times 4$ grid. The diagram on the right shows how many cubes were piled on top of each other on each square of the grid. What will Johann see if he looks from behind (hinten) at the tower?
<image1>
<image2>
OPTIONS:
0: (A)
1: (B)
2: (C)
3: (D)
4: (E)

Answer with the correct option from 0 to 4. Only provide the numeric and nothing else 

Answer: 
assistant
3",3,2,5
250,457,"user
 QUESTION: Which of the figures below will cover the most dots when laid on the square shown on the right.
<image1>
<image2>
OPTIONS:
0: (A)
1: (B)
2: (C)
3: (D)
4: (E)

Answer with the correct option from 0 to 4. Only provide the numeric and nothing else 

Answer: 
assistant
4",4,2,2,"user
 QUESTION: Which of the figures below will cover the most dots when laid on the square shown on the right.
<image1>
<image2>
OPTIONS:
0: (A)
1: (B)
2: (C)
3: (D)
4: (E)

Answer with the correct option from 0 to 4. Only provide the numeric and nothing else 

Answer: 
assistant
3",3,2,2
251,458,"user
 QUESTION: A white and a grey ring are interlinked with one another. Peter sees the two rings from the front as they are seen in the diagram on the right. Paul sees the rings from the back. What does he see?
<image1>
<image2>
OPTIONS:
0: A
1: B
2: C
3: D
4: E

Answer with the correct option from 0 to 4. Only provide the numeric and nothing else 

Answer: 
assistant
1",1,3,5,"user
 QUESTION: A white and a grey ring are interlinked with one another. Peter sees the two rings from the front as they are seen in the diagram on the right. Paul sees the rings from the back. What does he see?
<image1>
<image2>
OPTIONS:
0: A
1: B
2: C
3: D
4: E

Answer with the correct option from 0 to 4. Only provide the numeric and nothing else 

Answer: 
assistant
2",2,3,5
252,460,"user
 QUESTION: Which square has to replace the question mark so that the white area and the black area are equally big?
<image1>
<image2>
OPTIONS:
0: (A)
1: (B)
2: (C)
3: (D)
4: (E)

Answer with the correct option from 0 to 4. Only provide the numeric and nothing else 

Answer: 
assistant
3",3,1,2,"user
 QUESTION: Which square has to replace the question mark so that the white area and the black area are equally big?
<image1>
<image2>
OPTIONS:
0: (A)
1: (B)
2: (C)
3: (D)
4: (E)

Answer with the correct option from 0 to 4. Only provide the numeric and nothing else 

Answer: 
assistant
2",2,1,2
253,461,"user
 QUESTION: The kangaroos $A, B, C, D$ and $E$ sit in this order in a clockwise direction around a round table. After a bell sounds all but one kangaroo change seats with a neighbour. Afterwards they sit in the following order in a clockwise direction: A, E, B, D, C. Which kangaroo did not change places?
<image1>
OPTIONS:
0: A
1: B
2: C
3: D
4: E

Answer with the correct option from 0 to 4. Only provide the numeric and nothing else 

Answer: 
assistant
0",0,1,2,"user
 QUESTION: The kangaroos $A, B, C, D$ and $E$ sit in this order in a clockwise direction around a round table. After a bell sounds all but one kangaroo change seats with a neighbour. Afterwards they sit in the following order in a clockwise direction: A, E, B, D, C. Which kangaroo did not change places?
<image1>
OPTIONS:
0: A
1: B
2: C
3: D
4: E

Answer with the correct option from 0 to 4. Only provide the numeric and nothing else 

Answer: 
assistant
2",2,1,2
254,462,"user
 QUESTION: A square can be made out of four of the given pieces. Which piece will not be used?
<image1>
OPTIONS:
0: A
1: B
2: C
3: D
4: E

Answer with the correct option from 0 to 4. Only provide the numeric and nothing else 

Answer: 
assistant
1",1,1,2,"user
 QUESTION: A square can be made out of four of the given pieces. Which piece will not be used?
<image1>
OPTIONS:
0: A
1: B
2: C
3: D
4: E

Answer with the correct option from 0 to 4. Only provide the numeric and nothing else 

Answer: 
assistant
2",2,1,2
255,464,"user
 QUESTION: The word KANGAROO is written on the top side of my umbrella. Which of the following pictures does not show my umbrella?
<image1>
<image2>
OPTIONS:
0: A
1: B
2: C
3: D
4: E

Answer with the correct option from 0 to 4. Only provide the numeric and nothing else 

Answer: 
assistant
1",1,2,5,"user
 QUESTION: The word KANGAROO is written on the top side of my umbrella. Which of the following pictures does not show my umbrella?
<image1>
<image2>
OPTIONS:
0: A
1: B
2: C
3: D
4: E

Answer with the correct option from 0 to 4. Only provide the numeric and nothing else 

Answer: 
assistant
2",2,2,5
256,474,"user
 QUESTION: Kathi draws a square with side length $10 \mathrm{~cm}$. Then she joins the midpoints of each side to form a smaller square. What is the area of the smaller square?
<image1>
OPTIONS:
0: $10 \mathrm{~cm}^{2}$
1: $20 \mathrm{~cm}^{2}$
2: $25 \mathrm{~cm}^{2}$
3: $40 \mathrm{~cm}^{2}$
4: $50 \mathrm{~cm}^{2}$

Answer with the correct option from 0 to 4. Only provide the numeric and nothing else 

Answer: 
assistant
4",4,4,2,"user
 QUESTION: Kathi draws a square with side length $10 \mathrm{~cm}$. Then she joins the midpoints of each side to form a smaller square. What is the area of the smaller square?
<image1>
OPTIONS:
0: $10 \mathrm{~cm}^{2}$
1: $20 \mathrm{~cm}^{2}$
2: $25 \mathrm{~cm}^{2}$
3: $40 \mathrm{~cm}^{2}$
4: $50 \mathrm{~cm}^{2}$

Answer with the correct option from 0 to 4. Only provide the numeric and nothing else 

Answer: 
assistant
2",2,4,2
257,476,"user
 QUESTION: Robert has two equally big squares made of paper. He glues them together. Which of the following shapes can he not make?
<image1>
<image2>
OPTIONS:
0: A
1: B
2: C
3: D
4: E

Answer with the correct option from 0 to 4. Only provide the numeric and nothing else 

Answer: 
assistant
1",1,0,2,"user
 QUESTION: Robert has two equally big squares made of paper. He glues them together. Which of the following shapes can he not make?
<image1>
<image2>
OPTIONS:
0: A
1: B
2: C
3: D
4: E

Answer with the correct option from 0 to 4. Only provide the numeric and nothing else 

Answer: 
assistant
4",4,0,2
258,477,"user
 QUESTION: Five squirrels $A, B, C, D$ and $E$ are sitting on the points marked. The crosses indicate 6 nuts that they are collecting. The squirrels start to run at the same time with the same speed to the nearest nut in order to pick it up. As soon as a squirrel has picked up the first nut it immediately continues to run in order to get another nut. Which squirrel gets a second nut?
<image1>
OPTIONS:
0: A
1: B
2: C
3: D
4: E

Answer with the correct option from 0 to 4. Only provide the numeric and nothing else 

Answer: 
assistant
3",3,2,2,"user
 QUESTION: Five squirrels $A, B, C, D$ and $E$ are sitting on the points marked. The crosses indicate 6 nuts that they are collecting. The squirrels start to run at the same time with the same speed to the nearest nut in order to pick it up. As soon as a squirrel has picked up the first nut it immediately continues to run in order to get another nut. Which squirrel gets a second nut?
<image1>
OPTIONS:
0: A
1: B
2: C
3: D
4: E

Answer with the correct option from 0 to 4. Only provide the numeric and nothing else 

Answer: 
assistant
2",2,2,2
259,479,"user
 QUESTION: The perimeter of the rectangle $A B C D$ is $30 \mathrm{~cm}$. Three more rectangles are added so that their centres are in the corners A, B and D and their sides are parallel to the rectangle (see diagram). The sum of the perimeters of these three rectangles is $20 \mathrm{~cm}$. What is the length of the boarder of the shape (thick black line)?
<image1>
OPTIONS:
0: $50 \mathrm{~cm}$
1: $45 \mathrm{~cm}$
2: $40 \mathrm{~cm}$
3: $35 \mathrm{~cm}$
4: This cannot be calculated.

Answer with the correct option from 0 to 4. Only provide the numeric and nothing else 

Answer: 
assistant
1",1,2,3,"user
 QUESTION: The perimeter of the rectangle $A B C D$ is $30 \mathrm{~cm}$. Three more rectangles are added so that their centres are in the corners A, B and D and their sides are parallel to the rectangle (see diagram). The sum of the perimeters of these three rectangles is $20 \mathrm{~cm}$. What is the length of the boarder of the shape (thick black line)?
<image1>
OPTIONS:
0: $50 \mathrm{~cm}$
1: $45 \mathrm{~cm}$
2: $40 \mathrm{~cm}$
3: $35 \mathrm{~cm}$
4: This cannot be calculated.

Answer with the correct option from 0 to 4. Only provide the numeric and nothing else 

Answer: 
assistant
2",2,2,3
260,480,"user
 QUESTION: Anna has four identical building blocks that each look like this: <image1> Which shape can she not form with them?
<image2>
OPTIONS:
0: A
1: B
2: C
3: D
4: E

Answer with the correct option from 0 to 4. Only provide the numeric and nothing else 

Answer: 
assistant
4",4,4,2,"user
 QUESTION: Anna has four identical building blocks that each look like this: <image1> Which shape can she not form with them?
<image2>
OPTIONS:
0: A
1: B
2: C
3: D
4: E

Answer with the correct option from 0 to 4. Only provide the numeric and nothing else 

Answer: 
assistant
2",2,4,2
261,481,"user
 QUESTION: Jane, Kate and Lynn go for a walk. Jane walks at the very front, Kate in the middle and Lynn at the very back. Jane weighs $500 \mathrm{~kg}$ more than Kate and Kate weighs $1000 \mathrm{~kg}$ less than Lynn. Which of the following pictures shows Jane, Kate and Lynn in the right order?
<image1>
OPTIONS:
0: (A)
1: (B)
2: (C)
3: (D)
4: (E)

Answer with the correct option from 0 to 4. Only provide the numeric and nothing else 

Answer: 
assistant
2",2,0,3,"user
 QUESTION: Jane, Kate and Lynn go for a walk. Jane walks at the very front, Kate in the middle and Lynn at the very back. Jane weighs $500 \mathrm{~kg}$ more than Kate and Kate weighs $1000 \mathrm{~kg}$ less than Lynn. Which of the following pictures shows Jane, Kate and Lynn in the right order?
<image1>
OPTIONS:
0: (A)
1: (B)
2: (C)
3: (D)
4: (E)

Answer with the correct option from 0 to 4. Only provide the numeric and nothing else 

Answer: 
assistant
0",0,0,3
262,483,"user
 QUESTION: A furniture shop sells 3-seater, 2-seater and 1-seater sofas that each have an equally wide armrest on the left and the right hand side. Each seat is equally wide (see picture). Together with the armrests the 3-seater sofa is $220 \mathrm{~cm}$ and the 2-seater sofa $160 \mathrm{~cm}$ wide. How wide is the 1-seater sofa?
<image1>
OPTIONS:
0: $60 \mathrm{~cm}$
1: $80 \mathrm{~cm}$
2: $90 \mathrm{~cm}$
3: $100 \mathrm{~cm}$
4: $120 \mathrm{~cm}$

Answer with the correct option from 0 to 4. Only provide the numeric and nothing else 

Answer: 
assistant
2",2,3,5,"user
 QUESTION: A furniture shop sells 3-seater, 2-seater and 1-seater sofas that each have an equally wide armrest on the left and the right hand side. Each seat is equally wide (see picture). Together with the armrests the 3-seater sofa is $220 \mathrm{~cm}$ and the 2-seater sofa $160 \mathrm{~cm}$ wide. How wide is the 1-seater sofa?
<image1>
OPTIONS:
0: $60 \mathrm{~cm}$
1: $80 \mathrm{~cm}$
2: $90 \mathrm{~cm}$
3: $100 \mathrm{~cm}$
4: $120 \mathrm{~cm}$

Answer with the correct option from 0 to 4. Only provide the numeric and nothing else 

Answer: 
assistant
0",0,3,5
263,484,"user
 QUESTION: Boris wants to increase his pocket money. To achieve this a fairy gives him three magic wands. He has to use every single one exactly once.
<image1>
In which order does he have to use the magic wands, in order to get the most money?
<image2>
OPTIONS:
0: A
1: B
2: C
3: D
4: E

Answer with the correct option from 0 to 4. Only provide the numeric and nothing else 

Answer: 
assistant
3",3,3,3,"user
 QUESTION: Boris wants to increase his pocket money. To achieve this a fairy gives him three magic wands. He has to use every single one exactly once.
<image1>
In which order does he have to use the magic wands, in order to get the most money?
<image2>
OPTIONS:
0: A
1: B
2: C
3: D
4: E

Answer with the correct option from 0 to 4. Only provide the numeric and nothing else 

Answer: 
assistant
0",0,3,3
264,486,"user
 QUESTION: A big cube is made up of 9 identical building blocks. Each building block looks like this: <image1> Which big cube is possible?
<image2>
OPTIONS:
0: A
1: B
2: C
3: D
4: E

Answer with the correct option from 0 to 4. Only provide the numeric and nothing else 

Answer: 
assistant
1",1,0,2,"user
 QUESTION: A big cube is made up of 9 identical building blocks. Each building block looks like this: <image1> Which big cube is possible?
<image2>
OPTIONS:
0: A
1: B
2: C
3: D
4: E

Answer with the correct option from 0 to 4. Only provide the numeric and nothing else 

Answer: 
assistant
2",2,0,2
265,487,"user
 QUESTION: A square floor is made up of triangular and square tiles in grey and white. What is the smallest number of grey tiles that have to be swapped with white tiles, so that the floor looks the same from all four given viewing directions?
<image1>
OPTIONS:
0: three triangles, one square
1: one triangle, three squares
2: one triangle, one square
3: three triangles, three squares
4: three triangles, two squares

Answer with the correct option from 0 to 4. Only provide the numeric and nothing else 

Answer: 
assistant
0",0,2,5,"user
 QUESTION: A square floor is made up of triangular and square tiles in grey and white. What is the smallest number of grey tiles that have to be swapped with white tiles, so that the floor looks the same from all four given viewing directions?
<image1>
OPTIONS:
0: three triangles, one square
1: one triangle, three squares
2: one triangle, one square
3: three triangles, three squares
4: three triangles, two squares

Answer with the correct option from 0 to 4. Only provide the numeric and nothing else 

Answer: 
assistant
2",2,2,5
266,488,"user
 QUESTION: The first kangaroo is repeatedly mirrored along the dotted lines. Two reflections were already carried out. In which position is the kangaroo in the grey triangle?
<image1>
<image2>
OPTIONS:
0: A
1: B
2: C
3: D
4: E

Answer with the correct option from 0 to 4. Only provide the numeric and nothing else 

Answer: 
assistant
4",4,4,1,"user
 QUESTION: The first kangaroo is repeatedly mirrored along the dotted lines. Two reflections were already carried out. In which position is the kangaroo in the grey triangle?
<image1>
<image2>
OPTIONS:
0: A
1: B
2: C
3: D
4: E

Answer with the correct option from 0 to 4. Only provide the numeric and nothing else 

Answer: 
assistant
1",1,4,1
267,489,"user
 QUESTION: Peter places three building blocks on a table, as shown. What does he see when he is looking at them from above?
<image1>
<image2>
OPTIONS:
0: A
1: B
2: C
3: D
4: E

Answer with the correct option from 0 to 4. Only provide the numeric and nothing else 

Answer: 
assistant
1",1,2,5,"user
 QUESTION: Peter places three building blocks on a table, as shown. What does he see when he is looking at them from above?
<image1>
<image2>
OPTIONS:
0: A
1: B
2: C
3: D
4: E

Answer with the correct option from 0 to 4. Only provide the numeric and nothing else 

Answer: 
assistant
2",2,2,5
268,492,"user
 QUESTION: A big spot of ink covers most of a calendar page of a certain month. Which day of the week does the 25th day of that month fall on?
<image1>
OPTIONS:
0: Monday
1: Wednesday
2: Thursday
3: Saturday
4: Sunday

Answer with the correct option from 0 to 4. Only provide the numeric and nothing else 

Answer: 
assistant
2",2,3,3,"user
 QUESTION: A big spot of ink covers most of a calendar page of a certain month. Which day of the week does the 25th day of that month fall on?
<image1>
OPTIONS:
0: Monday
1: Wednesday
2: Thursday
3: Saturday
4: Sunday

Answer with the correct option from 0 to 4. Only provide the numeric and nothing else 

Answer: 
assistant
4",4,3,3
269,496,"user
 QUESTION: Four ladybirds each sit on a different cell of a $4 \times 4$ grid. One is asleep and does not move. On a whistle the other three each move to an adjacent free cell. They can crawl up, down, to the right or to the left but are not allowed on any account to move back to the cell that they have just come from. Where could the ladybirds be after the fourth whistle?
Initial position:
<image1>
After the first whistle:
<image2>
After the second whistle:
<image3>
After the third whistle:
<image4>
<image5>
OPTIONS:
0: A
1: B
2: C
3: D
4: E

Answer with the correct option from 0 to 4. Only provide the numeric and nothing else 

Answer: 
assistant
3",3,0,2,"user
 QUESTION: Four ladybirds each sit on a different cell of a $4 \times 4$ grid. One is asleep and does not move. On a whistle the other three each move to an adjacent free cell. They can crawl up, down, to the right or to the left but are not allowed on any account to move back to the cell that they have just come from. Where could the ladybirds be after the fourth whistle?
Initial position:
<image1>
After the first whistle:
<image2>
After the second whistle:
<image3>
After the third whistle:
<image4>
<image5>
OPTIONS:
0: A
1: B
2: C
3: D
4: E

Answer with the correct option from 0 to 4. Only provide the numeric and nothing else 

Answer: 
assistant
0",0,0,2
270,497,"user
 QUESTION: The five balls weigh $30 \mathrm{~g}$, $50 \mathrm{~g}, 50 \mathrm{~g}, 50 \mathrm{~g}$ and $80 \mathrm{~g}$. Which of the balls weighs $30 \mathrm{~g}$ ?
<image1>
OPTIONS:
0: A
1: B
2: C
3: D
4: E

Answer with the correct option from 0 to 4. Only provide the numeric and nothing else 

Answer: 
assistant
2",2,2,2,"user
 QUESTION: The five balls weigh $30 \mathrm{~g}$, $50 \mathrm{~g}, 50 \mathrm{~g}, 50 \mathrm{~g}$ and $80 \mathrm{~g}$. Which of the balls weighs $30 \mathrm{~g}$ ?
<image1>
OPTIONS:
0: A
1: B
2: C
3: D
4: E

Answer with the correct option from 0 to 4. Only provide the numeric and nothing else 

Answer: 
assistant
1",1,2,2
271,498,"user
 QUESTION: The figure shown on the right consists of one square part and eight rectangular parts. Each part is $8 \mathrm{~cm}$ wide. Peter assembles all parts to form one long, $8 \mathrm{~cm}$ wide rectangle. How long is this rectangle?
<image1>
OPTIONS:
0: $150 \mathrm{~cm}$
1: $168 \mathrm{~cm}$
2: $196 \mathrm{~cm}$
3: $200 \mathrm{~cm}$
4: $232 \mathrm{~cm}$

Answer with the correct option from 0 to 4. Only provide the numeric and nothing else 

Answer: 
assistant
1",1,3,2,"user
 QUESTION: The figure shown on the right consists of one square part and eight rectangular parts. Each part is $8 \mathrm{~cm}$ wide. Peter assembles all parts to form one long, $8 \mathrm{~cm}$ wide rectangle. How long is this rectangle?
<image1>
OPTIONS:
0: $150 \mathrm{~cm}$
1: $168 \mathrm{~cm}$
2: $196 \mathrm{~cm}$
3: $200 \mathrm{~cm}$
4: $232 \mathrm{~cm}$

Answer with the correct option from 0 to 4. Only provide the numeric and nothing else 

Answer: 
assistant
2",2,3,2
272,499,"user
 QUESTION: Carina has started to draw a cat. <image1> She then adds some eyes. Which picture could show her finished drawing?
<image2>
OPTIONS:
0: A
1: B
2: C
3: D
4: E

Answer with the correct option from 0 to 4. Only provide the numeric and nothing else 

Answer: 
assistant
0",0,1,2,"user
 QUESTION: Carina has started to draw a cat. <image1> She then adds some eyes. Which picture could show her finished drawing?
<image2>
OPTIONS:
0: A
1: B
2: C
3: D
4: E

Answer with the correct option from 0 to 4. Only provide the numeric and nothing else 

Answer: 
assistant
2",2,1,2
273,500,"user
 QUESTION: The Mayas used points and lines to write numbers. A point stands for 1, a line for 5. Which of the following Maya-numbers stands for 17?
<image1>
OPTIONS:
0: A
1: B
2: C
3: D
4: E

Answer with the correct option from 0 to 4. Only provide the numeric and nothing else 

Answer: 
assistant
3",3,3,2,"user
 QUESTION: The Mayas used points and lines to write numbers. A point stands for 1, a line for 5. Which of the following Maya-numbers stands for 17?
<image1>
OPTIONS:
0: A
1: B
2: C
3: D
4: E

Answer with the correct option from 0 to 4. Only provide the numeric and nothing else 

Answer: 
assistant
2",2,3,2
274,501,"user
 QUESTION: A digital clock shows the following time: <image1> What time is it when it uses the exactly same digits again for the first time after that?
<image2>
OPTIONS:
0: A
1: B
2: C
3: D
4: E

Answer with the correct option from 0 to 4. Only provide the numeric and nothing else 

Answer: 
assistant
2",2,2,3,"user
 QUESTION: A digital clock shows the following time: <image1> What time is it when it uses the exactly same digits again for the first time after that?
<image2>
OPTIONS:
0: A
1: B
2: C
3: D
4: E

Answer with the correct option from 0 to 4. Only provide the numeric and nothing else 

Answer: 
assistant
3",3,2,3
275,502,"user
 QUESTION: The sum of the dots on opposite sides of an ordinary die is 7. Which of the following dice could be an ordinary die?
<image1>
OPTIONS:
0: A
1: B
2: C
3: D
4: E

Answer with the correct option from 0 to 4. Only provide the numeric and nothing else 

Answer: 
assistant
0",0,4,5,"user
 QUESTION: The sum of the dots on opposite sides of an ordinary die is 7. Which of the following dice could be an ordinary die?
<image1>
OPTIONS:
0: A
1: B
2: C
3: D
4: E

Answer with the correct option from 0 to 4. Only provide the numeric and nothing else 

Answer: 
assistant
2",2,4,5
276,503,"user
 QUESTION: Which of the following geometrical figures does not appear in the big picture?
<image1>
<image2>
OPTIONS:
0: A
1: B
2: C
3: D
4: E

Answer with the correct option from 0 to 4. Only provide the numeric and nothing else 

Answer: 
assistant
0",0,3,2,"user
 QUESTION: Which of the following geometrical figures does not appear in the big picture?
<image1>
<image2>
OPTIONS:
0: A
1: B
2: C
3: D
4: E

Answer with the correct option from 0 to 4. Only provide the numeric and nothing else 

Answer: 
assistant
2",2,3,2
277,505,"user
 QUESTION: Which of the five squares has the biggest proportion of black area?
<image1>
OPTIONS:
0: A
1: B
2: C
3: D
4: E

Answer with the correct option from 0 to 4. Only provide the numeric and nothing else 

Answer: 
assistant
0",0,1,2,"user
 QUESTION: Which of the five squares has the biggest proportion of black area?
<image1>
OPTIONS:
0: A
1: B
2: C
3: D
4: E

Answer with the correct option from 0 to 4. Only provide the numeric and nothing else 

Answer: 
assistant
2",2,1,2
278,507,"user
 QUESTION: Each of the nets of a cube has a line drawn on. For which net does the line form a closed loop when the net is folded up to make a cube?
<image1>
OPTIONS:
0: A
1: B
2: C
3: D
4: E

Answer with the correct option from 0 to 4. Only provide the numeric and nothing else 

Answer: 
assistant
2",2,3,5,"user
 QUESTION: Each of the nets of a cube has a line drawn on. For which net does the line form a closed loop when the net is folded up to make a cube?
<image1>
OPTIONS:
0: A
1: B
2: C
3: D
4: E

Answer with the correct option from 0 to 4. Only provide the numeric and nothing else 

Answer: 
assistant
1",1,3,5
279,509,"user
 QUESTION: The cardboard is folded up into a $2 \times 1 \times 1$ box. Which of the pictures does not show the box?
<image1>
<image2>
OPTIONS:
0: A
1: B
2: C
3: D
4: E

Answer with the correct option from 0 to 4. Only provide the numeric and nothing else 

Answer: 
assistant
4",4,1,5,"user
 QUESTION: The cardboard is folded up into a $2 \times 1 \times 1$ box. Which of the pictures does not show the box?
<image1>
<image2>
OPTIONS:
0: A
1: B
2: C
3: D
4: E

Answer with the correct option from 0 to 4. Only provide the numeric and nothing else 

Answer: 
assistant
2",2,1,5
280,510,"user
 QUESTION: Which tile below completes the wall next to it?
<image1>
<image2>
OPTIONS:
0: A
1: B
2: C
3: D
4: E

Answer with the correct option from 0 to 4. Only provide the numeric and nothing else 

Answer: 
assistant
4",4,4,2,"user
 QUESTION: Which tile below completes the wall next to it?
<image1>
<image2>
OPTIONS:
0: A
1: B
2: C
3: D
4: E

Answer with the correct option from 0 to 4. Only provide the numeric and nothing else 

Answer: 
assistant
2",2,4,2
281,511,"user
 QUESTION: The board beside is formed by little white and dark squares. After a ninety-degree turn, how can this board appear?
<image1>
<image2>
OPTIONS:
0: A
1: B
2: C
3: D
4: E

Answer with the correct option from 0 to 4. Only provide the numeric and nothing else 

Answer: 
assistant
3",3,3,1,"user
 QUESTION: The board beside is formed by little white and dark squares. After a ninety-degree turn, how can this board appear?
<image1>
<image2>
OPTIONS:
0: A
1: B
2: C
3: D
4: E

Answer with the correct option from 0 to 4. Only provide the numeric and nothing else 

Answer: 
assistant
1",1,3,1
282,512,"user
 QUESTION: Bia has five coins as shown beside. She went to the grocery store to buy a fruit, using only three coins, without having to receive change. Among the prices of the following fruits, which one can she NOT buy?
<image1>
OPTIONS:
0: 1,30
1: 1,35
2: 1,40
3: 1,55
4: 1,75

Answer with the correct option from 0 to 4. Only provide the numeric and nothing else 

Answer: 
assistant
4",4,2,3,"user
 QUESTION: Bia has five coins as shown beside. She went to the grocery store to buy a fruit, using only three coins, without having to receive change. Among the prices of the following fruits, which one can she NOT buy?
<image1>
OPTIONS:
0: 1,30
1: 1,35
2: 1,40
3: 1,55
4: 1,75

Answer with the correct option from 0 to 4. Only provide the numeric and nothing else 

Answer: 
assistant
0",0,2,3
283,514,"user
 QUESTION: Maria has exactly 9 white cubes, 9 light gray cubes and 9 dark gray cubes, all the same size. She glues all these cubes together to form a larger cube. Which of the cubes below is the one she made?
<image1>
OPTIONS:
0: A
1: B
2: C
3: D
4: E

Answer with the correct option from 0 to 4. Only provide the numeric and nothing else 

Answer: 
assistant
0",0,0,5,"user
 QUESTION: Maria has exactly 9 white cubes, 9 light gray cubes and 9 dark gray cubes, all the same size. She glues all these cubes together to form a larger cube. Which of the cubes below is the one she made?
<image1>
OPTIONS:
0: A
1: B
2: C
3: D
4: E

Answer with the correct option from 0 to 4. Only provide the numeric and nothing else 

Answer: 
assistant
2",2,0,5
284,515,"user
 QUESTION: The following figures show five paths, indicated by the thickest lines, between the $X$ and $Y$ points. Which of these paths is the longest?
<image1>
OPTIONS:
0: A
1: B
2: C
3: D
4: E

Answer with the correct option from 0 to 4. Only provide the numeric and nothing else 

Answer: 
assistant
4",4,0,2,"user
 QUESTION: The following figures show five paths, indicated by the thickest lines, between the $X$ and $Y$ points. Which of these paths is the longest?
<image1>
OPTIONS:
0: A
1: B
2: C
3: D
4: E

Answer with the correct option from 0 to 4. Only provide the numeric and nothing else 

Answer: 
assistant
2",2,0,2
285,518,"user
 QUESTION: Maria puts 4 liters of water in vase I, 3 liters of water in vase II and 4 liters of water in vase III, represented on the side. Seen from the front, these three vases seem to have the same size. Which of the following images can represent the three vases, when seen from above?
<image1>
<image2>
OPTIONS:
0: (A)
1: (B)
2: (C)
3: (D)
4: (E)

Answer with the correct option from 0 to 4. Only provide the numeric and nothing else 

Answer: 
assistant
0",0,0,5,"user
 QUESTION: Maria puts 4 liters of water in vase I, 3 liters of water in vase II and 4 liters of water in vase III, represented on the side. Seen from the front, these three vases seem to have the same size. Which of the following images can represent the three vases, when seen from above?
<image1>
<image2>
OPTIONS:
0: (A)
1: (B)
2: (C)
3: (D)
4: (E)

Answer with the correct option from 0 to 4. Only provide the numeric and nothing else 

Answer: 
assistant
2",2,0,5
286,519,"user
 QUESTION: Which set of weights below balances the third scale, in the picture beside?
<image1>
<image2>
OPTIONS:
0: (A)
1: (B)
2: (C)
3: (D)
4: (E)

Answer with the correct option from 0 to 4. Only provide the numeric and nothing else 

Answer: 
assistant
1",1,3,2,"user
 QUESTION: Which set of weights below balances the third scale, in the picture beside?
<image1>
<image2>
OPTIONS:
0: (A)
1: (B)
2: (C)
3: (D)
4: (E)

Answer with the correct option from 0 to 4. Only provide the numeric and nothing else 

Answer: 
assistant
2",2,3,2
287,520,"user
 QUESTION: Ten people order an ice cream for each one. They ask for four vanilla ice creams, three chocolate ice creams, two lemon ice creams and one mango ice cream. As a topping, they ask for four umbrellas, three cherries, two wafers and a chocolate gum, one topping for each ice cream. Since they don't want two ice creams the same, which of the following combinations is possible?
<image1>
OPTIONS:
0: Chocolat and chocolate gum.
1: Mango and cherry.
2: Lemmon and wafer.
3: Mango and wafer.
4: Lemmon and cherry.

Answer with the correct option from 0 to 4. Only provide the numeric and nothing else 

Answer: 
assistant
4",4,4,2,"user
 QUESTION: Ten people order an ice cream for each one. They ask for four vanilla ice creams, three chocolate ice creams, two lemon ice creams and one mango ice cream. As a topping, they ask for four umbrellas, three cherries, two wafers and a chocolate gum, one topping for each ice cream. Since they don't want two ice creams the same, which of the following combinations is possible?
<image1>
OPTIONS:
0: Chocolat and chocolate gum.
1: Mango and cherry.
2: Lemmon and wafer.
3: Mango and wafer.
4: Lemmon and cherry.

Answer with the correct option from 0 to 4. Only provide the numeric and nothing else 

Answer: 
assistant
0",0,4,2
288,523,"user
 QUESTION: Which of the following solid shapes can be made with these 6 bricks?
<image1>
<image2>
OPTIONS:
0: A
1: B
2: C
3: D
4: E

Answer with the correct option from 0 to 4. Only provide the numeric and nothing else 

Answer: 
assistant
3",3,3,2,"user
 QUESTION: Which of the following solid shapes can be made with these 6 bricks?
<image1>
<image2>
OPTIONS:
0: A
1: B
2: C
3: D
4: E

Answer with the correct option from 0 to 4. Only provide the numeric and nothing else 

Answer: 
assistant
2",2,3,2
289,524,"user
 QUESTION: In the square you can see the digits from 1 to 9 <image1>. A number is created by starting at the star, following the line and writing down the digits along the line while passing. For example, the line shown represents the number 42685 <image2>. Which of the following lines represents the largest number?
<image3>
OPTIONS:
0: A
1: B
2: C
3: D
4: E

Answer with the correct option from 0 to 4. Only provide the numeric and nothing else 

Answer: 
assistant
4",4,4,2,"user
 QUESTION: In the square you can see the digits from 1 to 9 <image1>. A number is created by starting at the star, following the line and writing down the digits along the line while passing. For example, the line shown represents the number 42685 <image2>. Which of the following lines represents the largest number?
<image3>
OPTIONS:
0: A
1: B
2: C
3: D
4: E

Answer with the correct option from 0 to 4. Only provide the numeric and nothing else 

Answer: 
assistant
2",2,4,2
290,525,"user
 QUESTION: Sofie wants to write the word KENGU by using letters from the boxes. She can only take one letter from each box. What letter must Sofie take from box 4?
<image1>
OPTIONS:
0: K
1: E
2: N
3: G
4: U

Answer with the correct option from 0 to 4. Only provide the numeric and nothing else 

Answer: 
assistant
3",3,3,2,"user
 QUESTION: Sofie wants to write the word KENGU by using letters from the boxes. She can only take one letter from each box. What letter must Sofie take from box 4?
<image1>
OPTIONS:
0: K
1: E
2: N
3: G
4: U

Answer with the correct option from 0 to 4. Only provide the numeric and nothing else 

Answer: 
assistant
4",4,3,2
291,526,"user
 QUESTION: The 5 figures on the grid can only move in the directions indicated by the black arrows. Which figure can leave through gate G?
<image1>
OPTIONS:
0: A
1: B
2: C
3: D
4: E

Answer with the correct option from 0 to 4. Only provide the numeric and nothing else 

Answer: 
assistant
0",0,1,1,"user
 QUESTION: The 5 figures on the grid can only move in the directions indicated by the black arrows. Which figure can leave through gate G?
<image1>
OPTIONS:
0: A
1: B
2: C
3: D
4: E

Answer with the correct option from 0 to 4. Only provide the numeric and nothing else 

Answer: 
assistant
2",2,1,1
292,528,"user
 QUESTION: There is a square with line segments drawn inside it. The line segments are drawn either from the vertices or the midpoints of other line segments. We coloured $\frac{1}{8}$ of the large square. Which one is our coloring?
<image1>
OPTIONS:
0: A
1: B
2: C
3: D
4: E

Answer with the correct option from 0 to 4. Only provide the numeric and nothing else 

Answer: 
assistant
1",1,3,2,"user
 QUESTION: There is a square with line segments drawn inside it. The line segments are drawn either from the vertices or the midpoints of other line segments. We coloured $\frac{1}{8}$ of the large square. Which one is our coloring?
<image1>
OPTIONS:
0: A
1: B
2: C
3: D
4: E

Answer with the correct option from 0 to 4. Only provide the numeric and nothing else 

Answer: 
assistant
2",2,3,2
293,530,"user
 QUESTION: Rosa wants to start at the arrow, follow the line, and get out at the other arrow. Which piece is it NOT possible to put in the middle to obtain that?
<image1>
<image2>
OPTIONS:
0: A
1: B
2: C
3: D
4: E

Answer with the correct option from 0 to 4. Only provide the numeric and nothing else 

Answer: 
assistant
4",4,3,2,"user
 QUESTION: Rosa wants to start at the arrow, follow the line, and get out at the other arrow. Which piece is it NOT possible to put in the middle to obtain that?
<image1>
<image2>
OPTIONS:
0: A
1: B
2: C
3: D
4: E

Answer with the correct option from 0 to 4. Only provide the numeric and nothing else 

Answer: 
assistant
2",2,3,2
294,533,"user
 QUESTION: Ronja had four white tokens and Wanja had four grey tokens. They played a game in which they took turns to place one of their tokens to create two piles. Ronja placed her first token first. Which pair of piles could they not create?
<image1>
OPTIONS:
0: A
1: B
2: C
3: D
4: E

Answer with the correct option from 0 to 4. Only provide the numeric and nothing else 

Answer: 
assistant
4",4,4,3,"user
 QUESTION: Ronja had four white tokens and Wanja had four grey tokens. They played a game in which they took turns to place one of their tokens to create two piles. Ronja placed her first token first. Which pair of piles could they not create?
<image1>
OPTIONS:
0: A
1: B
2: C
3: D
4: E

Answer with the correct option from 0 to 4. Only provide the numeric and nothing else 

Answer: 
assistant
0",0,4,3
295,535,"user
 QUESTION: The picture shows 3 gears with a black gear tooth on each. Which picture shows the correct position of the black teeth after the small gear has turned a full turn clockwise?
<image1>
<image2>
OPTIONS:
0: A
1: B
2: C
3: D
4: E

Answer with the correct option from 0 to 4. Only provide the numeric and nothing else 

Answer: 
assistant
0",0,0,1,"user
 QUESTION: The picture shows 3 gears with a black gear tooth on each. Which picture shows the correct position of the black teeth after the small gear has turned a full turn clockwise?
<image1>
<image2>
OPTIONS:
0: A
1: B
2: C
3: D
4: E

Answer with the correct option from 0 to 4. Only provide the numeric and nothing else 

Answer: 
assistant
1",1,0,1
296,537,"user
 QUESTION: There are rectangular cards divided into 4 equal cells with different shapes <image1> drawn in each cell. Cards can be placed side by side only if the same shapes appear in adjacent cells on their common side. 9 cards are used to form a rectangle as shown in the figure. Which of the following cards was definitely NOT used to form this rectangle?
<image2>
<image3>
OPTIONS:
0: A
1: B
2: C
3: D
4: E

Answer with the correct option from 0 to 4. Only provide the numeric and nothing else 

Answer: 
assistant
2",2,4,2,"user
 QUESTION: There are rectangular cards divided into 4 equal cells with different shapes <image1> drawn in each cell. Cards can be placed side by side only if the same shapes appear in adjacent cells on their common side. 9 cards are used to form a rectangle as shown in the figure. Which of the following cards was definitely NOT used to form this rectangle?
<image2>
<image3>
OPTIONS:
0: A
1: B
2: C
3: D
4: E

Answer with the correct option from 0 to 4. Only provide the numeric and nothing else 

Answer: 
assistant
3",3,4,2
297,538,"user
 QUESTION: Six points are placed and numbered as shown on the right. Two triangles are drawn: one by connecting the even numbered points, and one by connecting the odd numbered points. Which of the following shapes is the result?
<image1>
<image2>
OPTIONS:
0: A
1: B
2: C
3: D
4: E

Answer with the correct option from 0 to 4. Only provide the numeric and nothing else 

Answer: 
assistant
4",4,4,2,"user
 QUESTION: Six points are placed and numbered as shown on the right. Two triangles are drawn: one by connecting the even numbered points, and one by connecting the odd numbered points. Which of the following shapes is the result?
<image1>
<image2>
OPTIONS:
0: A
1: B
2: C
3: D
4: E

Answer with the correct option from 0 to 4. Only provide the numeric and nothing else 

Answer: 
assistant
2",2,4,2
298,540,"user
 QUESTION: The two-sided mirrors reflect the laser beams as shown in the
small picture: <image1> . At which letter does the laser beam leave the picture: <image2> ?
OPTIONS:
0: A
1: B
2: C
3: D
4: E

Answer with the correct option from 0 to 4. Only provide the numeric and nothing else 

Answer: 
assistant
3",3,1,2,"user
 QUESTION: The two-sided mirrors reflect the laser beams as shown in the
small picture: <image1> . At which letter does the laser beam leave the picture: <image2> ?
OPTIONS:
0: A
1: B
2: C
3: D
4: E

Answer with the correct option from 0 to 4. Only provide the numeric and nothing else 

Answer: 
assistant
2",2,1,2
299,541,"user
 QUESTION: In the 13th century, monks used to write numbers in the following way: <image1>
For the numbers 1 to 99 they used the signs shown here or a combination of two of these signs. E.g. the number 24 was written like <image2>, the number 81 like <image3> and the number 93 like <image4>. What did the number 45 look like?
<image5>
OPTIONS:
0: A
1: B
2: C
3: D
4: E

Answer with the correct option from 0 to 4. Only provide the numeric and nothing else 

Answer: 
assistant
1",1,3,2,"user
 QUESTION: In the 13th century, monks used to write numbers in the following way: <image1>
For the numbers 1 to 99 they used the signs shown here or a combination of two of these signs. E.g. the number 24 was written like <image2>, the number 81 like <image3> and the number 93 like <image4>. What did the number 45 look like?
<image5>
OPTIONS:
0: A
1: B
2: C
3: D
4: E

Answer with the correct option from 0 to 4. Only provide the numeric and nothing else 

Answer: 
assistant
2",2,3,2
300,542,"user
 QUESTION: How much does this Ferris wheel need to turn so that a white gondola is on top for
the first time?
<image1>
OPTIONS:
0: $\frac{1}{2}$ turn
1: $\frac{1}{3}$ turn
2: $\frac{1}{6}$ turn
3: $\frac{1}{12}$ turn
4: $\frac{5}{6}$ turn

Answer with the correct option from 0 to 4. Only provide the numeric and nothing else 

Answer: 
assistant
1",1,3,3,"user
 QUESTION: How much does this Ferris wheel need to turn so that a white gondola is on top for
the first time?
<image1>
OPTIONS:
0: $\frac{1}{2}$ turn
1: $\frac{1}{3}$ turn
2: $\frac{1}{6}$ turn
3: $\frac{1}{12}$ turn
4: $\frac{5}{6}$ turn

Answer with the correct option from 0 to 4. Only provide the numeric and nothing else 

Answer: 
assistant
2",2,3,3
301,548,"user
 QUESTION: Anna has glued together several cubes of the same size to form a solid (see picture). Which of the following pictures shows a different view of this solid?
<image1>
<image2>
OPTIONS:
0: A
1: B
2: C
3: D
4: E

Answer with the correct option from 0 to 4. Only provide the numeric and nothing else 

Answer: 
assistant
4",4,2,5,"user
 QUESTION: Anna has glued together several cubes of the same size to form a solid (see picture). Which of the following pictures shows a different view of this solid?
<image1>
<image2>
OPTIONS:
0: A
1: B
2: C
3: D
4: E

Answer with the correct option from 0 to 4. Only provide the numeric and nothing else 

Answer: 
assistant
2",2,2,5
302,550,"user
 QUESTION: Four ribbons $\mathrm{M}, \mathrm{N}, \mathrm{P}$ and $\mathrm{Q}$ are wrapped around a box. <image1> In which order were they wrapped around the box?
OPTIONS:
0: M, N, Q, P
1: N, M, P, Q
2: N, Q, M, P
3: N, M, Q, P
4: $Q, N, M, P$

Answer with the correct option from 0 to 4. Only provide the numeric and nothing else 

Answer: 
assistant
4",4,3,5,"user
 QUESTION: Four ribbons $\mathrm{M}, \mathrm{N}, \mathrm{P}$ and $\mathrm{Q}$ are wrapped around a box. <image1> In which order were they wrapped around the box?
OPTIONS:
0: M, N, Q, P
1: N, M, P, Q
2: N, Q, M, P
3: N, M, Q, P
4: $Q, N, M, P$

Answer with the correct option from 0 to 4. Only provide the numeric and nothing else 

Answer: 
assistant
3",3,3,5
303,551,"user
 QUESTION: Alice has four jigsaw pieces. <image1> Which two can be fitted together to form a hexagon?
OPTIONS:
0: 1 and 2
1: 1 and 3
2: 2 and 3
3: 2 and 4
4: 1 and 4

Answer with the correct option from 0 to 4. Only provide the numeric and nothing else 

Answer: 
assistant
2",2,1,2,"user
 QUESTION: Alice has four jigsaw pieces. <image1> Which two can be fitted together to form a hexagon?
OPTIONS:
0: 1 and 2
1: 1 and 3
2: 2 and 3
3: 2 and 4
4: 1 and 4

Answer with the correct option from 0 to 4. Only provide the numeric and nothing else 

Answer: 
assistant
3",3,1,2
304,552,"user
 QUESTION: A dark disc with three holes is placed on top of a dial of a watch (see diagram). Then the disc is rotated around its centre. Which numbers can be seen at the same time? <image1>
OPTIONS:
0: 4, 6 and 12
1: 1, 5 and 10
2: 2, 4 and 9
3: 3, 6 and 9
4: 5, 7 and 12

Answer with the correct option from 0 to 4. Only provide the numeric and nothing else 

Answer: 
assistant
4",4,0,1,"user
 QUESTION: A dark disc with three holes is placed on top of a dial of a watch (see diagram). Then the disc is rotated around its centre. Which numbers can be seen at the same time? <image1>
OPTIONS:
0: 4, 6 and 12
1: 1, 5 and 10
2: 2, 4 and 9
3: 3, 6 and 9
4: 5, 7 and 12

Answer with the correct option from 0 to 4. Only provide the numeric and nothing else 

Answer: 
assistant
0",0,0,1
305,553,"user
 QUESTION: Jan sticks these three pieces of paper <image1> Which picture can he not obtain?
<image2>
OPTIONS:
0: A
1: B
2: C
3: D
4: E

Answer with the correct option from 0 to 4. Only provide the numeric and nothing else 

Answer: 
assistant
4",4,2,2,"user
 QUESTION: Jan sticks these three pieces of paper <image1> Which picture can he not obtain?
<image2>
OPTIONS:
0: A
1: B
2: C
3: D
4: E

Answer with the correct option from 0 to 4. Only provide the numeric and nothing else 

Answer: 
assistant
2",2,2,2
306,556,"user
 QUESTION: The sums of the numbers in the white and in the grey fields should be equally big. Which two numbers have to be swapped so that the sums are equally big? <image1>
OPTIONS:
0: 1 and 11
1: 2 and 8
2: 3 and 7
3: 4 and 13
4: 7 and 13

Answer with the correct option from 0 to 4. Only provide the numeric and nothing else 

Answer: 
assistant
1",1,0,2,"user
 QUESTION: The sums of the numbers in the white and in the grey fields should be equally big. Which two numbers have to be swapped so that the sums are equally big? <image1>
OPTIONS:
0: 1 and 11
1: 2 and 8
2: 3 and 7
3: 4 and 13
4: 7 and 13

Answer with the correct option from 0 to 4. Only provide the numeric and nothing else 

Answer: 
assistant
4",4,0,2
307,558,"user
 QUESTION: Tina draws shapes into each field of the pyramid. Each field in the second and third row contains exactly the shapes of the two fields below. Some fields are already done. Which shapes does she draw into the empty field of the bottom row? <image1>
<image2>
OPTIONS:
0: A
1: B
2: C
3: D
4: E

Answer with the correct option from 0 to 4. Only provide the numeric and nothing else 

Answer: 
assistant
4",4,3,2,"user
 QUESTION: Tina draws shapes into each field of the pyramid. Each field in the second and third row contains exactly the shapes of the two fields below. Some fields are already done. Which shapes does she draw into the empty field of the bottom row? <image1>
<image2>
OPTIONS:
0: A
1: B
2: C
3: D
4: E

Answer with the correct option from 0 to 4. Only provide the numeric and nothing else 

Answer: 
assistant
2",2,3,2
308,560,"user
 QUESTION: Martin has three cards that are labelled on both sides with a number. Martin places the three cards on the table without paying attention to back or front. He adds the three numbers that he can then see. How many different sums can Martin get that way?
<image1>
OPTIONS:
0: 3
1: 5
2: 6
3: 9
4: A different amount.

Answer with the correct option from 0 to 4. Only provide the numeric and nothing else 

Answer: 
assistant
2",2,4,3,"user
 QUESTION: Martin has three cards that are labelled on both sides with a number. Martin places the three cards on the table without paying attention to back or front. He adds the three numbers that he can then see. How many different sums can Martin get that way?
<image1>
OPTIONS:
0: 3
1: 5
2: 6
3: 9
4: A different amount.

Answer with the correct option from 0 to 4. Only provide the numeric and nothing else 

Answer: 
assistant
1",1,4,3
309,563,"user
 QUESTION: A folded napkin was cut through (see picture). What does it look like when unfolded?
<image1>
<image2>
OPTIONS:
0: A
1: B
2: C
3: D
4: E

Answer with the correct option from 0 to 4. Only provide the numeric and nothing else 

Answer: 
assistant
3",3,2,3,"user
 QUESTION: A folded napkin was cut through (see picture). What does it look like when unfolded?
<image1>
<image2>
OPTIONS:
0: A
1: B
2: C
3: D
4: E

Answer with the correct option from 0 to 4. Only provide the numeric and nothing else 

Answer: 
assistant
1",1,2,3
310,564,"user
 QUESTION: Lying on a table, there is a transparent square sheet of film with the letter $\mathbf{y}$ written on it. We turn the sheet $90^{\circ}$ clockwise, then turn it over from its right side, then turn it $180^{\circ}$ counterclockwise. What do we now see?
<image1>
OPTIONS:
0: A
1: B
2: C
3: D
4: E

Answer with the correct option from 0 to 4. Only provide the numeric and nothing else 

Answer: 
assistant
4",4,0,3,"user
 QUESTION: Lying on a table, there is a transparent square sheet of film with the letter $\mathbf{y}$ written on it. We turn the sheet $90^{\circ}$ clockwise, then turn it over from its right side, then turn it $180^{\circ}$ counterclockwise. What do we now see?
<image1>
OPTIONS:
0: A
1: B
2: C
3: D
4: E

Answer with the correct option from 0 to 4. Only provide the numeric and nothing else 

Answer: 
assistant
2",2,0,3
311,571,"user
 QUESTION: The section of a cube by a plane generates a plane figure. I have plotted this section in the development of the cube (see the picture). Can you find out what figure it is?
<image1>
OPTIONS:
0: An equilateral triangle
1: A rectangle, but not a square
2: A right triangle
3: A square
4: A hexagon

Answer with the correct option from 0 to 4. Only provide the numeric and nothing else 

Answer: 
assistant
2",2,0,4,"user
 QUESTION: The section of a cube by a plane generates a plane figure. I have plotted this section in the development of the cube (see the picture). Can you find out what figure it is?
<image1>
OPTIONS:
0: An equilateral triangle
1: A rectangle, but not a square
2: A right triangle
3: A square
4: A hexagon

Answer with the correct option from 0 to 4. Only provide the numeric and nothing else 

Answer: 
assistant
4",4,0,4
312,572,"user
 QUESTION: The diagram shows the ground plan of a room. The adjacent walls are perpendicular to each other. What is the area of the room?
<image1>
OPTIONS:
0: $2 a b+a(b-a)$
1: $3 a(a+b)-a^{2}$
2: $3 a^{2} b$
3: $3 a(b-a)+a^{2}$
4: $3 a b$

Answer with the correct option from 0 to 4. Only provide the numeric and nothing else 

Answer: 
assistant
4",4,4,3,"user
 QUESTION: The diagram shows the ground plan of a room. The adjacent walls are perpendicular to each other. What is the area of the room?
<image1>
OPTIONS:
0: $2 a b+a(b-a)$
1: $3 a(a+b)-a^{2}$
2: $3 a^{2} b$
3: $3 a(b-a)+a^{2}$
4: $3 a b$

Answer with the correct option from 0 to 4. Only provide the numeric and nothing else 

Answer: 
assistant
0",0,4,3
313,583,"user
 QUESTION: In the picture there is a square tile with two fourths of a circle. The radius of every fourth is half the side of the tile and its length equals $5 \mathrm{dm}$. We form a large square from 16 such tiles and try to get the longest unbroken curve consisting of the fourths. How long can this continuous curve be at most?
<image1>
OPTIONS:
0: $75 \mathrm{dm}$
1: $100 \mathrm{dm}$
2: $105 \mathrm{dm}$
3: $110 \mathrm{dm}$
4: $80 \mathrm{dm}$

Answer with the correct option from 0 to 4. Only provide the numeric and nothing else 

Answer: 
assistant
1",1,3,4,"user
 QUESTION: In the picture there is a square tile with two fourths of a circle. The radius of every fourth is half the side of the tile and its length equals $5 \mathrm{dm}$. We form a large square from 16 such tiles and try to get the longest unbroken curve consisting of the fourths. How long can this continuous curve be at most?
<image1>
OPTIONS:
0: $75 \mathrm{dm}$
1: $100 \mathrm{dm}$
2: $105 \mathrm{dm}$
3: $110 \mathrm{dm}$
4: $80 \mathrm{dm}$

Answer with the correct option from 0 to 4. Only provide the numeric and nothing else 

Answer: 
assistant
2",2,3,4
314,584,"user
 QUESTION: Three lines intersect at one point. Two angles are given in the figure. How many degrees does the grey angle have?
<image1>
OPTIONS:
0: $52^{\circ}$
1: $53^{\circ}$
2: $54^{\circ}$
3: $55^{\circ}$
4: $56^{\circ}$

Answer with the correct option from 0 to 4. Only provide the numeric and nothing else 

Answer: 
assistant
0",0,0,5,"user
 QUESTION: Three lines intersect at one point. Two angles are given in the figure. How many degrees does the grey angle have?
<image1>
OPTIONS:
0: $52^{\circ}$
1: $53^{\circ}$
2: $54^{\circ}$
3: $55^{\circ}$
4: $56^{\circ}$

Answer with the correct option from 0 to 4. Only provide the numeric and nothing else 

Answer: 
assistant
4",4,0,5
315,590,"user
 QUESTION: Which of the following is made using more than one piece of string?
<image1>
OPTIONS:
0: I, III, IV and V
1: I, III and V
2: III, IV and V
3: all
4: None of these answers

Answer with the correct option from 0 to 4. Only provide the numeric and nothing else 

Answer: 
assistant
0",0,1,3,"user
 QUESTION: Which of the following is made using more than one piece of string?
<image1>
OPTIONS:
0: I, III, IV and V
1: I, III and V
2: III, IV and V
3: all
4: None of these answers

Answer with the correct option from 0 to 4. Only provide the numeric and nothing else 

Answer: 
assistant
2",2,1,3
316,591,"user
 QUESTION: What fraction of the largest square is grey?
<image1>
OPTIONS:
0: $\frac{1}{4}$
1: $\frac{1}{5}$
2: $\frac{2}{5}$
3: $\frac{3}{8}$
4: $\frac{1}{3}$

Answer with the correct option from 0 to 4. Only provide the numeric and nothing else 

Answer: 
assistant
3",3,0,3,"user
 QUESTION: What fraction of the largest square is grey?
<image1>
OPTIONS:
0: $\frac{1}{4}$
1: $\frac{1}{5}$
2: $\frac{2}{5}$
3: $\frac{3}{8}$
4: $\frac{1}{3}$

Answer with the correct option from 0 to 4. Only provide the numeric and nothing else 

Answer: 
assistant
2",2,0,3
317,593,"user
 QUESTION: The diagram opposite shows a regular nonagon. What is the size of the angle marked $\mathrm{X}$?
<image1>
OPTIONS:
0: $40^{\circ}$
1: $45^{\circ}$
2: $50^{\circ}$
3: $55^{\circ}$
4: $60^{\circ}$

Answer with the correct option from 0 to 4. Only provide the numeric and nothing else 

Answer: 
assistant
1",1,4,5,"user
 QUESTION: The diagram opposite shows a regular nonagon. What is the size of the angle marked $\mathrm{X}$?
<image1>
OPTIONS:
0: $40^{\circ}$
1: $45^{\circ}$
2: $50^{\circ}$
3: $55^{\circ}$
4: $60^{\circ}$

Answer with the correct option from 0 to 4. Only provide the numeric and nothing else 

Answer: 
assistant
2",2,4,5
318,595,"user
 QUESTION: A cube is cut in three directions as shown, to produce eight cuboids (each cut is parallel to one of the faces of the cube). What is the ratio of the total surface area of the eight cuboids to the surface area of the original cube?
<image1>
OPTIONS:
0: 1:1
1: 4:3
2: 3:2
3: 2:1
4: 4:1

Answer with the correct option from 0 to 4. Only provide the numeric and nothing else 

Answer: 
assistant
3",3,3,4,"user
 QUESTION: A cube is cut in three directions as shown, to produce eight cuboids (each cut is parallel to one of the faces of the cube). What is the ratio of the total surface area of the eight cuboids to the surface area of the original cube?
<image1>
OPTIONS:
0: 1:1
1: 4:3
2: 3:2
3: 2:1
4: 4:1

Answer with the correct option from 0 to 4. Only provide the numeric and nothing else 

Answer: 
assistant
4",4,3,4
319,598,"user
 QUESTION: In the quadrilateral $\mathrm{ABCD}, \mathrm{AD}=\mathrm{BC}, \angle \mathrm{DAC}=50^{\circ}$, $\angle \mathrm{DCA}=65^{\circ}$ and $\angle \mathrm{ACB}=70^{\circ}$. How big is $\angle \mathrm{ABC}$?
<image1>
OPTIONS:
0: $50^{\circ}$
1: $55^{\circ}$
2: $60^{\circ}$
3: $65^{\circ}$
4: It is not clear.

Answer with the correct option from 0 to 4. Only provide the numeric and nothing else 

Answer: 
assistant
2",2,1,5,"user
 QUESTION: In the quadrilateral $\mathrm{ABCD}, \mathrm{AD}=\mathrm{BC}, \angle \mathrm{DAC}=50^{\circ}$, $\angle \mathrm{DCA}=65^{\circ}$ and $\angle \mathrm{ACB}=70^{\circ}$. How big is $\angle \mathrm{ABC}$?
<image1>
OPTIONS:
0: $50^{\circ}$
1: $55^{\circ}$
2: $60^{\circ}$
3: $65^{\circ}$
4: It is not clear.

Answer with the correct option from 0 to 4. Only provide the numeric and nothing else 

Answer: 
assistant
1",1,1,5
320,599,"user
 QUESTION: Andrea wraps a band around a piece of wood. She then turns the wood around as pictured. What does the wood now look like?
<image1>
<image2>
OPTIONS:
0: A
1: B
2: C
3: D
4: E

Answer with the correct option from 0 to 4. Only provide the numeric and nothing else 

Answer: 
assistant
2",2,1,3,"user
 QUESTION: Andrea wraps a band around a piece of wood. She then turns the wood around as pictured. What does the wood now look like?
<image1>
<image2>
OPTIONS:
0: A
1: B
2: C
3: D
4: E

Answer with the correct option from 0 to 4. Only provide the numeric and nothing else 

Answer: 
assistant
0",0,1,3
321,601,"user
 QUESTION: A paperstrip is folded three times in the middle. It is then opened again and looked at from the side so that one can see all 7 folds from the side at the same time. Which of the following views is not a possible result?
<image1>
OPTIONS:
0: A
1: B
2: C
3: D
4: E

Answer with the correct option from 0 to 4. Only provide the numeric and nothing else 

Answer: 
assistant
2",2,3,3,"user
 QUESTION: A paperstrip is folded three times in the middle. It is then opened again and looked at from the side so that one can see all 7 folds from the side at the same time. Which of the following views is not a possible result?
<image1>
OPTIONS:
0: A
1: B
2: C
3: D
4: E

Answer with the correct option from 0 to 4. Only provide the numeric and nothing else 

Answer: 
assistant
4",4,3,3
322,606,"user
 QUESTION: Lina has placed two tiles on a square game board. Which one of the 5 counters shown, can she add, so that none of the remaining four counters can be placed anymore?
<image1>
<image2>
OPTIONS:
0: A
1: B
2: C
3: D
4: E

Answer with the correct option from 0 to 4. Only provide the numeric and nothing else 

Answer: 
assistant
3",3,3,4,"user
 QUESTION: Lina has placed two tiles on a square game board. Which one of the 5 counters shown, can she add, so that none of the remaining four counters can be placed anymore?
<image1>
<image2>
OPTIONS:
0: A
1: B
2: C
3: D
4: E

Answer with the correct option from 0 to 4. Only provide the numeric and nothing else 

Answer: 
assistant
2",2,3,4
323,607,"user
 QUESTION: On the inside of a square with side length $7 \mathrm{~cm}$ another square is drawn with side length $3 \mathrm{~cm}$. Then a third square with side length $5 \mathrm{~cm}$ is drawn so that it cuts the first two as shown in the picture on the right. How big is the difference between the black area and the grey area?
<image1>
OPTIONS:
0: $0 \mathrm{~cm}^{2}$
1: $10 \mathrm{~cm}^{2}$
2: $11 \mathrm{~cm}^{2}$
3: $15 \mathrm{~cm}^{2}$
4: It can not be decided from the information given.

Answer with the correct option from 0 to 4. Only provide the numeric and nothing else 

Answer: 
assistant
1",1,3,3,"user
 QUESTION: On the inside of a square with side length $7 \mathrm{~cm}$ another square is drawn with side length $3 \mathrm{~cm}$. Then a third square with side length $5 \mathrm{~cm}$ is drawn so that it cuts the first two as shown in the picture on the right. How big is the difference between the black area and the grey area?
<image1>
OPTIONS:
0: $0 \mathrm{~cm}^{2}$
1: $10 \mathrm{~cm}^{2}$
2: $11 \mathrm{~cm}^{2}$
3: $15 \mathrm{~cm}^{2}$
4: It can not be decided from the information given.

Answer with the correct option from 0 to 4. Only provide the numeric and nothing else 

Answer: 
assistant
0",0,3,3
324,610,"user
 QUESTION: Werner folds a piece of paper as shown in the diagram. With a pair of scissors he makes two straight cuts into the paper. Then is unfolds it again. Which on the following shapes are not possible for the piece of paper to show afterwards?
<image1>
<image2>
OPTIONS:
0: A
1: B
2: C
3: D
4: E

Answer with the correct option from 0 to 4. Only provide the numeric and nothing else 

Answer: 
assistant
3",3,3,3,"user
 QUESTION: Werner folds a piece of paper as shown in the diagram. With a pair of scissors he makes two straight cuts into the paper. Then is unfolds it again. Which on the following shapes are not possible for the piece of paper to show afterwards?
<image1>
<image2>
OPTIONS:
0: A
1: B
2: C
3: D
4: E

Answer with the correct option from 0 to 4. Only provide the numeric and nothing else 

Answer: 
assistant
2",2,3,3
325,611,"user
 QUESTION: A cuboid consists of three building blocks. Each building block has a different colour and is made up of 4 cubes. What does the white building block look like?
<image1>
<image2>
OPTIONS:
0: A
1: B
2: C
3: D
4: E

Answer with the correct option from 0 to 4. Only provide the numeric and nothing else 

Answer: 
assistant
1",1,3,4,"user
 QUESTION: A cuboid consists of three building blocks. Each building block has a different colour and is made up of 4 cubes. What does the white building block look like?
<image1>
<image2>
OPTIONS:
0: A
1: B
2: C
3: D
4: E

Answer with the correct option from 0 to 4. Only provide the numeric and nothing else 

Answer: 
assistant
0",0,3,4
326,612,"user
 QUESTION: Ms. Green plants peas (""Erbsen"") and strawberries (""Erdbeeren"") only in her garden. This year she has changed her pea-bed into a square-shaped bed by increasing one side by $3 \mathrm{~m}$. By doing this her strawberry-bed became $15 \mathrm{~m}^{2}$ smaller. What area did the pea-bed have before?
<image1>
OPTIONS:
0: $5 \mathrm{~m}^{2}$
1: $9 \mathrm{~m}^{2}$
2: $10 \mathrm{~m}^{2}$
3: $15 \mathrm{~m}^{2}$
4: $18 \mathrm{~m}^{2}$

Answer with the correct option from 0 to 4. Only provide the numeric and nothing else 

Answer: 
assistant
1",1,2,3,"user
 QUESTION: Ms. Green plants peas (""Erbsen"") and strawberries (""Erdbeeren"") only in her garden. This year she has changed her pea-bed into a square-shaped bed by increasing one side by $3 \mathrm{~m}$. By doing this her strawberry-bed became $15 \mathrm{~m}^{2}$ smaller. What area did the pea-bed have before?
<image1>
OPTIONS:
0: $5 \mathrm{~m}^{2}$
1: $9 \mathrm{~m}^{2}$
2: $10 \mathrm{~m}^{2}$
3: $15 \mathrm{~m}^{2}$
4: $18 \mathrm{~m}^{2}$

Answer with the correct option from 0 to 4. Only provide the numeric and nothing else 

Answer: 
assistant
2",2,2,3
327,613,"user
 QUESTION: The diagram shows a five-pointed star. How big is the angle $A$?
<image1>
OPTIONS:
0: $35^{\circ}$
1: $42^{\circ}$
2: $51^{\circ}$
3: $65^{\circ}$
4: $109^{\circ}$

Answer with the correct option from 0 to 4. Only provide the numeric and nothing else 

Answer: 
assistant
1",1,2,5,"user
 QUESTION: The diagram shows a five-pointed star. How big is the angle $A$?
<image1>
OPTIONS:
0: $35^{\circ}$
1: $42^{\circ}$
2: $51^{\circ}$
3: $65^{\circ}$
4: $109^{\circ}$

Answer with the correct option from 0 to 4. Only provide the numeric and nothing else 

Answer: 
assistant
4",4,2,5
328,614,"user
 QUESTION: Three equally sized equilateral triangles are cut from the vertices of a large equilateral triangle of side length $6 \mathrm{~cm}$. The three little triangles together have the same perimeter as the remaining grey hexagon. What is the side-length of one side of one small triangle?
<image1>
OPTIONS:
0: $1 \mathrm{~cm}$
1: $1.2 \mathrm{~cm}$
2: $1.25 \mathrm{~cm}$
3: $1.5 \mathrm{~cm}$
4: $2 \mathrm{~cm}$

Answer with the correct option from 0 to 4. Only provide the numeric and nothing else 

Answer: 
assistant
3",3,3,2,"user
 QUESTION: Three equally sized equilateral triangles are cut from the vertices of a large equilateral triangle of side length $6 \mathrm{~cm}$. The three little triangles together have the same perimeter as the remaining grey hexagon. What is the side-length of one side of one small triangle?
<image1>
OPTIONS:
0: $1 \mathrm{~cm}$
1: $1.2 \mathrm{~cm}$
2: $1.25 \mathrm{~cm}$
3: $1.5 \mathrm{~cm}$
4: $2 \mathrm{~cm}$

Answer with the correct option from 0 to 4. Only provide the numeric and nothing else 

Answer: 
assistant
1",1,3,2
329,618,"user
 QUESTION: Three lines disect a big triangle into four triangles and three quadrilaterals. The sum of the perimeters of the three quadrialterals is $25 \mathrm{~cm}$. The sum of the perimeters of the four triangles is $20 \mathrm{~cm}$. The perimeter of the big triangle is $19 \mathrm{~cm}$. How big is the sum of the lengths of the three dissecting lines?
<image1>
OPTIONS:
0: $11 \mathrm{~cm}$
1: $12 \mathrm{~cm}$
2: $13 \mathrm{~cm}$
3: $15 \mathrm{~cm}$
4: $16 \mathrm{~cm}$

Answer with the correct option from 0 to 4. Only provide the numeric and nothing else 

Answer: 
assistant
1",1,2,2,"user
 QUESTION: Three lines disect a big triangle into four triangles and three quadrilaterals. The sum of the perimeters of the three quadrialterals is $25 \mathrm{~cm}$. The sum of the perimeters of the four triangles is $20 \mathrm{~cm}$. The perimeter of the big triangle is $19 \mathrm{~cm}$. How big is the sum of the lengths of the three dissecting lines?
<image1>
OPTIONS:
0: $11 \mathrm{~cm}$
1: $12 \mathrm{~cm}$
2: $13 \mathrm{~cm}$
3: $15 \mathrm{~cm}$
4: $16 \mathrm{~cm}$

Answer with the correct option from 0 to 4. Only provide the numeric and nothing else 

Answer: 
assistant
12",12,2,2
330,627,"user
 QUESTION: Four identical cubes (see diagram) were fitted together. If the resulting shape is viewed from the front you see a black circle (picture on the right). What will you see on the back of the shape?
<image1>
<image2>
OPTIONS:
0: A
1: B
2: C
3: D
4: E

Answer with the correct option from 0 to 4. Only provide the numeric and nothing else 

Answer: 
assistant
2",2,0,4,"user
 QUESTION: Four identical cubes (see diagram) were fitted together. If the resulting shape is viewed from the front you see a black circle (picture on the right). What will you see on the back of the shape?
<image1>
<image2>
OPTIONS:
0: A
1: B
2: C
3: D
4: E

Answer with the correct option from 0 to 4. Only provide the numeric and nothing else 

Answer: 
assistant
1",1,0,4
331,628,"user
 QUESTION: The word KANGAROO is written on the top of my umbrella. Which of the following pictures shows my umbrella?
<image1>
<image2>
OPTIONS:
0: A
1: B
2: C
3: D
4: E

Answer with the correct option from 0 to 4. Only provide the numeric and nothing else 

Answer: 
assistant
4",4,4,4,"user
 QUESTION: The word KANGAROO is written on the top of my umbrella. Which of the following pictures shows my umbrella?
<image1>
<image2>
OPTIONS:
0: A
1: B
2: C
3: D
4: E

Answer with the correct option from 0 to 4. Only provide the numeric and nothing else 

Answer: 
assistant
1",1,4,4
332,629,"user
 QUESTION: The diagram shows the net of a cube whose faces are numbered. Sascha adds the numbers that are on opposite faces of the cube. Which three results does he get?
<image1>
OPTIONS:
0: $4,6,11$
1: $4,5,12$
2: $5,6,10$
3: $5,7,9$
4: $5,8,8$

Answer with the correct option from 0 to 4. Only provide the numeric and nothing else 

Answer: 
assistant
2",2,0,4,"user
 QUESTION: The diagram shows the net of a cube whose faces are numbered. Sascha adds the numbers that are on opposite faces of the cube. Which three results does he get?
<image1>
OPTIONS:
0: $4,6,11$
1: $4,5,12$
2: $5,6,10$
3: $5,7,9$
4: $5,8,8$

Answer with the correct option from 0 to 4. Only provide the numeric and nothing else 

Answer: 
assistant
0",0,0,4
333,632,"user
 QUESTION: A bush has 10 twigs. Each twig has exactly 5 leaves or exactly 2 leaves and a flower. Which of the following numbers could be the total number of leaves on the bush?
<image1>
OPTIONS:
0: 45
1: 39
2: 37
3: 31
4: None of the numbers from (A) to (D)

Answer with the correct option from 0 to 4. Only provide the numeric and nothing else 

Answer: 
assistant
3",3,4,4,"user
 QUESTION: A bush has 10 twigs. Each twig has exactly 5 leaves or exactly 2 leaves and a flower. Which of the following numbers could be the total number of leaves on the bush?
<image1>
OPTIONS:
0: 45
1: 39
2: 37
3: 31
4: None of the numbers from (A) to (D)

Answer with the correct option from 0 to 4. Only provide the numeric and nothing else 

Answer: 
assistant
2",2,4,4
334,633,"user
 QUESTION: Each side of each triangle in the diagram is painted either blue, green or red. Four of the sides are already painted. Which colour can the line marked ""x"" have, if each triangle must have all sides in different colours?
<image1>
OPTIONS:
0: only green
1: only red
2: only blue
3: either red or blue
4: The question cannot be solved.

Answer with the correct option from 0 to 4. Only provide the numeric and nothing else 

Answer: 
assistant
1",1,0,4,"user
 QUESTION: Each side of each triangle in the diagram is painted either blue, green or red. Four of the sides are already painted. Which colour can the line marked ""x"" have, if each triangle must have all sides in different colours?
<image1>
OPTIONS:
0: only green
1: only red
2: only blue
3: either red or blue
4: The question cannot be solved.

Answer with the correct option from 0 to 4. Only provide the numeric and nothing else 

Answer: 
assistant
3",3,0,4
335,634,"user
 QUESTION: A square with area 30 is split into two by its diagonal and then Split into triangles as shown in the diagram. Some of the areas of the triangles are given in the diagram. Which of the line segments $a, b, c, d, e$ of the diagonal is the longest?
<image1>
OPTIONS:
0: a
1: b
2: c
3: d
4: e

Answer with the correct option from 0 to 4. Only provide the numeric and nothing else 

Answer: 
assistant
4",4,3,2,"user
 QUESTION: A square with area 30 is split into two by its diagonal and then Split into triangles as shown in the diagram. Some of the areas of the triangles are given in the diagram. Which of the line segments $a, b, c, d, e$ of the diagonal is the longest?
<image1>
OPTIONS:
0: a
1: b
2: c
3: d
4: e

Answer with the correct option from 0 to 4. Only provide the numeric and nothing else 

Answer: 
assistant
2",2,3,2
336,639,"user
 QUESTION: In the rectangle $A B C D$ the side $A D$ is $10 \mathrm{~cm}$ long. $M$ and $N$ are the midpoints of the sides $A B$ and $C D$ respectively. How big is the grey area?
<image1>
OPTIONS:
0: $50 \mathrm{~cm}^{2}$
1: $80 \mathrm{~cm}^{2}$
2: $100 \mathrm{~cm}^{2}$
3: $120 \mathrm{~cm}^{2}$
4: $150 \mathrm{~cm}^{2}$

Answer with the correct option from 0 to 4. Only provide the numeric and nothing else 

Answer: 
assistant
2",2,2,3,"user
 QUESTION: In the rectangle $A B C D$ the side $A D$ is $10 \mathrm{~cm}$ long. $M$ and $N$ are the midpoints of the sides $A B$ and $C D$ respectively. How big is the grey area?
<image1>
OPTIONS:
0: $50 \mathrm{~cm}^{2}$
1: $80 \mathrm{~cm}^{2}$
2: $100 \mathrm{~cm}^{2}$
3: $120 \mathrm{~cm}^{2}$
4: $150 \mathrm{~cm}^{2}$

Answer with the correct option from 0 to 4. Only provide the numeric and nothing else 

Answer: 
assistant
0",0,2,3
337,640,"user
 QUESTION: Within the square $A B C D$ there are four identical rectangles (see diagram). The perimeter of each rectangle is $16 \mathrm{~cm}$. What is the perimeter of this
square?
<image1>square?
OPTIONS:
0: $16 \mathrm{~cm}$
1: $20 \mathrm{~cm}$
2: $24 \mathrm{~cm}$
3: $28 \mathrm{~cm}$
4: $32 \mathrm{~cm}$

Answer with the correct option from 0 to 4. Only provide the numeric and nothing else 

Answer: 
assistant
4",4,4,2,"user
 QUESTION: Within the square $A B C D$ there are four identical rectangles (see diagram). The perimeter of each rectangle is $16 \mathrm{~cm}$. What is the perimeter of this
square?
<image1>square?
OPTIONS:
0: $16 \mathrm{~cm}$
1: $20 \mathrm{~cm}$
2: $24 \mathrm{~cm}$
3: $28 \mathrm{~cm}$
4: $32 \mathrm{~cm}$

Answer with the correct option from 0 to 4. Only provide the numeric and nothing else 

Answer: 
assistant
2",2,4,2
338,641,"user
 QUESTION: Anne has glued together some cubes and has obtained the solid shown on the right. She turns it around to check it out from different sides. Which view can she not obtain?
<image1>
<image2>
OPTIONS:
0: A
1: B
2: C
3: D
4: E

Answer with the correct option from 0 to 4. Only provide the numeric and nothing else 

Answer: 
assistant
1",1,0,4,"user
 QUESTION: Anne has glued together some cubes and has obtained the solid shown on the right. She turns it around to check it out from different sides. Which view can she not obtain?
<image1>
<image2>
OPTIONS:
0: A
1: B
2: C
3: D
4: E

Answer with the correct option from 0 to 4. Only provide the numeric and nothing else 

Answer: 
assistant
2",2,0,4
339,644,"user
 QUESTION: A cube of side length 3 consists of 15 black and 12 white unit cubes. In the diagram five of the six faces of the big cube can be seen. Which of the regions shown below is the 6th face of the big cube?
<image1>
<image2>
OPTIONS:
0: A
1: B
2: C
3: D
4: E

Answer with the correct option from 0 to 4. Only provide the numeric and nothing else 

Answer: 
assistant
2",2,0,4,"user
 QUESTION: A cube of side length 3 consists of 15 black and 12 white unit cubes. In the diagram five of the six faces of the big cube can be seen. Which of the regions shown below is the 6th face of the big cube?
<image1>
<image2>
OPTIONS:
0: A
1: B
2: C
3: D
4: E

Answer with the correct option from 0 to 4. Only provide the numeric and nothing else 

Answer: 
assistant
0",0,0,4
340,646,"user
 QUESTION: The diagram shows two rectangles whose sides are parallel to each other. By how much is the perimeter of the bigger rectangle greater than the perimeter of the smaller rectangle?
<image1>
OPTIONS:
0: $12 \mathrm{~m}$
1: $16 \mathrm{~m}$
2: $20 \mathrm{~m}$
3: $21 \mathrm{~m}$
4: $24 \mathrm{~m}$

Answer with the correct option from 0 to 4. Only provide the numeric and nothing else 

Answer: 
assistant
1",1,4,2,"user
 QUESTION: The diagram shows two rectangles whose sides are parallel to each other. By how much is the perimeter of the bigger rectangle greater than the perimeter of the smaller rectangle?
<image1>
OPTIONS:
0: $12 \mathrm{~m}$
1: $16 \mathrm{~m}$
2: $20 \mathrm{~m}$
3: $21 \mathrm{~m}$
4: $24 \mathrm{~m}$

Answer with the correct option from 0 to 4. Only provide the numeric and nothing else 

Answer: 
assistant
4",4,4,2
341,647,"user
 QUESTION: Paul folds a piece of paper, then punches a hole into the paper and unfolds it again. The unfolded paper then looks like the picture on the right. Along which dotted line can Paul have folded the paper beforehand?
<image1>
<image2>
OPTIONS:
0: A
1: B
2: C
3: D
4: E

Answer with the correct option from 0 to 4. Only provide the numeric and nothing else 

Answer: 
assistant
2",2,3,3,"user
 QUESTION: Paul folds a piece of paper, then punches a hole into the paper and unfolds it again. The unfolded paper then looks like the picture on the right. Along which dotted line can Paul have folded the paper beforehand?
<image1>
<image2>
OPTIONS:
0: A
1: B
2: C
3: D
4: E

Answer with the correct option from 0 to 4. Only provide the numeric and nothing else 

Answer: 
assistant
1",1,3,3
342,655,"user
 QUESTION: The fence on the right has many holes. One morning the fence falls over and lies on the floor. Which of the following pictures shows the fallen down fence?
<image1>
<image2>
OPTIONS:
0: A
1: B
2: C
3: D
4: E

Answer with the correct option from 0 to 4. Only provide the numeric and nothing else 

Answer: 
assistant
2",2,2,4,"user
 QUESTION: The fence on the right has many holes. One morning the fence falls over and lies on the floor. Which of the following pictures shows the fallen down fence?
<image1>
<image2>
OPTIONS:
0: A
1: B
2: C
3: D
4: E

Answer with the correct option from 0 to 4. Only provide the numeric and nothing else 

Answer: 
assistant
0",0,2,4
343,662,"user
 QUESTION: Simon runs along the edge round a $50 \mathrm{~m}$ long rectangular swimming pool, while at the same time Jan swims lengths in the pool. Simon runs three times as fast as Jan swims. While Jan swims 6 lengths, Simon manages 5 rounds around the pool. How wide is the swimming pool?
<image1>
OPTIONS:
0: $25 \mathrm{~m}$
1: $40 \mathrm{~m}$
2: $50 \mathrm{~m}$
3: $80 \mathrm{~m}$
4: $180 \mathrm{~m}$

Answer with the correct option from 0 to 4. Only provide the numeric and nothing else 

Answer: 
assistant
0",0,1,2,"user
 QUESTION: Simon runs along the edge round a $50 \mathrm{~m}$ long rectangular swimming pool, while at the same time Jan swims lengths in the pool. Simon runs three times as fast as Jan swims. While Jan swims 6 lengths, Simon manages 5 rounds around the pool. How wide is the swimming pool?
<image1>
OPTIONS:
0: $25 \mathrm{~m}$
1: $40 \mathrm{~m}$
2: $50 \mathrm{~m}$
3: $80 \mathrm{~m}$
4: $180 \mathrm{~m}$

Answer with the correct option from 0 to 4. Only provide the numeric and nothing else 

Answer: 
assistant
1",1,1,2
344,666,"user
 QUESTION: Which cloud contains even numbers only?
<image1>
OPTIONS:
0: A
1: B
2: C
3: D
4: E

Answer with the correct option from 0 to 4. Only provide the numeric and nothing else 

Answer: 
assistant
3",3,4,5,"user
 QUESTION: Which cloud contains even numbers only?
<image1>
OPTIONS:
0: A
1: B
2: C
3: D
4: E

Answer with the correct option from 0 to 4. Only provide the numeric and nothing else 

Answer: 
assistant
2",2,4,5
345,667,"user
 QUESTION: Three rings are connected to each other as shown. Which of the following pictures also shows three rings connected in the same way?
<image1>
<image2>
OPTIONS:
0: A
1: B
2: C
3: D
4: E

Answer with the correct option from 0 to 4. Only provide the numeric and nothing else 

Answer: 
assistant
1",1,3,4,"user
 QUESTION: Three rings are connected to each other as shown. Which of the following pictures also shows three rings connected in the same way?
<image1>
<image2>
OPTIONS:
0: A
1: B
2: C
3: D
4: E

Answer with the correct option from 0 to 4. Only provide the numeric and nothing else 

Answer: 
assistant
2",2,3,4
346,668,"user
 QUESTION: Four of the following five diagrams can be drawn without lifting the pencil and without going over a line twice. For one diagram this is not true. Which one is it?
<image1>
OPTIONS:
0: A
1: B
2: C
3: D
4: E

Answer with the correct option from 0 to 4. Only provide the numeric and nothing else 

Answer: 
assistant
0",0,3,3,"user
 QUESTION: Four of the following five diagrams can be drawn without lifting the pencil and without going over a line twice. For one diagram this is not true. Which one is it?
<image1>
OPTIONS:
0: A
1: B
2: C
3: D
4: E

Answer with the correct option from 0 to 4. Only provide the numeric and nothing else 

Answer: 
assistant
2",2,3,3
347,669,"user
 QUESTION: A big square is divided up into smaller squares of different sizes as shown. Some of the smaller squares are shaded in grey. Which fraction of the big square is shaded in grey?
<image1>
OPTIONS:
0: $\frac{2}{3}$
1: $\frac{2}{5}$
2: $\frac{4}{7}$
3: $\frac{4}{9}$
4: $\frac{5}{12}$

Answer with the correct option from 0 to 4. Only provide the numeric and nothing else 

Answer: 
assistant
4",4,3,3,"user
 QUESTION: A big square is divided up into smaller squares of different sizes as shown. Some of the smaller squares are shaded in grey. Which fraction of the big square is shaded in grey?
<image1>
OPTIONS:
0: $\frac{2}{3}$
1: $\frac{2}{5}$
2: $\frac{4}{7}$
3: $\frac{4}{9}$
4: $\frac{5}{12}$

Answer with the correct option from 0 to 4. Only provide the numeric and nothing else 

Answer: 
assistant
1",1,3,3
348,672,"user
 QUESTION: A $4 \times 4$ square is made up of the two pieces shown. Which of the following $4 \times 4$ squares cannot be made this way?
<image1>
<image2>
OPTIONS:
0: A
1: B
2: C
3: D
4: E

Answer with the correct option from 0 to 4. Only provide the numeric and nothing else 

Answer: 
assistant
4",4,4,4,"user
 QUESTION: A $4 \times 4$ square is made up of the two pieces shown. Which of the following $4 \times 4$ squares cannot be made this way?
<image1>
<image2>
OPTIONS:
0: A
1: B
2: C
3: D
4: E

Answer with the correct option from 0 to 4. Only provide the numeric and nothing else 

Answer: 
assistant
3",3,4,4
349,673,"user
 QUESTION: Mia draws some congruent rectangles and one triangle. She then shades in grey those parts of the rectangles that lie outside the triangle (see diagram). How big is the resulting grey area?
<image1>
OPTIONS:
0: $10 \mathrm{~cm}^{2}$
1: $12 \mathrm{~cm}^{2}$
2: $14 \mathrm{~cm}^{2}$
3: $15 \mathrm{~cm}^{2}$
4: $21 \mathrm{~cm}^{2}$

Answer with the correct option from 0 to 4. Only provide the numeric and nothing else 

Answer: 
assistant
3",3,1,4,"user
 QUESTION: Mia draws some congruent rectangles and one triangle. She then shades in grey those parts of the rectangles that lie outside the triangle (see diagram). How big is the resulting grey area?
<image1>
OPTIONS:
0: $10 \mathrm{~cm}^{2}$
1: $12 \mathrm{~cm}^{2}$
2: $14 \mathrm{~cm}^{2}$
3: $15 \mathrm{~cm}^{2}$
4: $21 \mathrm{~cm}^{2}$

Answer with the correct option from 0 to 4. Only provide the numeric and nothing else 

Answer: 
assistant
2",2,1,4
350,674,"user
 QUESTION: An ant crawls along a closed line on the surface of a cube until it reaches its starting point. Which of the following nets of a cube belongs to the cube that the ant is crawling on?
<image1>
OPTIONS:
0: A
1: B
2: C
3: D
4: E

Answer with the correct option from 0 to 4. Only provide the numeric and nothing else 

Answer: 
assistant
4",4,4,3,"user
 QUESTION: An ant crawls along a closed line on the surface of a cube until it reaches its starting point. Which of the following nets of a cube belongs to the cube that the ant is crawling on?
<image1>
OPTIONS:
0: A
1: B
2: C
3: D
4: E

Answer with the correct option from 0 to 4. Only provide the numeric and nothing else 

Answer: 
assistant
2",2,4,3
351,675,"user
 QUESTION: Peter colours in each of the eight circles in one of the colours red, yellow or blue. Two circles that are directly connected by a line, are not allowed to be of the same colour. Which two circles does Peter definitely have to colour in the same colour?
<image1>
OPTIONS:
0: 5 and 8
1: 1 and 6
2: 2 and 7
3: 4 and 5
4: 3 and 6

Answer with the correct option from 0 to 4. Only provide the numeric and nothing else 

Answer: 
assistant
0",0,0,3,"user
 QUESTION: Peter colours in each of the eight circles in one of the colours red, yellow or blue. Two circles that are directly connected by a line, are not allowed to be of the same colour. Which two circles does Peter definitely have to colour in the same colour?
<image1>
OPTIONS:
0: 5 and 8
1: 1 and 6
2: 2 and 7
3: 4 and 5
4: 3 and 6

Answer with the correct option from 0 to 4. Only provide the numeric and nothing else 

Answer: 
assistant
2",2,0,3
352,679,"user
 QUESTION: As soon as he left his city towards Caecá, Charles saw the sign on the left. When he came back from Caecá, he saw the sign on the right. At that point, how far was it to get to his city?
<image1>
OPTIONS:
0: $12 \mathrm{~km}$
1: $21 \mathrm{~km}$
2: $29 \mathrm{~km}$
3: $41 \mathrm{~km}$
4: $52 \mathrm{~km}$

Answer with the correct option from 0 to 4. Only provide the numeric and nothing else 

Answer: 
assistant
2",2,3,4,"user
 QUESTION: As soon as he left his city towards Caecá, Charles saw the sign on the left. When he came back from Caecá, he saw the sign on the right. At that point, how far was it to get to his city?
<image1>
OPTIONS:
0: $12 \mathrm{~km}$
1: $21 \mathrm{~km}$
2: $29 \mathrm{~km}$
3: $41 \mathrm{~km}$
4: $52 \mathrm{~km}$

Answer with the correct option from 0 to 4. Only provide the numeric and nothing else 

Answer: 
assistant
0",0,3,4
353,682,"user
 QUESTION: Amelia has a paper strip with five equal cells containing different drawings, according to the figure. She folds the strip in such a way that the cells overlap in five layers. Which of the sequences of layers, from top to bottom, is not possible to obtain?
<image1>
<image2>
OPTIONS:
0: A
1: B
2: C
3: D
4: E

Answer with the correct option from 0 to 4. Only provide the numeric and nothing else 

Answer: 
assistant
4",4,0,3,"user
 QUESTION: Amelia has a paper strip with five equal cells containing different drawings, according to the figure. She folds the strip in such a way that the cells overlap in five layers. Which of the sequences of layers, from top to bottom, is not possible to obtain?
<image1>
<image2>
OPTIONS:
0: A
1: B
2: C
3: D
4: E

Answer with the correct option from 0 to 4. Only provide the numeric and nothing else 

Answer: 
assistant
0",0,0,3
354,685,"user
 QUESTION: The figure shows three concentric circles with four lines passing through their common centre. What percentage of the figure is shaded?
<image1>
OPTIONS:
0: $30 \%$
1: $35 \%$
2: $40 \%$
3: $45 \%$
4: $50 \%$

Answer with the correct option from 0 to 4. Only provide the numeric and nothing else 

Answer: 
assistant
3",3,4,3,"user
 QUESTION: The figure shows three concentric circles with four lines passing through their common centre. What percentage of the figure is shaded?
<image1>
OPTIONS:
0: $30 \%$
1: $35 \%$
2: $40 \%$
3: $45 \%$
4: $50 \%$

Answer with the correct option from 0 to 4. Only provide the numeric and nothing else 

Answer: 
assistant
4",4,4,3
355,688,"user
 QUESTION: A bike lock has four wheels numbered with the digits 0 to 9 in order. Each of the four wheels is rotated by $180^{\circ}$ from the code shown in the first diagram to get the correct code. What is the correct code for the bike lock?
<image1>
<image2>
OPTIONS:
0: A
1: B
2: C
3: D
4: E

Answer with the correct option from 0 to 4. Only provide the numeric and nothing else 

Answer: 
assistant
4",4,1,3,"user
 QUESTION: A bike lock has four wheels numbered with the digits 0 to 9 in order. Each of the four wheels is rotated by $180^{\circ}$ from the code shown in the first diagram to get the correct code. What is the correct code for the bike lock?
<image1>
<image2>
OPTIONS:
0: A
1: B
2: C
3: D
4: E

Answer with the correct option from 0 to 4. Only provide the numeric and nothing else 

Answer: 
assistant
2",2,1,3
356,689,"user
 QUESTION: Five squares are positioned as shown. The small square indicated has area 1. What is the value of $h$?
<image1>
OPTIONS:
0: $3 \mathrm{~m}$
1: $3.5 \mathrm{~m}$
2: $4 \mathrm{~m}$
3: $4.2 \mathrm{~m}$
4: $4.5 \mathrm{~m}$

Answer with the correct option from 0 to 4. Only provide the numeric and nothing else 

Answer: 
assistant
2",2,2,2,"user
 QUESTION: Five squares are positioned as shown. The small square indicated has area 1. What is the value of $h$?
<image1>
OPTIONS:
0: $3 \mathrm{~m}$
1: $3.5 \mathrm{~m}$
2: $4 \mathrm{~m}$
3: $4.2 \mathrm{~m}$
4: $4.5 \mathrm{~m}$

Answer with the correct option from 0 to 4. Only provide the numeric and nothing else 

Answer: 
assistant
4",4,2,2
357,691,"user
 QUESTION: 5 friends talk about their collected <image1>. Xenia says: ""I have an even number of pins"", Zach: ""Half of my pins are planets, Sue: ""I don't have any moons"", Paul: ""I have more moons than stars"" and Yvonne: ""I have more stars than planets"". Below are the collections of the 5 friends. Which set of pins belongs to Yvonne?
<image2>
OPTIONS:
0: A
1: B
2: C
3: D
4: E

Answer with the correct option from 0 to 4. Only provide the numeric and nothing else 

Answer: 
assistant
4",4,4,4,"user
 QUESTION: 5 friends talk about their collected <image1>. Xenia says: ""I have an even number of pins"", Zach: ""Half of my pins are planets, Sue: ""I don't have any moons"", Paul: ""I have more moons than stars"" and Yvonne: ""I have more stars than planets"". Below are the collections of the 5 friends. Which set of pins belongs to Yvonne?
<image2>
OPTIONS:
0: A
1: B
2: C
3: D
4: E

Answer with the correct option from 0 to 4. Only provide the numeric and nothing else 

Answer: 
assistant
2",2,4,4
358,693,"user
 QUESTION: Meike paddles around five buoys with her boat (see diagram). Which of the buoys does she paddle around in a clockwise direction?
<image1>
OPTIONS:
0: 2, 3 and 4
1: 1, 2 and 3
2: 1, 3 and 5
3: 2, 4 and 5
4: 2, 3 and 5

Answer with the correct option from 0 to 4. Only provide the numeric and nothing else 

Answer: 
assistant
3",3,4,3,"user
 QUESTION: Meike paddles around five buoys with her boat (see diagram). Which of the buoys does she paddle around in a clockwise direction?
<image1>
OPTIONS:
0: 2, 3 and 4
1: 1, 2 and 3
2: 1, 3 and 5
3: 2, 4 and 5
4: 2, 3 and 5

Answer with the correct option from 0 to 4. Only provide the numeric and nothing else 

Answer: 
assistant
4",4,4,3
359,694,"user
 QUESTION: Kengu likes to jump on the number line. He starts at 0 , then always starts with two big jumps and then three small jumps (see diagram). He keeps repeating this in the same way, over and over again. On which of the following numbers will he land in the course of his jumps?
<image1>
OPTIONS:
0: 82
1: 83
2: 84
3: 85
4: 86

Answer with the correct option from 0 to 4. Only provide the numeric and nothing else 

Answer: 
assistant
0",0,2,4,"user
 QUESTION: Kengu likes to jump on the number line. He starts at 0 , then always starts with two big jumps and then three small jumps (see diagram). He keeps repeating this in the same way, over and over again. On which of the following numbers will he land in the course of his jumps?
<image1>
OPTIONS:
0: 82
1: 83
2: 84
3: 85
4: 86

Answer with the correct option from 0 to 4. Only provide the numeric and nothing else 

Answer: 
assistant
2",2,2,4
360,695,"user
 QUESTION: Sonja builds the cube shown, out of equally sized bricks. The shortest side of one brick is $4 \mathrm{~cm}$ long. What dimensions in $\mathrm{cm}$ does one brick have?
<image1>
OPTIONS:
0: $4 \times 6 \times 12$
1: $4 \times 6 \times 16$
2: $4 \times 8 \times 12$
3: $4 \times 8 \times 16$
4: $4 \times 12 \times 16$

Answer with the correct option from 0 to 4. Only provide the numeric and nothing else 

Answer: 
assistant
3",3,2,4,"user
 QUESTION: Sonja builds the cube shown, out of equally sized bricks. The shortest side of one brick is $4 \mathrm{~cm}$ long. What dimensions in $\mathrm{cm}$ does one brick have?
<image1>
OPTIONS:
0: $4 \times 6 \times 12$
1: $4 \times 6 \times 16$
2: $4 \times 8 \times 12$
3: $4 \times 8 \times 16$
4: $4 \times 12 \times 16$

Answer with the correct option from 0 to 4. Only provide the numeric and nothing else 

Answer: 
assistant
2",2,2,4
361,696,"user
 QUESTION: The black-white caterpillar shown, rolls up to go to sleep. Which diagram could show the rolled-up caterpillar?
<image1>
<image2>
OPTIONS:
0: A
1: B
2: C
3: D
4: E

Answer with the correct option from 0 to 4. Only provide the numeric and nothing else 

Answer: 
assistant
1",1,0,3,"user
 QUESTION: The black-white caterpillar shown, rolls up to go to sleep. Which diagram could show the rolled-up caterpillar?
<image1>
<image2>
OPTIONS:
0: A
1: B
2: C
3: D
4: E

Answer with the correct option from 0 to 4. Only provide the numeric and nothing else 

Answer: 
assistant
2",2,0,3
362,698,"user
 QUESTION: There are 5 trees and 3 paths in a park as shown on the map. Another tree is planted so that there is an equal number of trees on both sides of each path. In
which section of the park will the new tree be planted?
<image1>
OPTIONS:
0: A
1: B
2: C
3: D
4: E

Answer with the correct option from 0 to 4. Only provide the numeric and nothing else 

Answer: 
assistant
1",1,1,4,"user
 QUESTION: There are 5 trees and 3 paths in a park as shown on the map. Another tree is planted so that there is an equal number of trees on both sides of each path. In
which section of the park will the new tree be planted?
<image1>
OPTIONS:
0: A
1: B
2: C
3: D
4: E

Answer with the correct option from 0 to 4. Only provide the numeric and nothing else 

Answer: 
assistant
2",2,1,4
363,699,"user
 QUESTION: Gardener Toni plants tulips <image1> and sunflowers <image2> in a square flowerbed with side length $12 \mathrm{~m}$, as shown in the diagram. How big is the entire area where sunflowers are planted?
<image3>
OPTIONS:
0: $36 \mathrm{~m}^{2}$
1: $40 \mathrm{~m}^{2}$
2: $44 \mathrm{~m}^{2}$
3: $46 \mathrm{~m}^{2}$
4: $48 \mathrm{~m}^{2}$

Answer with the correct option from 0 to 4. Only provide the numeric and nothing else 

Answer: 
assistant
0",0,4,3,"user
 QUESTION: Gardener Toni plants tulips <image1> and sunflowers <image2> in a square flowerbed with side length $12 \mathrm{~m}$, as shown in the diagram. How big is the entire area where sunflowers are planted?
<image3>
OPTIONS:
0: $36 \mathrm{~m}^{2}$
1: $40 \mathrm{~m}^{2}$
2: $44 \mathrm{~m}^{2}$
3: $46 \mathrm{~m}^{2}$
4: $48 \mathrm{~m}^{2}$

Answer with the correct option from 0 to 4. Only provide the numeric and nothing else 

Answer: 
assistant
4",4,4,3
364,702,"user
 QUESTION: The diagram shows a grid made of vertical and horizontal lines. Which part was cut from the grid? <image1>
<image2>
OPTIONS:
0: A
1: B
2: C
3: D
4: E

Answer with the correct option from 0 to 4. Only provide the numeric and nothing else 

Answer: 
assistant
1",1,4,4,"user
 QUESTION: The diagram shows a grid made of vertical and horizontal lines. Which part was cut from the grid? <image1>
<image2>
OPTIONS:
0: A
1: B
2: C
3: D
4: E

Answer with the correct option from 0 to 4. Only provide the numeric and nothing else 

Answer: 
assistant
2",2,4,4
365,703,"user
 QUESTION: Which of the following shapes cannot be cut into two trapeziums with one single straight line? <image1>
OPTIONS:
0: A
1: B
2: C
3: D
4: E

Answer with the correct option from 0 to 4. Only provide the numeric and nothing else 

Answer: 
assistant
0",0,0,4,"user
 QUESTION: Which of the following shapes cannot be cut into two trapeziums with one single straight line? <image1>
OPTIONS:
0: A
1: B
2: C
3: D
4: E

Answer with the correct option from 0 to 4. Only provide the numeric and nothing else 

Answer: 
assistant
2",2,0,4
366,704,"user
 QUESTION: A dark disc with two holes is placed on top of a dial of a watch as shown. The dark disc is now rotated so that the number 8 can be seen through one of the holes. Which of the numbers could one see through the other hole now? <image1>
OPTIONS:
0: 4 and 12
1: 1 and 5
2: 1 and 4
3: 7 and 11
4: 5 and 12

Answer with the correct option from 0 to 4. Only provide the numeric and nothing else 

Answer: 
assistant
2",2,0,3,"user
 QUESTION: A dark disc with two holes is placed on top of a dial of a watch as shown. The dark disc is now rotated so that the number 8 can be seen through one of the holes. Which of the numbers could one see through the other hole now? <image1>
OPTIONS:
0: 4 and 12
1: 1 and 5
2: 1 and 4
3: 7 and 11
4: 5 and 12

Answer with the correct option from 0 to 4. Only provide the numeric and nothing else 

Answer: 
assistant
4",4,0,3
367,705,"user
 QUESTION: Kristina has a piece of see-through foil on which some points and lines are drawn. She folds the foil along the dotted line. <image1> What can she see now?
OPTIONS:
0: $2\vdots6\vdots9$
1: $2\vdots6\vdots6$
2: $5\vdots6\vdots6$
3: $2\vdots8\vdots6$
4: $5\vdots8\vdots9$

Answer with the correct option from 0 to 4. Only provide the numeric and nothing else 

Answer: 
assistant
1",1,2,3,"user
 QUESTION: Kristina has a piece of see-through foil on which some points and lines are drawn. She folds the foil along the dotted line. <image1> What can she see now?
OPTIONS:
0: $2\vdots6\vdots9$
1: $2\vdots6\vdots6$
2: $5\vdots6\vdots6$
3: $2\vdots8\vdots6$
4: $5\vdots8\vdots9$

Answer with the correct option from 0 to 4. Only provide the numeric and nothing else 

Answer: 
assistant
0",0,2,3
368,707,"user
 QUESTION: The diagram shows the starting position, the direction and the distance covered within 5 seconds by four bumper cars. Which two cars will first crash into each other? <image1>
OPTIONS:
0: A and B
1: A and C
2: A and D
3: B and C
4: C and D

Answer with the correct option from 0 to 4. Only provide the numeric and nothing else 

Answer: 
assistant
3",3,1,3,"user
 QUESTION: The diagram shows the starting position, the direction and the distance covered within 5 seconds by four bumper cars. Which two cars will first crash into each other? <image1>
OPTIONS:
0: A and B
1: A and C
2: A and D
3: B and C
4: C and D

Answer with the correct option from 0 to 4. Only provide the numeric and nothing else 

Answer: 
assistant
0",0,1,3
369,714,"user
 QUESTION: A rectangular parallelepiped was composed of 4 pieces, each consisting of 4 little cubes. Then one piece was removed (see picture) Which one?
<image1>
<image2>
OPTIONS:
0: A
1: B
2: C
3: D
4: E

Answer with the correct option from 0 to 4. Only provide the numeric and nothing else 

Answer: 
assistant
2",2,2,3,"user
 QUESTION: A rectangular parallelepiped was composed of 4 pieces, each consisting of 4 little cubes. Then one piece was removed (see picture) Which one?
<image1>
<image2>
OPTIONS:
0: A
1: B
2: C
3: D
4: E

Answer with the correct option from 0 to 4. Only provide the numeric and nothing else 

Answer: 
assistant
1",1,2,3
370,716,"user
 QUESTION: The graph of the function $f(x)$, defined for all real numbers, is formed by two half-lines and one segment, as illustrated in the picture. Clearly, -8 is a solution of the equation $f(f(x))=0$, because $f(f(-8))=f(-4)=0$. Find all the solutions of the equation $f(f(f(x)))=0$.
<image1>
OPTIONS:
0: -4 ; 0
1: -8 ;-4 ; 0
2: -12 ;-8 ;-4 ; 0
3: -16 ;-12 ;-8 ;-4 ; 0
4: No solutions

Answer with the correct option from 0 to 4. Only provide the numeric and nothing else 

Answer: 
assistant
3",3,2,5,"user
 QUESTION: The graph of the function $f(x)$, defined for all real numbers, is formed by two half-lines and one segment, as illustrated in the picture. Clearly, -8 is a solution of the equation $f(f(x))=0$, because $f(f(-8))=f(-4)=0$. Find all the solutions of the equation $f(f(f(x)))=0$.
<image1>
OPTIONS:
0: -4 ; 0
1: -8 ;-4 ; 0
2: -12 ;-8 ;-4 ; 0
3: -16 ;-12 ;-8 ;-4 ; 0
4: No solutions

Answer with the correct option from 0 to 4. Only provide the numeric and nothing else 

Answer: 
assistant
2",2,2,5
371,721,"user
 QUESTION: Three semi-circles, the diameters of two of which are equal to 4 and of the third to 8, are arranged as seen in the picture. What is the distance from the center $S$ of the bigger semi-circle to the tangent point $T$ of the smaller semi-circles?
<image1>
OPTIONS:
0: $6.$
1: $\sqrt{32}$
2: 5.7
3: $\sqrt{40}$
4: 5

Answer with the correct option from 0 to 4. Only provide the numeric and nothing else 

Answer: 
assistant
0",0,1,4,"user
 QUESTION: Three semi-circles, the diameters of two of which are equal to 4 and of the third to 8, are arranged as seen in the picture. What is the distance from the center $S$ of the bigger semi-circle to the tangent point $T$ of the smaller semi-circles?
<image1>
OPTIONS:
0: $6.$
1: $\sqrt{32}$
2: 5.7
3: $\sqrt{40}$
4: 5

Answer with the correct option from 0 to 4. Only provide the numeric and nothing else 

Answer: 
assistant
4",4,1,4
372,722,"user
 QUESTION: The diagram shows two tangential circles with radii in the ratio 1:2. The smaller circle rolls around the inside of the large circle. Which of the following is the path traced out by the point $P$ of the smaller circle?
<image1>
<image2>
OPTIONS:
0: A
1: B
2: C
3: D
4: E

Answer with the correct option from 0 to 4. Only provide the numeric and nothing else 

Answer: 
assistant
1",1,0,4,"user
 QUESTION: The diagram shows two tangential circles with radii in the ratio 1:2. The smaller circle rolls around the inside of the large circle. Which of the following is the path traced out by the point $P$ of the smaller circle?
<image1>
<image2>
OPTIONS:
0: A
1: B
2: C
3: D
4: E

Answer with the correct option from 0 to 4. Only provide the numeric and nothing else 

Answer: 
assistant
3",3,0,4
373,728,"user
 QUESTION: A flag consists of three stripes of equal width, which are divided into two, three and four equal parts, respectively. What fraction of the area of the flag is coloured grey?
<image1>
OPTIONS:
0: $\frac{1}{2}$
1: $\frac{2}{3}$
2: $\frac{3}{5}$
3: $\frac{4}{7}$
4: $\frac{5}{9}$

Answer with the correct option from 0 to 4. Only provide the numeric and nothing else 

Answer: 
assistant
2",2,4,4,"user
 QUESTION: A flag consists of three stripes of equal width, which are divided into two, three and four equal parts, respectively. What fraction of the area of the flag is coloured grey?
<image1>
OPTIONS:
0: $\frac{1}{2}$
1: $\frac{2}{3}$
2: $\frac{3}{5}$
3: $\frac{4}{7}$
4: $\frac{5}{9}$

Answer with the correct option from 0 to 4. Only provide the numeric and nothing else 

Answer: 
assistant
4",4,4,4
374,734,"user
 QUESTION: An $8 \mathrm{~m}$ long rope is fastened to the corner of the house. A dog is fastened to the rope. Find the perimeter of the area, where the dog can be found.
<image1>
OPTIONS:
0: $15 \pi+16$
1: $15 \pi+20$
2: $15 \pi$
3: $15 \pi+18$
4: $30 \pi+16$

Answer with the correct option from 0 to 4. Only provide the numeric and nothing else 

Answer: 
assistant
1",1,0,4,"user
 QUESTION: An $8 \mathrm{~m}$ long rope is fastened to the corner of the house. A dog is fastened to the rope. Find the perimeter of the area, where the dog can be found.
<image1>
OPTIONS:
0: $15 \pi+16$
1: $15 \pi+20$
2: $15 \pi$
3: $15 \pi+18$
4: $30 \pi+16$

Answer with the correct option from 0 to 4. Only provide the numeric and nothing else 

Answer: 
assistant
3",3,0,4
375,738,"user
 QUESTION: To meet the New Year day 2008, Basil put on a T-shirt with <image1> on it, and stood in front of a mirror on his hands, with his feet up. What number did Nick standing on his feet behind Basil see in the mirror?
<image2>
OPTIONS:
0: A
1: B
2: C
3: D
4: E

Answer with the correct option from 0 to 4. Only provide the numeric and nothing else 

Answer: 
assistant
0",0,1,4,"user
 QUESTION: To meet the New Year day 2008, Basil put on a T-shirt with <image1> on it, and stood in front of a mirror on his hands, with his feet up. What number did Nick standing on his feet behind Basil see in the mirror?
<image2>
OPTIONS:
0: A
1: B
2: C
3: D
4: E

Answer with the correct option from 0 to 4. Only provide the numeric and nothing else 

Answer: 
assistant
3",3,1,4
376,743,"user
 QUESTION: The picture shows an isosceles triangle with $A B=A C$. If $\angle B P C=120^{\circ}, \angle A B P=50^{\circ}$, then what is angle $P B C$?
<image1>
OPTIONS:
0: $5^{\circ}$
1: $10^{\circ}$
2: $15^{\circ}$
3: $20^{\circ}$
4: $25^{\circ}$

Answer with the correct option from 0 to 4. Only provide the numeric and nothing else 

Answer: 
assistant
1",1,0,2,"user
 QUESTION: The picture shows an isosceles triangle with $A B=A C$. If $\angle B P C=120^{\circ}, \angle A B P=50^{\circ}$, then what is angle $P B C$?
<image1>
OPTIONS:
0: $5^{\circ}$
1: $10^{\circ}$
2: $15^{\circ}$
3: $20^{\circ}$
4: $25^{\circ}$

Answer with the correct option from 0 to 4. Only provide the numeric and nothing else 

Answer: 
assistant
2",2,0,2
377,744,"user
 QUESTION: Find the length of the arc denoted by the interrogation sign.
<image1>
OPTIONS:
0: $\frac{5 \pi}{4}$
1: $\frac{5 \pi}{3}$
2: $\frac{\pi}{2}$
3: $\frac{3 \pi}{2}$
4: $\frac{2 \pi}{3}$

Answer with the correct option from 0 to 4. Only provide the numeric and nothing else 

Answer: 
assistant
4",4,3,4,"user
 QUESTION: Find the length of the arc denoted by the interrogation sign.
<image1>
OPTIONS:
0: $\frac{5 \pi}{4}$
1: $\frac{5 \pi}{3}$
2: $\frac{\pi}{2}$
3: $\frac{3 \pi}{2}$
4: $\frac{2 \pi}{3}$

Answer with the correct option from 0 to 4. Only provide the numeric and nothing else 

Answer: 
assistant
1",1,3,4
378,749,"user
 QUESTION: The ""Borromaic Rings"" have an extraordinary property. Although no two are interlocked, they are strongly connected within each other. If one ring is cut through, the other two fall apart. Which of the following diagrams shows the picture of ""Borromaic Rings""?
<image1>
OPTIONS:
0: A
1: B
2: C
3: D
4: E

Answer with the correct option from 0 to 4. Only provide the numeric and nothing else 

Answer: 
assistant
1",1,1,2,"user
 QUESTION: The ""Borromaic Rings"" have an extraordinary property. Although no two are interlocked, they are strongly connected within each other. If one ring is cut through, the other two fall apart. Which of the following diagrams shows the picture of ""Borromaic Rings""?
<image1>
OPTIONS:
0: A
1: B
2: C
3: D
4: E

Answer with the correct option from 0 to 4. Only provide the numeric and nothing else 

Answer: 
assistant
2",2,1,2
379,754,"user
 QUESTION: In the figure, $\mathrm{ABCE}$ is a square. $\mathrm{CDE}$ and $\mathrm{BCF}$ are equilateral triangles. The length of $\mathrm{AB}$ is 1. How long is $\mathrm{FD}$?
<image1>
OPTIONS:
0: $\sqrt{2}$
1: $\frac{\sqrt{3}}{2}$
2: $\sqrt{3}$
3: $\sqrt{5}-1$
4: $\sqrt{6}-1$

Answer with the correct option from 0 to 4. Only provide the numeric and nothing else 

Answer: 
assistant
2",2,0,4,"user
 QUESTION: In the figure, $\mathrm{ABCE}$ is a square. $\mathrm{CDE}$ and $\mathrm{BCF}$ are equilateral triangles. The length of $\mathrm{AB}$ is 1. How long is $\mathrm{FD}$?
<image1>
OPTIONS:
0: $\sqrt{2}$
1: $\frac{\sqrt{3}}{2}$
2: $\sqrt{3}$
3: $\sqrt{5}-1$
4: $\sqrt{6}-1$

Answer with the correct option from 0 to 4. Only provide the numeric and nothing else 

Answer: 
assistant
4",4,0,4
380,755,"user
 QUESTION: How big is the angle indicated with a question mark?
<image1>
OPTIONS:
0: $10^{\circ}$
1: $20^{\circ}$
2: $30^{\circ}$
3: $40^{\circ}$
4: $50^{\circ}$

Answer with the correct option from 0 to 4. Only provide the numeric and nothing else 

Answer: 
assistant
0",0,3,2,"user
 QUESTION: How big is the angle indicated with a question mark?
<image1>
OPTIONS:
0: $10^{\circ}$
1: $20^{\circ}$
2: $30^{\circ}$
3: $40^{\circ}$
4: $50^{\circ}$

Answer with the correct option from 0 to 4. Only provide the numeric and nothing else 

Answer: 
assistant
4",4,3,2
381,761,"user
 QUESTION: The two bold lines on the right are rotations of each other. Which of the given points could be the centre of this rotation?
<image1>
OPTIONS:
0: only $X$
1: $X$ and $Z$
2: $X$ and $T$
3: only $T$
4: $X, Y, Z$ and $T$

Answer with the correct option from 0 to 4. Only provide the numeric and nothing else 

Answer: 
assistant
2",2,2,4,"user
 QUESTION: The two bold lines on the right are rotations of each other. Which of the given points could be the centre of this rotation?
<image1>
OPTIONS:
0: only $X$
1: $X$ and $Z$
2: $X$ and $T$
3: only $T$
4: $X, Y, Z$ and $T$

Answer with the correct option from 0 to 4. Only provide the numeric and nothing else 

Answer: 
assistant
3",3,2,4
382,762,"user
 QUESTION: Three big boxes $P, Q$ and $R$ are stored in a warehouse. The upper picture on the right shows their placements from above. The boxes are so heavy that they can only be rotated $90^{\circ}$ around a vertical edge as indicated in the pictures below. Now the boxes should be rotated to stand against the wall in a certain order. Which arrangement is possible?
<image1>
<image2>
OPTIONS:
0: A
1: B
2: C
3: D
4: All four arrangements are possible.

Answer with the correct option from 0 to 4. Only provide the numeric and nothing else 

Answer: 
assistant
1",1,1,4,"user
 QUESTION: Three big boxes $P, Q$ and $R$ are stored in a warehouse. The upper picture on the right shows their placements from above. The boxes are so heavy that they can only be rotated $90^{\circ}$ around a vertical edge as indicated in the pictures below. Now the boxes should be rotated to stand against the wall in a certain order. Which arrangement is possible?
<image1>
<image2>
OPTIONS:
0: A
1: B
2: C
3: D
4: All four arrangements are possible.

Answer with the correct option from 0 to 4. Only provide the numeric and nothing else 

Answer: 
assistant
0",0,1,4
383,764,"user
 QUESTION: Which of the shapes to the right has the largest area?
<image1>
OPTIONS:
0: A
1: B
2: C
3: D
4: All shapes have the same area.

Answer with the correct option from 0 to 4. Only provide the numeric and nothing else 

Answer: 
assistant
4",4,4,3,"user
 QUESTION: Which of the shapes to the right has the largest area?
<image1>
OPTIONS:
0: A
1: B
2: C
3: D
4: All shapes have the same area.

Answer with the correct option from 0 to 4. Only provide the numeric and nothing else 

Answer: 
assistant
0",0,4,3
384,765,"user
 QUESTION: A cuboid is formed from 3 pieces (see picture). Each piece is made from 4 cubes of the same colour. What shape does the white piece have?
<image1>
<image2>
OPTIONS:
0: A
1: B
2: C
3: D
4: E

Answer with the correct option from 0 to 4. Only provide the numeric and nothing else 

Answer: 
assistant
4",4,3,3,"user
 QUESTION: A cuboid is formed from 3 pieces (see picture). Each piece is made from 4 cubes of the same colour. What shape does the white piece have?
<image1>
<image2>
OPTIONS:
0: A
1: B
2: C
3: D
4: E

Answer with the correct option from 0 to 4. Only provide the numeric and nothing else 

Answer: 
assistant
0",0,3,3
385,771,"user
 QUESTION: Mrs. Maisl buys four pieces of corn-on-the-cob for each of the four members of her family and get the discount offered. How much does she end up paying?
<image1>
OPTIONS:
0: $0.80 €$
1: $1.20 €$
2: $2.80 €$
3: $3.20 €$
4: $80 €$

Answer with the correct option from 0 to 4. Only provide the numeric and nothing else 

Answer: 
assistant
3",3,2,4,"user
 QUESTION: Mrs. Maisl buys four pieces of corn-on-the-cob for each of the four members of her family and get the discount offered. How much does she end up paying?
<image1>
OPTIONS:
0: $0.80 €$
1: $1.20 €$
2: $2.80 €$
3: $3.20 €$
4: $80 €$

Answer with the correct option from 0 to 4. Only provide the numeric and nothing else 

Answer: 
assistant
2",2,2,4
386,773,"user
 QUESTION: A cube is coloured on the outside as if it was made up of four white and four black cubes where no cubes of the same colour are next to each other (see picture). Which of the following figures represents a possible net of the coloured cube?
<image1>
<image2>
OPTIONS:
0: A
1: B
2: C
3: D
4: E

Answer with the correct option from 0 to 4. Only provide the numeric and nothing else 

Answer: 
assistant
4",4,4,3,"user
 QUESTION: A cube is coloured on the outside as if it was made up of four white and four black cubes where no cubes of the same colour are next to each other (see picture). Which of the following figures represents a possible net of the coloured cube?
<image1>
<image2>
OPTIONS:
0: A
1: B
2: C
3: D
4: E

Answer with the correct option from 0 to 4. Only provide the numeric and nothing else 

Answer: 
assistant
2",2,4,3
387,774,"user
 QUESTION: In a drawing we can see a three quarter circle with centre M and an indicated orientation arrow. This three-quarter circle is first turned $90^{\circ}$ anti-clockwise about M and then reflected in the x - axis. Which is the resulting picture?
<image1>
<image2>
OPTIONS:
0: A
1: B
2: C
3: D
4: E

Answer with the correct option from 0 to 4. Only provide the numeric and nothing else 

Answer: 
assistant
4",4,3,5,"user
 QUESTION: In a drawing we can see a three quarter circle with centre M and an indicated orientation arrow. This three-quarter circle is first turned $90^{\circ}$ anti-clockwise about M and then reflected in the x - axis. Which is the resulting picture?
<image1>
<image2>
OPTIONS:
0: A
1: B
2: C
3: D
4: E

Answer with the correct option from 0 to 4. Only provide the numeric and nothing else 

Answer: 
assistant
2",2,3,5
388,777,"user
 QUESTION: Tarzan wanted to draw a rhombus made up of two equilateral triangles. He drew the line segments inaccurately. When Jane checked the measurements of the four angles shown, she sees that they are not equally big (see diagram). Which of the five line segments in this diagram is the longest?
<image1>
OPTIONS:
0: AD
1: AC
2: AB
3: BC
4: BD

Answer with the correct option from 0 to 4. Only provide the numeric and nothing else 

Answer: 
assistant
3",3,0,4,"user
 QUESTION: Tarzan wanted to draw a rhombus made up of two equilateral triangles. He drew the line segments inaccurately. When Jane checked the measurements of the four angles shown, she sees that they are not equally big (see diagram). Which of the five line segments in this diagram is the longest?
<image1>
OPTIONS:
0: AD
1: AC
2: AB
3: BC
4: BD

Answer with the correct option from 0 to 4. Only provide the numeric and nothing else 

Answer: 
assistant
1",1,0,4
389,778,"user
 QUESTION: $a, b$ and $c$ show the lengths of the different of pieces of wire pictured. Which of the following inequalities is correct?
<image1>
OPTIONS:
0: $a<b<c$
1: $a<c<b$
2: $b<a<c$
3: $b<c<a$
4: $c<b<a$

Answer with the correct option from 0 to 4. Only provide the numeric and nothing else 

Answer: 
assistant
0",0,4,3,"user
 QUESTION: $a, b$ and $c$ show the lengths of the different of pieces of wire pictured. Which of the following inequalities is correct?
<image1>
OPTIONS:
0: $a<b<c$
1: $a<c<b$
2: $b<a<c$
3: $b<c<a$
4: $c<b<a$

Answer with the correct option from 0 to 4. Only provide the numeric and nothing else 

Answer: 
assistant
3",3,4,3
390,786,"user
 QUESTION: Mr. Hide wants to find a treasure that he buried years before. He can only remember that he buried the treasure at least $5 \mathrm{~m}$ away from the hedge and no more than $5 \mathrm{~m}$ away from the old pear tree. Which picture shows best the area where Mr. Hide has to look for the treasure?
<image1>
OPTIONS:
0: A
1: B
2: C
3: D
4: E

Answer with the correct option from 0 to 4. Only provide the numeric and nothing else 

Answer: 
assistant
1",1,1,4,"user
 QUESTION: Mr. Hide wants to find a treasure that he buried years before. He can only remember that he buried the treasure at least $5 \mathrm{~m}$ away from the hedge and no more than $5 \mathrm{~m}$ away from the old pear tree. Which picture shows best the area where Mr. Hide has to look for the treasure?
<image1>
OPTIONS:
0: A
1: B
2: C
3: D
4: E

Answer with the correct option from 0 to 4. Only provide the numeric and nothing else 

Answer: 
assistant
2",2,1,4
391,789,"user
 QUESTION: Four objects $a, b, c, d$ are placed on a double balance as shown. Then two of the objects are exchanged, which results in the change of position of the balance as shown. Which two objects were exchanged?
<image1>
OPTIONS:
0: $a$ and $b$
1: $b$ and $d$
2: $b$ and $c$
3: $a$ and $d$
4: $a$ and $c$

Answer with the correct option from 0 to 4. Only provide the numeric and nothing else 

Answer: 
assistant
1",1,3,3,"user
 QUESTION: Four objects $a, b, c, d$ are placed on a double balance as shown. Then two of the objects are exchanged, which results in the change of position of the balance as shown. Which two objects were exchanged?
<image1>
OPTIONS:
0: $a$ and $b$
1: $b$ and $d$
2: $b$ and $c$
3: $a$ and $d$
4: $a$ and $c$

Answer with the correct option from 0 to 4. Only provide the numeric and nothing else 

Answer: 
assistant
2",2,3,3
392,790,"user
 QUESTION: Lines parallel to the base $A C$ of triangle $A B C$ are drawn through $X$ and $Y$. In each case, the areas of the grey parts are equal in siz. The ratio $B X: X A=4: 1$ is known. What is the ratio $B Y: Y A$?
<image1>
OPTIONS:
0: $1: 1$
1: $2: 1$
2: $3: 1$
3: $3: 2$
4: $4: 3$

Answer with the correct option from 0 to 4. Only provide the numeric and nothing else 

Answer: 
assistant
2",2,3,4,"user
 QUESTION: Lines parallel to the base $A C$ of triangle $A B C$ are drawn through $X$ and $Y$. In each case, the areas of the grey parts are equal in siz. The ratio $B X: X A=4: 1$ is known. What is the ratio $B Y: Y A$?
<image1>
OPTIONS:
0: $1: 1$
1: $2: 1$
2: $3: 1$
3: $3: 2$
4: $4: 3$

Answer with the correct option from 0 to 4. Only provide the numeric and nothing else 

Answer: 
assistant
3",3,3,4
393,792,"user
 QUESTION: What percentage of the area of the triangle is coloured in grey in the adjacent diagram?
<image1>
OPTIONS:
0: $80 \%$
1: $85 \%$
2: $88 \%$
3: $90 \%$
4: It cannot be calculated.

Answer with the correct option from 0 to 4. Only provide the numeric and nothing else 

Answer: 
assistant
2",2,2,4,"user
 QUESTION: What percentage of the area of the triangle is coloured in grey in the adjacent diagram?
<image1>
OPTIONS:
0: $80 \%$
1: $85 \%$
2: $88 \%$
3: $90 \%$
4: It cannot be calculated.

Answer with the correct option from 0 to 4. Only provide the numeric and nothing else 

Answer: 
assistant
4",4,2,4
394,796,"user
 QUESTION: Peter writes the word KANGAROO on a see-through piece of glass, as seen on the right. What can he see when he first flips over the glass onto its back along the right-hand side edge and then turns it about $180^{\circ}$ while it is lying on the table?
<image1>
<image2>
OPTIONS:
0: A
1: B
2: C
3: D
4: E

Answer with the correct option from 0 to 4. Only provide the numeric and nothing else 

Answer: 
assistant
2",2,4,4,"user
 QUESTION: Peter writes the word KANGAROO on a see-through piece of glass, as seen on the right. What can he see when he first flips over the glass onto its back along the right-hand side edge and then turns it about $180^{\circ}$ while it is lying on the table?
<image1>
<image2>
OPTIONS:
0: A
1: B
2: C
3: D
4: E

Answer with the correct option from 0 to 4. Only provide the numeric and nothing else 

Answer: 
assistant
0",0,4,4
395,797,"user
 QUESTION: A wheel rolls along a zigzag curve as can be seen below. Which of the following pictures shows the curve that is described by the centre of the wheel?
<image1>
OPTIONS:
0: A
1: B
2: C
3: D
4: E

Answer with the correct option from 0 to 4. Only provide the numeric and nothing else 

Answer: 
assistant
4",4,4,4,"user
 QUESTION: A wheel rolls along a zigzag curve as can be seen below. Which of the following pictures shows the curve that is described by the centre of the wheel?
<image1>
OPTIONS:
0: A
1: B
2: C
3: D
4: E

Answer with the correct option from 0 to 4. Only provide the numeric and nothing else 

Answer: 
assistant
1",1,4,4
396,798,"user
 QUESTION: A circle with radius 1 rolls along a straight line from point $K$ to point $L$, as shown, with $K L=11 \pi$. In which position is the circle when it has arrived in $L$?
<image1>
<image2>
OPTIONS:
0: A
1: B
2: C
3: D
4: E

Answer with the correct option from 0 to 4. Only provide the numeric and nothing else 

Answer: 
assistant
1",1,4,4,"user
 QUESTION: A circle with radius 1 rolls along a straight line from point $K$ to point $L$, as shown, with $K L=11 \pi$. In which position is the circle when it has arrived in $L$?
<image1>
<image2>
OPTIONS:
0: A
1: B
2: C
3: D
4: E

Answer with the correct option from 0 to 4. Only provide the numeric and nothing else 

Answer: 
assistant
2",2,4,4
397,801,"user
 QUESTION: In a convex quadrilateral $A B C D$ the diagonals are perpendicular to each other. The length of the edges are $A B=2017, B C=2018$ and $C D=2019$ (diagram not to scale). How long is side $A D$?
<image1>
OPTIONS:
0: 2016
1: 2018
2: $\sqrt{2020^{2}-4}$
3: $\sqrt{2018^{2}+2}$
4: 2020

Answer with the correct option from 0 to 4. Only provide the numeric and nothing else 

Answer: 
assistant
0",0,3,4,"user
 QUESTION: In a convex quadrilateral $A B C D$ the diagonals are perpendicular to each other. The length of the edges are $A B=2017, B C=2018$ and $C D=2019$ (diagram not to scale). How long is side $A D$?
<image1>
OPTIONS:
0: 2016
1: 2018
2: $\sqrt{2020^{2}-4}$
3: $\sqrt{2018^{2}+2}$
4: 2020

Answer with the correct option from 0 to 4. Only provide the numeric and nothing else 

Answer: 
assistant
4",4,3,4
398,802,"user
 QUESTION: Three weights are randomly placed on each tray of a beam balance. The balance dips to the right hand side as shown on the picture. The masses of the weights are 101, 102, 103, 104, 105 and 106 grams. For how many percent of the possible distributions is the 106grams-weight on the right (heavier) side?
<image1>
OPTIONS:
0: $75 \%$
1: $80 \%$
2: $90 \%$
3: $95 \%$
4: $100 \%$

Answer with the correct option from 0 to 4. Only provide the numeric and nothing else 

Answer: 
assistant
2",2,1,4,"user
 QUESTION: Three weights are randomly placed on each tray of a beam balance. The balance dips to the right hand side as shown on the picture. The masses of the weights are 101, 102, 103, 104, 105 and 106 grams. For how many percent of the possible distributions is the 106grams-weight on the right (heavier) side?
<image1>
OPTIONS:
0: $75 \%$
1: $80 \%$
2: $90 \%$
3: $95 \%$
4: $100 \%$

Answer with the correct option from 0 to 4. Only provide the numeric and nothing else 

Answer: 
assistant
0",0,1,4
399,803,"user
 QUESTION: The distance between the top of the cat that is sitting on the table to the top of the cat that is sleeping on the floor is $150 \mathrm{~cm}$. The distance from the top of the cat that is sleeping on the table to the top of the cat that is sitting on the floor is $110 \mathrm{~cm}$. How high is the table?
<image1>
OPTIONS:
0: $110 \mathrm{~cm}$
1: $120 \mathrm{~cm}$
2: $130 \mathrm{~cm}$
3: $140 \mathrm{~cm}$
4: $150 \mathrm{~cm}$

Answer with the correct option from 0 to 4. Only provide the numeric and nothing else 

Answer: 
assistant
1",1,2,3,"user
 QUESTION: The distance between the top of the cat that is sitting on the table to the top of the cat that is sleeping on the floor is $150 \mathrm{~cm}$. The distance from the top of the cat that is sleeping on the table to the top of the cat that is sitting on the floor is $110 \mathrm{~cm}$. How high is the table?
<image1>
OPTIONS:
0: $110 \mathrm{~cm}$
1: $120 \mathrm{~cm}$
2: $130 \mathrm{~cm}$
3: $140 \mathrm{~cm}$
4: $150 \mathrm{~cm}$

Answer with the correct option from 0 to 4. Only provide the numeric and nothing else 

Answer: 
assistant
2",2,2,3
400,807,"user
 QUESTION: A barber wants to write the word SHAVE on a board so that a customer who sees the word in the mirror can read the word normally. How does he have to write the word on the board?
<image1>
OPTIONS:
0: A
1: B
2: C
3: D
4: E

Answer with the correct option from 0 to 4. Only provide the numeric and nothing else 

Answer: 
assistant
2",2,4,4,"user
 QUESTION: A barber wants to write the word SHAVE on a board so that a customer who sees the word in the mirror can read the word normally. How does he have to write the word on the board?
<image1>
OPTIONS:
0: A
1: B
2: C
3: D
4: E

Answer with the correct option from 0 to 4. Only provide the numeric and nothing else 

Answer: 
assistant
3",3,4,4
401,808,"user
 QUESTION: Five identical measuring jugs are filled with water. Four of them contain exactly the same amount of water. Which measuring jug contains a different amount?
<image1>
OPTIONS:
0: A
1: B
2: C
3: D
4: E

Answer with the correct option from 0 to 4. Only provide the numeric and nothing else 

Answer: 
assistant
3",3,1,1,"user
 QUESTION: Five identical measuring jugs are filled with water. Four of them contain exactly the same amount of water. Which measuring jug contains a different amount?
<image1>
OPTIONS:
0: A
1: B
2: C
3: D
4: E

Answer with the correct option from 0 to 4. Only provide the numeric and nothing else 

Answer: 
assistant
2",2,1,1
402,809,"user
 QUESTION: Which of the following statements is definitely true for the angle marked in the diagram which is made up of nine squares?
<image1>
OPTIONS:
0: $\alpha=\beta$
1: $2 \alpha+\beta=90^{\circ}$
2: $\alpha+\beta=60^{\circ}$
3: $2 \beta+\alpha=90^{\circ}$
4: $\alpha+\beta=45^{\circ}$

Answer with the correct option from 0 to 4. Only provide the numeric and nothing else 

Answer: 
assistant
1",1,1,2,"user
 QUESTION: Which of the following statements is definitely true for the angle marked in the diagram which is made up of nine squares?
<image1>
OPTIONS:
0: $\alpha=\beta$
1: $2 \alpha+\beta=90^{\circ}$
2: $\alpha+\beta=60^{\circ}$
3: $2 \beta+\alpha=90^{\circ}$
4: $\alpha+\beta=45^{\circ}$

Answer with the correct option from 0 to 4. Only provide the numeric and nothing else 

Answer: 
assistant
3",3,1,2
403,810,"user
 QUESTION: Inside a unit square a certain area has been coloured in black. In which square is the black area biggest?
<image1>
OPTIONS:
0: A
1: B
2: C
3: D
4: E

Answer with the correct option from 0 to 4. Only provide the numeric and nothing else 

Answer: 
assistant
1",1,0,4,"user
 QUESTION: Inside a unit square a certain area has been coloured in black. In which square is the black area biggest?
<image1>
OPTIONS:
0: A
1: B
2: C
3: D
4: E

Answer with the correct option from 0 to 4. Only provide the numeric and nothing else 

Answer: 
assistant
2",2,0,4
404,811,"user
 QUESTION: Three five-digit numbers are written onto three separate pieces of paper as shown. Three of the digits in the picture are hidden. The sum of the three numbers is 57263. Which are the hidden digits?
<image1>
OPTIONS:
0: 0,2 and 2
1: 1,2 and 9
2: 2,4 and 9
3: 2,7 and 8
4: 5,7 and 8

Answer with the correct option from 0 to 4. Only provide the numeric and nothing else 

Answer: 
assistant
0",0,1,3,"user
 QUESTION: Three five-digit numbers are written onto three separate pieces of paper as shown. Three of the digits in the picture are hidden. The sum of the three numbers is 57263. Which are the hidden digits?
<image1>
OPTIONS:
0: 0,2 and 2
1: 1,2 and 9
2: 2,4 and 9
3: 2,7 and 8
4: 5,7 and 8

Answer with the correct option from 0 to 4. Only provide the numeric and nothing else 

Answer: 
assistant
2",2,1,3
405,816,"user
 QUESTION: In the addition beside, different letters represent different numbers and equal letters represent equal numbers. The resulting sum is a number of four digits, B being different from zero. What is the sum of the numbers of this number?
<image1>
OPTIONS:
0: AA
1: BB
2: AB
3: BE
4: EA

Answer with the correct option from 0 to 4. Only provide the numeric and nothing else 

Answer: 
assistant
3",3,1,3,"user
 QUESTION: In the addition beside, different letters represent different numbers and equal letters represent equal numbers. The resulting sum is a number of four digits, B being different from zero. What is the sum of the numbers of this number?
<image1>
OPTIONS:
0: AA
1: BB
2: AB
3: BE
4: EA

Answer with the correct option from 0 to 4. Only provide the numeric and nothing else 

Answer: 
assistant
2",2,1,3
406,818,"user
 QUESTION: The shortest way from Atown to Cetown is through Betown. Going back by this road from Cetown to Atown, we first find the signposts on the left side of the road. Further on we find the road signs on the right side of the road. How far is it from Betown to Atown?
<image1>
OPTIONS:
0: $1 \mathrm{~km}$
1: $2 \mathrm{~km}$
2: $3 \mathrm{~km}$
3: $4 \mathrm{~km}$
4: $5 \mathrm{~km}$

Answer with the correct option from 0 to 4. Only provide the numeric and nothing else 

Answer: 
assistant
1",1,3,4,"user
 QUESTION: The shortest way from Atown to Cetown is through Betown. Going back by this road from Cetown to Atown, we first find the signposts on the left side of the road. Further on we find the road signs on the right side of the road. How far is it from Betown to Atown?
<image1>
OPTIONS:
0: $1 \mathrm{~km}$
1: $2 \mathrm{~km}$
2: $3 \mathrm{~km}$
3: $4 \mathrm{~km}$
4: $5 \mathrm{~km}$

Answer with the correct option from 0 to 4. Only provide the numeric and nothing else 

Answer: 
assistant
2",2,3,4
407,821,"user
 QUESTION: The next window is a square of area $1 \mathrm{~m}^{2}$ and is composed of four triangles, which areas, indicated in the figure, follow the ratios $3 A=4 B$ and $2 C=3 D$. A fly is placed exactly at the point where these four triangles touch each other. The fly flies directly to the side closest to the window. How much does it fly?
<image1>
OPTIONS:
0: $40 \mathrm{~cm}$
1: $30 \mathrm{~cm}$
2: $25 \mathrm{~cm}$
3: $20 \mathrm{~cm}$
4: $10 \mathrm{~cm}$

Answer with the correct option from 0 to 4. Only provide the numeric and nothing else 

Answer: 
assistant
3",3,0,4,"user
 QUESTION: The next window is a square of area $1 \mathrm{~m}^{2}$ and is composed of four triangles, which areas, indicated in the figure, follow the ratios $3 A=4 B$ and $2 C=3 D$. A fly is placed exactly at the point where these four triangles touch each other. The fly flies directly to the side closest to the window. How much does it fly?
<image1>
OPTIONS:
0: $40 \mathrm{~cm}$
1: $30 \mathrm{~cm}$
2: $25 \mathrm{~cm}$
3: $20 \mathrm{~cm}$
4: $10 \mathrm{~cm}$

Answer with the correct option from 0 to 4. Only provide the numeric and nothing else 

Answer: 
assistant
2",2,0,4
408,822,"user
 QUESTION: Julia puts the nine chips on the right in a box. She then takes one chip at a time, without looking, and notes down its digit, obtaining, at the end, a number of nine different digits. What is the probability that the number written by Julia is divisible by 45?
<image1>
OPTIONS:
0: $\frac{1}{9}$
1: $\frac{2}{9}$
2: $\frac{1}{3}$
3: $\frac{4}{9}$
4: $\frac{8}{9}$

Answer with the correct option from 0 to 4. Only provide the numeric and nothing else 

Answer: 
assistant
1",1,0,4,"user
 QUESTION: Julia puts the nine chips on the right in a box. She then takes one chip at a time, without looking, and notes down its digit, obtaining, at the end, a number of nine different digits. What is the probability that the number written by Julia is divisible by 45?
<image1>
OPTIONS:
0: $\frac{1}{9}$
1: $\frac{2}{9}$
2: $\frac{1}{3}$
3: $\frac{4}{9}$
4: $\frac{8}{9}$

Answer with the correct option from 0 to 4. Only provide the numeric and nothing else 

Answer: 
assistant
2",2,0,4
409,823,"user
 QUESTION: A rectangular sheet with one side of $12 \mathrm{~cm}$ is folded along its $20 \mathrm{~cm}$ diagonal. What is the overlapping area of the folded parts, indicated in gray in the picture beside?
<image1>
OPTIONS:
0: $24 \mathrm{~cm}^{2}$
1: $36 \mathrm{~cm}^{2}$
2: $48 \mathrm{~cm}^{2}$
3: $50 \mathrm{~cm}^{2}$
4: $75 \mathrm{~cm}^{2}$

Answer with the correct option from 0 to 4. Only provide the numeric and nothing else 

Answer: 
assistant
2",2,4,4,"user
 QUESTION: A rectangular sheet with one side of $12 \mathrm{~cm}$ is folded along its $20 \mathrm{~cm}$ diagonal. What is the overlapping area of the folded parts, indicated in gray in the picture beside?
<image1>
OPTIONS:
0: $24 \mathrm{~cm}^{2}$
1: $36 \mathrm{~cm}^{2}$
2: $48 \mathrm{~cm}^{2}$
3: $50 \mathrm{~cm}^{2}$
4: $75 \mathrm{~cm}^{2}$

Answer with the correct option from 0 to 4. Only provide the numeric and nothing else 

Answer: 
assistant
1",1,4,4
410,824,"user
 QUESTION: A large rectangular plot is divided into two lots that are separated from each other by an $A B C D$ fence, as shown in the picture beside. The $A B, B C$ and $C D$ parts of this fence are parallel to the sides of the rectangle and have lengths of $30 \mathrm{~m}$, $24 \mathrm{~m}$ and $10 \mathrm{~m}$, respectively. The owners of these lands have combined to knock down the fence and make a new straight AE fence, without changing the area of each of the lands. How far from point $D$ should the $E$ end of the fence be?
<image1>
OPTIONS:
0: $8 \mathrm{~m}$
1: $10 \mathrm{~m}$
2: $12 \mathrm{~m}$
3: $14 \mathrm{~m}$
4: $16 \mathrm{~m}$

Answer with the correct option from 0 to 4. Only provide the numeric and nothing else 

Answer: 
assistant
2",2,2,4,"user
 QUESTION: A large rectangular plot is divided into two lots that are separated from each other by an $A B C D$ fence, as shown in the picture beside. The $A B, B C$ and $C D$ parts of this fence are parallel to the sides of the rectangle and have lengths of $30 \mathrm{~m}$, $24 \mathrm{~m}$ and $10 \mathrm{~m}$, respectively. The owners of these lands have combined to knock down the fence and make a new straight AE fence, without changing the area of each of the lands. How far from point $D$ should the $E$ end of the fence be?
<image1>
OPTIONS:
0: $8 \mathrm{~m}$
1: $10 \mathrm{~m}$
2: $12 \mathrm{~m}$
3: $14 \mathrm{~m}$
4: $16 \mathrm{~m}$

Answer with the correct option from 0 to 4. Only provide the numeric and nothing else 

Answer: 
assistant
1",1,2,4
411,825,"user
 QUESTION: Jenny looks at her weather app that shows the predicted weather and maximum temperatures for the next five days. Which of the following represents the corresponding graph of maximum temperatures?
<image1>
<image2>
OPTIONS:
0: A
1: B
2: C
3: D
4: E

Answer with the correct option from 0 to 4. Only provide the numeric and nothing else 

Answer: 
assistant
0",0,1,1,"user
 QUESTION: Jenny looks at her weather app that shows the predicted weather and maximum temperatures for the next five days. Which of the following represents the corresponding graph of maximum temperatures?
<image1>
<image2>
OPTIONS:
0: A
1: B
2: C
3: D
4: E

Answer with the correct option from 0 to 4. Only provide the numeric and nothing else 

Answer: 
assistant
2",2,1,1
412,826,"user
 QUESTION: A park is shaped like an equilateral triangle. A cat wants to walk along one of the three indicated paths (thicker lines) from the upper corner to the lower right corner. The lengths of the paths are $P, Q$ and $R$, as shown. Which of the following statements about the lengths of the paths is true?
<image1>
OPTIONS:
0: $P<Q<R$
1: $P<R<Q$
2: $P<Q=R$
3: $P=R<Q$
4: $P=Q=R$

Answer with the correct option from 0 to 4. Only provide the numeric and nothing else 

Answer: 
assistant
4",4,1,4,"user
 QUESTION: A park is shaped like an equilateral triangle. A cat wants to walk along one of the three indicated paths (thicker lines) from the upper corner to the lower right corner. The lengths of the paths are $P, Q$ and $R$, as shown. Which of the following statements about the lengths of the paths is true?
<image1>
OPTIONS:
0: $P<Q<R$
1: $P<R<Q$
2: $P<Q=R$
3: $P=R<Q$
4: $P=Q=R$

Answer with the correct option from 0 to 4. Only provide the numeric and nothing else 

Answer: 
assistant
2",2,1,4
413,829,"user
 QUESTION: A rectangle with perimeter $30 \mathrm{~cm}$ is divided into four parts by a vertical line and a horizontal line. One of the parts is a square of area $9 \mathrm{~cm}^{2}$, as shown in the figure. What is the perimeter of rectangle $A B C D$?
<image1>
OPTIONS:
0: $14 \mathrm{~cm}$
1: $16 \mathrm{~cm}$
2: $18 \mathrm{~cm}$
3: $21 \mathrm{~cm}$
4: $24 \mathrm{~cm}$

Answer with the correct option from 0 to 4. Only provide the numeric and nothing else 

Answer: 
assistant
2",2,2,4,"user
 QUESTION: A rectangle with perimeter $30 \mathrm{~cm}$ is divided into four parts by a vertical line and a horizontal line. One of the parts is a square of area $9 \mathrm{~cm}^{2}$, as shown in the figure. What is the perimeter of rectangle $A B C D$?
<image1>
OPTIONS:
0: $14 \mathrm{~cm}$
1: $16 \mathrm{~cm}$
2: $18 \mathrm{~cm}$
3: $21 \mathrm{~cm}$
4: $24 \mathrm{~cm}$

Answer with the correct option from 0 to 4. Only provide the numeric and nothing else 

Answer: 
assistant
4",4,2,4
414,830,"user
 QUESTION: Ally drew 3 triangles on a grid. Exactly 2 of them have the same area, exactly 2 of them are isosceles, and exactly 2 are right-angled triangles. 2 of the triangles are shown. Which could be the third one?
<image1>
<image2>
OPTIONS:
0: A
1: B
2: C
3: D
4: E

Answer with the correct option from 0 to 4. Only provide the numeric and nothing else 

Answer: 
assistant
4",4,3,3,"user
 QUESTION: Ally drew 3 triangles on a grid. Exactly 2 of them have the same area, exactly 2 of them are isosceles, and exactly 2 are right-angled triangles. 2 of the triangles are shown. Which could be the third one?
<image1>
<image2>
OPTIONS:
0: A
1: B
2: C
3: D
4: E

Answer with the correct option from 0 to 4. Only provide the numeric and nothing else 

Answer: 
assistant
2",2,3,3
415,831,"user
 QUESTION: The figure shows a semicircle with center $O$. Two of the angles are given. What is the size, in degrees, of the angle $\alpha$?
<image1>
OPTIONS:
0: $9^{\circ}$
1: $11^{\circ}$
2: $16^{\circ}$
3: $17.5^{\circ}$
4: $18^{\circ}$

Answer with the correct option from 0 to 4. Only provide the numeric and nothing else 

Answer: 
assistant
2",2,0,2,"user
 QUESTION: The figure shows a semicircle with center $O$. Two of the angles are given. What is the size, in degrees, of the angle $\alpha$?
<image1>
OPTIONS:
0: $9^{\circ}$
1: $11^{\circ}$
2: $16^{\circ}$
3: $17.5^{\circ}$
4: $18^{\circ}$

Answer with the correct option from 0 to 4. Only provide the numeric and nothing else 

Answer: 
assistant
3",3,0,2
416,833,"user
 QUESTION: An ant climbs from $C$ to $A$ on path $C A$ and descends from $A$ to $B$ on the stairs, as shown in the diagram. What is the ratio of the lengths of the ascending and descending paths?
<image1>
OPTIONS:
0: 1
1: $\frac{1}{2}$
2: $\frac{1}{3}$
3: $\frac{\sqrt{2}}{2}$
4: $\frac{\sqrt{3}}{3}$

Answer with the correct option from 0 to 4. Only provide the numeric and nothing else 

Answer: 
assistant
4",4,4,4,"user
 QUESTION: An ant climbs from $C$ to $A$ on path $C A$ and descends from $A$ to $B$ on the stairs, as shown in the diagram. What is the ratio of the lengths of the ascending and descending paths?
<image1>
OPTIONS:
0: 1
1: $\frac{1}{2}$
2: $\frac{1}{3}$
3: $\frac{\sqrt{2}}{2}$
4: $\frac{\sqrt{3}}{3}$

Answer with the correct option from 0 to 4. Only provide the numeric and nothing else 

Answer: 
assistant
3",3,4,4
417,839,"user
 QUESTION: Twelve weights have integer masses of $1 \mathrm{~g}, 2 \mathrm{~g}, 3 \mathrm{~g}, \ldots, 11 \mathrm{~g}$ and $12 \mathrm{~g}$ respectively. A vendor divides those weights up into 3 groups of 4 weights each. The total mass of the first group is $41 \mathrm{~g}$, the mass of the second group is $26 \mathrm{~g}$ (see diagram). Which of the following weights is in the same group as the weight with $9 \mathrm{~g}$?
<image1>
OPTIONS:
0: $3 \mathrm{~g}$
1: $5 \mathrm{~g}$
2: $7 \mathrm{~g}$
3: $8 \mathrm{~g}$
4: $10 \mathrm{~g}$

Answer with the correct option from 0 to 4. Only provide the numeric and nothing else 

Answer: 
assistant
2",2,2,3,"user
 QUESTION: Twelve weights have integer masses of $1 \mathrm{~g}, 2 \mathrm{~g}, 3 \mathrm{~g}, \ldots, 11 \mathrm{~g}$ and $12 \mathrm{~g}$ respectively. A vendor divides those weights up into 3 groups of 4 weights each. The total mass of the first group is $41 \mathrm{~g}$, the mass of the second group is $26 \mathrm{~g}$ (see diagram). Which of the following weights is in the same group as the weight with $9 \mathrm{~g}$?
<image1>
OPTIONS:
0: $3 \mathrm{~g}$
1: $5 \mathrm{~g}$
2: $7 \mathrm{~g}$
3: $8 \mathrm{~g}$
4: $10 \mathrm{~g}$

Answer with the correct option from 0 to 4. Only provide the numeric and nothing else 

Answer: 
assistant
3",3,2,3
418,841,"user
 QUESTION: A hemispheric hole is carved into each face of a wooden cube with sides of length 2. All holes are equally sized, and their midpoints are in the centre of the faces of the cube. The holes are as big as possible so that each hemisphere touches each adjacent hemisphere in exactly one point. How big is the diameter of the holes?
<image1>
OPTIONS:
0: 1
1: 2
2: $\sqrt{2}$
3: $\frac{3}{2}$
4: $\sqrt{\frac{3}{2}}$

Answer with the correct option from 0 to 4. Only provide the numeric and nothing else 

Answer: 
assistant
1",1,2,2,"user
 QUESTION: A hemispheric hole is carved into each face of a wooden cube with sides of length 2. All holes are equally sized, and their midpoints are in the centre of the faces of the cube. The holes are as big as possible so that each hemisphere touches each adjacent hemisphere in exactly one point. How big is the diameter of the holes?
<image1>
OPTIONS:
0: 1
1: 2
2: $\sqrt{2}$
3: $\frac{3}{2}$
4: $\sqrt{\frac{3}{2}}$

Answer with the correct option from 0 to 4. Only provide the numeric and nothing else 

Answer: 
assistant
2",2,2,2
419,843,"user
 QUESTION: On her way to school Maria first had to run to the underground, she exited from that after two stops and subsequently walked the rest of the way by foot all the way to school. Which of the following speed-time-diagrams best describes her journey to school?
<image1>
OPTIONS:
0: A
1: B
2: C
3: D
4: E

Answer with the correct option from 0 to 4. Only provide the numeric and nothing else 

Answer: 
assistant
2",2,3,5,"user
 QUESTION: On her way to school Maria first had to run to the underground, she exited from that after two stops and subsequently walked the rest of the way by foot all the way to school. Which of the following speed-time-diagrams best describes her journey to school?
<image1>
OPTIONS:
0: A
1: B
2: C
3: D
4: E

Answer with the correct option from 0 to 4. Only provide the numeric and nothing else 

Answer: 
assistant
0",0,3,5
420,848,"user
 QUESTION: The points $M$ and $N$ are the midpoints of two sides of the big rectangle (see diagram). Which part of the area of the big rectangle is shaded? <image1>
OPTIONS:
0: $\frac{1}{6}$
1: $\frac{1}{5}$
2: $\frac{1}{4}$
3: $\frac{1}{3}$
4: $\frac{1}{2}$

Answer with the correct option from 0 to 4. Only provide the numeric and nothing else 

Answer: 
assistant
3",3,2,4,"user
 QUESTION: The points $M$ and $N$ are the midpoints of two sides of the big rectangle (see diagram). Which part of the area of the big rectangle is shaded? <image1>
OPTIONS:
0: $\frac{1}{6}$
1: $\frac{1}{5}$
2: $\frac{1}{4}$
3: $\frac{1}{3}$
4: $\frac{1}{2}$

Answer with the correct option from 0 to 4. Only provide the numeric and nothing else 

Answer: 
assistant
1",1,2,4
421,849,"user
 QUESTION: The pentagon $A B C D E$ is split into four triangles that all have the same perimeter (see diagram). Triangle $A B C$ is equilateral and the triangles $A E F, D F E$ and $C D F$ are congruent isosceles triangles. How big is the ratio of the perimeter of the pentagon $A B C D E$ to the perimeter of the triangle $A B C$ ? <image1>
OPTIONS:
0: 2
1: $\frac{3}{2}$
2: $\frac{4}{3}$
3: $\frac{5}{3}$
4: $\frac{5}{2}$

Answer with the correct option from 0 to 4. Only provide the numeric and nothing else 

Answer: 
assistant
2",2,3,4,"user
 QUESTION: The pentagon $A B C D E$ is split into four triangles that all have the same perimeter (see diagram). Triangle $A B C$ is equilateral and the triangles $A E F, D F E$ and $C D F$ are congruent isosceles triangles. How big is the ratio of the perimeter of the pentagon $A B C D E$ to the perimeter of the triangle $A B C$ ? <image1>
OPTIONS:
0: 2
1: $\frac{3}{2}$
2: $\frac{4}{3}$
3: $\frac{5}{3}$
4: $\frac{5}{2}$

Answer with the correct option from 0 to 4. Only provide the numeric and nothing else 

Answer: 
assistant
3",3,3,4
422,850,"user
 QUESTION: Consider the two touching semicircles with radius 1 and their diameters $A B$ and $C D$ respectively that are parallel to each other. The extensions of the two diameters are also tangents to the respective other semicircle (see diagram). How big is the square of the length $A D$ ? <image1>
OPTIONS:
0: 16
1: $8+4 \sqrt{3}$
2: 12
3: 9
4: $5+2 \sqrt{3}$

Answer with the correct option from 0 to 4. Only provide the numeric and nothing else 

Answer: 
assistant
1",1,1,4,"user
 QUESTION: Consider the two touching semicircles with radius 1 and their diameters $A B$ and $C D$ respectively that are parallel to each other. The extensions of the two diameters are also tangents to the respective other semicircle (see diagram). How big is the square of the length $A D$ ? <image1>
OPTIONS:
0: 16
1: $8+4 \sqrt{3}$
2: 12
3: 9
4: $5+2 \sqrt{3}$

Answer with the correct option from 0 to 4. Only provide the numeric and nothing else 

Answer: 
assistant
4",4,1,4
423,851,"user
 QUESTION: Leon has drawn a closed loop on the surface of a cuboid.
Which net cannot show his loop? <image1>
OPTIONS:
0: A
1: B
2: C
3: D
4: E

Answer with the correct option from 0 to 4. Only provide the numeric and nothing else 

Answer: 
assistant
2",2,2,3,"user
 QUESTION: Leon has drawn a closed loop on the surface of a cuboid.
Which net cannot show his loop? <image1>
OPTIONS:
0: A
1: B
2: C
3: D
4: E

Answer with the correct option from 0 to 4. Only provide the numeric and nothing else 

Answer: 
assistant
3",3,2,3
424,852,"user
 QUESTION: This piece of paper was folded in half twice, and then had two equilateral triangles cut out of it. Which diagram shows how the paper will look when it is unfolded again? <image1>
<image2>
OPTIONS:
0: A
1: B
2: C
3: D
4: E

Answer with the correct option from 0 to 4. Only provide the numeric and nothing else 

Answer: 
assistant
3",3,2,3,"user
 QUESTION: This piece of paper was folded in half twice, and then had two equilateral triangles cut out of it. Which diagram shows how the paper will look when it is unfolded again? <image1>
<image2>
OPTIONS:
0: A
1: B
2: C
3: D
4: E

Answer with the correct option from 0 to 4. Only provide the numeric and nothing else 

Answer: 
assistant
2",2,2,3
425,854,"user
 QUESTION: The net on the right can be cut out and folded to make a cube. Which face will then be opposite the face marked $\mathbf{x}$ ? <image1>
OPTIONS:
0: a
1: b
2: c
3: d
4: e

Answer with the correct option from 0 to 4. Only provide the numeric and nothing else 

Answer: 
assistant
3",3,4,4,"user
 QUESTION: The net on the right can be cut out and folded to make a cube. Which face will then be opposite the face marked $\mathbf{x}$ ? <image1>
OPTIONS:
0: a
1: b
2: c
3: d
4: e

Answer with the correct option from 0 to 4. Only provide the numeric and nothing else 

Answer: 
assistant
1",1,4,4
426,855,"user
 QUESTION: A transparent square sheet of film lies on a table. The letter $\mathbf{Y}$ is drawn (like this) on the sheet. We turn the sheet clockwise through $90^{\circ}$, then turn it over what is now the left edge of the sheet, and then turn it through $180^{\circ}$. Which figure can we now see?
<image1>
OPTIONS:
0: A
1: B
2: C
3: D
4: E

Answer with the correct option from 0 to 4. Only provide the numeric and nothing else 

Answer: 
assistant
4",4,0,3,"user
 QUESTION: A transparent square sheet of film lies on a table. The letter $\mathbf{Y}$ is drawn (like this) on the sheet. We turn the sheet clockwise through $90^{\circ}$, then turn it over what is now the left edge of the sheet, and then turn it through $180^{\circ}$. Which figure can we now see?
<image1>
OPTIONS:
0: A
1: B
2: C
3: D
4: E

Answer with the correct option from 0 to 4. Only provide the numeric and nothing else 

Answer: 
assistant
0",0,0,3
427,857,"user
 QUESTION: A cuboid has been built using 3 shapes (not necessarily different) each made from 4 little cubes as shown. The shape shaded black is completely visible, but both of the others are only partially visible. Which of the following shapes is the unshaded one? <image1>
<image2>
OPTIONS:
0: A
1: B
2: C
3: D
4: E

Answer with the correct option from 0 to 4. Only provide the numeric and nothing else 

Answer: 
assistant
0",0,0,4,"user
 QUESTION: A cuboid has been built using 3 shapes (not necessarily different) each made from 4 little cubes as shown. The shape shaded black is completely visible, but both of the others are only partially visible. Which of the following shapes is the unshaded one? <image1>
<image2>
OPTIONS:
0: A
1: B
2: C
3: D
4: E

Answer with the correct option from 0 to 4. Only provide the numeric and nothing else 

Answer: 
assistant
2",2,0,4
428,861,"user
 QUESTION: The diagram shows a net of a cube, with three dotted lines added. If you folded the net into a cube and then cut along the dotted lines you would have a hole in the cube. What would be the shape of the hole? <image1>
OPTIONS:
0: an equilateral triangle
1: a rectangle, but not a square
2: a right-angled triangle
3: a square
4: a hexagon

Answer with the correct option from 0 to 4. Only provide the numeric and nothing else 

Answer: 
assistant
2",2,0,4,"user
 QUESTION: The diagram shows a net of a cube, with three dotted lines added. If you folded the net into a cube and then cut along the dotted lines you would have a hole in the cube. What would be the shape of the hole? <image1>
OPTIONS:
0: an equilateral triangle
1: a rectangle, but not a square
2: a right-angled triangle
3: a square
4: a hexagon

Answer with the correct option from 0 to 4. Only provide the numeric and nothing else 

Answer: 
assistant
3",3,0,4
429,867,"user
 QUESTION: The diagram shows the ground plan of a room. Adjoining walls are perpendicular to each other. The letters $a$ and $b$ on the plan show the lengths of some of the walls. What is the area of the room? <image1>
OPTIONS:
0: $3 a b+a^{2}$
1: $8 a+2 b$
2: $3 a b-a^{2}$
3: $b^{2}-a^{2}$
4: $3 a b$

Answer with the correct option from 0 to 4. Only provide the numeric and nothing else 

Answer: 
assistant
2",2,4,3,"user
 QUESTION: The diagram shows the ground plan of a room. Adjoining walls are perpendicular to each other. The letters $a$ and $b$ on the plan show the lengths of some of the walls. What is the area of the room? <image1>
OPTIONS:
0: $3 a b+a^{2}$
1: $8 a+2 b$
2: $3 a b-a^{2}$
3: $b^{2}-a^{2}$
4: $3 a b$

Answer with the correct option from 0 to 4. Only provide the numeric and nothing else 

Answer: 
assistant
0",0,4,3
430,868,"user
 QUESTION: Which of the following cubes can be folded from the net on the right?
<image1>
<image2>
OPTIONS:
0: A
1: B
2: C
3: D
4: E

Answer with the correct option from 0 to 4. Only provide the numeric and nothing else 

Answer: 
assistant
4",4,4,4,"user
 QUESTION: Which of the following cubes can be folded from the net on the right?
<image1>
<image2>
OPTIONS:
0: A
1: B
2: C
3: D
4: E

Answer with the correct option from 0 to 4. Only provide the numeric and nothing else 

Answer: 
assistant
1",1,4,4
431,869,"user
 QUESTION: The diagram shows a length of string wound over and under $n$ equal circles. The sum of the diameters of the circles is $d \mathrm{~cm}$. What is the length of the string in $\mathrm{cm}$ ?
<image1>
OPTIONS:
0: $\frac{1}{2} \pi d$
1: $\pi d n$
2: $2 \pi d n$
3: $\pi d$
4: $d n$

Answer with the correct option from 0 to 4. Only provide the numeric and nothing else 

Answer: 
assistant
0",0,0,2,"user
 QUESTION: The diagram shows a length of string wound over and under $n$ equal circles. The sum of the diameters of the circles is $d \mathrm{~cm}$. What is the length of the string in $\mathrm{cm}$ ?
<image1>
OPTIONS:
0: $\frac{1}{2} \pi d$
1: $\pi d n$
2: $2 \pi d n$
3: $\pi d$
4: $d n$

Answer with the correct option from 0 to 4. Only provide the numeric and nothing else 

Answer: 
assistant
3",3,0,2
432,870,"user
 QUESTION: Two rectangles $A B C D$ and $D B E F$ are shown in the diagram. What is the area of the rectangle $D B E F$ ? <image1>
OPTIONS:
0: $10 \mathrm{~cm}^{2}$
1: $12 \mathrm{~cm}^{2}$
2: $13 \mathrm{~cm}^{2}$
3: $14 \mathrm{~cm}^{2}$
4: $16 \mathrm{~cm}^{2}$

Answer with the correct option from 0 to 4. Only provide the numeric and nothing else 

Answer: 
assistant
2",2,1,3,"user
 QUESTION: Two rectangles $A B C D$ and $D B E F$ are shown in the diagram. What is the area of the rectangle $D B E F$ ? <image1>
OPTIONS:
0: $10 \mathrm{~cm}^{2}$
1: $12 \mathrm{~cm}^{2}$
2: $13 \mathrm{~cm}^{2}$
3: $14 \mathrm{~cm}^{2}$
4: $16 \mathrm{~cm}^{2}$

Answer with the correct option from 0 to 4. Only provide the numeric and nothing else 

Answer: 
assistant
1",1,1,3
433,871,"user
 QUESTION: Five straight lines intersect at a common point and five triangles are constructed as shown. What is the total of the 10 angles marked on the diagram? <image1>
OPTIONS:
0: $300^{\circ}$
1: $450^{\circ}$
2: $360^{\circ}$
3: $600^{\circ}$
4: $720^{\circ}$

Answer with the correct option from 0 to 4. Only provide the numeric and nothing else 

Answer: 
assistant
1",1,4,5,"user
 QUESTION: Five straight lines intersect at a common point and five triangles are constructed as shown. What is the total of the 10 angles marked on the diagram? <image1>
OPTIONS:
0: $300^{\circ}$
1: $450^{\circ}$
2: $360^{\circ}$
3: $600^{\circ}$
4: $720^{\circ}$

Answer with the correct option from 0 to 4. Only provide the numeric and nothing else 

Answer: 
assistant
2",2,4,5
434,874,"user
 QUESTION: Which of the following is a net for the cube with two holes shown alongside?
<image1>
<image2>
OPTIONS:
0: A
1: B
2: C
3: D
4: E

Answer with the correct option from 0 to 4. Only provide the numeric and nothing else 

Answer: 
assistant
1",1,2,4,"user
 QUESTION: Which of the following is a net for the cube with two holes shown alongside?
<image1>
<image2>
OPTIONS:
0: A
1: B
2: C
3: D
4: E

Answer with the correct option from 0 to 4. Only provide the numeric and nothing else 

Answer: 
assistant
2",2,2,4
435,881,"user
 QUESTION: Marta wants to use 16 square tiles like the one shown to form a $4 \times 4$ square design. The tiles may be turned. Each arc bisects the sides it meets and has length $p \mathrm{~cm}$. She is trying to make the arcs connect to make a long path. What is the length, in centimetres, of the longest possible path? <image1>
OPTIONS:
0: $15 p$
1: $20 p$
2: $21 p$
3: $22 p$
4: $25 p$

Answer with the correct option from 0 to 4. Only provide the numeric and nothing else 

Answer: 
assistant
21",21,3,2,"user
 QUESTION: Marta wants to use 16 square tiles like the one shown to form a $4 \times 4$ square design. The tiles may be turned. Each arc bisects the sides it meets and has length $p \mathrm{~cm}$. She is trying to make the arcs connect to make a long path. What is the length, in centimetres, of the longest possible path? <image1>
OPTIONS:
0: $15 p$
1: $20 p$
2: $21 p$
3: $22 p$
4: $25 p$

Answer with the correct option from 0 to 4. Only provide the numeric and nothing else 

Answer: 
assistant
22",22,3,2
436,885,"user
 QUESTION: In the diagram on the right, $Q S R$ is a straight line, $\angle Q P S=12^{\circ}$ and $P Q=P S=R S$.
What is the size of $\angle Q P R$ ? <image1>
OPTIONS:
0: $36^{\circ}$
1: $42^{\circ}$
2: $54^{\circ}$
3: $60^{\circ}$
4: $84^{\circ}$

Answer with the correct option from 0 to 4. Only provide the numeric and nothing else 

Answer: 
assistant
2",2,2,5,"user
 QUESTION: In the diagram on the right, $Q S R$ is a straight line, $\angle Q P S=12^{\circ}$ and $P Q=P S=R S$.
What is the size of $\angle Q P R$ ? <image1>
OPTIONS:
0: $36^{\circ}$
1: $42^{\circ}$
2: $54^{\circ}$
3: $60^{\circ}$
4: $84^{\circ}$

Answer with the correct option from 0 to 4. Only provide the numeric and nothing else 

Answer: 
assistant
4",4,2,5
437,886,"user
 QUESTION: Which of the following knots consist of more than one loop of rope?
<image1>
OPTIONS:
0: $P, R$ and $T$
1: $R, S$ and $T$
2: $P, R, S$ and $T$
3: $$ all of $P, Q, R, S$ and $T$
4: $$ none of $\mathrm{A}, \mathrm{B}, \mathrm{C}$ or $\mathrm{D}$

Answer with the correct option from 0 to 4. Only provide the numeric and nothing else 

Answer: 
assistant
2",2,0,3,"user
 QUESTION: Which of the following knots consist of more than one loop of rope?
<image1>
OPTIONS:
0: $P, R$ and $T$
1: $R, S$ and $T$
2: $P, R, S$ and $T$
3: $$ all of $P, Q, R, S$ and $T$
4: $$ none of $\mathrm{A}, \mathrm{B}, \mathrm{C}$ or $\mathrm{D}$

Answer with the correct option from 0 to 4. Only provide the numeric and nothing else 

Answer: 
assistant
0",0,0,3
438,894,"user
 QUESTION: Andrea has wound some rope around a piece of wood, as shown in the diagram on the right. She rotates the wood $180^{\circ}$ as shown by the arrow in the diagram. What does she see after the rotation?
<image1>
<image2>
OPTIONS:
0: A
1: B
2: C
3: D
4: E

Answer with the correct option from 0 to 4. Only provide the numeric and nothing else 

Answer: 
assistant
3",3,3,3,"user
 QUESTION: Andrea has wound some rope around a piece of wood, as shown in the diagram on the right. She rotates the wood $180^{\circ}$ as shown by the arrow in the diagram. What does she see after the rotation?
<image1>
<image2>
OPTIONS:
0: A
1: B
2: C
3: D
4: E

Answer with the correct option from 0 to 4. Only provide the numeric and nothing else 

Answer: 
assistant
1",1,3,3
439,897,"user
 QUESTION: Each region in the figure is to be coloured with one of four colours: red $(\mathrm{R})$, green $(\mathrm{G})$, orange $(\mathrm{O})$ or yellow $(\mathrm{Y})$. The colours of only three regions are shown. Any two regions that touch must have different colours. <image1> The colour of the region $\mathrm{X}$ is:
OPTIONS:
0: red
1: orange
2: green
3: yellow
4: impossible to determine

Answer with the correct option from 0 to 4. Only provide the numeric and nothing else 

Answer: 
assistant
3",3,0,4,"user
 QUESTION: Each region in the figure is to be coloured with one of four colours: red $(\mathrm{R})$, green $(\mathrm{G})$, orange $(\mathrm{O})$ or yellow $(\mathrm{Y})$. The colours of only three regions are shown. Any two regions that touch must have different colours. <image1> The colour of the region $\mathrm{X}$ is:
OPTIONS:
0: red
1: orange
2: green
3: yellow
4: impossible to determine

Answer with the correct option from 0 to 4. Only provide the numeric and nothing else 

Answer: 
assistant
2",2,0,4
440,900,"user
 QUESTION: The diagram on the right shows a square with side $3 \mathrm{~cm}$ inside a square with side $7 \mathrm{~cm}$ and another square with side $5 \mathrm{~cm}$ which intersects the first two squares. What is the difference between the area of the black region and the total area of the grey regions? <image1>
OPTIONS:
0: $0 \mathrm{~cm}^{2}$
1: $10 \mathrm{~cm}^{2}$
2: $11 \mathrm{~cm}^{2}$
3: $15 \mathrm{~cm}^{2}$
4: more information needed

Answer with the correct option from 0 to 4. Only provide the numeric and nothing else 

Answer: 
assistant
2",2,3,3,"user
 QUESTION: The diagram on the right shows a square with side $3 \mathrm{~cm}$ inside a square with side $7 \mathrm{~cm}$ and another square with side $5 \mathrm{~cm}$ which intersects the first two squares. What is the difference between the area of the black region and the total area of the grey regions? <image1>
OPTIONS:
0: $0 \mathrm{~cm}^{2}$
1: $10 \mathrm{~cm}^{2}$
2: $11 \mathrm{~cm}^{2}$
3: $15 \mathrm{~cm}^{2}$
4: more information needed

Answer with the correct option from 0 to 4. Only provide the numeric and nothing else 

Answer: 
assistant
0",0,3,3
441,903,"user
 QUESTION: Mrs Gardner has beds for peas and strawberries in her rectangular garden. This year, by moving the boundary between them, she changed her rectangular pea bed to a square by lengthening one of its sides by 3 metres. As a result of this change, the area of the strawberry bed reduced by $15 \mathrm{~m}^{2}$. What was the area of the pea bed before the change? <image1>
OPTIONS:
0: $5 \mathrm{~m}^{2}$
1: $9 \mathrm{~m}^{2}$
2: $10 \mathrm{~m}^{2}$
3: $15 \mathrm{~m}^{2}$
4: $18 \mathrm{~m}^{2}$

Answer with the correct option from 0 to 4. Only provide the numeric and nothing else 

Answer: 
assistant
2",2,2,3,"user
 QUESTION: Mrs Gardner has beds for peas and strawberries in her rectangular garden. This year, by moving the boundary between them, she changed her rectangular pea bed to a square by lengthening one of its sides by 3 metres. As a result of this change, the area of the strawberry bed reduced by $15 \mathrm{~m}^{2}$. What was the area of the pea bed before the change? <image1>
OPTIONS:
0: $5 \mathrm{~m}^{2}$
1: $9 \mathrm{~m}^{2}$
2: $10 \mathrm{~m}^{2}$
3: $15 \mathrm{~m}^{2}$
4: $18 \mathrm{~m}^{2}$

Answer with the correct option from 0 to 4. Only provide the numeric and nothing else 

Answer: 
assistant
4",4,2,3
442,905,"user
 QUESTION: A cube is being rolled on a plane so it turns around its edges. Its bottom face passes through the positions $1,2,3,4,5,6$ and 7 in that order, as shown. Which of these two positions were occupied by the same face of the cube? <image1>
OPTIONS:
0: 1 and 7
1: 1 and 6
2: 1 and 5
3: 2 and 7
4: 2 and 6

Answer with the correct option from 0 to 4. Only provide the numeric and nothing else 

Answer: 
assistant
1",1,1,4,"user
 QUESTION: A cube is being rolled on a plane so it turns around its edges. Its bottom face passes through the positions $1,2,3,4,5,6$ and 7 in that order, as shown. Which of these two positions were occupied by the same face of the cube? <image1>
OPTIONS:
0: 1 and 7
1: 1 and 6
2: 1 and 5
3: 2 and 7
4: 2 and 6

Answer with the correct option from 0 to 4. Only provide the numeric and nothing else 

Answer: 
assistant
0",0,1,4
443,907,"user
 QUESTION: A large triangle is divided into four smaller triangles and three quadrilaterals by three straight line segments. The sum of the perimeters of the three quadrilaterals is $25 \mathrm{~cm}$. The sum of the perimeters of the four triangles is $20 \mathrm{~cm}$. The perimeter of the original triangle is $19 \mathrm{~cm}$. What is the sum of the lengths of the three straight line segments?
<image1>
OPTIONS:
0: $11 \mathrm{~cm}$
1: $12 \mathrm{~cm}$
2: $13 \mathrm{~cm}$
3: $15 \mathrm{~cm}$
4: $16 \mathrm{~cm}$

Answer with the correct option from 0 to 4. Only provide the numeric and nothing else 

Answer: 
assistant
3",3,2,2,"user
 QUESTION: A large triangle is divided into four smaller triangles and three quadrilaterals by three straight line segments. The sum of the perimeters of the three quadrilaterals is $25 \mathrm{~cm}$. The sum of the perimeters of the four triangles is $20 \mathrm{~cm}$. The perimeter of the original triangle is $19 \mathrm{~cm}$. What is the sum of the lengths of the three straight line segments?
<image1>
OPTIONS:
0: $11 \mathrm{~cm}$
1: $12 \mathrm{~cm}$
2: $13 \mathrm{~cm}$
3: $15 \mathrm{~cm}$
4: $16 \mathrm{~cm}$

Answer with the correct option from 0 to 4. Only provide the numeric and nothing else 

Answer: 
assistant
12",12,2,2
444,908,"user
 QUESTION: In the diagram, $\alpha=55^{\circ}, \beta=40^{\circ}$ and $\gamma=35^{\circ}$. What is the value of $\delta$ ? <image1>
OPTIONS:
0: $100^{\circ}$
1: $105^{\circ}$
2: $120^{\circ}$
3: $125^{\circ}$
4: $130^{\circ}$

Answer with the correct option from 0 to 4. Only provide the numeric and nothing else 

Answer: 
assistant
1",1,4,5,"user
 QUESTION: In the diagram, $\alpha=55^{\circ}, \beta=40^{\circ}$ and $\gamma=35^{\circ}$. What is the value of $\delta$ ? <image1>
OPTIONS:
0: $100^{\circ}$
1: $105^{\circ}$
2: $120^{\circ}$
3: $125^{\circ}$
4: $130^{\circ}$

Answer with the correct option from 0 to 4. Only provide the numeric and nothing else 

Answer: 
assistant
3",3,4,5
445,910,"user
 QUESTION: John has made a building of unit cubes standing on a $4 \times 4$ grid. The diagram shows the number of cubes standing on each cell. When John looks horizontally at the building from behind, what does he see? <image1>
<image2>
OPTIONS:
0: A
1: B
2: C
3: D
4: E

Answer with the correct option from 0 to 4. Only provide the numeric and nothing else 

Answer: 
assistant
0",0,2,4,"user
 QUESTION: John has made a building of unit cubes standing on a $4 \times 4$ grid. The diagram shows the number of cubes standing on each cell. When John looks horizontally at the building from behind, what does he see? <image1>
<image2>
OPTIONS:
0: A
1: B
2: C
3: D
4: E

Answer with the correct option from 0 to 4. Only provide the numeric and nothing else 

Answer: 
assistant
2",2,2,4
446,912,"user
 QUESTION: One of the following nets cannot be folded along the dashed lines shown to form a cube. Which one?
<image1>
OPTIONS:
0: A
1: B
2: C
3: D
4: E

Answer with the correct option from 0 to 4. Only provide the numeric and nothing else 

Answer: 
assistant
1",1,2,4,"user
 QUESTION: One of the following nets cannot be folded along the dashed lines shown to form a cube. Which one?
<image1>
OPTIONS:
0: A
1: B
2: C
3: D
4: E

Answer with the correct option from 0 to 4. Only provide the numeric and nothing else 

Answer: 
assistant
2",2,2,4
447,914,"user
 QUESTION: The heart and the arrow are in the positions shown in the figure. At the same time the heart and the arrow start moving. The arrow moves three places clockwise and then stops and the heart moves four places anticlockwise and then stops. They repeat the same routine over and over again. After how many routines will the heart and the arrow land in the same place as each other for the first time? <image1>
OPTIONS:
0: 7
1: 8
2: 9
3: 10
4: It will never happen

Answer with the correct option from 0 to 4. Only provide the numeric and nothing else 

Answer: 
assistant
2",2,4,3,"user
 QUESTION: The heart and the arrow are in the positions shown in the figure. At the same time the heart and the arrow start moving. The arrow moves three places clockwise and then stops and the heart moves four places anticlockwise and then stops. They repeat the same routine over and over again. After how many routines will the heart and the arrow land in the same place as each other for the first time? <image1>
OPTIONS:
0: 7
1: 8
2: 9
3: 10
4: It will never happen

Answer with the correct option from 0 to 4. Only provide the numeric and nothing else 

Answer: 
assistant
8",8,4,3
448,916,"user
 QUESTION: My umbrella has KANGAROO written on top as shown in the diagram. Which one of the following pictures also shows my umbrella?
<image1>
<image2>
OPTIONS:
0: A
1: B
2: C
3: D
4: E

Answer with the correct option from 0 to 4. Only provide the numeric and nothing else 

Answer: 
assistant
4",4,4,4,"user
 QUESTION: My umbrella has KANGAROO written on top as shown in the diagram. Which one of the following pictures also shows my umbrella?
<image1>
<image2>
OPTIONS:
0: A
1: B
2: C
3: D
4: E

Answer with the correct option from 0 to 4. Only provide the numeric and nothing else 

Answer: 
assistant
2",2,4,4
449,918,"user
 QUESTION: In the diagram, the centre of the top square is directly above the common edge of the lower two squares. Each square has sides of length $1 \mathrm{~cm}$. What is the area of the shaded region? <image1>
OPTIONS:
0: $\frac{3}{4} \mathrm{~cm}^{2}$
1: $\frac{7}{8} \mathrm{~cm}^{2}$
2: $1 \mathrm{~cm}^{2}$
3: $1 \frac{1}{4} \mathrm{~cm}^{2}$
4: $1 \frac{1}{2} \mathrm{~cm}^{2}$

Answer with the correct option from 0 to 4. Only provide the numeric and nothing else 

Answer: 
assistant
4",4,2,3,"user
 QUESTION: In the diagram, the centre of the top square is directly above the common edge of the lower two squares. Each square has sides of length $1 \mathrm{~cm}$. What is the area of the shaded region? <image1>
OPTIONS:
0: $\frac{3}{4} \mathrm{~cm}^{2}$
1: $\frac{7}{8} \mathrm{~cm}^{2}$
2: $1 \mathrm{~cm}^{2}$
3: $1 \frac{1}{4} \mathrm{~cm}^{2}$
4: $1 \frac{1}{2} \mathrm{~cm}^{2}$

Answer with the correct option from 0 to 4. Only provide the numeric and nothing else 

Answer: 
assistant
0",0,2,3
450,921,"user
 QUESTION: A square with area $30 \mathrm{~cm}^{2}$ is divided in two by a diagonal and then into triangles as shown. The areas of some of these triangles are given in the diagram (which is not drawn to scale). Which part of the diagonal is the longest? <image1>
OPTIONS:
0: $a$
1: $b$
2: $C$
3: $d$
4: $e$

Answer with the correct option from 0 to 4. Only provide the numeric and nothing else 

Answer: 
assistant
3",3,3,2,"user
 QUESTION: A square with area $30 \mathrm{~cm}^{2}$ is divided in two by a diagonal and then into triangles as shown. The areas of some of these triangles are given in the diagram (which is not drawn to scale). Which part of the diagonal is the longest? <image1>
OPTIONS:
0: $a$
1: $b$
2: $C$
3: $d$
4: $e$

Answer with the correct option from 0 to 4. Only provide the numeric and nothing else 

Answer: 
assistant
1",1,3,2
451,927,"user
 QUESTION: The diagram shows a pentagon. The lengths of the sides of the pentagon are given in the diagram.
Sepideh draws five circles with centres $A, B, C, D$ and $E$ such that the two circles with centres at the ends of a side of the pentagon touch on that side. Which point is the centre of the largest circle that she draws? <image1>
OPTIONS:
0: $A$
1: $B$
2: $C$
3: $D$
4: $E$

Answer with the correct option from 0 to 4. Only provide the numeric and nothing else 

Answer: 
assistant
0",0,0,2,"user
 QUESTION: The diagram shows a pentagon. The lengths of the sides of the pentagon are given in the diagram.
Sepideh draws five circles with centres $A, B, C, D$ and $E$ such that the two circles with centres at the ends of a side of the pentagon touch on that side. Which point is the centre of the largest circle that she draws? <image1>
OPTIONS:
0: $A$
1: $B$
2: $C$
3: $D$
4: $E$

Answer with the correct option from 0 to 4. Only provide the numeric and nothing else 

Answer: 
assistant
2",2,0,2
452,928,"user
 QUESTION: A $3 \times 3 \times 3$ cube is built from 15 black cubes and 12 white cubes. Five faces of the larger cube are shown.
<image1>
Which of the following is the sixth face of the larger cube?
<image2>
OPTIONS:
0: A
1: B
2: C
3: D
4: E

Answer with the correct option from 0 to 4. Only provide the numeric and nothing else 

Answer: 
assistant
4",4,0,4,"user
 QUESTION: A $3 \times 3 \times 3$ cube is built from 15 black cubes and 12 white cubes. Five faces of the larger cube are shown.
<image1>
Which of the following is the sixth face of the larger cube?
<image2>
OPTIONS:
0: A
1: B
2: C
3: D
4: E

Answer with the correct option from 0 to 4. Only provide the numeric and nothing else 

Answer: 
assistant
2",2,0,4
453,929,"user
 QUESTION: The diagram shows two rectangles whose corresponding sides are parallel as shown. What is the difference between the lengths of the perimeters of the two rectangles? <image1>
OPTIONS:
0: $12 \mathrm{~m}$
1: $16 \mathrm{~m}$
2: $20 \mathrm{~m}$
3: $22 \mathrm{~m}$
4: $24 \mathrm{~m}$

Answer with the correct option from 0 to 4. Only provide the numeric and nothing else 

Answer: 
assistant
0",0,4,2,"user
 QUESTION: The diagram shows two rectangles whose corresponding sides are parallel as shown. What is the difference between the lengths of the perimeters of the two rectangles? <image1>
OPTIONS:
0: $12 \mathrm{~m}$
1: $16 \mathrm{~m}$
2: $20 \mathrm{~m}$
3: $22 \mathrm{~m}$
4: $24 \mathrm{~m}$

Answer with the correct option from 0 to 4. Only provide the numeric and nothing else 

Answer: 
assistant
4",4,4,2
454,932,"user
 QUESTION: Two segments, each $1 \mathrm{~cm}$ long, are marked on opposite sides of a square of side $8 \mathrm{~cm}$. The ends of the segments are joined as shown in the diagram. What is the total shaded area? <image1>
OPTIONS:
0: $2 \mathrm{~cm}^{2}$
1: $4 \mathrm{~cm}^{2}$
2: $6.4 \mathrm{~cm}^{2}$
3: $8 \mathrm{~cm}^{2}$
4: $10 \mathrm{~cm}^{2}$

Answer with the correct option from 0 to 4. Only provide the numeric and nothing else 

Answer: 
assistant
1",1,1,3,"user
 QUESTION: Two segments, each $1 \mathrm{~cm}$ long, are marked on opposite sides of a square of side $8 \mathrm{~cm}$. The ends of the segments are joined as shown in the diagram. What is the total shaded area? <image1>
OPTIONS:
0: $2 \mathrm{~cm}^{2}$
1: $4 \mathrm{~cm}^{2}$
2: $6.4 \mathrm{~cm}^{2}$
3: $8 \mathrm{~cm}^{2}$
4: $10 \mathrm{~cm}^{2}$

Answer with the correct option from 0 to 4. Only provide the numeric and nothing else 

Answer: 
assistant
2",2,1,3
455,934,"user
 QUESTION: The faces of a cube are painted black, white or grey. Each face is only painted one colour and opposite faces are painted the same colour. Which of the following is a possible net for the cube?
<image1>
OPTIONS:
0: A
1: B
2: C
3: D
4: E

Answer with the correct option from 0 to 4. Only provide the numeric and nothing else 

Answer: 
assistant
0",0,1,4,"user
 QUESTION: The faces of a cube are painted black, white or grey. Each face is only painted one colour and opposite faces are painted the same colour. Which of the following is a possible net for the cube?
<image1>
OPTIONS:
0: A
1: B
2: C
3: D
4: E

Answer with the correct option from 0 to 4. Only provide the numeric and nothing else 

Answer: 
assistant
1",1,1,4
456,936,"user
 QUESTION: The diagram shows a rectangle of size $7 \mathrm{~cm} \times 11 \mathrm{~cm}$ containing two circles that each touch three of the sides of the rectangle. What is the distance between the centres of the two circles?
<image1>
OPTIONS:
0: $2 \mathrm{~cm}$
1: $2.5 \mathrm{~cm}$
2: $3 \mathrm{~cm}$
3: $3.5 \mathrm{~cm}$
4: $4 \mathrm{~cm}$

Answer with the correct option from 0 to 4. Only provide the numeric and nothing else 

Answer: 
assistant
2",2,4,2,"user
 QUESTION: The diagram shows a rectangle of size $7 \mathrm{~cm} \times 11 \mathrm{~cm}$ containing two circles that each touch three of the sides of the rectangle. What is the distance between the centres of the two circles?
<image1>
OPTIONS:
0: $2 \mathrm{~cm}$
1: $2.5 \mathrm{~cm}$
2: $3 \mathrm{~cm}$
3: $3.5 \mathrm{~cm}$
4: $4 \mathrm{~cm}$

Answer with the correct option from 0 to 4. Only provide the numeric and nothing else 

Answer: 
assistant
3",3,4,2
457,939,"user
 QUESTION: Ruth and Sarah decide to have a race. Ruth runs around the perimeter of the pool shown in the diagram while Sarah swims lengths of the pool.
Ruth runs three times as fast as Sarah swims. Sarah swims six lengths of the pool in the same time Ruth runs around the pool five times. How wide is the pool?
<image1>
OPTIONS:
0: $25 \mathrm{~m}$
1: $40 \mathrm{~m}$
2: $50 \mathrm{~m}$
3: $80 \mathrm{~m}$
4: $180 \mathrm{~m}$

Answer with the correct option from 0 to 4. Only provide the numeric and nothing else 

Answer: 
assistant
0",0,1,2,"user
 QUESTION: Ruth and Sarah decide to have a race. Ruth runs around the perimeter of the pool shown in the diagram while Sarah swims lengths of the pool.
Ruth runs three times as fast as Sarah swims. Sarah swims six lengths of the pool in the same time Ruth runs around the pool five times. How wide is the pool?
<image1>
OPTIONS:
0: $25 \mathrm{~m}$
1: $40 \mathrm{~m}$
2: $50 \mathrm{~m}$
3: $80 \mathrm{~m}$
4: $180 \mathrm{~m}$

Answer with the correct option from 0 to 4. Only provide the numeric and nothing else 

Answer: 
assistant
2",2,1,2
458,942,"user
 QUESTION: Which of the diagrams below cannot be drawn without lifting your pencil off the page and without drawing along the same line twice?
<image1>
OPTIONS:
0: A
1: B
2: C
3: D
4: E

Answer with the correct option from 0 to 4. Only provide the numeric and nothing else 

Answer: 
assistant
0",0,3,3,"user
 QUESTION: Which of the diagrams below cannot be drawn without lifting your pencil off the page and without drawing along the same line twice?
<image1>
OPTIONS:
0: A
1: B
2: C
3: D
4: E

Answer with the correct option from 0 to 4. Only provide the numeric and nothing else 

Answer: 
assistant
3",3,3,3
459,944,"user
 QUESTION: A four-digit integer is written on each of three pieces of paper and the pieces of paper are arranged so that three of the digits are covered, as shown. The sum of the three four-digit integers is 10126 . What are the covered digits? <image1>
OPTIONS:
0: 5,6 and 7
1: 4,5 and 7
2: 4,6 and 7
3: 4, 5 and 6
4: 3,5 and 6

Answer with the correct option from 0 to 4. Only provide the numeric and nothing else 

Answer: 
assistant
2",2,0,4,"user
 QUESTION: A four-digit integer is written on each of three pieces of paper and the pieces of paper are arranged so that three of the digits are covered, as shown. The sum of the three four-digit integers is 10126 . What are the covered digits? <image1>
OPTIONS:
0: 5,6 and 7
1: 4,5 and 7
2: 4,6 and 7
3: 4, 5 and 6
4: 3,5 and 6

Answer with the correct option from 0 to 4. Only provide the numeric and nothing else 

Answer: 
assistant
1",1,0,4
460,946,"user
 QUESTION: Which of the following $4 \times 4$ tiles cannot be formed by combining the two given pieces?
<image1>
<image2>
OPTIONS:
0: A
1: B
2: C
3: D
4: E

Answer with the correct option from 0 to 4. Only provide the numeric and nothing else 

Answer: 
assistant
4",4,4,4,"user
 QUESTION: Which of the following $4 \times 4$ tiles cannot be formed by combining the two given pieces?
<image1>
<image2>
OPTIONS:
0: A
1: B
2: C
3: D
4: E

Answer with the correct option from 0 to 4. Only provide the numeric and nothing else 

Answer: 
assistant
2",2,4,4
461,948,"user
 QUESTION: Prab painted each of the eight circles in the diagram red, yellow or blue such that no two circles that are joined directly were painted the same colour. Which two circles must have been painted the same colour? <image1>
OPTIONS:
0: 5 and 8
1: 1 and 6
2: 2 and 7
3: 4 and 5
4: 3 and 6

Answer with the correct option from 0 to 4. Only provide the numeric and nothing else 

Answer: 
assistant
2",2,0,3,"user
 QUESTION: Prab painted each of the eight circles in the diagram red, yellow or blue such that no two circles that are joined directly were painted the same colour. Which two circles must have been painted the same colour? <image1>
OPTIONS:
0: 5 and 8
1: 1 and 6
2: 2 and 7
3: 4 and 5
4: 3 and 6

Answer with the correct option from 0 to 4. Only provide the numeric and nothing else 

Answer: 
assistant
0",0,0,3
462,949,"user
 QUESTION: The diagram shows the square $W X Y Z$. The points $P, Q$ and $R$ are the midpoints of the sides $Z W, X Y$ and $Y Z$ respectively. What fraction of the square $W X Y Z$ is shaded? <image1>
OPTIONS:
0: $\frac{3}{4}$
1: $\frac{5}{8}$
2: $\frac{1}{2}$
3: $\frac{7}{16}$
4: $\frac{3}{8}$

Answer with the correct option from 0 to 4. Only provide the numeric and nothing else 

Answer: 
assistant
4",4,4,3,"user
 QUESTION: The diagram shows the square $W X Y Z$. The points $P, Q$ and $R$ are the midpoints of the sides $Z W, X Y$ and $Y Z$ respectively. What fraction of the square $W X Y Z$ is shaded? <image1>
OPTIONS:
0: $\frac{3}{4}$
1: $\frac{5}{8}$
2: $\frac{1}{2}$
3: $\frac{7}{16}$
4: $\frac{3}{8}$

Answer with the correct option from 0 to 4. Only provide the numeric and nothing else 

Answer: 
assistant
1",1,4,3
463,955,"user
 QUESTION: In the diagram, the area of the large square is $16 \mathrm{~cm}^{2}$ and the area of each small corner square is $1 \mathrm{~cm}^{2}$. What is the shaded area? <image1>
OPTIONS:
0: $3 \mathrm{~cm}^{2}$
1: $\frac{7}{2} \mathrm{~cm}^{2}$
2: $4 \mathrm{~cm}^{2}$
3: $\frac{11}{2} \mathrm{~cm}^{2}$
4: $6 \mathrm{~cm}^{2}$

Answer with the correct option from 0 to 4. Only provide the numeric and nothing else 

Answer: 
assistant
3",3,2,3,"user
 QUESTION: In the diagram, the area of the large square is $16 \mathrm{~cm}^{2}$ and the area of each small corner square is $1 \mathrm{~cm}^{2}$. What is the shaded area? <image1>
OPTIONS:
0: $3 \mathrm{~cm}^{2}$
1: $\frac{7}{2} \mathrm{~cm}^{2}$
2: $4 \mathrm{~cm}^{2}$
3: $\frac{11}{2} \mathrm{~cm}^{2}$
4: $6 \mathrm{~cm}^{2}$

Answer with the correct option from 0 to 4. Only provide the numeric and nothing else 

Answer: 
assistant
1",1,2,3
464,957,"user
 QUESTION: A triangular pyramid is built with 20 cannonballs, as shown. Each cannonball is labelled with one of A, B, C, D or E. There are four cannonballs with each type of label.
<image1>
The diagrams show the labels on the cannonballs on three of the faces of the pyramid. What is the label on the hidden cannonball in the middle of the fourth face?
OPTIONS:
0: A
1: B
2: C
3: D
4: E

Answer with the correct option from 0 to 4. Only provide the numeric and nothing else 

Answer: 
assistant
2",2,3,4,"user
 QUESTION: A triangular pyramid is built with 20 cannonballs, as shown. Each cannonball is labelled with one of A, B, C, D or E. There are four cannonballs with each type of label.
<image1>
The diagrams show the labels on the cannonballs on three of the faces of the pyramid. What is the label on the hidden cannonball in the middle of the fourth face?
OPTIONS:
0: A
1: B
2: C
3: D
4: E

Answer with the correct option from 0 to 4. Only provide the numeric and nothing else 

Answer: 
assistant
3",3,3,4
465,958,"user
 QUESTION: Kanga likes jumping on the number line. She always makes two large jumps of length 3 , followed by three small jumps of length 1 , as shown, and then repeats this over and over again. She starts jumping at 0 .
<image1>
Which of these numbers will Kanga land on?
OPTIONS:
0: 82
1: 83
2: 84
3: 85
4: 86

Answer with the correct option from 0 to 4. Only provide the numeric and nothing else 

Answer: 
assistant
3",3,2,4,"user
 QUESTION: Kanga likes jumping on the number line. She always makes two large jumps of length 3 , followed by three small jumps of length 1 , as shown, and then repeats this over and over again. She starts jumping at 0 .
<image1>
Which of these numbers will Kanga land on?
OPTIONS:
0: 82
1: 83
2: 84
3: 85
4: 86

Answer with the correct option from 0 to 4. Only provide the numeric and nothing else 

Answer: 
assistant
2",2,2,4
466,959,"user
 QUESTION: There are five big trees and three paths in a park. It has been decided to plant a sixth tree so that there are the same number of trees on either side of each path. In which region of the park should the sixth tree be planted? <image1>
OPTIONS:
0: A
1: B
2: C
3: D
4: E

Answer with the correct option from 0 to 4. Only provide the numeric and nothing else 

Answer: 
assistant
1",1,1,4,"user
 QUESTION: There are five big trees and three paths in a park. It has been decided to plant a sixth tree so that there are the same number of trees on either side of each path. In which region of the park should the sixth tree be planted? <image1>
OPTIONS:
0: A
1: B
2: C
3: D
4: E

Answer with the correct option from 0 to 4. Only provide the numeric and nothing else 

Answer: 
assistant
2",2,1,4
467,965,"user
 QUESTION: The diagram on the right shows a cube of side $18 \mathrm{~cm}$. A giant ant walks across the cube's surface from $\mathrm{X}$ to $\mathrm{Y}$ along the route shown. How far does it walk? <image1>
OPTIONS:
0: $54 \mathrm{~cm}$
1: $72 \mathrm{~cm}$
2: $80 \mathrm{~cm}$
3: $88 \mathrm{~cm}$
4: $90 \mathrm{~cm}$

Answer with the correct option from 0 to 4. Only provide the numeric and nothing else 

Answer: 
assistant
1",1,4,5,"user
 QUESTION: The diagram on the right shows a cube of side $18 \mathrm{~cm}$. A giant ant walks across the cube's surface from $\mathrm{X}$ to $\mathrm{Y}$ along the route shown. How far does it walk? <image1>
OPTIONS:
0: $54 \mathrm{~cm}$
1: $72 \mathrm{~cm}$
2: $80 \mathrm{~cm}$
3: $88 \mathrm{~cm}$
4: $90 \mathrm{~cm}$

Answer with the correct option from 0 to 4. Only provide the numeric and nothing else 

Answer: 
assistant
2",2,4,5
468,970,"user
 QUESTION: It takes 9 litres of paint to cover the surface of the cube on the left.
<image1>
How much paint would it take to cover the surface of the shape on the right?
OPTIONS:
0: 9 litres
1: 8 litres
2: 6 litres
3: 4 litres
4: 2 litres

Answer with the correct option from 0 to 4. Only provide the numeric and nothing else 

Answer: 
assistant
1",1,0,5,"user
 QUESTION: It takes 9 litres of paint to cover the surface of the cube on the left.
<image1>
How much paint would it take to cover the surface of the shape on the right?
OPTIONS:
0: 9 litres
1: 8 litres
2: 6 litres
3: 4 litres
4: 2 litres

Answer with the correct option from 0 to 4. Only provide the numeric and nothing else 

Answer: 
assistant
2",2,0,5
469,971,"user
 QUESTION: Which of the following nets can be used to build the partial cube shown in the diagram?
<image1>
<image2>
OPTIONS:
0: A
1: B
2: C
3: D
4: E

Answer with the correct option from 0 to 4. Only provide the numeric and nothing else 

Answer: 
assistant
3",3,2,5,"user
 QUESTION: Which of the following nets can be used to build the partial cube shown in the diagram?
<image1>
<image2>
OPTIONS:
0: A
1: B
2: C
3: D
4: E

Answer with the correct option from 0 to 4. Only provide the numeric and nothing else 

Answer: 
assistant
2",2,2,5
470,973,"user
 QUESTION: Four circles of radius $5 \mathrm{~cm}$ touch the sides of a square and each other, as shown in the diagram. On each side of the square, an equilateral triangle is drawn to form a four-pointed star.
<image1>
What is the perimeter of the star?
OPTIONS:
0: $40 \mathrm{~cm}$
1: $80 \mathrm{~cm}$
2: $120 \mathrm{~cm}$
3: $160 \mathrm{~cm}$
4: $200 \mathrm{~cm}$

Answer with the correct option from 0 to 4. Only provide the numeric and nothing else 

Answer: 
assistant
3",3,3,3,"user
 QUESTION: Four circles of radius $5 \mathrm{~cm}$ touch the sides of a square and each other, as shown in the diagram. On each side of the square, an equilateral triangle is drawn to form a four-pointed star.
<image1>
What is the perimeter of the star?
OPTIONS:
0: $40 \mathrm{~cm}$
1: $80 \mathrm{~cm}$
2: $120 \mathrm{~cm}$
3: $160 \mathrm{~cm}$
4: $200 \mathrm{~cm}$

Answer with the correct option from 0 to 4. Only provide the numeric and nothing else 

Answer: 
assistant
2",2,3,3
471,975,"user
 QUESTION: The diameter of the circle shown is $10 \mathrm{~cm}$. The circle passes through the vertices of a large rectangle which is divided into 16 identical smaller rectangles.
<image1>
What is the perimeter of the shape drawn with a dark line?
OPTIONS:
0: $10 \mathrm{~cm}$
1: $16 \mathrm{~cm}$
2: $20 \mathrm{~cm}$
3: $24 \mathrm{~cm}$
4: $30 \mathrm{~cm}$

Answer with the correct option from 0 to 4. Only provide the numeric and nothing else 

Answer: 
assistant
3",3,2,3,"user
 QUESTION: The diameter of the circle shown is $10 \mathrm{~cm}$. The circle passes through the vertices of a large rectangle which is divided into 16 identical smaller rectangles.
<image1>
What is the perimeter of the shape drawn with a dark line?
OPTIONS:
0: $10 \mathrm{~cm}$
1: $16 \mathrm{~cm}$
2: $20 \mathrm{~cm}$
3: $24 \mathrm{~cm}$
4: $30 \mathrm{~cm}$

Answer with the correct option from 0 to 4. Only provide the numeric and nothing else 

Answer: 
assistant
2",2,2,3
472,977,"user
 QUESTION: The diagram shows five congruent right-angled isosceles triangles. What is the total area of the triangles? <image1>
OPTIONS:
0: $25 \mathrm{~cm}^{2}$
1: $30 \mathrm{~cm}^{2}$
2: $35 \mathrm{~cm}^{2}$
3: $45 \mathrm{~cm}^{2}$
4: $60 \mathrm{~cm}^{2}$

Answer with the correct option from 0 to 4. Only provide the numeric and nothing else 

Answer: 
assistant
1",1,3,2,"user
 QUESTION: The diagram shows five congruent right-angled isosceles triangles. What is the total area of the triangles? <image1>
OPTIONS:
0: $25 \mathrm{~cm}^{2}$
1: $30 \mathrm{~cm}^{2}$
2: $35 \mathrm{~cm}^{2}$
3: $45 \mathrm{~cm}^{2}$
4: $60 \mathrm{~cm}^{2}$

Answer with the correct option from 0 to 4. Only provide the numeric and nothing else 

Answer: 
assistant
3",3,3,2
473,980,"user
 QUESTION: In the diagram, $P R S V$ is a rectangle with $P R=20 \mathrm{~cm}$ and $P V=12 \mathrm{~cm}$. Jeffrey marks points $U$ and $T$ on $V S$ and $Q$ on $P R$ as shown. What is the shaded area? <image1>
OPTIONS:
0: More information needed
1: $60 \mathrm{~cm}^{2}$
2: $100 \mathrm{~cm}^{2}$
3: $110 \mathrm{~cm}^{2}$
4: $120 \mathrm{~cm}^{2}$

Answer with the correct option from 0 to 4. Only provide the numeric and nothing else 

Answer: 
assistant
1",1,4,2,"user
 QUESTION: In the diagram, $P R S V$ is a rectangle with $P R=20 \mathrm{~cm}$ and $P V=12 \mathrm{~cm}$. Jeffrey marks points $U$ and $T$ on $V S$ and $Q$ on $P R$ as shown. What is the shaded area? <image1>
OPTIONS:
0: More information needed
1: $60 \mathrm{~cm}^{2}$
2: $100 \mathrm{~cm}^{2}$
3: $110 \mathrm{~cm}^{2}$
4: $120 \mathrm{~cm}^{2}$

Answer with the correct option from 0 to 4. Only provide the numeric and nothing else 

Answer: 
assistant
0",0,4,2
474,981,"user
 QUESTION: The line $P Q$ is divided into six parts by the points $V, W, X, Y$ and $Z$. Squares are drawn on $P V, V W, W X, X Y, Y Z$ and $Z Q$ as shown in the diagram. The length of line $P Q$ is $24 \mathrm{~cm}$. What is the length of the path from $P$ to $Q$ indicated by the arrows?
<image1>
OPTIONS:
0: $48 \mathrm{~cm}$
1: $60 \mathrm{~cm}$
2: $66 \mathrm{~cm}$
3: $72 \mathrm{~cm}$
4: $96 \mathrm{~cm}$

Answer with the correct option from 0 to 4. Only provide the numeric and nothing else 

Answer: 
assistant
3",3,3,3,"user
 QUESTION: The line $P Q$ is divided into six parts by the points $V, W, X, Y$ and $Z$. Squares are drawn on $P V, V W, W X, X Y, Y Z$ and $Z Q$ as shown in the diagram. The length of line $P Q$ is $24 \mathrm{~cm}$. What is the length of the path from $P$ to $Q$ indicated by the arrows?
<image1>
OPTIONS:
0: $48 \mathrm{~cm}$
1: $60 \mathrm{~cm}$
2: $66 \mathrm{~cm}$
3: $72 \mathrm{~cm}$
4: $96 \mathrm{~cm}$

Answer with the correct option from 0 to 4. Only provide the numeric and nothing else 

Answer: 
assistant
2",2,3,3
475,983,"user
 QUESTION: In the diagram, $P Q R S$ is a square of side $10 \mathrm{~cm} . T$ is a point inside the square so that $\angle S P T=75^{\circ}$ and $\angle T S P=30^{\circ}$. What is the length of $T R$ ? <image1>
OPTIONS:
0: $8 \mathrm{~cm}$
1: $8.5 \mathrm{~cm}$
2: $9 \mathrm{~cm}$
3: $9.5 \mathrm{~cm}$
4: $10 \mathrm{~cm}$

Answer with the correct option from 0 to 4. Only provide the numeric and nothing else 

Answer: 
assistant
4",4,4,3,"user
 QUESTION: In the diagram, $P Q R S$ is a square of side $10 \mathrm{~cm} . T$ is a point inside the square so that $\angle S P T=75^{\circ}$ and $\angle T S P=30^{\circ}$. What is the length of $T R$ ? <image1>
OPTIONS:
0: $8 \mathrm{~cm}$
1: $8.5 \mathrm{~cm}$
2: $9 \mathrm{~cm}$
3: $9.5 \mathrm{~cm}$
4: $10 \mathrm{~cm}$

Answer with the correct option from 0 to 4. Only provide the numeric and nothing else 

Answer: 
assistant
2",2,4,3
476,986,"user
 QUESTION: Emily has two identical cards in the shape of equilateral triangles. She places them both onto a sheet of paper so that they touch or overlap and draws around the shape she creates. Which one of the following is it impossible for her to draw?
<image1>
OPTIONS:
0: A
1: B
2: C
3: D
4: E

Answer with the correct option from 0 to 4. Only provide the numeric and nothing else 

Answer: 
assistant
0",0,4,2,"user
 QUESTION: Emily has two identical cards in the shape of equilateral triangles. She places them both onto a sheet of paper so that they touch or overlap and draws around the shape she creates. Which one of the following is it impossible for her to draw?
<image1>
OPTIONS:
0: A
1: B
2: C
3: D
4: E

Answer with the correct option from 0 to 4. Only provide the numeric and nothing else 

Answer: 
assistant
2",2,4,2
477,991,"user
 QUESTION: The diagram shows a plan of a town with various bus stops. There are four bus routes in the town.
Route 1 goes $\mathrm{C}-\mathrm{D}-\mathrm{E}-\mathrm{F}-\mathrm{G}-\mathrm{H}-\mathrm{C}$ and is $17 \mathrm{~km}$ long.
Route 2 goes $\mathrm{A}-\mathrm{B}-\mathrm{C}-\mathrm{F}-\mathrm{G}-\mathrm{H}-\mathrm{A}$ and is $12 \mathrm{~km}$ long.
Route 3 goes $\mathrm{A}-\mathrm{B}-\mathrm{C}-\mathrm{D}-\mathrm{E}-\mathrm{F}-\mathrm{G}-\mathrm{H}-\mathrm{A}$ and is $20 \mathrm{~km}$ long.
Route 4 goes $\mathrm{C}-\mathrm{F}-\mathrm{G}-\mathrm{H}-\mathrm{C}$.
<image1>
How long is route 4 ?
OPTIONS:
0: $10 \mathrm{~km}$
1: $9 \mathrm{~km}$
2: $8 \mathrm{~km}$
3: $7 \mathrm{~km}$
4: $6 \mathrm{~km}$

Answer with the correct option from 0 to 4. Only provide the numeric and nothing else 

Answer: 
assistant
2",2,1,3,"user
 QUESTION: The diagram shows a plan of a town with various bus stops. There are four bus routes in the town.
Route 1 goes $\mathrm{C}-\mathrm{D}-\mathrm{E}-\mathrm{F}-\mathrm{G}-\mathrm{H}-\mathrm{C}$ and is $17 \mathrm{~km}$ long.
Route 2 goes $\mathrm{A}-\mathrm{B}-\mathrm{C}-\mathrm{F}-\mathrm{G}-\mathrm{H}-\mathrm{A}$ and is $12 \mathrm{~km}$ long.
Route 3 goes $\mathrm{A}-\mathrm{B}-\mathrm{C}-\mathrm{D}-\mathrm{E}-\mathrm{F}-\mathrm{G}-\mathrm{H}-\mathrm{A}$ and is $20 \mathrm{~km}$ long.
Route 4 goes $\mathrm{C}-\mathrm{F}-\mathrm{G}-\mathrm{H}-\mathrm{C}$.
<image1>
How long is route 4 ?
OPTIONS:
0: $10 \mathrm{~km}$
1: $9 \mathrm{~km}$
2: $8 \mathrm{~km}$
3: $7 \mathrm{~km}$
4: $6 \mathrm{~km}$

Answer with the correct option from 0 to 4. Only provide the numeric and nothing else 

Answer: 
assistant
0",0,1,3
478,992,"user
 QUESTION: The diagram shows squares of three different sizes arranged into a rectangle. The length of each side of the smallest squares is $20 \mathrm{~cm}$. Adam Ant walks along the path marked from $P$ to $Q$. How far does Adam walk? <image1>
OPTIONS:
0: $380 \mathrm{~cm}$
1: $400 \mathrm{~cm}$
2: $420 \mathrm{~cm}$
3: $440 \mathrm{~cm}$
4: $460 \mathrm{~cm}$

Answer with the correct option from 0 to 4. Only provide the numeric and nothing else 

Answer: 
assistant
3",3,2,2,"user
 QUESTION: The diagram shows squares of three different sizes arranged into a rectangle. The length of each side of the smallest squares is $20 \mathrm{~cm}$. Adam Ant walks along the path marked from $P$ to $Q$. How far does Adam walk? <image1>
OPTIONS:
0: $380 \mathrm{~cm}$
1: $400 \mathrm{~cm}$
2: $420 \mathrm{~cm}$
3: $440 \mathrm{~cm}$
4: $460 \mathrm{~cm}$

Answer with the correct option from 0 to 4. Only provide the numeric and nothing else 

Answer: 
assistant
2",2,2,2
479,993,"user
 QUESTION: Two rectangles of dimensions $8 \mathrm{~cm}$ by $10 \mathrm{~cm}$ and $9 \mathrm{~cm}$ by $12 \mathrm{~cm}$ overlap as shown in the diagram. The area of the black region is $37 \mathrm{~cm}^{2}$. What is the area of the grey region? <image1>
OPTIONS:
0: $60 \mathrm{~cm}^{2}$
1: $62 \mathrm{~cm}^{2}$
2: $62.5 \mathrm{~cm}^{2}$
3: $64 \mathrm{~cm}^{2}$
4: $65 \mathrm{~cm}^{2}$

Answer with the correct option from 0 to 4. Only provide the numeric and nothing else 

Answer: 
assistant
1",1,4,2,"user
 QUESTION: Two rectangles of dimensions $8 \mathrm{~cm}$ by $10 \mathrm{~cm}$ and $9 \mathrm{~cm}$ by $12 \mathrm{~cm}$ overlap as shown in the diagram. The area of the black region is $37 \mathrm{~cm}^{2}$. What is the area of the grey region? <image1>
OPTIONS:
0: $60 \mathrm{~cm}^{2}$
1: $62 \mathrm{~cm}^{2}$
2: $62.5 \mathrm{~cm}^{2}$
3: $64 \mathrm{~cm}^{2}$
4: $65 \mathrm{~cm}^{2}$

Answer with the correct option from 0 to 4. Only provide the numeric and nothing else 

Answer: 
assistant
2",2,4,2
480,997,"user
 QUESTION: In the diagram, $P Q R S$ is a square of side $10 \mathrm{~cm}$. The distance $M N$ is $6 \mathrm{~cm}$. The square is divided into four congruent isosceles triangles, four congruent squares and the shaded region.
<image1>
What is the area of the shaded region?
OPTIONS:
0: $42 \mathrm{~cm}^{2}$
1: $46 \mathrm{~cm}^{2}$
2: $48 \mathrm{~cm}^{2}$
3: $52 \mathrm{~cm}^{2}$
4: $58 \mathrm{~cm}^{2}$

Answer with the correct option from 0 to 4. Only provide the numeric and nothing else 

Answer: 
assistant
1",1,2,2,"user
 QUESTION: In the diagram, $P Q R S$ is a square of side $10 \mathrm{~cm}$. The distance $M N$ is $6 \mathrm{~cm}$. The square is divided into four congruent isosceles triangles, four congruent squares and the shaded region.
<image1>
What is the area of the shaded region?
OPTIONS:
0: $42 \mathrm{~cm}^{2}$
1: $46 \mathrm{~cm}^{2}$
2: $48 \mathrm{~cm}^{2}$
3: $52 \mathrm{~cm}^{2}$
4: $58 \mathrm{~cm}^{2}$

Answer with the correct option from 0 to 4. Only provide the numeric and nothing else 

Answer: 
assistant
2",2,2,2
481,998,"user
 QUESTION: Sid is colouring the cells in the grid using the four colours red, blue, yellow and green in such a way that any two cells that share a vertex are coloured differently. He has already coloured some of the cells as shown.
What colour will he use for the cell marked $X$ ?
<image1>
OPTIONS:
0: Red
1: Blue
2: Yellow
3: Green
4: You can't be certain

Answer with the correct option from 0 to 4. Only provide the numeric and nothing else 

Answer: 
assistant
3",3,0,2,"user
 QUESTION: Sid is colouring the cells in the grid using the four colours red, blue, yellow and green in such a way that any two cells that share a vertex are coloured differently. He has already coloured some of the cells as shown.
What colour will he use for the cell marked $X$ ?
<image1>
OPTIONS:
0: Red
1: Blue
2: Yellow
3: Green
4: You can't be certain

Answer with the correct option from 0 to 4. Only provide the numeric and nothing else 

Answer: 
assistant
2",2,0,2
482,1000,"user
 QUESTION: In the diagram $P Q R S$ is a rhombus. Point $T$ is the mid-point of $P S$ and point $W$ is the mid-point of $S R$.
<image1>
What is the ratio of the unshaded area to the shaded area?
OPTIONS:
0: $1: 1$
1: $2: 3$
2: $3: 5$
3: $4: 7$
4: $5: 9$

Answer with the correct option from 0 to 4. Only provide the numeric and nothing else 

Answer: 
assistant
3",3,0,2,"user
 QUESTION: In the diagram $P Q R S$ is a rhombus. Point $T$ is the mid-point of $P S$ and point $W$ is the mid-point of $S R$.
<image1>
What is the ratio of the unshaded area to the shaded area?
OPTIONS:
0: $1: 1$
1: $2: 3$
2: $3: 5$
3: $4: 7$
4: $5: 9$

Answer with the correct option from 0 to 4. Only provide the numeric and nothing else 

Answer: 
assistant
2",2,0,2
483,1001,"user
 QUESTION: Claudette has eight dice, each with one of the letters $P, Q, R$ and $S$ written on all six faces. She builds the block shown in the diagram so that dice with faces which touch have different letters written on them.
What letter is written on the faces of the one dice which is not shown on the picture? <image1>
OPTIONS:
0: P
1: Q
2: R
3: S
4: It is impossible to say

Answer with the correct option from 0 to 4. Only provide the numeric and nothing else 

Answer: 
assistant
2",2,1,2,"user
 QUESTION: Claudette has eight dice, each with one of the letters $P, Q, R$ and $S$ written on all six faces. She builds the block shown in the diagram so that dice with faces which touch have different letters written on them.
What letter is written on the faces of the one dice which is not shown on the picture? <image1>
OPTIONS:
0: P
1: Q
2: R
3: S
4: It is impossible to say

Answer with the correct option from 0 to 4. Only provide the numeric and nothing else 

Answer: 
assistant
0",0,1,2
484,1004,"user
 QUESTION: Joseph writes the numbers 1 to 12 in the circles so that the numbers in adjacent circles differ by either 1 or 2 . Which pair of numbers does he write in adjacent circles? <image1>
OPTIONS:
0: 3 and 4
1: 5 and 6
2: 6 and 7
3: 8 and 9
4: 8 and 10

Answer with the correct option from 0 to 4. Only provide the numeric and nothing else 

Answer: 
assistant
2",2,4,3,"user
 QUESTION: Joseph writes the numbers 1 to 12 in the circles so that the numbers in adjacent circles differ by either 1 or 2 . Which pair of numbers does he write in adjacent circles? <image1>
OPTIONS:
0: 3 and 4
1: 5 and 6
2: 6 and 7
3: 8 and 9
4: 8 and 10

Answer with the correct option from 0 to 4. Only provide the numeric and nothing else 

Answer: 
assistant
4",4,4,3
485,1006,"user
 QUESTION: A square piece of paper of area $64 \mathrm{~cm}^{2}$ is folded twice, as shown in the diagram. What is the sum of the areas of the two shaded rectangles?
<image1>
OPTIONS:
0: $10 \mathrm{~cm}^{2}$
1: $14 \mathrm{~cm}^{2}$
2: $15 \mathrm{~cm}^{2}$
3: $16 \mathrm{~cm}^{2}$
4: $24 \mathrm{~cm}^{2}$

Answer with the correct option from 0 to 4. Only provide the numeric and nothing else 

Answer: 
assistant
3",3,3,1,"user
 QUESTION: A square piece of paper of area $64 \mathrm{~cm}^{2}$ is folded twice, as shown in the diagram. What is the sum of the areas of the two shaded rectangles?
<image1>
OPTIONS:
0: $10 \mathrm{~cm}^{2}$
1: $14 \mathrm{~cm}^{2}$
2: $15 \mathrm{~cm}^{2}$
3: $16 \mathrm{~cm}^{2}$
4: $24 \mathrm{~cm}^{2}$

Answer with the correct option from 0 to 4. Only provide the numeric and nothing else 

Answer: 
assistant
4",4,3,1
486,1007,"user
 QUESTION: Christopher has made a building out of blocks. The grid on the right shows the number of blocks in each part of the building, when viewed from above. Which of the following gives the view you see when you look at Christopher's building from the front?
\begin{tabular}{|l|l|l|l|}
\hline 4 & 2 & 3 & 2 \\
\hline 3 & 3 & 1 & 2 \\
\hline 2 & 1 & 3 & 1 \\
\hline 1 & 2 & 1 & 2 \\
\hline \multicolumn{4}{|c|}{ front }
\end{tabular}
<image1>
OPTIONS:
0: A
1: B
2: C
3: D
4: E

Answer with the correct option from 0 to 4. Only provide the numeric and nothing else 

Answer: 
assistant
3",3,4,5,"user
 QUESTION: Christopher has made a building out of blocks. The grid on the right shows the number of blocks in each part of the building, when viewed from above. Which of the following gives the view you see when you look at Christopher's building from the front?
\begin{tabular}{|l|l|l|l|}
\hline 4 & 2 & 3 & 2 \\
\hline 3 & 3 & 1 & 2 \\
\hline 2 & 1 & 3 & 1 \\
\hline 1 & 2 & 1 & 2 \\
\hline \multicolumn{4}{|c|}{ front }
\end{tabular}
<image1>
OPTIONS:
0: A
1: B
2: C
3: D
4: E

Answer with the correct option from 0 to 4. Only provide the numeric and nothing else 

Answer: 
assistant
2",2,4,5
487,1008,"user
 QUESTION: One slice of a circular cake is $15 \%$ of the whole cake. What is the size of the angle marked with the question mark? <image1>
OPTIONS:
0: $30^{\circ}$
1: $45^{\circ}$
2: $54^{\circ}$
3: $15^{\circ}$
4: $20^{\circ}$

Answer with the correct option from 0 to 4. Only provide the numeric and nothing else 

Answer: 
assistant
0",0,2,2,"user
 QUESTION: One slice of a circular cake is $15 \%$ of the whole cake. What is the size of the angle marked with the question mark? <image1>
OPTIONS:
0: $30^{\circ}$
1: $45^{\circ}$
2: $54^{\circ}$
3: $15^{\circ}$
4: $20^{\circ}$

Answer with the correct option from 0 to 4. Only provide the numeric and nothing else 

Answer: 
assistant
2",2,2,2
488,1009,"user
 QUESTION: In the picture, the three strips labelled 1,2,3 have the same horizontal width $a$. These three strips connect two parallel lines. Which of these statements is true? <image1>
OPTIONS:
0: All three strips have the same area.
1: Strip 1 has the largest area.
2: Strip 2 has the largest area.
3: Strip 3 has the largest area.
4: It is impossible to say which has the largest area without knowing $a$.

Answer with the correct option from 0 to 4. Only provide the numeric and nothing else 

Answer: 
assistant
0",0,0,4,"user
 QUESTION: In the picture, the three strips labelled 1,2,3 have the same horizontal width $a$. These three strips connect two parallel lines. Which of these statements is true? <image1>
OPTIONS:
0: All three strips have the same area.
1: Strip 1 has the largest area.
2: Strip 2 has the largest area.
3: Strip 3 has the largest area.
4: It is impossible to say which has the largest area without knowing $a$.

Answer with the correct option from 0 to 4. Only provide the numeric and nothing else 

Answer: 
assistant
2",2,0,4
489,1011,"user
 QUESTION: The cuboid shown has been built using four shapes, each made from four small cubes. Three of the shapes can be completely seen, but the dark one is only partly visible. Which of the following shapes could be the dark one? <image1>
<image2>
OPTIONS:
0: A
1: B
2: C
3: D
4: E

Answer with the correct option from 0 to 4. Only provide the numeric and nothing else 

Answer: 
assistant
1",1,2,3,"user
 QUESTION: The cuboid shown has been built using four shapes, each made from four small cubes. Three of the shapes can be completely seen, but the dark one is only partly visible. Which of the following shapes could be the dark one? <image1>
<image2>
OPTIONS:
0: A
1: B
2: C
3: D
4: E

Answer with the correct option from 0 to 4. Only provide the numeric and nothing else 

Answer: 
assistant
2",2,2,3
490,1014,"user
 QUESTION: In the diagram, $Q R=P S$. What is the size of $\angle P S R$ ? <image1>
OPTIONS:
0: $30^{\circ}$
1: $50^{\circ}$
2: $55^{\circ}$
3: $65^{\circ}$
4: $70^{\circ}$

Answer with the correct option from 0 to 4. Only provide the numeric and nothing else 

Answer: 
assistant
3",3,3,2,"user
 QUESTION: In the diagram, $Q R=P S$. What is the size of $\angle P S R$ ? <image1>
OPTIONS:
0: $30^{\circ}$
1: $50^{\circ}$
2: $55^{\circ}$
3: $65^{\circ}$
4: $70^{\circ}$

Answer with the correct option from 0 to 4. Only provide the numeric and nothing else 

Answer: 
assistant
2",2,3,2
491,1015,"user
 QUESTION: Roo has a very unusual chessboard of side 7, in which only the squares which lie on the diagonals are shaded. Kanga then asks the question ""What would be the total white area of your chessboard if each side was 2003 squares long?"" What is the correct answer? <image1>
OPTIONS:
0: $2002^{2}$
1: $2002 \times 2001$
2: $2003^{2}$
3: $2003 \times 2004$
4: $2004^{2}$

Answer with the correct option from 0 to 4. Only provide the numeric and nothing else 

Answer: 
assistant
0",0,0,4,"user
 QUESTION: Roo has a very unusual chessboard of side 7, in which only the squares which lie on the diagonals are shaded. Kanga then asks the question ""What would be the total white area of your chessboard if each side was 2003 squares long?"" What is the correct answer? <image1>
OPTIONS:
0: $2002^{2}$
1: $2002 \times 2001$
2: $2003^{2}$
3: $2003 \times 2004$
4: $2004^{2}$

Answer with the correct option from 0 to 4. Only provide the numeric and nothing else 

Answer: 
assistant
1",1,0,4
492,1019,"user
 QUESTION: In the diagram alongside, the five circles have the same radii and touch as shown. The square joins the centres of the four outer circles. <image1>
The ratio of the area of the shaded parts of all five circles to the area of the unshaded parts of all five circles is
OPTIONS:
0: $5: 4$
1: $2: 3$
2: $2: 5$
3: $1: 4$
4: $1: 3$

Answer with the correct option from 0 to 4. Only provide the numeric and nothing else 

Answer: 
assistant
1",1,1,4,"user
 QUESTION: In the diagram alongside, the five circles have the same radii and touch as shown. The square joins the centres of the four outer circles. <image1>
The ratio of the area of the shaded parts of all five circles to the area of the unshaded parts of all five circles is
OPTIONS:
0: $5: 4$
1: $2: 3$
2: $2: 5$
3: $1: 4$
4: $1: 3$

Answer with the correct option from 0 to 4. Only provide the numeric and nothing else 

Answer: 
assistant
2",2,1,4
493,1021,"user
 QUESTION: The diagram shows 3 semicircular arcs with the endpoints $A, B$ of one arc and the centres $E, F$ of the other two arcs at the vertices of a rectangle. What is the area of the shaded region when the radius of each semicircle is $2 \mathrm{~cm}$ ? <image1>
OPTIONS:
0: $2 \pi+2 \mathrm{~cm}^{2}$
1: $8 \mathrm{~cm}^{2}$
2: $2 \pi+1 \mathrm{~cm}^{2}$
3: $7 \mathrm{~cm}^{2}$
4: $2 \pi \mathrm{cm}^{2}$

Answer with the correct option from 0 to 4. Only provide the numeric and nothing else 

Answer: 
assistant
4",4,1,4,"user
 QUESTION: The diagram shows 3 semicircular arcs with the endpoints $A, B$ of one arc and the centres $E, F$ of the other two arcs at the vertices of a rectangle. What is the area of the shaded region when the radius of each semicircle is $2 \mathrm{~cm}$ ? <image1>
OPTIONS:
0: $2 \pi+2 \mathrm{~cm}^{2}$
1: $8 \mathrm{~cm}^{2}$
2: $2 \pi+1 \mathrm{~cm}^{2}$
3: $7 \mathrm{~cm}^{2}$
4: $2 \pi \mathrm{cm}^{2}$

Answer with the correct option from 0 to 4. Only provide the numeric and nothing else 

Answer: 
assistant
0",0,1,4
494,1023,"user
 QUESTION: The flag shown in the diagram consists of three stripes, each of equal height, which are divided into two, three and four equal parts, respectively. What fraction of the area of the flag is shaded? <image1>
OPTIONS:
0: $\frac{1}{2}$
1: $\frac{2}{3}$
2: $\frac{3}{5}$
3: $\frac{4}{7}$
4: $\frac{5}{9}$

Answer with the correct option from 0 to 4. Only provide the numeric and nothing else 

Answer: 
assistant
2",2,4,4,"user
 QUESTION: The flag shown in the diagram consists of three stripes, each of equal height, which are divided into two, three and four equal parts, respectively. What fraction of the area of the flag is shaded? <image1>
OPTIONS:
0: $\frac{1}{2}$
1: $\frac{2}{3}$
2: $\frac{3}{5}$
3: $\frac{4}{7}$
4: $\frac{5}{9}$

Answer with the correct option from 0 to 4. Only provide the numeric and nothing else 

Answer: 
assistant
4",4,4,4
495,1026,"user
 QUESTION: To complete the table, each cell must contain either 0 or 1 , and the total of each row and column must be 2 . What are the values of the entries $X$ and $Y$ ? <image1>
OPTIONS:
0: $X=0, Y=0$
1: $X=0, Y=1$
2: $X=1, Y=0$
3: $X=1, Y=1$
4: It is impossible to complete.

Answer with the correct option from 0 to 4. Only provide the numeric and nothing else 

Answer: 
assistant
2",2,0,5,"user
 QUESTION: To complete the table, each cell must contain either 0 or 1 , and the total of each row and column must be 2 . What are the values of the entries $X$ and $Y$ ? <image1>
OPTIONS:
0: $X=0, Y=0$
1: $X=0, Y=1$
2: $X=1, Y=0$
3: $X=1, Y=1$
4: It is impossible to complete.

Answer with the correct option from 0 to 4. Only provide the numeric and nothing else 

Answer: 
assistant
3",3,0,5
496,1031,"user
 QUESTION: Five boxes contain cards as shown. Simon removes cards so that each box contains exactly one card, and the five cards remaining in the boxes can be used to spell his name. Which card remains in box 2 ?
<image1>
OPTIONS:
0: S
1: I
2: M
3: O
4: N

Answer with the correct option from 0 to 4. Only provide the numeric and nothing else 

Answer: 
assistant
1",1,3,4,"user
 QUESTION: Five boxes contain cards as shown. Simon removes cards so that each box contains exactly one card, and the five cards remaining in the boxes can be used to spell his name. Which card remains in box 2 ?
<image1>
OPTIONS:
0: S
1: I
2: M
3: O
4: N

Answer with the correct option from 0 to 4. Only provide the numeric and nothing else 

Answer: 
assistant
2",2,3,4
497,1033,"user
 QUESTION: One face of a cardboard cube is cut along its diagonals, as shown.
Which of the following are not nets for this cube?
<image1>
<image2>
OPTIONS:
0: 1 and 3
1: 1 and 5
2: 2 and 4
3: 2 and 4
4: 3 and 5

Answer with the correct option from 0 to 4. Only provide the numeric and nothing else 

Answer: 
assistant
3",3,4,2,"user
 QUESTION: One face of a cardboard cube is cut along its diagonals, as shown.
Which of the following are not nets for this cube?
<image1>
<image2>
OPTIONS:
0: 1 and 3
1: 1 and 5
2: 2 and 4
3: 2 and 4
4: 3 and 5

Answer with the correct option from 0 to 4. Only provide the numeric and nothing else 

Answer: 
assistant
0",0,4,2
498,1035,"user
 QUESTION: On the number line below, each gap equals one unit. Six integers are marked as shown. At least two of the integers are divisible by 3 , and at least two of them are divisible by 5 . Which of the integers are divisible by 15 ?
<image1>
OPTIONS:
0: $F$ and $K$
1: $G$ and $J$
2: $H$ and $I$
3: all six numbers
4: only one of them

Answer with the correct option from 0 to 4. Only provide the numeric and nothing else 

Answer: 
assistant
0",0,0,3,"user
 QUESTION: On the number line below, each gap equals one unit. Six integers are marked as shown. At least two of the integers are divisible by 3 , and at least two of them are divisible by 5 . Which of the integers are divisible by 15 ?
<image1>
OPTIONS:
0: $F$ and $K$
1: $G$ and $J$
2: $H$ and $I$
3: all six numbers
4: only one of them

Answer with the correct option from 0 to 4. Only provide the numeric and nothing else 

Answer: 
assistant
2",2,0,3
499,1037,"user
 QUESTION: Three circles $C_{1}, C_{2}$ and $C_{3}$ of radii $1 \mathrm{~cm}, 2 \mathrm{~cm}$ and $3 \mathrm{~cm}$ respectively touch as shown. $C_{1}$ meets $C_{2}$ at $P$ and meets $C_{3}$ at $Q$. What is the length in centimetres of the longer arc of circle $C_{1}$ between $P$ and $Q$ ? <image1>
OPTIONS:
0: $\frac{5 \pi}{4}$
1: $\frac{5 \pi}{3}$
2: $\frac{\pi}{2}$
3: $\frac{2 \pi}{3}$
4: $\frac{3 \pi}{2}$

Answer with the correct option from 0 to 4. Only provide the numeric and nothing else 

Answer: 
assistant
1",1,4,4,"user
 QUESTION: Three circles $C_{1}, C_{2}$ and $C_{3}$ of radii $1 \mathrm{~cm}, 2 \mathrm{~cm}$ and $3 \mathrm{~cm}$ respectively touch as shown. $C_{1}$ meets $C_{2}$ at $P$ and meets $C_{3}$ at $Q$. What is the length in centimetres of the longer arc of circle $C_{1}$ between $P$ and $Q$ ? <image1>
OPTIONS:
0: $\frac{5 \pi}{4}$
1: $\frac{5 \pi}{3}$
2: $\frac{\pi}{2}$
3: $\frac{2 \pi}{3}$
4: $\frac{3 \pi}{2}$

Answer with the correct option from 0 to 4. Only provide the numeric and nothing else 

Answer: 
assistant
0",0,4,4
500,1041,"user
 QUESTION: The diagram shows two identical large circles and two identical smaller circles whose centres are at the corners of a square. The two large circles are touching, and they each touch the two smaller circles. The radius of the small circles is $1 \mathrm{~cm}$. What is the radius of a large circle in centimetres? <image1>
OPTIONS:
0: $1+\sqrt{2}$
1: $\sqrt{5}$
2: $\sqrt{2}$
3: $\frac{5}{2}$
4: $\frac{4}{5} \pi$

Answer with the correct option from 0 to 4. Only provide the numeric and nothing else 

Answer: 
assistant
0",0,0,4,"user
 QUESTION: The diagram shows two identical large circles and two identical smaller circles whose centres are at the corners of a square. The two large circles are touching, and they each touch the two smaller circles. The radius of the small circles is $1 \mathrm{~cm}$. What is the radius of a large circle in centimetres? <image1>
OPTIONS:
0: $1+\sqrt{2}$
1: $\sqrt{5}$
2: $\sqrt{2}$
3: $\frac{5}{2}$
4: $\frac{4}{5} \pi$

Answer with the correct option from 0 to 4. Only provide the numeric and nothing else 

Answer: 
assistant
1",1,0,4
501,1042,"user
 QUESTION: A rectangular strip of paper is folded in half three times, with each fold line parallel to the short edges. It is then unfolded so that the seven folds up or down can all be seen. Which of the following strips, viewed from a long edge, could not be made in this way? <image1>
OPTIONS:
0: A
1: B
2: C
3: D
4: E

Answer with the correct option from 0 to 4. Only provide the numeric and nothing else 

Answer: 
assistant
4",4,3,4,"user
 QUESTION: A rectangular strip of paper is folded in half three times, with each fold line parallel to the short edges. It is then unfolded so that the seven folds up or down can all be seen. Which of the following strips, viewed from a long edge, could not be made in this way? <image1>
OPTIONS:
0: A
1: B
2: C
3: D
4: E

Answer with the correct option from 0 to 4. Only provide the numeric and nothing else 

Answer: 
assistant
3",3,3,4
502,1043,"user
 QUESTION: Six points are marked on a sheet of squared paper as shown. Which of the following shapes cannot be made by connecting some of these points using straight lines? <image1>
OPTIONS:
0: parallelogram
1: trapezium
2: right-angled triangle
3: obtuse-angled triangle
4: all the shapes $\mathrm{A}-\mathrm{D}$ can be made

Answer with the correct option from 0 to 4. Only provide the numeric and nothing else 

Answer: 
assistant
4",4,4,3,"user
 QUESTION: Six points are marked on a sheet of squared paper as shown. Which of the following shapes cannot be made by connecting some of these points using straight lines? <image1>
OPTIONS:
0: parallelogram
1: trapezium
2: right-angled triangle
3: obtuse-angled triangle
4: all the shapes $\mathrm{A}-\mathrm{D}$ can be made

Answer with the correct option from 0 to 4. Only provide the numeric and nothing else 

Answer: 
assistant
0",0,4,3
503,1052,"user
 QUESTION: A cuboid is made of four pieces as shown. Each piece consists of four cubes and is a single colour. What is the shape of the white piece? <image1>
<image2>
OPTIONS:
0: A
1: B
2: C
3: D
4: E

Answer with the correct option from 0 to 4. Only provide the numeric and nothing else 

Answer: 
assistant
1",1,2,3,"user
 QUESTION: A cuboid is made of four pieces as shown. Each piece consists of four cubes and is a single colour. What is the shape of the white piece? <image1>
<image2>
OPTIONS:
0: A
1: B
2: C
3: D
4: E

Answer with the correct option from 0 to 4. Only provide the numeric and nothing else 

Answer: 
assistant
2",2,2,3
504,1053,"user
 QUESTION: Six identical circles fit together tightly in a rectangle of width $6 \mathrm{~cm}$ as shown. What is the height, in $\mathrm{cm}$, of the rectangle? <image1>
OPTIONS:
0: 5
1: $2 \sqrt{3}+2$
2: $3 \sqrt{2}$
3: $3 \sqrt{3}$
4: 6

Answer with the correct option from 0 to 4. Only provide the numeric and nothing else 

Answer: 
assistant
1",1,1,4,"user
 QUESTION: Six identical circles fit together tightly in a rectangle of width $6 \mathrm{~cm}$ as shown. What is the height, in $\mathrm{cm}$, of the rectangle? <image1>
OPTIONS:
0: 5
1: $2 \sqrt{3}+2$
2: $3 \sqrt{2}$
3: $3 \sqrt{3}$
4: 6

Answer with the correct option from 0 to 4. Only provide the numeric and nothing else 

Answer: 
assistant
3",3,1,4
505,1056,"user
 QUESTION: The trapezium shown in the diagram is rotated anti-clockwise by $90^{\circ}$ around the origin $O$, and then reflected in the $x$-axis. Which of the following shows the end result of these transformations? <image1>
<image2>
OPTIONS:
0: A
1: B
2: C
3: D
4: E

Answer with the correct option from 0 to 4. Only provide the numeric and nothing else 

Answer: 
assistant
3",3,0,5,"user
 QUESTION: The trapezium shown in the diagram is rotated anti-clockwise by $90^{\circ}$ around the origin $O$, and then reflected in the $x$-axis. Which of the following shows the end result of these transformations? <image1>
<image2>
OPTIONS:
0: A
1: B
2: C
3: D
4: E

Answer with the correct option from 0 to 4. Only provide the numeric and nothing else 

Answer: 
assistant
2",2,0,5
506,1058,"user
 QUESTION: The rectangle $A B C D$ lies below the $x$-axis, and to the left of the $y$-axis. The edges of the rectangle are parallel to the coordinate axes. For each point $A, B, C, D$, the $y$-coordinate is divided by the $x$-coordinate. Which of the points yields the smallest value from this calculation? <image1>
OPTIONS:
0: A
1: C
2: C
3: D
4: it depends on the size of the rectangle

Answer with the correct option from 0 to 4. Only provide the numeric and nothing else 

Answer: 
assistant
1",1,0,5,"user
 QUESTION: The rectangle $A B C D$ lies below the $x$-axis, and to the left of the $y$-axis. The edges of the rectangle are parallel to the coordinate axes. For each point $A, B, C, D$, the $y$-coordinate is divided by the $x$-coordinate. Which of the points yields the smallest value from this calculation? <image1>
OPTIONS:
0: A
1: C
2: C
3: D
4: it depends on the size of the rectangle

Answer with the correct option from 0 to 4. Only provide the numeric and nothing else 

Answer: 
assistant
3",3,0,5
507,1059,"user
 QUESTION: In quadrilateral $P Q R S, \angle P Q R=59^{\circ}, \angle R P Q=60^{\circ}$, $\angle P R S=61^{\circ}$ and $\angle R S P=60^{\circ}$, as shown. Which of the following line segments is the longest? <image1>
OPTIONS:
0: $P Q$
1: $P R$
2: $P S$
3: $Q R$
4: $R S$

Answer with the correct option from 0 to 4. Only provide the numeric and nothing else 

Answer: 
assistant
3",3,0,4,"user
 QUESTION: In quadrilateral $P Q R S, \angle P Q R=59^{\circ}, \angle R P Q=60^{\circ}$, $\angle P R S=61^{\circ}$ and $\angle R S P=60^{\circ}$, as shown. Which of the following line segments is the longest? <image1>
OPTIONS:
0: $P Q$
1: $P R$
2: $P S$
3: $Q R$
4: $R S$

Answer with the correct option from 0 to 4. Only provide the numeric and nothing else 

Answer: 
assistant
1",1,0,4
508,1060,"user
 QUESTION: If $r, s$, and $t$ denote the lengths of the 'lines' in the picture, then which of the following inequalities is correct? <image1>
OPTIONS:
0: $r<s<t$
1: $r<t<s$
2: $s<r<t$
3: $s<t<r$
4: $t<s<r$

Answer with the correct option from 0 to 4. Only provide the numeric and nothing else 

Answer: 
assistant
0",0,4,3,"user
 QUESTION: If $r, s$, and $t$ denote the lengths of the 'lines' in the picture, then which of the following inequalities is correct? <image1>
OPTIONS:
0: $r<s<t$
1: $r<t<s$
2: $s<r<t$
3: $s<t<r$
4: $t<s<r$

Answer with the correct option from 0 to 4. Only provide the numeric and nothing else 

Answer: 
assistant
3",3,4,3
509,1072,"user
 QUESTION: Which of the following diagrams shows the locus of the midpoint of the wheel when the wheel rolls along the zig-zag curve shown?
<image1>
OPTIONS:
0: A
1: B
2: C
3: D
4: E

Answer with the correct option from 0 to 4. Only provide the numeric and nothing else 

Answer: 
assistant
2",2,4,4,"user
 QUESTION: Which of the following diagrams shows the locus of the midpoint of the wheel when the wheel rolls along the zig-zag curve shown?
<image1>
OPTIONS:
0: A
1: B
2: C
3: D
4: E

Answer with the correct option from 0 to 4. Only provide the numeric and nothing else 

Answer: 
assistant
1",1,4,4
510,1073,"user
 QUESTION: A circle of radius 1 rolls along a straight line from the point $K$ to the point $L$, where $K L=11 \pi$. Which of the following pictures shows the correct appearance of the circle when it reaches $L$ ?
<image1>
<image2>
OPTIONS:
0: A
1: B
2: C
3: D
4: E

Answer with the correct option from 0 to 4. Only provide the numeric and nothing else 

Answer: 
assistant
2",2,3,4,"user
 QUESTION: A circle of radius 1 rolls along a straight line from the point $K$ to the point $L$, where $K L=11 \pi$. Which of the following pictures shows the correct appearance of the circle when it reaches $L$ ?
<image1>
<image2>
OPTIONS:
0: A
1: B
2: C
3: D
4: E

Answer with the correct option from 0 to 4. Only provide the numeric and nothing else 

Answer: 
assistant
0",0,3,4
511,1074,"user
 QUESTION: A belt drive system consists of the wheels $K, L$ and $M$, which rotate without any slippage. The wheel $L$ makes 4 full turns when $K$ makes 5 full turns; also $L$ makes 6 full turns when $M$ makes 7 full turns.
<image1>
The perimeter of wheel $M$ is $30 \mathrm{~cm}$. What is the perimeter of wheel $K$ ?
OPTIONS:
0: $27 \mathrm{~cm}$
1: $28 \mathrm{~cm}$
2: $29 \mathrm{~cm}$
3: $30 \mathrm{~cm}$
4: $31 \mathrm{~cm}$

Answer with the correct option from 0 to 4. Only provide the numeric and nothing else 

Answer: 
assistant
2",2,1,4,"user
 QUESTION: A belt drive system consists of the wheels $K, L$ and $M$, which rotate without any slippage. The wheel $L$ makes 4 full turns when $K$ makes 5 full turns; also $L$ makes 6 full turns when $M$ makes 7 full turns.
<image1>
The perimeter of wheel $M$ is $30 \mathrm{~cm}$. What is the perimeter of wheel $K$ ?
OPTIONS:
0: $27 \mathrm{~cm}$
1: $28 \mathrm{~cm}$
2: $29 \mathrm{~cm}$
3: $30 \mathrm{~cm}$
4: $31 \mathrm{~cm}$

Answer with the correct option from 0 to 4. Only provide the numeric and nothing else 

Answer: 
assistant
1",1,1,4
512,1078,"user
 QUESTION: The diagram shows three congruent regular hexagons. Some diagonals have been drawn, and some regions then shaded. The total shaded areas of the hexagons are $X, Y, Z$ as shown. Which of the following statements is true? <image1>
OPTIONS:
0: $X, Y$ and $Z$ are all the same
1: $\quad Y$ and $Z$ are equal, but $X$ is different
2: $X$ and $Z$ are equal, but $Y$ is different
3: $X$ and $Y$ are equal, but $Z$ is different
4: $X, Y, Z$ are all different

Answer with the correct option from 0 to 4. Only provide the numeric and nothing else 

Answer: 
assistant
2",2,0,4,"user
 QUESTION: The diagram shows three congruent regular hexagons. Some diagonals have been drawn, and some regions then shaded. The total shaded areas of the hexagons are $X, Y, Z$ as shown. Which of the following statements is true? <image1>
OPTIONS:
0: $X, Y$ and $Z$ are all the same
1: $\quad Y$ and $Z$ are equal, but $X$ is different
2: $X$ and $Z$ are equal, but $Y$ is different
3: $X$ and $Y$ are equal, but $Z$ is different
4: $X, Y, Z$ are all different

Answer with the correct option from 0 to 4. Only provide the numeric and nothing else 

Answer: 
assistant
0",0,0,4
513,1081,"user
 QUESTION: Inside each unit square a certain part has been shaded. In which square is the total shaded area the largest?
<image1>
OPTIONS:
0: A
1: B
2: C
3: D
4: E

Answer with the correct option from 0 to 4. Only provide the numeric and nothing else 

Answer: 
assistant
0",0,0,4,"user
 QUESTION: Inside each unit square a certain part has been shaded. In which square is the total shaded area the largest?
<image1>
OPTIONS:
0: A
1: B
2: C
3: D
4: E

Answer with the correct option from 0 to 4. Only provide the numeric and nothing else 

Answer: 
assistant
2",2,0,4
514,1082,"user
 QUESTION: On each of three pieces of paper a five-digit number is written as shown. Three of the digits are covered. The sum of the three numbers is 57263 . What are the covered digits? <image1>
OPTIONS:
0: 0,2 and 2
1: 1,2 and 9
2: 2, 4 and 9
3: 2,7 and 8
4: 5,7 and 8

Answer with the correct option from 0 to 4. Only provide the numeric and nothing else 

Answer: 
assistant
0",0,1,3,"user
 QUESTION: On each of three pieces of paper a five-digit number is written as shown. Three of the digits are covered. The sum of the three numbers is 57263 . What are the covered digits? <image1>
OPTIONS:
0: 0,2 and 2
1: 1,2 and 9
2: 2, 4 and 9
3: 2,7 and 8
4: 5,7 and 8

Answer with the correct option from 0 to 4. Only provide the numeric and nothing else 

Answer: 
assistant
2",2,1,3
515,1083,"user
 QUESTION: The flag of Kangaria is a rectangle with side-lengths in the ratio $3: 5$. The flag is divided into four rectangles of equal area as shown. What is the ratio of the length of the shorter sides of the white rectangle to the length of its longer sides? <image1>
OPTIONS:
0: $1: 3$
1: $1: 4$
2: $2: 7$
3: $3: 10$
4: $4: 15$

Answer with the correct option from 0 to 4. Only provide the numeric and nothing else 

Answer: 
assistant
3",3,4,4,"user
 QUESTION: The flag of Kangaria is a rectangle with side-lengths in the ratio $3: 5$. The flag is divided into four rectangles of equal area as shown. What is the ratio of the length of the shorter sides of the white rectangle to the length of its longer sides? <image1>
OPTIONS:
0: $1: 3$
1: $1: 4$
2: $2: 7$
3: $3: 10$
4: $4: 15$

Answer with the correct option from 0 to 4. Only provide the numeric and nothing else 

Answer: 
assistant
0",0,4,4
516,1087,"user
 QUESTION: A network consists of 16 vertices and 24 edges that connect them, as shown. An ant begins at the vertex labelled Start. Every minute, it walks from one vertex to a neighbouring vertex, crawling along a connecting edge. At which of the vertices labelled $P, Q, R, S, T$ can the ant be after 2019 minutes? <image1>
OPTIONS:
0: only $P, R$ or $S$,
1: not $Q$
2: only $Q$
3: only $T$
4: all of the vertices are possible

Answer with the correct option from 0 to 4. Only provide the numeric and nothing else 

Answer: 
assistant
1",1,2,3,"user
 QUESTION: A network consists of 16 vertices and 24 edges that connect them, as shown. An ant begins at the vertex labelled Start. Every minute, it walks from one vertex to a neighbouring vertex, crawling along a connecting edge. At which of the vertices labelled $P, Q, R, S, T$ can the ant be after 2019 minutes? <image1>
OPTIONS:
0: only $P, R$ or $S$,
1: not $Q$
2: only $Q$
3: only $T$
4: all of the vertices are possible

Answer with the correct option from 0 to 4. Only provide the numeric and nothing else 

Answer: 
assistant
0",0,2,3
517,1089,"user
 QUESTION: The shortest path from Atown to Cetown runs through Betown. Two of the signposts that can be seen on this path are shown, but one of them is broken and a number missing. What distance was written on the broken sign? <image1>
OPTIONS:
0: $2 \mathrm{~km}$
1: $3 \mathrm{~km}$
2: $4 \mathrm{~km}$
3: $5 \mathrm{~km}$
4: $6 \mathrm{~km}$

Answer with the correct option from 0 to 4. Only provide the numeric and nothing else 

Answer: 
assistant
2",2,0,4,"user
 QUESTION: The shortest path from Atown to Cetown runs through Betown. Two of the signposts that can be seen on this path are shown, but one of them is broken and a number missing. What distance was written on the broken sign? <image1>
OPTIONS:
0: $2 \mathrm{~km}$
1: $3 \mathrm{~km}$
2: $4 \mathrm{~km}$
3: $5 \mathrm{~km}$
4: $6 \mathrm{~km}$

Answer with the correct option from 0 to 4. Only provide the numeric and nothing else 

Answer: 
assistant
1",1,0,4
518,1090,"user
 QUESTION: Two squares of different sizes are drawn inside an equilateral triangle. One side of one of these squares lies on one of the sides of the triangle as shown. What is the size of the angle marked by the question mark? <image1>
OPTIONS:
0: $25^{\circ}$
1: $30^{\circ}$
2: $35^{\circ}$
3: $45^{\circ}$
4: $50^{\circ}$

Answer with the correct option from 0 to 4. Only provide the numeric and nothing else 

Answer: 
assistant
2",2,4,2,"user
 QUESTION: Two squares of different sizes are drawn inside an equilateral triangle. One side of one of these squares lies on one of the sides of the triangle as shown. What is the size of the angle marked by the question mark? <image1>
OPTIONS:
0: $25^{\circ}$
1: $30^{\circ}$
2: $35^{\circ}$
3: $45^{\circ}$
4: $50^{\circ}$

Answer with the correct option from 0 to 4. Only provide the numeric and nothing else 

Answer: 
assistant
1",1,4,2
519,1091,"user
 QUESTION: A vertical stained glass square window of area $81 \mathrm{~cm}^{2}$ is made out of six triangles of equal area (see figure). A fly is sitting on the exact spot where the six triangles meet. How far from the bottom of the window is the fly sitting? <image1>
OPTIONS:
0: $3 \mathrm{~cm}$
1: $5 \mathrm{~cm}$
2: $5.5 \mathrm{~cm}$
3: $6 \mathrm{~cm}$
4: $7.5 \mathrm{~cm}$

Answer with the correct option from 0 to 4. Only provide the numeric and nothing else 

Answer: 
assistant
3",3,3,4,"user
 QUESTION: A vertical stained glass square window of area $81 \mathrm{~cm}^{2}$ is made out of six triangles of equal area (see figure). A fly is sitting on the exact spot where the six triangles meet. How far from the bottom of the window is the fly sitting? <image1>
OPTIONS:
0: $3 \mathrm{~cm}$
1: $5 \mathrm{~cm}$
2: $5.5 \mathrm{~cm}$
3: $6 \mathrm{~cm}$
4: $7.5 \mathrm{~cm}$

Answer with the correct option from 0 to 4. Only provide the numeric and nothing else 

Answer: 
assistant
1",1,3,4
520,1097,"user
 QUESTION: A caterpillar crawled up a smooth slope from $A$ to $B$, and crept down the stairs from $B$ to $C$. What is the ratio of the distance the caterpillar travelled from $B$ to $C$ to the distance it travelled from $A$ to $B$ ? <image1>
OPTIONS:
0: $1: 1$
1: 2:1
2: 3:1
3: $\sqrt{2}: 1$
4: $\sqrt{3}: 1$

Answer with the correct option from 0 to 4. Only provide the numeric and nothing else 

Answer: 
assistant
4",4,4,4,"user
 QUESTION: A caterpillar crawled up a smooth slope from $A$ to $B$, and crept down the stairs from $B$ to $C$. What is the ratio of the distance the caterpillar travelled from $B$ to $C$ to the distance it travelled from $A$ to $B$ ? <image1>
OPTIONS:
0: $1: 1$
1: 2:1
2: 3:1
3: $\sqrt{2}: 1$
4: $\sqrt{3}: 1$

Answer with the correct option from 0 to 4. Only provide the numeric and nothing else 

Answer: 
assistant
3",3,4,4
521,1098,"user
 QUESTION: On Nadya's smartphone, the diagram shows how much time she spent last week on four of her apps. This week she halved the time spent on two of these apps, but spent the same amount of time as the previous week on the other two apps.
<image1>
Which of the following could be the diagram for this week?
<image2>
OPTIONS:
0: A
1: B
2: C
3: D
4: E

Answer with the correct option from 0 to 4. Only provide the numeric and nothing else 

Answer: 
assistant
2",2,4,1,"user
 QUESTION: On Nadya's smartphone, the diagram shows how much time she spent last week on four of her apps. This week she halved the time spent on two of these apps, but spent the same amount of time as the previous week on the other two apps.
<image1>
Which of the following could be the diagram for this week?
<image2>
OPTIONS:
0: A
1: B
2: C
3: D
4: E

Answer with the correct option from 0 to 4. Only provide the numeric and nothing else 

Answer: 
assistant
1",1,4,1
522,1101,"user
 QUESTION: The diagram shows a square $P Q R S$ of side-length $1 . W$ is the centre of the square and $U$ is the midpoint of $R S$. Line segments $T W, U W$ and $V W$ split the square into three regions of equal area. What is the length of $S V$ ? <image1>
OPTIONS:
0: $\frac{1}{2}$
1: $\frac{2}{3}$
2: $\frac{3}{4}$
3: $\frac{4}{5}$
4: $\frac{5}{6}$

Answer with the correct option from 0 to 4. Only provide the numeric and nothing else 

Answer: 
assistant
1",1,4,4,"user
 QUESTION: The diagram shows a square $P Q R S$ of side-length $1 . W$ is the centre of the square and $U$ is the midpoint of $R S$. Line segments $T W, U W$ and $V W$ split the square into three regions of equal area. What is the length of $S V$ ? <image1>
OPTIONS:
0: $\frac{1}{2}$
1: $\frac{2}{3}$
2: $\frac{3}{4}$
3: $\frac{4}{5}$
4: $\frac{5}{6}$

Answer with the correct option from 0 to 4. Only provide the numeric and nothing else 

Answer: 
assistant
4",4,4,4
523,1105,"user
 QUESTION: Mary had to run to catch the train, got off two stops later and then walked to school. Which of the following speed-time graphs would best represent her journey? <image1>
OPTIONS:
0: A
1: B
2: C
3: D
4: E

Answer with the correct option from 0 to 4. Only provide the numeric and nothing else 

Answer: 
assistant
4",4,4,5,"user
 QUESTION: Mary had to run to catch the train, got off two stops later and then walked to school. Which of the following speed-time graphs would best represent her journey? <image1>
OPTIONS:
0: A
1: B
2: C
3: D
4: E

Answer with the correct option from 0 to 4. Only provide the numeric and nothing else 

Answer: 
assistant
0",0,4,5
524,1111,"user
 QUESTION: Lancelot has drawn a closed path on a cuboid and unfolded it into a net. Which of the nets shown could not be the net of Lancelot's cuboid? <image1>
OPTIONS:
0: A
1: B
2: C
3: D
4: E

Answer with the correct option from 0 to 4. Only provide the numeric and nothing else 

Answer: 
assistant
2",2,2,2,"user
 QUESTION: Lancelot has drawn a closed path on a cuboid and unfolded it into a net. Which of the nets shown could not be the net of Lancelot's cuboid? <image1>
OPTIONS:
0: A
1: B
2: C
3: D
4: E

Answer with the correct option from 0 to 4. Only provide the numeric and nothing else 

Answer: 
assistant
1",1,2,2
525,1117,"user
 QUESTION: Consider the dark square in an array of unit squares, part of which is shown. The first ring of squares around this center square contains $ 8$ unit squares. The second ring contains $ 16$ unit squares.
<image1>
If we continue this process, the number of unit squares in the $ 100^\text{th}$ ring is
OPTIONS:
0: $396$
1: $404$
2: $800$
3: $10,\!000$
4: $10,\!404$

Answer with the correct option from 0 to 4. Only provide the numeric and nothing else 

Answer: 
assistant
1",1,2,3,"user
 QUESTION: Consider the dark square in an array of unit squares, part of which is shown. The first ring of squares around this center square contains $ 8$ unit squares. The second ring contains $ 16$ unit squares.
<image1>
If we continue this process, the number of unit squares in the $ 100^\text{th}$ ring is
OPTIONS:
0: $396$
1: $404$
2: $800$
3: $10,\!000$
4: $10,\!404$

Answer with the correct option from 0 to 4. Only provide the numeric and nothing else 

Answer: 
assistant
2",2,2,3
526,1118,"user
 QUESTION: Which of the cones listed below can be formed from a $ 252^\circ$ sector of a circle of radius $ 10$ by aligning the two straight sides?
<image1>
<image2>
OPTIONS:
0: A
1: B
2: C
3: D
4: E

Answer with the correct option from 0 to 4. Only provide the numeric and nothing else 

Answer: 
assistant
1",1,2,2,"user
 QUESTION: Which of the cones listed below can be formed from a $ 252^\circ$ sector of a circle of radius $ 10$ by aligning the two straight sides?
<image1>
<image2>
OPTIONS:
0: A
1: B
2: C
3: D
4: E

Answer with the correct option from 0 to 4. Only provide the numeric and nothing else 

Answer: 
assistant
2",2,2,2
527,1121,"user
 QUESTION: Betsy designed a flag using blue triangles, small white squares, and a red center square, as shown. Let $ B$ be the total area of the blue triangles, $ W$ the total area of the white squares, and $ R$ the area of the red square. Which of the following is correct?

<image1>
OPTIONS:
0: B = W
1: W = R
2: B = R
3: 3B = 2R
4: 2R = W

Answer with the correct option from 0 to 4. Only provide the numeric and nothing else 

Answer: 
assistant
0",0,0,4,"user
 QUESTION: Betsy designed a flag using blue triangles, small white squares, and a red center square, as shown. Let $ B$ be the total area of the blue triangles, $ W$ the total area of the white squares, and $ R$ the area of the red square. Which of the following is correct?

<image1>
OPTIONS:
0: B = W
1: W = R
2: B = R
3: 3B = 2R
4: 2R = W

Answer with the correct option from 0 to 4. Only provide the numeric and nothing else 

Answer: 
assistant
4",4,0,4
528,1122,"user
 QUESTION: Circles of radius $ 2$ and $ 3$ are externally tangent and are circumscribed by a third circle, as shown in the figure. Find the area of the shaded region.

<image1>
OPTIONS:
0: $3\pi$
1: $4\pi$
2: $6\pi$
3: $9\pi$
4: $12\pi$

Answer with the correct option from 0 to 4. Only provide the numeric and nothing else 

Answer: 
assistant
3",3,4,4,"user
 QUESTION: Circles of radius $ 2$ and $ 3$ are externally tangent and are circumscribed by a third circle, as shown in the figure. Find the area of the shaded region.

<image1>
OPTIONS:
0: $3\pi$
1: $4\pi$
2: $6\pi$
3: $9\pi$
4: $12\pi$

Answer with the correct option from 0 to 4. Only provide the numeric and nothing else 

Answer: 
assistant
2",2,4,4
529,1124,"user
 QUESTION: A large equilateral triangle is constructed by using toothpicks to create rows of small equilateral triangles. For example, in the figure we have $ 3$ rows of small congruent equilateral triangles, with $ 5$ small triangles in the base row. How many toothpicks would be needed to construct a large equilateral triangle if the base row of the triangle consists of $ 2003$ small equilateral triangles?
<image1>
OPTIONS:
0: $1,\!004,\!004$
1: $1,\!005,\!006$
2: $1,\!507,\!509$
3: $3,\!015,\!018$
4: $6,\!021,\!018$

Answer with the correct option from 0 to 4. Only provide the numeric and nothing else 

Answer: 
assistant
1",1,2,3,"user
 QUESTION: A large equilateral triangle is constructed by using toothpicks to create rows of small equilateral triangles. For example, in the figure we have $ 3$ rows of small congruent equilateral triangles, with $ 5$ small triangles in the base row. How many toothpicks would be needed to construct a large equilateral triangle if the base row of the triangle consists of $ 2003$ small equilateral triangles?
<image1>
OPTIONS:
0: $1,\!004,\!004$
1: $1,\!005,\!006$
2: $1,\!507,\!509$
3: $3,\!015,\!018$
4: $6,\!021,\!018$

Answer with the correct option from 0 to 4. Only provide the numeric and nothing else 

Answer: 
assistant
2",2,2,3
530,1127,"user
 QUESTION: In rectangle $ ABCD$, $ AB=5$ and $ BC=3$. Points $ F$ and $ G$ are on $ \overline{CD}$ so that $ DF=1$ and $ GC=2$. Lines $ AF$ and $ BG$ intersect at $ E$. Find the area of $ \triangle{AEB}$.
<image1>
OPTIONS:
0: $10$
1: $\frac{21}{2}$
2: $12$
3: $\frac{25}{2}$
4: $15$

Answer with the correct option from 0 to 4. Only provide the numeric and nothing else 

Answer: 
assistant
3",3,3,4,"user
 QUESTION: In rectangle $ ABCD$, $ AB=5$ and $ BC=3$. Points $ F$ and $ G$ are on $ \overline{CD}$ so that $ DF=1$ and $ GC=2$. Lines $ AF$ and $ BG$ intersect at $ E$. Find the area of $ \triangle{AEB}$.
<image1>
OPTIONS:
0: $10$
1: $\frac{21}{2}$
2: $12$
3: $\frac{25}{2}$
4: $15$

Answer with the correct option from 0 to 4. Only provide the numeric and nothing else 

Answer: 
assistant
2",2,3,4
531,1130,"user
 QUESTION: A white cylindrical silo has a diameter of 30 feet and a height of 80 feet. A red stripe with a horizontal width of 3 feet is painted on the silo, as shown, making two complete revolutions around it. What is the area of the stripe in square feet?

<image1>
OPTIONS:
0: $120$
1: $180$
2: $240$
3: $360$
4: $480$

Answer with the correct option from 0 to 4. Only provide the numeric and nothing else 

Answer: 
assistant
3",3,2,2,"user
 QUESTION: A white cylindrical silo has a diameter of 30 feet and a height of 80 feet. A red stripe with a horizontal width of 3 feet is painted on the silo, as shown, making two complete revolutions around it. What is the area of the stripe in square feet?

<image1>
OPTIONS:
0: $120$
1: $180$
2: $240$
3: $360$
4: $480$

Answer with the correct option from 0 to 4. Only provide the numeric and nothing else 

Answer: 
assistant
2",2,2,2
532,1133,"user
 QUESTION: Square $ABCD$ has side length 2. A semicircle with diameter $AB$ is constructed inside the square, and the tangent to the semicircle from $C$ intersects side $AD$ at $E$. What is the length of $CE$?

<image1>
OPTIONS:
0: $\frac{2+\sqrt{5}}2$
1: $\sqrt{5}$
2: $\sqrt{6}$
3: $\frac{5}{2}$
4: $5-\sqrt{5}$

Answer with the correct option from 0 to 4. Only provide the numeric and nothing else 

Answer: 
assistant
1",1,3,4,"user
 QUESTION: Square $ABCD$ has side length 2. A semicircle with diameter $AB$ is constructed inside the square, and the tangent to the semicircle from $C$ intersects side $AD$ at $E$. What is the length of $CE$?

<image1>
OPTIONS:
0: $\frac{2+\sqrt{5}}2$
1: $\sqrt{5}$
2: $\sqrt{6}$
3: $\frac{5}{2}$
4: $5-\sqrt{5}$

Answer with the correct option from 0 to 4. Only provide the numeric and nothing else 

Answer: 
assistant
4",4,3,4
533,1134,"user
 QUESTION: An annulus is the region between two concentric circles. The concentric circles in the figure have radii $ b$ and $ c$, with $ b > c$. Let $ \overline{OX}$ be a radius of the larger circle, let $ \overline{XZ}$ be tangent to the smaller circle at $ Z$, and let $ \overline{OY}$ be the radius of the larger circle that contains $ Z$. Let $ a = XZ$, $ d = YZ$, and $ e = XY$. What is the area of the annulus?
<image1>
OPTIONS:
0: $\pi a^2$
1: $\pi b^2$
2: $\pi c^2$
3: $\pi d^2$
4: $\pi e^2$

Answer with the correct option from 0 to 4. Only provide the numeric and nothing else 

Answer: 
assistant
1",1,0,4,"user
 QUESTION: An annulus is the region between two concentric circles. The concentric circles in the figure have radii $ b$ and $ c$, with $ b > c$. Let $ \overline{OX}$ be a radius of the larger circle, let $ \overline{XZ}$ be tangent to the smaller circle at $ Z$, and let $ \overline{OY}$ be the radius of the larger circle that contains $ Z$. Let $ a = XZ$, $ d = YZ$, and $ e = XY$. What is the area of the annulus?
<image1>
OPTIONS:
0: $\pi a^2$
1: $\pi b^2$
2: $\pi c^2$
3: $\pi d^2$
4: $\pi e^2$

Answer with the correct option from 0 to 4. Only provide the numeric and nothing else 

Answer: 
assistant
0",0,0,4
534,1136,"user
 QUESTION: In right triangle $ \triangle ACE$, we have $ AC = 12$, $ CE = 16$, and $ EA = 20$. Points $ B$, $ D$, and $ F$ are located on $ \overline{AC}$, $ \overline{CE}$, and $ \overline{EA}$, respectively, so that $ AB = 3$, $ CD = 4$, and $ EF = 5$. What is the ratio of the area of $ \triangle DBF$ to that of $ \triangle ACE$?
<image1>
OPTIONS:
0: $\frac{1}{4}$
1: $\frac{9}{25}$
2: $\frac{3}{8}$
3: $\frac{11}{25}$
4: $\frac{7}{16}$

Answer with the correct option from 0 to 4. Only provide the numeric and nothing else 

Answer: 
assistant
3",3,4,4,"user
 QUESTION: In right triangle $ \triangle ACE$, we have $ AC = 12$, $ CE = 16$, and $ EA = 20$. Points $ B$, $ D$, and $ F$ are located on $ \overline{AC}$, $ \overline{CE}$, and $ \overline{EA}$, respectively, so that $ AB = 3$, $ CD = 4$, and $ EF = 5$. What is the ratio of the area of $ \triangle DBF$ to that of $ \triangle ACE$?
<image1>
OPTIONS:
0: $\frac{1}{4}$
1: $\frac{9}{25}$
2: $\frac{3}{8}$
3: $\frac{11}{25}$
4: $\frac{7}{16}$

Answer with the correct option from 0 to 4. Only provide the numeric and nothing else 

Answer: 
assistant
1",1,4,4
535,1138,"user
 QUESTION: A circle of radius $ 1$ is internally tangent to two circles of radius $ 2$ at points $ A$ and $ B$, where $ AB$ is a diameter of the smaller circle. What is the area of the region, shaded in the gure, that is outside the smaller circle and inside each of the two larger circles?
<image1>
OPTIONS:
0: $\frac{5}{3}\pi - 3\sqrt{2}$
1: $\frac{5}{3}\pi - 2\sqrt{3}$
2: $\frac{8}{3}\pi - 3\sqrt{3}$
3: $\frac{8}{3}\pi - 3\sqrt{2}$
4: $\frac{8}{3}\pi - 2\sqrt{3}$

Answer with the correct option from 0 to 4. Only provide the numeric and nothing else 

Answer: 
assistant
4",4,1,4,"user
 QUESTION: A circle of radius $ 1$ is internally tangent to two circles of radius $ 2$ at points $ A$ and $ B$, where $ AB$ is a diameter of the smaller circle. What is the area of the region, shaded in the gure, that is outside the smaller circle and inside each of the two larger circles?
<image1>
OPTIONS:
0: $\frac{5}{3}\pi - 3\sqrt{2}$
1: $\frac{5}{3}\pi - 2\sqrt{3}$
2: $\frac{8}{3}\pi - 3\sqrt{3}$
3: $\frac{8}{3}\pi - 3\sqrt{2}$
4: $\frac{8}{3}\pi - 2\sqrt{3}$

Answer with the correct option from 0 to 4. Only provide the numeric and nothing else 

Answer: 
assistant
1",1,1,4
536,1144,"user
 QUESTION: Rolly wishes to secure his dog with an 8-foot rope to a square shed that is 16 feet on each side. His preliminary drawings are shown. Which of these arrangements gives the dog the greater area to roam, and by how many square feet?

<image1>
OPTIONS:
0: $\text{ I, by }8\pi$
1: $\text{ I, by }6\pi$
2: $\text{ II, by }4\pi$
3: $\text{II, by }8\pi$
4: $\text{ II, by }10\pi$

Answer with the correct option from 0 to 4. Only provide the numeric and nothing else 

Answer: 
assistant
2",2,2,4,"user
 QUESTION: Rolly wishes to secure his dog with an 8-foot rope to a square shed that is 16 feet on each side. His preliminary drawings are shown. Which of these arrangements gives the dog the greater area to roam, and by how many square feet?

<image1>
OPTIONS:
0: $\text{ I, by }8\pi$
1: $\text{ I, by }6\pi$
2: $\text{ II, by }4\pi$
3: $\text{II, by }8\pi$
4: $\text{ II, by }10\pi$

Answer with the correct option from 0 to 4. Only provide the numeric and nothing else 

Answer: 
assistant
3",3,2,4
537,1154,"user
 QUESTION: A cube with side length $ 1$ is sliced by a plane that passes through two diagonally opposite vertices $ A$ and $ C$ and the midpoints $ B$ and $ D$ of two opposite edges not containing $ A$ and $ C$, ac shown. What is the area of quadrilateral $ ABCD$?
<image1>
OPTIONS:
0: $\frac{\sqrt{6}}{2}$
1: $\frac{5}{4}$
2: $\sqrt{2}$
3: $\frac{3}{2}$
4: $\sqrt{3}$

Answer with the correct option from 0 to 4. Only provide the numeric and nothing else 

Answer: 
assistant
0",0,0,2,"user
 QUESTION: A cube with side length $ 1$ is sliced by a plane that passes through two diagonally opposite vertices $ A$ and $ C$ and the midpoints $ B$ and $ D$ of two opposite edges not containing $ A$ and $ C$, ac shown. What is the area of quadrilateral $ ABCD$?
<image1>
OPTIONS:
0: $\frac{\sqrt{6}}{2}$
1: $\frac{5}{4}$
2: $\sqrt{2}$
3: $\frac{3}{2}$
4: $\sqrt{3}$

Answer with the correct option from 0 to 4. Only provide the numeric and nothing else 

Answer: 
assistant
2",2,0,2
538,1161,"user
 QUESTION: As shown below, convex pentagon $ ABCDE$ has sides $ AB = 3$, $ BC = 4$, $ CD = 6$, $ DE = 3$, and $ EA = 7$. The pentagon is originally positioned in the plane with vertex $ A$ at the origin and vertex $ B$ on the positive $ x$-axis. The pentagon is then rolled clockwise to the right along the $ x$-axis. Which side will touch the point $ x = 2009$ on the $ x$-axis?
<image1>
OPTIONS:
0: $\overline{AB}$
1: $\overline{BC}$
2: $\overline{CD}$
3: $\overline{DE}$
4: $\overline{EA}$

Answer with the correct option from 0 to 4. Only provide the numeric and nothing else 

Answer: 
assistant
4",4,2,3,"user
 QUESTION: As shown below, convex pentagon $ ABCDE$ has sides $ AB = 3$, $ BC = 4$, $ CD = 6$, $ DE = 3$, and $ EA = 7$. The pentagon is originally positioned in the plane with vertex $ A$ at the origin and vertex $ B$ on the positive $ x$-axis. The pentagon is then rolled clockwise to the right along the $ x$-axis. Which side will touch the point $ x = 2009$ on the $ x$-axis?
<image1>
OPTIONS:
0: $\overline{AB}$
1: $\overline{BC}$
2: $\overline{CD}$
3: $\overline{DE}$
4: $\overline{EA}$

Answer with the correct option from 0 to 4. Only provide the numeric and nothing else 

Answer: 
assistant
2",2,2,3
539,1162,"user
 QUESTION: Five unit squares are arranged in the coordinate plane as shown, with the lower left corner at the origin. The slanted line, extending from $ (a,0)$ to $ (3,3)$, divides the entire region into two regions of equal area. What is $ a$?
<image1>
OPTIONS:
0: $\frac{1}{2}$
1: $\frac{3}{5}$
2: $\frac{2}{3}$
3: $\frac{3}{4}$
4: $\frac{4}{5}$

Answer with the correct option from 0 to 4. Only provide the numeric and nothing else 

Answer: 
assistant
4",4,2,5,"user
 QUESTION: Five unit squares are arranged in the coordinate plane as shown, with the lower left corner at the origin. The slanted line, extending from $ (a,0)$ to $ (3,3)$, divides the entire region into two regions of equal area. What is $ a$?
<image1>
OPTIONS:
0: $\frac{1}{2}$
1: $\frac{3}{5}$
2: $\frac{2}{3}$
3: $\frac{3}{4}$
4: $\frac{4}{5}$

Answer with the correct option from 0 to 4. Only provide the numeric and nothing else 

Answer: 
assistant
2",2,2,5
540,1164,"user
 QUESTION: A cubical cake with edge length $ 2$ inches is iced on the sides and the top. It is cut vertically into three pieces as shown in this top view, where $ M$ is the midpoint of a top edge. The piece whose top is triangle $ B$ contains $ c$ cubic inches of cake and $ s$ square inches of icing. What is $ c+s$?
<image1>
OPTIONS:
0: $\frac{24}{5}$
1: $\frac{32}{5}$
2: $8+\sqrt{5}$
3: $5+\frac{16\sqrt{5}}{5}$
4: $10+5\sqrt{5}$

Answer with the correct option from 0 to 4. Only provide the numeric and nothing else 

Answer: 
assistant
1",1,1,4,"user
 QUESTION: A cubical cake with edge length $ 2$ inches is iced on the sides and the top. It is cut vertically into three pieces as shown in this top view, where $ M$ is the midpoint of a top edge. The piece whose top is triangle $ B$ contains $ c$ cubic inches of cake and $ s$ square inches of icing. What is $ c+s$?
<image1>
OPTIONS:
0: $\frac{24}{5}$
1: $\frac{32}{5}$
2: $8+\sqrt{5}$
3: $5+\frac{16\sqrt{5}}{5}$
4: $10+5\sqrt{5}$

Answer with the correct option from 0 to 4. Only provide the numeric and nothing else 

Answer: 
assistant
4",4,1,4
541,1166,"user
 QUESTION: Circles $A, B,$ and $C$ each have radius 1. Circles $A$ and $B$ share one point of tangency. Circle $C$ has a point of tangency with the midpoint of $\overline{AB}$. What is the area inside Circle $C$ but outside circle $A$ and circle $B$ ?

<image1>
OPTIONS:
0: $3 - \frac{\pi}{2}$
1: $\frac{\pi}{2}$
2: $2$
3: $\frac{3\pi}{4}$
4: $1+\frac{\pi}{2}$

Answer with the correct option from 0 to 4. Only provide the numeric and nothing else 

Answer: 
assistant
1",1,2,4,"user
 QUESTION: Circles $A, B,$ and $C$ each have radius 1. Circles $A$ and $B$ share one point of tangency. Circle $C$ has a point of tangency with the midpoint of $\overline{AB}$. What is the area inside Circle $C$ but outside circle $A$ and circle $B$ ?

<image1>
OPTIONS:
0: $3 - \frac{\pi}{2}$
1: $\frac{\pi}{2}$
2: $2$
3: $\frac{3\pi}{4}$
4: $1+\frac{\pi}{2}$

Answer with the correct option from 0 to 4. Only provide the numeric and nothing else 

Answer: 
assistant
0",0,2,4
542,1167,"user
 QUESTION: The area of $\triangle EBD$ is one third of the area of $3-4-5$ $ \triangle ABC$. Segment $DE$ is perpendicular to segment $AB$. What is $BD$?

<image1>
OPTIONS:
0: $\frac{4}{3}$
1: $\sqrt{5}$
2: $\frac{9}{4}$
3: $\frac{4\sqrt{3}}{3}$
4: $\frac{5}{2}$

Answer with the correct option from 0 to 4. Only provide the numeric and nothing else 

Answer: 
assistant
4",4,3,4,"user
 QUESTION: The area of $\triangle EBD$ is one third of the area of $3-4-5$ $ \triangle ABC$. Segment $DE$ is perpendicular to segment $AB$. What is $BD$?

<image1>
OPTIONS:
0: $\frac{4}{3}$
1: $\sqrt{5}$
2: $\frac{9}{4}$
3: $\frac{4\sqrt{3}}{3}$
4: $\frac{5}{2}$

Answer with the correct option from 0 to 4. Only provide the numeric and nothing else 

Answer: 
assistant
1",1,3,4
543,1169,"user
 QUESTION: Three unit squares and two line segments connecting two pairs of vertices are shown. What is the area of $\triangle ABC$?

<image1>
OPTIONS:
0: $\frac{1}{6}$
1: $\frac{1}{5}$
2: $\frac{2}{9}$
3: $\frac{1}{3}$
4: $\frac{\sqrt{2}}{4}$

Answer with the correct option from 0 to 4. Only provide the numeric and nothing else 

Answer: 
assistant
3",3,1,4,"user
 QUESTION: Three unit squares and two line segments connecting two pairs of vertices are shown. What is the area of $\triangle ABC$?

<image1>
OPTIONS:
0: $\frac{1}{6}$
1: $\frac{1}{5}$
2: $\frac{2}{9}$
3: $\frac{1}{3}$
4: $\frac{\sqrt{2}}{4}$

Answer with the correct option from 0 to 4. Only provide the numeric and nothing else 

Answer: 
assistant
0",0,1,4
544,1170,"user
 QUESTION: The closed curve in the figure is made up of $9$ congruent circular arcs each of length $\frac{2\pi}{3}$, where each of the centers of the corresponding circles is among the vertices of a regular hexagon of side $2$. What is the area enclosed by the curve?

<image1>
OPTIONS:
0: $2\pi+6$
1: $2\pi+4\sqrt{3}$
2: $3\pi+4$
3: $2\pi+3\sqrt{3}+2$
4: $\pi+6\sqrt{3}$

Answer with the correct option from 0 to 4. Only provide the numeric and nothing else 

Answer: 
assistant
3",3,4,4,"user
 QUESTION: The closed curve in the figure is made up of $9$ congruent circular arcs each of length $\frac{2\pi}{3}$, where each of the centers of the corresponding circles is among the vertices of a regular hexagon of side $2$. What is the area enclosed by the curve?

<image1>
OPTIONS:
0: $2\pi+6$
1: $2\pi+4\sqrt{3}$
2: $3\pi+4$
3: $2\pi+3\sqrt{3}+2$
4: $\pi+6\sqrt{3}$

Answer with the correct option from 0 to 4. Only provide the numeric and nothing else 

Answer: 
assistant
1",1,4,4
545,1177,"user
 QUESTION: Six regular hexagons surround a regular hexagon of side length $1$ as shown. What is the area of $\triangle ABC$?

<image1>
OPTIONS:
0: $2\sqrt{3}$
1: $3\sqrt{3}$
2: $1+3\sqrt{2}$
3: $2+2\sqrt{3}$
4: $3+2\sqrt{3}$

Answer with the correct option from 0 to 4. Only provide the numeric and nothing else 

Answer: 
assistant
1",1,1,4,"user
 QUESTION: Six regular hexagons surround a regular hexagon of side length $1$ as shown. What is the area of $\triangle ABC$?

<image1>
OPTIONS:
0: $2\sqrt{3}$
1: $3\sqrt{3}$
2: $1+3\sqrt{2}$
3: $2+2\sqrt{3}$
4: $3+2\sqrt{3}$

Answer with the correct option from 0 to 4. Only provide the numeric and nothing else 

Answer: 
assistant
4",4,1,4
546,1182,"user
 QUESTION: The letter F shown below is rotated $90^\circ$ clockwise around the origin, then reflected in the $y$-axis, and then rotated a half turn around the origin. What is the final image?
<image1><image2>
OPTIONS:
0: A
1: B
2: C
3: D
4: E

Answer with the correct option from 0 to 4. Only provide the numeric and nothing else 

Answer: 
assistant
1",1,4,4,"user
 QUESTION: The letter F shown below is rotated $90^\circ$ clockwise around the origin, then reflected in the $y$-axis, and then rotated a half turn around the origin. What is the final image?
<image1><image2>
OPTIONS:
0: A
1: B
2: C
3: D
4: E

Answer with the correct option from 0 to 4. Only provide the numeric and nothing else 

Answer: 
assistant
2",2,4,4
547,1186,"user
 QUESTION: What is the area of the shaded region of the given $8 \times 5$ rectangle?

<image1>
OPTIONS:
0: $4\frac{3}{5}$
1: $5$
2: $5\frac{1}{4}$
3: $6\frac{1}{2}$
4: $8$

Answer with the correct option from 0 to 4. Only provide the numeric and nothing else 

Answer: 
assistant
0",0,3,4,"user
 QUESTION: What is the area of the shaded region of the given $8 \times 5$ rectangle?

<image1>
OPTIONS:
0: $4\frac{3}{5}$
1: $5$
2: $5\frac{1}{4}$
3: $6\frac{1}{2}$
4: $8$

Answer with the correct option from 0 to 4. Only provide the numeric and nothing else 

Answer: 
assistant
2",2,3,4
548,1190,"user
 QUESTION: Farmer Pythagoras has a field in the shape of a right triangle. The right triangle's legs have lengths 3 and 4 units. In the corner where those sides meet at a right angle, he leaves a small unplanted square $S$ so that from the air it looks like the right angle symbol. The rest of the field is planted. The shortest distance from $S$ to the hypotenuse is 2 units. What fraction of the field is planted?

<image1>
OPTIONS:
0: $\frac{25}{27}$
1: $\frac{26}{27}$
2: $\frac{73}{75}$
3: $\frac{145}{147}$
4: $\frac{74}{75}$

Answer with the correct option from 0 to 4. Only provide the numeric and nothing else 

Answer: 
assistant
1",1,3,4,"user
 QUESTION: Farmer Pythagoras has a field in the shape of a right triangle. The right triangle's legs have lengths 3 and 4 units. In the corner where those sides meet at a right angle, he leaves a small unplanted square $S$ so that from the air it looks like the right angle symbol. The rest of the field is planted. The shortest distance from $S$ to the hypotenuse is 2 units. What fraction of the field is planted?

<image1>
OPTIONS:
0: $\frac{25}{27}$
1: $\frac{26}{27}$
2: $\frac{73}{75}$
3: $\frac{145}{147}$
4: $\frac{74}{75}$

Answer with the correct option from 0 to 4. Only provide the numeric and nothing else 

Answer: 
assistant
3",3,3,4
549,1197,"user
 QUESTION: In square $ABCD$, points $E$ and $H$ lie on $\overline{AB}$ and $\overline{DA}$, respectively, so that $AE=AH$. Points $F$ and $G$ lie on $\overline{BC}$ and $\overline{CD}$, respectively, and points $I$ and $J$ lie on $\overline{EH}$ so that $\overline{FI} \perp \overline{EH}$ and $\overline{GJ} \perp \overline{EH}$. See the figure below. Triangle $AEH$, quadrilateral $BFIE$, quadrilateral $DHJG$, and pentagon $FCGJI$ each has area $1$. What is $FI^2$?
<image1>
OPTIONS:
0: $\frac{7}{3}$
1: $8-4\sqrt{2}$
2: $1+\sqrt{2}$
3: $\frac{7}{4}\sqrt{2}$
4: $2\sqrt{2}$

Answer with the correct option from 0 to 4. Only provide the numeric and nothing else 

Answer: 
assistant
1",1,1,4,"user
 QUESTION: In square $ABCD$, points $E$ and $H$ lie on $\overline{AB}$ and $\overline{DA}$, respectively, so that $AE=AH$. Points $F$ and $G$ lie on $\overline{BC}$ and $\overline{CD}$, respectively, and points $I$ and $J$ lie on $\overline{EH}$ so that $\overline{FI} \perp \overline{EH}$ and $\overline{GJ} \perp \overline{EH}$. See the figure below. Triangle $AEH$, quadrilateral $BFIE$, quadrilateral $DHJG$, and pentagon $FCGJI$ each has area $1$. What is $FI^2$?
<image1>
OPTIONS:
0: $\frac{7}{3}$
1: $8-4\sqrt{2}$
2: $1+\sqrt{2}$
3: $\frac{7}{4}\sqrt{2}$
4: $2\sqrt{2}$

Answer with the correct option from 0 to 4. Only provide the numeric and nothing else 

Answer: 
assistant
0",0,1,4
550,1199,"user
 QUESTION: Two right circular cones with vertices facing down as shown in the figure below contain the same amount of liquid. The radii of the tops of the liquid surfaces are $3 \text{ cm}$ and $6 \text{ cm}$. Into each cone is dropped a spherical marble of radius $1 \text{ cm}$, which sinks to the bottom and is completely submerged without spilling any liquid. What is the ratio of the rise of the liquid level in the narrow cone to the rise of the liquid level in the wide cone?
<image1>
OPTIONS:
0: 1:1
1: 47:43
2: 2:1
3: 40:13
4: 4:1

Answer with the correct option from 0 to 4. Only provide the numeric and nothing else 

Answer: 
assistant
3",3,4,2,"user
 QUESTION: Two right circular cones with vertices facing down as shown in the figure below contain the same amount of liquid. The radii of the tops of the liquid surfaces are $3 \text{ cm}$ and $6 \text{ cm}$. Into each cone is dropped a spherical marble of radius $1 \text{ cm}$, which sinks to the bottom and is completely submerged without spilling any liquid. What is the ratio of the rise of the liquid level in the narrow cone to the rise of the liquid level in the wide cone?
<image1>
OPTIONS:
0: 1:1
1: 47:43
2: 2:1
3: 40:13
4: 4:1

Answer with the correct option from 0 to 4. Only provide the numeric and nothing else 

Answer: 
assistant
4",4,4,2
551,1201,"user
 QUESTION: Arjun and Beth play a game in which they take turns removing one brick or two adjacent bricks from one ""wall"" among a set of several walls of bricks, with gaps possibly creating new walls. The walls are one brick tall. For example, a set of walls of sizes $4$ and $2$ can be changed into any of the following by one move: $(3,2),(2,1,2),(4),(4,1),(2,2),$ or $(1,1,2)$.
<image1>

Arjun plays first, and the player who removes the last brick wins. For which starting configuration is there a strategy that guarantees a win for Beth?
OPTIONS:
0: (6,1,1)
1: (6,2,1)
2: (6,2,2)
3: (6,3,1)
4: (6,3,2)

Answer with the correct option from 0 to 4. Only provide the numeric and nothing else 

Answer: 
assistant
2",2,1,4,"user
 QUESTION: Arjun and Beth play a game in which they take turns removing one brick or two adjacent bricks from one ""wall"" among a set of several walls of bricks, with gaps possibly creating new walls. The walls are one brick tall. For example, a set of walls of sizes $4$ and $2$ can be changed into any of the following by one move: $(3,2),(2,1,2),(4),(4,1),(2,2),$ or $(1,1,2)$.
<image1>

Arjun plays first, and the player who removes the last brick wins. For which starting configuration is there a strategy that guarantees a win for Beth?
OPTIONS:
0: (6,1,1)
1: (6,2,1)
2: (6,2,2)
3: (6,3,1)
4: (6,3,2)

Answer with the correct option from 0 to 4. Only provide the numeric and nothing else 

Answer: 
assistant
0",0,1,4
552,1209,"user
 QUESTION: Square $ABCD$ is rotated $20^\circ$ clockwise about its center to obtain square $EFGH$, as shown below.  What is the degree measure of $\angle EAB$?
<image1>
OPTIONS:
0: $20^\circ$
1: $30^\circ$
2: $32^\circ$
3: $35^\circ$
4: $45^\circ$

Answer with the correct option from 0 to 4. Only provide the numeric and nothing else 

Answer: 
assistant
0",0,1,4,"user
 QUESTION: Square $ABCD$ is rotated $20^\circ$ clockwise about its center to obtain square $EFGH$, as shown below.  What is the degree measure of $\angle EAB$?
<image1>
OPTIONS:
0: $20^\circ$
1: $30^\circ$
2: $32^\circ$
3: $35^\circ$
4: $45^\circ$

Answer with the correct option from 0 to 4. Only provide the numeric and nothing else 

Answer: 
assistant
2",2,1,4
553,1212,"user
 QUESTION: In the right triangle shown the sum of the distances $ BM$ and $ MA$ is equal to the sum of the distances $ BC$ and $ CA$.  If $ MB = x$, $ CB = h$, and $ CA = d$, then $ x$ equals:
<image1>
OPTIONS:
0: $\frac{hd}{2h + d}$
1: $d - h$
2: $\frac{1}{2}d$
3: $h + d - \sqrt{2d}$
4: $\sqrt{h^2 + d^2} - h$

Answer with the correct option from 0 to 4. Only provide the numeric and nothing else 

Answer: 
assistant
4",4,0,5,"user
 QUESTION: In the right triangle shown the sum of the distances $ BM$ and $ MA$ is equal to the sum of the distances $ BC$ and $ CA$.  If $ MB = x$, $ CB = h$, and $ CA = d$, then $ x$ equals:
<image1>
OPTIONS:
0: $\frac{hd}{2h + d}$
1: $d - h$
2: $\frac{1}{2}d$
3: $h + d - \sqrt{2d}$
4: $\sqrt{h^2 + d^2} - h$

Answer with the correct option from 0 to 4. Only provide the numeric and nothing else 

Answer: 
assistant
0",0,0,5
554,1222,"user
 QUESTION: Let $ ABC$ be an equilateral triangle inscribed in circle $ O$. $ M$ is a point on arc $ BC$. Lines $ \overline{AM}$, $ \overline{BM}$, and $ \overline{CM}$ are drawn. Then $ AM$ is:
<image1>
OPTIONS:
0: $\text{equal to }{BM + CM}$
1: $\text{less than }{BM + CM}$
2: $\text{greater than }{BM + CM}$
3: $\text{equal, less than, or greater than }{BM + CM}\text{, depending upon the position of }{ {M} }$
4: $\text{none of these}$

Answer with the correct option from 0 to 4. Only provide the numeric and nothing else 

Answer: 
assistant
2",2,0,5,"user
 QUESTION: Let $ ABC$ be an equilateral triangle inscribed in circle $ O$. $ M$ is a point on arc $ BC$. Lines $ \overline{AM}$, $ \overline{BM}$, and $ \overline{CM}$ are drawn. Then $ AM$ is:
<image1>
OPTIONS:
0: $\text{equal to }{BM + CM}$
1: $\text{less than }{BM + CM}$
2: $\text{greater than }{BM + CM}$
3: $\text{equal, less than, or greater than }{BM + CM}\text{, depending upon the position of }{ {M} }$
4: $\text{none of these}$

Answer with the correct option from 0 to 4. Only provide the numeric and nothing else 

Answer: 
assistant
0",0,0,5
555,1223,"user
 QUESTION: The parallel sides of a trapezoid are $ 3$ and $ 9$. The non-parallel sides are $ 4$ and $ 6$. A line parallel to the bases divides the trapezoid into two trapezoids of equal perimeters. The ratio in which each of the non-parallel sides is divided is:
<image1>
OPTIONS:
0: 4: 3
1: 3: 2
2: 4: 1
3: 3: 1
4: 6: 1

Answer with the correct option from 0 to 4. Only provide the numeric and nothing else 

Answer: 
assistant
2",2,2,5,"user
 QUESTION: The parallel sides of a trapezoid are $ 3$ and $ 9$. The non-parallel sides are $ 4$ and $ 6$. A line parallel to the bases divides the trapezoid into two trapezoids of equal perimeters. The ratio in which each of the non-parallel sides is divided is:
<image1>
OPTIONS:
0: 4: 3
1: 3: 2
2: 4: 1
3: 3: 1
4: 6: 1

Answer with the correct option from 0 to 4. Only provide the numeric and nothing else 

Answer: 
assistant
3",3,2,5
556,1224,"user
 QUESTION: In the accompanying figure $ \overline{CE}$ and $ \overline{DE}$ are equal chords of a circle with center $ O$. Arc $ AB$ is a quarter-circle. Then the ratio of the area of triangle $ CED$ to the area of triangle $ AOB$ is:
<image1>
OPTIONS:
0: $\sqrt{2} : 1$
1: $\sqrt{3} : 1$
2: $4 : 1$
3: $3 : 1$
4: $2 : 1$

Answer with the correct option from 0 to 4. Only provide the numeric and nothing else 

Answer: 
assistant
2",2,4,5,"user
 QUESTION: In the accompanying figure $ \overline{CE}$ and $ \overline{DE}$ are equal chords of a circle with center $ O$. Arc $ AB$ is a quarter-circle. Then the ratio of the area of triangle $ CED$ to the area of triangle $ AOB$ is:
<image1>
OPTIONS:
0: $\sqrt{2} : 1$
1: $\sqrt{3} : 1$
2: $4 : 1$
3: $3 : 1$
4: $2 : 1$

Answer with the correct option from 0 to 4. Only provide the numeric and nothing else 

Answer: 
assistant
4",4,4,5
557,1225,"user
 QUESTION: In a general triangle $ ADE$ (as shown) lines $ \overline{EB}$ and $ \overline{EC}$ are drawn. Which of the following angle relations is true?
<image1>
OPTIONS:
0: $x + z = a + b$
1: $y + z = a + b$
2: $m + x = w + n  \\$
3: $x + z + n = w + c + m$
4: $x + y + n = a + b + m$

Answer with the correct option from 0 to 4. Only provide the numeric and nothing else 

Answer: 
assistant
3",3,4,4,"user
 QUESTION: In a general triangle $ ADE$ (as shown) lines $ \overline{EB}$ and $ \overline{EC}$ are drawn. Which of the following angle relations is true?
<image1>
OPTIONS:
0: $x + z = a + b$
1: $y + z = a + b$
2: $m + x = w + n  \\$
3: $x + z + n = w + c + m$
4: $x + y + n = a + b + m$

Answer with the correct option from 0 to 4. Only provide the numeric and nothing else 

Answer: 
assistant
0",0,4,4
558,1240,"user
 QUESTION: In this diagram, not drawn to scale, figures $\text{I}$ and $\text{III}$ are equilateral triangular regions with respective areas of $32\sqrt{3}$ and $8\sqrt{3}$ square inches. Figure $\text{II}$ is a square region with area $32$ sq. in. Let the length of segment $AD$ be decreased by $12\frac{1}{2} \%$ of itself, while the lengths of $AB$ and $CD$ remain unchanged. The percent decrease in the area of the square is:
<image1>
OPTIONS:
0: $12\frac{1}{2}$
1: $25$
2: $50$
3: $75$
4: $87\frac{1}{2}$

Answer with the correct option from 0 to 4. Only provide the numeric and nothing else 

Answer: 
assistant
2",2,3,5,"user
 QUESTION: In this diagram, not drawn to scale, figures $\text{I}$ and $\text{III}$ are equilateral triangular regions with respective areas of $32\sqrt{3}$ and $8\sqrt{3}$ square inches. Figure $\text{II}$ is a square region with area $32$ sq. in. Let the length of segment $AD$ be decreased by $12\frac{1}{2} \%$ of itself, while the lengths of $AB$ and $CD$ remain unchanged. The percent decrease in the area of the square is:
<image1>
OPTIONS:
0: $12\frac{1}{2}$
1: $25$
2: $50$
3: $75$
4: $87\frac{1}{2}$

Answer with the correct option from 0 to 4. Only provide the numeric and nothing else 

Answer: 
assistant
0",0,3,5
559,1243,"user
 QUESTION: Let $OABC$ be a unit square in the $xy$-plane with $O(0,0),A(1,0),B(1,1)$ and $C(0,1)$.  Let $u=x^2-y^2$ and $v=2xy$ be a transformation of the $xy$-plane into the $uv$-plane.  The transform (or image) of the square is:
<image1>
<image2>
<image3>
<image4>
<image5>
OPTIONS:
0: A
1: B
2: C
3: D
4: E

Answer with the correct option from 0 to 4. Only provide the numeric and nothing else 

Answer: 
assistant
1",1,3,4,"user
 QUESTION: Let $OABC$ be a unit square in the $xy$-plane with $O(0,0),A(1,0),B(1,1)$ and $C(0,1)$.  Let $u=x^2-y^2$ and $v=2xy$ be a transformation of the $xy$-plane into the $uv$-plane.  The transform (or image) of the square is:
<image1>
<image2>
<image3>
<image4>
<image5>
OPTIONS:
0: A
1: B
2: C
3: D
4: E

Answer with the correct option from 0 to 4. Only provide the numeric and nothing else 

Answer: 
assistant
2",2,3,4
560,1245,"user
 QUESTION: Points $A,B,Q,D,$ and $C$ lie on the circle shown and the measures of arcs $\widehat{BQ}$ and $\widehat{QD}$ are $42^\circ$ and $38^\circ$ respectively.
<image1>
The sum of the measures of angles $P$ and $Q$ is
OPTIONS:
0: $80^\circ$
1: $62^\circ$
2: $40^\circ$
3: $46^\circ$
4: $\text{None of these}$

Answer with the correct option from 0 to 4. Only provide the numeric and nothing else 

Answer: 
assistant
0",0,2,4,"user
 QUESTION: Points $A,B,Q,D,$ and $C$ lie on the circle shown and the measures of arcs $\widehat{BQ}$ and $\widehat{QD}$ are $42^\circ$ and $38^\circ$ respectively.
<image1>
The sum of the measures of angles $P$ and $Q$ is
OPTIONS:
0: $80^\circ$
1: $62^\circ$
2: $40^\circ$
3: $46^\circ$
4: $\text{None of these}$

Answer with the correct option from 0 to 4. Only provide the numeric and nothing else 

Answer: 
assistant
4",4,2,4
561,1249,"user
 QUESTION: <image1>

Inside square $ABCD$ (See figure) with sides of length $12$ inches, segment $AE$ is drawn where $E$ is the point on $DC$ which is $5$ inches from $D$. The perpendicular bisector of $AE$ is drawn and intersects $AE$, $AD$, and $BC$ at points $M$, $P$, and $Q$ respectively. The ratio of segment $PM$ to $MQ$ is
OPTIONS:
0: 5:12
1: 5:13
2: 5:19
3: 1:4
4: 5:21

Answer with the correct option from 0 to 4. Only provide the numeric and nothing else 

Answer: 
assistant
2",2,2,5,"user
 QUESTION: <image1>

Inside square $ABCD$ (See figure) with sides of length $12$ inches, segment $AE$ is drawn where $E$ is the point on $DC$ which is $5$ inches from $D$. The perpendicular bisector of $AE$ is drawn and intersects $AE$, $AD$, and $BC$ at points $M$, $P$, and $Q$ respectively. The ratio of segment $PM$ to $MQ$ is
OPTIONS:
0: 5:12
1: 5:13
2: 5:19
3: 1:4
4: 5:21

Answer with the correct option from 0 to 4. Only provide the numeric and nothing else 

Answer: 
assistant
3",3,2,5
562,1253,"user
 QUESTION: <image1>

Chords $AB$ and $CD$ in the circle above intersect at $E$ and are perpendicular to each other. If segments $AE$, $EB$, and $ED$ have measures $2$, $3$, and $6$ respectively, then the length of the diameter of the circle is
OPTIONS:
0: $4\sqrt{5}$
1: $\sqrt{65}$
2: $2\sqrt{17}$
3: $3\sqrt{7}$
4: $6\sqrt{2}$

Answer with the correct option from 0 to 4. Only provide the numeric and nothing else 

Answer: 
assistant
0",0,1,5,"user
 QUESTION: <image1>

Chords $AB$ and $CD$ in the circle above intersect at $E$ and are perpendicular to each other. If segments $AE$, $EB$, and $ED$ have measures $2$, $3$, and $6$ respectively, then the length of the diameter of the circle is
OPTIONS:
0: $4\sqrt{5}$
1: $\sqrt{65}$
2: $2\sqrt{17}$
3: $3\sqrt{7}$
4: $6\sqrt{2}$

Answer with the correct option from 0 to 4. Only provide the numeric and nothing else 

Answer: 
assistant
1",1,1,5
563,1255,"user
 QUESTION: A circle with a circumscribed and an inscribed square centered at the origin $ O$ of a rectangular coordinate system with positive $ x$ and $ y$ axes $ OX$ and $ OY$ is shown in each figure $ I$ to $ IV$ below.
<image1>

The inequalities
\[ |x| + |y| \leq \sqrt{2(x^2 + y^2)} \leq 2\mbox{Max}(|x|, |y|)\]
are represented geometrically* by the figure numbered
OPTIONS:
0: $I$
1: $II$
2: $III$
3: $IV$
4: $\mbox{none of these}*An inequality of the form  f(x, y) \leq g(x, y), for all  x and  y is represented geometrically by a figure showing the containment \{\mbox{The set of points }(x, y)\mbox{ such that }g(x, y) \leq a\} \subset\ \{\mbox{The set of points }(x, y)\mbox{ such that }f(x, y) \leq a\}for a typical real number  a$.

Answer with the correct option from 0 to 4. Only provide the numeric and nothing else 

Answer: 
assistant
3",3,1,4,"user
 QUESTION: A circle with a circumscribed and an inscribed square centered at the origin $ O$ of a rectangular coordinate system with positive $ x$ and $ y$ axes $ OX$ and $ OY$ is shown in each figure $ I$ to $ IV$ below.
<image1>

The inequalities
\[ |x| + |y| \leq \sqrt{2(x^2 + y^2)} \leq 2\mbox{Max}(|x|, |y|)\]
are represented geometrically* by the figure numbered
OPTIONS:
0: $I$
1: $II$
2: $III$
3: $IV$
4: $\mbox{none of these}*An inequality of the form  f(x, y) \leq g(x, y), for all  x and  y is represented geometrically by a figure showing the containment \{\mbox{The set of points }(x, y)\mbox{ such that }g(x, y) \leq a\} \subset\ \{\mbox{The set of points }(x, y)\mbox{ such that }f(x, y) \leq a\}for a typical real number  a$.

Answer with the correct option from 0 to 4. Only provide the numeric and nothing else 

Answer: 
assistant
2",2,1,4
564,1257,"user
 QUESTION: In the adjoining figure $ABCD$ is a square and $CMN$ is an equilateral triangle. If the area of $ABCD$ is one square inch, then the area of $CMN$ in square inches is
<image1>
OPTIONS:
0: $2\sqrt{3}-3$
1: $1-\frac{\sqrt{3}}{3}$
2: $\frac{\sqrt{3}}{4}$
3: $\frac{\sqrt{2}}{3}$
4: $4-2\sqrt{3}$

Answer with the correct option from 0 to 4. Only provide the numeric and nothing else 

Answer: 
assistant
0",0,0,5,"user
 QUESTION: In the adjoining figure $ABCD$ is a square and $CMN$ is an equilateral triangle. If the area of $ABCD$ is one square inch, then the area of $CMN$ in square inches is
<image1>
OPTIONS:
0: $2\sqrt{3}-3$
1: $1-\frac{\sqrt{3}}{3}$
2: $\frac{\sqrt{3}}{4}$
3: $\frac{\sqrt{2}}{3}$
4: $4-2\sqrt{3}$

Answer with the correct option from 0 to 4. Only provide the numeric and nothing else 

Answer: 
assistant
4",4,0,5
565,1259,"user
 QUESTION: In parallelogram $ABCD$ of the accompanying diagram, line $DP$ is drawn bisecting $BC$ at $N$ and meeting $AB$ (extended) at $P$. From vertex $C$, line $CQ$ is drawn bisecting side $AD$ at $M$ and meeting $AB$ (extended) at $Q$. Lines $DP$ and $CQ$ meet at $O$. If the area of parallelogram $ABCD$ is $k$, then the area of the triangle $QPO$ is equal to
<image1>
OPTIONS:
0: $k$
1: $\frac{6k}{5}$
2: $\frac{9k}{8}$
3: $\frac{5k}{4}$
4: $2k$

Answer with the correct option from 0 to 4. Only provide the numeric and nothing else 

Answer: 
assistant
3",3,2,5,"user
 QUESTION: In parallelogram $ABCD$ of the accompanying diagram, line $DP$ is drawn bisecting $BC$ at $N$ and meeting $AB$ (extended) at $P$. From vertex $C$, line $CQ$ is drawn bisecting side $AD$ at $M$ and meeting $AB$ (extended) at $Q$. Lines $DP$ and $CQ$ meet at $O$. If the area of parallelogram $ABCD$ is $k$, then the area of the triangle $QPO$ is equal to
<image1>
OPTIONS:
0: $k$
1: $\frac{6k}{5}$
2: $\frac{9k}{8}$
3: $\frac{5k}{4}$
4: $2k$

Answer with the correct option from 0 to 4. Only provide the numeric and nothing else 

Answer: 
assistant
2",2,2,5
566,1260,"user
 QUESTION: In the adjoining figure triangle $ ABC$ is such that $ AB = 4$ and $ AC = 8$.  If $ M$ is the midpoint of $ BC$ and $ AM = 3$, what is the length of $ BC$?
<image1>
OPTIONS:
0: $2\sqrt{26}$
1: $2\sqrt{31}$
2: $9$
3: $4+2\sqrt{13}$
4: $\text{not enough information given to solve the problem}$

Answer with the correct option from 0 to 4. Only provide the numeric and nothing else 

Answer: 
assistant
0",0,1,5,"user
 QUESTION: In the adjoining figure triangle $ ABC$ is such that $ AB = 4$ and $ AC = 8$.  If $ M$ is the midpoint of $ BC$ and $ AM = 3$, what is the length of $ BC$?
<image1>
OPTIONS:
0: $2\sqrt{26}$
1: $2\sqrt{31}$
2: $9$
3: $4+2\sqrt{13}$
4: $\text{not enough information given to solve the problem}$

Answer with the correct option from 0 to 4. Only provide the numeric and nothing else 

Answer: 
assistant
1",1,1,5
567,1262,"user
 QUESTION: In triangle $ABC$ shown in the adjoining figure, $M$ is the midpoint of side $BC$, $AB=12$ and $AC=16$. Points $E$ and $F$ are taken on $AC$ and $AB$, respectively, and lines $EF$ and $AM$ intersect at $G$. If $AE=2AF$ then $\frac{EG}{GF}$ equals
<image1>
OPTIONS:
0: $\frac{3}{2}$
1: $\frac{4}{3}$
2: $\frac{5}{4}$
3: $\frac{6}{5} \$
4: $\text{not enough information to solve the problem}$

Answer with the correct option from 0 to 4. Only provide the numeric and nothing else 

Answer: 
assistant
1",1,0,5,"user
 QUESTION: In triangle $ABC$ shown in the adjoining figure, $M$ is the midpoint of side $BC$, $AB=12$ and $AC=16$. Points $E$ and $F$ are taken on $AC$ and $AB$, respectively, and lines $EF$ and $AM$ intersect at $G$. If $AE=2AF$ then $\frac{EG}{GF}$ equals
<image1>
OPTIONS:
0: $\frac{3}{2}$
1: $\frac{4}{3}$
2: $\frac{5}{4}$
3: $\frac{6}{5} \$
4: $\text{not enough information to solve the problem}$

Answer with the correct option from 0 to 4. Only provide the numeric and nothing else 

Answer: 
assistant
0",0,0,5
568,1263,"user
 QUESTION: <image1>

In the adjoining figure, $AB$ is tangent at $A$ to the circle with center $O$; point $D$ is interior to the circle; and $DB$ intersects the circle at $C$. If $BC=DC=3$, $OD=2$, and $AB=6$, then the radius of the circle is
OPTIONS:
0: $3+\sqrt{3}$
1: $15/\pi$
2: $9/2$
3: $2\sqrt{6}$
4: $\sqrt{22}$

Answer with the correct option from 0 to 4. Only provide the numeric and nothing else 

Answer: 
assistant
4",4,4,5,"user
 QUESTION: <image1>

In the adjoining figure, $AB$ is tangent at $A$ to the circle with center $O$; point $D$ is interior to the circle; and $DB$ intersects the circle at $C$. If $BC=DC=3$, $OD=2$, and $AB=6$, then the radius of the circle is
OPTIONS:
0: $3+\sqrt{3}$
1: $15/\pi$
2: $9/2$
3: $2\sqrt{6}$
4: $\sqrt{22}$

Answer with the correct option from 0 to 4. Only provide the numeric and nothing else 

Answer: 
assistant
3",3,4,5
569,1270,"user
 QUESTION: <image1>

Vertex $E$ of equilateral triangle $ABE$ is in the interior of square $ABCD$, and $F$ is the point of intersection of diagonal $BD$ and line segment $AE$. If length $AB$ is $\sqrt{1+\sqrt{3}}$ then the area of $\triangle ABF$ is
OPTIONS:
0: $1$
1: $\frac{\sqrt{2}}{2}$
2: $\frac{\sqrt{3}}{2}$
3: $4-2\sqrt{3}$
4: $\frac{1}{2}+\frac{\sqrt{3}}{4}$

Answer with the correct option from 0 to 4. Only provide the numeric and nothing else 

Answer: 
assistant
4",4,2,5,"user
 QUESTION: <image1>

Vertex $E$ of equilateral triangle $ABE$ is in the interior of square $ABCD$, and $F$ is the point of intersection of diagonal $BD$ and line segment $AE$. If length $AB$ is $\sqrt{1+\sqrt{3}}$ then the area of $\triangle ABF$ is
OPTIONS:
0: $1$
1: $\frac{\sqrt{2}}{2}$
2: $\frac{\sqrt{3}}{2}$
3: $4-2\sqrt{3}$
4: $\frac{1}{2}+\frac{\sqrt{3}}{4}$

Answer with the correct option from 0 to 4. Only provide the numeric and nothing else 

Answer: 
assistant
2",2,2,5
570,1271,"user
 QUESTION: <image1>
In $\triangle ABC$, $AB = 10~ AC = 8$ and $BC = 6$. Circle $P$ is the circle with smallest radius which passes through $C$ and is tangent to $AB$. Let $Q$ and $R$ be the points of intersection, distinct from $C$ , of circle $P$ with sides $AC$ and $BC$, respectively. The length of segment $QR$ is
OPTIONS:
0: $4.75$
1: $4.8$
2: $5$
3: $4\sqrt{2}$
4: $3\sqrt{3}$

Answer with the correct option from 0 to 4. Only provide the numeric and nothing else 

Answer: 
assistant
2",2,1,5,"user
 QUESTION: <image1>
In $\triangle ABC$, $AB = 10~ AC = 8$ and $BC = 6$. Circle $P$ is the circle with smallest radius which passes through $C$ and is tangent to $AB$. Let $Q$ and $R$ be the points of intersection, distinct from $C$ , of circle $P$ with sides $AC$ and $BC$, respectively. The length of segment $QR$ is
OPTIONS:
0: $4.75$
1: $4.8$
2: $5$
3: $4\sqrt{2}$
4: $3\sqrt{3}$

Answer with the correct option from 0 to 4. Only provide the numeric and nothing else 

Answer: 
assistant
3",3,1,5
571,1273,"user
 QUESTION: <image1>

In the adjoining figure, $CD$ is the diameter of a semi-circle with center $O$. Point $A$ lies on the extension of $DC$ past $C$; point $E$ lies on the semi-circle, and $B$ is the point of intersection (distinct from $E$ ) of line segment $AE$ with the semi-circle. If length $AB$ equals length $OD$, and the measure of $\measuredangle EOD$ is $45^\circ$, then the
measure of $\measuredangle BAO$ is
OPTIONS:
0: $10^\circ$
1: $15^\circ$
2: $20^\circ$
3: $25^\circ$
4: $30^\circ$

Answer with the correct option from 0 to 4. Only provide the numeric and nothing else 

Answer: 
assistant
1",1,1,4,"user
 QUESTION: <image1>

In the adjoining figure, $CD$ is the diameter of a semi-circle with center $O$. Point $A$ lies on the extension of $DC$ past $C$; point $E$ lies on the semi-circle, and $B$ is the point of intersection (distinct from $E$ ) of line segment $AE$ with the semi-circle. If length $AB$ equals length $OD$, and the measure of $\measuredangle EOD$ is $45^\circ$, then the
measure of $\measuredangle BAO$ is
OPTIONS:
0: $10^\circ$
1: $15^\circ$
2: $20^\circ$
3: $25^\circ$
4: $30^\circ$

Answer with the correct option from 0 to 4. Only provide the numeric and nothing else 

Answer: 
assistant
2",2,1,4
572,1277,"user
 QUESTION: <image1>

In $\triangle ABC$, $E$ is the midpoint of side $BC$ and $D$ is on side $AC$. If the length of $AC$ is $1$ and $\measuredangle BAC = 60^\circ$, $\measuredangle ABC = 100^\circ$, $\measuredangle ACB = 20^\circ$ and $\measuredangle DEC = 80^\circ$, then the area of $\triangle ABC$ plus twice the area of $\triangle CDE$ equals
OPTIONS:
0: $\frac{1}{4}\cos 10^\circ$
1: $\frac{\sqrt{3}}{8}$
2: $\frac{1}{4}\cos 40^\circ$
3: $\frac{1}{4}\cos 50^\circ$
4: $\frac{1}{8}$

Answer with the correct option from 0 to 4. Only provide the numeric and nothing else 

Answer: 
assistant
4",4,1,5,"user
 QUESTION: <image1>

In $\triangle ABC$, $E$ is the midpoint of side $BC$ and $D$ is on side $AC$. If the length of $AC$ is $1$ and $\measuredangle BAC = 60^\circ$, $\measuredangle ABC = 100^\circ$, $\measuredangle ACB = 20^\circ$ and $\measuredangle DEC = 80^\circ$, then the area of $\triangle ABC$ plus twice the area of $\triangle CDE$ equals
OPTIONS:
0: $\frac{1}{4}\cos 10^\circ$
1: $\frac{\sqrt{3}}{8}$
2: $\frac{1}{4}\cos 40^\circ$
3: $\frac{1}{4}\cos 50^\circ$
4: $\frac{1}{8}$

Answer with the correct option from 0 to 4. Only provide the numeric and nothing else 

Answer: 
assistant
0",0,1,5
573,1278,"user
 QUESTION: In the adjoining figure, CDE is an equilateral triangle and ABCD and DEFG are squares.
<image1>
The measure of $\angle GDA$ is
OPTIONS:
0: $90^\circ$
1: $105^\circ$
2: $120^\circ$
3: $135^\circ$
4: $150^\circ$

Answer with the correct option from 0 to 4. Only provide the numeric and nothing else 

Answer: 
assistant
4",4,2,4,"user
 QUESTION: In the adjoining figure, CDE is an equilateral triangle and ABCD and DEFG are squares.
<image1>
The measure of $\angle GDA$ is
OPTIONS:
0: $90^\circ$
1: $105^\circ$
2: $120^\circ$
3: $135^\circ$
4: $150^\circ$

Answer with the correct option from 0 to 4. Only provide the numeric and nothing else 

Answer: 
assistant
1",1,2,4
574,1281,"user
 QUESTION: In $\triangle ABC$, $M$ is the midpoint of side $BC$, $AN$ bisects $\angle BAC$, $BN\perp AN$ and $\theta$ is the measure of $\angle BAC$.  If sides $AB$ and $AC$ have lengths $14$ and $19$, respectively, then length $MN$ equals

<image1>
OPTIONS:
0: $2$
1: $\frac{5}{2}$
2: $\frac{5}{2} - \sin \theta$
3: $\frac{5}{2} - \frac{1}{2} \sin \theta$
4: $\frac{5}{2} - \frac{1}{2} \sin \left(\frac{1}{2} \theta\right)$

Answer with the correct option from 0 to 4. Only provide the numeric and nothing else 

Answer: 
assistant
1",1,1,5,"user
 QUESTION: In $\triangle ABC$, $M$ is the midpoint of side $BC$, $AN$ bisects $\angle BAC$, $BN\perp AN$ and $\theta$ is the measure of $\angle BAC$.  If sides $AB$ and $AC$ have lengths $14$ and $19$, respectively, then length $MN$ equals

<image1>
OPTIONS:
0: $2$
1: $\frac{5}{2}$
2: $\frac{5}{2} - \sin \theta$
3: $\frac{5}{2} - \frac{1}{2} \sin \theta$
4: $\frac{5}{2} - \frac{1}{2} \sin \left(\frac{1}{2} \theta\right)$

Answer with the correct option from 0 to 4. Only provide the numeric and nothing else 

Answer: 
assistant
3",3,1,5
575,1284,"user
 QUESTION: In the adjoining figure triangle $ ABC$ is inscribed in a circle. Point $ D$ lies on $ \stackrel{\frown}{AC}$ with $ \stackrel{\frown}{DC} = 30^\circ$, and point $ G$ lies on $ \stackrel{\frown}{BA}$ with $ \stackrel{\frown}{BG}\, > \, \stackrel{\frown}{GA}$. Side $ AB$ and side $ AC$ each have length equal to the length of chord $ DG$, and $ \angle CAB = 30^\circ$. Chord $ DG$ intersects sides $ AC$ and $ AB$ at $ E$ and $ F$, respectively. The ratio of the area of $ \triangle AFE$ to the area of $ \triangle ABC$ is
<image1>
OPTIONS:
0: $\frac{2 - \sqrt{3}}{3}$
1: $\frac{2\sqrt{3} - 3}{3}$
2: $7\sqrt{3} - 12$
3: $3\sqrt{3} - 5$
4: $\frac{9 - 5\sqrt{3}}{3}$

Answer with the correct option from 0 to 4. Only provide the numeric and nothing else 

Answer: 
assistant
4",4,2,5,"user
 QUESTION: In the adjoining figure triangle $ ABC$ is inscribed in a circle. Point $ D$ lies on $ \stackrel{\frown}{AC}$ with $ \stackrel{\frown}{DC} = 30^\circ$, and point $ G$ lies on $ \stackrel{\frown}{BA}$ with $ \stackrel{\frown}{BG}\, > \, \stackrel{\frown}{GA}$. Side $ AB$ and side $ AC$ each have length equal to the length of chord $ DG$, and $ \angle CAB = 30^\circ$. Chord $ DG$ intersects sides $ AC$ and $ AB$ at $ E$ and $ F$, respectively. The ratio of the area of $ \triangle AFE$ to the area of $ \triangle ABC$ is
<image1>
OPTIONS:
0: $\frac{2 - \sqrt{3}}{3}$
1: $\frac{2\sqrt{3} - 3}{3}$
2: $7\sqrt{3} - 12$
3: $3\sqrt{3} - 5$
4: $\frac{9 - 5\sqrt{3}}{3}$

Answer with the correct option from 0 to 4. Only provide the numeric and nothing else 

Answer: 
assistant
0",0,2,5
576,1288,"user
 QUESTION: In the adjoining figure, the circle meets the sides of an equilateral triangle at six points. If $AG=2$, $GF=13$, $FC=1$, and $HJ=7$, then $DE$ equals

<image1>
OPTIONS:
0: $2\sqrt{22}$
1: $7\sqrt{3}$
2: $9$
3: $10$
4: $13$

Answer with the correct option from 0 to 4. Only provide the numeric and nothing else 

Answer: 
assistant
2",2,0,5,"user
 QUESTION: In the adjoining figure, the circle meets the sides of an equilateral triangle at six points. If $AG=2$, $GF=13$, $FC=1$, and $HJ=7$, then $DE$ equals

<image1>
OPTIONS:
0: $2\sqrt{22}$
1: $7\sqrt{3}$
2: $9$
3: $10$
4: $13$

Answer with the correct option from 0 to 4. Only provide the numeric and nothing else 

Answer: 
assistant
3",3,0,5
577,1294,"user
 QUESTION: A right triangle $ABC$ with hypotenuse $AB$ has side $AC = 15$. Altitude $CH$ divides $AB$ into segments $AH$ And $HB$, with $HB = 16$. The area of $\triangle ABC$ is:
<image1>
OPTIONS:
0: $120$
1: $144$
2: $150$
3: $216$
4: $144\sqrt{5}$

Answer with the correct option from 0 to 4. Only provide the numeric and nothing else 

Answer: 
assistant
2",2,2,5,"user
 QUESTION: A right triangle $ABC$ with hypotenuse $AB$ has side $AC = 15$. Altitude $CH$ divides $AB$ into segments $AH$ And $HB$, with $HB = 16$. The area of $\triangle ABC$ is:
<image1>
OPTIONS:
0: $120$
1: $144$
2: $150$
3: $216$
4: $144\sqrt{5}$

Answer with the correct option from 0 to 4. Only provide the numeric and nothing else 

Answer: 
assistant
3",3,2,5
578,1295,"user
 QUESTION: In the obtuse triangle $ABC$, $AM = MB, MD \perp BC, EC \perp BC$. If the area of $\triangle ABC$ is 24, then the area of $\triangle BED$ is

<image1>
OPTIONS:
0: $9$
1: $12$
2: $15$
3: $18$
4: $\text{not uniquely determined}$

Answer with the correct option from 0 to 4. Only provide the numeric and nothing else 

Answer: 
assistant
0",0,1,5,"user
 QUESTION: In the obtuse triangle $ABC$, $AM = MB, MD \perp BC, EC \perp BC$. If the area of $\triangle ABC$ is 24, then the area of $\triangle BED$ is

<image1>
OPTIONS:
0: $9$
1: $12$
2: $15$
3: $18$
4: $\text{not uniquely determined}$

Answer with the correct option from 0 to 4. Only provide the numeric and nothing else 

Answer: 
assistant
1",1,1,5
579,1299,"user
 QUESTION: In a circle with center $ O$, $ AD$ is a diameter, $ ABC$ is a chord, $ BO = 5$, and $ \angle ABO = \stackrel{\frown}{CD} = 60^{\circ}$.  Then the length of $ BC$ is:

<image1>
OPTIONS:
0: $3$
1: $3 + \sqrt{3}$
2: $5 - \frac{\sqrt{3}}{2}$
3: $5$
4: $\text{none of the above}$

Answer with the correct option from 0 to 4. Only provide the numeric and nothing else 

Answer: 
assistant
1",1,3,5,"user
 QUESTION: In a circle with center $ O$, $ AD$ is a diameter, $ ABC$ is a chord, $ BO = 5$, and $ \angle ABO = \stackrel{\frown}{CD} = 60^{\circ}$.  Then the length of $ BC$ is:

<image1>
OPTIONS:
0: $3$
1: $3 + \sqrt{3}$
2: $5 - \frac{\sqrt{3}}{2}$
3: $5$
4: $\text{none of the above}$

Answer with the correct option from 0 to 4. Only provide the numeric and nothing else 

Answer: 
assistant
4",4,3,5
580,1301,"user
 QUESTION: $\triangle ABC$ is a right angle at $C$ and $\angle A = 20^\circ$. If $BD$ is the bisector of $\angle ABC$, then $\angle BDC =$
<image1>
OPTIONS:
0: $40^\circ$
1: $45^\circ$
2: $50^\circ$
3: $55^\circ$
4: $60^\circ$

Answer with the correct option from 0 to 4. Only provide the numeric and nothing else 

Answer: 
assistant
2",2,3,4,"user
 QUESTION: $\triangle ABC$ is a right angle at $C$ and $\angle A = 20^\circ$. If $BD$ is the bisector of $\angle ABC$, then $\angle BDC =$
<image1>
OPTIONS:
0: $40^\circ$
1: $45^\circ$
2: $50^\circ$
3: $55^\circ$
4: $60^\circ$

Answer with the correct option from 0 to 4. Only provide the numeric and nothing else 

Answer: 
assistant
3",3,3,4
581,1307,"user
 QUESTION: In the $\triangle ABC$ shown, $D$ is some interior point, and $x, y, z, w$ are the measures of angles in degrees. Solve for $x$ in terms of $y, z$ and $w$.
<image1>
OPTIONS:
0: $w-y-z$
1: $w-2y-2z$
2: $180-w-y-z \$
3: $2w-y-z$
4: $180-w+y+z$

Answer with the correct option from 0 to 4. Only provide the numeric and nothing else 

Answer: 
assistant
2",2,0,4,"user
 QUESTION: In the $\triangle ABC$ shown, $D$ is some interior point, and $x, y, z, w$ are the measures of angles in degrees. Solve for $x$ in terms of $y, z$ and $w$.
<image1>
OPTIONS:
0: $w-y-z$
1: $w-2y-2z$
2: $180-w-y-z \$
3: $2w-y-z$
4: $180-w+y+z$

Answer with the correct option from 0 to 4. Only provide the numeric and nothing else 

Answer: 
assistant
0",0,0,4
582,1311,"user
 QUESTION: On each horizontal line in the figure below, the five large dots indicate the populations of cities $A$, $B$, $C$, $D$ and $E$ in the year indicated.  Which city had the greatest percentage increase in population from 1970 to 1980?

<image1>
OPTIONS:
0: A
1: B
2: C
3: D
4: E

Answer with the correct option from 0 to 4. Only provide the numeric and nothing else 

Answer: 
assistant
4",4,2,3,"user
 QUESTION: On each horizontal line in the figure below, the five large dots indicate the populations of cities $A$, $B$, $C$, $D$ and $E$ in the year indicated.  Which city had the greatest percentage increase in population from 1970 to 1980?

<image1>
OPTIONS:
0: A
1: B
2: C
3: D
4: E

Answer with the correct option from 0 to 4. Only provide the numeric and nothing else 

Answer: 
assistant
2",2,2,3
583,1316,"user
 QUESTION: Two strips of width 1 overlap at an angle of $\alpha$ as shown. The area of the overlap (shown shaded) is

<image1>
OPTIONS:
0: $\sin \alpha$
1: $\frac{1}{\sin \alpha}$
2: $\frac{1}{1 - \cos \alpha}$
3: $\frac{1}{\sin^2 \alpha}$
4: $\frac{1}{(1 - \cos \alpha)^2}$

Answer with the correct option from 0 to 4. Only provide the numeric and nothing else 

Answer: 
assistant
1",1,1,5,"user
 QUESTION: Two strips of width 1 overlap at an angle of $\alpha$ as shown. The area of the overlap (shown shaded) is

<image1>
OPTIONS:
0: $\sin \alpha$
1: $\frac{1}{\sin \alpha}$
2: $\frac{1}{1 - \cos \alpha}$
3: $\frac{1}{\sin^2 \alpha}$
4: $\frac{1}{(1 - \cos \alpha)^2}$

Answer with the correct option from 0 to 4. Only provide the numeric and nothing else 

Answer: 
assistant
4",4,1,5
584,1318,"user
 QUESTION: A particle moves through the first quadrant as follows. During the first minute it moves from the origin to $(1,0)$. Thereafter, it continues to follow the directions indicated in the figure, going back and forth between the positive $x$ and $y$ axes, moving one unit of distance parallel to an axis in each minute. At which point will the particle be after exactly $1989$ minutes?
<image1>
OPTIONS:
0: (35,44)
1: (36,45)
2: (37,45)
3: (44,35)
4: (45,36)

Answer with the correct option from 0 to 4. Only provide the numeric and nothing else 

Answer: 
assistant
3",3,3,5,"user
 QUESTION: A particle moves through the first quadrant as follows. During the first minute it moves from the origin to $(1,0)$. Thereafter, it continues to follow the directions indicated in the figure, going back and forth between the positive $x$ and $y$ axes, moving one unit of distance parallel to an axis in each minute. At which point will the particle be after exactly $1989$ minutes?
<image1>
OPTIONS:
0: (35,44)
1: (36,45)
2: (37,45)
3: (44,35)
4: (45,36)

Answer with the correct option from 0 to 4. Only provide the numeric and nothing else 

Answer: 
assistant
2",2,3,5
585,1319,"user
 QUESTION: An acute isosceles triangle, $ABC$ is inscribed in a circle. Through $B$ and $C$, tangents to the circle are drawn, meeting at point $D$. If $\angle ABC=\angle ACB=2\angle D$ and $x$ is the radian measure of $\angle A$, then $x=$

<image1>
OPTIONS:
0: $\frac{3}{7}\pi$
1: $\frac{4}{9}\pi$
2: $\frac{5}{11}\pi$
3: $\frac{6}{13}\pi$
4: $\frac{7}{15}\pi$

Answer with the correct option from 0 to 4. Only provide the numeric and nothing else 

Answer: 
assistant
0",0,0,4,"user
 QUESTION: An acute isosceles triangle, $ABC$ is inscribed in a circle. Through $B$ and $C$, tangents to the circle are drawn, meeting at point $D$. If $\angle ABC=\angle ACB=2\angle D$ and $x$ is the radian measure of $\angle A$, then $x=$

<image1>
OPTIONS:
0: $\frac{3}{7}\pi$
1: $\frac{4}{9}\pi$
2: $\frac{5}{11}\pi$
3: $\frac{6}{13}\pi$
4: $\frac{7}{15}\pi$

Answer with the correct option from 0 to 4. Only provide the numeric and nothing else 

Answer: 
assistant
4",4,0,4
586,1321,"user
 QUESTION: In the arrow-shaped polygon [see figure], the angles at vertices $A$, $C$, $D$, $E$ and $F$ are right angles, $BC = FG = 5$, $CD = FE = 20$, $DE = 10$, and $AB = AG$.  The area of the polygon is closest to

<image1>
OPTIONS:
0: 288
1: 291
2: 294
3: 297
4: 300

Answer with the correct option from 0 to 4. Only provide the numeric and nothing else 

Answer: 
assistant
2",2,4,5,"user
 QUESTION: In the arrow-shaped polygon [see figure], the angles at vertices $A$, $C$, $D$, $E$ and $F$ are right angles, $BC = FG = 5$, $CD = FE = 20$, $DE = 10$, and $AB = AG$.  The area of the polygon is closest to

<image1>
OPTIONS:
0: 288
1: 291
2: 294
3: 297
4: 300

Answer with the correct option from 0 to 4. Only provide the numeric and nothing else 

Answer: 
assistant
3",3,4,5
587,1327,"user
 QUESTION: In $\triangle ABC$, $\angle A=55^{\circ}$, $\angle C=75^{\circ}$, $D$ is on side $\overline{AB}$ and $E$ is on side $\overline{BC}$. If $DB=BE$, then $\angle BED=$
<image1>
OPTIONS:
0: $50^{\circ}$
1: $55^{\circ}$
2: $60^{\circ}$
3: $65^{\circ}$
4: $70^{\circ}$

Answer with the correct option from 0 to 4. Only provide the numeric and nothing else 

Answer: 
assistant
0",0,3,4,"user
 QUESTION: In $\triangle ABC$, $\angle A=55^{\circ}$, $\angle C=75^{\circ}$, $D$ is on side $\overline{AB}$ and $E$ is on side $\overline{BC}$. If $DB=BE$, then $\angle BED=$
<image1>
OPTIONS:
0: $50^{\circ}$
1: $55^{\circ}$
2: $60^{\circ}$
3: $65^{\circ}$
4: $70^{\circ}$

Answer with the correct option from 0 to 4. Only provide the numeric and nothing else 

Answer: 
assistant
3",3,3,4
588,1329,"user
 QUESTION: Amy painted a dart board over a square clock face using the ""hour positions"" as boundaries. [See figure.] If $t$ is the area of one of the eight triangular regions such as that between $12$ o'clock and $1$ o'clock, and $q$ is the area of one of the four corner quadrilaterals such as that between $1$ o'clock and $2$ o'clock, then $\frac{q}{t}=$
<image1>
OPTIONS:
0: $2\sqrt{3}-2$
1: $\frac{3}{2}$
2: $\frac{\sqrt{5}+1}{2}$
3: $\sqrt{3}$
4: $2$

Answer with the correct option from 0 to 4. Only provide the numeric and nothing else 

Answer: 
assistant
4",4,0,5,"user
 QUESTION: Amy painted a dart board over a square clock face using the ""hour positions"" as boundaries. [See figure.] If $t$ is the area of one of the eight triangular regions such as that between $12$ o'clock and $1$ o'clock, and $q$ is the area of one of the four corner quadrilaterals such as that between $1$ o'clock and $2$ o'clock, then $\frac{q}{t}=$
<image1>
OPTIONS:
0: $2\sqrt{3}-2$
1: $\frac{3}{2}$
2: $\frac{\sqrt{5}+1}{2}$
3: $\sqrt{3}$
4: $2$

Answer with the correct option from 0 to 4. Only provide the numeric and nothing else 

Answer: 
assistant
2",2,0,5
589,1333,"user
 QUESTION: In the $xy$-plane, consider the L-shaped region bounded by horizontal and vertical segments with vertices at $(0,0), (0,3), (3,3), (3,1), (5,1)$ and $(5,0)$. The slope of the line through the origin that divides the area of this region exactly in half is
<image1>
OPTIONS:
0: $\frac{2}{7}$
1: $\frac{1}{3}$
2: $\frac{2}{3}$
3: $\frac{3}{4}$
4: $\frac{7}{9}$

Answer with the correct option from 0 to 4. Only provide the numeric and nothing else 

Answer: 
assistant
0",0,4,4,"user
 QUESTION: In the $xy$-plane, consider the L-shaped region bounded by horizontal and vertical segments with vertices at $(0,0), (0,3), (3,3), (3,1), (5,1)$ and $(5,0)$. The slope of the line through the origin that divides the area of this region exactly in half is
<image1>
OPTIONS:
0: $\frac{2}{7}$
1: $\frac{1}{3}$
2: $\frac{2}{3}$
3: $\frac{3}{4}$
4: $\frac{7}{9}$

Answer with the correct option from 0 to 4. Only provide the numeric and nothing else 

Answer: 
assistant
2",2,4,4
590,1334,"user
 QUESTION: Points $A, B$ and $C$ on a circle of radius $r$ are situated so that $AB=AC, AB>r$, and the length of minor arc $BC$ is $r$. If angles are measured in radians, then $AB/BC=$
<image1>
OPTIONS:
0: $\frac{1}{2}\csc{\frac{1}{4}}$
1: $2\cos{\frac{1}{2}}$
2: $4\sin{\frac{1}{2}}$
3: $\csc{\frac{1}{2}}$
4: $2\sec{\frac{1}{2}}$

Answer with the correct option from 0 to 4. Only provide the numeric and nothing else 

Answer: 
assistant
3",3,0,5,"user
 QUESTION: Points $A, B$ and $C$ on a circle of radius $r$ are situated so that $AB=AC, AB>r$, and the length of minor arc $BC$ is $r$. If angles are measured in radians, then $AB/BC=$
<image1>
OPTIONS:
0: $\frac{1}{2}\csc{\frac{1}{4}}$
1: $2\cos{\frac{1}{2}}$
2: $4\sin{\frac{1}{2}}$
3: $\csc{\frac{1}{2}}$
4: $2\sec{\frac{1}{2}}$

Answer with the correct option from 0 to 4. Only provide the numeric and nothing else 

Answer: 
assistant
1",1,0,5
591,1335,"user
 QUESTION: The figure shown can be folded into the shape of a cube. In the resulting cube, which of the lettered faces is opposite the face marked $x$?

<image1>
OPTIONS:
0: A
1: B
2: C
3: D
4: E

Answer with the correct option from 0 to 4. Only provide the numeric and nothing else 

Answer: 
assistant
2",2,2,3,"user
 QUESTION: The figure shown can be folded into the shape of a cube. In the resulting cube, which of the lettered faces is opposite the face marked $x$?

<image1>
OPTIONS:
0: A
1: B
2: C
3: D
4: E

Answer with the correct option from 0 to 4. Only provide the numeric and nothing else 

Answer: 
assistant
1",1,2,3
592,1340,"user
 QUESTION: Triangles $ABC$ and $ABD$ are isosceles with $AB =AC = BD$, and $BD$ intersects $AC$ at $E$. If $BD$ is perpendicular to $AC$, then $\angle C + \angle D$ is
<image1>
OPTIONS:
0: $115^\circ$
1: $120^\circ$
2: $130^\circ$
3: $135^\circ$
4: $\text{not uniquely determined}$

Answer with the correct option from 0 to 4. Only provide the numeric and nothing else 

Answer: 
assistant
2",2,3,4,"user
 QUESTION: Triangles $ABC$ and $ABD$ are isosceles with $AB =AC = BD$, and $BD$ intersects $AC$ at $E$. If $BD$ is perpendicular to $AC$, then $\angle C + \angle D$ is
<image1>
OPTIONS:
0: $115^\circ$
1: $120^\circ$
2: $130^\circ$
3: $135^\circ$
4: $\text{not uniquely determined}$

Answer with the correct option from 0 to 4. Only provide the numeric and nothing else 

Answer: 
assistant
3",3,3,4
593,1344,"user
 QUESTION: A square $ ABCD$ with sides of length 1 is divided into two congruent trapezoids and a pentagon, which have equal areas, by joining the center of the square with points $ E,F,G$ where $ E$ is the midpoint of $ BC$, $ F,G$ are on $ AB$ and $ CD$, respectively, and they're positioned that $ AF < FB, DG < GC$ and $ F$ is the directly opposite of $ G$. If $ FB = x$, the length of the longer parallel side of each trapezoid, find the value of $ x$.
<image1>
OPTIONS:
0: $\frac{3}{5}$
1: $\frac{2}{3}$
2: $\frac{3}{4}$
3: $\frac{5}{6}$
4: $\frac{7}{8}$

Answer with the correct option from 0 to 4. Only provide the numeric and nothing else 

Answer: 
assistant
1",1,3,5,"user
 QUESTION: A square $ ABCD$ with sides of length 1 is divided into two congruent trapezoids and a pentagon, which have equal areas, by joining the center of the square with points $ E,F,G$ where $ E$ is the midpoint of $ BC$, $ F,G$ are on $ AB$ and $ CD$, respectively, and they're positioned that $ AF < FB, DG < GC$ and $ F$ is the directly opposite of $ G$. If $ FB = x$, the length of the longer parallel side of each trapezoid, find the value of $ x$.
<image1>
OPTIONS:
0: $\frac{3}{5}$
1: $\frac{2}{3}$
2: $\frac{3}{4}$
3: $\frac{5}{6}$
4: $\frac{7}{8}$

Answer with the correct option from 0 to 4. Only provide the numeric and nothing else 

Answer: 
assistant
2",2,3,5
594,1350,"user
 QUESTION: In rectangle $ ABCD$, points $ F$ and $ G$ lie on $ \overline{AB}$ so that $ AF = FG = GB$ and $ E$ is the midpoint of $ \overline{DC}$. Also, $ \overline{AC}$ intersects $ \overline{EF}$ at $ H$ and $ \overline{EG}$ at $ J$. The area of the rectangle $ ABCD$ is $ 70$. Find the area of triangle $ EHJ$.
<image1>
OPTIONS:
0: $\frac{5}{2}$
1: $\frac{35}{12}$
2: $3$
3: $\frac{7}{2}$
4: $\frac{35}{8}$

Answer with the correct option from 0 to 4. Only provide the numeric and nothing else 

Answer: 
assistant
1",1,2,5,"user
 QUESTION: In rectangle $ ABCD$, points $ F$ and $ G$ lie on $ \overline{AB}$ so that $ AF = FG = GB$ and $ E$ is the midpoint of $ \overline{DC}$. Also, $ \overline{AC}$ intersects $ \overline{EF}$ at $ H$ and $ \overline{EG}$ at $ J$. The area of the rectangle $ ABCD$ is $ 70$. Find the area of triangle $ EHJ$.
<image1>
OPTIONS:
0: $\frac{5}{2}$
1: $\frac{35}{12}$
2: $3$
3: $\frac{7}{2}$
4: $\frac{35}{8}$

Answer with the correct option from 0 to 4. Only provide the numeric and nothing else 

Answer: 
assistant
4",4,2,5
595,1353,"user
 QUESTION: The nonzero coefficients of a polynomial $P$ with real coefficients are all replaced by their mean to form a polynomial $Q$. Which of the following could be a graph of $y = P(x)$ and $y = Q(x)$ over the interval $-4\leq x \leq 4$?
<image1>
<image2>
<image3>
<image4>
<image5>
OPTIONS:
0: A
1: B
2: C
3: D
4: E

Answer with the correct option from 0 to 4. Only provide the numeric and nothing else 

Answer: 
assistant
0",0,1,4,"user
 QUESTION: The nonzero coefficients of a polynomial $P$ with real coefficients are all replaced by their mean to form a polynomial $Q$. Which of the following could be a graph of $y = P(x)$ and $y = Q(x)$ over the interval $-4\leq x \leq 4$?
<image1>
<image2>
<image3>
<image4>
<image5>
OPTIONS:
0: A
1: B
2: C
3: D
4: E

Answer with the correct option from 0 to 4. Only provide the numeric and nothing else 

Answer: 
assistant
2",2,1,4
596,1357,"user
 QUESTION: The graph of the line $ y = mx + b$ is shown. Which of the following is true?
<image1>
OPTIONS:
0: mb < - 1
1: - 1 < mb < 0
2: mb = 0
3: 0 < mb < 1
4: mb > 1

Answer with the correct option from 0 to 4. Only provide the numeric and nothing else 

Answer: 
assistant
0",0,1,4,"user
 QUESTION: The graph of the line $ y = mx + b$ is shown. Which of the following is true?
<image1>
OPTIONS:
0: mb < - 1
1: - 1 < mb < 0
2: mb = 0
3: 0 < mb < 1
4: mb > 1

Answer with the correct option from 0 to 4. Only provide the numeric and nothing else 

Answer: 
assistant
1",1,1,4
597,1358,"user
 QUESTION: Square $ ABCD$ has side length $ 2$. A semicircle with diameter $ \overline{AB}$ is constructed inside the square, and the tangent to the semicricle from $ C$ intersects side $ \overline{AD}$ at $ E$. What is the length of $ \overline{CE}$?

<image1>
OPTIONS:
0: $\frac{2 + \sqrt{5}}{2}$
1: $\sqrt{5}$
2: $\sqrt{6}$
3: $\frac{5}{2}$
4: $5 - \sqrt{5}$

Answer with the correct option from 0 to 4. Only provide the numeric and nothing else 

Answer: 
assistant
1",1,3,5,"user
 QUESTION: Square $ ABCD$ has side length $ 2$. A semicircle with diameter $ \overline{AB}$ is constructed inside the square, and the tangent to the semicricle from $ C$ intersects side $ \overline{AD}$ at $ E$. What is the length of $ \overline{CE}$?

<image1>
OPTIONS:
0: $\frac{2 + \sqrt{5}}{2}$
1: $\sqrt{5}$
2: $\sqrt{6}$
3: $\frac{5}{2}$
4: $5 - \sqrt{5}$

Answer with the correct option from 0 to 4. Only provide the numeric and nothing else 

Answer: 
assistant
4",4,3,5
598,1360,"user
 QUESTION: In $ \triangle ABC$ , $ AB = 13$, $ AC = 5$, and $ BC = 12$. Points $ M$ and $ N$ lie on $ \overline{AC}$ and $ \overline{BC}$, respectively, with $ CM = CN = 4$. Points $ J$ and $ K$ are on $ \overline{AB}$ so that $ \overline{MJ}$ and $ \overline{NK}$ are perpendicular to $ \overline{AB}$. What is the area of pentagon $ CMJKN$?
<image1>
OPTIONS:
0: $15$
1: $\frac{81}{5}$
2: $\frac{205}{12}$
3: $\frac{240}{13}$
4: $20$

Answer with the correct option from 0 to 4. Only provide the numeric and nothing else 

Answer: 
assistant
1",1,3,5,"user
 QUESTION: In $ \triangle ABC$ , $ AB = 13$, $ AC = 5$, and $ BC = 12$. Points $ M$ and $ N$ lie on $ \overline{AC}$ and $ \overline{BC}$, respectively, with $ CM = CN = 4$. Points $ J$ and $ K$ are on $ \overline{AB}$ so that $ \overline{MJ}$ and $ \overline{NK}$ are perpendicular to $ \overline{AB}$. What is the area of pentagon $ CMJKN$?
<image1>
OPTIONS:
0: $15$
1: $\frac{81}{5}$
2: $\frac{205}{12}$
3: $\frac{240}{13}$
4: $20$

Answer with the correct option from 0 to 4. Only provide the numeric and nothing else 

Answer: 
assistant
2",2,3,5
599,1364,"user
 QUESTION: Square $ ABCD$ has side length $ s$, a circle centered at $ E$ has radius $ r$, and $ r$ and $ s$ are both rational. The circle passes through $ D$, and $ D$ lies on $ \overline{BE}$. Point $ F$ lies on the circle, on the same side of $ \overline{BE}$ as $ A$. Segment $ AF$ is tangent to the circle, and $ AF = \sqrt{9 + 5\sqrt{2}}$. What is $ r/s$?
<image1>
OPTIONS:
0: $\frac{1}{2}$
1: $\frac{5}{9}$
2: $\frac{3}{5}$
3: $\frac{5}{3}$
4: $\frac{9}{5}$

Answer with the correct option from 0 to 4. Only provide the numeric and nothing else 

Answer: 
assistant
3",3,1,5,"user
 QUESTION: Square $ ABCD$ has side length $ s$, a circle centered at $ E$ has radius $ r$, and $ r$ and $ s$ are both rational. The circle passes through $ D$, and $ D$ lies on $ \overline{BE}$. Point $ F$ lies on the circle, on the same side of $ \overline{BE}$ as $ A$. Segment $ AF$ is tangent to the circle, and $ AF = \sqrt{9 + 5\sqrt{2}}$. What is $ r/s$?
<image1>
OPTIONS:
0: $\frac{1}{2}$
1: $\frac{5}{9}$
2: $\frac{3}{5}$
3: $\frac{5}{3}$
4: $\frac{9}{5}$

Answer with the correct option from 0 to 4. Only provide the numeric and nothing else 

Answer: 
assistant
2",2,1,5
600,1366,"user
 QUESTION: A ship sails $ 10$ miles in a straight line from $ A$ to $ B$, turns through an angle between $ 45^{\circ}$ and $ 60^{\circ}$, and then sails another $ 20$ miles to $ C$. Let $ AC$ be measured in miles. Which of the following intervals contains $ AC^2$?
<image1>
OPTIONS:
0: [400,500]
1: [500,600]
2: [600,700]
3: [700,800]
4: [800,900]

Answer with the correct option from 0 to 4. Only provide the numeric and nothing else 

Answer: 
assistant
1",1,3,5,"user
 QUESTION: A ship sails $ 10$ miles in a straight line from $ A$ to $ B$, turns through an angle between $ 45^{\circ}$ and $ 60^{\circ}$, and then sails another $ 20$ miles to $ C$. Let $ AC$ be measured in miles. Which of the following intervals contains $ AC^2$?
<image1>
OPTIONS:
0: [400,500]
1: [500,600]
2: [600,700]
3: [700,800]
4: [800,900]

Answer with the correct option from 0 to 4. Only provide the numeric and nothing else 

Answer: 
assistant
2",2,3,5
601,1367,"user
 QUESTION: There are 5 coins placed flat on a table according to the figure. What is the order of the coins from top to bottom?

<image1>
OPTIONS:
0: $(C, A, E, D, B)$
1: $(C, A, D, E, B)$
2: $(C, D, E, A, B) \ [1ex]$
3: $(C, E, A, D, B)$
4: $(C, E, D, A, B)$

Answer with the correct option from 0 to 4. Only provide the numeric and nothing else 

Answer: 
assistant
0",0,4,1,"user
 QUESTION: There are 5 coins placed flat on a table according to the figure. What is the order of the coins from top to bottom?

<image1>
OPTIONS:
0: $(C, A, E, D, B)$
1: $(C, A, D, E, B)$
2: $(C, D, E, A, B) \ [1ex]$
3: $(C, E, A, D, B)$
4: $(C, E, D, A, B)$

Answer with the correct option from 0 to 4. Only provide the numeric and nothing else 

Answer: 
assistant
4",4,4,1
602,1368,"user
 QUESTION: A unit cube has vertices $P_1, P_2, P_3, P_4, P_1', P_2', P_3'$, and $P_4'$. Vertices $P_2, P_3$, and $P_4$ are adjacent to $P_1$, and for $1\leq i\leq 4$, vertices $P_i$ and $P_i'$ are opposite to each other. A regular octahedron has one vertex in each of the segments $P_1P_2, P_1P_3, P_1P_4, P_1'P_2', P_1'P_3'$, and $P_1'P_4'$. What is the octahedron's side length?
<image1>
OPTIONS:
0: $\frac{3\sqrt{2}}{4}$
1: $\frac{7\sqrt{6}}{16}$
2: $\frac{\sqrt{5}}{2}$
3: $\frac{2\sqrt{3}}{3}$
4: $\frac{\sqrt{6}}{2}$

Answer with the correct option from 0 to 4. Only provide the numeric and nothing else 

Answer: 
assistant
4",4,0,3,"user
 QUESTION: A unit cube has vertices $P_1, P_2, P_3, P_4, P_1', P_2', P_3'$, and $P_4'$. Vertices $P_2, P_3$, and $P_4$ are adjacent to $P_1$, and for $1\leq i\leq 4$, vertices $P_i$ and $P_i'$ are opposite to each other. A regular octahedron has one vertex in each of the segments $P_1P_2, P_1P_3, P_1P_4, P_1'P_2', P_1'P_3'$, and $P_1'P_4'$. What is the octahedron's side length?
<image1>
OPTIONS:
0: $\frac{3\sqrt{2}}{4}$
1: $\frac{7\sqrt{6}}{16}$
2: $\frac{\sqrt{5}}{2}$
3: $\frac{2\sqrt{3}}{3}$
4: $\frac{\sqrt{6}}{2}$

Answer with the correct option from 0 to 4. Only provide the numeric and nothing else 

Answer: 
assistant
1",1,0,3
603,1370,"user
 QUESTION: Let $S=\{(x,y) : x \in \{0,1,2,3,4\}, y \in \{0,1,2,3,4,5\}$, and $(x,y) \neq (0,0) \}$. Let $T$ be the set of all right triangles whose vertices are in $S$. For every right triangle $t=\triangle ABC$ with vertices $A$, $B$, and $C$ in counter-clockwise order and right angle at $A$, let $f(t)= \tan (\angle CBA)$. What is
\[ \prod_{t \in T} f(t) \] ?
<image1>
OPTIONS:
0: $1$
1: $\frac{625}{144}$
2: $\frac{125}{24}$
3: $6$
4: $\frac{625}{24}$

Answer with the correct option from 0 to 4. Only provide the numeric and nothing else 

Answer: 
assistant
4",4,1,5,"user
 QUESTION: Let $S=\{(x,y) : x \in \{0,1,2,3,4\}, y \in \{0,1,2,3,4,5\}$, and $(x,y) \neq (0,0) \}$. Let $T$ be the set of all right triangles whose vertices are in $S$. For every right triangle $t=\triangle ABC$ with vertices $A$, $B$, and $C$ in counter-clockwise order and right angle at $A$, let $f(t)= \tan (\angle CBA)$. What is
\[ \prod_{t \in T} f(t) \] ?
<image1>
OPTIONS:
0: $1$
1: $\frac{625}{144}$
2: $\frac{125}{24}$
3: $6$
4: $\frac{625}{24}$

Answer with the correct option from 0 to 4. Only provide the numeric and nothing else 

Answer: 
assistant
1",1,1,5
604,1380,"user
 QUESTION: The acronym AMC is shown in the rectangular grid below with grid lines spaced $1$ unit apart. In units, what is the sum of the lengths of the line segments that form the acronym AMC$?$

<image1>
OPTIONS:
0: $17$
1: $15 + 2\sqrt{2}$
2: $13 + 4\sqrt{2}$
3: $11 + 6\sqrt{2}$
4: $21$

Answer with the correct option from 0 to 4. Only provide the numeric and nothing else 

Answer: 
assistant
3",3,2,5,"user
 QUESTION: The acronym AMC is shown in the rectangular grid below with grid lines spaced $1$ unit apart. In units, what is the sum of the lengths of the line segments that form the acronym AMC$?$

<image1>
OPTIONS:
0: $17$
1: $15 + 2\sqrt{2}$
2: $13 + 4\sqrt{2}$
3: $11 + 6\sqrt{2}$
4: $21$

Answer with the correct option from 0 to 4. Only provide the numeric and nothing else 

Answer: 
assistant
2",2,2,5
605,1383,"user
 QUESTION: Let $ABCD$ be an isoceles trapezoid having parallel bases $\overline{AB}$ and $\overline{CD}$ with $AB>CD$. Line segments from a point inside $ABCD$ to the vertices divide the trapezoid into four triangles whose areas are $2, 3, 4,$ and $5$ starting with the triangle with base $\overline{CD}$ and moving clockwise as shown in the diagram below. What is the ratio $\frac{AB}{CD}?$

<image1>
OPTIONS:
0: $3$
1: $2+\sqrt{2}$
2: $1+\sqrt{6}$
3: $2\sqrt{3}$
4: $3\sqrt{2}$

Answer with the correct option from 0 to 4. Only provide the numeric and nothing else 

Answer: 
assistant
0",0,1,5,"user
 QUESTION: Let $ABCD$ be an isoceles trapezoid having parallel bases $\overline{AB}$ and $\overline{CD}$ with $AB>CD$. Line segments from a point inside $ABCD$ to the vertices divide the trapezoid into four triangles whose areas are $2, 3, 4,$ and $5$ starting with the triangle with base $\overline{CD}$ and moving clockwise as shown in the diagram below. What is the ratio $\frac{AB}{CD}?$

<image1>
OPTIONS:
0: $3$
1: $2+\sqrt{2}$
2: $1+\sqrt{6}$
3: $2\sqrt{3}$
4: $3\sqrt{2}$

Answer with the correct option from 0 to 4. Only provide the numeric and nothing else 

Answer: 
assistant
2",2,1,5
606,1388,"user
 QUESTION: <image1>

A piece of paper containing six joined squares labeled as shown in the diagram is folded along the edges of the squares to form a cube.  The label of the face opposite the face labeled $ \text{X}$ is:
OPTIONS:
0: $\text{Z}$
1: $\text{U}$
2: $\text{V}$
3: $\text{W}$
4: $\text{Y}$

Answer with the correct option from 0 to 4. Only provide the numeric and nothing else 

Answer: 
assistant
4",4,4,4,"user
 QUESTION: <image1>

A piece of paper containing six joined squares labeled as shown in the diagram is folded along the edges of the squares to form a cube.  The label of the face opposite the face labeled $ \text{X}$ is:
OPTIONS:
0: $\text{Z}$
1: $\text{U}$
2: $\text{V}$
3: $\text{W}$
4: $\text{Y}$

Answer with the correct option from 0 to 4. Only provide the numeric and nothing else 

Answer: 
assistant
2",2,4,4
607,1389,"user
 QUESTION: <image1>

Five cards are lying on a table as shown.  Each card has a letter on one side and a whole number on the other side.  Jane said, ""If a vowel is on one side of any card, then an even number is on the other side.""  Mary showed Jane was wrong by turning over one card.  Which card did Mary turn over?
OPTIONS:
0: $3$
1: $4$
2: $6$
3: $\text{P}$
4: $\text{Q}$

Answer with the correct option from 0 to 4. Only provide the numeric and nothing else 

Answer: 
assistant
4",4,0,4,"user
 QUESTION: <image1>

Five cards are lying on a table as shown.  Each card has a letter on one side and a whole number on the other side.  Jane said, ""If a vowel is on one side of any card, then an even number is on the other side.""  Mary showed Jane was wrong by turning over one card.  Which card did Mary turn over?
OPTIONS:
0: $3$
1: $4$
2: $6$
3: $\text{P}$
4: $\text{Q}$

Answer with the correct option from 0 to 4. Only provide the numeric and nothing else 

Answer: 
assistant
3",3,0,4
608,1390,"user
 QUESTION: <image1>

The table displays the grade distribution of the $ 30$ students in a mathematics class on the last two tests.  For example, exactly one student received a ""D"" on Test 1 and a ""C"" on Test 2.  What percent of the students received the same grade on both tests?
OPTIONS:
0: $12 \%$
1: $25 \%$
2: $33 \frac{1}{3} \%$
3: $40 \%$
4: $50 \%$

Answer with the correct option from 0 to 4. Only provide the numeric and nothing else 

Answer: 
assistant
3",3,3,2,"user
 QUESTION: <image1>

The table displays the grade distribution of the $ 30$ students in a mathematics class on the last two tests.  For example, exactly one student received a ""D"" on Test 1 and a ""C"" on Test 2.  What percent of the students received the same grade on both tests?
OPTIONS:
0: $12 \%$
1: $25 \%$
2: $33 \frac{1}{3} \%$
3: $40 \%$
4: $50 \%$

Answer with the correct option from 0 to 4. Only provide the numeric and nothing else 

Answer: 
assistant
2",2,3,2
609,1391,"user
 QUESTION: <image1>

Given that all angles shown are marked, the perimeter of the polygon shown is
OPTIONS:
0: $14$
1: $20$
2: $28$
3: $48$
4: $\text{cannot be determined from the information given}$

Answer with the correct option from 0 to 4. Only provide the numeric and nothing else 

Answer: 
assistant
2",2,2,2,"user
 QUESTION: <image1>

Given that all angles shown are marked, the perimeter of the polygon shown is
OPTIONS:
0: $14$
1: $20$
2: $28$
3: $48$
4: $\text{cannot be determined from the information given}$

Answer with the correct option from 0 to 4. Only provide the numeric and nothing else 

Answer: 
assistant
4",4,2,2
610,1392,"user
 QUESTION: <image1>

The large circle has diameter $ \overline{AC}$.  The two small circles have their centers on $ \overline{AC}$ and just touch at $ O$, the center of the large circle.  If each small circle has radius $ 1$, what is the value of the ratio of the area of the shaded region to the area of one of the small circles?
OPTIONS:
0: $\text{between }\frac{1}{2} \text{ and }1$
1: $1$
2: $\text{between 1 and }\frac{3}{2}$
3: $\text{between }\frac{3}{2} \text{ and }2 \\$
4: $\text{cannot be determined from the information given}$

Answer with the correct option from 0 to 4. Only provide the numeric and nothing else 

Answer: 
assistant
3",3,1,3,"user
 QUESTION: <image1>

The large circle has diameter $ \overline{AC}$.  The two small circles have their centers on $ \overline{AC}$ and just touch at $ O$, the center of the large circle.  If each small circle has radius $ 1$, what is the value of the ratio of the area of the shaded region to the area of one of the small circles?
OPTIONS:
0: $\text{between }\frac{1}{2} \text{ and }1$
1: $1$
2: $\text{between 1 and }\frac{3}{2}$
3: $\text{between }\frac{3}{2} \text{ and }2 \\$
4: $\text{cannot be determined from the information given}$

Answer with the correct option from 0 to 4. Only provide the numeric and nothing else 

Answer: 
assistant
2",2,1,3
611,1394,"user
 QUESTION: What fraction of the large $12$ by $18$ rectangular region is shaded?

<image1>
OPTIONS:
0: $\frac{1}{108}$
1: $\frac{1}{18}$
2: $\frac{1}{12}$
3: $\frac{2}{9}$
4: $\frac{1}{3}$

Answer with the correct option from 0 to 4. Only provide the numeric and nothing else 

Answer: 
assistant
4",4,2,3,"user
 QUESTION: What fraction of the large $12$ by $18$ rectangular region is shaded?

<image1>
OPTIONS:
0: $\frac{1}{108}$
1: $\frac{1}{18}$
2: $\frac{1}{12}$
3: $\frac{2}{9}$
4: $\frac{1}{3}$

Answer with the correct option from 0 to 4. Only provide the numeric and nothing else 

Answer: 
assistant
3",3,2,3
612,1397,"user
 QUESTION: If $ \angle\text{CBD} $ is a right angle, then this protractor indicates that the measure of $ \angle\text{ABC} $ is approximately

<image1>
OPTIONS:
0: $20^\circ$
1: $40^\circ$
2: $50^\circ$
3: $70^\circ$
4: $120^\circ$

Answer with the correct option from 0 to 4. Only provide the numeric and nothing else 

Answer: 
assistant
3",3,1,5,"user
 QUESTION: If $ \angle\text{CBD} $ is a right angle, then this protractor indicates that the measure of $ \angle\text{ABC} $ is approximately

<image1>
OPTIONS:
0: $20^\circ$
1: $40^\circ$
2: $50^\circ$
3: $70^\circ$
4: $120^\circ$

Answer with the correct option from 0 to 4. Only provide the numeric and nothing else 

Answer: 
assistant
2",2,1,5
613,1398,"user
 QUESTION: The shaded region formed by the two intersecting perpendicular rectangles, in square units, is

<image1>
OPTIONS:
0: $23$
1: $38$
2: $44$
3: $46$
4: $\text{unable to be determined from the information given}$

Answer with the correct option from 0 to 4. Only provide the numeric and nothing else 

Answer: 
assistant
3",3,2,3,"user
 QUESTION: The shaded region formed by the two intersecting perpendicular rectangles, in square units, is

<image1>
OPTIONS:
0: $23$
1: $38$
2: $44$
3: $46$
4: $\text{unable to be determined from the information given}$

Answer with the correct option from 0 to 4. Only provide the numeric and nothing else 

Answer: 
assistant
4",4,2,3
614,1399,"user
 QUESTION: <image1>

The square in the first diagram ""rolls"" clockwise around the fixed regular hexagon until it reaches the bottom. In which position will the solid triangle be in diagram $4$?

<image2>
OPTIONS:
0: A
1: B
2: C
3: D
4: E

Answer with the correct option from 0 to 4. Only provide the numeric and nothing else 

Answer: 
assistant
4",4,4,3,"user
 QUESTION: <image1>

The square in the first diagram ""rolls"" clockwise around the fixed regular hexagon until it reaches the bottom. In which position will the solid triangle be in diagram $4$?

<image2>
OPTIONS:
0: A
1: B
2: C
3: D
4: E

Answer with the correct option from 0 to 4. Only provide the numeric and nothing else 

Answer: 
assistant
2",2,4,3
615,1400,"user
 QUESTION: Which of the five ""T-like shapes"" would be symmetric to the one shown with respect to the dashed line?

<image1>
OPTIONS:
0: A
1: B
2: C
3: D
4: E

Answer with the correct option from 0 to 4. Only provide the numeric and nothing else 

Answer: 
assistant
0",0,1,3,"user
 QUESTION: Which of the five ""T-like shapes"" would be symmetric to the one shown with respect to the dashed line?

<image1>
OPTIONS:
0: A
1: B
2: C
3: D
4: E

Answer with the correct option from 0 to 4. Only provide the numeric and nothing else 

Answer: 
assistant
2",2,1,3
616,1401,"user
 QUESTION: Suppose a square piece of paper is folded in half vertically.  The folded paper is then cut in half along the dashed line.  Three rectangles are formed-a large one and two small ones.  What is the ratio of the perimeter of one of the small rectangles to the perimeter of the large rectangle?
<image1>
OPTIONS:
0: $\frac{1}{2}$
1: $\frac{2}{3}$
2: $\frac{3}{4}$
3: $\frac{4}{5}$
4: $\frac{5}{6}$

Answer with the correct option from 0 to 4. Only provide the numeric and nothing else 

Answer: 
assistant
2",2,4,3,"user
 QUESTION: Suppose a square piece of paper is folded in half vertically.  The folded paper is then cut in half along the dashed line.  Three rectangles are formed-a large one and two small ones.  What is the ratio of the perimeter of one of the small rectangles to the perimeter of the large rectangle?
<image1>
OPTIONS:
0: $\frac{1}{2}$
1: $\frac{2}{3}$
2: $\frac{3}{4}$
3: $\frac{4}{5}$
4: $\frac{5}{6}$

Answer with the correct option from 0 to 4. Only provide the numeric and nothing else 

Answer: 
assistant
1",1,4,3
617,1404,"user
 QUESTION: On this monthly calendar, the date behind one of the letters is added to the date behind $C$. If this sum equals the sum of the dates behind $A$ and $B$, then the letter is

<image1>
OPTIONS:
0: $\text{P}$
1: $\text{Q}$
2: $\text{R}$
3: $\text{S}$
4: $\text{T}$

Answer with the correct option from 0 to 4. Only provide the numeric and nothing else 

Answer: 
assistant
3",3,0,4,"user
 QUESTION: On this monthly calendar, the date behind one of the letters is added to the date behind $C$. If this sum equals the sum of the dates behind $A$ and $B$, then the letter is

<image1>
OPTIONS:
0: $\text{P}$
1: $\text{Q}$
2: $\text{R}$
3: $\text{S}$
4: $\text{T}$

Answer with the correct option from 0 to 4. Only provide the numeric and nothing else 

Answer: 
assistant
2",2,0,4
618,1405,"user
 QUESTION: The area of this figure is $ 100\text{ cm}^{2} $. Its perimeter is


<image1>
OPTIONS:
0: $\text{20 cm}$
1: $\text{25 cm}$
2: $\text{30 cm}$
3: $\text{40 cm}$
4: $\text{50 cm}$

Answer with the correct option from 0 to 4. Only provide the numeric and nothing else 

Answer: 
assistant
4",4,4,2,"user
 QUESTION: The area of this figure is $ 100\text{ cm}^{2} $. Its perimeter is


<image1>
OPTIONS:
0: $\text{20 cm}$
1: $\text{25 cm}$
2: $\text{30 cm}$
3: $\text{40 cm}$
4: $\text{50 cm}$

Answer with the correct option from 0 to 4. Only provide the numeric and nothing else 

Answer: 
assistant
3",3,4,2
619,1406,"user
 QUESTION: The graph relates the distance traveled [in miles] to the time elapsed [in hours] on a trip taken by an experimental airplane. During which hour was the average speed of this airplane the largest?

<image1>
OPTIONS:
0: $\text{first (0-1)}$
1: $\text{second (1-2)}$
2: $\text{third (2-3)}$
3: $\text{ninth (8-9)}$
4: $\text{last (11-12)}$

Answer with the correct option from 0 to 4. Only provide the numeric and nothing else 

Answer: 
assistant
1",1,1,2,"user
 QUESTION: The graph relates the distance traveled [in miles] to the time elapsed [in hours] on a trip taken by an experimental airplane. During which hour was the average speed of this airplane the largest?

<image1>
OPTIONS:
0: $\text{first (0-1)}$
1: $\text{second (1-2)}$
2: $\text{third (2-3)}$
3: $\text{ninth (8-9)}$
4: $\text{last (11-12)}$

Answer with the correct option from 0 to 4. Only provide the numeric and nothing else 

Answer: 
assistant
2",2,1,2
620,1413,"user
 QUESTION: The bar graph shows the results of a survey on color preferences.  What percent preferred blue?

<image1>
OPTIONS:
0: $20\%$
1: $24\%$
2: $30\%$
3: $36\%$
4: $42\%$

Answer with the correct option from 0 to 4. Only provide the numeric and nothing else 

Answer: 
assistant
3",3,1,2,"user
 QUESTION: The bar graph shows the results of a survey on color preferences.  What percent preferred blue?

<image1>
OPTIONS:
0: $20\%$
1: $24\%$
2: $30\%$
3: $36\%$
4: $42\%$

Answer with the correct option from 0 to 4. Only provide the numeric and nothing else 

Answer: 
assistant
2",2,1,2
621,1414,"user
 QUESTION: <image1>

Which cylinder has twice the volume of the cylinder shown above?

<image2>
OPTIONS:
0: A
1: B
2: C
3: D
4: None of the above

Answer with the correct option from 0 to 4. Only provide the numeric and nothing else 

Answer: 
assistant
3",3,1,4,"user
 QUESTION: <image1>

Which cylinder has twice the volume of the cylinder shown above?

<image2>
OPTIONS:
0: A
1: B
2: C
3: D
4: None of the above

Answer with the correct option from 0 to 4. Only provide the numeric and nothing else 

Answer: 
assistant
0",0,1,4
622,1415,"user
 QUESTION: Which pattern of identical squares could NOT be folded along the lines shown to form a cube?

<image1>
OPTIONS:
0: A
1: B
2: C
3: D
4: E

Answer with the correct option from 0 to 4. Only provide the numeric and nothing else 

Answer: 
assistant
0",0,3,4,"user
 QUESTION: Which pattern of identical squares could NOT be folded along the lines shown to form a cube?

<image1>
OPTIONS:
0: A
1: B
2: C
3: D
4: E

Answer with the correct option from 0 to 4. Only provide the numeric and nothing else 

Answer: 
assistant
2",2,3,4
623,1416,"user
 QUESTION: Northside's Drum and Bugle Corps raised money for a trip.  The drummers and bugle players kept separate sales records.  According to the double bar graph, in what month did one group's sales exceed the other's by the greatest percent?

<image1>
OPTIONS:
0: $\text{Jan}$
1: $\text{Feb}$
2: $\text{Mar}$
3: $\text{Apr}$
4: $\text{May}$

Answer with the correct option from 0 to 4. Only provide the numeric and nothing else 

Answer: 
assistant
3",3,1,2,"user
 QUESTION: Northside's Drum and Bugle Corps raised money for a trip.  The drummers and bugle players kept separate sales records.  According to the double bar graph, in what month did one group's sales exceed the other's by the greatest percent?

<image1>
OPTIONS:
0: $\text{Jan}$
1: $\text{Feb}$
2: $\text{Mar}$
3: $\text{Apr}$
4: $\text{May}$

Answer with the correct option from 0 to 4. Only provide the numeric and nothing else 

Answer: 
assistant
2",2,1,2
624,1417,"user
 QUESTION: Eight $1\times 1$ square tiles are arranged as shown so their outside edges form a polygon with a perimeter of $14$ units.  Two additional tiles of the same size are added to the figure so that at least one side of each tile is shared with a side of one of the squares in the original figure.  Which of the following could be the perimeter of the new figure?

<image1>
OPTIONS:
0: 15
1: 17
2: 18
3: 19
4: 20

Answer with the correct option from 0 to 4. Only provide the numeric and nothing else 

Answer: 
assistant
19",19,2,4,"user
 QUESTION: Eight $1\times 1$ square tiles are arranged as shown so their outside edges form a polygon with a perimeter of $14$ units.  Two additional tiles of the same size are added to the figure so that at least one side of each tile is shared with a side of one of the squares in the original figure.  Which of the following could be the perimeter of the new figure?

<image1>
OPTIONS:
0: 15
1: 17
2: 18
3: 19
4: 20

Answer with the correct option from 0 to 4. Only provide the numeric and nothing else 

Answer: 
assistant
17",17,2,4
625,1418,"user
 QUESTION: Which one of the following bar graphs could represent the data from the circle graph?
<image1>

<image2>
OPTIONS:
0: A
1: B
2: C
3: D
4: E

Answer with the correct option from 0 to 4. Only provide the numeric and nothing else 

Answer: 
assistant
1",1,2,2,"user
 QUESTION: Which one of the following bar graphs could represent the data from the circle graph?
<image1>

<image2>
OPTIONS:
0: A
1: B
2: C
3: D
4: E

Answer with the correct option from 0 to 4. Only provide the numeric and nothing else 

Answer: 
assistant
2",2,2,2
626,1419,"user
 QUESTION: This line graph represents the price of a trading card during the first $6$ months of $1993$.
<image1>

The greatest monthly drop in price occurred during
OPTIONS:
0: $\text{January}$
1: $\text{March}$
2: $\text{April}$
3: $\text{May}$
4: $\text{June}$

Answer with the correct option from 0 to 4. Only provide the numeric and nothing else 

Answer: 
assistant
1",1,1,2,"user
 QUESTION: This line graph represents the price of a trading card during the first $6$ months of $1993$.
<image1>

The greatest monthly drop in price occurred during
OPTIONS:
0: $\text{January}$
1: $\text{March}$
2: $\text{April}$
3: $\text{May}$
4: $\text{June}$

Answer with the correct option from 0 to 4. Only provide the numeric and nothing else 

Answer: 
assistant
2",2,1,2
627,1420,"user
 QUESTION: Which of the following represents the result when the figure shown below is rotated clockwise $120^\circ$ about its center?
<image1>

<image2>
OPTIONS:
0: A
1: B
2: C
3: D
4: E

Answer with the correct option from 0 to 4. Only provide the numeric and nothing else 

Answer: 
assistant
0",0,1,3,"user
 QUESTION: Which of the following represents the result when the figure shown below is rotated clockwise $120^\circ$ about its center?
<image1>

<image2>
OPTIONS:
0: A
1: B
2: C
3: D
4: E

Answer with the correct option from 0 to 4. Only provide the numeric and nothing else 

Answer: 
assistant
2",2,1,3
628,1424,"user
 QUESTION: Mike leaves home and drives slowly east through city traffic.  When he reaches the highway he drives east more rapidly until he reaches the shopping mall where he stops.  He shops at the mall for an hour.  Mike returns home by the same route as he came, driving west rapidly along the highway and then slowly through city traffic.  Each graph shows the distance from home on the vertical axis versus the time elapsed since leaving home on the horizontal axis.  Which graph is the best representation of Mike's trip?

<image1>
OPTIONS:
0: A
1: B
2: C
3: D
4: E

Answer with the correct option from 0 to 4. Only provide the numeric and nothing else 

Answer: 
assistant
1",1,1,2,"user
 QUESTION: Mike leaves home and drives slowly east through city traffic.  When he reaches the highway he drives east more rapidly until he reaches the shopping mall where he stops.  He shops at the mall for an hour.  Mike returns home by the same route as he came, driving west rapidly along the highway and then slowly through city traffic.  Each graph shows the distance from home on the vertical axis versus the time elapsed since leaving home on the horizontal axis.  Which graph is the best representation of Mike's trip?

<image1>
OPTIONS:
0: A
1: B
2: C
3: D
4: E

Answer with the correct option from 0 to 4. Only provide the numeric and nothing else 

Answer: 
assistant
0",0,1,2
629,1430,"user
 QUESTION: The pie charts below indicate the percent of students who prefer golf, bowling, or tennis at East Junior High School and West Middle School.  The total number of students at East is $2000$ and at West, $2500$.  In the two schools combined, the percent of students who prefer tennis is

<image1>
OPTIONS:
0: $30\%$
1: $31\%$
2: $32\%$
3: $33\%$
4: $34\%$

Answer with the correct option from 0 to 4. Only provide the numeric and nothing else 

Answer: 
assistant
2",2,2,2,"user
 QUESTION: The pie charts below indicate the percent of students who prefer golf, bowling, or tennis at East Junior High School and West Middle School.  The total number of students at East is $2000$ and at West, $2500$.  In the two schools combined, the percent of students who prefer tennis is

<image1>
OPTIONS:
0: $30\%$
1: $31\%$
2: $32\%$
3: $33\%$
4: $34\%$

Answer with the correct option from 0 to 4. Only provide the numeric and nothing else 

Answer: 
assistant
3",3,2,2
630,1431,"user
 QUESTION: The horizontal and vertical distances between adjacent points equal $1$ unit.  The area of triangle $ABC$ is

<image1>
OPTIONS:
0: 1/4
1: 1/2
2: 3/4
3: 1
4: 5/4

Answer with the correct option from 0 to 4. Only provide the numeric and nothing else 

Answer: 
assistant
3",3,1,4,"user
 QUESTION: The horizontal and vertical distances between adjacent points equal $1$ unit.  The area of triangle $ABC$ is

<image1>
OPTIONS:
0: 1/4
1: 1/2
2: 3/4
3: 1
4: 5/4

Answer with the correct option from 0 to 4. Only provide the numeric and nothing else 

Answer: 
assistant
2",2,1,4
631,1437,"user
 QUESTION: Diameter $ACE$ is divided at $C$ in the ratio $2:3$.  The two semicircles, $ABC$ and $CDE$, divide the circular region into an upper (shaded) region and a lower region.  The ratio of the area of the upper region to that of the lower region is

<image1>
OPTIONS:
0: 2:3
1: 1:1
2: 3:2
3: 9:4
4: 5:2

Answer with the correct option from 0 to 4. Only provide the numeric and nothing else 

Answer: 
assistant
2",2,2,3,"user
 QUESTION: Diameter $ACE$ is divided at $C$ in the ratio $2:3$.  The two semicircles, $ABC$ and $CDE$, divide the circular region into an upper (shaded) region and a lower region.  The ratio of the area of the upper region to that of the lower region is

<image1>
OPTIONS:
0: 2:3
1: 1:1
2: 3:2
3: 9:4
4: 5:2

Answer with the correct option from 0 to 4. Only provide the numeric and nothing else 

Answer: 
assistant
3",3,2,3
632,1438,"user
 QUESTION: What is the ratio of the area of the shaded square to the area of the large square? (The figure is drawn to scale)

<image1>
OPTIONS:
0: $\frac{1}{6}$
1: $\frac{1}{7}$
2: $\frac{1}{8}$
3: $\frac{1}{12}$
4: $\frac{1}{16}$

Answer with the correct option from 0 to 4. Only provide the numeric and nothing else 

Answer: 
assistant
1",1,2,3,"user
 QUESTION: What is the ratio of the area of the shaded square to the area of the large square? (The figure is drawn to scale)

<image1>
OPTIONS:
0: $\frac{1}{6}$
1: $\frac{1}{7}$
2: $\frac{1}{8}$
3: $\frac{1}{12}$
4: $\frac{1}{16}$

Answer with the correct option from 0 to 4. Only provide the numeric and nothing else 

Answer: 
assistant
2",2,2,3
633,1440,"user
 QUESTION: If the pattern in the diagram continues, what fraction of the interior would be shaded in the eighth triangle?

<image1>
OPTIONS:
0: $\frac{3}{8}$
1: $\frac{5}{27}$
2: $\frac{7}{16}$
3: $\frac{9}{16}$
4: $\frac{11}{45}$

Answer with the correct option from 0 to 4. Only provide the numeric and nothing else 

Answer: 
assistant
4",4,2,4,"user
 QUESTION: If the pattern in the diagram continues, what fraction of the interior would be shaded in the eighth triangle?

<image1>
OPTIONS:
0: $\frac{3}{8}$
1: $\frac{5}{27}$
2: $\frac{7}{16}$
3: $\frac{9}{16}$
4: $\frac{11}{45}$

Answer with the correct option from 0 to 4. Only provide the numeric and nothing else 

Answer: 
assistant
1",1,2,4
634,1441,"user
 QUESTION: Six squares are colored, front and back, (R = red, B = blue, O = orange, Y = yellow, G = green, and W = white). They are hinged together as shown, then folded to form a cube. The face opposite the white face is

<image1>
OPTIONS:
0: $\text{B}$
1: $\text{G}$
2: $\text{O}$
3: $\text{R}$
4: $\text{Y}$

Answer with the correct option from 0 to 4. Only provide the numeric and nothing else 

Answer: 
assistant
0",0,0,4,"user
 QUESTION: Six squares are colored, front and back, (R = red, B = blue, O = orange, Y = yellow, G = green, and W = white). They are hinged together as shown, then folded to form a cube. The face opposite the white face is

<image1>
OPTIONS:
0: $\text{B}$
1: $\text{G}$
2: $\text{O}$
3: $\text{R}$
4: $\text{Y}$

Answer with the correct option from 0 to 4. Only provide the numeric and nothing else 

Answer: 
assistant
4",4,0,4
635,1442,"user
 QUESTION: Figure 1 is called a ""stack map."" The numbers tell how many cubes are stacked in each position. Fig. 2 shows these cubes, and Fig. 3 shows the view of the stacked cubes as seen from the front.

Which of the following is the front view for the stack map in Fig. 4?
<image1>

<image2>
OPTIONS:
0: A
1: B
2: C
3: D
4: E

Answer with the correct option from 0 to 4. Only provide the numeric and nothing else 

Answer: 
assistant
4",4,1,4,"user
 QUESTION: Figure 1 is called a ""stack map."" The numbers tell how many cubes are stacked in each position. Fig. 2 shows these cubes, and Fig. 3 shows the view of the stacked cubes as seen from the front.

Which of the following is the front view for the stack map in Fig. 4?
<image1>

<image2>
OPTIONS:
0: A
1: B
2: C
3: D
4: E

Answer with the correct option from 0 to 4. Only provide the numeric and nothing else 

Answer: 
assistant
2",2,1,4
636,1449,"user
 QUESTION: A square piece of paper, 4 inches on a side, is folded in half vertically. Both layers are then cut in half parallel to the fold. Three new rectangles are formed, a large one and two small ones. What is the ratio of the perimeter of one of the small rectangles to the perimeter of the large rectangle?
<image1>
OPTIONS:
0: $\frac{1}{3}$
1: $\frac{1}{2}$
2: $\frac{3}{4}$
3: $\frac{4}{5}$
4: $\frac{5}{6}$

Answer with the correct option from 0 to 4. Only provide the numeric and nothing else 

Answer: 
assistant
2",2,4,3,"user
 QUESTION: A square piece of paper, 4 inches on a side, is folded in half vertically. Both layers are then cut in half parallel to the fold. Three new rectangles are formed, a large one and two small ones. What is the ratio of the perimeter of one of the small rectangles to the perimeter of the large rectangle?
<image1>
OPTIONS:
0: $\frac{1}{3}$
1: $\frac{1}{2}$
2: $\frac{3}{4}$
3: $\frac{4}{5}$
4: $\frac{5}{6}$

Answer with the correct option from 0 to 4. Only provide the numeric and nothing else 

Answer: 
assistant
1",1,4,3
637,1450,"user
 QUESTION: Car M traveled at a constant speed for a given time. This is shown by the dashed line. Car N traveled at twice the speed for the same distance. If Car N's speed and time are shown as solid line, which graph illustrates this?

<image1>
OPTIONS:
0: A
1: B
2: C
3: D
4: E

Answer with the correct option from 0 to 4. Only provide the numeric and nothing else 

Answer: 
assistant
4",4,3,2,"user
 QUESTION: Car M traveled at a constant speed for a given time. This is shown by the dashed line. Car N traveled at twice the speed for the same distance. If Car N's speed and time are shown as solid line, which graph illustrates this?

<image1>
OPTIONS:
0: A
1: B
2: C
3: D
4: E

Answer with the correct option from 0 to 4. Only provide the numeric and nothing else 

Answer: 
assistant
2",2,3,2
638,1451,"user
 QUESTION: A birdbath is designed to overflow so that it will be self-cleaning. Water flows in at the rate of 20 milliliters per minute and drains at the rate of 18 milliliters per minute. One of these graphs shows the volume of water in the birdbath during the filling time and continuing into the overflow time. Which one is it?

<image1>
OPTIONS:
0: $\text{A}$
1: $\text{B}$
2: $\text{C}$
3: $\text{D}$
4: $\text{E}$

Answer with the correct option from 0 to 4. Only provide the numeric and nothing else 

Answer: 
assistant
0",0,0,2,"user
 QUESTION: A birdbath is designed to overflow so that it will be self-cleaning. Water flows in at the rate of 20 milliliters per minute and drains at the rate of 18 milliliters per minute. One of these graphs shows the volume of water in the birdbath during the filling time and continuing into the overflow time. Which one is it?

<image1>
OPTIONS:
0: $\text{A}$
1: $\text{B}$
2: $\text{C}$
3: $\text{D}$
4: $\text{E}$

Answer with the correct option from 0 to 4. Only provide the numeric and nothing else 

Answer: 
assistant
2",2,0,2
639,1453,"user
 QUESTION: $\textbf{Juan's Old Stamping Grounds}$
Juan organizes the stamps in his collection by country and by the decade in which they were issued.  The prices he paid for them at a stamp shop were: Brazil and France, 6 cents each, Peru 4 cents each, and Spain 5 cents each.  (Brazil and Peru are South American countries and France and Spain are in Europe.)
<image1>

The average price of his '70s stamps is closest to
OPTIONS:
0: $3.5 \text{ cents}$
1: $4 \text{ cents}$
2: $4.5 \text{ cents}$
3: $5 \text{ cents}$
4: $5.5 \text{ cents}$

Answer with the correct option from 0 to 4. Only provide the numeric and nothing else 

Answer: 
assistant
3",3,4,2,"user
 QUESTION: $\textbf{Juan's Old Stamping Grounds}$
Juan organizes the stamps in his collection by country and by the decade in which they were issued.  The prices he paid for them at a stamp shop were: Brazil and France, 6 cents each, Peru 4 cents each, and Spain 5 cents each.  (Brazil and Peru are South American countries and France and Spain are in Europe.)
<image1>

The average price of his '70s stamps is closest to
OPTIONS:
0: $3.5 \text{ cents}$
1: $4 \text{ cents}$
2: $4.5 \text{ cents}$
3: $5 \text{ cents}$
4: $5.5 \text{ cents}$

Answer with the correct option from 0 to 4. Only provide the numeric and nothing else 

Answer: 
assistant
2",2,4,2
640,1454,"user
 QUESTION: Which of the following polygons has the largest area?

<image1>
OPTIONS:
0: $\text{A}$
1: $\text{B}$
2: $\text{C}$
3: $\text{D}$
4: $\text{E}$

Answer with the correct option from 0 to 4. Only provide the numeric and nothing else 

Answer: 
assistant
0",0,4,4,"user
 QUESTION: Which of the following polygons has the largest area?

<image1>
OPTIONS:
0: $\text{A}$
1: $\text{B}$
2: $\text{C}$
3: $\text{D}$
4: $\text{E}$

Answer with the correct option from 0 to 4. Only provide the numeric and nothing else 

Answer: 
assistant
2",2,4,4
641,1455,"user
 QUESTION: Right isosceles triangles are constructed on the sides of a 3-4-5 right triangle, as shown.  A capital letter represents the area of each triangle.  Which one of the following is true?

<image1>
OPTIONS:
0: $X+Z=W+Y$
1: $W+X=Z$
2: $3X+4Y=5Z$
3: $X+W=\frac{1}{2}(Y+Z)$
4: $X+Y=Z$

Answer with the correct option from 0 to 4. Only provide the numeric and nothing else 

Answer: 
assistant
0",0,4,3,"user
 QUESTION: Right isosceles triangles are constructed on the sides of a 3-4-5 right triangle, as shown.  A capital letter represents the area of each triangle.  Which one of the following is true?

<image1>
OPTIONS:
0: $X+Z=W+Y$
1: $W+X=Z$
2: $3X+4Y=5Z$
3: $X+W=\frac{1}{2}(Y+Z)$
4: $X+Y=Z$

Answer with the correct option from 0 to 4. Only provide the numeric and nothing else 

Answer: 
assistant
4",4,4,3
642,1457,"user
 QUESTION: A portion of a corner of a tiled floor is shown.  If the entire floor is tiled in this way and each of the four corners  looks like this one, then what fraction of the tiled floor is made of darker tiles?

<image1>
OPTIONS:
0: $\frac{1}{3}$
1: $\frac{4}{9}$
2: $\frac{1}{2}$
3: $\frac{5}{9}$
4: $\frac{5}{8}$

Answer with the correct option from 0 to 4. Only provide the numeric and nothing else 

Answer: 
assistant
3",3,1,4,"user
 QUESTION: A portion of a corner of a tiled floor is shown.  If the entire floor is tiled in this way and each of the four corners  looks like this one, then what fraction of the tiled floor is made of darker tiles?

<image1>
OPTIONS:
0: $\frac{1}{3}$
1: $\frac{4}{9}$
2: $\frac{1}{2}$
3: $\frac{5}{9}$
4: $\frac{5}{8}$

Answer with the correct option from 0 to 4. Only provide the numeric and nothing else 

Answer: 
assistant
1",1,1,4
643,1459,"user
 QUESTION: The following figures are composed of squares and circles. Which figure has a shaded region with largest area?
<image1>
OPTIONS:
0: $\text{A only}$
1: $\text{B only}$
2: $\text{C only}$
3: $\text{both A and B}$
4: $\text{all are equal}$

Answer with the correct option from 0 to 4. Only provide the numeric and nothing else 

Answer: 
assistant
0",0,2,3,"user
 QUESTION: The following figures are composed of squares and circles. Which figure has a shaded region with largest area?
<image1>
OPTIONS:
0: $\text{A only}$
1: $\text{B only}$
2: $\text{C only}$
3: $\text{both A and B}$
4: $\text{all are equal}$

Answer with the correct option from 0 to 4. Only provide the numeric and nothing else 

Answer: 
assistant
3",3,2,3
644,1460,"user
 QUESTION: In the pattern below, the cat (denoted as a large circle in the figures below) moves clockwise through the four squares  and the mouse (denoted as a dot in the figures below) moves counterclockwise through the eight exterior segments of the four squares.
<image1>

If the pattern is continued, where would the cat and mouse be after the 247th move?
OPTIONS:
0: <image2>
1: <image3>
2: <image4>
3: <image5>
4: <image6>

Answer with the correct option from 0 to 4. Only provide the numeric and nothing else 

Answer: 
assistant
0",0,0,3,"user
 QUESTION: In the pattern below, the cat (denoted as a large circle in the figures below) moves clockwise through the four squares  and the mouse (denoted as a dot in the figures below) moves counterclockwise through the eight exterior segments of the four squares.
<image1>

If the pattern is continued, where would the cat and mouse be after the 247th move?
OPTIONS:
0: <image2>
1: <image3>
2: <image4>
3: <image5>
4: <image6>

Answer with the correct option from 0 to 4. Only provide the numeric and nothing else 

Answer: 
assistant
3",3,0,3
645,1461,"user
 QUESTION: A ship travels from point A to point B along a semicircular path, centered at Island X. Then it travels along a straight path from B to C. Which of these graphs best shows the ship's distance from Island X as it moves along its course?

<image1>
OPTIONS:
0: <image2>
1: <image3>
2: <image4>
3: <image5>
4: <image6>

Answer with the correct option from 0 to 4. Only provide the numeric and nothing else 

Answer: 
assistant
1",1,1,2,"user
 QUESTION: A ship travels from point A to point B along a semicircular path, centered at Island X. Then it travels along a straight path from B to C. Which of these graphs best shows the ship's distance from Island X as it moves along its course?

<image1>
OPTIONS:
0: <image2>
1: <image3>
2: <image4>
3: <image5>
4: <image6>

Answer with the correct option from 0 to 4. Only provide the numeric and nothing else 

Answer: 
assistant
2",2,1,2
646,1465,"user
 QUESTION: Tess runs counterclockwise around rectangular block JKLM. She lives at corner J. Which graph could represent her straight-line distance from home?

<image1>
OPTIONS:
0: <image2>
1: <image3>
2: <image4>
3: <image5>
4: <image6>

Answer with the correct option from 0 to 4. Only provide the numeric and nothing else 

Answer: 
assistant
4",4,3,2,"user
 QUESTION: Tess runs counterclockwise around rectangular block JKLM. She lives at corner J. Which graph could represent her straight-line distance from home?

<image1>
OPTIONS:
0: <image2>
1: <image3>
2: <image4>
3: <image5>
4: <image6>

Answer with the correct option from 0 to 4. Only provide the numeric and nothing else 

Answer: 
assistant
0",0,3,2
647,1466,"user
 QUESTION: Two $4\times 4$ squares intersect at right angles, bisecting their intersecting sides, as shown. The circle's diameter is the segment between the two points of intersection. What is the area of the shaded region created by removing the circle from the squares?

<image1>
OPTIONS:
0: $16-4\pi$
1: $16-2\pi$
2: $28-4\pi$
3: $28-2\pi$
4: $32-2\pi$

Answer with the correct option from 0 to 4. Only provide the numeric and nothing else 

Answer: 
assistant
2",2,3,3,"user
 QUESTION: Two $4\times 4$ squares intersect at right angles, bisecting their intersecting sides, as shown. The circle's diameter is the segment between the two points of intersection. What is the area of the shaded region created by removing the circle from the squares?

<image1>
OPTIONS:
0: $16-4\pi$
1: $16-2\pi$
2: $28-4\pi$
3: $28-2\pi$
4: $32-2\pi$

Answer with the correct option from 0 to 4. Only provide the numeric and nothing else 

Answer: 
assistant
1",1,3,3
648,1471,"user
 QUESTION: Jorge's teacher asks him to plot all the ordered pairs $ (w, l)$ of positive integers for which $ w$ is the width and $ l$ is the length of a rectangle with area 12. What should his graph look like?
OPTIONS:
0: <image1>
1: <image2>
2: <image3>
3: <image4>
4: <image5>

Answer with the correct option from 0 to 4. Only provide the numeric and nothing else 

Answer: 
assistant
2",2,0,3,"user
 QUESTION: Jorge's teacher asks him to plot all the ordered pairs $ (w, l)$ of positive integers for which $ w$ is the width and $ l$ is the length of a rectangle with area 12. What should his graph look like?
OPTIONS:
0: <image1>
1: <image2>
2: <image3>
3: <image4>
4: <image5>

Answer with the correct option from 0 to 4. Only provide the numeric and nothing else 

Answer: 
assistant
0",0,0,3
649,1477,"user
 QUESTION: Amanda Reckonwith draws five circles with radii 1, 2, 3, 4 and 5. Then for each circle she plots the point (C; A), where C is its circumference and A is its area. Which of the following could be her graph?
OPTIONS:
0: <image1>
1: <image2>
2: <image3>
3: <image4>
4: <image5>

Answer with the correct option from 0 to 4. Only provide the numeric and nothing else 

Answer: 
assistant
4",4,0,2,"user
 QUESTION: Amanda Reckonwith draws five circles with radii 1, 2, 3, 4 and 5. Then for each circle she plots the point (C; A), where C is its circumference and A is its area. Which of the following could be her graph?
OPTIONS:
0: <image1>
1: <image2>
2: <image3>
3: <image4>
4: <image5>

Answer with the correct option from 0 to 4. Only provide the numeric and nothing else 

Answer: 
assistant
1",1,0,2
650,1487,"user
 QUESTION: The five pieces shown below can be arranged to form four of the five figures shown in the choices. Which figure cannot be formed?
<image1>

<image2>
OPTIONS:
0: A
1: B
2: C
3: D
4: E

Answer with the correct option from 0 to 4. Only provide the numeric and nothing else 

Answer: 
assistant
0",0,1,4,"user
 QUESTION: The five pieces shown below can be arranged to form four of the five figures shown in the choices. Which figure cannot be formed?
<image1>

<image2>
OPTIONS:
0: A
1: B
2: C
3: D
4: E

Answer with the correct option from 0 to 4. Only provide the numeric and nothing else 

Answer: 
assistant
4",4,1,4
651,1490,"user
 QUESTION: The diagram shows an octagon consisting of $10$ unit squares. The portion below $\overline{PQ}$ is a unit square and a triangle with base $5$. If $\overline{PQ}$ bisects the area of the octagon, what is the ratio $\frac{XQ}{QY}$?

<image1>
OPTIONS:
0: $\frac{2}{5}$
1: $\frac{1}{2}$
2: $\frac{3}{5}$
3: $\frac{2}{3}$
4: $\frac{3}{4}$

Answer with the correct option from 0 to 4. Only provide the numeric and nothing else 

Answer: 
assistant
3",3,3,4,"user
 QUESTION: The diagram shows an octagon consisting of $10$ unit squares. The portion below $\overline{PQ}$ is a unit square and a triangle with base $5$. If $\overline{PQ}$ bisects the area of the octagon, what is the ratio $\frac{XQ}{QY}$?

<image1>
OPTIONS:
0: $\frac{2}{5}$
1: $\frac{1}{2}$
2: $\frac{3}{5}$
3: $\frac{2}{3}$
4: $\frac{3}{4}$

Answer with the correct option from 0 to 4. Only provide the numeric and nothing else 

Answer: 
assistant
2",2,3,4
652,1493,"user
 QUESTION: Semicircles $POQ$ and $ROS$ pass through the center of circle $O$. What is the ratio of the combined areas of the two semicircles to the area of circle $O$?
<image1>
OPTIONS:
0: $\frac{\sqrt{2}}{4}$
1: $\frac{1}{2}$
2: $\frac{2}{\pi}$
3: $\frac{2}{3}$
4: $\frac{\sqrt{2}}{2}$

Answer with the correct option from 0 to 4. Only provide the numeric and nothing else 

Answer: 
assistant
2",2,1,3,"user
 QUESTION: Semicircles $POQ$ and $ROS$ pass through the center of circle $O$. What is the ratio of the combined areas of the two semicircles to the area of circle $O$?
<image1>
OPTIONS:
0: $\frac{\sqrt{2}}{4}$
1: $\frac{1}{2}$
2: $\frac{2}{\pi}$
3: $\frac{2}{3}$
4: $\frac{\sqrt{2}}{2}$

Answer with the correct option from 0 to 4. Only provide the numeric and nothing else 

Answer: 
assistant
1",1,1,3
653,1504,"user
 QUESTION: In the given figure hexagon $ABCDEF$ is equiangular, $ABJI$ and $FEHG$ are squares with areas $18$ and $32$ respectively, $\triangle JBK$ is equilateral and $FE=BC$. What is the area of $\triangle KBC$?
<image1>
OPTIONS:
0: $6\sqrt{2}$
1: $9$
2: $12$
3: $9\sqrt{2}$
4: $32$

Answer with the correct option from 0 to 4. Only provide the numeric and nothing else 

Answer: 
assistant
3",3,2,3,"user
 QUESTION: In the given figure hexagon $ABCDEF$ is equiangular, $ABJI$ and $FEHG$ are squares with areas $18$ and $32$ respectively, $\triangle JBK$ is equilateral and $FE=BC$. What is the area of $\triangle KBC$?
<image1>
OPTIONS:
0: $6\sqrt{2}$
1: $9$
2: $12$
3: $9\sqrt{2}$
4: $32$

Answer with the correct option from 0 to 4. Only provide the numeric and nothing else 

Answer: 
assistant
2",2,2,3
654,1505,"user
 QUESTION: One-inch squares are cut from the corners of this 5 inch square.  What is the area in square inches of the largest square that can be fitted into the remaining space?
<image1>
OPTIONS:
0: $9$
1: $12\frac{1}{2}$
2: $15$
3: $15\frac{1}{2}$
4: $17$

Answer with the correct option from 0 to 4. Only provide the numeric and nothing else 

Answer: 
assistant
2",2,2,3,"user
 QUESTION: One-inch squares are cut from the corners of this 5 inch square.  What is the area in square inches of the largest square that can be fitted into the remaining space?
<image1>
OPTIONS:
0: $9$
1: $12\frac{1}{2}$
2: $15$
3: $15\frac{1}{2}$
4: $17$

Answer with the correct option from 0 to 4. Only provide the numeric and nothing else 

Answer: 
assistant
1",1,2,3
655,1515,"user
 QUESTION: A tortoise challenges a hare to a race. The hare eagerly agrees and quickly runs ahead, leaving the slow-moving tortoise behind. Confident that he will win, the hare stops to take a nap. Meanwhile, the tortoise walks at a slow steady pace for the entire race. The hare awakes and runs to the finish line, only to find the tortoise already there. Which of the following graphs matches the description of the race, showing the distance $d$ traveled by the two animals over time $t$ from start to finish?$\phantom{h}$

<image1>
OPTIONS:
0: A
1: B
2: C
3: D
4: E

Answer with the correct option from 0 to 4. Only provide the numeric and nothing else 

Answer: 
assistant
4",4,1,2,"user
 QUESTION: A tortoise challenges a hare to a race. The hare eagerly agrees and quickly runs ahead, leaving the slow-moving tortoise behind. Confident that he will win, the hare stops to take a nap. Meanwhile, the tortoise walks at a slow steady pace for the entire race. The hare awakes and runs to the finish line, only to find the tortoise already there. Which of the following graphs matches the description of the race, showing the distance $d$ traveled by the two animals over time $t$ from start to finish?$\phantom{h}$

<image1>
OPTIONS:
0: A
1: B
2: C
3: D
4: E

Answer with the correct option from 0 to 4. Only provide the numeric and nothing else 

Answer: 
assistant
2",2,1,2
656,1518,"user
 QUESTION: The faces of a cube are painted in six different colors: red (R), white (W), green (G), brown (B), aqua (A), and purple (P). Three views of the cube are shown below. What is the color of the face opposite the aqua face?
<image1>
OPTIONS:
0: $\text{red}$
1: $\text{white}$
2: $\text{green}$
3: $\text{brown}$
4: $\text{purple}
$

Answer with the correct option from 0 to 4. Only provide the numeric and nothing else 

Answer: 
assistant
0",0,0,4,"user
 QUESTION: The faces of a cube are painted in six different colors: red (R), white (W), green (G), brown (B), aqua (A), and purple (P). Three views of the cube are shown below. What is the color of the face opposite the aqua face?
<image1>
OPTIONS:
0: $\text{red}$
1: $\text{white}$
2: $\text{green}$
3: $\text{brown}$
4: $\text{purple}
$

Answer with the correct option from 0 to 4. Only provide the numeric and nothing else 

Answer: 
assistant
3",3,0,4
657,1520,"user
 QUESTION: When a positive integer $N$ is fed into a machine, the output is a number calculated according to the rule shown below.
<image1>

For example, starting with an input of $N = 7$, the machine will output $3 \cdot 7 + 1 = 22$. Then if the output is repeatedly inserted into the machine five more times, the final output is $26$. $$ 7 \to 22 \to 11 \to 34  \to 17 \to 52 \to 26$$When the same 6-step process is applied to a different starting value of $N$, the final output is $1$. What is the sum of all such integers $N$? $$ N \to \_\_ \to \_\_ \to \_\_  \to \_\_ \to \_\_  \to 1$$
OPTIONS:
0: 73
1: 74
2: 75
3: 82
4: 83

Answer with the correct option from 0 to 4. Only provide the numeric and nothing else 

Answer: 
assistant
0",0,4,5,"user
 QUESTION: When a positive integer $N$ is fed into a machine, the output is a number calculated according to the rule shown below.
<image1>

For example, starting with an input of $N = 7$, the machine will output $3 \cdot 7 + 1 = 22$. Then if the output is repeatedly inserted into the machine five more times, the final output is $26$. $$ 7 \to 22 \to 11 \to 34  \to 17 \to 52 \to 26$$When the same 6-step process is applied to a different starting value of $N$, the final output is $1$. What is the sum of all such integers $N$? $$ N \to \_\_ \to \_\_ \to \_\_  \to \_\_ \to \_\_  \to 1$$
OPTIONS:
0: 73
1: 74
2: 75
3: 82
4: 83

Answer with the correct option from 0 to 4. Only provide the numeric and nothing else 

Answer: 
assistant
2",2,4,5
658,1521,"user
 QUESTION: A large square region is paved with $n^2$ gray square tiles, each measuring $s$ inches on a side. A border $d$ inches wide surrounds each tile. The figure below shows the case for $n = 3$. When $n = 24$, the $576$ gray tiles cover $64\%$ of the area of the large square region. What is the ratio $\frac{d}{s}$ for this larger value of $n$?

<image1>
OPTIONS:
0: $\frac{6}{25}$
1: $\frac{1}{4}$
2: $\frac{9}{25}$
3: $\frac{7}{16}$
4: $\frac{9}{16}$

Answer with the correct option from 0 to 4. Only provide the numeric and nothing else 

Answer: 
assistant
4",4,0,3,"user
 QUESTION: A large square region is paved with $n^2$ gray square tiles, each measuring $s$ inches on a side. A border $d$ inches wide surrounds each tile. The figure below shows the case for $n = 3$. When $n = 24$, the $576$ gray tiles cover $64\%$ of the area of the large square region. What is the ratio $\frac{d}{s}$ for this larger value of $n$?

<image1>
OPTIONS:
0: $\frac{6}{25}$
1: $\frac{1}{4}$
2: $\frac{9}{25}$
3: $\frac{7}{16}$
4: $\frac{9}{16}$

Answer with the correct option from 0 to 4. Only provide the numeric and nothing else 

Answer: 
assistant
2",2,0,3
659,1522,"user
 QUESTION: The letter M in the figure below is first reflected over the line $q$ and then reflected over the line $p$. What is the resulting image?
<image1>

<image2>
OPTIONS:
0: A
1: B
2: C
3: D
4: E

Answer with the correct option from 0 to 4. Only provide the numeric and nothing else 

Answer: 
assistant
1",1,4,3,"user
 QUESTION: The letter M in the figure below is first reflected over the line $q$ and then reflected over the line $p$. What is the resulting image?
<image1>

<image2>
OPTIONS:
0: A
1: B
2: C
3: D
4: E

Answer with the correct option from 0 to 4. Only provide the numeric and nothing else 

Answer: 
assistant
2",2,4,3
660,1523,"user
 QUESTION: One sunny day, Ling decided to take a hike in the mountains. She left her house at $8 \, \textsc{am}$, drove at a constant speed of $45$ miles per hour, and arrived at the hiking trail at $10 \, \textsc{am}$. After hiking for $3$ hours, Ling drove home at a constant speed of $60$ miles per hour. Which of the following graphs best illustrates the distance between Ling's car and her house over the course of her trip?

<image1>
OPTIONS:
0: A
1: B
2: C
3: D
4: E

Answer with the correct option from 0 to 4. Only provide the numeric and nothing else 

Answer: 
assistant
0",0,4,2,"user
 QUESTION: One sunny day, Ling decided to take a hike in the mountains. She left her house at $8 \, \textsc{am}$, drove at a constant speed of $45$ miles per hour, and arrived at the hiking trail at $10 \, \textsc{am}$. After hiking for $3$ hours, Ling drove home at a constant speed of $60$ miles per hour. Which of the following graphs best illustrates the distance between Ling's car and her house over the course of her trip?

<image1>
OPTIONS:
0: A
1: B
2: C
3: D
4: E

Answer with the correct option from 0 to 4. Only provide the numeric and nothing else 

Answer: 
assistant
2",2,4,2
661,1525,"user
 QUESTION: A square piece of paper is folded twice into four equal quarters, as shown below, then cut along the dashed line. When unfolded, the paper will match which of the following figures?
<image1>
<image2>
OPTIONS:
0: A
1: B
2: C
3: D
4: E

Answer with the correct option from 0 to 4. Only provide the numeric and nothing else 

Answer: 
assistant
0",0,4,3,"user
 QUESTION: A square piece of paper is folded twice into four equal quarters, as shown below, then cut along the dashed line. When unfolded, the paper will match which of the following figures?
<image1>
<image2>
OPTIONS:
0: A
1: B
2: C
3: D
4: E

Answer with the correct option from 0 to 4. Only provide the numeric and nothing else 

Answer: 
assistant
2",2,4,3
662,1526,"user
 QUESTION: The figure below shows a large white circle with a number of smaller white and shaded circles in its interior. What fraction of the interior of the large white circle is shaded?
<image1>
OPTIONS:
0: $\frac{1}{4}$
1: $\frac{11}{36}$
2: $\frac{1}{3}$
3: $\frac{19}{36}$
4: $\frac{5}{9}$

Answer with the correct option from 0 to 4. Only provide the numeric and nothing else 

Answer: 
assistant
3",3,1,3,"user
 QUESTION: The figure below shows a large white circle with a number of smaller white and shaded circles in its interior. What fraction of the interior of the large white circle is shaded?
<image1>
OPTIONS:
0: $\frac{1}{4}$
1: $\frac{11}{36}$
2: $\frac{1}{3}$
3: $\frac{19}{36}$
4: $\frac{5}{9}$

Answer with the correct option from 0 to 4. Only provide the numeric and nothing else 

Answer: 
assistant
1",1,1,3
663,1527,"user
 QUESTION: The letters $P$, $Q$, and $R$ are entered in a $20\times 20$ grid according to the pattern shown below. How many $P$s, $Q$s, and $R$s will appear in the completed table?

<image1>
OPTIONS:
0: $132~\text{Ps}, 134~\text{Qs}, 134~\text{Rs}$
1: $133~\text{Ps}, 133~\text{Qs}, 134~\text{Rs}$
2: $133~\text{Ps}, 134~\text{Qs}, 133~\text{Rs}$
3: $134~\text{Ps}, 132~\text{Qs}, 134~\text{Rs}$
4: $134~\text{Ps}, 133~\text{Qs}, 133~\text{Rs}$

Answer with the correct option from 0 to 4. Only provide the numeric and nothing else 

Answer: 
assistant
2",2,2,4,"user
 QUESTION: The letters $P$, $Q$, and $R$ are entered in a $20\times 20$ grid according to the pattern shown below. How many $P$s, $Q$s, and $R$s will appear in the completed table?

<image1>
OPTIONS:
0: $132~\text{Ps}, 134~\text{Qs}, 134~\text{Rs}$
1: $133~\text{Ps}, 133~\text{Qs}, 134~\text{Rs}$
2: $133~\text{Ps}, 134~\text{Qs}, 133~\text{Rs}$
3: $134~\text{Ps}, 132~\text{Qs}, 134~\text{Rs}$
4: $134~\text{Ps}, 133~\text{Qs}, 133~\text{Rs}$

Answer with the correct option from 0 to 4. Only provide the numeric and nothing else 

Answer: 
assistant
4",4,2,4
